# Blender 4.4.3
# www.blender.org
mtllib base_h.mtl
o base_h
v -0.310206 2.060289 -0.090625
v -0.310206 2.060289 0.090625
v -0.336918 1.944583 -0.090625
v -0.336918 1.944583 0.090625
v -0.304116 2.058883 0.090625
v -0.304116 2.058883 -0.090625
v -0.330829 1.943177 0.090625
v -0.330829 1.943177 -0.090625
v -0.257450 1.875716 -0.301027
v -0.232605 1.893142 -0.369613
v -0.256908 1.836299 -0.310846
v -0.232062 1.853726 -0.379431
v -0.279777 1.896535 -0.385839
v -0.304622 1.879108 -0.317253
v -0.279234 1.857118 -0.395658
v -0.304080 1.839692 -0.327072
v -0.101477 2.016347 -0.452970
v -0.120656 2.032800 -0.434584
v -0.121959 1.992746 -0.453216
v -0.141139 2.009199 -0.434831
v -0.106901 2.020598 -0.409316
v -0.087722 2.004145 -0.427701
v -0.127384 1.996998 -0.409563
v -0.108204 1.980545 -0.427948
v 0.368750 1.937500 0.162500
v 0.368750 1.937500 -0.200000
v 0.368750 1.825000 0.162500
v 0.368750 1.825000 -0.200000
v 0.293750 1.937500 -0.200000
v 0.293750 1.937500 0.162500
v 0.293750 1.825000 -0.200000
v 0.293750 1.825000 0.162500
v 0.363164 1.936736 -0.202353
v 0.355043 1.884381 -0.322434
v 0.366385 1.845038 -0.162590
v 0.358264 1.792683 -0.282671
v 0.286460 1.884046 -0.317650
v 0.294581 1.936402 -0.197569
v 0.289681 1.792348 -0.277887
v 0.297802 1.844704 -0.157806
v 0.294216 1.711610 0.306408
v 0.366571 1.924424 0.170830
v 0.294216 1.644447 0.200984
v 0.366571 1.857261 0.065407
v 0.306492 1.938953 0.161574
v 0.234137 1.726139 0.297152
v 0.306492 1.871791 0.056150
v 0.234137 1.658977 0.191728
v 0.283886 1.781398 0.337354
v 0.337071 1.892938 0.200518
v 0.274103 1.711026 0.276189
v 0.327288 1.822567 0.139353
v 0.292455 1.905391 0.193328
v 0.239271 1.793850 0.330164
v 0.282673 1.835019 0.132162
v 0.229488 1.723478 0.268999
v -0.287500 1.937500 0.162500
v -0.287500 1.937500 -0.200000
v -0.287500 1.825000 0.162500
v -0.287500 1.825000 -0.200000
v -0.368750 1.937500 -0.200000
v -0.368750 1.937500 0.162500
v -0.368750 1.825000 -0.200000
v -0.368750 1.825000 0.162500
v -0.306469 1.869271 0.052346
v -0.234114 1.656457 0.187923
v -0.306469 1.936433 0.157770
v -0.234114 1.723619 0.293347
v -0.288185 1.643380 0.196254
v -0.360540 1.856194 0.060676
v -0.288185 1.710543 0.301678
v -0.360540 1.923357 0.166100
v -0.294581 1.936402 -0.197569
v -0.286460 1.884046 -0.317650
v -0.297802 1.844704 -0.157806
v -0.289681 1.792348 -0.277887
v -0.355043 1.884381 -0.322434
v -0.363164 1.936736 -0.202353
v -0.358264 1.792683 -0.282671
v -0.366385 1.845038 -0.162590
v -0.239271 1.793850 0.330164
v -0.292455 1.905391 0.193328
v -0.229488 1.723478 0.268999
v -0.282673 1.835019 0.132162
v -0.337071 1.892938 0.200518
v -0.283886 1.781398 0.337354
v -0.327288 1.822567 0.139353
v -0.274103 1.711026 0.276189
v -0.274121 1.844087 -0.226694
v -0.255411 1.864990 -0.309575
v -0.273746 1.816798 -0.233491
v -0.255036 1.837701 -0.316372
v -0.304250 1.866941 -0.320107
v -0.322960 1.846038 -0.237227
v -0.303875 1.839653 -0.326905
v -0.322585 1.818750 -0.244024
v -0.055552 2.046652 -0.390865
v -0.055552 2.072625 -0.440759
v 0.056948 2.046652 -0.390865
v 0.056948 2.072625 -0.440759
v -0.055552 1.972836 -0.492706
v -0.055552 1.946863 -0.442811
v 0.056948 1.972836 -0.492706
v 0.056948 1.946863 -0.442811
v -0.262378 1.903704 -0.335887
v 0.018319 1.932917 -0.437651
v -0.261585 1.846095 -0.350237
v 0.019112 1.875308 -0.452001
v 0.000686 1.943998 -0.483107
v -0.280011 1.914785 -0.381343
v 0.001479 1.886389 -0.497458
v -0.279218 1.857175 -0.395693
v 0.280011 1.914785 -0.381343
v -0.000686 1.943998 -0.483107
v 0.279218 1.857175 -0.395693
v -0.001479 1.886389 -0.497458
v -0.018319 1.932917 -0.437651
v 0.262378 1.903704 -0.335887
v -0.019112 1.875308 -0.452001
v 0.261585 1.846095 -0.350237
v 0.304622 1.879108 -0.317253
v 0.279777 1.896535 -0.385839
v 0.304080 1.839692 -0.327072
v 0.279234 1.857118 -0.395658
v 0.232605 1.893142 -0.369613
v 0.257450 1.875716 -0.301027
v 0.232062 1.853726 -0.379431
v 0.256908 1.836299 -0.310846
v 0.322960 1.846038 -0.237227
v 0.304250 1.866941 -0.320107
v 0.322585 1.818750 -0.244024
v 0.303875 1.839653 -0.326905
v 0.255411 1.864990 -0.309575
v 0.274121 1.844087 -0.226694
v 0.255036 1.837701 -0.316372
v 0.273746 1.816798 -0.233491
v -0.043750 2.099043 -0.338553
v 0.043750 2.099043 -0.338553
v -0.043750 2.029507 -0.386343
v 0.043750 2.029507 -0.386343
v 0.043750 2.123823 -0.374608
v -0.043750 2.123823 -0.374608
v 0.043750 2.054287 -0.422399
v -0.043750 2.054287 -0.422399
v -0.115811 1.937038 -0.392570
v -0.116505 2.016651 -0.356273
v -0.035064 1.954686 -0.429736
v -0.035757 2.034299 -0.393439
v -0.136364 2.032680 -0.391809
v -0.135671 1.953066 -0.428106
v -0.055616 2.050327 -0.428975
v -0.054923 1.970714 -0.465272
v 0.135671 1.953066 -0.428106
v 0.136364 2.032680 -0.391809
v 0.054923 1.970714 -0.465272
v 0.055616 2.050327 -0.428975
v 0.116505 2.016651 -0.356273
v 0.115811 1.937038 -0.392570
v 0.035757 2.034299 -0.393439
v 0.035064 1.954686 -0.429736
v 0.000810 2.106650 -0.329024
v 0.000810 2.129737 -0.373375
v 0.089199 2.028248 -0.369837
v 0.089199 2.051336 -0.414188
v -0.087578 2.051336 -0.414188
v -0.087578 2.028248 -0.369837
v 0.000810 1.972934 -0.455001
v 0.000810 1.949847 -0.410651
v -0.043750 1.937225 -0.426648
v 0.043750 1.937225 -0.426648
v -0.043750 1.915050 -0.438192
v 0.043750 1.915050 -0.438192
v 0.043750 1.963198 -0.476543
v -0.043750 1.963198 -0.476543
v 0.043750 1.941023 -0.488086
v -0.043750 1.941023 -0.488086
v 0.056053 2.057760 -0.385082
v 0.056053 2.072189 -0.412801
v 0.120135 2.000918 -0.414672
v 0.120135 2.015348 -0.442391
v -0.008028 2.015348 -0.442391
v -0.008028 2.000918 -0.414672
v 0.056053 1.958507 -0.471980
v 0.056053 1.944077 -0.444261
v 0.087722 2.004145 -0.427701
v 0.106901 2.020598 -0.409316
v 0.108204 1.980545 -0.427948
v 0.127384 1.996998 -0.409563
v 0.120656 2.032800 -0.434584
v 0.101477 2.016347 -0.452970
v 0.141139 2.009199 -0.434831
v 0.121959 1.992746 -0.453216
v -0.056447 2.057760 -0.385082
v -0.056447 2.072189 -0.412801
v 0.007635 2.000918 -0.414672
v 0.007635 2.015348 -0.442391
v -0.120528 2.015348 -0.442391
v -0.120528 2.000918 -0.414672
v -0.056447 1.958507 -0.471980
v -0.056447 1.944077 -0.444261
v -0.272196 2.004717 -0.309864
v -0.020738 2.049999 -0.393203
v -0.270401 1.884458 -0.369791
v -0.018944 1.929740 -0.453130
v -0.029555 2.060327 -0.414193
v -0.281012 2.015046 -0.330855
v -0.027760 1.940068 -0.474120
v -0.279218 1.894787 -0.390781
v -0.282288 1.979712 -0.260090
v -0.257443 2.011570 -0.323279
v -0.280494 1.859453 -0.320017
v -0.255648 1.891311 -0.383205
v -0.281029 2.014982 -0.330832
v -0.305874 1.983124 -0.267644
v -0.279234 1.894723 -0.390759
v -0.304080 1.862865 -0.327571
v -0.299793 1.931424 -0.191742
v -0.281083 1.969770 -0.268134
v -0.298165 1.822352 -0.246094
v -0.279455 1.860698 -0.322486
v -0.305502 1.971863 -0.273064
v -0.324212 1.933517 -0.196672
v -0.303875 1.862791 -0.327416
v -0.322585 1.824445 -0.251024
v 0.281012 2.015046 -0.330855
v 0.029555 2.060327 -0.414193
v 0.279218 1.894787 -0.390781
v 0.027760 1.940068 -0.474120
v 0.020738 2.049999 -0.393203
v 0.272196 2.004717 -0.309864
v 0.018944 1.929740 -0.453130
v 0.270401 1.884458 -0.369791
v 0.305874 1.983124 -0.267644
v 0.281029 2.014982 -0.330832
v 0.304080 1.862865 -0.327571
v 0.279234 1.894723 -0.390759
v 0.257443 2.011570 -0.323279
v 0.282288 1.979712 -0.260090
v 0.255648 1.891311 -0.383205
v 0.280494 1.859453 -0.320017
v 0.324212 1.933517 -0.196672
v 0.305502 1.971863 -0.273064
v 0.322585 1.824445 -0.251024
v 0.303875 1.862791 -0.327416
v 0.281083 1.969770 -0.268134
v 0.299793 1.931424 -0.191742
v 0.279455 1.860698 -0.322486
v 0.298165 1.822352 -0.246094
v -0.284221 2.096256 -0.162500
v -0.284221 2.096256 0.162500
v -0.329538 1.891844 -0.162500
v -0.329538 1.891844 0.162500
v -0.223202 2.082729 0.162500
v -0.223202 2.082729 -0.162500
v -0.268519 1.878317 0.162500
v -0.268519 1.878317 -0.162500
v -0.280408 2.096044 0.160475
v -0.278725 2.021269 0.332412
v -0.318749 1.933457 0.090141
v -0.317066 1.858681 0.262077
v -0.217642 2.009363 0.326636
v -0.219325 2.084138 0.154700
v -0.255983 1.846776 0.256302
v -0.257666 1.921551 0.084366
v -0.278725 2.021269 -0.332412
v -0.280408 2.096044 -0.160476
v -0.323016 1.833452 -0.251164
v -0.324698 1.908228 -0.079227
v -0.219325 2.084138 -0.154700
v -0.217642 2.009363 -0.326636
v -0.263615 1.896322 -0.073452
v -0.261933 1.821546 -0.245388
v 0.223202 2.082729 -0.168750
v 0.223202 2.082729 0.162500
v 0.268519 1.878317 -0.168750
v 0.268519 1.878317 0.162500
v 0.284221 2.096256 0.162500
v 0.284221 2.096256 -0.168750
v 0.329538 1.891844 0.162500
v 0.329538 1.891844 -0.168750
v 0.217642 2.009363 -0.326636
v 0.219325 2.084138 -0.154700
v 0.261933 1.821546 -0.245388
v 0.263615 1.896322 -0.073452
v 0.280408 2.096044 -0.160476
v 0.278725 2.021269 -0.332412
v 0.324698 1.908228 -0.079227
v 0.323016 1.833452 -0.251164
v 0.219325 2.084138 0.154700
v 0.217642 2.009363 0.326636
v 0.257666 1.921551 0.084366
v 0.255983 1.846776 0.256302
v 0.278725 2.021269 0.332412
v 0.280408 2.096044 0.160475
v 0.317066 1.858681 0.262077
v 0.318749 1.933457 0.090141
v -0.241978 2.039540 -0.130934
v 0.029412 2.141002 -0.179330
v -0.241978 1.957474 -0.302990
v 0.029412 2.058936 -0.351385
v 0.000710 2.203543 -0.209160
v -0.270679 2.102081 -0.160765
v 0.000710 2.121477 -0.381215
v -0.270679 2.020015 -0.332820
v -0.241978 2.030858 0.153617
v 0.029412 2.143271 0.153617
v -0.241978 2.030858 -0.162008
v 0.029412 2.143271 -0.162008
v 0.000710 2.212562 0.153617
v -0.270679 2.100149 0.153617
v 0.000710 2.212562 -0.162008
v -0.270679 2.100149 -0.162008
v 0.270679 2.100149 0.153617
v -0.000710 2.212562 0.153617
v 0.270679 2.100149 -0.162008
v -0.000710 2.212562 -0.162008
v -0.029412 2.143271 0.153617
v 0.241978 2.030858 0.153617
v -0.029412 2.143271 -0.162008
v 0.241978 2.030858 -0.162008
v 0.270679 2.102081 -0.160765
v -0.000710 2.203543 -0.209160
v 0.270679 2.020015 -0.332820
v -0.000710 2.121477 -0.381215
v -0.029412 2.141002 -0.179330
v 0.241978 2.039540 -0.130934
v -0.029412 2.058936 -0.351385
v 0.241978 1.957474 -0.302990
v 0.029412 2.141002 0.179329
v -0.241978 2.039540 0.130934
v 0.029412 2.056245 0.357026
v -0.241978 1.954783 0.308631
v -0.270679 2.102081 0.160765
v 0.000710 2.203543 0.209160
v -0.270679 2.017324 0.338461
v 0.000710 2.118786 0.386856
v -0.000710 2.203543 0.209160
v 0.270679 2.102081 0.160765
v -0.000710 2.118786 0.386856
v 0.270679 2.017324 0.338461
v 0.241978 2.039540 0.130934
v -0.029412 2.141002 0.179329
v 0.241978 1.954783 0.308631
v -0.029412 2.056245 0.357026
v 0.029412 1.995628 0.362794
v -0.253526 2.001762 0.245758
v 0.029412 1.805264 0.352818
v -0.253526 1.811398 0.235781
v -0.282228 1.998135 0.314954
v 0.000710 1.992002 0.431990
v -0.282228 1.807772 0.304977
v 0.000710 1.801638 0.422014
v -0.000710 1.992002 0.431990
v 0.282228 1.998135 0.314954
v -0.000710 1.801638 0.422014
v 0.282228 1.807772 0.304977
v 0.253526 2.001762 0.245758
v -0.029412 1.995628 0.362794
v 0.253526 1.811398 0.235781
v -0.029412 1.805264 0.352818
v -0.041653 1.961878 0.365353
v -0.299708 1.898694 0.255482
v 0.017309 1.741829 0.353414
v -0.240746 1.678644 0.243543
v -0.310868 1.894139 0.284314
v -0.052813 1.957324 0.394185
v -0.251906 1.674089 0.272375
v 0.006149 1.737274 0.382246
v 0.047203 1.958697 0.396573
v 0.310868 1.894139 0.284314
v -0.011759 1.738647 0.384634
v 0.251906 1.674089 0.272375
v 0.299708 1.898694 0.255482
v 0.036043 1.963252 0.367742
v 0.240746 1.678644 0.243543
v -0.022919 1.743202 0.355803
v -0.036992 2.113684 -0.105200
v 0.029412 2.140922 -0.109028
v -0.036992 2.099767 -0.204227
v 0.029412 2.127005 -0.208055
v 0.000710 2.209538 -0.118672
v -0.065693 2.182301 -0.114844
v 0.000710 2.195621 -0.217698
v -0.065693 2.168384 -0.213870
v 0.065693 2.182301 -0.114844
v -0.000710 2.209538 -0.118672
v 0.065693 2.168384 -0.213870
v -0.000710 2.195621 -0.217698
v -0.029412 2.140922 -0.109028
v 0.036992 2.113684 -0.105200
v -0.029412 2.127005 -0.208055
v 0.036992 2.099767 -0.204227
v 0.164664 2.139530 -0.124611
v 0.066501 2.179795 -0.130270
v 0.164664 2.129092 -0.198881
v 0.066501 2.169357 -0.204540
v 0.037800 2.111178 -0.120627
v 0.135962 2.070914 -0.114968
v 0.037800 2.100740 -0.194897
v 0.135962 2.060476 -0.189238
v 0.268600 2.093418 -0.143376
v 0.164664 2.136051 -0.149368
v 0.268600 2.088199 -0.180511
v 0.164664 2.130832 -0.186503
v 0.135962 2.067434 -0.139724
v 0.239899 2.024801 -0.133733
v 0.135962 2.062215 -0.176859
v 0.239899 2.019583 -0.170868
v -0.239899 2.024801 -0.133733
v -0.135962 2.067434 -0.139724
v -0.239899 2.019583 -0.170868
v -0.135962 2.062215 -0.176859
v -0.164664 2.136051 -0.149368
v -0.268600 2.093418 -0.143376
v -0.164664 2.130832 -0.186503
v -0.268600 2.088199 -0.180511
v -0.135962 2.070914 -0.114968
v -0.037800 2.111178 -0.120627
v -0.135962 2.060476 -0.189238
v -0.037800 2.100740 -0.194897
v -0.066501 2.179795 -0.130270
v -0.164664 2.139530 -0.124611
v -0.066501 2.169357 -0.204540
v -0.164664 2.129092 -0.198881
v 0.029412 2.140922 0.109028
v -0.036992 2.113684 0.105200
v 0.029412 2.127005 0.208055
v -0.036992 2.099767 0.204227
v -0.065693 2.182301 0.114843
v 0.000710 2.209538 0.118671
v -0.065693 2.168384 0.213870
v 0.000710 2.195621 0.217698
v -0.000710 2.209538 0.118671
v 0.065693 2.182301 0.114843
v -0.000710 2.195621 0.217698
v 0.065693 2.168384 0.213870
v 0.036992 2.113684 0.105200
v -0.029412 2.140922 0.109028
v 0.036992 2.099767 0.204227
v -0.029412 2.127005 0.208055
v 0.066501 2.179795 0.130270
v 0.164664 2.139530 0.124611
v 0.066501 2.169357 0.204540
v 0.164664 2.129092 0.198881
v 0.135962 2.070914 0.114967
v 0.037800 2.111178 0.120626
v 0.135962 2.060476 0.189238
v 0.037800 2.100740 0.194896
v 0.164664 2.136051 0.149368
v 0.268600 2.093418 0.143376
v 0.164664 2.130832 0.186503
v 0.268600 2.088199 0.180511
v 0.239899 2.024801 0.133732
v 0.135962 2.067434 0.139724
v 0.239899 2.019583 0.170868
v 0.135962 2.062215 0.176859
v -0.135962 2.067434 0.139724
v -0.239899 2.024801 0.133732
v -0.135962 2.062215 0.176859
v -0.239899 2.019583 0.170868
v -0.268600 2.093418 0.143376
v -0.164664 2.136051 0.149368
v -0.268600 2.088199 0.180511
v -0.164664 2.130832 0.186503
v -0.037800 2.111178 0.120626
v -0.135962 2.070914 0.114967
v -0.037800 2.100740 0.194896
v -0.135962 2.060476 0.189238
v -0.164664 2.139530 0.124611
v -0.066501 2.179795 0.130270
v -0.164664 2.129092 0.198881
v -0.066501 2.169357 0.204540
v 0.160348 2.070845 -0.332249
v 0.006246 2.091817 -0.379353
v 0.160348 2.019458 -0.355128
v 0.006246 2.040430 -0.402232
v -0.011603 2.070121 -0.330622
v 0.142500 2.049148 -0.283518
v -0.011603 2.018734 -0.353501
v 0.142500 1.997761 -0.306397
v -0.142500 2.049148 -0.283518
v 0.011603 2.070121 -0.330622
v -0.142500 1.997761 -0.306397
v 0.011603 2.018734 -0.353501
v -0.006246 2.091817 -0.379353
v -0.160348 2.070845 -0.332249
v -0.006246 2.040430 -0.402232
v -0.160348 2.019458 -0.355128
v -0.225478 2.015017 -0.268322
v -0.142500 2.026310 -0.293686
v -0.225478 1.986469 -0.281033
v -0.142500 1.997761 -0.306397
v -0.160348 2.048007 -0.342418
v -0.243327 2.036714 -0.317054
v -0.160348 2.019458 -0.355128
v -0.243327 2.008165 -0.329764
v 0.243327 2.036714 -0.317054
v 0.160348 2.048007 -0.342418
v 0.243327 2.008165 -0.329764
v 0.160348 2.019458 -0.355128
v 0.142500 2.026310 -0.293686
v 0.225478 2.015017 -0.268322
v 0.142500 1.997761 -0.306397
v 0.225478 1.986469 -0.281033
v -0.000710 2.110042 0.386048
v 0.065693 2.100860 0.360121
v -0.000710 1.992212 0.427774
v 0.065693 1.983030 0.401847
v 0.036992 2.077730 0.294804
v -0.029412 2.086912 0.320732
v 0.036992 1.959900 0.336530
v -0.029412 1.969082 0.362458
v 0.066501 2.086020 0.365021
v 0.164664 2.072447 0.326693
v 0.066501 1.991756 0.398402
v 0.164664 1.978183 0.360074
v 0.135962 2.049317 0.261377
v 0.037800 2.062890 0.299704
v 0.135962 1.955053 0.294757
v 0.037800 1.968626 0.333085
v 0.164664 2.048881 0.335038
v 0.262826 2.035309 0.296710
v 0.164664 1.984075 0.357987
v 0.262826 1.970502 0.319660
v 0.234125 2.012179 0.231394
v 0.135962 2.025751 0.269722
v 0.234125 1.947372 0.254343
v 0.135962 1.960945 0.292671
v 0.029412 2.086912 0.320732
v -0.036992 2.077730 0.294804
v 0.029412 1.969082 0.362458
v -0.036992 1.959900 0.336530
v -0.065693 2.100860 0.360121
v 0.000710 2.110042 0.386048
v -0.065693 1.983030 0.401847
v 0.000710 1.992212 0.427774
v -0.037800 2.062890 0.299704
v -0.135962 2.049317 0.261377
v -0.037800 1.968626 0.333085
v -0.135962 1.955053 0.294757
v -0.164664 2.072447 0.326693
v -0.066501 2.086020 0.365021
v -0.164664 1.978183 0.360074
v -0.066501 1.991756 0.398402
v -0.135962 2.025751 0.269722
v -0.234125 2.012179 0.231394
v -0.135962 1.960945 0.292671
v -0.234125 1.947372 0.254343
v -0.262826 2.035309 0.296710
v -0.164664 2.048881 0.335038
v -0.262826 1.970502 0.319660
v -0.164664 1.984075 0.357987
v -0.000710 2.110042 0.386048
v 0.065693 2.100860 0.360121
v -0.000710 1.992212 0.427774
v 0.065693 1.983030 0.401847
v 0.036992 2.077730 0.294804
v -0.029412 2.086912 0.320732
v 0.036992 1.959900 0.336530
v -0.029412 1.969082 0.362458
v 0.303188 2.068453 0.100000
v 0.303188 2.068453 -0.100000
v 0.341741 1.894550 0.100000
v 0.341741 1.894550 -0.100000
v 0.229966 2.052220 -0.100000
v 0.229966 2.052220 0.100000
v 0.268519 1.878317 -0.100000
v 0.268519 1.878317 0.100000
v -0.001002 2.215598 0.100000
v -0.001002 2.215598 -0.100000
v 0.290598 2.094813 0.100000
v 0.290598 2.094813 -0.100000
v -0.003393 2.209824 -0.100000
v -0.003393 2.209824 0.100000
v 0.288206 2.089039 -0.100000
v 0.288206 2.089039 0.100000
v 0.290919 2.092645 0.100000
v 0.290919 2.092645 -0.100000
v 0.298907 2.065679 0.100000
v 0.298907 2.065679 -0.100000
v 0.284926 2.090870 -0.100000
v 0.284926 2.090870 0.100000
v 0.292914 2.063904 -0.100000
v 0.292914 2.063904 0.100000
v -0.229966 2.052220 0.100000
v -0.229966 2.052220 -0.100000
v -0.268519 1.878317 0.100000
v -0.268519 1.878317 -0.100000
v -0.303188 2.068453 -0.100000
v -0.303188 2.068453 0.100000
v -0.341741 1.894550 -0.100000
v -0.341741 1.894550 0.100000
v 0.003393 2.209824 0.100000
v 0.003393 2.209824 -0.100000
v -0.288206 2.089039 0.100000
v -0.288206 2.089039 -0.100000
v 0.001002 2.215598 -0.100000
v 0.001002 2.215598 0.100000
v -0.290598 2.094813 -0.100000
v -0.290598 2.094813 0.100000
v -0.284926 2.090870 0.100000
v -0.284926 2.090870 -0.100000
v -0.292914 2.063904 0.100000
v -0.292914 2.063904 -0.100000
v -0.290919 2.092645 -0.100000
v -0.290919 2.092645 0.100000
v -0.298907 2.065679 -0.100000
v -0.298907 2.065679 0.100000
v -0.229966 2.052220 0.100000
v -0.229966 2.052220 -0.100000
v -0.268519 1.878317 0.100000
v -0.268519 1.878317 -0.100000
v -0.303188 2.068453 -0.100000
v -0.303188 2.068453 0.100000
v -0.341741 1.894550 -0.100000
v -0.341741 1.894550 0.100000
v 0.034375 2.017336 -0.327151
v 0.034375 2.041600 -0.417706
v 0.034375 1.893577 -0.360312
v 0.034375 1.917841 -0.450867
v -0.043750 2.041600 -0.417706
v -0.043750 2.017336 -0.327151
v -0.043750 1.917841 -0.450867
v -0.043750 1.893577 -0.360312
v 0.234525 1.987585 -0.247042
v 0.270401 2.011459 -0.330301
v 0.234525 1.879443 -0.278051
v 0.270401 1.903317 -0.361310
v 0.183788 2.021348 -0.364788
v 0.147911 1.997474 -0.281529
v 0.183788 1.913206 -0.395797
v 0.147911 1.889332 -0.312538
v -0.147911 1.997474 -0.281529
v -0.183788 2.021348 -0.364788
v -0.147911 1.874312 -0.316845
v -0.183788 1.898186 -0.400104
v -0.270401 2.011459 -0.330301
v -0.234525 1.987585 -0.247042
v -0.270401 1.888297 -0.365617
v -0.234525 1.864423 -0.282358
v 0.270401 2.011459 0.267800
v 0.222566 1.979627 0.156789
v 0.270401 1.873277 0.307423
v 0.222566 1.841445 0.196412
v 0.107081 1.992812 0.202772
v 0.154916 2.024644 0.313783
v 0.107081 1.854631 0.242394
v 0.154916 1.886463 0.353406
v 0.065625 2.041600 0.355206
v 0.065625 2.009248 0.234465
v 0.065625 1.896711 0.394029
v 0.065625 1.864359 0.273288
v -0.059375 2.009248 0.234465
v -0.059375 2.041600 0.355206
v -0.059375 1.864359 0.273288
v -0.059375 1.896711 0.394029
v -0.154916 2.024644 0.313783
v -0.107081 1.992812 0.202772
v -0.154916 1.886463 0.353406
v -0.107081 1.854631 0.242394
v -0.222566 1.979627 0.156789
v -0.270401 2.011459 0.267800
v -0.222566 1.841445 0.196412
v -0.270401 1.873277 0.307423
v 0.065625 2.118974 0.199895
v 0.065625 2.118974 -0.175105
v 0.065625 1.968974 0.199895
v 0.065625 1.968974 -0.175105
v -0.059375 2.118974 -0.175105
v -0.059375 2.118974 0.199895
v -0.059375 1.968974 -0.175105
v -0.059375 1.968974 0.199895
v 0.143750 2.118974 0.199895
v 0.143750 2.118974 -0.175105
v 0.143750 1.968974 0.199895
v 0.143750 1.968974 -0.175105
v 0.081250 2.118974 -0.175105
v 0.081250 2.118974 0.199895
v 0.081250 1.968974 -0.175105
v 0.081250 1.968974 0.199895
v -0.075000 2.118974 0.199895
v -0.075000 2.118974 -0.175105
v -0.075000 1.968974 0.199895
v -0.075000 1.968974 -0.175105
v -0.137500 2.118974 -0.175105
v -0.137500 2.118974 0.199895
v -0.137500 1.968974 -0.175105
v -0.137500 1.968974 0.199895
v -0.032426 1.992635 -0.332680
v -0.068303 2.016509 -0.415938
v -0.032426 1.884493 -0.363689
v -0.068303 1.908367 -0.446947
v -0.154916 2.006620 -0.381451
v -0.119040 1.982746 -0.298193
v -0.154916 1.898478 -0.412461
v -0.119040 1.874604 -0.329202
v 0.119040 1.982746 -0.298193
v 0.154916 2.006620 -0.381451
v 0.119040 1.874604 -0.329202
v 0.154916 1.898478 -0.412461
v 0.068303 2.016509 -0.415938
v 0.032426 1.992635 -0.332680
v 0.068303 1.908367 -0.446947
v 0.032426 1.884493 -0.363689
v 0.268750 1.783931 0.274778
v 0.268750 1.806028 0.296875
v 0.268750 1.761834 0.296875
v 0.268750 1.783931 0.318972
v 0.300000 1.806028 0.296875
v 0.300000 1.783931 0.274778
v 0.300000 1.783931 0.318972
v 0.300000 1.761834 0.296875
v -0.300000 1.783931 0.274778
v -0.300000 1.806028 0.296875
v -0.300000 1.761834 0.296875
v -0.300000 1.783931 0.318972
v -0.268750 1.806028 0.296875
v -0.268750 1.783931 0.274778
v -0.268750 1.783931 0.318972
v -0.268750 1.761834 0.296875
v -0.378125 1.877681 -0.259597
v -0.378125 1.899778 -0.237500
v -0.378125 1.855584 -0.237500
v -0.378125 1.877681 -0.215403
v -0.346875 1.899778 -0.237500
v -0.346875 1.877681 -0.259597
v -0.346875 1.877681 -0.215403
v -0.346875 1.855584 -0.237500
v 0.346875 1.877681 -0.259597
v 0.346875 1.899778 -0.237500
v 0.346875 1.855584 -0.237500
v 0.346875 1.877681 -0.215403
v 0.378125 1.899778 -0.237500
v 0.378125 1.877681 -0.259597
v 0.378125 1.877681 -0.215403
v 0.378125 1.855584 -0.237500
v -0.022097 2.096182 -0.367391
v 0.000000 2.111807 -0.351766
v 0.000000 2.080557 -0.383016
v 0.022097 2.096182 -0.367391
v 0.000000 2.133904 -0.373863
v -0.022097 2.118279 -0.389488
v 0.022097 2.118279 -0.389488
v 0.000000 2.102654 -0.405113
v 0.304116 2.058883 -0.090625
v 0.304116 2.058883 0.090625
v 0.330829 1.943177 -0.090625
v 0.330829 1.943177 0.090625
v 0.310206 2.060289 0.090625
v 0.310206 2.060289 -0.090625
v 0.336918 1.944583 0.090625
v 0.336918 1.944583 -0.090625
vn -0.0000 -0.0000 1.0000
vn -0.9744 0.2249 -0.0000
vn -0.0000 -0.0000 -1.0000
vn 0.9744 -0.2250 -0.0000
vn 0.2249 0.9744 -0.0000
vn -0.2250 -0.9744 -0.0000
vn 0.3313 0.2324 -0.9145
vn 0.3313 0.2323 -0.9145
vn 0.9434 -0.0679 0.3245
vn 0.9434 -0.0678 0.3245
vn -0.3313 -0.2324 0.9145
vn -0.9434 0.0679 -0.3245
vn -0.9434 0.0678 -0.3245
vn -0.0134 0.9703 0.2417
vn 0.0134 -0.9703 -0.2417
vn -0.6137 0.5265 0.5883
vn -0.4402 0.3904 -0.8086
vn -0.4402 0.3905 -0.8086
vn 0.6137 -0.5265 -0.5883
vn 0.4401 -0.3905 0.8086
vn 0.6554 0.7552 0.0079
vn -0.6554 -0.7552 -0.0079
vn 1.0000 -0.0000 -0.0000
vn -1.0000 -0.0000 -0.0000
vn -0.0000 1.0000 -0.0000
vn -0.0000 -1.0000 -0.0000
vn -0.0619 -0.3989 -0.9149
vn 0.9976 0.0049 -0.0696
vn 0.0619 0.3989 0.9149
vn -0.9976 -0.0049 0.0696
vn -0.0322 0.9170 -0.3976
vn 0.0322 -0.9170 0.3976
vn 0.2756 0.8107 -0.5165
vn 0.9613 -0.2325 0.1481
vn -0.2756 -0.8107 0.5165
vn -0.9613 0.2325 -0.1481
vn -0.0000 0.5373 0.8434
vn -0.0000 -0.5373 -0.8434
vn 0.2885 0.6050 -0.7422
vn 0.9518 -0.2656 0.1534
vn -0.2885 -0.6050 0.7422
vn -0.9518 0.2656 -0.1534
vn 0.1044 0.7506 0.6524
vn -0.1043 -0.7506 -0.6524
vn -0.1044 -0.7506 -0.6524
vn 0.2756 -0.8107 0.5165
vn 0.9613 0.2325 -0.1481
vn -0.2756 0.8107 -0.5165
vn -0.9613 -0.2325 0.1481
vn 0.0619 -0.3989 -0.9149
vn 0.9976 -0.0049 0.0696
vn -0.0619 0.3989 0.9149
vn -0.9976 0.0049 -0.0696
vn 0.0322 0.9170 -0.3976
vn -0.0322 -0.9170 0.3976
vn -0.2885 0.6050 -0.7422
vn 0.9518 0.2656 -0.1534
vn 0.2885 -0.6050 0.7422
vn 0.2884 -0.6050 0.7422
vn -0.9518 -0.2656 0.1534
vn -0.1044 0.7506 0.6524
vn 0.1043 -0.7506 -0.6524
vn 0.1044 -0.7506 -0.6524
vn 0.2138 0.2389 -0.9472
vn 0.9768 -0.0390 0.2107
vn -0.2138 -0.2389 0.9472
vn -0.9768 0.0391 -0.2107
vn -0.9768 0.0390 -0.2107
vn 0.0133 -0.9703 -0.2417
vn -0.0000 0.4617 -0.8870
vn -0.0000 0.8870 0.4617
vn -0.0000 -0.4617 0.8870
vn -0.0000 -0.8870 -0.4617
vn 0.9357 0.0974 -0.3392
vn 0.3527 -0.2216 0.9091
vn -0.9357 -0.0974 0.3392
vn -0.3527 0.2216 -0.9091
vn -0.9357 0.0974 -0.3392
vn 0.3527 0.2216 -0.9091
vn 0.9357 -0.0974 0.3392
vn -0.3527 -0.2216 0.9091
vn 0.0134 0.9703 0.2417
vn -0.0134 -0.9703 -0.2417
vn -0.3313 0.2324 -0.9145
vn 0.9434 0.0679 -0.3245
vn 0.3313 -0.2324 0.9145
vn -0.9434 -0.0679 0.3245
vn -0.9434 -0.0678 0.3245
vn 0.0133 0.9703 0.2417
vn -0.0133 -0.9703 -0.2417
vn -0.2138 0.2389 -0.9472
vn 0.9768 0.0391 -0.2107
vn 0.9768 0.0390 -0.2107
vn 0.2138 -0.2389 0.9472
vn -0.9768 -0.0390 0.2107
vn -0.0000 -0.5664 0.8241
vn -0.0000 0.5664 -0.8241
vn -0.0000 0.8241 0.5664
vn -0.0000 -0.8241 -0.5664
vn -0.0079 0.9099 0.4148
vn 0.4539 -0.3664 0.8122
vn 0.0079 -0.9099 -0.4148
vn -0.4539 0.3664 -0.8122
vn -0.8910 -0.1947 0.4101
vn 0.8910 0.1947 -0.4101
vn 0.0079 0.9099 0.4148
vn 0.4539 0.3664 -0.8122
vn -0.0079 -0.9099 -0.4148
vn -0.4539 -0.3664 0.8122
vn 0.8910 -0.1947 0.4101
vn -0.8910 0.1947 -0.4101
vn 0.7071 0.6272 0.3265
vn -0.0000 -0.4618 0.8870
vn -0.7071 -0.6272 -0.3265
vn -0.7071 0.6272 0.3265
vn 0.7071 -0.6272 -0.3265
vn -0.0000 -0.8870 -0.4618
vn -0.0000 0.4618 -0.8870
vn 0.6137 0.5265 0.5883
vn -0.4401 -0.3905 0.8086
vn -0.6137 -0.5265 -0.5883
vn 0.4402 0.3904 -0.8086
vn 0.4402 0.3905 -0.8086
vn 0.4401 0.3905 -0.8086
vn -0.6554 0.7552 0.0079
vn 0.6554 -0.7552 -0.0079
vn 0.9357 0.1685 -0.3101
vn 0.9356 0.1685 -0.3101
vn 0.3527 -0.4131 0.8396
vn -0.9357 -0.1685 0.3101
vn -0.3527 0.4131 -0.8396
vn -0.0134 0.8949 0.4460
vn -0.0134 0.8950 0.4460
vn 0.0134 -0.8949 -0.4460
vn 0.0133 -0.8949 -0.4460
vn 0.0134 -0.8950 -0.4460
vn 0.3313 0.4248 -0.8425
vn 0.9434 -0.1365 0.3021
vn 0.9434 -0.1365 0.3022
vn -0.3313 -0.4248 0.8425
vn -0.9434 0.1365 -0.3021
vn -0.9434 0.1365 -0.3022
vn -0.0133 0.8950 0.4460
vn 0.2138 0.4382 -0.8731
vn 0.9768 -0.0837 0.1972
vn -0.2138 -0.4382 0.8731
vn -0.9768 0.0837 -0.1972
vn -0.0133 0.8949 0.4460
vn 0.0133 -0.8950 -0.4460
vn -0.9357 0.1685 -0.3101
vn -0.9356 0.1685 -0.3101
vn 0.3527 0.4131 -0.8396
vn 0.9357 -0.1685 0.3101
vn 0.9356 -0.1685 0.3101
vn -0.3527 -0.4131 0.8396
vn 0.0134 0.8949 0.4460
vn 0.0134 0.8950 0.4460
vn -0.0134 -0.8950 -0.4460
vn -0.0133 -0.8949 -0.4460
vn -0.3313 0.4248 -0.8425
vn 0.9434 0.1365 -0.3021
vn 0.9434 0.1365 -0.3022
vn 0.3313 -0.4248 0.8425
vn -0.9434 -0.1365 0.3021
vn 0.0133 0.8950 0.4460
vn -0.2138 0.4382 -0.8731
vn 0.9768 0.0837 -0.1972
vn 0.2138 -0.4382 0.8731
vn -0.9768 -0.0837 0.1972
vn 0.0133 0.8949 0.4460
vn -0.0133 -0.8950 -0.4460
vn -0.9763 0.2164 -0.0000
vn 0.9763 -0.2164 -0.0000
vn 0.2164 0.9763 -0.0000
vn -0.2164 -0.9763 -0.0000
vn 0.0090 -0.3988 0.9170
vn -0.9773 0.1905 0.0924
vn -0.0090 0.3988 -0.9170
vn 0.9773 -0.1905 -0.0924
vn 0.2115 0.8970 0.3880
vn 0.2115 0.8970 0.3881
vn -0.2115 -0.8970 -0.3881
vn -0.0090 0.3988 0.9170
vn -0.9773 0.1905 -0.0924
vn 0.0090 -0.3988 -0.9170
vn 0.9773 -0.1905 0.0924
vn 0.2115 0.8970 -0.3880
vn -0.2115 -0.8970 0.3881
vn -0.9763 -0.2164 -0.0000
vn 0.9763 0.2164 -0.0000
vn -0.2164 0.9763 -0.0000
vn 0.2164 -0.9763 -0.0000
vn 0.0090 0.3988 0.9170
vn -0.9773 -0.1905 0.0924
vn -0.0090 -0.3988 -0.9170
vn 0.9773 0.1905 -0.0924
vn -0.2115 0.8970 -0.3880
vn 0.2115 -0.8970 0.3881
vn -0.0090 -0.3988 0.9170
vn -0.9773 -0.1905 -0.0924
vn 0.0090 0.3988 -0.9170
vn 0.9773 0.1905 0.0924
vn -0.2115 0.8970 0.3880
vn 0.2115 -0.8970 -0.3881
vn 0.9239 0.3454 -0.1648
vn 0.3827 -0.8339 0.3977
vn -0.9239 -0.3454 0.1647
vn -0.3827 0.8339 -0.3977
vn -0.0000 0.4305 0.9026
vn -0.0000 -0.4305 -0.9026
vn 0.9239 0.3827 -0.0000
vn 0.3827 -0.9239 -0.0000
vn -0.9239 -0.3827 -0.0000
vn -0.3827 0.9239 -0.0000
vn -0.9239 0.3827 -0.0000
vn 0.3827 0.9239 -0.0000
vn 0.9239 -0.3827 -0.0000
vn -0.3827 -0.9239 -0.0000
vn -0.9239 0.3454 -0.1648
vn 0.3827 0.8339 -0.3977
vn 0.9239 -0.3454 0.1647
vn -0.3827 -0.8339 0.3977
vn -0.9239 -0.3454 -0.1647
vn 0.3827 -0.8339 -0.3977
vn 0.9239 0.3454 0.1648
vn -0.3827 0.8339 0.3977
vn -0.0000 0.4305 -0.9026
vn -0.0000 -0.4305 0.9026
vn 0.9239 -0.3454 -0.1647
vn 0.3827 0.8339 0.3977
vn -0.9239 0.3454 0.1648
vn -0.3827 -0.8339 -0.3977
vn -0.9239 0.0200 -0.3822
vn 0.3827 0.0484 -0.9226
vn 0.3827 0.0483 -0.9226
vn 0.9239 -0.0200 0.3822
vn -0.3827 -0.0484 0.9226
vn -0.0000 0.9986 0.0523
vn -0.0000 -0.9986 -0.0523
vn 0.9239 0.0200 -0.3822
vn 0.3827 -0.0484 0.9226
vn 0.3827 -0.0483 0.9226
vn -0.9239 -0.0200 0.3822
vn -0.3827 0.0484 -0.9226
vn -0.8976 -0.2198 -0.3822
vn -0.8976 -0.2198 -0.3821
vn 0.3571 0.1457 -0.9226
vn 0.8976 0.2198 0.3821
vn -0.3571 -0.1457 0.9226
vn -0.2585 0.9646 0.0523
vn 0.2585 -0.9646 -0.0523
vn 0.8976 -0.2198 -0.3822
vn 0.8976 -0.2198 -0.3821
vn 0.3571 -0.1457 0.9226
vn -0.8976 0.2198 0.3822
vn -0.3571 0.1457 -0.9226
vn 0.2585 0.9646 0.0523
vn 0.2585 0.9646 0.0524
vn -0.2585 -0.9646 -0.0523
vn -0.2585 -0.9646 -0.0524
vn 0.9239 0.3790 -0.0533
vn 0.3827 -0.9149 0.1286
vn -0.9239 -0.3790 0.0533
vn -0.3827 0.9149 -0.1286
vn -0.0000 0.1392 0.9903
vn -0.0000 -0.1392 -0.9903
vn -0.9239 0.3790 -0.0533
vn 0.3827 0.9149 -0.1286
vn 0.9239 -0.3790 0.0533
vn -0.3827 -0.9149 0.1286
vn 0.9239 -0.3790 0.0532
vn -0.9239 -0.3790 -0.0533
vn 0.3827 -0.9149 -0.1286
vn 0.9239 0.3790 0.0533
vn -0.3827 0.9149 0.1286
vn -0.0000 0.1392 -0.9903
vn -0.0000 -0.1392 0.9903
vn 0.9239 -0.3790 -0.0533
vn 0.3827 0.9149 0.1286
vn -0.9239 0.3790 0.0533
vn -0.3827 -0.9149 -0.1286
vn -0.9239 -0.3790 -0.0532
vn -0.9483 0.1291 -0.2899
vn 0.3173 0.3857 -0.8663
vn 0.9483 -0.1291 0.2899
vn -0.3173 -0.3857 0.8663
vn -0.0000 0.9135 0.4067
vn -0.0000 -0.9135 -0.4067
vn 0.9483 0.1291 -0.2899
vn 0.3173 -0.3857 0.8663
vn -0.9483 -0.1291 0.2899
vn -0.3173 0.3857 -0.8663
vn 0.9239 -0.1277 -0.3607
vn 0.3827 0.3084 0.8709
vn -0.9239 0.1277 0.3607
vn -0.3827 -0.3084 -0.8709
vn -0.0000 0.9426 -0.3338
vn -0.0000 -0.9426 0.3338
vn -0.9239 -0.1277 -0.3607
vn 0.3827 -0.3084 -0.8709
vn 0.9239 0.1277 0.3607
vn -0.3827 0.3084 0.8709
vn -0.9239 0.3826 -0.0000
vn 0.9588 0.2840 -0.0000
vn -0.9588 -0.2840 -0.0000
vn -0.2840 0.9588 -0.0000
vn 0.2840 -0.9588 -0.0000
vn 0.9239 0.3826 -0.0000
vn 0.9588 -0.2840 -0.0000
vn -0.9588 0.2840 -0.0000
vn 0.2840 0.9588 -0.0000
vn -0.2840 -0.9588 -0.0000
vn -0.0000 0.2588 -0.9659
vn -0.0000 -0.2588 0.9659
vn -0.0000 0.9659 0.2588
vn -0.0000 -0.9659 -0.2588
vn 0.3827 0.2547 -0.8881
vn 0.9239 -0.1055 0.3679
vn -0.3827 -0.2547 0.8881
vn -0.9239 0.1055 -0.3679
vn -0.0000 0.9613 0.2756
vn -0.0000 -0.9613 -0.2756
vn -0.3827 0.2547 -0.8881
vn 0.9239 0.1055 -0.3679
vn 0.3827 -0.2547 0.8881
vn -0.9239 -0.1055 0.3679
vn -0.3827 -0.2547 -0.8881
vn 0.9239 -0.1055 -0.3679
vn 0.3827 0.2547 0.8881
vn -0.9239 0.1055 0.3679
vn -0.0000 0.9613 -0.2756
vn -0.0000 -0.9613 0.2756
vn -0.0000 -0.2588 -0.9659
vn -0.0000 0.2588 0.9659
vn -0.0000 0.9659 -0.2588
vn -0.0000 -0.9659 0.2588
vn 0.3827 -0.2547 -0.8881
vn 0.9239 0.1055 0.3679
vn -0.3827 0.2547 0.8881
vn -0.9239 -0.1055 -0.3679
vn -0.0000 0.7071 0.7071
vn -0.0000 -0.7071 -0.7071
vn -0.0000 0.7071 -0.7071
vn -0.0000 -0.7071 0.7071
vn 0.7071 0.5000 0.5000
vn -0.7071 -0.5000 -0.5000
vn -0.7071 0.5000 0.5000
vn 0.7071 -0.5000 -0.5000
vn -0.9744 -0.2250 -0.0000
vn 0.9744 0.2249 -0.0000
vn -0.2249 0.9744 -0.0000
vn 0.2250 -0.9744 -0.0000
vn -0.0133 0.9703 0.2417
vn -0.4401 0.3905 -0.8086
vn 0.2757 0.8107 -0.5165
vn -0.2884 -0.6050 0.7422
vn -0.3313 0.2323 -0.9145
vn 0.9434 0.0678 -0.3245
vn -0.9356 -0.1685 0.3101
vn -0.9434 -0.1365 0.3022
vn -0.2115 0.8970 0.3881
vn -0.3827 -0.0483 0.9226
vn -0.3827 0.0483 -0.9226
vn -0.9239 -0.3790 0.0532
vn 0.9239 -0.3790 -0.0532
vn 0.9483 0.1290 -0.2899
vt 0.828125 0.626953
vt 0.830078 0.656250
vt 0.828125 0.656250
vt 0.201172 0.626953
vt 0.156250 0.656250
vt 0.156250 0.626953
vt 0.830078 0.595703
vt 0.828125 0.625000
vt 0.828125 0.595703
vt 0.544922 0.970703
vt 0.500000 1.000000
vt 0.500000 0.970703
vt 0.812500 0.562500
vt 0.814453 0.517578
vt 0.814453 0.562500
vt 0.578125 0.142578
vt 0.580078 0.187500
vt 0.580078 0.142578
vt 0.450195 0.287109
vt 0.437500 0.296875
vt 0.437500 0.287109
vt 0.531250 0.193359
vt 0.549805 0.203125
vt 0.531250 0.203125
vt 0.703125 0.537109
vt 0.715820 0.546875
vt 0.703125 0.546875
vt 0.815430 0.458984
vt 0.796875 0.468750
vt 0.796875 0.458984
vt 0.750000 0.218750
vt 0.762695 0.200195
vt 0.762695 0.218750
vt 0.765625 0.200195
vt 0.778320 0.218750
vt 0.778320 0.200195
vt 0.187500 0.164062
vt 0.195312 0.171875
vt 0.187500 0.171875
vt 0.203125 0.164062
vt 0.210938 0.171875
vt 0.203125 0.171875
vt 0.218750 0.164062
vt 0.226562 0.171875
vt 0.218750 0.171875
vt 0.242188 0.164062
vt 0.234375 0.171875
vt 0.234375 0.164062
vt 0.828125 0.765625
vt 0.835938 0.757812
vt 0.835938 0.765625
vt 0.828125 0.742188
vt 0.835938 0.750000
vt 0.835938 0.742188
vt 0.721680 0.346680
vt 0.703125 0.375000
vt 0.703125 0.346680
vt 0.497070 0.940430
vt 0.406250 0.968750
vt 0.406250 0.940430
vt 0.721680 0.315430
vt 0.703125 0.343750
vt 0.703125 0.315430
vt 0.153320 0.565430
vt 0.062500 0.593750
vt 0.062500 0.565430
vt 0.250000 0.515625
vt 0.268555 0.424805
vt 0.268555 0.515625
vt 0.281250 0.424805
vt 0.299805 0.515625
vt 0.299805 0.424805
vt 0.656250 0.224609
vt 0.673828 0.250000
vt 0.656250 0.250000
vt 0.658203 0.740234
vt 0.625000 0.765625
vt 0.625000 0.740234
vt 0.705078 0.224609
vt 0.687500 0.250000
vt 0.687500 0.224609
vt 0.625000 0.708984
vt 0.658203 0.734375
vt 0.625000 0.734375
vt 0.687500 1.000000
vt 0.705078 0.966797
vt 0.705078 1.000000
vt 0.705078 0.919922
vt 0.687500 0.953125
vt 0.705078 0.953125
vt 0.078125 0.625000
vt 0.062500 0.625000
vt 0.174805 0.484375
vt 0.109375 0.515625
vt 0.109375 0.484375
vt 0.546875 0.937500
vt 0.562500 0.968750
vt 0.546875 0.968750
vt 0.484375 0.843750
vt 0.549805 0.875000
vt 0.484375 0.875000
vt 0.328125 0.421875
vt 0.343750 0.356445
vt 0.343750 0.421875
vt 0.109375 0.340820
vt 0.125000 0.406250
vt 0.125000 0.340820
vt 0.515625 0.195312
vt 0.527344 0.218750
vt 0.515625 0.218750
vt 0.639648 0.976562
vt 0.593750 1.000000
vt 0.593750 0.976562
vt 0.792969 0.398438
vt 0.781250 0.421875
vt 0.781250 0.398438
vt 0.593750 0.945312
vt 0.639648 0.968750
vt 0.593750 0.968750
vt 0.703125 0.687500
vt 0.714844 0.641602
vt 0.714844 0.687500
vt 0.339844 0.250977
vt 0.328125 0.296875
vt 0.339844 0.296875
vt 0.114258 0.284180
vt 0.093750 0.312500
vt 0.093750 0.284180
vt 0.481445 0.768555
vt 0.390625 0.796875
vt 0.390625 0.768555
vt 0.708008 0.877930
vt 0.687500 0.906250
vt 0.687500 0.877930
vt 0.497070 0.971680
vt 0.406250 1.000000
vt 0.406250 0.971680
vt 0.187500 0.515625
vt 0.208008 0.424805
vt 0.208008 0.515625
vt 0.218750 0.424805
vt 0.239258 0.515625
vt 0.239258 0.424805
vt 0.562500 0.843750
vt 0.576172 0.875000
vt 0.562500 0.875000
vt 0.549805 0.906250
vt 0.484375 0.937500
vt 0.484375 0.906250
vt 0.763672 0.250000
vt 0.750000 0.250000
vt 0.171875 0.390625
vt 0.185547 0.325195
vt 0.185547 0.390625
vt 0.281250 0.325195
vt 0.294922 0.390625
vt 0.294922 0.325195
vt 0.314453 0.224609
vt 0.296875 0.250000
vt 0.296875 0.224609
vt 0.626953 0.537109
vt 0.593750 0.562500
vt 0.593750 0.537109
vt 0.750000 0.662109
vt 0.767578 0.687500
vt 0.750000 0.687500
vt 0.609375 0.787109
vt 0.642578 0.812500
vt 0.609375 0.812500
vt 0.689453 0.437500
vt 0.671875 0.404297
vt 0.689453 0.404297
vt 0.593750 0.294922
vt 0.611328 0.328125
vt 0.611328 0.294922
vt 0.324219 0.195312
vt 0.312500 0.218750
vt 0.312500 0.195312
vt 0.327148 0.398438
vt 0.281250 0.421875
vt 0.281250 0.398438
vt 0.500000 0.195312
vt 0.511719 0.218750
vt 0.500000 0.218750
vt 0.624023 0.460938
vt 0.578125 0.484375
vt 0.578125 0.460938
vt 0.296875 0.296875
vt 0.308594 0.250977
vt 0.308594 0.296875
vt 0.312500 0.250977
vt 0.324219 0.296875
vt 0.324219 0.250977
vt 0.812500 0.430664
vt 0.825195 0.437500
vt 0.812500 0.437500
vt 0.140625 0.180664
vt 0.162109 0.187500
vt 0.140625 0.187500
vt 0.812500 0.415039
vt 0.825195 0.421875
vt 0.812500 0.421875
vt 0.812500 0.805664
vt 0.833984 0.812500
vt 0.812500 0.812500
vt 0.606445 0.218750
vt 0.593750 0.197266
vt 0.606445 0.197266
vt 0.622070 0.197266
vt 0.609375 0.218750
vt 0.622070 0.218750
vt 0.668945 0.456055
vt 0.640625 0.484375
vt 0.640625 0.456055
vt 0.201172 0.206055
vt 0.187500 0.234375
vt 0.187500 0.206055
vt 0.668945 0.424805
vt 0.640625 0.453125
vt 0.640625 0.424805
vt 0.779297 0.784180
vt 0.765625 0.812500
vt 0.765625 0.784180
vt 0.778320 0.390625
vt 0.750000 0.376953
vt 0.778320 0.376953
vt 0.765625 0.767578
vt 0.793945 0.781250
vt 0.793945 0.767578
vt 0.122070 0.313477
vt 0.109375 0.328125
vt 0.109375 0.313477
vt 0.578125 0.766602
vt 0.653320 0.781250
vt 0.578125 0.781250
vt 0.168945 0.313477
vt 0.156250 0.328125
vt 0.156250 0.313477
vt 0.578125 0.516602
vt 0.653320 0.531250
vt 0.578125 0.531250
vt 0.168945 0.406250
vt 0.156250 0.331055
vt 0.168945 0.331055
vt 0.593750 0.565430
vt 0.606445 0.640625
vt 0.606445 0.565430
vt 0.687500 0.485352
vt 0.700195 0.500000
vt 0.687500 0.500000
vt 0.653320 0.500977
vt 0.578125 0.515625
vt 0.578125 0.500977
vt 0.687500 0.313477
vt 0.700195 0.328125
vt 0.687500 0.328125
vt 0.653320 0.485352
vt 0.578125 0.500000
vt 0.578125 0.485352
vt 0.375000 0.406250
vt 0.387695 0.331055
vt 0.387695 0.406250
vt 0.390625 0.331055
vt 0.403320 0.406250
vt 0.403320 0.331055
vt 0.703125 0.396484
vt 0.715820 0.406250
vt 0.703125 0.406250
vt 0.815430 0.443359
vt 0.796875 0.453125
vt 0.796875 0.443359
vt 0.731445 0.646484
vt 0.718750 0.656250
vt 0.718750 0.646484
vt 0.581055 0.193359
vt 0.562500 0.203125
vt 0.562500 0.193359
vt 0.793945 0.218750
vt 0.781250 0.200195
vt 0.793945 0.200195
vt 0.012695 0.184570
vt 0.000000 0.203125
vt 0.012695 0.203125
vt 0.825195 0.383789
vt 0.812500 0.390625
vt 0.812500 0.383789
vt 0.833984 0.790039
vt 0.812500 0.796875
vt 0.812500 0.790039
vt 0.637695 0.180664
vt 0.625000 0.187500
vt 0.625000 0.180664
vt 0.833984 0.774414
vt 0.812500 0.781250
vt 0.812500 0.774414
vt 0.625000 0.218750
vt 0.637695 0.197266
vt 0.637695 0.218750
vt 0.640625 0.197266
vt 0.653320 0.218750
vt 0.653320 0.197266
vt 0.015625 0.181641
vt 0.026367 0.203125
vt 0.015625 0.203125
vt 0.146484 0.228516
vt 0.125000 0.250000
vt 0.125000 0.228516
vt 0.807617 0.822266
vt 0.796875 0.843750
vt 0.796875 0.822266
vt 0.771484 0.853516
vt 0.750000 0.875000
vt 0.750000 0.853516
vt 0.187500 0.203125
vt 0.198242 0.181641
vt 0.198242 0.203125
vt 0.796875 0.791016
vt 0.807617 0.812500
vt 0.807617 0.791016
vt 0.666992 0.196289
vt 0.656250 0.218750
vt 0.656250 0.196289
vt 0.755859 0.727539
vt 0.734375 0.750000
vt 0.734375 0.727539
vt 0.682617 0.196289
vt 0.671875 0.218750
vt 0.671875 0.196289
vt 0.734375 0.696289
vt 0.755859 0.718750
vt 0.734375 0.718750
vt 0.213867 0.203125
vt 0.203125 0.181641
vt 0.213867 0.181641
vt 0.229492 0.181641
vt 0.218750 0.203125
vt 0.229492 0.203125
vt 0.698242 0.196289
vt 0.687500 0.218750
vt 0.687500 0.196289
vt 0.365234 0.243164
vt 0.343750 0.265625
vt 0.343750 0.243164
vt 0.703125 0.196289
vt 0.713867 0.218750
vt 0.703125 0.218750
vt 0.734375 0.633789
vt 0.755859 0.656250
vt 0.734375 0.656250
vt 0.807617 0.781250
vt 0.796875 0.759766
vt 0.807617 0.759766
vt 0.234375 0.181641
vt 0.245117 0.203125
vt 0.245117 0.181641
vt 0.593750 0.906250
vt 0.625000 0.937500
vt 0.593750 0.937500
vt 0.000000 0.234375
vt 0.625000 0.875000
vt 0.593750 0.875000
vt 0.028320 0.234375
vt 0.015625 0.234375
vt 0.609375 0.578125
vt 0.640625 0.565430
vt 0.640625 0.578125
vt 0.781250 0.518555
vt 0.750000 0.531250
vt 0.781250 0.531250
vt 0.826172 0.369141
vt 0.812500 0.375000
vt 0.812500 0.369141
vt 0.333984 0.181641
vt 0.312500 0.187500
vt 0.312500 0.181641
vt 0.654297 0.181641
vt 0.640625 0.187500
vt 0.640625 0.181641
vt 0.833984 0.681641
vt 0.812500 0.687500
vt 0.812500 0.681641
vt 0.781250 0.812500
vt 0.794922 0.791016
vt 0.794922 0.812500
vt 0.296875 0.197266
vt 0.310547 0.218750
vt 0.310547 0.197266
vt 0.703125 0.290039
vt 0.725586 0.312500
vt 0.703125 0.312500
vt 0.804688 0.290039
vt 0.796875 0.312500
vt 0.796875 0.290039
vt 0.741211 0.977539
vt 0.718750 1.000000
vt 0.718750 0.977539
vt 0.804688 0.258789
vt 0.796875 0.281250
vt 0.796875 0.258789
vt 0.819336 0.406250
vt 0.796875 0.398438
vt 0.819336 0.398438
vt 0.796875 0.242188
vt 0.819336 0.250000
vt 0.819336 0.242188
vt 0.835938 0.726562
vt 0.828125 0.734375
vt 0.828125 0.726562
vt 0.835938 0.710938
vt 0.828125 0.718750
vt 0.828125 0.710938
vt 0.835938 0.695312
vt 0.828125 0.703125
vt 0.828125 0.695312
vt 0.320312 0.164062
vt 0.312500 0.171875
vt 0.312500 0.164062
vt 0.335938 0.171875
vt 0.328125 0.164062
vt 0.335938 0.164062
vt 0.835938 0.664062
vt 0.828125 0.671875
vt 0.835938 0.671875
vt 0.718750 0.946289
vt 0.741211 0.968750
vt 0.718750 0.968750
vt 0.804688 0.211914
vt 0.796875 0.234375
vt 0.796875 0.211914
vt 0.741211 0.915039
vt 0.718750 0.937500
vt 0.718750 0.915039
vt 0.804688 0.180664
vt 0.796875 0.203125
vt 0.796875 0.180664
vt 0.812500 1.000000
vt 0.834961 0.992188
vt 0.834961 1.000000
vt 0.812500 0.976562
vt 0.834961 0.984375
vt 0.834961 0.976562
vt 0.250000 0.169922
vt 0.255859 0.203125
vt 0.250000 0.203125
vt 0.411133 0.544922
vt 0.343750 0.578125
vt 0.343750 0.544922
vt 0.796875 0.716797
vt 0.802734 0.750000
vt 0.796875 0.750000
vt 0.489258 0.544922
vt 0.421875 0.578125
vt 0.421875 0.544922
vt 0.037109 0.234375
vt 0.031250 0.166992
vt 0.037109 0.166992
vt 0.046875 0.166992
vt 0.052734 0.234375
vt 0.052734 0.166992
vt 0.265625 0.169922
vt 0.271484 0.203125
vt 0.265625 0.203125
vt 0.690430 0.544922
vt 0.671875 0.578125
vt 0.671875 0.544922
vt 0.281250 0.169922
vt 0.287109 0.203125
vt 0.281250 0.203125
vt 0.471680 0.294922
vt 0.453125 0.328125
vt 0.453125 0.294922
vt 0.812500 0.671875
vt 0.818359 0.653320
vt 0.818359 0.671875
vt 0.818359 0.622070
vt 0.812500 0.640625
vt 0.818359 0.640625
vt 0.490234 0.172852
vt 0.484375 0.203125
vt 0.484375 0.172852
vt 0.318359 0.297852
vt 0.296875 0.328125
vt 0.296875 0.297852
vt 0.796875 0.407227
vt 0.802734 0.437500
vt 0.796875 0.437500
vt 0.693359 0.657227
vt 0.671875 0.687500
vt 0.671875 0.657227
vt 0.177734 0.187500
vt 0.171875 0.166016
vt 0.177734 0.166016
vt 0.812500 0.744141
vt 0.818359 0.765625
vt 0.818359 0.744141
vt 0.349609 0.169922
vt 0.343750 0.203125
vt 0.343750 0.169922
vt 0.062500 0.529297
vt 0.129883 0.562500
vt 0.062500 0.562500
vt 0.802734 0.623047
vt 0.796875 0.656250
vt 0.796875 0.623047
vt 0.437500 0.732422
vt 0.504883 0.765625
vt 0.437500 0.765625
vt 0.062500 0.234375
vt 0.068359 0.166992
vt 0.068359 0.234375
vt 0.078125 0.166992
vt 0.083984 0.234375
vt 0.083984 0.166992
vt 0.365234 0.169922
vt 0.359375 0.203125
vt 0.359375 0.169922
vt 0.502930 0.294922
vt 0.484375 0.328125
vt 0.484375 0.294922
vt 0.380859 0.169922
vt 0.375000 0.203125
vt 0.375000 0.169922
vt 0.671875 0.451172
vt 0.690430 0.484375
vt 0.671875 0.484375
vt 0.396484 0.187500
vt 0.390625 0.168945
vt 0.396484 0.168945
vt 0.406250 0.168945
vt 0.412109 0.187500
vt 0.412109 0.168945
vt 0.796875 0.344727
vt 0.802734 0.375000
vt 0.796875 0.375000
vt 0.365234 0.297852
vt 0.343750 0.328125
vt 0.343750 0.297852
vt 0.802734 0.313477
vt 0.796875 0.343750
vt 0.796875 0.313477
vt 0.693359 0.625977
vt 0.671875 0.656250
vt 0.671875 0.625977
vt 0.818359 0.734375
vt 0.812500 0.712891
vt 0.818359 0.712891
vt 0.302734 0.166016
vt 0.296875 0.187500
vt 0.302734 0.187500
vt 0.109375 0.322266
vt 0.093750 0.375000
vt 0.093750 0.322266
vt 0.237305 0.822266
vt 0.156250 0.875000
vt 0.156250 0.822266
vt 0.625000 0.431641
vt 0.625000 0.484375
vt 0.081055 0.759766
vt 0.000000 0.812500
vt 0.000000 0.759766
vt 0.093750 0.468750
vt 0.109375 0.387695
vt 0.109375 0.468750
vt 0.546875 0.372070
vt 0.562500 0.453125
vt 0.562500 0.372070
vt 0.421875 0.298828
vt 0.406250 0.343750
vt 0.406250 0.298828
vt 0.343750 0.486328
vt 0.390625 0.531250
vt 0.343750 0.531250
vt 0.437500 0.343750
vt 0.421875 0.343750
vt 0.390625 0.486328
vt 0.437500 0.531250
vt 0.140625 0.562500
vt 0.156250 0.515625
vt 0.156250 0.562500
vt 0.531250 0.718750
vt 0.515625 0.765625
vt 0.531250 0.765625
vt 0.546875 0.322266
vt 0.531250 0.375000
vt 0.531250 0.322266
vt 0.203125 0.525391
vt 0.156250 0.578125
vt 0.156250 0.525391
vt 0.625000 0.369141
vt 0.640625 0.421875
vt 0.625000 0.421875
vt 0.250000 0.525391
vt 0.203125 0.578125
vt 0.562500 0.359375
vt 0.546875 0.312500
vt 0.562500 0.312500
vt 0.656250 0.765625
vt 0.671875 0.812500
vt 0.671875 0.765625
vt 0.640625 0.947266
vt 0.656250 1.000000
vt 0.640625 1.000000
vt 0.239258 0.947266
vt 0.156250 1.000000
vt 0.156250 0.947266
vt 0.656250 0.822266
vt 0.640625 0.875000
vt 0.640625 0.822266
vt 0.239258 0.884766
vt 0.156250 0.937500
vt 0.156250 0.884766
vt 0.171875 0.484375
vt 0.187500 0.401367
vt 0.187500 0.484375
vt 0.468750 0.401367
vt 0.484375 0.484375
vt 0.484375 0.401367
vt 0.640625 0.603516
vt 0.656250 0.656250
vt 0.640625 0.656250
vt 0.296875 0.578125
vt 0.250000 0.578125
vt 0.656250 0.541016
vt 0.640625 0.593750
vt 0.640625 0.541016
vt 0.296875 0.525391
vt 0.656250 0.703125
vt 0.671875 0.703125
vt 0.343750 0.343750
vt 0.343750 0.296875
vt 0.437500 0.298828
vt 0.453125 0.343750
vt 0.484375 0.486328
vt 0.437500 0.486328
vt 0.671875 0.517578
vt 0.656250 0.562500
vt 0.656250 0.517578
vt 0.109375 0.470703
vt 0.062500 0.515625
vt 0.062500 0.470703
vt 0.656250 0.609375
vt 0.671875 0.609375
vt 0.671875 0.562500
vt 0.315430 0.342773
vt 0.296875 0.390625
vt 0.296875 0.342773
vt 0.401367 0.952148
vt 0.328125 1.000000
vt 0.328125 0.952148
vt 0.609375 0.592773
vt 0.627930 0.640625
vt 0.609375 0.640625
vt 0.078125 0.608398
vt 0.151367 0.656250
vt 0.078125 0.656250
vt 0.343750 0.484375
vt 0.362305 0.411133
vt 0.362305 0.484375
vt 0.375000 0.411133
vt 0.393555 0.484375
vt 0.393555 0.411133
vt 0.331055 0.436523
vt 0.312500 0.515625
vt 0.312500 0.436523
vt 0.073242 0.920898
vt 0.000000 1.000000
vt 0.000000 0.920898
vt 0.502930 0.452148
vt 0.484375 0.531250
vt 0.484375 0.452148
vt 0.151367 0.920898
vt 0.078125 1.000000
vt 0.078125 0.920898
vt 0.406250 0.484375
vt 0.424805 0.411133
vt 0.424805 0.484375
vt 0.456055 0.411133
vt 0.437500 0.484375
vt 0.456055 0.484375
vt 0.518555 0.639648
vt 0.500000 0.718750
vt 0.500000 0.639648
vt 0.073242 0.827148
vt 0.000000 0.906250
vt 0.000000 0.827148
vt 0.518555 0.545898
vt 0.500000 0.625000
vt 0.500000 0.545898
vt 0.151367 0.827148
vt 0.078125 0.906250
vt 0.078125 0.827148
vt 0.534180 0.531250
vt 0.515625 0.458008
vt 0.534180 0.458008
vt 0.062500 0.395508
vt 0.081055 0.468750
vt 0.081055 0.395508
vt 0.468750 0.342773
vt 0.487305 0.390625
vt 0.468750 0.390625
vt 0.432617 0.702148
vt 0.359375 0.750000
vt 0.359375 0.702148
vt 0.612305 0.342773
vt 0.593750 0.390625
vt 0.593750 0.342773
vt 0.432617 0.639648
vt 0.359375 0.687500
vt 0.359375 0.639648
vt 0.549805 0.692383
vt 0.549805 0.765625
vt 0.531250 0.614258
vt 0.549805 0.687500
vt 0.549805 0.614258
vt 0.018555 0.341797
vt 0.000000 0.390625
vt 0.000000 0.341797
vt 0.312500 0.826172
vt 0.385742 0.875000
vt 0.312500 0.875000
vt 0.031250 0.341797
vt 0.049805 0.390625
vt 0.031250 0.390625
vt 0.385742 0.763672
vt 0.312500 0.812500
vt 0.312500 0.763672
vt 0.531250 0.609375
vt 0.549805 0.536133
vt 0.549805 0.609375
vt 0.565430 0.770508
vt 0.546875 0.843750
vt 0.565430 0.843750
vt 0.062500 0.341797
vt 0.081055 0.390625
vt 0.062500 0.390625
vt 0.276367 0.638672
vt 0.203125 0.687500
vt 0.203125 0.638672
vt 0.627930 0.826172
vt 0.609375 0.875000
vt 0.609375 0.826172
vt 0.354492 0.638672
vt 0.281250 0.687500
vt 0.281250 0.638672
vt 0.565430 0.531250
vt 0.546875 0.458008
vt 0.565430 0.458008
vt 0.515625 0.379883
vt 0.534180 0.453125
vt 0.534180 0.379883
vt 0.643555 0.889648
vt 0.625000 0.889648
vt 0.279297 0.702148
vt 0.203125 0.750000
vt 0.203125 0.702148
vt 0.125000 0.327148
vt 0.143555 0.375000
vt 0.125000 0.375000
vt 0.357422 0.702148
vt 0.281250 0.750000
vt 0.281250 0.702148
vt 0.502930 0.767578
vt 0.502930 0.843750
vt 0.109375 0.408203
vt 0.127930 0.484375
vt 0.127930 0.408203
vt 0.187500 0.327148
vt 0.206055 0.375000
vt 0.187500 0.375000
vt 0.000000 0.639648
vt 0.076172 0.687500
vt 0.000000 0.687500
vt 0.237305 0.327148
vt 0.218750 0.375000
vt 0.218750 0.327148
vt 0.312500 0.889648
vt 0.388672 0.937500
vt 0.312500 0.937500
vt 0.159180 0.484375
vt 0.140625 0.408203
vt 0.159180 0.408203
vt 0.515625 0.767578
vt 0.534180 0.843750
vt 0.534180 0.767578
vt 0.218750 0.208984
vt 0.226562 0.265625
vt 0.218750 0.265625
vt 0.072266 0.693359
vt 0.000000 0.750000
vt 0.000000 0.693359
vt 0.335938 0.193359
vt 0.328125 0.250000
vt 0.328125 0.193359
vt 0.322266 0.943359
vt 0.250000 1.000000
vt 0.250000 0.943359
vt 0.531250 0.312500
vt 0.539062 0.240234
vt 0.539062 0.312500
vt 0.546875 0.240234
vt 0.554688 0.312500
vt 0.554688 0.240234
vt 0.726562 0.193359
vt 0.718750 0.250000
vt 0.718750 0.193359
vt 0.166992 0.755859
vt 0.093750 0.812500
vt 0.093750 0.755859
vt 0.734375 0.193359
vt 0.742188 0.250000
vt 0.734375 0.250000
vt 0.245117 0.755859
vt 0.171875 0.812500
vt 0.171875 0.755859
vt 0.242188 0.312500
vt 0.234375 0.239258
vt 0.242188 0.239258
vt 0.289062 0.239258
vt 0.281250 0.312500
vt 0.289062 0.312500
vt 0.734375 0.318359
vt 0.752930 0.343750
vt 0.734375 0.343750
vt 0.500000 0.224609
vt 0.517578 0.250000
vt 0.500000 0.250000
vt 0.752930 0.287109
vt 0.734375 0.312500
vt 0.734375 0.287109
vt 0.767578 0.396484
vt 0.750000 0.421875
vt 0.750000 0.396484
vt 0.093750 0.218750
vt 0.112305 0.201172
vt 0.112305 0.218750
vt 0.799805 0.888672
vt 0.781250 0.906250
vt 0.799805 0.906250
vt 0.752930 0.255859
vt 0.734375 0.281250
vt 0.734375 0.255859
vt 0.593750 0.224609
vt 0.611328 0.250000
vt 0.593750 0.250000
vt 0.750000 0.974609
vt 0.768555 1.000000
vt 0.750000 1.000000
vt 0.642578 0.224609
vt 0.625000 0.250000
vt 0.625000 0.224609
vt 0.143555 0.218750
vt 0.125000 0.201172
vt 0.143555 0.201172
vt 0.781250 0.857422
vt 0.799805 0.875000
vt 0.799805 0.857422
vt 0.362305 0.215820
vt 0.343750 0.234375
vt 0.343750 0.215820
vt 0.729492 0.262695
vt 0.703125 0.281250
vt 0.703125 0.262695
vt 0.765625 0.637695
vt 0.784180 0.656250
vt 0.765625 0.656250
vt 0.026367 0.247070
vt 0.000000 0.265625
vt 0.000000 0.247070
vt 0.049805 0.265625
vt 0.031250 0.239258
vt 0.049805 0.239258
vt 0.062500 0.239258
vt 0.081055 0.265625
vt 0.081055 0.239258
vt 0.440430 0.193359
vt 0.421875 0.203125
vt 0.421875 0.193359
vt 0.437500 0.208984
vt 0.465820 0.218750
vt 0.437500 0.218750
vt 0.453125 0.193359
vt 0.471680 0.203125
vt 0.453125 0.203125
vt 0.809570 0.552734
vt 0.781250 0.562500
vt 0.781250 0.552734
vt 0.721680 0.578125
vt 0.703125 0.549805
vt 0.721680 0.549805
vt 0.721680 0.471680
vt 0.703125 0.500000
vt 0.721680 0.500000
vt 0.815430 0.490234
vt 0.796875 0.500000
vt 0.796875 0.490234
vt 0.809570 0.537109
vt 0.781250 0.546875
vt 0.781250 0.537109
vt 0.815430 0.474609
vt 0.796875 0.484375
vt 0.796875 0.474609
vt 0.497070 0.208984
vt 0.468750 0.218750
vt 0.468750 0.208984
vt 0.703125 0.468750
vt 0.721680 0.440430
vt 0.721680 0.468750
vt 0.703125 0.409180
vt 0.721680 0.437500
vt 0.721680 0.409180
vt 0.765625 0.606445
vt 0.784180 0.625000
vt 0.765625 0.625000
vt 0.213867 0.247070
vt 0.187500 0.265625
vt 0.187500 0.247070
vt 0.424805 0.215820
vt 0.406250 0.234375
vt 0.406250 0.215820
vt 0.760742 0.793945
vt 0.734375 0.812500
vt 0.734375 0.793945
vt 0.734375 0.781250
vt 0.752930 0.754883
vt 0.752930 0.781250
vt 0.268555 0.239258
vt 0.250000 0.265625
vt 0.268555 0.265625
vt 0.734375 0.458984
vt 0.752930 0.484375
vt 0.734375 0.484375
vt 0.392578 0.224609
vt 0.375000 0.250000
vt 0.375000 0.224609
vt 0.752930 0.427734
vt 0.734375 0.453125
vt 0.734375 0.427734
vt 0.437500 0.224609
vt 0.455078 0.250000
vt 0.437500 0.250000
vt 0.784180 0.250000
vt 0.765625 0.232422
vt 0.784180 0.232422
vt 0.781250 0.982422
vt 0.799805 1.000000
vt 0.799805 0.982422
vt 0.581055 0.240234
vt 0.562500 0.265625
vt 0.562500 0.240234
vt 0.767578 0.537109
vt 0.750000 0.562500
vt 0.750000 0.537109
vt 0.734375 0.349609
vt 0.752930 0.375000
vt 0.734375 0.375000
vt 0.468750 0.224609
vt 0.486328 0.250000
vt 0.468750 0.250000
vt 0.781250 0.968750
vt 0.799805 0.951172
vt 0.799805 0.968750
vt 0.799805 0.919922
vt 0.781250 0.937500
vt 0.799805 0.937500
vt 0.252930 0.215820
vt 0.234375 0.234375
vt 0.234375 0.215820
vt 0.463867 0.262695
vt 0.437500 0.281250
vt 0.437500 0.262695
vt 0.765625 0.747070
vt 0.784180 0.765625
vt 0.765625 0.765625
vt 0.745117 0.528320
vt 0.718750 0.546875
vt 0.718750 0.528320
vt 0.468750 0.281250
vt 0.487305 0.254883
vt 0.487305 0.281250
vt 0.518555 0.254883
vt 0.500000 0.281250
vt 0.518555 0.281250
vt 0.799805 0.521484
vt 0.781250 0.521484
vt 0.793945 0.427734
vt 0.765625 0.437500
vt 0.765625 0.427734
vt 0.799805 0.380859
vt 0.781250 0.390625
vt 0.781250 0.380859
vt 0.809570 0.677734
vt 0.781250 0.687500
vt 0.781250 0.677734
vt 0.362305 0.268555
vt 0.362305 0.296875
vt 0.703125 0.612305
vt 0.721680 0.640625
vt 0.721680 0.612305
vt 0.390625 0.193359
vt 0.409180 0.203125
vt 0.390625 0.203125
vt 0.809570 0.662109
vt 0.781250 0.671875
vt 0.781250 0.662109
vt 0.815430 0.599609
vt 0.796875 0.609375
vt 0.796875 0.599609
vt 0.375000 0.208984
vt 0.403320 0.218750
vt 0.375000 0.218750
vt 0.721680 0.609375
vt 0.703125 0.581055
vt 0.721680 0.581055
vt 0.424805 0.268555
vt 0.406250 0.296875
vt 0.424805 0.296875
vt 0.265625 0.215820
vt 0.284180 0.234375
vt 0.265625 0.234375
vt 0.620117 0.262695
vt 0.593750 0.281250
vt 0.593750 0.262695
vt 0.784180 0.715820
vt 0.765625 0.734375
vt 0.765625 0.715820
vt 0.745117 0.387695
vt 0.718750 0.406250
vt 0.718750 0.387695
vt 0.659180 0.281250
vt 0.640625 0.254883
vt 0.659180 0.254883
vt 0.671875 0.254883
vt 0.690430 0.281250
vt 0.690430 0.254883
vt 0.513672 0.376953
vt 0.500000 0.390625
vt 0.500000 0.376953
vt 0.390625 0.751953
vt 0.431641 0.765625
vt 0.390625 0.765625
vt 0.638672 0.642578
vt 0.625000 0.656250
vt 0.625000 0.642578
vt 0.712891 0.531250
vt 0.671875 0.531250
vt 0.576172 0.271484
vt 0.576172 0.312500
vt 0.578125 0.271484
vt 0.591797 0.312500
vt 0.591797 0.271484
vt 0.654297 0.361328
vt 0.640625 0.375000
vt 0.640625 0.361328
vt 0.712891 0.376953
vt 0.671875 0.390625
vt 0.671875 0.376953
vt 0.453125 0.330078
vt 0.466797 0.343750
vt 0.728516 0.501953
vt 0.687500 0.515625
vt 0.687500 0.501953
vt 0.638672 0.312500
vt 0.625000 0.271484
vt 0.638672 0.271484
vt 0.687500 0.333984
vt 0.701172 0.375000
vt 0.701172 0.333984
vt 0.748047 0.554688
vt 0.734375 0.562500
vt 0.734375 0.554688
vt 0.833984 0.960938
vt 0.812500 0.968750
vt 0.812500 0.960938
vt 0.734375 0.414062
vt 0.748047 0.421875
vt 0.734375 0.421875
vt 0.812500 0.945312
vt 0.833984 0.953125
vt 0.812500 0.953125
vt 0.216797 0.234375
vt 0.203125 0.212891
vt 0.216797 0.212891
vt 0.169922 0.197266
vt 0.156250 0.218750
vt 0.169922 0.218750
vt 0.638672 0.257812
vt 0.625000 0.265625
vt 0.625000 0.257812
vt 0.833984 0.929688
vt 0.812500 0.937500
vt 0.812500 0.929688
vt 0.435547 0.179688
vt 0.421875 0.187500
vt 0.421875 0.179688
vt 0.812500 0.914062
vt 0.833984 0.921875
vt 0.812500 0.921875
vt 0.781250 0.843750
vt 0.794922 0.822266
vt 0.794922 0.843750
vt 0.171875 0.197266
vt 0.185547 0.218750
vt 0.185547 0.197266
vt 0.125000 0.281250
vt 0.143555 0.312500
vt 0.125000 0.312500
vt 0.658203 0.281250
vt 0.640625 0.312500
vt 0.640625 0.281250
vt 0.706055 0.843750
vt 0.687500 0.875000
vt 0.687500 0.843750
vt 0.671875 0.281250
vt 0.689453 0.312500
vt 0.671875 0.312500
vt 0.784180 0.500000
vt 0.765625 0.482422
vt 0.784180 0.482422
vt 0.549805 0.216797
vt 0.531250 0.234375
vt 0.549805 0.234375
vt 0.734375 0.599609
vt 0.752930 0.625000
vt 0.734375 0.625000
vt 0.682617 0.490234
vt 0.656250 0.515625
vt 0.656250 0.490234
vt 0.406250 0.240234
vt 0.424805 0.265625
vt 0.406250 0.265625
vt 0.588867 0.318359
vt 0.562500 0.343750
vt 0.562500 0.318359
vt 0.112305 0.281250
vt 0.093750 0.254883
vt 0.112305 0.254883
vt 0.718750 0.879883
vt 0.737305 0.906250
vt 0.737305 0.879883
vt 0.784180 0.451172
vt 0.765625 0.468750
vt 0.765625 0.451172
vt 0.776367 0.951172
vt 0.750000 0.968750
vt 0.750000 0.951172
vt 0.562500 0.216797
vt 0.581055 0.234375
vt 0.562500 0.234375
vt 0.776367 0.919922
vt 0.750000 0.937500
vt 0.750000 0.919922
vt 0.143555 0.254883
vt 0.143555 0.281250
vt 0.718750 0.848633
vt 0.737305 0.875000
vt 0.737305 0.848633
vt 0.156250 0.281250
vt 0.174805 0.312500
vt 0.156250 0.312500
vt 0.017578 0.265625
vt 0.000000 0.296875
vt 0.687500 0.812500
vt 0.031250 0.265625
vt 0.048828 0.296875
vt 0.031250 0.296875
vt 0.765625 0.375000
vt 0.784180 0.357422
vt 0.784180 0.375000
vt 0.765625 0.326172
vt 0.784180 0.343750
vt 0.784180 0.326172
vt 0.752930 0.568359
vt 0.734375 0.593750
vt 0.734375 0.568359
vt 0.656250 0.349609
vt 0.682617 0.375000
vt 0.656250 0.375000
vt 0.752930 0.490234
vt 0.734375 0.515625
vt 0.734375 0.490234
vt 0.656250 0.318359
vt 0.682617 0.343750
vt 0.656250 0.343750
vt 0.174805 0.254883
vt 0.174805 0.281250
vt 0.718750 0.817383
vt 0.737305 0.843750
vt 0.737305 0.817383
vt 0.784180 0.294922
vt 0.765625 0.312500
vt 0.765625 0.294922
vt 0.093750 0.232422
vt 0.120117 0.250000
vt 0.093750 0.250000
vt 0.784180 0.263672
vt 0.765625 0.281250
vt 0.765625 0.263672
vt 0.750000 0.888672
vt 0.776367 0.906250
vt 0.750000 0.906250
vt 0.737305 0.687500
vt 0.718750 0.661133
vt 0.737305 0.661133
vt 0.375000 0.254883
vt 0.393555 0.281250
vt 0.393555 0.254883
vt 0.268555 0.330078
vt 0.250000 0.375000
vt 0.250000 0.330078
vt 0.487305 0.673828
vt 0.437500 0.718750
vt 0.437500 0.673828
vt 0.643555 0.658203
vt 0.625000 0.703125
vt 0.625000 0.658203
vt 0.487305 0.626953
vt 0.437500 0.671875
vt 0.437500 0.626953
vt 0.406250 0.406250
vt 0.424805 0.356445
vt 0.424805 0.406250
vt 0.437500 0.356445
vt 0.456055 0.406250
vt 0.456055 0.356445
vt 0.095703 0.108398
vt 0.093750 0.187500
vt 0.093750 0.108398
vt 0.299805 0.858398
vt 0.250000 0.937500
vt 0.250000 0.858398
vt 0.812500 0.827148
vt 0.814453 0.906250
vt 0.812500 0.906250
vt 0.127930 0.670898
vt 0.078125 0.750000
vt 0.078125 0.670898
vt 0.437500 0.187500
vt 0.439453 0.137695
vt 0.439453 0.187500
vt 0.453125 0.137695
vt 0.455078 0.187500
vt 0.455078 0.137695
vt 0.830078 0.555664
vt 0.828125 0.562500
vt 0.828125 0.555664
vt 0.815430 0.696289
vt 0.765625 0.703125
vt 0.765625 0.696289
vt 0.828125 0.540039
vt 0.830078 0.546875
vt 0.828125 0.546875
vt 0.815430 0.586914
vt 0.765625 0.593750
vt 0.765625 0.586914
vt 0.468750 0.187500
vt 0.470703 0.137695
vt 0.470703 0.187500
vt 0.500000 0.137695
vt 0.501953 0.187500
vt 0.501953 0.137695
vt 0.362305 0.330078
vt 0.343750 0.375000
vt 0.343750 0.330078
vt 0.487305 0.580078
vt 0.437500 0.625000
vt 0.437500 0.580078
vt 0.518555 0.330078
vt 0.500000 0.375000
vt 0.500000 0.330078
vt 0.049805 0.486328
vt 0.000000 0.531250
vt 0.000000 0.486328
vt 0.593750 0.453125
vt 0.612305 0.403320
vt 0.612305 0.453125
vt 0.562500 0.356445
vt 0.581055 0.406250
vt 0.581055 0.356445
vt 0.109375 0.108398
vt 0.111328 0.187500
vt 0.109375 0.187500
vt 0.190430 0.670898
vt 0.140625 0.750000
vt 0.140625 0.670898
vt 0.126953 0.108398
vt 0.125000 0.187500
vt 0.125000 0.108398
vt 0.299805 0.764648
vt 0.250000 0.843750
vt 0.250000 0.764648
vt 0.515625 0.187500
vt 0.517578 0.137695
vt 0.517578 0.187500
vt 0.531250 0.137695
vt 0.533203 0.187500
vt 0.533203 0.137695
vt 0.828125 0.524414
vt 0.830078 0.531250
vt 0.828125 0.531250
vt 0.815430 0.571289
vt 0.765625 0.578125
vt 0.765625 0.571289
vt 0.486328 0.165039
vt 0.484375 0.171875
vt 0.484375 0.165039
vt 0.815430 0.508789
vt 0.765625 0.515625
vt 0.765625 0.508789
vt 0.546875 0.187500
vt 0.548828 0.137695
vt 0.548828 0.187500
vt 0.562500 0.137695
vt 0.564453 0.187500
vt 0.564453 0.137695
vt 0.394531 0.295898
vt 0.375000 0.328125
vt 0.375000 0.295898
vt 0.664062 0.389648
vt 0.640625 0.389648
vt 0.691406 0.592773
vt 0.671875 0.625000
vt 0.671875 0.592773
vt 0.648438 0.327148
vt 0.625000 0.359375
vt 0.625000 0.327148
vt 0.156250 0.250000
vt 0.175781 0.226562
vt 0.175781 0.250000
vt 0.750000 0.820312
vt 0.769531 0.843750
vt 0.769531 0.820312
vt 0.000000 0.299805
vt 0.023438 0.328125
vt 0.000000 0.328125
vt 0.031250 0.299805
vt 0.054688 0.328125
vt 0.031250 0.328125
vt 0.085938 0.299805
vt 0.062500 0.328125
vt 0.062500 0.299805
vt 0.695312 0.784180
vt 0.671875 0.784180
vt 0.062500 0.296875
vt 0.085938 0.273438
vt 0.085938 0.296875
vt 0.703125 0.789062
vt 0.726562 0.812500
vt 0.726562 0.789062
vt 0.679688 0.967773
vt 0.656250 0.967773
vt 0.679688 0.920898
vt 0.656250 0.953125
vt 0.656250 0.920898
vt 0.656250 0.874023
vt 0.679688 0.906250
vt 0.656250 0.906250
vt 0.656250 0.827148
vt 0.679688 0.859375
vt 0.656250 0.859375
vt 0.703125 0.781250
vt 0.726562 0.757812
vt 0.726562 0.781250
vt 0.250000 0.273438
vt 0.273438 0.296875
vt 0.273438 0.273438
vt 0.593750 0.541992
vt 0.562500 0.578125
vt 0.562500 0.541992
vt 0.515625 0.401367
vt 0.484375 0.437500
vt 0.562500 0.416992
vt 0.609375 0.838867
vt 0.578125 0.875000
vt 0.578125 0.838867
vt 0.156250 0.406250
vt 0.156250 0.375000
vt 0.593750 0.734375
vt 0.593750 0.931641
vt 0.562500 0.931641
vt 0.593750 0.884766
vt 0.562500 0.921875
vt 0.562500 0.884766
vt 0.593750 0.728516
vt 0.562500 0.765625
vt 0.562500 0.728516
vt 0.593750 0.681641
vt 0.562500 0.718750
vt 0.562500 0.681641
vt 0.593750 0.671875
vt 0.625000 0.671875
vt 0.578125 0.791992
vt 0.609375 0.828125
vt 0.578125 0.828125
vt 0.187500 0.385742
vt 0.218750 0.421875
vt 0.187500 0.421875
vt 0.218750 0.385742
vt 0.250000 0.421875
vt 0.281250 0.385742
vt 0.250000 0.385742
vt 0.625000 0.640625
vt 0.375000 0.375000
vt 0.593750 0.634766
vt 0.562500 0.671875
vt 0.562500 0.634766
vt 0.250000 0.587891
vt 0.156250 0.625000
vt 0.156250 0.587891
vt 0.593750 0.587891
vt 0.562500 0.625000
vt 0.562500 0.587891
vt 0.343750 0.587891
vt 0.250000 0.625000
vt 0.000000 0.625000
vt 0.031250 0.531250
vt 0.031250 0.625000
vt 0.062500 0.531250
vt 0.531250 0.291016
vt 0.515625 0.328125
vt 0.515625 0.291016
vt 0.437500 0.587891
vt 0.343750 0.625000
vt 0.203125 0.275391
vt 0.187500 0.312500
vt 0.187500 0.275391
vt 0.484375 0.900391
vt 0.390625 0.937500
vt 0.390625 0.900391
vt 0.000000 0.484375
vt 0.015625 0.390625
vt 0.015625 0.484375
vt 0.031250 0.484375
vt 0.218750 0.275391
vt 0.203125 0.312500
vt 0.484375 0.853516
vt 0.390625 0.890625
vt 0.390625 0.853516
vt 0.234375 0.275391
vt 0.218750 0.312500
vt 0.484375 0.806641
vt 0.390625 0.843750
vt 0.390625 0.806641
vt 0.046875 0.390625
vt 0.046875 0.484375
vt 0.062500 0.484375
vt 0.679688 1.000000
vt 0.679688 0.874023
vt 0.679688 0.827148
vt 0.703125 0.757812
vt 0.695312 0.752930
vt 0.671875 0.781250
vt 0.671875 0.752930
vt 0.250000 0.299805
vt 0.273438 0.328125
vt 0.250000 0.328125
vt 0.671875 0.721680
vt 0.695312 0.750000
vt 0.671875 0.750000
vt 0.671875 0.690430
vt 0.695312 0.718750
vt 0.671875 0.718750
vt 0.726562 0.750000
vt 0.703125 0.726562
vt 0.726562 0.726562
vt 0.703125 0.695312
vt 0.726562 0.718750
vt 0.726562 0.695312
vt 0.820312 0.351562
vt 0.812500 0.359375
vt 0.812500 0.351562
vt 0.656250 0.179688
vt 0.664062 0.187500
vt 0.656250 0.187500
vt 0.820312 0.335938
vt 0.812500 0.343750
vt 0.812500 0.335938
vt 0.679688 0.179688
vt 0.671875 0.187500
vt 0.671875 0.179688
vt 0.812500 0.328125
vt 0.820312 0.320312
vt 0.820312 0.328125
vt 0.687500 0.179688
vt 0.695312 0.187500
vt 0.695312 0.179688
vt 0.820312 0.304688
vt 0.812500 0.312500
vt 0.812500 0.304688
vt 0.703125 0.179688
vt 0.710938 0.187500
vt 0.703125 0.187500
vt 0.820312 0.289062
vt 0.812500 0.296875
vt 0.812500 0.289062
vt 0.726562 0.179688
vt 0.718750 0.187500
vt 0.718750 0.179688
vt 0.812500 0.281250
vt 0.820312 0.273438
vt 0.820312 0.281250
vt 0.734375 0.179688
vt 0.742188 0.187500
vt 0.742188 0.179688
vt 0.820312 0.257812
vt 0.812500 0.265625
vt 0.812500 0.257812
vt 0.750000 0.179688
vt 0.757812 0.187500
vt 0.750000 0.187500
vt 0.773438 0.179688
vt 0.765625 0.187500
vt 0.765625 0.179688
vt 0.820312 0.226562
vt 0.812500 0.234375
vt 0.812500 0.226562
vt 0.781250 0.187500
vt 0.789062 0.179688
vt 0.789062 0.187500
vt 0.812500 0.210938
vt 0.820312 0.218750
vt 0.820312 0.210938
vt 0.820312 0.195312
vt 0.812500 0.203125
vt 0.812500 0.195312
vt 0.812500 0.179688
vt 0.820312 0.187500
vt 0.812500 0.187500
vt 0.007812 0.164062
vt 0.000000 0.171875
vt 0.000000 0.164062
vt 0.023438 0.164062
vt 0.015625 0.171875
vt 0.015625 0.164062
vt 0.828125 0.906250
vt 0.835938 0.898438
vt 0.835938 0.906250
vt 0.828125 0.882812
vt 0.835938 0.890625
vt 0.835938 0.882812
vt 0.835938 0.867188
vt 0.828125 0.875000
vt 0.828125 0.867188
vt 0.148438 0.164062
vt 0.140625 0.171875
vt 0.140625 0.164062
vt 0.828125 0.851562
vt 0.835938 0.859375
vt 0.828125 0.859375
vt 0.164062 0.164062
vt 0.156250 0.171875
vt 0.156250 0.164062
vt 0.835938 0.843750
vt 0.828125 0.835938
vt 0.835938 0.835938
vt 0.828125 0.820312
vt 0.835938 0.828125
vt 0.835938 0.820312
vt 0.830078 0.564453
vt 0.828125 0.593750
vt 0.828125 0.564453
vt 0.544922 0.939453
vt 0.500000 0.968750
vt 0.500000 0.939453
vt 0.421875 0.142578
vt 0.423828 0.171875
vt 0.421875 0.171875
vt 0.591797 0.970703
vt 0.546875 1.000000
vt 0.546875 0.970703
vt 0.593750 0.187500
vt 0.595703 0.142578
vt 0.595703 0.187500
vt 0.609375 0.142578
vt 0.611328 0.187500
vt 0.611328 0.142578
vt 0.830078 0.626953
vt 0.201172 0.656250
vt 0.830078 0.625000
vt 0.544922 1.000000
vt 0.812500 0.517578
vt 0.578125 0.187500
vt 0.450195 0.296875
vt 0.549805 0.193359
vt 0.715820 0.537109
vt 0.815430 0.468750
vt 0.750000 0.200195
vt 0.765625 0.218750
vt 0.195312 0.164062
vt 0.210938 0.164062
vt 0.226562 0.164062
vt 0.242188 0.171875
vt 0.828125 0.757812
vt 0.828125 0.750000
vt 0.721680 0.375000
vt 0.497070 0.968750
vt 0.721680 0.343750
vt 0.153320 0.593750
vt 0.250000 0.424805
vt 0.281250 0.515625
vt 0.673828 0.224609
vt 0.658203 0.765625
vt 0.705078 0.250000
vt 0.658203 0.708984
vt 0.687500 0.966797
vt 0.687500 0.919922
vt 0.078125 0.593750
vt 0.174805 0.515625
vt 0.562500 0.937500
vt 0.549805 0.843750
vt 0.328125 0.356445
vt 0.109375 0.406250
vt 0.527344 0.195312
vt 0.639648 1.000000
vt 0.792969 0.421875
vt 0.639648 0.945312
vt 0.703125 0.641602
vt 0.328125 0.250977
vt 0.114258 0.312500
vt 0.481445 0.796875
vt 0.708008 0.906250
vt 0.497070 1.000000
vt 0.187500 0.424805
vt 0.218750 0.515625
vt 0.576172 0.843750
vt 0.549805 0.937500
vt 0.763672 0.218750
vt 0.171875 0.325195
vt 0.281250 0.390625
vt 0.314453 0.250000
vt 0.626953 0.562500
vt 0.767578 0.662109
vt 0.642578 0.787109
vt 0.671875 0.437500
vt 0.593750 0.328125
vt 0.324219 0.218750
vt 0.327148 0.421875
vt 0.511719 0.195312
vt 0.624023 0.484375
vt 0.296875 0.250977
vt 0.312500 0.296875
vt 0.825195 0.430664
vt 0.162109 0.180664
vt 0.825195 0.415039
vt 0.833984 0.805664
vt 0.593750 0.218750
vt 0.609375 0.197266
vt 0.668945 0.484375
vt 0.201172 0.234375
vt 0.668945 0.453125
vt 0.779297 0.812500
vt 0.750000 0.390625
vt 0.765625 0.781250
vt 0.122070 0.328125
vt 0.653320 0.766602
vt 0.168945 0.328125
vt 0.653320 0.516602
vt 0.593750 0.640625
vt 0.700195 0.485352
vt 0.653320 0.515625
vt 0.700195 0.313477
vt 0.653320 0.500000
vt 0.375000 0.331055
vt 0.390625 0.406250
vt 0.715820 0.396484
vt 0.815430 0.453125
vt 0.731445 0.656250
vt 0.581055 0.203125
vt 0.781250 0.218750
vt 0.000000 0.184570
vt 0.825195 0.390625
vt 0.833984 0.796875
vt 0.637695 0.187500
vt 0.833984 0.781250
vt 0.625000 0.197266
vt 0.640625 0.218750
vt 0.026367 0.181641
vt 0.146484 0.250000
vt 0.807617 0.843750
vt 0.771484 0.875000
vt 0.187500 0.181641
vt 0.796875 0.812500
vt 0.666992 0.218750
vt 0.755859 0.750000
vt 0.682617 0.218750
vt 0.755859 0.696289
vt 0.203125 0.203125
vt 0.218750 0.181641
vt 0.698242 0.218750
vt 0.365234 0.265625
vt 0.713867 0.196289
vt 0.755859 0.633789
vt 0.796875 0.781250
vt 0.234375 0.203125
vt 0.625000 0.906250
vt 0.012695 0.234375
vt 0.028320 0.203125
vt 0.609375 0.565430
vt 0.750000 0.518555
vt 0.826172 0.375000
vt 0.333984 0.187500
vt 0.654297 0.187500
vt 0.833984 0.687500
vt 0.781250 0.791016
vt 0.296875 0.218750
vt 0.725586 0.290039
vt 0.804688 0.312500
vt 0.741211 1.000000
vt 0.804688 0.281250
vt 0.796875 0.406250
vt 0.796875 0.250000
vt 0.835938 0.734375
vt 0.835938 0.718750
vt 0.835938 0.703125
vt 0.320312 0.171875
vt 0.328125 0.171875
vt 0.828125 0.664062
vt 0.741211 0.946289
vt 0.804688 0.234375
vt 0.741211 0.937500
vt 0.804688 0.203125
vt 0.812500 0.992188
vt 0.812500 0.984375
vt 0.255859 0.169922
vt 0.411133 0.578125
vt 0.802734 0.716797
vt 0.489258 0.578125
vt 0.031250 0.234375
vt 0.046875 0.234375
vt 0.271484 0.169922
vt 0.690430 0.578125
vt 0.287109 0.169922
vt 0.471680 0.328125
vt 0.812500 0.653320
vt 0.812500 0.622070
vt 0.490234 0.203125
vt 0.318359 0.328125
vt 0.802734 0.407227
vt 0.693359 0.687500
vt 0.171875 0.187500
vt 0.812500 0.765625
vt 0.349609 0.203125
vt 0.129883 0.529297
vt 0.802734 0.656250
vt 0.504883 0.732422
vt 0.062500 0.166992
vt 0.078125 0.234375
vt 0.365234 0.203125
vt 0.502930 0.328125
vt 0.380859 0.203125
vt 0.690430 0.451172
vt 0.390625 0.187500
vt 0.406250 0.187500
vt 0.802734 0.344727
vt 0.365234 0.328125
vt 0.802734 0.343750
vt 0.693359 0.656250
vt 0.812500 0.734375
vt 0.296875 0.166016
vt 0.109375 0.375000
vt 0.237305 0.875000
vt 0.640625 0.431641
vt 0.081055 0.812500
vt 0.093750 0.387695
vt 0.546875 0.453125
vt 0.140625 0.515625
vt 0.515625 0.718750
vt 0.546875 0.375000
vt 0.640625 0.369141
vt 0.546875 0.359375
vt 0.656250 0.812500
vt 0.656250 0.947266
vt 0.239258 1.000000
vt 0.656250 0.875000
vt 0.239258 0.937500
vt 0.171875 0.401367
vt 0.468750 0.484375
vt 0.656250 0.603516
vt 0.656250 0.593750
vt 0.343750 0.525391
vt 0.328125 0.343750
vt 0.453125 0.298828
vt 0.315430 0.390625
vt 0.401367 1.000000
vt 0.627930 0.592773
vt 0.151367 0.608398
vt 0.343750 0.411133
vt 0.375000 0.484375
vt 0.331055 0.515625
vt 0.073242 1.000000
vt 0.502930 0.531250
vt 0.151367 1.000000
vt 0.406250 0.411133
vt 0.437500 0.411133
vt 0.518555 0.718750
vt 0.073242 0.906250
vt 0.518555 0.625000
vt 0.151367 0.906250
vt 0.515625 0.531250
vt 0.062500 0.468750
vt 0.487305 0.342773
vt 0.432617 0.750000
vt 0.612305 0.390625
vt 0.432617 0.687500
vt 0.531250 0.692383
vt 0.531250 0.687500
vt 0.018555 0.390625
vt 0.385742 0.826172
vt 0.049805 0.341797
vt 0.385742 0.812500
vt 0.531250 0.536133
vt 0.546875 0.770508
vt 0.081055 0.341797
vt 0.276367 0.687500
vt 0.627930 0.875000
vt 0.354492 0.687500
vt 0.546875 0.531250
vt 0.515625 0.453125
vt 0.643555 0.937500
vt 0.279297 0.750000
vt 0.143555 0.327148
vt 0.357422 0.750000
vt 0.484375 0.767578
vt 0.206055 0.327148
vt 0.076172 0.639648
vt 0.237305 0.375000
vt 0.388672 0.889648
vt 0.140625 0.484375
vt 0.515625 0.843750
vt 0.226562 0.208984
vt 0.072266 0.750000
vt 0.335938 0.250000
vt 0.322266 1.000000
vt 0.531250 0.240234
vt 0.726562 0.250000
vt 0.166992 0.812500
vt 0.742188 0.193359
vt 0.245117 0.812500
vt 0.234375 0.312500
vt 0.281250 0.239258
vt 0.752930 0.318359
vt 0.517578 0.224609
vt 0.752930 0.312500
vt 0.767578 0.421875
vt 0.093750 0.201172
vt 0.781250 0.888672
vt 0.752930 0.281250
vt 0.611328 0.224609
vt 0.768555 0.974609
vt 0.642578 0.250000
vt 0.125000 0.218750
vt 0.781250 0.875000
vt 0.362305 0.234375
vt 0.729492 0.281250
vt 0.784180 0.637695
vt 0.026367 0.265625
vt 0.062500 0.265625
vt 0.440430 0.203125
vt 0.465820 0.208984
vt 0.471680 0.193359
vt 0.809570 0.562500
vt 0.703125 0.578125
vt 0.703125 0.471680
vt 0.815430 0.500000
vt 0.809570 0.546875
vt 0.815430 0.484375
vt 0.497070 0.218750
vt 0.703125 0.440430
vt 0.703125 0.437500
vt 0.784180 0.606445
vt 0.213867 0.265625
vt 0.424805 0.234375
vt 0.760742 0.812500
vt 0.734375 0.754883
vt 0.250000 0.239258
vt 0.752930 0.458984
vt 0.392578 0.250000
vt 0.752930 0.453125
vt 0.455078 0.224609
vt 0.765625 0.250000
vt 0.781250 1.000000
vt 0.581055 0.265625
vt 0.767578 0.562500
vt 0.752930 0.349609
vt 0.486328 0.224609
vt 0.781250 0.951172
vt 0.781250 0.919922
vt 0.252930 0.234375
vt 0.463867 0.281250
vt 0.784180 0.747070
vt 0.745117 0.546875
vt 0.468750 0.254883
vt 0.500000 0.254883
vt 0.799805 0.531250
vt 0.793945 0.437500
vt 0.799805 0.390625
vt 0.809570 0.687500
vt 0.343750 0.268555
vt 0.703125 0.640625
vt 0.409180 0.193359
vt 0.809570 0.671875
vt 0.815430 0.609375
vt 0.403320 0.208984
vt 0.703125 0.609375
vt 0.406250 0.268555
vt 0.284180 0.215820
vt 0.620117 0.281250
vt 0.784180 0.734375
vt 0.745117 0.406250
vt 0.513672 0.390625
vt 0.431641 0.751953
vt 0.638672 0.656250
vt 0.712891 0.517578
vt 0.562500 0.271484
vt 0.578125 0.312500
vt 0.654297 0.375000
vt 0.712891 0.390625
vt 0.466797 0.330078
vt 0.728516 0.515625
vt 0.625000 0.312500
vt 0.687500 0.375000
vt 0.748047 0.562500
vt 0.833984 0.968750
vt 0.748047 0.414062
vt 0.833984 0.945312
vt 0.203125 0.234375
vt 0.156250 0.197266
vt 0.638672 0.265625
vt 0.833984 0.937500
vt 0.435547 0.187500
vt 0.833984 0.914062
vt 0.781250 0.822266
vt 0.171875 0.218750
vt 0.658203 0.312500
vt 0.706055 0.875000
vt 0.689453 0.281250
vt 0.765625 0.500000
vt 0.531250 0.216797
vt 0.752930 0.599609
vt 0.682617 0.515625
vt 0.424805 0.240234
vt 0.588867 0.343750
vt 0.093750 0.281250
vt 0.718750 0.906250
vt 0.784180 0.468750
vt 0.776367 0.968750
vt 0.581055 0.216797
vt 0.776367 0.937500
vt 0.125000 0.254883
vt 0.718750 0.875000
vt 0.017578 0.296875
vt 0.706055 0.812500
vt 0.048828 0.265625
vt 0.765625 0.357422
vt 0.765625 0.343750
vt 0.752930 0.593750
vt 0.682617 0.349609
vt 0.752930 0.515625
vt 0.682617 0.318359
vt 0.156250 0.254883
vt 0.718750 0.843750
vt 0.784180 0.312500
vt 0.120117 0.232422
vt 0.784180 0.281250
vt 0.776367 0.888672
vt 0.718750 0.687500
vt 0.375000 0.281250
vt 0.268555 0.375000
vt 0.487305 0.718750
vt 0.643555 0.703125
vt 0.487305 0.671875
vt 0.406250 0.356445
vt 0.437500 0.406250
vt 0.095703 0.187500
vt 0.299805 0.937500
vt 0.814453 0.827148
vt 0.127930 0.750000
vt 0.437500 0.137695
vt 0.453125 0.187500
vt 0.830078 0.562500
vt 0.815430 0.703125
vt 0.830078 0.540039
vt 0.815430 0.593750
vt 0.468750 0.137695
vt 0.500000 0.187500
vt 0.362305 0.375000
vt 0.487305 0.625000
vt 0.518555 0.375000
vt 0.049805 0.531250
vt 0.593750 0.403320
vt 0.562500 0.406250
vt 0.111328 0.108398
vt 0.190430 0.750000
vt 0.126953 0.187500
vt 0.299805 0.843750
vt 0.515625 0.137695
vt 0.531250 0.187500
vt 0.830078 0.524414
vt 0.815430 0.578125
vt 0.486328 0.171875
vt 0.815430 0.515625
vt 0.546875 0.137695
vt 0.562500 0.187500
vt 0.394531 0.328125
vt 0.664062 0.421875
vt 0.691406 0.625000
vt 0.648438 0.359375
vt 0.156250 0.226562
vt 0.750000 0.843750
vt 0.023438 0.299805
vt 0.054688 0.299805
vt 0.085938 0.328125
vt 0.695312 0.812500
vt 0.062500 0.273438
vt 0.703125 0.812500
vt 0.679688 0.953125
vt 0.250000 0.296875
vt 0.593750 0.578125
vt 0.515625 0.437500
vt 0.593750 0.416992
vt 0.593750 0.765625
vt 0.593750 0.921875
vt 0.593750 0.718750
vt 0.593750 0.703125
vt 0.609375 0.791992
vt 0.343750 0.406250
vt 0.593750 0.625000
vt 0.531250 0.328125
vt 0.484375 0.890625
vt 0.695312 0.781250
vt 0.273438 0.299805
vt 0.695312 0.721680
vt 0.695312 0.690430
vt 0.703125 0.750000
vt 0.703125 0.718750
vt 0.820312 0.359375
vt 0.664062 0.179688
vt 0.820312 0.343750
vt 0.679688 0.187500
vt 0.812500 0.320312
vt 0.687500 0.187500
vt 0.820312 0.312500
vt 0.710938 0.179688
vt 0.820312 0.296875
vt 0.726562 0.187500
vt 0.812500 0.273438
vt 0.734375 0.187500
vt 0.820312 0.265625
vt 0.757812 0.179688
vt 0.773438 0.187500
vt 0.820312 0.234375
vt 0.781250 0.179688
vt 0.812500 0.218750
vt 0.820312 0.203125
vt 0.820312 0.179688
vt 0.007812 0.171875
vt 0.023438 0.171875
vt 0.828125 0.898438
vt 0.828125 0.890625
vt 0.835938 0.875000
vt 0.148438 0.171875
vt 0.835938 0.851562
vt 0.164062 0.171875
vt 0.828125 0.843750
vt 0.828125 0.828125
vt 0.830078 0.593750
vt 0.544922 0.968750
vt 0.423828 0.142578
vt 0.591797 1.000000
vt 0.593750 0.142578
vt 0.609375 0.187500
s 1
usemtl m_7fbea7b8-97cf-5628-7596-bcb2567b5cad
f 4/1/1 5/2/1 2/3/1
f 4/4/2 1/5/2 3/6/2
f 3/7/3 6/8/3 8/9/3
f 8/10/4 5/11/4 7/12/4
f 1/13/5 5/14/5 6/15/5
f 4/16/6 8/17/6 7/18/6
f 15/19/7 10/20/7 12/21/8
f 11/22/9 10/23/10 9/24/9
f 16/25/11 9/26/11 14/27/11
f 16/28/12 13/29/12 15/30/13
f 9/31/14 13/32/14 14/33/14
f 12/34/15 16/35/15 15/36/15
f 20/37/16 21/38/16 18/39/16
f 19/40/17 18/41/18 17/42/17
f 24/43/19 17/44/19 22/45/19
f 24/46/20 21/47/20 23/48/20
f 17/49/21 21/50/21 22/51/21
f 20/52/22 24/53/22 23/54/22
f 31/55/3 26/56/3 28/57/3
f 28/58/23 25/59/23 27/60/23
f 27/61/1 30/62/1 32/63/1
f 32/64/24 29/65/24 31/66/24
f 25/67/25 29/68/25 30/69/25
f 28/70/26 32/71/26 31/72/26
f 36/73/27 37/74/27 34/75/27
f 36/76/28 33/77/28 35/78/28
f 35/79/29 38/80/29 40/81/29
f 39/82/30 38/83/30 37/84/30
f 33/85/31 37/86/31 38/87/31
f 39/88/32 35/89/32 40/90/32
f 44/65/33 45/91/33 42/92/33
f 44/93/34 41/94/34 43/95/34
f 48/96/35 41/97/35 46/98/35
f 47/99/36 46/100/36 45/101/36
f 41/102/37 45/103/37 46/104/37
f 44/105/38 48/106/38 47/107/38
f 52/108/39 53/109/39 50/110/39
f 52/111/40 49/112/40 51/113/40
f 51/114/41 54/115/41 56/116/41
f 55/117/42 54/118/42 53/119/42
f 49/120/43 53/121/43 54/122/43
f 55/123/44 51/124/45 56/125/45
f 63/126/3 58/127/3 60/128/3
f 60/129/23 57/130/23 59/131/23
f 59/132/1 62/133/1 64/134/1
f 64/135/24 61/136/24 63/137/24
f 57/138/25 61/139/25 62/140/25
f 60/141/26 64/142/26 63/143/26
f 68/144/46 69/145/46 66/146/46
f 68/147/47 65/148/47 67/149/47
f 72/31/48 65/150/48 70/151/48
f 72/100/49 69/149/49 71/101/49
f 65/152/38 69/153/38 70/154/38
f 68/155/37 72/156/37 71/157/37
f 79/158/50 74/159/50 76/160/50
f 76/161/51 73/162/51 75/163/51
f 80/164/52 73/165/52 78/166/52
f 79/167/53 78/168/53 77/169/53
f 78/170/54 74/171/54 77/172/54
f 76/173/55 80/174/55 79/175/55
f 87/176/56 82/177/56 84/178/56
f 84/179/57 81/180/57 83/181/57
f 88/182/58 81/183/58 86/184/59
f 88/185/60 85/186/60 87/187/60
f 81/188/61 85/189/61 86/190/61
f 84/191/62 88/192/63 87/193/62
f 92/194/64 93/195/64 90/196/64
f 91/197/65 90/198/65 89/199/65
f 96/200/66 89/201/66 94/202/66
f 95/203/67 94/204/68 93/205/67
f 94/206/14 90/207/14 93/208/14
f 95/209/69 91/210/69 96/211/69
f 103/212/70 98/213/70 100/214/70
f 100/215/71 97/216/71 99/217/71
f 99/218/72 102/219/72 104/220/72
f 104/221/73 101/222/73 103/223/73
f 102/224/24 98/225/24 101/226/24
f 100/227/23 104/228/23 103/229/23
f 111/230/74 106/231/74 108/232/74
f 107/233/75 106/234/75 105/235/75
f 107/236/76 110/237/76 112/238/76
f 111/239/77 110/240/77 109/241/77
f 110/242/14 106/243/14 109/244/14
f 108/245/15 112/246/15 111/247/15
f 116/248/78 117/249/78 114/250/78
f 116/251/79 113/252/79 115/253/79
f 120/254/80 113/255/80 118/256/80
f 120/257/81 117/258/81 119/259/81
f 113/260/82 117/261/82 118/262/82
f 116/263/83 120/264/83 119/265/83
f 124/266/84 125/267/84 122/268/84
f 124/269/85 121/270/85 123/271/85
f 123/272/86 126/273/86 128/274/86
f 128/275/87 125/276/88 127/277/88
f 126/278/82 122/279/82 125/280/89
f 127/281/83 123/282/83 128/283/90
f 135/284/91 130/285/91 132/286/91
f 132/287/92 129/288/93 131/289/93
f 131/290/94 134/291/94 136/292/94
f 136/293/95 133/294/95 135/295/95
f 129/296/82 133/297/82 134/298/82
f 132/299/90 136/300/90 135/301/90
f 140/302/23 141/303/23 138/304/23
f 140/305/96 137/306/96 139/307/96
f 139/308/24 142/309/24 144/310/24
f 144/311/97 141/312/97 143/313/97
f 137/314/98 141/315/98 142/316/98
f 140/317/99 144/318/99 143/319/99
f 151/320/100 146/321/100 148/322/100
f 148/323/101 145/324/101 147/325/101
f 147/326/102 150/327/102 152/328/102
f 151/329/103 150/330/103 149/331/103
f 150/332/104 146/333/104 149/334/104
f 151/335/105 147/336/105 152/337/105
f 159/338/106 154/339/106 156/340/106
f 156/341/107 153/342/107 155/343/107
f 160/344/108 153/345/108 158/346/108
f 159/347/109 158/348/109 157/349/109
f 158/350/110 154/351/110 157/352/110
f 156/353/111 160/354/111 159/355/111
f 164/356/70 165/357/70 162/358/70
f 164/283/112 161/359/112 163/282/112
f 163/360/113 166/356/113 168/361/113
f 167/304/114 166/362/114 165/363/114
f 161/364/115 165/365/115 166/366/115
f 167/367/116 163/368/116 168/369/116
f 175/370/23 170/371/23 172/372/23
f 172/373/113 169/374/113 171/375/113
f 171/376/24 174/377/24 176/378/24
f 176/379/70 173/380/70 175/381/70
f 169/382/71 173/383/71 174/384/71
f 172/385/73 176/386/73 175/387/117
f 180/388/70 181/389/70 178/390/118
f 180/391/112 177/392/112 179/393/112
f 179/394/72 182/395/72 184/396/72
f 184/397/114 181/398/114 183/399/114
f 182/400/115 178/401/115 181/402/115
f 180/403/116 184/404/116 183/405/116
f 191/406/119 186/407/119 188/408/119
f 188/409/120 185/410/120 187/411/120
f 187/412/121 190/413/121 192/414/121
f 192/415/122 189/416/123 191/417/124
f 190/418/125 186/419/125 189/420/125
f 191/421/126 187/422/126 192/423/126
f 196/424/70 197/425/70 194/426/118
f 196/427/112 193/428/112 195/429/112
f 195/430/72 198/431/72 200/432/72
f 200/433/114 197/434/114 199/435/114
f 193/436/115 197/437/115 198/438/115
f 196/439/116 200/440/116 199/441/116
f 204/442/127 205/443/128 202/444/128
f 204/445/129 201/446/129 203/447/129
f 208/448/130 201/449/130 206/450/130
f 208/451/131 205/452/131 207/453/131
f 206/454/132 202/455/133 205/456/133
f 204/457/134 208/458/135 207/459/136
f 212/460/137 213/461/137 210/462/137
f 212/463/138 209/464/138 211/465/139
f 216/466/140 209/467/140 214/468/140
f 216/469/141 213/470/141 215/471/142
f 209/472/133 213/473/143 214/474/133
f 215/475/136 211/476/136 216/477/136
f 223/478/144 218/479/144 220/480/144
f 220/481/145 217/482/145 219/483/145
f 224/484/146 217/485/146 222/486/146
f 224/487/147 221/488/147 223/489/147
f 222/490/148 218/491/143 221/492/143
f 220/493/149 224/494/149 223/495/149
f 231/496/150 226/497/151 228/498/150
f 227/499/152 226/500/152 225/501/152
f 227/502/153 230/503/153 232/504/154
f 231/505/155 230/506/155 229/507/155
f 225/508/156 229/509/157 230/510/156
f 228/511/158 232/512/159 231/513/158
f 239/514/160 234/515/160 236/516/160
f 236/517/161 233/518/161 235/519/162
f 235/520/163 238/521/163 240/522/163
f 239/523/164 238/524/164 237/525/164
f 238/526/157 234/527/165 237/528/165
f 236/529/158 240/530/158 239/531/158
f 244/532/166 245/533/166 242/534/166
f 244/535/167 241/536/167 243/537/167
f 243/538/168 246/539/168 248/540/168
f 248/541/169 245/542/169 247/543/169
f 246/544/170 242/545/165 245/546/165
f 247/547/171 243/548/171 248/549/171
f 255/550/1 250/551/1 252/552/1
f 252/553/172 249/554/172 251/555/172
f 256/556/3 249/213/3 254/557/3
f 256/558/173 253/559/173 255/560/173
f 249/561/174 253/562/174 254/563/174
f 252/564/175 256/565/175 255/566/175
f 263/567/176 258/568/176 260/569/176
f 259/570/177 258/571/177 257/572/177
f 264/567/178 257/573/178 262/574/178
f 263/575/179 262/576/179 261/571/179
f 257/577/180 261/578/180 262/579/181
f 263/580/182 259/581/182 264/582/182
f 271/583/183 266/584/183 268/585/183
f 268/586/184 265/587/184 267/588/184
f 272/589/185 265/590/185 270/591/185
f 272/592/186 269/593/186 271/586/186
f 270/594/187 266/595/187 269/596/187
f 268/597/188 272/598/188 271/599/188
f 276/600/1 277/601/1 274/602/1
f 276/603/189 273/604/189 275/605/189
f 275/606/3 278/607/3 280/608/3
f 280/609/190 277/610/190 279/611/190
f 273/612/191 277/613/191 278/614/191
f 276/615/192 280/616/192 279/617/192
f 284/618/193 285/619/193 282/620/193
f 283/592/194 282/621/194 281/622/194
f 283/623/195 286/624/195 288/625/195
f 287/626/196 286/446/196 285/621/196
f 281/627/197 285/542/197 286/628/197
f 284/124/198 288/629/198 287/630/198
f 292/631/199 293/632/199 290/573/199
f 292/633/200 289/576/200 291/634/200
f 291/635/201 294/636/201 296/637/201
f 296/638/202 293/639/202 295/640/202
f 294/542/203 290/641/203 293/642/203
f 292/636/204 296/642/204 295/643/204
f 303/644/205 298/645/205 300/646/205
f 300/647/206 297/648/206 299/649/206
f 304/650/207 297/651/207 302/652/207
f 303/653/208 302/654/208 301/655/208
f 297/656/209 301/657/209 302/658/209
f 300/659/210 304/660/210 303/661/210
f 311/662/211 306/663/211 308/664/211
f 308/665/212 305/666/212 307/667/212
f 307/668/213 310/669/213 312/670/213
f 312/671/214 309/672/214 311/673/214
f 305/674/1 309/675/1 310/676/1
f 311/677/3 307/678/3 312/679/3
f 319/680/215 314/681/215 316/682/215
f 316/683/216 313/684/216 315/685/216
f 315/686/217 318/687/217 320/688/217
f 320/689/218 317/690/218 319/691/218
f 318/692/1 314/693/1 317/694/1
f 316/695/3 320/696/3 319/697/3
f 324/698/219 325/699/219 322/700/219
f 324/701/220 321/702/220 323/703/220
f 323/704/221 326/705/221 328/706/221
f 328/707/222 325/708/222 327/709/222
f 321/582/209 325/710/209 326/711/209
f 324/712/210 328/713/210 327/714/210
f 335/715/223 330/716/223 332/717/223
f 331/718/224 330/719/224 329/720/224
f 336/721/225 329/722/225 334/723/225
f 336/724/226 333/725/226 335/726/226
f 329/727/227 333/728/227 334/729/227
f 335/730/228 331/731/228 336/732/228
f 340/733/229 341/734/229 338/735/229
f 340/736/230 337/737/230 339/738/230
f 339/739/231 342/740/231 344/741/231
f 344/742/232 341/743/232 343/744/232
f 342/745/227 338/746/227 341/747/227
f 340/748/228 344/749/228 343/750/228
f 351/751/233 346/357/233 348/752/233
f 348/753/234 345/754/234 347/755/235
f 352/756/236 345/757/236 350/758/236
f 352/759/237 349/760/237 351/761/237
f 345/99/238 349/762/238 350/763/238
f 348/764/239 352/765/239 351/766/239
f 356/767/240 357/768/240 354/769/240
f 355/770/241 354/771/241 353/772/242
f 355/773/243 358/774/243 360/775/243
f 359/776/244 358/777/244 357/778/244
f 358/779/238 354/780/238 357/781/238
f 356/782/239 360/783/239 359/784/239
f 364/785/245 365/786/246 362/787/246
f 364/788/247 361/789/247 363/790/247
f 363/791/248 366/792/248 368/793/248
f 368/794/249 365/795/249 367/796/249
f 361/797/250 365/798/250 366/799/250
f 364/800/251 368/801/251 367/802/251
f 375/803/252 370/804/253 372/805/252
f 372/806/254 369/807/254 371/808/254
f 376/809/255 369/810/255 374/811/255
f 376/812/256 373/813/256 375/814/256
f 374/815/257 370/816/258 373/817/258
f 375/818/259 371/819/260 376/820/260
f 380/821/261 381/822/261 378/823/261
f 379/824/262 378/825/262 377/826/262
f 379/827/263 382/828/263 384/829/263
f 384/830/264 381/831/264 383/832/264
f 377/833/265 381/834/265 382/835/265
f 383/836/266 379/837/266 384/838/266
f 391/839/267 386/840/267 388/841/267
f 387/842/268 386/843/268 385/844/268
f 392/845/269 385/846/269 390/847/269
f 392/848/270 389/849/270 391/850/270
f 390/851/265 386/852/265 389/853/265
f 388/854/266 392/855/266 391/856/266
f 399/857/267 394/858/267 396/859/267
f 396/860/268 393/861/268 395/862/268
f 400/863/269 393/864/269 398/865/269
f 400/866/270 397/867/270 399/868/270
f 398/869/265 394/870/265 397/871/265
f 396/872/266 400/873/266 399/874/266
f 407/875/267 402/876/267 404/877/267
f 403/878/268 402/879/268 401/880/268
f 408/881/269 401/882/269 406/883/271
f 408/884/270 405/885/270 407/886/270
f 406/887/265 402/888/265 405/889/265
f 407/890/266 403/891/266 408/892/266
f 415/893/261 410/894/261 412/895/261
f 412/896/262 409/897/262 411/898/262
f 411/899/263 414/900/263 416/901/263
f 416/902/264 413/903/264 415/904/264
f 409/905/265 413/906/265 414/907/265
f 412/908/266 416/909/266 415/910/266
f 420/911/261 421/912/261 418/913/261
f 420/914/262 417/915/262 419/916/262
f 419/917/263 422/918/263 424/919/263
f 424/920/264 421/921/264 423/922/264
f 417/923/265 421/924/265 422/925/265
f 423/926/266 419/927/266 424/928/266
f 428/929/272 429/930/272 426/931/272
f 428/932/273 425/933/273 427/934/273
f 427/935/274 430/936/274 432/937/274
f 431/938/275 430/939/275 429/940/275
f 430/941/276 426/942/276 429/943/276
f 428/944/277 432/945/277 431/946/277
f 439/947/278 434/948/278 436/949/278
f 436/950/279 433/951/279 435/952/279
f 440/953/280 433/954/280 438/955/280
f 439/956/281 438/957/281 437/958/281
f 433/959/276 437/960/276 438/961/276
f 439/962/277 435/963/277 440/964/277
f 447/965/278 442/966/278 444/967/278
f 444/968/279 441/969/279 443/970/279
f 448/971/280 441/972/280 446/973/280
f 448/974/281 445/975/281 447/976/281
f 441/977/276 445/978/276 446/979/276
f 447/980/277 443/981/277 448/982/277
f 455/983/278 450/369/278 452/984/278
f 452/985/279 449/986/279 451/987/279
f 451/988/280 454/989/280 456/990/280
f 456/991/281 453/992/281 455/993/281
f 449/630/276 453/994/276 454/995/276
f 452/996/277 456/997/277 455/998/277
f 460/999/272 461/1000/272 458/1001/282
f 460/1002/273 457/1003/273 459/1004/273
f 459/1005/274 462/1006/274 464/1007/274
f 463/1008/275 462/1009/275 461/1010/275
f 462/1011/276 458/1012/276 461/1013/276
f 463/1014/277 459/1015/277 464/1016/277
f 468/1017/272 469/1018/272 466/1019/272
f 468/1020/273 465/1021/273 467/1022/273
f 467/1023/274 470/1024/274 472/1025/274
f 472/1026/275 469/1027/275 471/1028/275
f 470/1029/276 466/1030/276 469/1031/276
f 468/1032/277 472/1033/277 471/1034/277
f 479/1035/283 474/1036/283 476/1037/283
f 475/1038/284 474/1039/284 473/1040/284
f 475/1041/285 478/1042/285 480/1043/285
f 479/635/286 478/1044/286 477/1045/286
f 473/596/287 477/1046/287 478/1047/287
f 476/1048/288 480/1049/288 479/1050/288
f 487/1051/289 482/1052/289 484/1053/289
f 484/1054/290 481/1055/290 483/1056/290
f 488/1057/291 481/1058/291 486/632/291
f 488/1059/292 485/1060/292 487/1061/292
f 486/1062/287 482/1063/287 485/1064/287
f 484/1065/288 488/1066/288 487/1067/288
f 495/1068/289 490/1069/289 492/1070/289
f 492/1071/290 489/1072/290 491/1073/290
f 496/1074/291 489/1075/291 494/1076/291
f 495/1077/292 494/1078/292 493/1079/292
f 494/1080/287 490/1081/287 493/1082/287
f 495/1083/288 491/1084/288 496/1085/288
f 503/1086/283 498/1087/283 500/1088/283
f 500/1089/284 497/1090/284 499/1091/284
f 499/1092/285 502/1093/285 504/1094/285
f 503/1095/286 502/1096/286 501/1097/286
f 497/1098/287 501/1099/287 502/1100/287
f 500/1101/288 504/1102/288 503/1103/288
f 508/1104/293 509/1105/293 506/1106/293
f 508/1107/294 505/1108/294 507/1109/294
f 507/1110/295 510/1111/295 512/1112/295
f 511/1113/296 510/1114/296 509/1115/296
f 510/1116/297 506/1117/297 509/1118/297
f 511/1119/298 507/1120/298 512/1121/298
f 516/1122/293 517/1123/293 514/1124/293
f 516/1125/294 513/1126/294 515/1127/294
f 520/1128/295 513/1129/295 518/1130/295
f 520/1131/296 517/1132/296 519/1133/296
f 518/1134/297 514/1135/297 517/1136/297
f 516/1137/298 520/1138/298 519/1139/298
f 527/1140/293 522/1141/293 524/1142/293
f 524/1143/294 521/1144/294 523/1145/294
f 528/1146/295 521/1147/295 526/1148/295
f 528/1149/296 525/1150/296 527/1151/296
f 521/1104/297 525/1152/297 526/1153/297
f 524/1154/298 528/1155/298 527/1156/298
f 532/1157/299 533/1158/299 530/1159/299
f 532/1160/300 529/1161/300 531/867/300
f 536/1162/301 529/1110/301 534/1112/301
f 535/1163/302 534/1164/302 533/1165/302
f 529/1166/297 533/1167/297 534/1168/297
f 532/1169/298 536/1170/298 535/1171/298
f 543/1172/299 538/1173/299 540/1174/299
f 539/1175/300 538/1176/300 537/1177/300
f 539/1178/301 542/1179/301 544/1180/301
f 543/1181/302 542/1182/302 541/1183/302
f 537/1157/297 541/1184/297 542/1185/297
f 540/1186/298 544/1187/298 543/1188/298
f 551/1189/299 546/1190/299 548/1191/299
f 547/1192/300 546/1193/300 545/1194/300
f 547/1195/301 550/1196/301 552/1197/301
f 551/1198/302 550/1199/302 549/1200/302
f 550/1201/297 546/1202/297 549/1203/297
f 548/1204/298 552/1205/298 551/1206/298
f 556/1104/293 557/1105/293 554/1106/293
f 556/1107/294 553/1108/294 555/1109/294
f 555/1110/295 558/1111/295 560/1112/295
f 559/1113/296 558/1114/296 557/1115/296
f 558/1116/297 554/1117/297 557/1118/297
f 559/1119/298 555/1120/298 560/1121/298
f 567/1207/3 562/1208/3 564/1209/3
f 564/1210/190 561/1211/190 563/1212/190
f 563/1213/1 566/1214/1 568/1215/1
f 568/1216/189 565/1217/189 567/1218/189
f 561/1219/191 565/1220/191 566/1221/191
f 564/1222/192 568/1223/192 567/1224/192
f 575/1225/3 570/1226/3 572/1227/3
f 572/1228/216 569/1229/216 571/1230/216
f 576/1231/1 569/1232/1 574/1233/1
f 576/1234/218 573/1235/218 575/1236/218
f 569/1237/303 573/1238/303 574/1239/303
f 572/1240/217 576/1241/217 575/1242/217
f 583/1243/3 578/1244/3 580/1245/3
f 580/1246/304 577/1247/304 579/1248/304
f 584/1249/1 577/1250/1 582/1251/1
f 584/1252/305 581/1253/305 583/1254/305
f 577/1255/306 581/1256/306 582/1257/306
f 580/1258/307 584/1259/307 583/1260/307
f 591/1261/3 586/1262/3 588/1263/3
f 588/1264/173 585/1265/173 587/1266/173
f 587/1267/1 590/1268/1 592/1269/1
f 592/1270/172 589/1271/172 591/1272/172
f 585/1273/174 589/1274/174 590/1275/174
f 588/1276/175 592/1277/175 591/1278/175
f 596/1279/3 597/1280/3 594/1281/3
f 596/1282/212 593/1283/212 595/1284/212
f 595/1285/1 598/1286/1 600/1287/1
f 600/1288/214 597/1289/214 599/1290/214
f 593/1291/308 597/1292/308 598/1293/308
f 596/1294/213 600/1295/213 599/1296/213
f 604/1297/3 605/1298/3 602/1299/3
f 604/1300/309 601/1301/309 603/1302/309
f 603/1303/1 606/1304/1 608/1305/1
f 608/1306/310 605/1307/310 607/1308/310
f 601/1309/311 605/1310/311 606/1311/311
f 604/1312/312 608/1313/312 607/1314/312
f 615/1261/3 610/1262/3 612/1263/3
f 612/1264/173 609/1265/173 611/1266/173
f 611/1267/1 614/1268/1 616/1269/1
f 616/1270/172 613/1271/172 615/1272/172
f 609/1273/174 613/1274/174 614/1275/174
f 612/1276/175 616/1277/175 615/1278/175
f 623/1315/313 618/1316/313 620/1317/313
f 620/1318/23 617/590/23 619/1319/23
f 619/1320/314 622/1321/314 624/1322/314
f 624/1323/24 621/1324/24 623/1325/24
f 617/1326/315 621/1327/315 622/1328/315
f 620/1329/316 624/1330/316 623/1331/316
f 628/1332/317 629/1333/317 626/1334/317
f 627/1335/318 626/1336/318 625/1337/318
f 627/1338/319 630/1339/319 632/1340/319
f 632/1341/320 629/598/320 631/1342/320
f 625/1343/321 629/1344/321 630/1345/321
f 628/1346/322 632/1347/322 631/1348/322
f 639/1349/323 634/601/323 636/1350/323
f 636/1351/324 633/1352/324 635/1353/324
f 640/1354/325 633/1355/325 638/1356/325
f 639/1357/326 638/1358/326 637/1359/326
f 633/1360/321 637/1361/321 638/1362/321
f 636/1363/322 640/1364/322 639/1365/322
f 647/1366/327 642/1367/327 644/1368/327
f 644/1369/328 641/1370/328 643/617/328
f 648/1371/329 641/1273/329 646/565/329
f 648/1372/330 645/1373/330 647/1374/330
f 646/1375/331 642/758/331 645/1376/331
f 644/1377/332 648/77/332 647/84/332
f 655/1378/333 650/97/333 652/1379/333
f 652/1380/23 649/1381/23 651/1382/23
f 651/1383/334 654/1384/334 656/1385/334
f 656/1386/24 653/1387/24 655/1388/24
f 649/1377/335 653/1214/335 654/84/335
f 652/1389/336 656/1214/336 655/1390/336
f 660/1391/337 661/1392/337 658/1393/337
f 659/1394/338 658/1395/338 657/1396/338
f 664/1397/339 657/1398/339 662/1395/339
f 664/1399/340 661/1398/340 663/1400/340
f 657/1389/331 661/1401/331 662/1390/331
f 660/1262/332 664/260/332 663/1402/332
f 671/1403/3 666/1404/3 668/1405/3
f 668/1406/23 665/1407/23 667/1408/23
f 667/1409/1 670/1410/1 672/1411/1
f 672/1412/24 669/1413/24 671/1406/24
f 665/1414/25 669/1415/25 670/1416/25
f 668/1415/26 672/92/26 671/1417/26
f 679/1418/3 674/1419/3 676/1420/3
f 676/1421/23 673/1422/23 675/1412/23
f 675/1423/1 678/1424/1 680/1425/1
f 680/1426/24 677/1427/24 679/1428/24
f 673/1429/25 677/1430/25 678/1431/25
f 676/1430/26 680/1432/26 679/723/26
f 687/1433/3 682/1434/3 684/1423/3
f 684/1435/23 681/1436/23 683/1437/23
f 683/1438/1 686/1439/1 688/1433/1
f 688/1440/24 685/1441/24 687/1442/24
f 681/1432/25 685/1443/25 686/1444/25
f 684/1443/26 688/1445/26 687/735/26
f 692/1350/323 693/1446/323 690/601/323
f 692/1351/324 689/1352/324 691/1353/324
f 691/1447/325 694/1356/325 696/1354/325
f 696/1448/326 693/1359/326 695/1357/326
f 694/1362/321 690/1449/321 693/1361/321
f 692/1363/322 696/1364/322 695/1365/322
f 703/1450/317 698/1451/317 700/1452/317
f 699/1453/318 698/1454/318 697/1455/318
f 704/1456/319 697/1457/319 702/1458/319
f 703/1459/320 702/1460/320 701/1461/320
f 702/1462/321 698/1463/321 701/1464/321
f 700/1465/322 704/1466/322 703/1467/322
f 711/1468/341 706/1469/341 708/1470/341
f 707/1471/24 706/1472/24 705/1473/24
f 707/1474/342 710/1475/342 712/1476/342
f 712/1477/23 709/1478/23 711/1479/23
f 705/1480/343 709/1481/343 710/1482/343
f 708/1483/344 712/1484/344 711/1485/344
f 719/1486/341 714/1487/341 716/1488/341
f 715/1489/24 714/1490/24 713/1491/24
f 715/1492/342 718/1493/342 720/1494/342
f 720/1495/23 717/1496/23 719/1497/23
f 713/1498/343 717/1499/343 718/1500/343
f 716/1501/344 720/1502/344 719/1503/344
f 727/1504/341 722/1505/341 724/1506/341
f 723/1507/24 722/1508/24 721/1509/24
f 723/1510/342 726/1511/342 728/1512/342
f 728/1513/23 725/1514/23 727/1515/23
f 721/1516/343 725/1517/343 726/1518/343
f 724/1519/344 728/1520/344 727/1521/344
f 735/1522/341 730/1523/341 732/1524/341
f 731/1525/24 730/1526/24 729/1527/24
f 731/1528/342 734/1529/342 736/1530/342
f 736/1531/23 733/1532/23 735/1533/23
f 729/1534/343 733/1535/343 734/1536/343
f 732/1537/344 736/1538/344 735/1539/344
f 743/1540/345 738/1541/345 740/1542/345
f 740/1543/344 737/1544/344 739/1545/344
f 744/1546/346 737/1547/346 742/1548/346
f 744/1549/343 741/1550/343 743/1551/343
f 742/1552/347 738/1553/347 741/1554/347
f 740/1555/348 744/1556/348 743/1557/348
f 751/1558/1 746/1559/1 748/1560/1
f 748/1561/349 745/1562/349 747/1563/349
f 752/1564/3 745/1565/3 750/1566/3
f 752/1567/350 749/1568/350 751/1569/350
f 745/1570/351 749/1571/351 750/1572/351
f 748/1573/352 752/1574/352 751/1575/352
f 4/1/1 7/1576/1 5/2/1
f 4/4/2 2/1577/2 1/5/2
f 3/7/3 1/1578/3 6/8/3
f 8/10/4 6/1579/4 5/11/4
f 1/13/5 2/1580/5 5/14/5
f 4/16/6 3/1581/6 8/17/6
f 15/19/7 13/1582/7 10/20/7
f 11/22/9 12/1583/10 10/23/10
f 16/25/11 11/1584/11 9/26/11
f 16/28/12 14/1585/12 13/29/12
f 9/31/14 10/1586/353 13/32/14
f 12/34/15 11/1587/69 16/35/15
f 20/37/16 23/1588/16 21/38/16
f 19/40/17 20/1589/354 18/41/18
f 24/43/19 19/1590/19 17/44/19
f 24/46/20 22/1591/20 21/47/20
f 17/49/21 18/1592/21 21/50/21
f 20/52/22 19/1593/22 24/53/22
f 31/55/3 29/1594/3 26/56/3
f 28/58/23 26/1595/23 25/59/23
f 27/61/1 25/1596/1 30/62/1
f 32/64/24 30/1597/24 29/65/24
f 25/67/25 26/1598/25 29/68/25
f 28/70/26 27/1599/26 32/71/26
f 36/73/27 39/1600/27 37/74/27
f 36/76/28 34/1601/28 33/77/28
f 35/79/29 33/1602/29 38/80/29
f 39/82/30 40/1603/30 38/83/30
f 33/85/31 34/1604/31 37/86/31
f 39/88/32 36/1605/32 35/89/32
f 44/65/33 47/1606/355 45/91/33
f 44/93/34 42/1607/34 41/94/34
f 48/96/35 43/1608/35 41/97/35
f 47/99/36 48/1609/36 46/100/36
f 41/102/37 42/1610/37 45/103/37
f 44/105/38 43/1611/38 48/106/38
f 52/108/39 55/1612/39 53/109/39
f 52/111/40 50/1613/40 49/112/40
f 51/114/41 49/1614/356 54/115/41
f 55/117/42 56/1615/42 54/118/42
f 49/120/43 50/1616/43 53/121/43
f 55/123/44 52/1617/44 51/124/45
f 63/126/3 61/1618/3 58/127/3
f 60/129/23 58/1619/23 57/130/23
f 59/132/1 57/1620/1 62/133/1
f 64/135/24 62/1621/24 61/136/24
f 57/138/25 58/1622/25 61/139/25
f 60/141/26 59/1623/26 64/142/26
f 68/144/46 71/1624/46 69/145/46
f 68/147/47 66/1625/47 65/148/47
f 72/31/48 67/1626/48 65/150/48
f 72/100/49 70/147/49 69/149/49
f 65/152/38 66/1627/38 69/153/38
f 68/155/37 67/1628/37 72/156/37
f 79/158/50 77/1629/50 74/159/50
f 76/161/51 74/1630/51 73/162/51
f 80/164/52 75/1631/52 73/165/52
f 79/167/53 80/1632/53 78/168/53
f 78/170/54 73/1633/54 74/171/54
f 76/173/55 75/1634/55 80/174/55
f 87/176/56 85/1635/56 82/177/56
f 84/179/57 82/1636/57 81/180/57
f 88/182/58 83/1637/58 81/183/58
f 88/185/60 86/1638/60 85/186/60
f 81/188/61 82/1639/61 85/189/61
f 84/191/62 83/1640/63 88/192/63
f 92/194/64 95/1641/64 93/195/64
f 91/197/65 92/1642/65 90/198/65
f 96/200/66 91/1643/66 89/201/66
f 95/203/67 96/1644/68 94/204/68
f 94/206/14 89/1645/14 90/207/14
f 95/209/69 92/1646/69 91/210/69
f 103/212/70 101/1647/118 98/213/70
f 100/215/71 98/1648/71 97/216/71
f 99/218/72 97/1649/72 102/219/72
f 104/221/73 102/1650/73 101/222/73
f 102/224/24 97/1651/24 98/225/24
f 100/227/23 99/1652/23 104/228/23
f 111/230/74 109/1653/74 106/231/74
f 107/233/75 108/1654/75 106/234/75
f 107/236/76 105/1655/76 110/237/76
f 111/239/77 112/1656/77 110/240/77
f 110/242/14 105/1375/14 106/243/14
f 108/245/15 107/1657/15 112/246/15
f 116/248/78 119/1658/78 117/249/78
f 116/251/79 114/1659/79 113/252/79
f 120/254/80 115/1660/80 113/255/80
f 120/257/81 118/1661/81 117/258/81
f 113/260/82 114/1662/82 117/261/82
f 116/263/83 115/1663/83 120/264/83
f 124/266/84 127/1664/357 125/267/84
f 124/269/85 122/1665/358 121/270/85
f 123/272/86 121/1666/86 126/273/86
f 128/275/87 126/1667/87 125/276/88
f 126/278/82 121/1668/82 122/279/82
f 127/281/83 124/1669/83 123/282/83
f 135/284/91 133/1670/91 130/285/91
f 132/287/92 130/1671/92 129/288/93
f 131/290/94 129/1672/94 134/291/94
f 136/293/95 134/1673/95 133/294/95
f 129/296/82 130/1674/82 133/297/82
f 132/299/90 131/1675/90 136/300/90
f 140/302/23 143/1676/23 141/303/23
f 140/305/96 138/1677/96 137/306/96
f 139/308/24 137/1678/24 142/309/24
f 144/311/97 142/1679/97 141/312/97
f 137/314/98 138/1680/98 141/315/98
f 140/317/99 139/1681/99 144/318/99
f 151/320/100 149/1682/100 146/321/100
f 148/323/101 146/1683/101 145/324/101
f 147/326/102 145/1684/102 150/327/102
f 151/329/103 152/1685/103 150/330/103
f 150/332/104 145/1686/104 146/333/104
f 151/335/105 148/1687/105 147/336/105
f 159/338/106 157/1688/106 154/339/106
f 156/341/107 154/1689/107 153/342/107
f 160/344/108 155/1690/108 153/345/108
f 159/347/109 160/1691/109 158/348/109
f 158/350/110 153/1692/110 154/351/110
f 156/353/111 155/1693/111 160/354/111
f 164/356/70 167/1694/70 165/357/70
f 164/283/112 162/1695/112 161/359/112
f 163/360/113 161/1694/72 166/356/113
f 167/304/114 168/1696/114 166/362/114
f 161/364/115 162/1697/115 165/365/115
f 167/367/116 164/1698/116 163/368/116
f 175/370/23 173/1699/23 170/371/23
f 172/373/113 170/1700/113 169/374/113
f 171/376/24 169/1701/24 174/377/24
f 176/379/70 174/1702/70 173/380/70
f 169/382/71 170/1703/71 173/383/71
f 172/385/73 171/1704/73 176/386/73
f 180/388/70 183/1705/70 181/389/70
f 180/391/112 178/1706/112 177/392/112
f 179/394/72 177/1707/72 182/395/72
f 184/397/114 182/1708/114 181/398/114
f 182/400/115 177/1709/115 178/401/115
f 180/403/116 179/1710/116 184/404/116
f 191/406/119 189/1711/119 186/407/119
f 188/409/120 186/1712/120 185/410/120
f 187/412/121 185/1713/121 190/413/121
f 192/415/122 190/1714/122 189/416/123
f 190/418/125 185/1715/125 186/419/125
f 191/421/126 188/1716/126 187/422/126
f 196/424/70 199/1717/70 197/425/70
f 196/427/112 194/1718/112 193/428/112
f 195/430/72 193/1719/72 198/431/72
f 200/433/114 198/1720/114 197/434/114
f 193/436/115 194/1721/115 197/437/115
f 196/439/116 195/1722/116 200/440/116
f 204/442/127 207/1723/127 205/443/128
f 204/445/129 202/1724/129 201/446/129
f 208/448/130 203/1725/359 201/449/130
f 208/451/131 206/1726/131 205/452/131
f 206/454/132 201/1727/132 202/455/133
f 204/457/134 203/1728/135 208/458/135
f 212/460/137 215/1729/137 213/461/137
f 212/463/138 210/1730/138 209/464/138
f 216/466/140 211/1731/140 209/467/140
f 216/469/141 214/1732/141 213/470/141
f 209/472/133 210/1733/143 213/473/143
f 215/475/136 212/1734/136 211/476/136
f 223/478/144 221/1735/144 218/479/144
f 220/481/145 218/1736/145 217/482/145
f 224/484/146 219/1737/146 217/485/146
f 224/487/147 222/1738/147 221/488/147
f 222/490/148 217/1739/148 218/491/143
f 220/493/149 219/1740/149 224/494/149
f 231/496/150 229/1741/151 226/497/151
f 227/499/152 228/1742/152 226/500/152
f 227/502/153 225/1743/153 230/503/153
f 231/505/155 232/1744/155 230/506/155
f 225/508/156 226/1745/157 229/509/157
f 228/511/158 227/1746/159 232/512/159
f 239/514/160 237/1747/160 234/515/160
f 236/517/161 234/1748/161 233/518/161
f 235/520/163 233/1749/163 238/521/163
f 239/523/164 240/1750/360 238/524/164
f 238/526/157 233/1751/157 234/527/165
f 236/529/158 235/1752/158 240/530/158
f 244/532/166 247/1753/166 245/533/166
f 244/535/167 242/1754/167 241/536/167
f 243/538/168 241/1755/168 246/539/168
f 248/541/169 246/1756/169 245/542/169
f 246/544/170 241/1757/170 242/545/165
f 247/547/171 244/1758/171 243/548/171
f 255/550/1 253/1759/1 250/551/1
f 252/553/172 250/1760/172 249/554/172
f 256/556/3 251/1761/3 249/213/3
f 256/558/173 254/1762/173 253/559/173
f 249/561/174 250/1763/174 253/562/174
f 252/564/175 251/1764/175 256/565/175
f 263/567/176 261/574/176 258/568/176
f 259/570/177 260/575/177 258/571/177
f 264/567/178 259/631/178 257/573/178
f 263/575/179 264/634/179 262/576/179
f 257/577/180 258/1765/180 261/578/180
f 263/580/182 260/1766/182 259/581/182
f 271/583/183 269/1767/183 266/584/183
f 268/586/184 266/593/184 265/587/184
f 272/589/185 267/1768/185 265/590/185
f 272/592/186 270/622/186 269/593/186
f 270/594/187 265/1769/187 266/595/187
f 268/597/188 267/1770/188 272/598/188
f 276/600/1 279/1771/1 277/601/1
f 276/603/189 274/1772/189 273/604/189
f 275/606/3 273/1773/3 278/607/3
f 280/609/190 278/1774/190 277/610/190
f 273/612/191 274/1775/191 277/613/191
f 276/615/192 275/1776/192 280/616/192
f 284/618/193 287/1777/193 285/619/193
f 283/592/194 284/626/194 282/621/194
f 283/623/195 281/1778/195 286/624/195
f 287/626/196 288/1779/196 286/446/196
f 281/627/197 282/619/197 285/542/197
f 284/124/198 283/1780/198 288/629/198
f 292/631/199 295/1781/199 293/632/199
f 292/633/200 290/669/200 289/576/200
f 291/635/201 289/643/201 294/636/201
f 296/638/202 294/94/202 293/639/202
f 294/542/203 289/619/361 290/641/203
f 292/636/204 291/641/204 296/642/204
f 303/644/205 301/1782/205 298/645/205
f 300/647/206 298/1783/206 297/648/206
f 304/650/207 299/1784/207 297/651/207
f 303/653/208 304/1785/208 302/654/208
f 297/656/209 298/1786/209 301/657/209
f 300/659/210 299/1787/210 304/660/210
f 311/662/211 309/1788/211 306/663/211
f 308/665/212 306/1789/212 305/666/212
f 307/668/213 305/1790/213 310/669/213
f 312/671/214 310/1791/214 309/672/214
f 305/674/1 306/1792/1 309/675/1
f 311/677/3 308/1793/3 307/678/3
f 319/680/215 317/1794/215 314/681/215
f 316/683/216 314/1795/216 313/684/216
f 315/686/217 313/1796/217 318/687/217
f 320/689/218 318/1797/218 317/690/218
f 318/692/1 313/1798/1 314/693/1
f 316/695/3 315/1799/3 320/696/3
f 324/698/219 327/1800/219 325/699/219
f 324/701/220 322/1801/220 321/702/220
f 323/704/221 321/1802/221 326/705/221
f 328/707/222 326/1803/222 325/708/222
f 321/582/209 322/1804/209 325/710/209
f 324/712/210 323/1805/210 328/713/210
f 335/715/223 333/1806/223 330/716/223
f 331/718/224 332/1807/224 330/719/224
f 336/721/225 331/1808/225 329/722/225
f 336/724/226 334/1809/226 333/725/226
f 329/727/227 330/1810/227 333/728/227
f 335/730/228 332/1811/228 331/731/228
f 340/733/229 343/1812/229 341/734/229
f 340/736/230 338/1813/230 337/737/230
f 339/739/231 337/1814/231 342/740/231
f 344/742/232 342/1815/232 341/743/232
f 342/745/227 337/1816/227 338/746/227
f 340/748/228 339/1817/228 344/749/228
f 351/751/233 349/1818/233 346/357/233
f 348/753/234 346/1819/234 345/754/234
f 352/756/236 347/1820/236 345/757/236
f 352/759/237 350/1821/362 349/760/237
f 345/99/238 346/1822/238 349/762/238
f 348/764/239 347/95/239 352/765/239
f 356/767/240 359/1823/240 357/768/240
f 355/770/241 356/1824/241 354/771/241
f 355/773/243 353/1825/243 358/774/243
f 359/776/244 360/1826/363 358/777/244
f 358/779/238 353/1827/238 354/780/238
f 356/782/239 355/1828/239 360/783/239
f 364/785/245 367/1829/245 365/786/246
f 364/788/247 362/1830/247 361/789/247
f 363/791/248 361/1831/248 366/792/248
f 368/794/249 366/1832/249 365/795/249
f 361/797/250 362/1833/250 365/798/250
f 364/800/251 363/595/251 368/801/251
f 375/803/252 373/1834/253 370/804/253
f 372/806/254 370/1835/254 369/807/254
f 376/809/255 371/1836/255 369/810/255
f 376/812/256 374/1837/256 373/813/256
f 374/815/257 369/1838/257 370/816/258
f 375/818/259 372/1839/259 371/819/260
f 380/821/261 383/1840/261 381/822/261
f 379/824/262 380/1841/262 378/825/262
f 379/827/263 377/1842/263 382/828/263
f 384/830/264 382/1843/264 381/831/264
f 377/833/265 378/1844/265 381/834/265
f 383/836/266 380/1845/266 379/837/266
f 391/839/267 389/1846/267 386/840/267
f 387/842/268 388/1847/268 386/843/268
f 392/845/269 387/1848/269 385/846/269
f 392/848/270 390/1849/270 389/849/270
f 390/851/265 385/1850/265 386/852/265
f 388/854/266 387/1851/266 392/855/266
f 399/857/267 397/1852/267 394/858/267
f 396/860/268 394/1853/268 393/861/268
f 400/863/269 395/1854/269 393/864/269
f 400/866/270 398/1855/270 397/867/270
f 398/869/265 393/1163/265 394/870/265
f 396/872/266 395/1856/266 400/873/266
f 407/875/267 405/1857/267 402/876/267
f 403/878/268 404/1858/268 402/879/268
f 408/881/269 403/1859/269 401/882/269
f 408/884/270 406/1860/270 405/885/270
f 406/887/265 401/1861/265 402/888/265
f 407/890/266 404/1862/266 403/891/266
f 415/893/261 413/1863/261 410/894/261
f 412/896/262 410/1864/262 409/897/262
f 411/899/263 409/1865/364 414/900/263
f 416/902/264 414/1866/264 413/903/264
f 409/905/265 410/1867/265 413/906/265
f 412/908/266 411/1868/266 416/909/266
f 420/911/261 423/1869/261 421/912/261
f 420/914/262 418/1870/262 417/915/262
f 419/917/263 417/1871/263 422/918/263
f 424/920/264 422/1872/264 421/921/264
f 417/923/265 418/1873/265 421/924/265
f 423/926/266 420/1874/266 419/927/266
f 428/929/272 431/1875/272 429/930/272
f 428/932/273 426/1876/273 425/933/273
f 427/935/274 425/1877/274 430/936/274
f 431/938/275 432/1878/275 430/939/275
f 430/941/276 425/1879/276 426/942/276
f 428/944/277 427/1880/277 432/945/277
f 439/947/278 437/1881/278 434/948/278
f 436/950/279 434/1882/279 433/951/279
f 440/953/280 435/1883/280 433/954/280
f 439/956/281 440/1884/281 438/957/281
f 433/959/276 434/1885/276 437/960/276
f 439/962/277 436/1886/277 435/963/277
f 447/965/278 445/1887/278 442/966/278
f 444/968/279 442/1888/279 441/969/279
f 448/971/280 443/1889/280 441/972/280
f 448/974/281 446/1890/281 445/975/281
f 441/977/276 442/1891/276 445/978/276
f 447/980/277 444/1892/277 443/981/277
f 455/983/278 453/1893/365 450/369/278
f 452/985/279 450/1894/279 449/986/279
f 451/988/280 449/1895/280 454/989/280
f 456/991/281 454/1896/281 453/992/281
f 449/630/276 450/1897/276 453/994/276
f 452/996/277 451/1898/277 456/997/277
f 460/999/272 463/1899/272 461/1000/272
f 460/1002/273 458/1900/273 457/1003/273
f 459/1005/274 457/1901/274 462/1006/274
f 463/1008/275 464/1902/275 462/1009/275
f 462/1011/276 457/1903/276 458/1012/276
f 463/1014/277 460/1904/277 459/1015/277
f 468/1017/272 471/1905/272 469/1018/272
f 468/1020/273 466/1906/273 465/1021/273
f 467/1023/274 465/1907/274 470/1024/274
f 472/1026/275 470/1908/275 469/1027/275
f 470/1029/276 465/1109/276 466/1030/276
f 468/1032/277 467/1113/277 472/1033/277
f 479/1035/283 477/1909/283 474/1036/283
f 475/1038/284 476/1910/284 474/1039/284
f 475/1041/285 473/1911/285 478/1042/285
f 479/635/286 480/1912/286 478/1044/286
f 473/596/287 474/1913/287 477/1046/287
f 476/1048/288 475/1914/288 480/1049/288
f 487/1051/289 485/1915/289 482/1052/289
f 484/1054/290 482/1916/290 481/1055/290
f 488/1057/291 483/1917/291 481/1058/291
f 488/1059/292 486/1918/292 485/1060/292
f 486/1062/287 481/1919/287 482/1063/287
f 484/1065/288 483/1920/288 488/1066/288
f 495/1068/289 493/1921/366 490/1069/289
f 492/1071/290 490/1922/290 489/1072/290
f 496/1074/291 491/1923/291 489/1075/291
f 495/1077/292 496/1924/292 494/1078/292
f 494/1080/287 489/1925/287 490/1081/287
f 495/1083/288 492/1926/288 491/1084/288
f 503/1086/283 501/1927/283 498/1087/283
f 500/1089/284 498/1928/284 497/1090/284
f 499/1092/285 497/1929/285 502/1093/285
f 503/1095/286 504/1930/286 502/1096/286
f 497/1098/287 498/1931/287 501/1099/287
f 500/1101/288 499/1932/288 504/1102/288
f 508/1104/293 511/1153/293 509/1105/293
f 508/1107/294 506/1933/294 505/1108/294
f 507/1110/295 505/1934/295 510/1111/295
f 511/1113/296 512/1935/296 510/1114/296
f 510/1116/297 505/1936/297 506/1117/297
f 511/1119/298 508/1937/298 507/1120/298
f 516/1122/293 519/1938/293 517/1123/293
f 516/1125/294 514/1939/294 513/1126/294
f 520/1128/295 515/1940/295 513/1129/295
f 520/1131/296 518/1941/296 517/1132/296
f 518/1134/297 513/1942/297 514/1135/297
f 516/1137/298 515/1943/298 520/1138/298
f 527/1140/293 525/1944/293 522/1141/293
f 524/1143/294 522/1945/294 521/1144/294
f 528/1146/295 523/1946/295 521/1147/295
f 528/1149/296 526/1947/296 525/1150/296
f 521/1104/297 522/1948/297 525/1152/297
f 524/1154/298 523/1949/298 528/1155/298
f 532/1157/299 535/1185/299 533/1158/299
f 532/1160/300 530/1950/300 529/1161/300
f 536/1162/301 531/1951/301 529/1110/301
f 535/1163/302 536/1952/302 534/1164/302
f 529/1166/297 530/1953/297 533/1167/297
f 532/1169/298 531/1954/298 536/1170/298
f 543/1172/299 541/1955/299 538/1173/299
f 539/1175/300 540/1956/300 538/1176/300
f 539/1178/301 537/1957/301 542/1179/301
f 543/1181/302 544/1958/302 542/1182/302
f 537/1157/297 538/1959/297 541/1184/297
f 540/1186/298 539/1960/298 544/1187/298
f 551/1189/299 549/1961/299 546/1190/299
f 547/1192/300 548/1962/300 546/1193/300
f 547/1195/301 545/1963/301 550/1196/301
f 551/1198/302 552/1964/302 550/1199/302
f 550/1201/297 545/1965/297 546/1202/297
f 548/1204/298 547/1966/298 552/1205/298
f 556/1104/293 559/1153/293 557/1105/293
f 556/1107/294 554/1933/294 553/1108/294
f 555/1110/295 553/1934/295 558/1111/295
f 559/1113/296 560/1935/296 558/1114/296
f 558/1116/297 553/1936/297 554/1117/297
f 559/1119/298 556/1937/298 555/1120/298
f 567/1207/3 565/1967/3 562/1208/3
f 564/1210/190 562/1968/190 561/1211/190
f 563/1213/1 561/1969/1 566/1214/1
f 568/1216/189 566/1970/189 565/1217/189
f 561/1219/191 562/1971/191 565/1220/191
f 564/1222/192 563/1972/192 568/1223/192
f 575/1225/3 573/1973/3 570/1226/3
f 572/1228/216 570/1974/216 569/1229/216
f 576/1231/1 571/1975/1 569/1232/1
f 576/1234/218 574/1976/218 573/1235/218
f 569/1237/303 570/1977/303 573/1238/303
f 572/1240/217 571/1978/217 576/1241/217
f 583/1243/3 581/1979/3 578/1244/3
f 580/1246/304 578/1980/304 577/1247/304
f 584/1249/1 579/1981/1 577/1250/1
f 584/1252/305 582/1982/305 581/1253/305
f 577/1255/306 578/1983/306 581/1256/306
f 580/1258/307 579/1984/307 584/1259/307
f 591/1261/3 589/1985/3 586/1262/3
f 588/1264/173 586/1986/173 585/1265/173
f 587/1267/1 585/1987/1 590/1268/1
f 592/1270/172 590/1988/172 589/1271/172
f 585/1273/174 586/1989/174 589/1274/174
f 588/1276/175 587/1990/175 592/1277/175
f 596/1279/3 599/1991/3 597/1280/3
f 596/1282/212 594/1992/212 593/1283/212
f 595/1285/1 593/1993/1 598/1286/1
f 600/1288/214 598/1994/214 597/1289/214
f 593/1291/308 594/1995/308 597/1292/308
f 596/1294/213 595/1996/213 600/1295/213
f 604/1297/3 607/1997/3 605/1298/3
f 604/1300/309 602/1998/309 601/1301/309
f 603/1303/1 601/1999/1 606/1304/1
f 608/1306/310 606/2000/310 605/1307/310
f 601/1309/311 602/2001/311 605/1310/311
f 604/1312/312 603/2002/312 608/1313/312
f 615/1261/3 613/1985/3 610/1262/3
f 612/1264/173 610/1986/173 609/1265/173
f 611/1267/1 609/1987/1 614/1268/1
f 616/1270/172 614/1988/172 613/1271/172
f 609/1273/174 610/1989/174 613/1274/174
f 612/1276/175 611/1990/175 616/1277/175
f 623/1315/313 621/2003/313 618/1316/313
f 620/1318/23 618/2004/23 617/590/23
f 619/1320/314 617/2005/314 622/1321/314
f 624/1323/24 622/2006/24 621/1324/24
f 617/1326/315 618/2007/315 621/1327/315
f 620/1329/316 619/2008/316 624/1330/316
f 628/1332/317 631/2009/317 629/1333/317
f 627/1335/318 628/2010/318 626/1336/318
f 627/1338/319 625/2011/319 630/1339/319
f 632/1341/320 630/2012/320 629/598/320
f 625/1343/321 626/2013/321 629/1344/321
f 628/1346/322 627/2014/322 632/1347/322
f 639/1349/323 637/1446/323 634/601/323
f 636/1351/324 634/2015/324 633/1352/324
f 640/1354/325 635/1447/325 633/1355/325
f 639/1357/326 640/1448/326 638/1358/326
f 633/1360/321 634/1449/321 637/1361/321
f 636/1363/322 635/2016/322 640/1364/322
f 647/1366/327 645/2017/327 642/1367/327
f 644/1369/328 642/2018/328 641/1370/328
f 648/1371/329 643/2019/329 641/1273/329
f 648/1372/330 646/740/330 645/1373/330
f 646/1375/331 641/106/331 642/758/331
f 644/1377/332 643/2020/332 648/77/332
f 655/1378/333 653/119/333 650/97/333
f 652/1380/23 650/2021/23 649/1381/23
f 651/1383/334 649/2020/334 654/1384/334
f 656/1386/24 654/2022/24 653/1387/24
f 649/1377/335 650/2023/335 653/1214/335
f 652/1389/336 651/2023/336 656/1214/336
f 660/1391/337 663/2024/337 661/1392/337
f 659/1394/338 660/1397/338 658/1395/338
f 664/1397/339 659/1400/339 657/1398/339
f 664/1399/340 662/180/340 661/1398/340
f 657/1389/331 658/1657/331 661/1401/331
f 660/1262/332 659/2025/332 664/260/332
f 671/1403/3 669/1389/3 666/1404/3
f 668/1406/23 666/1413/23 665/1407/23
f 667/1409/1 665/2026/1 670/1410/1
f 672/1412/24 670/1422/24 669/1413/24
f 665/1414/25 666/1271/25 669/1415/25
f 668/1415/26 667/1416/26 672/92/26
f 679/1418/3 677/2027/3 674/1419/3
f 676/1421/23 674/1265/23 673/1422/23
f 675/1423/1 673/1434/1 678/1424/1
f 680/1426/24 678/148/24 677/1427/24
f 673/1429/25 674/716/25 677/1430/25
f 676/1430/26 675/1431/26 680/1432/26
f 687/1433/3 685/1439/3 682/1434/3
f 684/1435/23 682/2028/23 681/1436/23
f 683/1438/1 681/1838/1 686/1439/1
f 688/1440/24 686/99/24 685/1441/24
f 681/1432/25 682/723/25 685/1443/25
f 684/1443/26 683/1444/26 688/1445/26
f 692/1350/323 695/1349/323 693/1446/323
f 692/1351/324 690/2015/324 689/1352/324
f 691/1447/325 689/1355/325 694/1356/325
f 696/1448/326 694/1358/326 693/1359/326
f 694/1362/321 689/1360/321 690/1449/321
f 692/1363/322 691/2016/322 696/1364/322
f 703/1450/317 701/2029/317 698/1451/317
f 699/1453/318 700/2030/318 698/1454/318
f 704/1456/319 699/2031/319 697/1457/319
f 703/1459/320 704/2032/320 702/1460/320
f 702/1462/321 697/2033/321 698/1463/321
f 700/1465/322 699/2034/322 704/1466/322
f 711/1468/341 709/2035/341 706/1469/341
f 707/1471/24 708/2036/24 706/1472/24
f 707/1474/342 705/2037/342 710/1475/342
f 712/1477/23 710/2038/23 709/1478/23
f 705/1480/343 706/2039/343 709/1481/343
f 708/1483/344 707/2040/344 712/1484/344
f 719/1486/341 717/2041/341 714/1487/341
f 715/1489/24 716/2042/24 714/1490/24
f 715/1492/342 713/2043/342 718/1493/342
f 720/1495/23 718/2044/23 717/1496/23
f 713/1498/343 714/2045/343 717/1499/343
f 716/1501/344 715/2046/344 720/1502/344
f 727/1504/341 725/2047/341 722/1505/341
f 723/1507/24 724/2048/24 722/1508/24
f 723/1510/342 721/2049/342 726/1511/342
f 728/1513/23 726/2050/23 725/1514/23
f 721/1516/343 722/2051/343 725/1517/343
f 724/1519/344 723/2052/344 728/1520/344
f 735/1522/341 733/2053/341 730/1523/341
f 731/1525/24 732/2054/24 730/1526/24
f 731/1528/342 729/2055/342 734/1529/342
f 736/1531/23 734/2056/23 733/1532/23
f 729/1534/343 730/2057/343 733/1535/343
f 732/1537/344 731/2058/344 736/1538/344
f 743/1540/345 741/2059/345 738/1541/345
f 740/1543/344 738/2060/344 737/1544/344
f 744/1546/346 739/2061/346 737/1547/346
f 744/1549/343 742/2062/343 741/1550/343
f 742/1552/347 737/2063/347 738/1553/347
f 740/1555/348 739/2064/348 744/1556/348
f 751/1558/1 749/2065/1 746/1559/1
f 748/1561/349 746/2066/349 745/1562/349
f 752/1564/3 747/2067/3 745/1565/3
f 752/1567/350 750/2068/350 749/1568/350
f 745/1570/351 746/2069/351 749/1571/351
f 748/1573/352 747/2070/352 752/1574/352
