# Blender 4.4.3
# www.blender.org
mtllib infantry_h.mtl
o infantry_h
v -0.305153 2.059123 0.090625
v -0.305153 2.059123 -0.090625
v -0.331866 1.943416 0.090625
v -0.331866 1.943416 -0.090625
v -0.311243 2.060529 -0.090625
v -0.311243 2.060529 0.090625
v -0.337956 1.944822 -0.090625
v -0.337956 1.944822 0.090625
v 0.322960 1.846038 -0.237227
v 0.304250 1.866941 -0.320107
v 0.322585 1.818750 -0.244024
v 0.303875 1.839653 -0.326905
v 0.255411 1.864990 -0.309575
v 0.274121 1.844087 -0.226694
v 0.255036 1.837701 -0.316372
v 0.273746 1.816798 -0.233491
v 0.368750 1.937500 0.162500
v 0.368750 1.937500 -0.200000
v 0.368750 1.825000 0.162500
v 0.368750 1.825000 -0.200000
v 0.293750 1.937500 -0.200000
v 0.293750 1.937500 0.162500
v 0.293750 1.825000 -0.200000
v 0.293750 1.825000 0.162500
v 0.363164 1.936736 -0.202353
v 0.355043 1.884381 -0.322434
v 0.366385 1.845038 -0.162590
v 0.358264 1.792683 -0.282671
v 0.286460 1.884046 -0.317650
v 0.294581 1.936402 -0.197569
v 0.289681 1.792348 -0.277887
v 0.297802 1.844704 -0.157806
v 0.294216 1.711610 0.306408
v 0.366571 1.924424 0.170830
v 0.294216 1.644447 0.200984
v 0.366571 1.857261 0.065407
v 0.306492 1.938953 0.161574
v 0.234137 1.726139 0.297152
v 0.306492 1.871791 0.056150
v 0.234137 1.658977 0.191728
v 0.283886 1.781398 0.337354
v 0.337071 1.892938 0.200518
v 0.274103 1.711026 0.276189
v 0.327288 1.822567 0.139353
v 0.292455 1.905391 0.193328
v 0.239271 1.793850 0.330164
v 0.282673 1.835019 0.132162
v 0.229488 1.723478 0.268999
v -0.287500 1.937500 0.162500
v -0.287500 1.937500 -0.200000
v -0.287500 1.825000 0.162500
v -0.287500 1.825000 -0.200000
v -0.368750 1.937500 -0.200000
v -0.368750 1.937500 0.162500
v -0.368750 1.825000 -0.200000
v -0.368750 1.825000 0.162500
v -0.306469 1.869271 0.052346
v -0.234114 1.656457 0.187923
v -0.306469 1.936433 0.157770
v -0.234114 1.723619 0.293347
v -0.288185 1.643380 0.196254
v -0.360540 1.856194 0.060676
v -0.288185 1.710543 0.301678
v -0.360540 1.923357 0.166100
v -0.294581 1.936402 -0.197569
v -0.286460 1.884046 -0.317650
v -0.297802 1.844704 -0.157806
v -0.289681 1.792348 -0.277887
v -0.355043 1.884381 -0.322434
v -0.363164 1.936736 -0.202353
v -0.358264 1.792683 -0.282671
v -0.366385 1.845038 -0.162590
v -0.239271 1.793850 0.330164
v -0.292455 1.905391 0.193328
v -0.229488 1.723478 0.268999
v -0.282673 1.835019 0.132162
v -0.337071 1.892938 0.200518
v -0.283886 1.781398 0.337354
v -0.327288 1.822567 0.139353
v -0.274103 1.711026 0.276189
v -0.274121 1.844087 -0.226694
v -0.255411 1.864990 -0.309575
v -0.273746 1.816798 -0.233491
v -0.255036 1.837701 -0.316372
v -0.304250 1.866941 -0.320107
v -0.322960 1.846038 -0.237227
v -0.303875 1.839653 -0.326905
v -0.322585 1.818750 -0.244024
v -0.257450 1.875716 -0.301027
v -0.232605 1.893142 -0.369613
v -0.256908 1.836299 -0.310846
v -0.232062 1.853726 -0.379431
v -0.279777 1.896535 -0.385839
v -0.304622 1.879108 -0.317253
v -0.279234 1.857118 -0.395658
v -0.304080 1.839692 -0.327072
v -0.262378 1.903704 -0.335887
v 0.018319 1.932917 -0.437651
v -0.261585 1.846095 -0.350237
v 0.019112 1.875308 -0.452001
v 0.000686 1.943998 -0.483107
v -0.280011 1.914785 -0.381343
v 0.001479 1.886389 -0.497458
v -0.279218 1.857175 -0.395693
v 0.280011 1.914785 -0.381343
v -0.000686 1.943998 -0.483107
v 0.279218 1.857175 -0.395693
v -0.001479 1.886389 -0.497458
v -0.018319 1.932917 -0.437651
v 0.262378 1.903704 -0.335887
v -0.019112 1.875308 -0.452001
v 0.261585 1.846095 -0.350237
v 0.304622 1.879108 -0.317253
v 0.279777 1.896535 -0.385839
v 0.304080 1.839692 -0.327072
v 0.279234 1.857118 -0.395658
v 0.232605 1.893142 -0.369613
v 0.257450 1.875716 -0.301027
v 0.232062 1.853726 -0.379431
v 0.256908 1.836299 -0.310846
v 0.324212 1.933517 -0.196672
v 0.305502 1.971863 -0.273064
v 0.322585 1.824445 -0.251024
v 0.303875 1.862791 -0.327416
v 0.281083 1.969770 -0.268134
v 0.299793 1.931424 -0.191742
v 0.279455 1.860698 -0.322486
v 0.298165 1.822352 -0.246094
v -0.043750 2.099043 -0.338553
v 0.043750 2.099043 -0.338553
v -0.043750 2.029507 -0.386343
v 0.043750 2.029507 -0.386343
v 0.043750 2.123823 -0.374608
v -0.043750 2.123823 -0.374608
v 0.043750 2.054287 -0.422399
v -0.043750 2.054287 -0.422399
v -0.115811 1.937038 -0.392570
v -0.116505 2.016651 -0.356273
v -0.035064 1.954686 -0.429736
v -0.035757 2.034299 -0.393439
v -0.136364 2.032680 -0.391809
v -0.135671 1.953066 -0.428106
v -0.055616 2.050327 -0.428975
v -0.054923 1.970714 -0.465272
v 0.135671 1.953066 -0.428106
v 0.136364 2.032680 -0.391809
v 0.054923 1.970714 -0.465272
v 0.055616 2.050327 -0.428975
v 0.116505 2.016651 -0.356273
v 0.115811 1.937038 -0.392570
v 0.035757 2.034299 -0.393439
v 0.035064 1.954686 -0.429736
v 0.000810 2.106650 -0.329024
v 0.000810 2.129737 -0.373375
v 0.089199 2.028248 -0.369837
v 0.089199 2.051336 -0.414188
v -0.087578 2.051336 -0.414188
v -0.087578 2.028248 -0.369837
v 0.000810 1.972934 -0.455001
v 0.000810 1.949847 -0.410651
v -0.043750 1.937225 -0.426648
v 0.043750 1.937225 -0.426648
v -0.043750 1.915050 -0.438192
v 0.043750 1.915050 -0.438192
v 0.043750 1.963198 -0.476543
v -0.043750 1.963198 -0.476543
v 0.043750 1.941023 -0.488086
v -0.043750 1.941023 -0.488086
v 0.056053 2.057760 -0.385082
v 0.056053 2.072189 -0.412801
v 0.120135 2.000918 -0.414672
v 0.120135 2.015348 -0.442391
v -0.008028 2.015348 -0.442391
v -0.008028 2.000918 -0.414672
v 0.056053 1.958507 -0.471980
v 0.056053 1.944077 -0.444261
v -0.055552 2.046652 -0.390865
v -0.055552 2.072625 -0.440759
v 0.056948 2.046652 -0.390865
v 0.056948 2.072625 -0.440759
v -0.055552 1.972836 -0.492706
v -0.055552 1.946863 -0.442811
v 0.056948 1.972836 -0.492706
v 0.056948 1.946863 -0.442811
v -0.056447 2.057760 -0.385082
v -0.056447 2.072189 -0.412801
v 0.007635 2.000918 -0.414672
v 0.007635 2.015348 -0.442391
v -0.120528 2.015348 -0.442391
v -0.120528 2.000918 -0.414672
v -0.056447 1.958507 -0.471980
v -0.056447 1.944077 -0.444261
v -0.272196 2.004717 -0.309864
v -0.020738 2.049999 -0.393203
v -0.270401 1.884458 -0.369791
v -0.018944 1.929740 -0.453130
v -0.029555 2.060327 -0.414193
v -0.281012 2.015046 -0.330855
v -0.027760 1.940068 -0.474120
v -0.279218 1.894787 -0.390781
v -0.282288 1.979712 -0.260090
v -0.257443 2.011570 -0.323279
v -0.280494 1.859453 -0.320017
v -0.255648 1.891311 -0.383205
v -0.281029 2.014982 -0.330832
v -0.305874 1.983124 -0.267644
v -0.279234 1.894723 -0.390759
v -0.304080 1.862865 -0.327571
v -0.299793 1.931424 -0.191742
v -0.281083 1.969770 -0.268134
v -0.298165 1.822352 -0.246094
v -0.279455 1.860698 -0.322486
v -0.305502 1.971863 -0.273064
v -0.324212 1.933517 -0.196672
v -0.303875 1.862791 -0.327416
v -0.322585 1.824445 -0.251024
v 0.281012 2.015046 -0.330855
v 0.029555 2.060327 -0.414193
v 0.279218 1.894787 -0.390781
v 0.027760 1.940068 -0.474120
v 0.020738 2.049999 -0.393203
v 0.272196 2.004717 -0.309864
v 0.018944 1.929740 -0.453130
v 0.270401 1.884458 -0.369791
v 0.305874 1.983124 -0.267644
v 0.281029 2.014982 -0.330832
v 0.304080 1.862865 -0.327571
v 0.279234 1.894723 -0.390759
v 0.257443 2.011570 -0.323279
v 0.282288 1.979712 -0.260090
v 0.255648 1.891311 -0.383205
v 0.280494 1.859453 -0.320017
v -0.308434 1.799038 0.106250
v -0.308434 1.799038 -0.131250
v -0.279066 1.575962 0.106250
v -0.279066 1.575962 -0.131250
v -0.339417 1.794959 -0.131250
v -0.339417 1.794959 0.106250
v -0.310048 1.571884 -0.131250
v -0.310048 1.571884 0.106250
v -0.284221 2.096256 -0.162500
v -0.284221 2.096256 0.162500
v -0.329538 1.891844 -0.162500
v -0.329538 1.891844 0.162500
v -0.223202 2.082729 0.162500
v -0.223202 2.082729 -0.162500
v -0.268519 1.878317 0.162500
v -0.268519 1.878317 -0.162500
v -0.280408 2.096044 0.160475
v -0.278725 2.021269 0.332412
v -0.318749 1.933457 0.090141
v -0.317066 1.858681 0.262077
v -0.217642 2.009363 0.326636
v -0.219325 2.084138 0.154700
v -0.255983 1.846776 0.256302
v -0.257666 1.921551 0.084366
v -0.278725 2.021269 -0.332412
v -0.280408 2.096044 -0.160476
v -0.323016 1.833452 -0.251164
v -0.324698 1.908228 -0.079227
v -0.219325 2.084138 -0.154700
v -0.217642 2.009363 -0.326636
v -0.263615 1.896322 -0.073452
v -0.261933 1.821546 -0.245388
v 0.223202 2.082729 -0.168750
v 0.223202 2.082729 0.162500
v 0.268519 1.878317 -0.168750
v 0.268519 1.878317 0.162500
v 0.284221 2.096256 0.162500
v 0.284221 2.096256 -0.168750
v 0.329538 1.891844 0.162500
v 0.329538 1.891844 -0.168750
v 0.217642 2.009363 -0.326636
v 0.219325 2.084138 -0.154700
v 0.261933 1.821546 -0.245388
v 0.263615 1.896322 -0.073452
v 0.280408 2.096044 -0.160476
v 0.278725 2.021269 -0.332412
v 0.324698 1.908228 -0.079227
v 0.323016 1.833452 -0.251164
v 0.219325 2.084138 0.154700
v 0.217642 2.009363 0.326636
v 0.257666 1.921551 0.084366
v 0.255983 1.846776 0.256302
v 0.278725 2.021269 0.332412
v 0.280408 2.096044 0.160475
v 0.317066 1.858681 0.262077
v 0.318749 1.933457 0.090141
v -0.241978 2.039540 -0.130934
v 0.029412 2.141002 -0.179330
v -0.241978 1.957474 -0.302990
v 0.029412 2.058936 -0.351385
v 0.000710 2.203543 -0.209160
v -0.270679 2.102081 -0.160765
v 0.000710 2.121477 -0.381215
v -0.270679 2.020015 -0.332820
v -0.241978 2.030858 0.153617
v 0.029412 2.143271 0.153617
v -0.241978 2.030858 -0.162008
v 0.029412 2.143271 -0.162008
v 0.000710 2.212562 0.153617
v -0.270679 2.100149 0.153617
v 0.000710 2.212562 -0.162008
v -0.270679 2.100149 -0.162008
v 0.270679 2.100149 0.153617
v -0.000710 2.212562 0.153617
v 0.270679 2.100149 -0.162008
v -0.000710 2.212562 -0.162008
v -0.029412 2.143271 0.153617
v 0.241978 2.030858 0.153617
v -0.029412 2.143271 -0.162008
v 0.241978 2.030858 -0.162008
v 0.270679 2.102081 -0.160765
v -0.000710 2.203543 -0.209160
v 0.270679 2.020015 -0.332820
v -0.000710 2.121477 -0.381215
v -0.029412 2.141002 -0.179330
v 0.241978 2.039540 -0.130934
v -0.029412 2.058936 -0.351385
v 0.241978 1.957474 -0.302990
v 0.029412 2.141002 0.179329
v -0.241978 2.039540 0.130934
v 0.029412 2.056245 0.357026
v -0.241978 1.954783 0.308631
v -0.270679 2.102081 0.160765
v 0.000710 2.203543 0.209160
v -0.270679 2.017324 0.338461
v 0.000710 2.118786 0.386856
v -0.000710 2.203543 0.209160
v 0.270679 2.102081 0.160765
v -0.000710 2.118786 0.386856
v 0.270679 2.017324 0.338461
v 0.241978 2.039540 0.130934
v -0.029412 2.141002 0.179329
v 0.241978 1.954783 0.308631
v -0.029412 2.056245 0.357026
v 0.029412 1.995628 0.362794
v -0.253526 2.001762 0.245758
v 0.029412 1.805264 0.352818
v -0.253526 1.811398 0.235781
v -0.282228 1.998135 0.314954
v 0.000710 1.992002 0.431990
v -0.282228 1.807772 0.304977
v 0.000710 1.801638 0.422014
v -0.000710 1.992002 0.431990
v 0.282228 1.998135 0.314954
v -0.000710 1.801638 0.422014
v 0.282228 1.807772 0.304977
v 0.253526 2.001762 0.245758
v -0.029412 1.995628 0.362794
v 0.253526 1.811398 0.235781
v -0.029412 1.805264 0.352818
v -0.041653 1.961878 0.365353
v -0.299708 1.898694 0.255482
v 0.017309 1.741829 0.353414
v -0.240746 1.678644 0.243543
v -0.310868 1.894139 0.284314
v -0.052813 1.957324 0.394185
v -0.251906 1.674089 0.272375
v 0.006149 1.737274 0.382246
v 0.047203 1.958697 0.396573
v 0.310868 1.894139 0.284314
v -0.011759 1.738647 0.384634
v 0.251906 1.674089 0.272375
v 0.299708 1.898694 0.255482
v 0.036043 1.963252 0.367742
v 0.240746 1.678644 0.243543
v -0.022919 1.743202 0.355803
v -0.036992 2.113684 -0.105200
v 0.029412 2.140922 -0.109028
v -0.036992 2.099767 -0.204227
v 0.029412 2.127005 -0.208055
v 0.000710 2.209538 -0.118672
v -0.065693 2.182301 -0.114844
v 0.000710 2.195621 -0.217698
v -0.065693 2.168384 -0.213870
v 0.065693 2.182301 -0.114844
v -0.000710 2.209538 -0.118672
v 0.065693 2.168384 -0.213870
v -0.000710 2.195621 -0.217698
v -0.029412 2.140922 -0.109028
v 0.036992 2.113684 -0.105200
v -0.029412 2.127005 -0.208055
v 0.036992 2.099767 -0.204227
v 0.164664 2.139530 -0.124611
v 0.066501 2.179795 -0.130270
v 0.164664 2.129092 -0.198881
v 0.066501 2.169357 -0.204540
v 0.037800 2.111178 -0.120627
v 0.135962 2.070914 -0.114968
v 0.037800 2.100740 -0.194897
v 0.135962 2.060476 -0.189238
v 0.268600 2.093418 -0.143376
v 0.164664 2.136051 -0.149368
v 0.268600 2.088199 -0.180511
v 0.164664 2.130832 -0.186503
v 0.135962 2.067434 -0.139724
v 0.239899 2.024801 -0.133733
v 0.135962 2.062215 -0.176859
v 0.239899 2.019583 -0.170868
v -0.239899 2.024801 -0.133733
v -0.135962 2.067434 -0.139724
v -0.239899 2.019583 -0.170868
v -0.135962 2.062215 -0.176859
v -0.164664 2.136051 -0.149368
v -0.268600 2.093418 -0.143376
v -0.164664 2.130832 -0.186503
v -0.268600 2.088199 -0.180511
v -0.135962 2.070914 -0.114968
v -0.037800 2.111178 -0.120627
v -0.135962 2.060476 -0.189238
v -0.037800 2.100740 -0.194897
v -0.066501 2.179795 -0.130270
v -0.164664 2.139530 -0.124611
v -0.066501 2.169357 -0.204540
v -0.164664 2.129092 -0.198881
v 0.029412 2.140922 0.109028
v -0.036992 2.113684 0.105200
v 0.029412 2.127005 0.208055
v -0.036992 2.099767 0.204227
v -0.065693 2.182301 0.114843
v 0.000710 2.209538 0.118671
v -0.065693 2.168384 0.213870
v 0.000710 2.195621 0.217698
v -0.000710 2.209538 0.118671
v 0.065693 2.182301 0.114843
v -0.000710 2.195621 0.217698
v 0.065693 2.168384 0.213870
v 0.036992 2.113684 0.105200
v -0.029412 2.140922 0.109028
v 0.036992 2.099767 0.204227
v -0.029412 2.127005 0.208055
v 0.066501 2.179795 0.130270
v 0.164664 2.139530 0.124611
v 0.066501 2.169357 0.204540
v 0.164664 2.129092 0.198881
v 0.135962 2.070914 0.114967
v 0.037800 2.111178 0.120626
v 0.135962 2.060476 0.189238
v 0.037800 2.100740 0.194896
v 0.164664 2.136051 0.149368
v 0.268600 2.093418 0.143376
v 0.164664 2.130832 0.186503
v 0.268600 2.088199 0.180511
v 0.239899 2.024801 0.133732
v 0.135962 2.067434 0.139724
v 0.239899 2.019583 0.170868
v 0.135962 2.062215 0.176859
v -0.135962 2.067434 0.139724
v -0.239899 2.024801 0.133732
v -0.135962 2.062215 0.176859
v -0.239899 2.019583 0.170868
v -0.268600 2.093418 0.143376
v -0.164664 2.136051 0.149368
v -0.268600 2.088199 0.180511
v -0.164664 2.130832 0.186503
v -0.037800 2.111178 0.120626
v -0.135962 2.070914 0.114967
v -0.037800 2.100740 0.194896
v -0.135962 2.060476 0.189238
v -0.164664 2.139530 0.124611
v -0.066501 2.179795 0.130270
v -0.164664 2.129092 0.198881
v -0.066501 2.169357 0.204540
v 0.160348 2.070845 -0.332249
v 0.006246 2.091817 -0.379353
v 0.160348 2.019458 -0.355128
v 0.006246 2.040430 -0.402232
v -0.011603 2.070121 -0.330622
v 0.142500 2.049148 -0.283518
v -0.011603 2.018734 -0.353501
v 0.142500 1.997761 -0.306397
v -0.142500 2.049148 -0.283518
v 0.011603 2.070121 -0.330622
v -0.142500 1.997761 -0.306397
v 0.011603 2.018734 -0.353501
v -0.006246 2.091817 -0.379353
v -0.160348 2.070845 -0.332249
v -0.006246 2.040430 -0.402232
v -0.160348 2.019458 -0.355128
v -0.225478 2.015017 -0.268322
v -0.142500 2.026310 -0.293686
v -0.225478 1.986469 -0.281033
v -0.142500 1.997761 -0.306397
v -0.160348 2.048007 -0.342418
v -0.243327 2.036714 -0.317054
v -0.160348 2.019458 -0.355128
v -0.243327 2.008165 -0.329764
v 0.243327 2.036714 -0.317054
v 0.160348 2.048007 -0.342418
v 0.243327 2.008165 -0.329764
v 0.160348 2.019458 -0.355128
v 0.142500 2.026310 -0.293686
v 0.225478 2.015017 -0.268322
v 0.142500 1.997761 -0.306397
v 0.225478 1.986469 -0.281033
v -0.000710 2.110042 0.386048
v 0.065693 2.100860 0.360121
v -0.000710 1.992212 0.427774
v 0.065693 1.983030 0.401847
v 0.036992 2.077730 0.294804
v -0.029412 2.086912 0.320732
v 0.036992 1.959900 0.336530
v -0.029412 1.969082 0.362458
v 0.066501 2.086020 0.365021
v 0.164664 2.072447 0.326693
v 0.066501 1.991756 0.398402
v 0.164664 1.978183 0.360074
v 0.135962 2.049317 0.261377
v 0.037800 2.062890 0.299704
v 0.135962 1.955053 0.294757
v 0.037800 1.968626 0.333085
v 0.164664 2.048881 0.335038
v 0.262826 2.035309 0.296710
v 0.164664 1.984075 0.357987
v 0.262826 1.970502 0.319660
v 0.234125 2.012179 0.231394
v 0.135962 2.025751 0.269722
v 0.234125 1.947372 0.254343
v 0.135962 1.960945 0.292671
v 0.029412 2.086912 0.320732
v -0.036992 2.077730 0.294804
v 0.029412 1.969082 0.362458
v -0.036992 1.959900 0.336530
v -0.065693 2.100860 0.360121
v 0.000710 2.110042 0.386048
v -0.065693 1.983030 0.401847
v 0.000710 1.992212 0.427774
v -0.037800 2.062890 0.299704
v -0.135962 2.049317 0.261377
v -0.037800 1.968626 0.333085
v -0.135962 1.955053 0.294757
v -0.164664 2.072447 0.326693
v -0.066501 2.086020 0.365021
v -0.164664 1.978183 0.360074
v -0.066501 1.991756 0.398402
v -0.135962 2.025751 0.269722
v -0.234125 2.012179 0.231394
v -0.135962 1.960945 0.292671
v -0.234125 1.947372 0.254343
v -0.262826 2.035309 0.296710
v -0.164664 2.048881 0.335038
v -0.262826 1.970502 0.319660
v -0.164664 1.984075 0.357987
v -0.000710 2.110042 0.386048
v 0.065693 2.100860 0.360121
v -0.000710 1.992212 0.427774
v 0.065693 1.983030 0.401847
v 0.036992 2.077730 0.294804
v -0.029412 2.086912 0.320732
v 0.036992 1.959900 0.336530
v -0.029412 1.969082 0.362458
v 0.303188 2.068453 0.100000
v 0.303188 2.068453 -0.100000
v 0.341741 1.894550 0.100000
v 0.341741 1.894550 -0.100000
v 0.229966 2.052220 -0.100000
v 0.229966 2.052220 0.100000
v 0.268519 1.878317 -0.100000
v 0.268519 1.878317 0.100000
v -0.001002 2.215598 0.100000
v -0.001002 2.215598 -0.100000
v 0.290598 2.094813 0.100000
v 0.290598 2.094813 -0.100000
v -0.003393 2.209824 -0.100000
v -0.003393 2.209824 0.100000
v 0.288206 2.089039 -0.100000
v 0.288206 2.089039 0.100000
v 0.290919 2.092645 0.100000
v 0.290919 2.092645 -0.100000
v 0.298907 2.065679 0.100000
v 0.298907 2.065679 -0.100000
v 0.284926 2.090870 -0.100000
v 0.284926 2.090870 0.100000
v 0.292914 2.063904 -0.100000
v 0.292914 2.063904 0.100000
v -0.229966 2.052220 0.100000
v -0.229966 2.052220 -0.100000
v -0.268519 1.878317 0.100000
v -0.268519 1.878317 -0.100000
v -0.303188 2.068453 -0.100000
v -0.303188 2.068453 0.100000
v -0.341741 1.894550 -0.100000
v -0.341741 1.894550 0.100000
v 0.003393 2.209824 0.100000
v 0.003393 2.209824 -0.100000
v -0.288206 2.089039 0.100000
v -0.288206 2.089039 -0.100000
v 0.001002 2.215598 -0.100000
v 0.001002 2.215598 0.100000
v -0.290598 2.094813 -0.100000
v -0.290598 2.094813 0.100000
v -0.284926 2.090870 0.100000
v -0.284926 2.090870 -0.100000
v -0.292914 2.063904 0.100000
v -0.292914 2.063904 -0.100000
v -0.290919 2.092645 -0.100000
v -0.290919 2.092645 0.100000
v -0.298907 2.065679 -0.100000
v -0.298907 2.065679 0.100000
v -0.229966 2.052220 0.100000
v -0.229966 2.052220 -0.100000
v -0.268519 1.878317 0.100000
v -0.268519 1.878317 -0.100000
v -0.303188 2.068453 -0.100000
v -0.303188 2.068453 0.100000
v -0.341741 1.894550 -0.100000
v -0.341741 1.894550 0.100000
v 0.034375 2.017336 -0.327151
v 0.034375 2.041600 -0.417706
v 0.034375 1.893577 -0.360312
v 0.034375 1.917841 -0.450867
v -0.043750 2.041600 -0.417706
v -0.043750 2.017336 -0.327151
v -0.043750 1.917841 -0.450867
v -0.043750 1.893577 -0.360312
v 0.234525 1.987585 -0.247042
v 0.270401 2.011459 -0.330301
v 0.234525 1.879443 -0.278051
v 0.270401 1.903317 -0.361310
v 0.183788 2.021348 -0.364788
v 0.147911 1.997474 -0.281529
v 0.183788 1.913206 -0.395797
v 0.147911 1.889332 -0.312538
v -0.147911 1.997474 -0.281529
v -0.183788 2.021348 -0.364788
v -0.147911 1.874312 -0.316845
v -0.183788 1.898186 -0.400104
v -0.270401 2.011459 -0.330301
v -0.234525 1.987585 -0.247042
v -0.270401 1.888297 -0.365617
v -0.234525 1.864423 -0.282358
v 0.270401 2.011459 0.267800
v 0.222566 1.979627 0.156789
v 0.270401 1.873277 0.307423
v 0.222566 1.841445 0.196412
v 0.107081 1.992812 0.202772
v 0.154916 2.024644 0.313783
v 0.107081 1.854631 0.242394
v 0.154916 1.886463 0.353406
v 0.065625 2.041600 0.355206
v 0.065625 2.009248 0.234465
v 0.065625 1.896711 0.394029
v 0.065625 1.864359 0.273288
v -0.059375 2.009248 0.234465
v -0.059375 2.041600 0.355206
v -0.059375 1.864359 0.273288
v -0.059375 1.896711 0.394029
v -0.154916 2.024644 0.313783
v -0.107081 1.992812 0.202772
v -0.154916 1.886463 0.353406
v -0.107081 1.854631 0.242394
v -0.222566 1.979627 0.156789
v -0.270401 2.011459 0.267800
v -0.222566 1.841445 0.196412
v -0.270401 1.873277 0.307423
v 0.065625 2.118974 0.199895
v 0.065625 2.118974 -0.175105
v 0.065625 1.968974 0.199895
v 0.065625 1.968974 -0.175105
v -0.059375 2.118974 -0.175105
v -0.059375 2.118974 0.199895
v -0.059375 1.968974 -0.175105
v -0.059375 1.968974 0.199895
v 0.143750 2.118974 0.199895
v 0.143750 2.118974 -0.175105
v 0.143750 1.968974 0.199895
v 0.143750 1.968974 -0.175105
v 0.081250 2.118974 -0.175105
v 0.081250 2.118974 0.199895
v 0.081250 1.968974 -0.175105
v 0.081250 1.968974 0.199895
v -0.075000 2.118974 0.199895
v -0.075000 2.118974 -0.175105
v -0.075000 1.968974 0.199895
v -0.075000 1.968974 -0.175105
v -0.137500 2.118974 -0.175105
v -0.137500 2.118974 0.199895
v -0.137500 1.968974 -0.175105
v -0.137500 1.968974 0.199895
v -0.032426 1.992635 -0.332680
v -0.068303 2.016509 -0.415938
v -0.032426 1.884493 -0.363689
v -0.068303 1.908367 -0.446947
v -0.154916 2.006620 -0.381451
v -0.119040 1.982746 -0.298193
v -0.154916 1.898478 -0.412461
v -0.119040 1.874604 -0.329202
v 0.119040 1.982746 -0.298193
v 0.154916 2.006620 -0.381451
v 0.119040 1.874604 -0.329202
v 0.154916 1.898478 -0.412461
v 0.068303 2.016509 -0.415938
v 0.032426 1.992635 -0.332680
v 0.068303 1.908367 -0.446947
v 0.032426 1.884493 -0.363689
v 0.268750 1.783931 0.274778
v 0.268750 1.806028 0.296875
v 0.268750 1.761834 0.296875
v 0.268750 1.783931 0.318972
v 0.300000 1.806028 0.296875
v 0.300000 1.783931 0.274778
v 0.300000 1.783931 0.318972
v 0.300000 1.761834 0.296875
v -0.300000 1.783931 0.274778
v -0.300000 1.806028 0.296875
v -0.300000 1.761834 0.296875
v -0.300000 1.783931 0.318972
v -0.268750 1.806028 0.296875
v -0.268750 1.783931 0.274778
v -0.268750 1.783931 0.318972
v -0.268750 1.761834 0.296875
v -0.378125 1.877681 -0.259597
v -0.378125 1.899778 -0.237500
v -0.378125 1.855584 -0.237500
v -0.378125 1.877681 -0.215403
v -0.346875 1.899778 -0.237500
v -0.346875 1.877681 -0.259597
v -0.346875 1.877681 -0.215403
v -0.346875 1.855584 -0.237500
v 0.346875 1.877681 -0.259597
v 0.346875 1.899778 -0.237500
v 0.346875 1.855584 -0.237500
v 0.346875 1.877681 -0.215403
v 0.378125 1.899778 -0.237500
v 0.378125 1.877681 -0.259597
v 0.378125 1.877681 -0.215403
v 0.378125 1.855584 -0.237500
v -0.022097 2.096182 -0.367391
v 0.000000 2.111807 -0.351766
v 0.000000 2.080557 -0.383016
v 0.022097 2.096182 -0.367391
v 0.000000 2.133904 -0.373863
v -0.022097 2.118279 -0.389488
v 0.022097 2.118279 -0.389488
v 0.000000 2.102654 -0.405113
v -0.101477 2.016347 -0.452970
v -0.120656 2.032800 -0.434584
v -0.121959 1.992746 -0.453216
v -0.141139 2.009199 -0.434831
v -0.106901 2.020598 -0.409316
v -0.087722 2.004145 -0.427701
v -0.127384 1.996998 -0.409563
v -0.108204 1.980545 -0.427948
v 0.087722 2.004145 -0.427701
v 0.106901 2.020598 -0.409316
v 0.108204 1.980545 -0.427948
v 0.127384 1.996998 -0.409563
v 0.120656 2.032800 -0.434584
v 0.101477 2.016347 -0.452970
v 0.141139 2.009199 -0.434831
v 0.121959 1.992746 -0.453216
v 0.125000 2.102672 -0.371870
v 0.125000 2.136157 -0.452710
v 0.125000 1.886138 -0.461562
v 0.125000 1.919623 -0.542401
v -0.125000 2.136157 -0.452710
v -0.125000 2.102672 -0.371870
v -0.125000 1.919623 -0.542401
v -0.125000 1.886138 -0.461562
v -0.087582 2.102327 -0.375769
v -0.124561 2.132674 -0.449035
v -0.087582 1.891567 -0.463069
v -0.124561 1.921914 -0.536334
v -0.317151 2.098307 -0.366065
v -0.280172 2.067959 -0.292799
v -0.317151 1.887547 -0.453364
v -0.280172 1.857199 -0.380099
v 0.280172 2.067959 -0.292799
v 0.317151 2.098307 -0.366065
v 0.280172 1.857199 -0.380099
v 0.317151 1.887547 -0.453364
v 0.124561 2.132674 -0.449035
v 0.087582 2.102327 -0.375769
v 0.124561 1.921914 -0.536334
v 0.087582 1.891567 -0.463069
v -0.280172 2.021765 -0.311933
v -0.296020 2.034771 -0.343333
v -0.280172 1.903393 -0.360965
v -0.296020 1.916399 -0.392364
v -0.307349 2.032750 -0.338452
v -0.291501 2.019744 -0.307053
v -0.307349 1.914378 -0.387483
v -0.291501 1.901372 -0.356084
v 0.291501 2.019744 -0.307053
v 0.307349 2.032750 -0.338452
v 0.291501 1.901372 -0.356084
v 0.307349 1.914378 -0.387483
v 0.296020 2.034771 -0.343333
v 0.280172 2.021765 -0.311933
v 0.296020 1.916399 -0.392364
v 0.280172 1.903393 -0.360965
v 0.366928 1.982054 -0.218933
v 0.288374 2.014992 -0.349923
v 0.381267 1.891525 -0.250296
v 0.302713 1.924464 -0.381287
v 0.277728 2.011407 -0.344441
v 0.356282 1.978468 -0.213451
v 0.292067 1.920878 -0.375804
v 0.370621 1.887939 -0.244814
v 0.378933 1.901386 0.169082
v 0.368495 1.984473 -0.228444
v 0.393686 1.807745 0.149123
v 0.383247 1.890832 -0.248403
v 0.356145 1.982544 -0.228522
v 0.366583 1.899457 0.169003
v 0.370897 1.888903 -0.248482
v 0.381336 1.805816 0.149044
v 0.303197 1.897917 0.301353
v 0.380545 1.908634 0.151756
v 0.319924 1.802514 0.303167
v 0.397271 1.813231 0.153570
v 0.369647 1.906613 0.145977
v 0.292299 1.895897 0.295573
v 0.386373 1.811210 0.147791
v 0.309026 1.800494 0.297387
v 0.158546 1.862851 0.362621
v 0.304702 1.898918 0.301435
v 0.178678 1.768395 0.355034
v 0.324835 1.804463 0.293847
v 0.299895 1.898821 0.289896
v 0.153739 1.862753 0.351083
v 0.320028 1.804365 0.282308
v 0.173872 1.768298 0.343495
v -0.002166 1.851115 0.426615
v 0.167848 1.864237 0.365177
v 0.002969 1.754589 0.420208
v 0.172983 1.767711 0.358770
v 0.163566 1.864788 0.353447
v -0.006448 1.851666 0.414884
v 0.168701 1.768262 0.347039
v -0.001313 1.755140 0.408477
v -0.356282 1.978468 -0.213451
v -0.277728 2.011407 -0.344441
v -0.370621 1.887939 -0.244814
v -0.292067 1.920878 -0.375804
v -0.288374 2.014992 -0.349923
v -0.366928 1.982054 -0.218933
v -0.302713 1.924464 -0.381287
v -0.381267 1.891525 -0.250296
v -0.366583 1.899457 0.169003
v -0.356145 1.982544 -0.228522
v -0.381336 1.805816 0.149044
v -0.370897 1.888903 -0.248482
v -0.368495 1.984473 -0.228444
v -0.378933 1.901386 0.169082
v -0.383247 1.890832 -0.248403
v -0.393686 1.807745 0.149123
v -0.292299 1.895897 0.295573
v -0.369647 1.906613 0.145977
v -0.309026 1.800494 0.297387
v -0.386373 1.811210 0.147791
v -0.380545 1.908634 0.151756
v -0.303197 1.897917 0.301353
v -0.397271 1.813231 0.153570
v -0.319924 1.802514 0.303167
v -0.153739 1.862753 0.351083
v -0.299895 1.898821 0.289896
v -0.173872 1.768298 0.343495
v -0.320028 1.804365 0.282308
v -0.304702 1.898918 0.301435
v -0.158546 1.862851 0.362621
v -0.324835 1.804463 0.293847
v -0.178678 1.768395 0.355034
v 0.006448 1.851666 0.414884
v -0.163566 1.864788 0.353447
v 0.001313 1.755140 0.408477
v -0.168701 1.768262 0.347039
v -0.167848 1.864237 0.365177
v 0.002166 1.851115 0.426615
v -0.172983 1.767711 0.358770
v -0.002969 1.754589 0.420208
v 0.307618 1.792841 0.100000
v 0.307618 1.792841 -0.125000
v 0.279882 1.582159 0.100000
v 0.279882 1.582159 -0.125000
v 0.276636 1.796920 -0.125000
v 0.276636 1.796920 0.100000
v 0.248899 1.586238 -0.125000
v 0.248899 1.586238 0.100000
v 0.376266 1.739676 0.075000
v 0.376266 1.739676 -0.100000
v 0.351793 1.553780 0.075000
v 0.351793 1.553780 -0.100000
v 0.301908 1.749465 -0.100000
v 0.301908 1.749465 0.075000
v 0.277434 1.563569 -0.100000
v 0.277434 1.563569 0.075000
v 0.355997 1.817412 0.059375
v 0.355997 1.817412 -0.084375
v 0.377026 1.738931 0.059375
v 0.377026 1.738931 -0.084375
v 0.283553 1.798001 -0.084375
v 0.283553 1.798001 0.059375
v 0.304582 1.719519 -0.084375
v 0.304582 1.719519 0.059375
v 0.366194 1.706911 0.059375
v 0.366194 1.706911 -0.084375
v 0.398547 1.586171 0.059375
v 0.398547 1.586171 -0.084375
v 0.293750 1.687500 -0.084375
v 0.293750 1.687500 0.059375
v 0.326102 1.566759 -0.084375
v 0.326102 1.566759 0.059375
v 0.339417 1.794959 0.106250
v 0.339417 1.794959 -0.131250
v 0.310048 1.571884 0.106250
v 0.310048 1.571884 -0.131250
v 0.308434 1.799038 -0.131250
v 0.308434 1.799038 0.106250
v 0.279066 1.575962 -0.131250
v 0.279066 1.575962 0.106250
v -0.276636 1.796920 0.100000
v -0.276636 1.796920 -0.125000
v -0.248899 1.586238 0.100000
v -0.248899 1.586238 -0.125000
v -0.307618 1.792841 -0.125000
v -0.307618 1.792841 0.100000
v -0.279882 1.582159 -0.125000
v -0.279882 1.582159 0.100000
v -0.301908 1.749465 0.075000
v -0.301908 1.749465 -0.100000
v -0.277434 1.563569 0.075000
v -0.277434 1.563569 -0.100000
v -0.376266 1.739676 -0.100000
v -0.376266 1.739676 0.075000
v -0.351793 1.553780 -0.100000
v -0.351793 1.553780 0.075000
v -0.283553 1.798001 0.059375
v -0.283553 1.798001 -0.084375
v -0.304582 1.719519 0.059375
v -0.304582 1.719519 -0.084375
v -0.355997 1.817412 -0.084375
v -0.355997 1.817412 0.059375
v -0.377026 1.738931 -0.084375
v -0.377026 1.738931 0.059375
v -0.293750 1.687500 0.059375
v -0.293750 1.687500 -0.084375
v -0.326102 1.566759 0.059375
v -0.326102 1.566759 -0.084375
v -0.366194 1.706911 -0.084375
v -0.366194 1.706911 0.059375
v -0.398547 1.586171 -0.084375
v -0.398547 1.586171 0.059375
vn -0.0000 -0.0000 -1.0000
vn 0.9744 -0.2250 -0.0000
vn -0.0000 -0.0000 1.0000
vn -0.9744 0.2250 -0.0000
vn 0.2249 0.9744 -0.0000
vn -0.2249 -0.9744 -0.0000
vn -0.2138 0.2389 -0.9472
vn 0.9768 0.0391 -0.2107
vn 0.9768 0.0390 -0.2107
vn 0.2138 -0.2389 0.9472
vn -0.9768 -0.0390 0.2107
vn 0.0134 0.9703 0.2417
vn -0.0133 -0.9703 -0.2417
vn 1.0000 -0.0000 -0.0000
vn -1.0000 -0.0000 -0.0000
vn -0.0000 1.0000 -0.0000
vn -0.0000 -1.0000 -0.0000
vn -0.0619 -0.3989 -0.9149
vn 0.9976 0.0049 -0.0696
vn 0.0619 0.3989 0.9149
vn -0.9976 -0.0049 0.0696
vn -0.0322 0.9170 -0.3976
vn 0.0322 -0.9170 0.3976
vn 0.2756 0.8107 -0.5165
vn 0.9613 -0.2325 0.1481
vn -0.2756 -0.8107 0.5165
vn -0.9613 0.2325 -0.1481
vn -0.0000 0.5373 0.8434
vn -0.0000 -0.5373 -0.8434
vn 0.2885 0.6050 -0.7422
vn 0.9518 -0.2656 0.1534
vn -0.2885 -0.6050 0.7422
vn -0.9518 0.2656 -0.1534
vn 0.1044 0.7506 0.6524
vn -0.1043 -0.7506 -0.6524
vn -0.1044 -0.7506 -0.6524
vn 0.2756 -0.8107 0.5165
vn 0.9613 0.2325 -0.1481
vn -0.2756 0.8107 -0.5165
vn -0.9613 -0.2325 0.1481
vn 0.0619 -0.3989 -0.9149
vn 0.9976 -0.0049 0.0696
vn -0.0619 0.3989 0.9149
vn -0.9976 0.0049 -0.0696
vn 0.0322 0.9170 -0.3976
vn -0.0322 -0.9170 0.3976
vn -0.2885 0.6050 -0.7422
vn 0.9518 0.2656 -0.1534
vn 0.2885 -0.6050 0.7422
vn 0.2884 -0.6050 0.7422
vn -0.9518 -0.2656 0.1534
vn -0.1044 0.7506 0.6524
vn 0.1043 -0.7506 -0.6524
vn 0.1044 -0.7506 -0.6524
vn 0.2138 0.2389 -0.9472
vn 0.9768 -0.0390 0.2107
vn -0.2138 -0.2389 0.9472
vn -0.9768 0.0391 -0.2107
vn -0.9768 0.0390 -0.2107
vn -0.0134 0.9703 0.2417
vn 0.0133 -0.9703 -0.2417
vn 0.3313 0.2324 -0.9145
vn 0.3313 0.2323 -0.9145
vn 0.9434 -0.0679 0.3245
vn 0.9434 -0.0678 0.3245
vn -0.3313 -0.2324 0.9145
vn -0.9434 0.0679 -0.3245
vn -0.9434 0.0678 -0.3245
vn 0.0134 -0.9703 -0.2417
vn 0.9357 0.0974 -0.3392
vn 0.3527 -0.2216 0.9091
vn -0.9357 -0.0974 0.3392
vn -0.3527 0.2216 -0.9091
vn -0.9357 0.0974 -0.3392
vn 0.3527 0.2216 -0.9091
vn 0.9357 -0.0974 0.3392
vn -0.3527 -0.2216 0.9091
vn -0.0134 -0.9703 -0.2417
vn -0.3313 0.2324 -0.9145
vn 0.9434 0.0679 -0.3245
vn 0.3313 -0.2324 0.9145
vn -0.9434 -0.0679 0.3245
vn -0.9434 -0.0678 0.3245
vn 0.0133 0.9703 0.2417
vn -0.2138 0.4382 -0.8731
vn 0.9768 0.0837 -0.1972
vn 0.2138 -0.4382 0.8731
vn -0.9768 -0.0837 0.1972
vn 0.0133 0.8949 0.4460
vn 0.0133 0.8950 0.4460
vn -0.0133 -0.8950 -0.4460
vn -0.0000 -0.5664 0.8241
vn -0.0000 0.5664 -0.8241
vn -0.0000 0.8241 0.5664
vn -0.0000 -0.8241 -0.5664
vn -0.0079 0.9099 0.4148
vn 0.4539 -0.3664 0.8122
vn 0.0079 -0.9099 -0.4148
vn -0.4539 0.3664 -0.8122
vn -0.8910 -0.1947 0.4101
vn 0.8910 0.1947 -0.4101
vn 0.0079 0.9099 0.4148
vn 0.4539 0.3664 -0.8122
vn -0.0079 -0.9099 -0.4148
vn -0.4539 -0.3664 0.8122
vn 0.8910 -0.1947 0.4101
vn -0.8910 0.1947 -0.4101
vn -0.0000 0.4617 -0.8870
vn 0.7071 0.6272 0.3265
vn -0.0000 -0.4618 0.8870
vn -0.7071 -0.6272 -0.3265
vn -0.7071 0.6272 0.3265
vn 0.7071 -0.6272 -0.3265
vn -0.0000 0.8870 0.4617
vn -0.0000 -0.8870 -0.4617
vn -0.0000 -0.8870 -0.4618
vn -0.0000 0.4618 -0.8870
vn -0.0000 -0.4617 0.8870
vn 0.9357 0.1685 -0.3101
vn 0.9356 0.1685 -0.3101
vn 0.3527 -0.4131 0.8396
vn -0.9357 -0.1685 0.3101
vn -0.3527 0.4131 -0.8396
vn -0.0134 0.8949 0.4460
vn -0.0134 0.8950 0.4460
vn 0.0134 -0.8949 -0.4460
vn 0.0133 -0.8949 -0.4460
vn 0.0134 -0.8950 -0.4460
vn 0.3313 0.4248 -0.8425
vn 0.9434 -0.1365 0.3021
vn 0.9434 -0.1365 0.3022
vn -0.3313 -0.4248 0.8425
vn -0.9434 0.1365 -0.3021
vn -0.9434 0.1365 -0.3022
vn -0.0133 0.8950 0.4460
vn 0.2138 0.4382 -0.8731
vn 0.9768 -0.0837 0.1972
vn -0.2138 -0.4382 0.8731
vn -0.9768 0.0837 -0.1972
vn -0.0133 0.8949 0.4460
vn 0.0133 -0.8950 -0.4460
vn -0.9357 0.1685 -0.3101
vn -0.9356 0.1685 -0.3101
vn 0.3527 0.4131 -0.8396
vn 0.9357 -0.1685 0.3101
vn 0.9356 -0.1685 0.3101
vn -0.3527 -0.4131 0.8396
vn 0.0134 0.8949 0.4460
vn 0.0134 0.8950 0.4460
vn -0.0134 -0.8950 -0.4460
vn -0.0133 -0.8949 -0.4460
vn -0.3313 0.4248 -0.8425
vn 0.9434 0.1365 -0.3021
vn 0.9434 0.1365 -0.3022
vn 0.3313 -0.4248 0.8425
vn -0.9434 -0.1365 0.3021
vn 0.9914 0.1305 -0.0000
vn -0.9914 -0.1305 -0.0000
vn -0.1305 0.9914 -0.0000
vn 0.1305 -0.9914 -0.0000
vn -0.9763 0.2164 -0.0000
vn 0.9763 -0.2164 -0.0000
vn 0.2164 0.9763 -0.0000
vn -0.2164 -0.9763 -0.0000
vn 0.0090 -0.3988 0.9170
vn -0.9773 0.1905 0.0924
vn -0.0090 0.3988 -0.9170
vn 0.9773 -0.1905 -0.0924
vn 0.2115 0.8970 0.3880
vn 0.2115 0.8970 0.3881
vn -0.2115 -0.8970 -0.3881
vn -0.0090 0.3988 0.9170
vn -0.9773 0.1905 -0.0924
vn 0.0090 -0.3988 -0.9170
vn 0.9773 -0.1905 0.0924
vn 0.2115 0.8970 -0.3880
vn -0.2115 -0.8970 0.3881
vn -0.9763 -0.2164 -0.0000
vn 0.9763 0.2164 -0.0000
vn -0.2164 0.9763 -0.0000
vn 0.2164 -0.9763 -0.0000
vn 0.0090 0.3988 0.9170
vn -0.9773 -0.1905 0.0924
vn -0.0090 -0.3988 -0.9170
vn 0.9773 0.1905 -0.0924
vn -0.2115 0.8970 -0.3880
vn 0.2115 -0.8970 0.3881
vn -0.0090 -0.3988 0.9170
vn -0.9773 -0.1905 -0.0924
vn 0.0090 0.3988 -0.9170
vn 0.9773 0.1905 0.0924
vn -0.2115 0.8970 0.3880
vn 0.2115 -0.8970 -0.3881
vn 0.9239 0.3454 -0.1648
vn 0.3827 -0.8339 0.3977
vn -0.9239 -0.3454 0.1647
vn -0.3827 0.8339 -0.3977
vn -0.0000 0.4305 0.9026
vn -0.0000 -0.4305 -0.9026
vn 0.9239 0.3827 -0.0000
vn 0.3827 -0.9239 -0.0000
vn -0.9239 -0.3827 -0.0000
vn -0.3827 0.9239 -0.0000
vn -0.9239 0.3827 -0.0000
vn 0.3827 0.9239 -0.0000
vn 0.9239 -0.3827 -0.0000
vn -0.3827 -0.9239 -0.0000
vn -0.9239 0.3454 -0.1648
vn 0.3827 0.8339 -0.3977
vn 0.9239 -0.3454 0.1647
vn -0.3827 -0.8339 0.3977
vn -0.9239 -0.3454 -0.1647
vn 0.3827 -0.8339 -0.3977
vn 0.9239 0.3454 0.1648
vn -0.3827 0.8339 0.3977
vn -0.0000 0.4305 -0.9026
vn -0.0000 -0.4305 0.9026
vn 0.9239 -0.3454 -0.1647
vn 0.3827 0.8339 0.3977
vn -0.9239 0.3454 0.1648
vn -0.3827 -0.8339 -0.3977
vn -0.9239 0.0200 -0.3822
vn 0.3827 0.0484 -0.9226
vn 0.3827 0.0483 -0.9226
vn 0.9239 -0.0200 0.3822
vn -0.3827 -0.0484 0.9226
vn -0.0000 0.9986 0.0523
vn -0.0000 -0.9986 -0.0523
vn 0.9239 0.0200 -0.3822
vn 0.3827 -0.0484 0.9226
vn 0.3827 -0.0483 0.9226
vn -0.9239 -0.0200 0.3822
vn -0.3827 0.0484 -0.9226
vn -0.8976 -0.2198 -0.3822
vn -0.8976 -0.2198 -0.3821
vn 0.3571 0.1457 -0.9226
vn 0.8976 0.2198 0.3821
vn -0.3571 -0.1457 0.9226
vn -0.2585 0.9646 0.0523
vn 0.2585 -0.9646 -0.0523
vn 0.8976 -0.2198 -0.3822
vn 0.8976 -0.2198 -0.3821
vn 0.3571 -0.1457 0.9226
vn -0.8976 0.2198 0.3822
vn -0.3571 0.1457 -0.9226
vn 0.2585 0.9646 0.0523
vn 0.2585 0.9646 0.0524
vn -0.2585 -0.9646 -0.0523
vn -0.2585 -0.9646 -0.0524
vn 0.9239 0.3790 -0.0533
vn 0.3827 -0.9149 0.1286
vn -0.9239 -0.3790 0.0533
vn -0.3827 0.9149 -0.1286
vn -0.0000 0.1392 0.9903
vn -0.0000 -0.1392 -0.9903
vn -0.9239 0.3790 -0.0533
vn 0.3827 0.9149 -0.1286
vn 0.9239 -0.3790 0.0533
vn -0.3827 -0.9149 0.1286
vn 0.9239 -0.3790 0.0532
vn -0.9239 -0.3790 -0.0533
vn 0.3827 -0.9149 -0.1286
vn 0.9239 0.3790 0.0533
vn -0.3827 0.9149 0.1286
vn -0.0000 0.1392 -0.9903
vn -0.0000 -0.1392 0.9903
vn 0.9239 -0.3790 -0.0533
vn 0.3827 0.9149 0.1286
vn -0.9239 0.3790 0.0533
vn -0.3827 -0.9149 -0.1286
vn -0.9239 -0.3790 -0.0532
vn -0.9483 0.1291 -0.2899
vn 0.3173 0.3857 -0.8663
vn 0.9483 -0.1291 0.2899
vn -0.3173 -0.3857 0.8663
vn -0.0000 0.9135 0.4067
vn -0.0000 -0.9135 -0.4067
vn 0.9483 0.1291 -0.2899
vn 0.3173 -0.3857 0.8663
vn -0.9483 -0.1291 0.2899
vn -0.3173 0.3857 -0.8663
vn 0.9239 -0.1277 -0.3607
vn 0.3827 0.3084 0.8709
vn -0.9239 0.1277 0.3607
vn -0.3827 -0.3084 -0.8709
vn -0.0000 0.9426 -0.3338
vn -0.0000 -0.9426 0.3338
vn -0.9239 -0.1277 -0.3607
vn 0.3827 -0.3084 -0.8709
vn 0.9239 0.1277 0.3607
vn -0.3827 0.3084 0.8709
vn -0.9239 0.3826 -0.0000
vn 0.9588 0.2840 -0.0000
vn -0.9588 -0.2840 -0.0000
vn -0.2840 0.9588 -0.0000
vn 0.2840 -0.9588 -0.0000
vn 0.9239 0.3826 -0.0000
vn 0.9588 -0.2840 -0.0000
vn -0.9588 0.2840 -0.0000
vn 0.2840 0.9588 -0.0000
vn -0.2840 -0.9588 -0.0000
vn -0.0000 0.2588 -0.9659
vn -0.0000 -0.2588 0.9659
vn -0.0000 0.9659 0.2588
vn -0.0000 -0.9659 -0.2588
vn 0.3827 0.2547 -0.8881
vn 0.9239 -0.1055 0.3679
vn -0.3827 -0.2547 0.8881
vn -0.9239 0.1055 -0.3679
vn -0.0000 0.9613 0.2756
vn -0.0000 -0.9613 -0.2756
vn -0.3827 0.2547 -0.8881
vn 0.9239 0.1055 -0.3679
vn 0.3827 -0.2547 0.8881
vn -0.9239 -0.1055 0.3679
vn -0.3827 -0.2547 -0.8881
vn 0.9239 -0.1055 -0.3679
vn 0.3827 0.2547 0.8881
vn -0.9239 0.1055 0.3679
vn -0.0000 0.9613 -0.2756
vn -0.0000 -0.9613 0.2756
vn -0.0000 -0.2588 -0.9659
vn -0.0000 0.2588 0.9659
vn -0.0000 0.9659 -0.2588
vn -0.0000 -0.9659 0.2588
vn 0.3827 -0.2547 -0.8881
vn 0.9239 0.1055 0.3679
vn -0.3827 0.2547 0.8881
vn -0.9239 -0.1055 -0.3679
vn -0.0000 0.7071 0.7071
vn -0.0000 -0.7071 -0.7071
vn -0.0000 0.7071 -0.7071
vn -0.0000 -0.7071 0.7071
vn 0.7071 0.5000 0.5000
vn -0.7071 -0.5000 -0.5000
vn -0.7071 0.5000 0.5000
vn 0.7071 -0.5000 -0.5000
vn -0.6137 0.5265 0.5883
vn -0.4402 0.3904 -0.8086
vn -0.4402 0.3905 -0.8086
vn 0.6137 -0.5265 -0.5883
vn 0.4401 -0.3905 0.8086
vn 0.6554 0.7552 0.0079
vn -0.6554 -0.7552 -0.0079
vn 0.6137 0.5265 0.5883
vn -0.4401 -0.3905 0.8086
vn -0.6137 -0.5265 -0.5883
vn 0.4402 0.3904 -0.8086
vn 0.4402 0.3905 -0.8086
vn 0.4401 0.3905 -0.8086
vn -0.6554 0.7552 0.0079
vn 0.6554 -0.7552 -0.0079
vn -0.0000 0.3827 -0.9239
vn -0.0000 -0.3827 0.9239
vn -0.0000 0.9239 0.3827
vn -0.0000 -0.9239 -0.3827
vn -0.4226 0.3468 -0.8373
vn 0.9063 0.1617 -0.3904
vn 0.4226 -0.3468 0.8373
vn -0.9063 -0.1617 0.3904
vn 0.4226 0.3468 -0.8373
vn 0.9063 -0.1617 0.3904
vn -0.4226 -0.3468 0.8373
vn -0.9063 0.1617 -0.3904
vn -0.9063 0.1617 -0.3905
vn -0.0001 -0.9239 -0.3827
vn 0.0001 -0.9239 -0.3827
vn -0.5028 0.2108 -0.8383
vn -0.5027 0.2108 -0.8384
vn 0.8517 0.2869 -0.4386
vn 0.8517 0.2868 -0.4386
vn 0.5027 -0.2108 0.8384
vn -0.8517 -0.2868 0.4386
vn -0.1481 0.9345 0.3238
vn -0.1480 0.9345 0.3237
vn 0.1480 -0.9345 -0.3238
vn 0.1481 -0.9345 -0.3238
vn -0.0257 0.2045 -0.9785
vn -0.0258 0.2045 -0.9785
vn 0.9880 0.1543 0.0063
vn 0.0257 -0.2045 0.9785
vn -0.9880 -0.1543 -0.0063
vn -0.1523 0.9666 0.2060
vn 0.1523 -0.9666 -0.2060
vn 0.4583 0.0635 -0.8865
vn 0.8718 0.1616 0.4624
vn 0.8718 0.1617 0.4624
vn -0.4584 -0.0635 0.8865
vn -0.8718 -0.1616 -0.4624
vn -0.1726 0.9848 -0.0187
vn -0.1727 0.9848 -0.0187
vn 0.1727 -0.9848 0.0187
vn 0.1726 -0.9848 0.0187
vn 0.8994 0.2220 -0.3766
vn 0.3845 0.0078 0.9231
vn -0.8994 -0.2219 0.3765
vn -0.8994 -0.2220 0.3766
vn -0.3845 -0.0078 -0.9231
vn -0.2078 0.9750 0.0783
vn -0.2078 0.9750 0.0784
vn 0.2078 -0.9750 -0.0783
vn 0.2078 -0.9750 -0.0784
vn 0.9380 0.0724 -0.3390
vn 0.3425 -0.0441 0.9385
vn -0.9380 -0.0724 0.3390
vn -0.3425 0.0441 -0.9385
vn -0.0530 0.9964 0.0661
vn 0.0530 -0.9964 -0.0661
vn 0.5028 0.2108 -0.8383
vn 0.5027 0.2108 -0.8384
vn 0.8517 -0.2868 0.4386
vn -0.5027 -0.2108 0.8384
vn -0.8517 0.2869 -0.4386
vn 0.1481 0.9345 0.3238
vn 0.1480 0.9345 0.3237
vn -0.1480 -0.9345 -0.3238
vn -0.1481 -0.9345 -0.3238
vn 0.0257 0.2045 -0.9785
vn 0.0258 0.2045 -0.9785
vn 0.9880 -0.1543 -0.0063
vn -0.0257 -0.2045 0.9785
vn -0.9880 0.1543 0.0063
vn 0.1523 0.9666 0.2060
vn -0.1523 -0.9666 -0.2060
vn -0.4583 0.0635 -0.8865
vn 0.8718 -0.1616 -0.4624
vn 0.4584 -0.0635 0.8865
vn -0.8718 0.1616 0.4624
vn 0.1726 0.9848 -0.0187
vn 0.1727 0.9848 -0.0187
vn -0.1727 -0.9848 0.0187
vn -0.1726 -0.9848 0.0187
vn -0.8994 0.2220 -0.3766
vn 0.3845 -0.0078 -0.9231
vn 0.8994 -0.2219 0.3765
vn 0.8994 -0.2220 0.3766
vn -0.3845 0.0078 0.9231
vn 0.2078 0.9750 0.0783
vn 0.2078 0.9750 0.0784
vn -0.2078 -0.9750 -0.0783
vn -0.9380 0.0724 -0.3390
vn 0.3425 0.0441 -0.9385
vn 0.9380 -0.0724 0.3390
vn -0.3425 -0.0441 0.9385
vn 0.0530 0.9964 0.0661
vn 0.0530 0.9964 0.0662
vn -0.0530 -0.9964 -0.0661
vn 0.9914 -0.1305 -0.0000
vn -0.9914 0.1305 -0.0000
vn 0.1305 0.9914 -0.0000
vn -0.1305 -0.9914 -0.0000
vn 0.9659 0.2588 -0.0000
vn -0.9659 -0.2588 -0.0000
vn -0.2588 0.9659 -0.0000
vn 0.2588 -0.9659 -0.0000
vn 0.9659 -0.2588 -0.0000
vn -0.9659 0.2588 -0.0000
vn 0.2588 0.9659 -0.0000
vn -0.2588 -0.9659 -0.0000
vn 0.2757 0.8107 -0.5165
vn -0.2884 -0.6050 0.7422
vn -0.0133 0.9703 0.2417
vn -0.3313 0.2323 -0.9145
vn 0.9434 0.0678 -0.3245
vn -0.9356 -0.1685 0.3101
vn -0.9434 -0.1365 0.3022
vn -0.2115 0.8970 0.3881
vn -0.3827 -0.0483 0.9226
vn -0.3827 0.0483 -0.9226
vn -0.9239 -0.3790 0.0532
vn 0.9239 -0.3790 -0.0532
vn 0.9483 0.1290 -0.2899
vn -0.4401 0.3905 -0.8086
vn 0.9063 0.1617 -0.3905
vn -0.8517 0.2868 -0.4386
vn -0.8718 0.1617 0.4624
vn -0.2078 -0.9750 -0.0784
vt 0.876953 0.033203
vt 0.875000 0.062500
vt 0.875000 0.033203
vt 0.201172 0.626953
vt 0.156250 0.656250
vt 0.156250 0.626953
vt 0.939453 0.095703
vt 0.937500 0.125000
vt 0.937500 0.095703
vt 0.654297 0.908203
vt 0.609375 0.937500
vt 0.609375 0.908203
vt 0.812500 0.078125
vt 0.814453 0.033203
vt 0.814453 0.078125
vt 0.828125 0.033203
vt 0.830078 0.078125
vt 0.830078 0.033203
vt 0.934570 0.149414
vt 0.921875 0.156250
vt 0.921875 0.149414
vt 0.927734 0.305664
vt 0.906250 0.312500
vt 0.906250 0.305664
vt 0.872070 0.071289
vt 0.859375 0.078125
vt 0.859375 0.071289
vt 0.927734 0.290039
vt 0.906250 0.296875
vt 0.906250 0.290039
vt 0.796875 0.109375
vt 0.809570 0.087891
vt 0.809570 0.109375
vt 0.812500 0.087891
vt 0.825195 0.109375
vt 0.825195 0.087891
vt 0.831055 0.596680
vt 0.812500 0.625000
vt 0.812500 0.596680
vt 0.575195 0.909180
vt 0.484375 0.937500
vt 0.484375 0.909180
vt 0.424805 0.159180
vt 0.406250 0.187500
vt 0.406250 0.159180
vt 0.575195 0.877930
vt 0.484375 0.906250
vt 0.484375 0.877930
vt 0.562500 0.640625
vt 0.581055 0.549805
vt 0.581055 0.640625
vt 0.437500 0.346680
vt 0.456055 0.437500
vt 0.456055 0.346680
vt 0.859375 0.787109
vt 0.876953 0.812500
vt 0.859375 0.812500
vt 0.751953 0.599609
vt 0.718750 0.625000
vt 0.718750 0.599609
vt 0.220703 0.115234
vt 0.203125 0.140625
vt 0.203125 0.115234
vt 0.718750 0.568359
vt 0.751953 0.593750
vt 0.718750 0.593750
vt 0.765625 0.218750
vt 0.783203 0.185547
vt 0.783203 0.218750
vt 0.095703 0.169922
vt 0.078125 0.203125
vt 0.095703 0.203125
vt 0.140625 0.562500
vt 0.156250 0.593750
vt 0.140625 0.593750
vt 0.612305 0.421875
vt 0.546875 0.453125
vt 0.546875 0.421875
vt 0.062500 0.531250
vt 0.078125 0.562500
vt 0.062500 0.562500
vt 0.562500 0.718750
vt 0.627930 0.750000
vt 0.562500 0.750000
vt 0.609375 0.718750
vt 0.625000 0.653320
vt 0.625000 0.718750
vt 0.593750 0.278320
vt 0.609375 0.343750
vt 0.609375 0.278320
vt 0.593750 0.085938
vt 0.605469 0.109375
vt 0.593750 0.109375
vt 0.717773 0.851562
vt 0.671875 0.875000
vt 0.671875 0.851562
vt 0.746094 0.085938
vt 0.734375 0.109375
vt 0.734375 0.085938
vt 0.671875 0.820312
vt 0.717773 0.843750
vt 0.671875 0.843750
vt 0.812500 0.953125
vt 0.824219 0.907227
vt 0.824219 0.953125
vt 0.824219 0.860352
vt 0.812500 0.906250
vt 0.824219 0.906250
vt 0.129883 0.174805
vt 0.109375 0.203125
vt 0.109375 0.174805
vt 0.559570 0.721680
vt 0.468750 0.750000
vt 0.468750 0.721680
vt 0.161133 0.174805
vt 0.140625 0.203125
vt 0.140625 0.174805
vt 0.559570 0.690430
vt 0.468750 0.718750
vt 0.468750 0.690430
vt 0.406250 0.453125
vt 0.426758 0.362305
vt 0.426758 0.453125
vt 0.046875 0.346680
vt 0.067383 0.437500
vt 0.067383 0.346680
vt 0.562500 0.687500
vt 0.576172 0.718750
vt 0.393555 0.421875
vt 0.328125 0.453125
vt 0.328125 0.421875
vt 0.578125 0.875000
vt 0.591797 0.906250
vt 0.578125 0.906250
vt 0.612305 0.453125
vt 0.546875 0.484375
vt 0.578125 0.312500
vt 0.591797 0.247070
vt 0.591797 0.312500
vt 0.390625 0.231445
vt 0.404297 0.296875
vt 0.404297 0.231445
vt 0.626953 0.130859
vt 0.609375 0.156250
vt 0.609375 0.130859
vt 0.736328 0.630859
vt 0.703125 0.656250
vt 0.703125 0.630859
vt 0.859375 0.974609
vt 0.876953 1.000000
vt 0.859375 1.000000
vt 0.718750 0.662109
vt 0.751953 0.687500
vt 0.718750 0.687500
vt 0.798828 0.687500
vt 0.781250 0.654297
vt 0.798828 0.654297
vt 0.734375 0.185547
vt 0.751953 0.218750
vt 0.751953 0.185547
vt 0.230469 0.085938
vt 0.218750 0.109375
vt 0.218750 0.085938
vt 0.717773 0.882812
vt 0.671875 0.906250
vt 0.671875 0.882812
vt 0.390625 0.085938
vt 0.402344 0.109375
vt 0.390625 0.109375
vt 0.170898 0.304688
vt 0.125000 0.328125
vt 0.125000 0.304688
vt 0.812500 1.000000
vt 0.824219 0.954102
vt 0.824219 1.000000
vt 0.031250 0.141602
vt 0.042969 0.187500
vt 0.042969 0.141602
vt 0.921875 0.227539
vt 0.934570 0.234375
vt 0.921875 0.234375
vt 0.906250 0.336914
vt 0.927734 0.343750
vt 0.906250 0.343750
vt 0.843750 0.071289
vt 0.856445 0.078125
vt 0.843750 0.078125
vt 0.906250 0.321289
vt 0.927734 0.328125
vt 0.906250 0.328125
vt 0.903320 0.265625
vt 0.890625 0.244141
vt 0.903320 0.244141
vt 0.903320 0.212891
vt 0.890625 0.234375
vt 0.903320 0.234375
vt 0.840820 0.693359
vt 0.828125 0.703125
vt 0.828125 0.693359
vt 0.406250 0.083984
vt 0.424805 0.093750
vt 0.406250 0.093750
vt 0.828125 0.490234
vt 0.840820 0.500000
vt 0.828125 0.500000
vt 0.924805 0.583984
vt 0.906250 0.593750
vt 0.906250 0.583984
vt 0.890625 0.140625
vt 0.903320 0.122070
vt 0.903320 0.140625
vt 0.875000 0.090820
vt 0.887695 0.109375
vt 0.887695 0.090820
vt 0.731445 0.500977
vt 0.718750 0.515625
vt 0.718750 0.500977
vt 0.656250 0.407227
vt 0.731445 0.421875
vt 0.656250 0.421875
vt 0.825195 0.813477
vt 0.812500 0.828125
vt 0.812500 0.813477
vt 0.656250 0.391602
vt 0.731445 0.406250
vt 0.656250 0.406250
vt 0.043945 0.312500
vt 0.031250 0.237305
vt 0.043945 0.237305
vt 0.531250 0.237305
vt 0.543945 0.312500
vt 0.543945 0.237305
vt 0.812500 0.547852
vt 0.825195 0.562500
vt 0.812500 0.562500
vt 0.731445 0.375977
vt 0.656250 0.390625
vt 0.656250 0.375977
vt 0.828125 0.860352
vt 0.840820 0.875000
vt 0.828125 0.875000
vt 0.731445 0.360352
vt 0.656250 0.375000
vt 0.656250 0.360352
vt 0.546875 0.312500
vt 0.559570 0.237305
vt 0.559570 0.312500
vt 0.562500 0.237305
vt 0.575195 0.312500
vt 0.575195 0.237305
vt 0.843750 0.833984
vt 0.856445 0.843750
vt 0.843750 0.843750
vt 0.924805 0.568359
vt 0.906250 0.578125
vt 0.906250 0.568359
vt 0.856445 0.568359
vt 0.843750 0.578125
vt 0.843750 0.568359
vt 0.456055 0.083984
vt 0.437500 0.093750
vt 0.437500 0.083984
vt 0.903320 0.109375
vt 0.890625 0.090820
vt 0.903320 0.090820
vt 0.012695 0.075195
vt 0.000000 0.093750
vt 0.012695 0.093750
vt 0.468750 0.063477
vt 0.474609 0.093750
vt 0.468750 0.093750
vt 0.787109 0.250977
vt 0.765625 0.281250
vt 0.765625 0.250977
vt 0.490234 0.063477
vt 0.484375 0.093750
vt 0.484375 0.063477
vt 0.787109 0.219727
vt 0.765625 0.250000
vt 0.765625 0.219727
vt 0.177734 0.078125
vt 0.171875 0.056641
vt 0.177734 0.056641
vt 0.927734 0.791016
vt 0.921875 0.812500
vt 0.927734 0.812500
vt 0.906250 0.978516
vt 0.916992 1.000000
vt 0.906250 1.000000
vt 0.865234 0.478516
vt 0.843750 0.500000
vt 0.843750 0.478516
vt 0.026367 0.072266
vt 0.015625 0.093750
vt 0.015625 0.072266
vt 0.865234 0.447266
vt 0.843750 0.468750
vt 0.843750 0.447266
vt 0.906250 0.968750
vt 0.916992 0.947266
vt 0.916992 0.968750
vt 0.906250 0.916016
vt 0.916992 0.937500
vt 0.916992 0.916016
vt 0.838867 0.086914
vt 0.828125 0.109375
vt 0.828125 0.086914
vt 0.849609 0.274414
vt 0.828125 0.296875
vt 0.828125 0.274414
vt 0.901367 0.149414
vt 0.890625 0.171875
vt 0.890625 0.149414
vt 0.734375 0.149414
vt 0.755859 0.171875
vt 0.734375 0.171875
vt 0.088867 0.093750
vt 0.078125 0.072266
vt 0.088867 0.072266
vt 0.104492 0.072266
vt 0.093750 0.093750
vt 0.104492 0.093750
vt 0.854492 0.086914
vt 0.843750 0.109375
vt 0.843750 0.086914
vt 0.849609 0.243164
vt 0.828125 0.265625
vt 0.828125 0.243164
vt 0.859375 0.086914
vt 0.870117 0.109375
vt 0.859375 0.109375
vt 0.765625 0.149414
vt 0.787109 0.171875
vt 0.765625 0.171875
vt 0.916992 0.875000
vt 0.906250 0.853516
vt 0.916992 0.853516
vt 0.906250 0.822266
vt 0.916992 0.843750
vt 0.916992 0.822266
vt 0.000000 0.296875
vt 0.031250 0.328125
vt 0.000000 0.328125
vt 0.762695 0.625000
vt 0.750000 0.656250
vt 0.750000 0.625000
vt 0.343750 0.296875
vt 0.312500 0.328125
vt 0.312500 0.296875
vt 0.747070 0.140625
vt 0.734375 0.140625
vt 0.203125 0.468750
vt 0.234375 0.456055
vt 0.234375 0.468750
vt 0.734375 0.424805
vt 0.703125 0.437500
vt 0.734375 0.437500
vt 0.935547 0.134766
vt 0.921875 0.140625
vt 0.921875 0.134766
vt 0.927734 0.212891
vt 0.906250 0.218750
vt 0.906250 0.212891
vt 0.888672 0.072266
vt 0.875000 0.078125
vt 0.875000 0.072266
vt 0.943359 0.775391
vt 0.921875 0.781250
vt 0.921875 0.775391
vt 0.890625 0.843750
vt 0.904297 0.822266
vt 0.904297 0.843750
vt 0.171875 0.087891
vt 0.185547 0.109375
vt 0.185547 0.087891
vt 0.812500 0.571289
vt 0.834961 0.593750
vt 0.812500 0.593750
vt 0.914062 0.477539
vt 0.906250 0.500000
vt 0.906250 0.477539
vt 0.459961 0.165039
vt 0.437500 0.187500
vt 0.437500 0.165039
vt 0.539062 0.071289
vt 0.531250 0.093750
vt 0.531250 0.071289
vt 0.928711 0.531250
vt 0.906250 0.523438
vt 0.928711 0.523438
vt 0.906250 0.460938
vt 0.928711 0.468750
vt 0.928711 0.460938
vt 0.762695 0.346680
vt 0.734375 0.375000
vt 0.734375 0.346680
vt 0.810547 0.112305
vt 0.796875 0.140625
vt 0.796875 0.112305
vt 0.762695 0.315430
vt 0.734375 0.343750
vt 0.734375 0.315430
vt 0.826172 0.112305
vt 0.812500 0.140625
vt 0.812500 0.112305
vt 0.887695 0.718750
vt 0.859375 0.705078
vt 0.887695 0.705078
vt 0.859375 0.501953
vt 0.887695 0.515625
vt 0.887695 0.501953
vt 0.468750 0.165039
vt 0.491211 0.187500
vt 0.468750 0.187500
vt 0.554688 0.071289
vt 0.546875 0.093750
vt 0.546875 0.071289
vt 0.834961 0.461914
vt 0.812500 0.484375
vt 0.812500 0.461914
vt 0.914062 0.430664
vt 0.906250 0.453125
vt 0.906250 0.430664
vt 0.906250 0.421875
vt 0.928711 0.414062
vt 0.928711 0.421875
vt 0.906250 0.398438
vt 0.928711 0.406250
vt 0.928711 0.398438
vt 0.187500 0.060547
vt 0.193359 0.093750
vt 0.187500 0.093750
vt 0.551758 0.591797
vt 0.484375 0.625000
vt 0.484375 0.591797
vt 0.203125 0.060547
vt 0.208984 0.093750
vt 0.203125 0.093750
vt 0.551758 0.544922
vt 0.484375 0.578125
vt 0.484375 0.544922
vt 0.755859 0.140625
vt 0.750000 0.073242
vt 0.755859 0.073242
vt 0.859375 0.182617
vt 0.865234 0.250000
vt 0.865234 0.182617
vt 0.906250 0.748047
vt 0.912109 0.781250
vt 0.906250 0.781250
vt 0.799805 0.919922
vt 0.781250 0.953125
vt 0.781250 0.919922
vt 0.234375 0.060547
vt 0.240234 0.093750
vt 0.234375 0.093750
vt 0.799805 0.873047
vt 0.781250 0.906250
vt 0.781250 0.873047
vt 0.921875 0.765625
vt 0.927734 0.747070
vt 0.927734 0.765625
vt 0.927734 0.543945
vt 0.921875 0.562500
vt 0.927734 0.562500
vt 0.380859 0.063477
vt 0.375000 0.093750
vt 0.375000 0.063477
vt 0.787109 0.282227
vt 0.765625 0.312500
vt 0.765625 0.282227
vt 0.906250 0.532227
vt 0.912109 0.562500
vt 0.906250 0.562500
vt 0.724609 0.204102
vt 0.703125 0.234375
vt 0.703125 0.204102
vt 0.162109 0.078125
vt 0.156250 0.056641
vt 0.162109 0.056641
vt 0.921875 0.822266
vt 0.927734 0.843750
vt 0.927734 0.822266
vt 0.255859 0.060547
vt 0.250000 0.093750
vt 0.250000 0.060547
vt 0.484375 0.498047
vt 0.551758 0.531250
vt 0.484375 0.531250
vt 0.271484 0.060547
vt 0.265625 0.093750
vt 0.265625 0.060547
vt 0.500000 0.654297
vt 0.567383 0.687500
vt 0.500000 0.687500
vt 0.765625 0.140625
vt 0.771484 0.073242
vt 0.771484 0.140625
vt 0.781250 0.073242
vt 0.787109 0.140625
vt 0.787109 0.073242
vt 0.287109 0.060547
vt 0.281250 0.093750
vt 0.281250 0.060547
vt 0.799805 0.826172
vt 0.781250 0.859375
vt 0.781250 0.826172
vt 0.302734 0.060547
vt 0.296875 0.093750
vt 0.296875 0.060547
vt 0.203125 0.185547
vt 0.221680 0.218750
vt 0.203125 0.218750
vt 0.521484 0.078125
vt 0.515625 0.059570
vt 0.521484 0.059570
vt 0.921875 0.434570
vt 0.927734 0.453125
vt 0.927734 0.434570
vt 0.664062 0.083984
vt 0.656250 0.140625
vt 0.656250 0.083984
vt 0.465820 0.693359
vt 0.406250 0.750000
vt 0.406250 0.693359
vt 0.671875 0.083984
vt 0.679688 0.140625
vt 0.671875 0.140625
vt 0.293945 0.521484
vt 0.234375 0.578125
vt 0.234375 0.521484
vt 0.843750 0.671875
vt 0.851562 0.612305
vt 0.851562 0.671875
vt 0.359375 0.096680
vt 0.367188 0.156250
vt 0.367188 0.096680
vt 0.093750 0.212891
vt 0.078125 0.265625
vt 0.078125 0.212891
vt 0.237305 0.822266
vt 0.156250 0.875000
vt 0.156250 0.822266
vt 0.109375 0.265625
vt 0.093750 0.265625
vt 0.081055 0.759766
vt 0.000000 0.812500
vt 0.000000 0.759766
vt 0.625000 0.906250
vt 0.640625 0.825195
vt 0.640625 0.906250
vt 0.625000 0.637695
vt 0.640625 0.718750
vt 0.640625 0.637695
vt 0.296875 0.189453
vt 0.281250 0.234375
vt 0.281250 0.189453
vt 0.500000 0.439453
vt 0.500000 0.484375
vt 0.312500 0.234375
vt 0.296875 0.234375
vt 0.531250 0.955078
vt 0.578125 1.000000
vt 0.531250 1.000000
vt 0.593750 0.265625
vt 0.609375 0.218750
vt 0.609375 0.265625
vt 0.765625 0.515625
vt 0.750000 0.562500
vt 0.765625 0.562500
vt 0.125000 0.212891
vt 0.109375 0.212891
vt 0.140625 0.478516
vt 0.093750 0.531250
vt 0.093750 0.478516
vt 0.140625 0.265625
vt 0.125000 0.265625
vt 0.281250 0.462891
vt 0.234375 0.515625
vt 0.234375 0.462891
vt 0.015625 0.234375
vt 0.000000 0.187500
vt 0.015625 0.187500
vt 0.031250 0.234375
vt 0.031250 0.187500
vt 0.140625 0.212891
vt 0.156250 0.265625
vt 0.239258 0.947266
vt 0.156250 1.000000
vt 0.156250 0.947266
vt 0.171875 0.212891
vt 0.156250 0.212891
vt 0.239258 0.884766
vt 0.156250 0.937500
vt 0.156250 0.884766
vt 0.031250 0.406250
vt 0.046875 0.323242
vt 0.046875 0.406250
vt 0.609375 0.338867
vt 0.625000 0.421875
vt 0.625000 0.338867
vt 0.187500 0.265625
vt 0.171875 0.265625
vt 0.328125 0.515625
vt 0.281250 0.515625
vt 0.203125 0.212891
vt 0.187500 0.212891
vt 0.328125 0.462891
vt 0.375000 0.515625
vt 0.046875 0.187500
vt 0.046875 0.234375
vt 0.234375 0.187500
vt 0.250000 0.234375
vt 0.250000 0.187500
vt 0.312500 0.189453
vt 0.328125 0.234375
vt 0.140625 0.423828
vt 0.093750 0.468750
vt 0.093750 0.423828
vt 0.781250 0.642578
vt 0.765625 0.687500
vt 0.765625 0.642578
vt 0.046875 0.408203
vt 0.000000 0.453125
vt 0.000000 0.408203
vt 0.265625 0.234375
vt 0.265625 0.187500
vt 0.281250 0.187500
vt 0.721680 0.452148
vt 0.703125 0.500000
vt 0.703125 0.452148
vt 0.151367 0.608398
vt 0.078125 0.656250
vt 0.078125 0.608398
vt 0.609375 0.249023
vt 0.627930 0.296875
vt 0.609375 0.296875
vt 0.359375 0.639648
vt 0.432617 0.687500
vt 0.359375 0.687500
vt 0.578125 0.421875
vt 0.596680 0.348633
vt 0.596680 0.421875
vt 0.000000 0.333008
vt 0.018555 0.406250
vt 0.018555 0.333008
vt 0.487305 0.358398
vt 0.468750 0.437500
vt 0.468750 0.358398
vt 0.073242 0.920898
vt 0.000000 1.000000
vt 0.000000 0.920898
vt 0.518555 0.358398
vt 0.500000 0.437500
vt 0.500000 0.358398
vt 0.151367 0.920898
vt 0.078125 1.000000
vt 0.078125 0.920898
vt 0.593750 0.906250
vt 0.612305 0.833008
vt 0.612305 0.906250
vt 0.159180 0.333008
vt 0.140625 0.406250
vt 0.159180 0.406250
vt 0.596680 0.920898
vt 0.578125 0.920898
vt 0.073242 0.827148
vt 0.000000 0.906250
vt 0.000000 0.827148
vt 0.096680 0.342773
vt 0.078125 0.421875
vt 0.078125 0.342773
vt 0.151367 0.827148
vt 0.078125 0.906250
vt 0.078125 0.827148
vt 0.190430 0.406250
vt 0.171875 0.333008
vt 0.190430 0.333008
vt 0.593750 0.754883
vt 0.612305 0.828125
vt 0.612305 0.754883
vt 0.640625 0.249023
vt 0.659180 0.296875
vt 0.640625 0.296875
vt 0.073242 0.577148
vt 0.000000 0.625000
vt 0.000000 0.577148
vt 0.721680 0.311523
vt 0.703125 0.359375
vt 0.703125 0.311523
vt 0.229492 0.577148
vt 0.156250 0.625000
vt 0.156250 0.577148
vt 0.203125 0.406250
vt 0.221680 0.333008
vt 0.221680 0.406250
vt 0.234375 0.333008
vt 0.252930 0.406250
vt 0.252930 0.333008
vt 0.346680 0.248047
vt 0.328125 0.296875
vt 0.328125 0.248047
vt 0.203125 0.638672
vt 0.276367 0.687500
vt 0.203125 0.687500
vt 0.359375 0.248047
vt 0.377930 0.296875
vt 0.359375 0.296875
vt 0.354492 0.638672
vt 0.281250 0.687500
vt 0.281250 0.638672
vt 0.265625 0.406250
vt 0.284180 0.333008
vt 0.284180 0.406250
vt 0.315430 0.333008
vt 0.296875 0.406250
vt 0.315430 0.406250
vt 0.437500 0.248047
vt 0.456055 0.296875
vt 0.437500 0.296875
vt 0.401367 0.951172
vt 0.328125 1.000000
vt 0.328125 0.951172
vt 0.487305 0.248047
vt 0.468750 0.296875
vt 0.468750 0.248047
vt 0.401367 0.701172
vt 0.328125 0.750000
vt 0.328125 0.701172
vt 0.612305 0.640625
vt 0.593750 0.567383
vt 0.612305 0.567383
vt 0.593750 0.489258
vt 0.612305 0.562500
vt 0.612305 0.489258
vt 0.690430 0.249023
vt 0.671875 0.296875
vt 0.671875 0.249023
vt 0.076172 0.639648
vt 0.000000 0.687500
vt 0.000000 0.639648
vt 0.703125 0.249023
vt 0.721680 0.296875
vt 0.703125 0.296875
vt 0.388672 0.889648
vt 0.312500 0.937500
vt 0.312500 0.889648
vt 0.578125 0.718750
vt 0.596680 0.642578
vt 0.596680 0.718750
vt 0.343750 0.345703
vt 0.362305 0.421875
vt 0.362305 0.345703
vt 0.718750 0.952148
vt 0.737305 1.000000
vt 0.718750 1.000000
vt 0.312500 0.827148
vt 0.388672 0.875000
vt 0.312500 0.875000
vt 0.737305 0.889648
vt 0.718750 0.937500
vt 0.718750 0.889648
vt 0.312500 0.764648
vt 0.388672 0.812500
vt 0.312500 0.812500
vt 0.375000 0.345703
vt 0.393555 0.345703
vt 0.546875 0.345703
vt 0.565430 0.421875
vt 0.565430 0.345703
vt 0.375000 0.099609
vt 0.382812 0.156250
vt 0.375000 0.156250
vt 0.072266 0.693359
vt 0.000000 0.750000
vt 0.000000 0.693359
vt 0.585938 0.099609
vt 0.578125 0.156250
vt 0.578125 0.099609
vt 0.322266 0.943359
vt 0.250000 1.000000
vt 0.250000 0.943359
vt 0.546875 0.203125
vt 0.554688 0.130859
vt 0.554688 0.203125
vt 0.562500 0.130859
vt 0.570312 0.203125
vt 0.570312 0.130859
vt 0.070312 0.083984
vt 0.062500 0.140625
vt 0.062500 0.083984
vt 0.166992 0.755859
vt 0.093750 0.812500
vt 0.093750 0.755859
vt 0.859375 0.724609
vt 0.867188 0.781250
vt 0.859375 0.781250
vt 0.245117 0.755859
vt 0.171875 0.812500
vt 0.171875 0.755859
vt 0.804688 0.484375
vt 0.796875 0.411133
vt 0.804688 0.411133
vt 0.539062 0.129883
vt 0.531250 0.203125
vt 0.539062 0.203125
vt 0.265625 0.130859
vt 0.284180 0.156250
vt 0.265625 0.156250
vt 0.109375 0.115234
vt 0.126953 0.140625
vt 0.109375 0.140625
vt 0.315430 0.130859
vt 0.296875 0.156250
vt 0.296875 0.130859
vt 0.158203 0.115234
vt 0.140625 0.140625
vt 0.140625 0.115234
vt 0.609375 0.125000
vt 0.627930 0.107422
vt 0.627930 0.125000
vt 0.893555 0.357422
vt 0.875000 0.375000
vt 0.893555 0.375000
vt 0.862305 0.677734
vt 0.843750 0.703125
vt 0.843750 0.677734
vt 0.859375 0.818359
vt 0.876953 0.843750
vt 0.859375 0.843750
vt 0.328125 0.130859
vt 0.346680 0.156250
vt 0.328125 0.156250
vt 0.189453 0.115234
vt 0.171875 0.140625
vt 0.171875 0.115234
vt 0.893555 0.343750
vt 0.875000 0.326172
vt 0.893555 0.326172
vt 0.875000 0.294922
vt 0.893555 0.312500
vt 0.893555 0.294922
vt 0.893555 0.731445
vt 0.875000 0.750000
vt 0.875000 0.731445
vt 0.854492 0.543945
vt 0.828125 0.562500
vt 0.828125 0.543945
vt 0.265625 0.106445
vt 0.284180 0.125000
vt 0.265625 0.125000
vt 0.854492 0.512695
vt 0.828125 0.531250
vt 0.828125 0.512695
vt 0.518555 0.171875
vt 0.500000 0.145508
vt 0.518555 0.145508
vt 0.640625 0.145508
vt 0.659180 0.171875
vt 0.659180 0.145508
vt 0.331055 0.083984
vt 0.312500 0.093750
vt 0.312500 0.083984
vt 0.890625 0.787109
vt 0.918945 0.796875
vt 0.890625 0.796875
vt 0.906250 0.677734
vt 0.924805 0.687500
vt 0.906250 0.687500
vt 0.918945 0.708984
vt 0.890625 0.718750
vt 0.890625 0.708984
vt 0.831055 0.687500
vt 0.812500 0.659180
vt 0.831055 0.659180
vt 0.346680 0.159180
vt 0.328125 0.187500
vt 0.346680 0.187500
vt 0.362305 0.083984
vt 0.343750 0.093750
vt 0.343750 0.083984
vt 0.918945 0.505859
vt 0.890625 0.515625
vt 0.890625 0.505859
vt 0.924805 0.599609
vt 0.906250 0.609375
vt 0.906250 0.599609
vt 0.918945 0.271484
vt 0.890625 0.281250
vt 0.890625 0.271484
vt 0.812500 0.656250
vt 0.831055 0.627930
vt 0.831055 0.656250
vt 0.359375 0.159180
vt 0.377930 0.187500
vt 0.377930 0.159180
vt 0.296875 0.106445
vt 0.315430 0.125000
vt 0.296875 0.125000
vt 0.854492 0.340820
vt 0.828125 0.359375
vt 0.828125 0.340820
vt 0.893555 0.684570
vt 0.875000 0.703125
vt 0.875000 0.684570
vt 0.698242 0.153320
vt 0.671875 0.171875
vt 0.671875 0.153320
vt 0.828125 0.328125
vt 0.846680 0.301758
vt 0.846680 0.328125
vt 0.721680 0.145508
vt 0.703125 0.171875
vt 0.721680 0.171875
vt 0.000000 0.130859
vt 0.018555 0.156250
vt 0.000000 0.156250
vt 0.048828 0.115234
vt 0.031250 0.140625
vt 0.031250 0.115234
vt 0.096680 0.130859
vt 0.078125 0.156250
vt 0.078125 0.130859
vt 0.859375 0.943359
vt 0.876953 0.968750
vt 0.859375 0.968750
vt 0.549805 0.125000
vt 0.531250 0.107422
vt 0.549805 0.107422
vt 0.875000 0.451172
vt 0.893555 0.468750
vt 0.893555 0.451172
vt 0.862305 0.849609
vt 0.843750 0.875000
vt 0.843750 0.849609
vt 0.876953 0.912109
vt 0.859375 0.937500
vt 0.859375 0.912109
vt 0.234375 0.130859
vt 0.252930 0.156250
vt 0.234375 0.156250
vt 0.859375 0.880859
vt 0.876953 0.906250
vt 0.859375 0.906250
vt 0.875000 0.437500
vt 0.893555 0.419922
vt 0.893555 0.437500
vt 0.893555 0.388672
vt 0.875000 0.406250
vt 0.893555 0.406250
vt 0.096680 0.106445
vt 0.078125 0.125000
vt 0.078125 0.106445
vt 0.135742 0.153320
vt 0.109375 0.171875
vt 0.109375 0.153320
vt 0.875000 0.856445
vt 0.893555 0.875000
vt 0.875000 0.875000
vt 0.166992 0.153320
vt 0.140625 0.171875
vt 0.140625 0.153320
vt 0.171875 0.171875
vt 0.190430 0.145508
vt 0.190430 0.171875
vt 0.846680 0.801758
vt 0.828125 0.828125
vt 0.846680 0.828125
vt 0.909180 0.193359
vt 0.890625 0.203125
vt 0.890625 0.193359
vt 0.903320 0.177734
vt 0.875000 0.187500
vt 0.875000 0.177734
vt 0.924805 0.896484
vt 0.906250 0.906250
vt 0.906250 0.896484
vt 0.918945 0.880859
vt 0.890625 0.890625
vt 0.890625 0.880859
vt 0.812500 0.859375
vt 0.831055 0.831055
vt 0.831055 0.859375
vt 0.234375 0.159180
vt 0.252930 0.187500
vt 0.252930 0.159180
vt 0.906250 0.724609
vt 0.924805 0.734375
vt 0.906250 0.734375
vt 0.215820 0.099609
vt 0.187500 0.109375
vt 0.187500 0.099609
vt 0.924805 0.693359
vt 0.906250 0.703125
vt 0.906250 0.693359
vt 0.890625 0.802734
vt 0.918945 0.812500
vt 0.890625 0.812500
vt 0.284180 0.187500
vt 0.265625 0.159180
vt 0.284180 0.159180
vt 0.315430 0.159180
vt 0.296875 0.187500
vt 0.315430 0.187500
vt 0.875000 0.762695
vt 0.893555 0.781250
vt 0.875000 0.781250
vt 0.229492 0.153320
vt 0.203125 0.171875
vt 0.203125 0.153320
vt 0.252930 0.106445
vt 0.234375 0.125000
vt 0.234375 0.106445
vt 0.854492 0.778320
vt 0.828125 0.796875
vt 0.828125 0.778320
vt 0.846680 0.765625
vt 0.828125 0.739258
vt 0.846680 0.739258
vt 0.828125 0.708008
vt 0.846680 0.734375
vt 0.846680 0.708008
vt 0.060547 0.439453
vt 0.046875 0.453125
vt 0.046875 0.439453
vt 0.375000 0.501953
vt 0.416016 0.515625
vt 0.560547 0.626953
vt 0.546875 0.640625
vt 0.546875 0.626953
vt 0.500000 0.626953
vt 0.541016 0.640625
vt 0.500000 0.640625
vt 0.578125 0.203125
vt 0.591797 0.162109
vt 0.591797 0.203125
vt 0.796875 0.365234
vt 0.810547 0.406250
vt 0.810547 0.365234
vt 0.091797 0.423828
vt 0.078125 0.437500
vt 0.078125 0.423828
vt 0.478516 0.486328
vt 0.437500 0.500000
vt 0.437500 0.486328
vt 0.687500 0.486328
vt 0.701172 0.500000
vt 0.687500 0.500000
vt 0.572266 0.939453
vt 0.531250 0.953125
vt 0.531250 0.939453
vt 0.623047 0.203125
vt 0.609375 0.162109
vt 0.623047 0.162109
vt 0.625000 0.162109
vt 0.638672 0.203125
vt 0.638672 0.162109
vt 0.857422 0.367188
vt 0.843750 0.375000
vt 0.843750 0.367188
vt 0.630859 0.085938
vt 0.609375 0.093750
vt 0.609375 0.085938
vt 0.921875 0.710938
vt 0.935547 0.718750
vt 0.921875 0.718750
vt 0.906250 0.382812
vt 0.927734 0.390625
vt 0.906250 0.390625
vt 0.904297 0.953125
vt 0.890625 0.931641
vt 0.904297 0.931641
vt 0.904297 0.900391
vt 0.890625 0.921875
vt 0.904297 0.921875
vt 0.576172 0.070312
vt 0.562500 0.078125
vt 0.562500 0.070312
vt 0.927734 0.367188
vt 0.906250 0.375000
vt 0.906250 0.367188
vt 0.607422 0.070312
vt 0.593750 0.078125
vt 0.593750 0.070312
vt 0.906250 0.351562
vt 0.927734 0.359375
vt 0.906250 0.359375
vt 0.140625 0.109375
vt 0.154297 0.087891
vt 0.154297 0.109375
vt 0.156250 0.087891
vt 0.169922 0.109375
vt 0.169922 0.087891
vt 0.190430 0.203125
vt 0.171875 0.203125
vt 0.658203 0.171875
vt 0.640625 0.203125
vt 0.640625 0.171875
vt 0.815430 0.781250
vt 0.796875 0.812500
vt 0.796875 0.781250
vt 0.796875 0.328125
vt 0.814453 0.359375
vt 0.796875 0.359375
vt 0.346680 0.125000
vt 0.328125 0.107422
vt 0.346680 0.107422
vt 0.893555 0.591797
vt 0.875000 0.609375
vt 0.893555 0.609375
vt 0.828125 0.208984
vt 0.846680 0.234375
vt 0.828125 0.234375
vt 0.526367 0.208984
vt 0.500000 0.234375
vt 0.500000 0.208984
vt 0.796875 0.146484
vt 0.815430 0.171875
vt 0.796875 0.171875
vt 0.791992 0.474609
vt 0.765625 0.500000
vt 0.765625 0.474609
vt 0.831055 0.453125
vt 0.812500 0.426758
vt 0.831055 0.426758
vt 0.812500 0.395508
vt 0.831055 0.421875
vt 0.831055 0.395508
vt 0.424805 0.107422
vt 0.406250 0.125000
vt 0.406250 0.107422
vt 0.870117 0.591797
vt 0.843750 0.609375
vt 0.843750 0.591797
vt 0.875000 0.560547
vt 0.893555 0.578125
vt 0.875000 0.578125
vt 0.432617 0.138672
vt 0.406250 0.156250
vt 0.406250 0.138672
vt 0.812500 0.390625
vt 0.831055 0.364258
vt 0.831055 0.390625
vt 0.828125 0.973633
vt 0.846680 1.000000
vt 0.846680 0.973633
vt 0.796875 0.750000
vt 0.689453 0.171875
vt 0.671875 0.203125
vt 0.796875 0.718750
vt 0.815430 0.750000
vt 0.796875 0.296875
vt 0.814453 0.328125
vt 0.437500 0.125000
vt 0.456055 0.107422
vt 0.456055 0.125000
vt 0.875000 0.529297
vt 0.893555 0.546875
vt 0.893555 0.529297
vt 0.846680 0.177734
vt 0.828125 0.203125
vt 0.828125 0.177734
vt 0.531250 0.208984
vt 0.557617 0.234375
vt 0.531250 0.234375
vt 0.846680 0.146484
vt 0.828125 0.171875
vt 0.828125 0.146484
vt 0.765625 0.443359
vt 0.791992 0.468750
vt 0.765625 0.468750
vt 0.828125 0.968750
vt 0.846680 0.942383
vt 0.846680 0.968750
vt 0.046875 0.145508
vt 0.065430 0.171875
vt 0.065430 0.145508
vt 0.487305 0.107422
vt 0.468750 0.125000
vt 0.468750 0.107422
vt 0.437500 0.138672
vt 0.463867 0.156250
vt 0.437500 0.156250
vt 0.893555 0.482422
vt 0.875000 0.500000
vt 0.875000 0.482422
vt 0.468750 0.138672
vt 0.495117 0.156250
vt 0.468750 0.156250
vt 0.846680 0.937500
vt 0.828125 0.911133
vt 0.846680 0.911133
vt 0.828125 0.879883
vt 0.846680 0.906250
vt 0.846680 0.879883
vt 0.424805 0.236328
vt 0.406250 0.281250
vt 0.406250 0.236328
vt 0.049805 0.455078
vt 0.000000 0.500000
vt 0.000000 0.455078
vt 0.737305 0.517578
vt 0.718750 0.562500
vt 0.718750 0.517578
vt 0.190430 0.455078
vt 0.140625 0.500000
vt 0.140625 0.455078
vt 0.018555 0.247070
vt 0.018555 0.296875
vt 0.234375 0.247070
vt 0.252930 0.296875
vt 0.252930 0.247070
vt 0.580078 0.014648
vt 0.578125 0.093750
vt 0.578125 0.014648
vt 0.299805 0.858398
vt 0.250000 0.937500
vt 0.250000 0.858398
vt 0.906250 0.108398
vt 0.908203 0.187500
vt 0.906250 0.187500
vt 0.127930 0.670898
vt 0.078125 0.750000
vt 0.078125 0.670898
vt 0.609375 0.078125
vt 0.611328 0.028320
vt 0.611328 0.078125
vt 0.625000 0.028320
vt 0.626953 0.078125
vt 0.626953 0.028320
vt 0.955078 0.993164
vt 0.953125 1.000000
vt 0.953125 0.993164
vt 0.924805 0.665039
vt 0.875000 0.671875
vt 0.875000 0.665039
vt 0.953125 0.977539
vt 0.955078 0.984375
vt 0.953125 0.984375
vt 0.924805 0.649414
vt 0.875000 0.656250
vt 0.875000 0.649414
vt 0.640625 0.078125
vt 0.642578 0.028320
vt 0.642578 0.078125
vt 0.656250 0.028320
vt 0.658203 0.078125
vt 0.658203 0.028320
vt 0.518555 0.236328
vt 0.500000 0.281250
vt 0.500000 0.236328
vt 0.424805 0.455078
vt 0.375000 0.500000
vt 0.375000 0.455078
vt 0.065430 0.220703
vt 0.046875 0.265625
vt 0.046875 0.220703
vt 0.487305 0.439453
vt 0.437500 0.484375
vt 0.437500 0.439453
vt 0.265625 0.296875
vt 0.284180 0.247070
vt 0.284180 0.296875
vt 0.296875 0.247070
vt 0.315430 0.296875
vt 0.315430 0.247070
vt 0.906250 0.014648
vt 0.908203 0.093750
vt 0.906250 0.093750
vt 0.190430 0.670898
vt 0.140625 0.750000
vt 0.140625 0.670898
vt 0.923828 0.920898
vt 0.921875 1.000000
vt 0.921875 0.920898
vt 0.299805 0.764648
vt 0.250000 0.843750
vt 0.250000 0.764648
vt 0.671875 0.078125
vt 0.673828 0.028320
vt 0.673828 0.078125
vt 0.687500 0.028320
vt 0.689453 0.078125
vt 0.689453 0.028320
vt 0.953125 0.961914
vt 0.955078 0.968750
vt 0.953125 0.968750
vt 0.924805 0.633789
vt 0.875000 0.640625
vt 0.875000 0.633789
vt 0.955078 0.946289
vt 0.953125 0.953125
vt 0.953125 0.946289
vt 0.924805 0.618164
vt 0.875000 0.625000
vt 0.875000 0.618164
vt 0.703125 0.078125
vt 0.705078 0.028320
vt 0.705078 0.078125
vt 0.718750 0.028320
vt 0.720703 0.078125
vt 0.720703 0.028320
vt 0.800781 0.967773
vt 0.781250 1.000000
vt 0.781250 0.967773
vt 0.757812 0.280273
vt 0.734375 0.312500
vt 0.734375 0.280273
vt 0.066406 0.186523
vt 0.046875 0.218750
vt 0.046875 0.186523
vt 0.757812 0.233398
vt 0.734375 0.265625
vt 0.734375 0.233398
vt 0.843750 0.437500
vt 0.863281 0.414062
vt 0.863281 0.437500
vt 0.843750 0.382812
vt 0.863281 0.406250
vt 0.863281 0.382812
vt 0.562500 0.206055
vt 0.585938 0.234375
vt 0.562500 0.234375
vt 0.765625 0.409180
vt 0.789062 0.437500
vt 0.765625 0.437500
vt 0.789062 0.377930
vt 0.765625 0.406250
vt 0.765625 0.377930
vt 0.632812 0.206055
vt 0.609375 0.234375
vt 0.609375 0.206055
vt 0.703125 0.203125
vt 0.726562 0.179688
vt 0.726562 0.203125
vt 0.796875 0.273438
vt 0.820312 0.296875
vt 0.820312 0.273438
vt 0.773438 0.967773
vt 0.750000 1.000000
vt 0.750000 0.967773
vt 0.773438 0.920898
vt 0.750000 0.953125
vt 0.750000 0.920898
vt 0.750000 0.874023
vt 0.773438 0.906250
vt 0.750000 0.906250
vt 0.750000 0.827148
vt 0.773438 0.859375
vt 0.750000 0.859375
vt 0.796875 0.265625
vt 0.820312 0.242188
vt 0.820312 0.265625
vt 0.796875 0.210938
vt 0.820312 0.234375
vt 0.820312 0.210938
vt 0.078125 0.307617
vt 0.046875 0.343750
vt 0.046875 0.307617
vt 0.375000 0.307617
vt 0.343750 0.343750
vt 0.343750 0.307617
vt 0.406250 0.343750
vt 0.375000 0.343750
vt 0.687500 0.588867
vt 0.656250 0.625000
vt 0.656250 0.588867
vt 0.687500 0.593750
vt 0.437500 0.312500
vt 0.437500 0.281250
vt 0.656250 0.337891
vt 0.625000 0.375000
vt 0.625000 0.337891
vt 0.671875 0.869141
vt 0.640625 0.869141
vt 0.671875 0.822266
vt 0.640625 0.859375
vt 0.640625 0.822266
vt 0.671875 0.712891
vt 0.640625 0.750000
vt 0.640625 0.712891
vt 0.687500 0.531250
vt 0.718750 0.531250
vt 0.656250 0.541992
vt 0.687500 0.578125
vt 0.656250 0.578125
vt 0.437500 0.307617
vt 0.468750 0.343750
vt 0.437500 0.343750
vt 0.468750 0.307617
vt 0.500000 0.343750
vt 0.687500 0.495117
vt 0.656250 0.531250
vt 0.656250 0.495117
vt 0.718750 0.500000
vt 0.531250 0.312500
vt 0.531250 0.281250
vt 0.671875 0.666016
vt 0.640625 0.703125
vt 0.640625 0.666016
vt 0.328125 0.587891
vt 0.234375 0.625000
vt 0.234375 0.587891
vt 0.437500 0.322266
vt 0.406250 0.359375
vt 0.406250 0.322266
vt 0.421875 0.587891
vt 0.328125 0.625000
vt 0.203125 0.562500
vt 0.234375 0.562500
vt 0.062500 0.437500
vt 0.093750 0.437500
vt 0.406250 0.181641
vt 0.390625 0.218750
vt 0.390625 0.181641
vt 0.484375 0.900391
vt 0.390625 0.937500
vt 0.390625 0.900391
vt 0.609375 0.181641
vt 0.593750 0.218750
vt 0.593750 0.181641
vt 0.484375 0.853516
vt 0.390625 0.890625
vt 0.390625 0.853516
vt 0.531250 0.437500
vt 0.546875 0.343750
vt 0.546875 0.437500
vt 0.109375 0.328125
vt 0.125000 0.421875
vt 0.812500 0.603516
vt 0.796875 0.640625
vt 0.796875 0.603516
vt 0.484375 0.806641
vt 0.390625 0.843750
vt 0.390625 0.806641
vt 0.812500 0.556641
vt 0.796875 0.593750
vt 0.796875 0.556641
vt 0.484375 0.759766
vt 0.390625 0.796875
vt 0.390625 0.759766
vt 0.140625 0.328125
vt 0.140625 0.421875
vt 0.328125 0.328125
vt 0.343750 0.421875
vt 0.343750 0.328125
vt 0.773438 1.000000
vt 0.773438 0.874023
vt 0.773438 0.827148
vt 0.796875 0.242188
vt 0.789062 0.346680
vt 0.765625 0.375000
vt 0.765625 0.346680
vt 0.640625 0.206055
vt 0.664062 0.234375
vt 0.640625 0.234375
vt 0.765625 0.315430
vt 0.789062 0.343750
vt 0.765625 0.343750
vt 0.671875 0.206055
vt 0.695312 0.234375
vt 0.671875 0.234375
vt 0.820312 0.203125
vt 0.796875 0.179688
vt 0.820312 0.179688
vt 0.000000 0.164062
vt 0.023438 0.187500
vt 0.023438 0.164062
vt 0.945312 0.601562
vt 0.937500 0.609375
vt 0.937500 0.601562
vt 0.937500 0.585938
vt 0.945312 0.593750
vt 0.937500 0.593750
vt 0.945312 0.570312
vt 0.937500 0.578125
vt 0.937500 0.570312
vt 0.945312 0.554688
vt 0.937500 0.562500
vt 0.937500 0.554688
vt 0.937500 0.546875
vt 0.945312 0.539062
vt 0.945312 0.546875
vt 0.468750 0.054688
vt 0.476562 0.062500
vt 0.476562 0.054688
vt 0.945312 0.523438
vt 0.937500 0.531250
vt 0.937500 0.523438
vt 0.484375 0.054688
vt 0.492188 0.062500
vt 0.484375 0.062500
vt 0.945312 0.507812
vt 0.937500 0.515625
vt 0.937500 0.507812
vt 0.945312 0.492188
vt 0.937500 0.500000
vt 0.937500 0.492188
vt 0.937500 0.484375
vt 0.945312 0.476562
vt 0.945312 0.484375
vt 0.531250 0.054688
vt 0.539062 0.062500
vt 0.539062 0.054688
vt 0.945312 0.460938
vt 0.937500 0.468750
vt 0.937500 0.460938
vt 0.546875 0.054688
vt 0.554688 0.062500
vt 0.546875 0.062500
vt 0.945312 0.445312
vt 0.937500 0.453125
vt 0.937500 0.445312
vt 0.570312 0.054688
vt 0.562500 0.062500
vt 0.562500 0.054688
vt 0.937500 0.437500
vt 0.945312 0.429688
vt 0.945312 0.437500
vt 0.937500 0.414062
vt 0.945312 0.421875
vt 0.945312 0.414062
vt 0.601562 0.054688
vt 0.593750 0.062500
vt 0.593750 0.054688
vt 0.937500 0.398438
vt 0.945312 0.406250
vt 0.937500 0.406250
vt 0.945312 0.382812
vt 0.937500 0.390625
vt 0.937500 0.382812
vt 0.945312 0.367188
vt 0.937500 0.375000
vt 0.937500 0.367188
vt 0.937500 0.359375
vt 0.945312 0.351562
vt 0.945312 0.359375
vt 0.937500 0.335938
vt 0.945312 0.343750
vt 0.945312 0.335938
vt 0.945312 0.320312
vt 0.937500 0.328125
vt 0.937500 0.320312
vt 0.945312 0.304688
vt 0.937500 0.312500
vt 0.937500 0.304688
vt 0.937500 0.289062
vt 0.945312 0.296875
vt 0.937500 0.296875
vt 0.945312 0.273438
vt 0.937500 0.281250
vt 0.937500 0.273438
vt 0.945312 0.265625
vt 0.937500 0.257812
vt 0.945312 0.257812
vt 0.750000 0.054688
vt 0.757812 0.062500
vt 0.757812 0.054688
vt 0.937500 0.242188
vt 0.945312 0.250000
vt 0.937500 0.250000
vt 0.765625 0.054688
vt 0.773438 0.062500
vt 0.765625 0.062500
vt 0.937500 0.226562
vt 0.945312 0.234375
vt 0.937500 0.234375
vt 0.789062 0.054688
vt 0.781250 0.062500
vt 0.781250 0.054688
vt 0.937500 0.218750
vt 0.945312 0.210938
vt 0.945312 0.218750
vt 0.937500 0.195312
vt 0.945312 0.203125
vt 0.945312 0.195312
vt 0.945312 0.179688
vt 0.937500 0.187500
vt 0.937500 0.179688
vt 0.945312 0.164062
vt 0.937500 0.171875
vt 0.937500 0.164062
vt 0.851562 0.054688
vt 0.843750 0.062500
vt 0.843750 0.054688
vt 0.945312 0.148438
vt 0.937500 0.156250
vt 0.937500 0.148438
vt 0.867188 0.062500
vt 0.859375 0.054688
vt 0.867188 0.054688
vt 0.945312 0.132812
vt 0.937500 0.140625
vt 0.945312 0.140625
vt 0.265625 0.691406
vt 0.203125 0.750000
vt 0.203125 0.691406
vt 0.583984 0.488281
vt 0.562500 0.546875
vt 0.562500 0.488281
vt 0.328125 0.691406
vt 0.265625 0.750000
vt 0.625000 0.753906
vt 0.646484 0.812500
vt 0.625000 0.812500
vt 0.609375 1.000000
vt 0.671875 0.978516
vt 0.671875 1.000000
vt 0.609375 0.947266
vt 0.671875 0.968750
vt 0.671875 0.947266
vt 0.296875 0.521484
vt 0.349609 0.578125
vt 0.296875 0.578125
vt 0.625000 0.568359
vt 0.646484 0.625000
vt 0.625000 0.625000
vt 0.412109 0.521484
vt 0.359375 0.578125
vt 0.359375 0.521484
vt 0.646484 0.505859
vt 0.625000 0.562500
vt 0.625000 0.505859
vt 0.640625 0.656250
vt 0.693359 0.634766
vt 0.693359 0.656250
vt 0.656250 0.916016
vt 0.708984 0.937500
vt 0.708984 0.916016
vt 0.474609 0.568359
vt 0.421875 0.625000
vt 0.421875 0.568359
vt 0.625000 0.443359
vt 0.646484 0.500000
vt 0.625000 0.500000
vt 0.052734 0.505859
vt 0.000000 0.562500
vt 0.000000 0.505859
vt 0.646484 0.380859
vt 0.625000 0.437500
vt 0.625000 0.380859
vt 0.656250 0.812500
vt 0.708984 0.791016
vt 0.708984 0.812500
vt 0.708984 0.759766
vt 0.656250 0.781250
vt 0.708984 0.781250
vt 0.921875 0.249023
vt 0.924805 0.281250
vt 0.921875 0.281250
vt 0.562500 0.092773
vt 0.572266 0.125000
vt 0.562500 0.125000
vt 0.737305 0.045898
vt 0.734375 0.078125
vt 0.734375 0.045898
vt 0.875000 0.249023
vt 0.884766 0.281250
vt 0.875000 0.281250
vt 0.937500 0.093750
vt 0.940430 0.083984
vt 0.940430 0.093750
vt 0.921875 0.052734
vt 0.924805 0.062500
vt 0.924805 0.052734
vt 0.799805 0.045898
vt 0.796875 0.078125
vt 0.796875 0.045898
vt 0.884766 0.202148
vt 0.875000 0.234375
vt 0.875000 0.202148
vt 0.921875 0.170898
vt 0.924805 0.203125
vt 0.921875 0.203125
vt 0.900391 0.967773
vt 0.890625 1.000000
vt 0.890625 0.967773
vt 0.940430 0.078125
vt 0.937500 0.068359
vt 0.940430 0.068359
vt 0.940430 0.052734
vt 0.937500 0.062500
vt 0.940430 0.062500
vt 0.924805 0.100586
vt 0.921875 0.125000
vt 0.921875 0.100586
vt 0.046875 0.272461
vt 0.085938 0.296875
vt 0.046875 0.296875
vt 0.893555 0.053711
vt 0.890625 0.078125
vt 0.890625 0.053711
vt 0.093750 0.272461
vt 0.132812 0.296875
vt 0.093750 0.296875
vt 0.437500 0.078125
vt 0.440430 0.039062
vt 0.440430 0.078125
vt 0.456055 0.039062
vt 0.453125 0.078125
vt 0.456055 0.078125
vt 0.921875 0.069336
vt 0.924805 0.093750
vt 0.921875 0.093750
vt 0.585938 0.850586
vt 0.484375 0.875000
vt 0.484375 0.850586
vt 0.000000 0.038086
vt 0.002930 0.062500
vt 0.000000 0.062500
vt 0.585938 0.819336
vt 0.484375 0.843750
vt 0.484375 0.819336
vt 0.031250 0.109375
vt 0.034180 0.007812
vt 0.034180 0.109375
vt 0.046875 0.007812
vt 0.049805 0.109375
vt 0.049805 0.007812
vt 0.937500 0.975586
vt 0.940430 1.000000
vt 0.937500 1.000000
vt 0.213867 0.303711
vt 0.171875 0.328125
vt 0.171875 0.303711
vt 0.015625 0.038086
vt 0.018555 0.062500
vt 0.015625 0.062500
vt 0.260742 0.303711
vt 0.218750 0.328125
vt 0.218750 0.303711
vt 0.218750 0.078125
vt 0.221680 0.036133
vt 0.221680 0.078125
vt 0.315430 0.036133
vt 0.312500 0.078125
vt 0.315430 0.078125
vt 0.940430 0.944336
vt 0.937500 0.968750
vt 0.937500 0.944336
vt 0.671875 0.694336
vt 0.712891 0.718750
vt 0.671875 0.718750
vt 0.937500 0.913086
vt 0.940430 0.937500
vt 0.937500 0.937500
vt 0.712891 0.663086
vt 0.671875 0.687500
vt 0.671875 0.663086
vt 0.359375 0.078125
vt 0.362305 0.037109
vt 0.362305 0.078125
vt 0.393555 0.037109
vt 0.390625 0.078125
vt 0.393555 0.078125
vt 0.078125 0.038086
vt 0.081055 0.062500
vt 0.078125 0.062500
vt 0.701172 0.334961
vt 0.656250 0.359375
vt 0.656250 0.334961
vt 0.093750 0.038086
vt 0.096680 0.062500
vt 0.093750 0.062500
vt 0.671875 0.975586
vt 0.716797 1.000000
vt 0.906250 0.265625
vt 0.909180 0.220703
vt 0.909180 0.265625
vt 0.062500 0.033203
vt 0.065430 0.078125
vt 0.065430 0.033203
vt 0.937500 0.881836
vt 0.940430 0.906250
vt 0.937500 0.906250
vt 0.179688 0.272461
vt 0.140625 0.296875
vt 0.140625 0.272461
vt 0.937500 0.850586
vt 0.940430 0.875000
vt 0.937500 0.875000
vt 0.226562 0.272461
vt 0.187500 0.296875
vt 0.187500 0.272461
vt 0.924805 0.515625
vt 0.921875 0.476562
vt 0.924805 0.476562
vt 0.500000 0.039062
vt 0.502930 0.078125
vt 0.502930 0.039062
vt 0.940430 0.819336
vt 0.937500 0.843750
vt 0.937500 0.819336
vt 0.484375 0.788086
vt 0.585938 0.812500
vt 0.484375 0.812500
vt 0.940430 0.788086
vt 0.937500 0.812500
vt 0.937500 0.788086
vt 0.484375 0.756836
vt 0.585938 0.781250
vt 0.484375 0.781250
vt 0.109375 0.109375
vt 0.112305 0.007812
vt 0.112305 0.109375
vt 0.125000 0.007812
vt 0.127930 0.109375
vt 0.127930 0.007812
vt 0.940430 0.741211
vt 0.937500 0.765625
vt 0.937500 0.741211
vt 0.671875 0.725586
vt 0.713867 0.750000
vt 0.671875 0.750000
vt 0.940430 0.709961
vt 0.937500 0.734375
vt 0.937500 0.709961
vt 0.307617 0.303711
vt 0.265625 0.328125
vt 0.265625 0.303711
vt 0.331055 0.078125
vt 0.328125 0.036133
vt 0.331055 0.036133
vt 0.343750 0.036133
vt 0.346680 0.078125
vt 0.346680 0.036133
vt 0.937500 0.678711
vt 0.940430 0.703125
vt 0.937500 0.703125
vt 0.650391 0.303711
vt 0.609375 0.328125
vt 0.609375 0.303711
vt 0.940430 0.647461
vt 0.937500 0.671875
vt 0.937500 0.647461
vt 0.697266 0.303711
vt 0.656250 0.328125
vt 0.656250 0.303711
vt 0.409180 0.078125
vt 0.406250 0.037109
vt 0.409180 0.037109
vt 0.421875 0.037109
vt 0.424805 0.078125
vt 0.424805 0.037109
vt 0.940430 0.616211
vt 0.937500 0.640625
vt 0.937500 0.616211
vt 0.716797 0.944336
vt 0.671875 0.944336
vt 0.377930 0.038086
vt 0.375000 0.062500
vt 0.375000 0.038086
vt 0.123047 0.303711
vt 0.078125 0.328125
vt 0.078125 0.303711
vt 0.921875 0.890625
vt 0.924805 0.845703
vt 0.924805 0.890625
vt 0.140625 0.033203
vt 0.143555 0.078125
vt 0.143555 0.033203
vt 0.687500 0.087891
vt 0.695312 0.140625
vt 0.687500 0.140625
vt 0.197266 0.509766
vt 0.140625 0.509766
vt 0.867188 0.259766
vt 0.859375 0.312500
vt 0.859375 0.259766
vt 0.494141 0.634766
vt 0.437500 0.687500
vt 0.437500 0.634766
vt 0.859375 0.671875
vt 0.867188 0.615234
vt 0.867188 0.671875
vt 0.859375 0.521484
vt 0.867188 0.578125
vt 0.867188 0.521484
vt 0.737305 0.828125
vt 0.718750 0.875000
vt 0.718750 0.828125
vt 0.184570 0.406250
vt 0.140625 0.453125
vt 0.718750 0.781250
vt 0.231445 0.406250
vt 0.187500 0.453125
vt 0.187500 0.406250
vt 0.203125 0.265625
vt 0.221680 0.221680
vt 0.221680 0.265625
vt 0.734375 0.471680
vt 0.752930 0.515625
vt 0.752930 0.471680
vt 0.846680 0.120117
vt 0.828125 0.140625
vt 0.828125 0.120117
vt 0.786133 0.791992
vt 0.750000 0.812500
vt 0.750000 0.791992
vt 0.859375 0.151367
vt 0.877930 0.171875
vt 0.859375 0.171875
vt 0.786133 0.760742
vt 0.750000 0.781250
vt 0.750000 0.760742
vt 0.346680 0.198242
vt 0.346680 0.234375
vt 0.359375 0.198242
vt 0.377930 0.234375
vt 0.377930 0.198242
vt 0.796875 0.687500
vt 0.815430 0.718750
vt 0.536133 0.312500
vt 0.500000 0.312500
vt 0.815430 0.515625
vt 0.796875 0.546875
vt 0.796875 0.515625
vt 0.692383 0.453125
vt 0.656250 0.484375
vt 0.656250 0.453125
vt 0.765625 0.640625
vt 0.784180 0.604492
vt 0.784180 0.640625
vt 0.406250 0.198242
vt 0.424805 0.234375
vt 0.424805 0.198242
vt 0.500000 0.083984
vt 0.507812 0.140625
vt 0.500000 0.140625
vt 0.465820 0.943359
vt 0.406250 1.000000
vt 0.406250 0.943359
vt 0.523438 0.083984
vt 0.515625 0.140625
vt 0.515625 0.083984
vt 0.137695 0.537109
vt 0.078125 0.593750
vt 0.078125 0.537109
vt 0.390625 0.171875
vt 0.398438 0.112305
vt 0.398438 0.171875
vt 0.593750 0.112305
vt 0.601562 0.171875
vt 0.601562 0.112305
vt 0.710938 0.087891
vt 0.703125 0.140625
vt 0.703125 0.087891
vt 0.478516 0.509766
vt 0.421875 0.562500
vt 0.421875 0.509766
vt 0.718750 0.087891
vt 0.726562 0.140625
vt 0.718750 0.140625
vt 0.525391 0.947266
vt 0.468750 1.000000
vt 0.468750 0.947266
vt 0.859375 0.375000
vt 0.867188 0.318359
vt 0.867188 0.375000
vt 0.640625 0.083984
vt 0.648438 0.140625
vt 0.648438 0.083984
vt 0.718750 0.734375
vt 0.737305 0.781250
vt 0.278320 0.406250
vt 0.234375 0.453125
vt 0.234375 0.406250
vt 0.737305 0.687500
vt 0.325195 0.406250
vt 0.281250 0.453125
vt 0.281250 0.406250
vt 0.734375 0.468750
vt 0.752930 0.424805
vt 0.752930 0.468750
vt 0.734375 0.377930
vt 0.752930 0.421875
vt 0.752930 0.377930
vt 0.859375 0.120117
vt 0.877930 0.140625
vt 0.859375 0.140625
vt 0.786133 0.729492
vt 0.750000 0.750000
vt 0.750000 0.729492
vt 0.018555 0.104492
vt 0.000000 0.125000
vt 0.000000 0.104492
vt 0.786133 0.698242
vt 0.750000 0.718750
vt 0.750000 0.698242
vt 0.765625 0.593750
vt 0.784180 0.557617
vt 0.784180 0.593750
vt 0.437500 0.198242
vt 0.456055 0.234375
vt 0.456055 0.198242
vt 0.815430 0.484375
vt 0.796875 0.484375
vt 0.583008 0.312500
vt 0.500000 0.171875
vt 0.518555 0.203125
vt 0.500000 0.203125
vt 0.692383 0.421875
vt 0.765625 0.546875
vt 0.784180 0.510742
vt 0.784180 0.546875
vt 0.468750 0.198242
vt 0.487305 0.234375
vt 0.487305 0.198242
vt 0.876953 0.062500
vt 0.201172 0.656250
vt 0.939453 0.125000
vt 0.654297 0.937500
vt 0.812500 0.033203
vt 0.828125 0.078125
vt 0.934570 0.156250
vt 0.927734 0.312500
vt 0.872070 0.078125
vt 0.927734 0.296875
vt 0.796875 0.087891
vt 0.812500 0.109375
vt 0.831055 0.625000
vt 0.575195 0.937500
vt 0.424805 0.187500
vt 0.575195 0.906250
vt 0.562500 0.549805
vt 0.437500 0.437500
vt 0.876953 0.787109
vt 0.751953 0.625000
vt 0.220703 0.140625
vt 0.751953 0.568359
vt 0.765625 0.185547
vt 0.078125 0.169922
vt 0.156250 0.562500
vt 0.078125 0.531250
vt 0.627930 0.718750
vt 0.609375 0.653320
vt 0.593750 0.343750
vt 0.605469 0.085938
vt 0.717773 0.875000
vt 0.746094 0.109375
vt 0.717773 0.820312
vt 0.812500 0.907227
vt 0.812500 0.860352
vt 0.129883 0.203125
vt 0.559570 0.750000
vt 0.161133 0.203125
vt 0.559570 0.718750
vt 0.406250 0.362305
vt 0.046875 0.437500
vt 0.576172 0.687500
vt 0.393555 0.453125
vt 0.591797 0.875000
vt 0.612305 0.484375
vt 0.578125 0.247070
vt 0.390625 0.296875
vt 0.626953 0.156250
vt 0.736328 0.656250
vt 0.876953 0.974609
vt 0.751953 0.662109
vt 0.781250 0.687500
vt 0.734375 0.218750
vt 0.230469 0.109375
vt 0.717773 0.906250
vt 0.402344 0.085938
vt 0.170898 0.328125
vt 0.812500 0.954102
vt 0.934570 0.227539
vt 0.927734 0.336914
vt 0.856445 0.071289
vt 0.927734 0.321289
vt 0.890625 0.265625
vt 0.890625 0.212891
vt 0.840820 0.703125
vt 0.424805 0.083984
vt 0.840820 0.490234
vt 0.924805 0.593750
vt 0.890625 0.122070
vt 0.875000 0.109375
vt 0.731445 0.515625
vt 0.731445 0.407227
vt 0.825195 0.828125
vt 0.731445 0.391602
vt 0.031250 0.312500
vt 0.825195 0.547852
vt 0.731445 0.390625
vt 0.840820 0.860352
vt 0.731445 0.375000
vt 0.546875 0.237305
vt 0.562500 0.312500
vt 0.856445 0.833984
vt 0.924805 0.578125
vt 0.856445 0.578125
vt 0.456055 0.093750
vt 0.890625 0.109375
vt 0.000000 0.075195
vt 0.474609 0.063477
vt 0.787109 0.281250
vt 0.490234 0.093750
vt 0.787109 0.250000
vt 0.171875 0.078125
vt 0.921875 0.791016
vt 0.916992 0.978516
vt 0.865234 0.500000
vt 0.026367 0.093750
vt 0.865234 0.468750
vt 0.906250 0.947266
vt 0.906250 0.937500
vt 0.838867 0.109375
vt 0.849609 0.296875
vt 0.901367 0.171875
vt 0.755859 0.149414
vt 0.078125 0.093750
vt 0.093750 0.072266
vt 0.854492 0.109375
vt 0.849609 0.265625
vt 0.870117 0.086914
vt 0.787109 0.149414
vt 0.906250 0.875000
vt 0.906250 0.843750
vt 0.031250 0.296875
vt 0.762695 0.656250
vt 0.747070 0.109375
vt 0.203125 0.456055
vt 0.703125 0.424805
vt 0.935547 0.140625
vt 0.927734 0.218750
vt 0.888672 0.078125
vt 0.943359 0.781250
vt 0.890625 0.822266
vt 0.171875 0.109375
vt 0.834961 0.571289
vt 0.914062 0.500000
vt 0.459961 0.187500
vt 0.539062 0.093750
vt 0.906250 0.531250
vt 0.906250 0.468750
vt 0.762695 0.375000
vt 0.810547 0.140625
vt 0.762695 0.343750
vt 0.826172 0.140625
vt 0.859375 0.718750
vt 0.859375 0.515625
vt 0.491211 0.165039
vt 0.554688 0.093750
vt 0.834961 0.484375
vt 0.914062 0.453125
vt 0.906250 0.414062
vt 0.906250 0.406250
vt 0.193359 0.060547
vt 0.551758 0.625000
vt 0.208984 0.060547
vt 0.551758 0.578125
vt 0.750000 0.140625
vt 0.859375 0.250000
vt 0.912109 0.748047
vt 0.799805 0.953125
vt 0.240234 0.060547
vt 0.799805 0.906250
vt 0.921875 0.747070
vt 0.921875 0.543945
vt 0.380859 0.093750
vt 0.787109 0.312500
vt 0.912109 0.532227
vt 0.724609 0.234375
vt 0.156250 0.078125
vt 0.921875 0.843750
vt 0.255859 0.093750
vt 0.551758 0.498047
vt 0.271484 0.093750
vt 0.567383 0.654297
vt 0.765625 0.073242
vt 0.781250 0.140625
vt 0.287109 0.093750
vt 0.799805 0.859375
vt 0.302734 0.093750
vt 0.221680 0.185547
vt 0.515625 0.078125
vt 0.921875 0.453125
vt 0.664062 0.140625
vt 0.465820 0.750000
vt 0.679688 0.083984
vt 0.293945 0.578125
vt 0.843750 0.612305
vt 0.359375 0.156250
vt 0.237305 0.875000
vt 0.081055 0.812500
vt 0.625000 0.825195
vt 0.546875 0.439453
vt 0.578125 0.955078
vt 0.750000 0.515625
vt 0.140625 0.531250
vt 0.000000 0.234375
vt 0.239258 1.000000
vt 0.239258 0.937500
vt 0.031250 0.323242
vt 0.609375 0.421875
vt 0.375000 0.462891
vt 0.234375 0.234375
vt 0.328125 0.189453
vt 0.140625 0.468750
vt 0.721680 0.500000
vt 0.151367 0.656250
vt 0.627930 0.249023
vt 0.432617 0.639648
vt 0.578125 0.348633
vt 0.000000 0.406250
vt 0.487305 0.437500
vt 0.073242 1.000000
vt 0.518555 0.437500
vt 0.151367 1.000000
vt 0.593750 0.833008
vt 0.140625 0.333008
vt 0.596680 1.000000
vt 0.073242 0.906250
vt 0.096680 0.421875
vt 0.151367 0.906250
vt 0.171875 0.406250
vt 0.593750 0.828125
vt 0.659180 0.249023
vt 0.073242 0.625000
vt 0.721680 0.359375
vt 0.229492 0.625000
vt 0.203125 0.333008
vt 0.346680 0.296875
vt 0.276367 0.638672
vt 0.377930 0.248047
vt 0.354492 0.687500
vt 0.265625 0.333008
vt 0.296875 0.333008
vt 0.456055 0.248047
vt 0.401367 1.000000
vt 0.487305 0.296875
vt 0.401367 0.750000
vt 0.593750 0.640625
vt 0.593750 0.562500
vt 0.690430 0.296875
vt 0.076172 0.687500
vt 0.721680 0.249023
vt 0.388672 0.937500
vt 0.578125 0.642578
vt 0.737305 0.952148
vt 0.388672 0.827148
vt 0.737305 0.937500
vt 0.388672 0.764648
vt 0.375000 0.421875
vt 0.382812 0.099609
vt 0.072266 0.750000
vt 0.585938 0.156250
vt 0.322266 1.000000
vt 0.546875 0.130859
vt 0.562500 0.203125
vt 0.070312 0.140625
vt 0.166992 0.812500
vt 0.867188 0.724609
vt 0.245117 0.812500
vt 0.531250 0.129883
vt 0.284180 0.130859
vt 0.126953 0.115234
vt 0.315430 0.156250
vt 0.158203 0.140625
vt 0.609375 0.107422
vt 0.875000 0.357422
vt 0.862305 0.703125
vt 0.876953 0.818359
vt 0.346680 0.130859
vt 0.189453 0.140625
vt 0.875000 0.343750
vt 0.875000 0.312500
vt 0.893555 0.750000
vt 0.854492 0.562500
vt 0.284180 0.106445
vt 0.854492 0.531250
vt 0.331055 0.093750
vt 0.918945 0.787109
vt 0.924805 0.677734
vt 0.918945 0.718750
vt 0.812500 0.687500
vt 0.328125 0.159180
vt 0.362305 0.093750
vt 0.918945 0.515625
vt 0.924805 0.609375
vt 0.918945 0.281250
vt 0.812500 0.627930
vt 0.359375 0.187500
vt 0.315430 0.106445
vt 0.854492 0.359375
vt 0.893555 0.703125
vt 0.698242 0.171875
vt 0.828125 0.301758
vt 0.703125 0.145508
vt 0.018555 0.130859
vt 0.048828 0.140625
vt 0.096680 0.156250
vt 0.876953 0.943359
vt 0.531250 0.125000
vt 0.875000 0.468750
vt 0.862305 0.875000
vt 0.876953 0.937500
vt 0.252930 0.130859
vt 0.876953 0.880859
vt 0.875000 0.419922
vt 0.875000 0.388672
vt 0.096680 0.125000
vt 0.135742 0.171875
vt 0.893555 0.856445
vt 0.166992 0.171875
vt 0.171875 0.145508
vt 0.828125 0.801758
vt 0.909180 0.203125
vt 0.903320 0.187500
vt 0.924805 0.906250
vt 0.918945 0.890625
vt 0.812500 0.831055
vt 0.924805 0.724609
vt 0.215820 0.109375
vt 0.924805 0.703125
vt 0.918945 0.802734
vt 0.296875 0.159180
vt 0.893555 0.762695
vt 0.229492 0.171875
vt 0.252930 0.125000
vt 0.854492 0.796875
vt 0.828125 0.765625
vt 0.828125 0.734375
vt 0.060547 0.453125
vt 0.416016 0.501953
vt 0.560547 0.640625
vt 0.541016 0.626953
vt 0.578125 0.162109
vt 0.796875 0.406250
vt 0.091797 0.437500
vt 0.478516 0.500000
vt 0.701172 0.486328
vt 0.572266 0.953125
vt 0.609375 0.203125
vt 0.625000 0.203125
vt 0.857422 0.375000
vt 0.630859 0.093750
vt 0.935547 0.710938
vt 0.927734 0.382812
vt 0.890625 0.953125
vt 0.890625 0.900391
vt 0.576172 0.078125
vt 0.927734 0.375000
vt 0.607422 0.078125
vt 0.927734 0.351562
vt 0.140625 0.087891
vt 0.156250 0.109375
vt 0.658203 0.203125
vt 0.815430 0.812500
vt 0.328125 0.125000
vt 0.875000 0.591797
vt 0.846680 0.208984
vt 0.526367 0.234375
vt 0.815430 0.146484
vt 0.791992 0.500000
vt 0.812500 0.453125
vt 0.812500 0.421875
vt 0.424805 0.125000
vt 0.870117 0.609375
vt 0.893555 0.560547
vt 0.432617 0.156250
vt 0.812500 0.364258
vt 0.828125 1.000000
vt 0.689453 0.203125
vt 0.814453 0.296875
vt 0.437500 0.107422
vt 0.875000 0.546875
vt 0.846680 0.203125
vt 0.557617 0.208984
vt 0.846680 0.171875
vt 0.791992 0.443359
vt 0.828125 0.942383
vt 0.046875 0.171875
vt 0.487305 0.125000
vt 0.463867 0.138672
vt 0.893555 0.500000
vt 0.495117 0.138672
vt 0.828125 0.937500
vt 0.828125 0.906250
vt 0.424805 0.281250
vt 0.049805 0.500000
vt 0.737305 0.562500
vt 0.190430 0.500000
vt 0.000000 0.247070
vt 0.234375 0.296875
vt 0.580078 0.093750
vt 0.299805 0.937500
vt 0.908203 0.108398
vt 0.127930 0.750000
vt 0.609375 0.028320
vt 0.625000 0.078125
vt 0.955078 1.000000
vt 0.924805 0.671875
vt 0.955078 0.977539
vt 0.924805 0.656250
vt 0.640625 0.028320
vt 0.656250 0.078125
vt 0.518555 0.281250
vt 0.424805 0.500000
vt 0.065430 0.265625
vt 0.487305 0.484375
vt 0.265625 0.247070
vt 0.296875 0.296875
vt 0.908203 0.014648
vt 0.190430 0.750000
vt 0.923828 1.000000
vt 0.299805 0.843750
vt 0.671875 0.028320
vt 0.687500 0.078125
vt 0.955078 0.961914
vt 0.924805 0.640625
vt 0.955078 0.953125
vt 0.924805 0.625000
vt 0.703125 0.028320
vt 0.718750 0.078125
vt 0.800781 1.000000
vt 0.757812 0.312500
vt 0.066406 0.218750
vt 0.757812 0.265625
vt 0.843750 0.414062
vt 0.843750 0.406250
vt 0.585938 0.206055
vt 0.789062 0.409180
vt 0.789062 0.406250
vt 0.632812 0.234375
vt 0.703125 0.179688
vt 0.773438 0.953125
vt 0.796875 0.234375
vt 0.078125 0.343750
vt 0.406250 0.307617
vt 0.687500 0.625000
vt 0.406250 0.312500
vt 0.671875 0.859375
vt 0.687500 0.562500
vt 0.687500 0.541992
vt 0.500000 0.307617
vt 0.671875 0.703125
vt 0.437500 0.359375
vt 0.406250 0.218750
vt 0.484375 0.890625
vt 0.531250 0.343750
vt 0.109375 0.421875
vt 0.812500 0.640625
vt 0.484375 0.796875
vt 0.789062 0.375000
vt 0.664062 0.206055
vt 0.789062 0.315430
vt 0.695312 0.206055
vt 0.796875 0.203125
vt 0.945312 0.609375
vt 0.945312 0.585938
vt 0.945312 0.578125
vt 0.945312 0.562500
vt 0.937500 0.539062
vt 0.468750 0.062500
vt 0.945312 0.531250
vt 0.492188 0.054688
vt 0.945312 0.515625
vt 0.945312 0.500000
vt 0.937500 0.476562
vt 0.531250 0.062500
vt 0.945312 0.468750
vt 0.554688 0.054688
vt 0.945312 0.453125
vt 0.570312 0.062500
vt 0.937500 0.429688
vt 0.937500 0.421875
vt 0.601562 0.062500
vt 0.945312 0.398438
vt 0.945312 0.390625
vt 0.945312 0.375000
vt 0.937500 0.351562
vt 0.937500 0.343750
vt 0.945312 0.328125
vt 0.945312 0.312500
vt 0.945312 0.289062
vt 0.945312 0.281250
vt 0.937500 0.265625
vt 0.750000 0.062500
vt 0.945312 0.242188
vt 0.773438 0.054688
vt 0.945312 0.226562
vt 0.789062 0.062500
vt 0.937500 0.210938
vt 0.937500 0.203125
vt 0.945312 0.187500
vt 0.945312 0.171875
vt 0.851562 0.062500
vt 0.945312 0.156250
vt 0.859375 0.062500
vt 0.937500 0.132812
vt 0.583984 0.546875
vt 0.646484 0.753906
vt 0.609375 0.978516
vt 0.609375 0.968750
vt 0.349609 0.521484
vt 0.646484 0.568359
vt 0.412109 0.578125
vt 0.646484 0.562500
vt 0.640625 0.634766
vt 0.656250 0.937500
vt 0.474609 0.625000
vt 0.646484 0.443359
vt 0.052734 0.562500
vt 0.646484 0.437500
vt 0.656250 0.791016
vt 0.656250 0.759766
vt 0.924805 0.249023
vt 0.572266 0.092773
vt 0.737305 0.078125
vt 0.884766 0.249023
vt 0.937500 0.083984
vt 0.921875 0.062500
vt 0.799805 0.078125
vt 0.884766 0.234375
vt 0.924805 0.170898
vt 0.900391 1.000000
vt 0.937500 0.078125
vt 0.937500 0.052734
vt 0.924805 0.125000
vt 0.085938 0.272461
vt 0.893555 0.078125
vt 0.132812 0.272461
vt 0.437500 0.039062
vt 0.453125 0.039062
vt 0.924805 0.069336
vt 0.585938 0.875000
vt 0.002930 0.038086
vt 0.585938 0.843750
vt 0.031250 0.007812
vt 0.046875 0.109375
vt 0.940430 0.975586
vt 0.213867 0.328125
vt 0.018555 0.038086
vt 0.260742 0.328125
vt 0.218750 0.036133
vt 0.312500 0.036133
vt 0.940430 0.968750
vt 0.712891 0.694336
vt 0.940430 0.913086
vt 0.712891 0.687500
vt 0.359375 0.037109
vt 0.390625 0.037109
vt 0.081055 0.038086
vt 0.701172 0.359375
vt 0.096680 0.038086
vt 0.716797 0.975586
vt 0.906250 0.220703
vt 0.062500 0.078125
vt 0.940430 0.881836
vt 0.179688 0.296875
vt 0.940430 0.850586
vt 0.226562 0.296875
vt 0.921875 0.515625
vt 0.500000 0.078125
vt 0.940430 0.843750
vt 0.585938 0.788086
vt 0.940430 0.812500
vt 0.585938 0.756836
vt 0.109375 0.007812
vt 0.125000 0.109375
vt 0.940430 0.765625
vt 0.713867 0.725586
vt 0.940430 0.734375
vt 0.307617 0.328125
vt 0.328125 0.078125
vt 0.343750 0.078125
vt 0.940430 0.678711
vt 0.650391 0.328125
vt 0.940430 0.671875
vt 0.697266 0.328125
vt 0.406250 0.078125
vt 0.421875 0.078125
vt 0.940430 0.640625
vt 0.716797 0.968750
vt 0.377930 0.062500
vt 0.123047 0.328125
vt 0.921875 0.845703
vt 0.140625 0.078125
vt 0.695312 0.087891
vt 0.197266 0.562500
vt 0.867188 0.312500
vt 0.494141 0.687500
vt 0.859375 0.615234
vt 0.859375 0.578125
vt 0.737305 0.875000
vt 0.184570 0.453125
vt 0.231445 0.453125
vt 0.203125 0.221680
vt 0.734375 0.515625
vt 0.846680 0.140625
vt 0.786133 0.812500
vt 0.877930 0.151367
vt 0.786133 0.781250
vt 0.328125 0.198242
vt 0.359375 0.234375
vt 0.815430 0.687500
vt 0.536133 0.343750
vt 0.815430 0.546875
vt 0.692383 0.484375
vt 0.765625 0.604492
vt 0.406250 0.234375
vt 0.507812 0.083984
vt 0.465820 1.000000
vt 0.523438 0.140625
vt 0.137695 0.593750
vt 0.390625 0.112305
vt 0.593750 0.171875
vt 0.710938 0.140625
vt 0.478516 0.562500
vt 0.726562 0.087891
vt 0.525391 1.000000
vt 0.859375 0.318359
vt 0.640625 0.140625
vt 0.737305 0.734375
vt 0.278320 0.453125
vt 0.325195 0.453125
vt 0.734375 0.421875
vt 0.877930 0.120117
vt 0.786133 0.750000
vt 0.018555 0.125000
vt 0.786133 0.718750
vt 0.765625 0.557617
vt 0.437500 0.234375
vt 0.583008 0.343750
vt 0.765625 0.510742
vt 0.468750 0.234375
s 1
usemtl m_16126f08-1f6b-3289-6367-e177e7e12d02
f 7/1/1 2/2/1 4/3/1
f 4/4/2 1/5/2 3/6/2
f 3/7/3 6/8/3 8/9/3
f 8/10/4 5/11/4 7/12/4
f 1/13/5 5/14/5 6/15/5
f 4/16/6 8/17/6 7/18/6
f 15/19/7 10/20/7 12/21/7
f 12/22/8 9/23/9 11/24/9
f 11/25/10 14/26/10 16/27/10
f 16/28/11 13/29/11 15/30/11
f 9/31/12 13/32/12 14/33/12
f 12/34/13 16/35/13 15/36/13
f 23/37/1 18/38/1 20/39/1
f 20/40/14 17/41/14 19/42/14
f 19/43/3 22/44/3 24/45/3
f 24/46/15 21/47/15 23/48/15
f 17/49/16 21/50/16 22/51/16
f 20/52/17 24/53/17 23/54/17
f 28/55/18 29/56/18 26/57/18
f 28/58/19 25/59/19 27/60/19
f 27/61/20 30/62/20 32/63/20
f 31/64/21 30/65/21 29/66/21
f 25/67/22 29/68/22 30/69/22
f 31/70/23 27/71/23 32/72/23
f 36/73/24 37/74/24 34/75/24
f 36/76/25 33/77/25 35/78/25
f 40/79/26 33/80/26 38/81/26
f 39/82/27 38/83/27 37/84/27
f 33/85/28 37/86/28 38/87/28
f 36/88/29 40/89/29 39/90/29
f 44/91/30 45/92/30 42/93/30
f 44/94/31 41/95/31 43/96/31
f 43/97/32 46/98/32 48/99/32
f 47/100/33 46/101/33 45/102/33
f 41/103/34 45/104/34 46/105/34
f 47/106/35 43/107/36 48/108/36
f 55/109/1 50/110/1 52/111/1
f 52/112/14 49/113/14 51/114/14
f 51/115/3 54/116/3 56/117/3
f 56/118/15 53/119/15 55/120/15
f 49/121/16 53/122/16 54/123/16
f 52/124/17 56/125/17 55/126/17
f 60/127/37 61/128/37 58/82/37
f 60/129/38 57/130/38 59/131/38
f 64/132/39 57/133/39 62/134/39
f 64/135/40 61/136/40 63/77/40
f 57/137/29 61/138/29 62/139/29
f 60/140/28 64/141/28 63/142/28
f 71/143/41 66/144/41 68/145/41
f 68/146/42 65/147/42 67/148/42
f 72/149/43 65/150/43 70/151/43
f 71/152/44 70/153/44 69/154/44
f 70/155/45 66/156/45 69/157/45
f 68/158/46 72/159/46 71/160/46
f 79/161/47 74/162/47 76/163/47
f 76/164/48 73/165/48 75/166/48
f 80/167/49 73/168/49 78/169/50
f 80/170/51 77/171/51 79/172/51
f 73/173/52 77/174/52 78/175/52
f 76/176/53 80/177/54 79/178/53
f 84/179/55 85/180/55 82/181/55
f 83/182/56 82/183/56 81/184/56
f 88/185/57 81/186/57 86/187/57
f 87/188/58 86/189/59 85/190/58
f 86/191/60 82/192/60 85/193/60
f 87/194/61 83/195/61 88/196/61
f 95/197/62 90/198/62 92/199/63
f 91/200/64 90/201/65 89/202/64
f 96/203/66 89/204/66 94/205/66
f 96/206/67 93/207/67 95/208/68
f 89/209/60 93/210/60 94/211/60
f 92/212/69 96/213/69 95/214/69
f 103/215/70 98/216/70 100/217/70
f 99/218/71 98/219/71 97/220/71
f 99/221/72 102/222/72 104/223/72
f 103/224/73 102/225/73 101/226/73
f 102/227/60 98/228/60 101/229/60
f 100/230/69 104/231/69 103/232/69
f 108/233/74 109/234/74 106/235/74
f 108/236/75 105/237/75 107/238/75
f 112/239/76 105/240/76 110/241/76
f 112/242/77 109/243/77 111/244/77
f 105/245/12 109/246/12 110/247/12
f 108/248/78 112/249/78 111/250/78
f 116/251/79 117/252/79 114/253/79
f 116/254/80 113/255/80 115/256/80
f 115/257/81 118/258/81 120/259/81
f 120/260/82 117/261/83 119/262/83
f 118/263/12 114/264/12 117/265/84
f 119/266/78 115/267/78 120/268/13
f 124/269/85 125/270/85 122/271/85
f 124/272/86 121/273/86 123/274/86
f 123/275/87 126/276/87 128/277/87
f 128/278/88 125/279/88 127/280/88
f 126/281/89 122/282/90 125/283/90
f 127/284/91 123/285/91 128/286/91
f 132/287/14 133/288/14 130/289/14
f 132/290/92 129/291/92 131/292/92
f 131/293/15 134/294/15 136/295/15
f 136/296/93 133/297/93 135/298/93
f 129/299/94 133/300/94 134/301/94
f 132/302/95 136/303/95 135/304/95
f 143/305/96 138/306/96 140/307/96
f 140/308/97 137/309/97 139/310/97
f 139/311/98 142/312/98 144/313/98
f 143/314/99 142/315/99 141/316/99
f 142/317/100 138/318/100 141/319/100
f 143/320/101 139/321/101 144/322/101
f 151/323/102 146/324/102 148/325/102
f 148/326/103 145/327/103 147/328/103
f 152/329/104 145/330/104 150/331/104
f 151/332/105 150/333/105 149/334/105
f 150/335/106 146/336/106 149/337/106
f 148/338/107 152/339/107 151/340/107
f 156/341/108 157/342/108 154/343/108
f 156/344/109 153/345/109 155/346/109
f 155/347/110 158/348/110 160/349/110
f 159/98/111 158/350/111 157/351/111
f 153/352/112 157/353/112 158/354/112
f 159/355/113 155/356/113 160/357/113
f 167/358/14 162/359/14 164/360/14
f 164/361/110 161/362/110 163/363/110
f 163/364/15 166/365/15 168/366/15
f 168/367/108 165/368/108 167/369/108
f 161/370/114 165/371/114 166/372/114
f 164/373/115 168/374/115 167/375/116
f 172/376/108 173/377/108 170/378/117
f 172/379/109 169/380/109 171/381/109
f 171/382/118 174/383/118 176/384/118
f 176/385/111 173/386/111 175/387/111
f 174/388/112 170/389/112 173/390/112
f 172/391/113 176/392/113 175/393/113
f 183/394/108 178/395/108 180/396/108
f 180/397/114 177/398/114 179/399/114
f 179/400/118 182/401/118 184/402/118
f 184/403/115 181/404/115 183/405/115
f 182/406/15 178/407/15 181/408/15
f 180/409/14 184/410/14 183/411/14
f 188/412/108 189/413/108 186/414/117
f 188/415/109 185/416/109 187/417/109
f 187/418/118 190/419/118 192/420/118
f 192/421/111 189/422/111 191/423/111
f 185/424/112 189/425/112 190/426/112
f 188/427/113 192/428/113 191/429/113
f 196/430/119 197/431/120 194/432/120
f 196/433/121 193/434/121 195/435/121
f 200/436/122 193/437/122 198/438/122
f 200/439/123 197/440/123 199/441/123
f 198/442/124 194/443/125 197/444/125
f 196/445/126 200/446/127 199/447/128
f 204/448/129 205/449/129 202/450/129
f 204/451/130 201/452/130 203/453/131
f 208/454/132 201/455/132 206/456/132
f 208/457/133 205/458/133 207/459/134
f 201/460/125 205/461/135 206/462/125
f 207/463/128 203/464/128 208/465/128
f 215/466/136 210/467/136 212/468/136
f 212/469/137 209/470/137 211/471/137
f 216/472/138 209/473/138 214/474/138
f 216/475/139 213/476/139 215/477/139
f 214/478/140 210/479/135 213/480/135
f 212/481/141 216/482/141 215/483/141
f 223/484/142 218/485/143 220/486/142
f 219/487/144 218/488/144 217/489/144
f 219/490/145 222/491/145 224/492/146
f 223/493/147 222/494/147 221/495/147
f 217/496/148 221/497/149 222/498/148
f 220/499/150 224/500/151 223/501/150
f 231/502/152 226/503/152 228/504/152
f 228/505/153 225/506/153 227/507/154
f 227/508/155 230/509/155 232/510/155
f 231/511/156 230/512/156 229/513/156
f 230/514/149 226/515/90 229/516/90
f 228/517/150 232/518/150 231/519/150
f 239/520/1 234/521/1 236/522/1
f 236/523/157 233/524/157 235/525/157
f 240/526/3 233/527/3 238/528/3
f 240/529/158 237/530/158 239/531/158
f 233/532/159 237/533/159 238/534/159
f 236/535/160 240/536/160 239/537/160
f 247/538/3 242/539/3 244/540/3
f 244/541/161 241/542/161 243/543/161
f 248/538/1 241/544/1 246/545/1
f 248/546/162 245/547/162 247/548/162
f 241/549/163 245/550/163 246/551/163
f 244/552/164 248/553/164 247/554/164
f 255/555/165 250/556/165 252/557/165
f 251/558/166 250/136/166 249/559/166
f 256/555/167 249/560/167 254/561/167
f 255/562/168 254/563/168 253/564/168
f 249/565/169 253/566/169 254/567/170
f 255/568/171 251/569/171 256/570/171
f 263/571/172 258/544/172 260/572/172
f 260/573/173 257/574/173 259/575/173
f 264/571/174 257/576/174 262/577/174
f 264/578/175 261/579/175 263/580/175
f 262/581/176 258/582/176 261/583/176
f 260/583/177 264/584/177 263/585/177
f 268/586/3 269/587/3 266/576/3
f 268/588/178 265/589/178 267/590/178
f 267/591/1 270/587/1 272/592/1
f 272/593/179 269/594/179 271/595/179
f 265/596/180 269/597/180 270/598/180
f 268/599/181 272/600/181 271/601/181
f 276/591/182 277/602/182 274/603/182
f 275/578/183 274/604/183 273/605/183
f 275/606/184 278/602/184 280/607/184
f 279/608/185 278/609/185 277/604/185
f 273/584/186 277/610/186 278/611/186
f 276/612/187 280/613/187 279/614/187
f 284/615/188 285/616/188 282/560/188
f 284/617/189 281/618/189 283/619/189
f 283/620/190 286/621/190 288/622/190
f 288/623/191 285/624/191 287/625/191
f 286/626/192 282/614/192 285/627/192
f 284/627/193 288/556/193 287/628/193
f 295/629/194 290/630/194 292/631/194
f 292/632/195 289/633/195 291/634/195
f 296/635/196 289/636/196 294/637/196
f 295/638/197 294/639/197 293/640/197
f 289/641/198 293/642/198 294/643/198
f 292/644/199 296/645/199 295/646/199
f 303/647/200 298/648/200 300/649/200
f 300/650/201 297/651/201 299/652/201
f 299/653/202 302/654/202 304/655/202
f 304/656/203 301/657/203 303/658/203
f 297/659/3 301/660/3 302/661/3
f 303/662/1 299/663/1 304/664/1
f 311/665/204 306/563/204 308/666/204
f 308/667/205 305/668/205 307/669/205
f 307/670/206 310/671/206 312/672/206
f 312/673/207 309/674/207 311/675/207
f 310/676/3 306/677/3 309/678/3
f 308/679/1 312/680/1 311/681/1
f 316/682/208 317/683/208 314/684/208
f 316/685/209 313/686/209 315/687/209
f 315/688/210 318/689/210 320/690/210
f 320/691/211 317/692/211 319/693/211
f 313/694/198 317/695/198 318/696/198
f 316/697/199 320/698/199 319/699/199
f 327/700/212 322/701/212 324/702/212
f 323/703/213 322/704/213 321/705/213
f 328/706/214 321/707/214 326/708/214
f 328/709/215 325/710/215 327/711/215
f 321/712/216 325/713/216 326/714/216
f 327/715/217 323/716/217 328/717/217
f 332/718/218 333/719/218 330/720/218
f 332/721/219 329/722/219 331/723/219
f 331/724/220 334/725/220 336/726/220
f 336/727/221 333/728/221 335/729/221
f 334/730/216 330/731/216 333/732/216
f 332/733/217 336/734/217 335/735/217
f 343/736/222 338/737/222 340/738/222
f 340/739/223 337/740/223 339/741/224
f 344/742/225 337/743/225 342/744/225
f 344/745/226 341/746/226 343/747/226
f 337/748/227 341/749/227 342/750/227
f 340/751/228 344/752/228 343/753/228
f 348/754/229 349/755/229 346/756/229
f 347/757/230 346/758/230 345/759/231
f 347/760/232 350/761/232 352/762/232
f 351/763/233 350/764/233 349/765/233
f 350/129/227 346/766/227 349/767/227
f 348/768/228 352/769/228 351/770/228
f 356/771/234 357/772/235 354/773/235
f 356/774/236 353/775/236 355/776/236
f 355/777/237 358/778/237 360/779/237
f 360/780/238 357/781/238 359/782/238
f 353/783/239 357/784/239 358/785/239
f 356/786/240 360/787/240 359/788/240
f 367/789/241 362/790/242 364/791/241
f 364/792/243 361/793/243 363/794/243
f 368/795/244 361/796/244 366/797/244
f 368/798/245 365/799/245 367/800/245
f 366/801/246 362/802/247 365/803/247
f 367/804/248 363/805/249 368/806/249
f 372/807/250 373/808/250 370/809/250
f 371/810/251 370/811/251 369/812/251
f 371/813/252 374/814/252 376/815/252
f 376/816/253 373/817/253 375/818/253
f 369/819/254 373/820/254 374/821/254
f 375/822/255 371/823/255 376/824/255
f 383/825/256 378/826/256 380/827/256
f 379/828/257 378/829/257 377/830/257
f 384/831/258 377/832/258 382/833/258
f 384/834/259 381/835/259 383/836/259
f 382/837/254 378/838/254 381/839/254
f 380/840/255 384/841/255 383/842/255
f 391/843/256 386/844/256 388/845/256
f 388/846/257 385/847/257 387/848/257
f 392/849/258 385/850/258 390/851/258
f 392/852/259 389/853/259 391/854/259
f 390/855/254 386/856/254 389/857/254
f 388/858/255 392/859/255 391/860/255
f 399/861/256 394/862/256 396/863/256
f 395/864/257 394/865/257 393/866/257
f 400/867/258 393/868/258 398/869/260
f 400/870/259 397/871/259 399/872/259
f 398/873/254 394/874/254 397/875/254
f 399/876/255 395/877/255 400/878/255
f 407/879/250 402/880/250 404/881/250
f 404/882/251 401/883/251 403/884/251
f 403/885/252 406/886/252 408/887/252
f 408/888/253 405/889/253 407/890/253
f 401/891/254 405/892/254 406/893/254
f 404/894/255 408/895/255 407/896/255
f 412/897/250 413/898/250 410/899/250
f 412/900/251 409/901/251 411/902/251
f 411/903/252 414/904/252 416/905/252
f 416/906/253 413/907/253 415/908/253
f 409/909/254 413/910/254 414/911/254
f 415/912/255 411/913/255 416/914/255
f 420/915/261 421/916/261 418/917/261
f 420/918/262 417/919/262 419/920/262
f 419/921/263 422/922/263 424/923/263
f 423/924/264 422/925/264 421/926/264
f 422/927/265 418/928/265 421/929/265
f 420/930/266 424/931/266 423/932/266
f 431/933/267 426/934/267 428/935/267
f 428/936/268 425/937/268 427/938/268
f 432/939/269 425/940/269 430/941/269
f 431/942/270 430/943/270 429/944/270
f 425/945/265 429/946/265 430/947/265
f 431/948/266 427/949/266 432/950/266
f 439/951/267 434/952/267 436/953/267
f 436/954/268 433/955/268 435/956/268
f 440/957/269 433/958/269 438/959/269
f 440/960/270 437/961/270 439/962/270
f 433/963/265 437/964/265 438/965/265
f 439/966/266 435/967/266 440/968/266
f 447/969/267 442/970/267 444/971/267
f 444/972/268 441/973/268 443/974/268
f 443/975/269 446/976/269 448/977/269
f 448/978/270 445/979/270 447/980/270
f 441/981/265 445/982/265 446/983/265
f 444/984/266 448/985/266 447/986/266
f 452/987/261 453/988/261 450/989/271
f 452/990/262 449/991/262 451/992/262
f 451/993/263 454/994/263 456/995/263
f 455/996/264 454/997/264 453/998/264
f 454/999/265 450/1000/265 453/1001/265
f 455/1002/266 451/1003/266 456/1004/266
f 460/1005/261 461/1006/261 458/1007/261
f 460/1008/262 457/1009/262 459/1010/262
f 459/1011/263 462/1012/263 464/1013/263
f 464/1014/264 461/1015/264 463/1016/264
f 462/1017/265 458/1018/265 461/1019/265
f 460/1020/266 464/1021/266 463/1022/266
f 471/1023/272 466/1024/272 468/1025/272
f 467/1026/273 466/1027/273 465/609/273
f 467/1028/274 470/1029/274 472/1030/274
f 471/1031/275 470/1032/275 469/1033/275
f 465/1034/276 469/1035/276 470/1036/276
f 468/1037/277 472/1038/277 471/1039/277
f 479/1040/278 474/1041/278 476/1042/278
f 476/1043/279 473/1044/279 475/1045/279
f 480/1046/280 473/1047/280 478/1048/280
f 480/1049/281 477/1050/281 479/1051/281
f 478/1052/276 474/1053/276 477/1054/276
f 476/1055/277 480/1056/277 479/1057/277
f 487/1058/278 482/1059/278 484/1060/278
f 484/1061/279 481/1062/279 483/1063/279
f 488/1064/280 481/1065/280 486/1066/280
f 487/1067/281 486/1068/281 485/1069/281
f 486/1070/276 482/1071/276 485/1072/276
f 487/1073/277 483/1074/277 488/1075/277
f 495/1076/272 490/1077/272 492/1078/272
f 492/1079/273 489/1080/273 491/1081/273
f 491/1082/274 494/1083/274 496/1084/274
f 495/1085/275 494/1086/275 493/1087/275
f 489/1088/276 493/1089/276 494/1090/276
f 492/1091/277 496/1092/277 495/1093/277
f 500/963/282 501/1094/282 498/1095/282
f 500/1096/283 497/1097/283 499/1098/283
f 499/1099/284 502/1100/284 504/1101/284
f 503/1102/285 502/1103/285 501/1104/285
f 502/1105/286 498/1106/286 501/1107/286
f 503/1108/287 499/1109/287 504/1110/287
f 508/1111/282 509/1112/282 506/1113/282
f 508/1114/283 505/1115/283 507/1116/283
f 512/1117/284 505/1118/284 510/1119/284
f 512/1120/285 509/1121/285 511/1122/285
f 510/1123/286 506/1124/286 509/1125/286
f 508/1126/287 512/1127/287 511/1128/287
f 519/1129/282 514/1130/282 516/1131/282
f 516/1132/283 513/1133/283 515/1134/283
f 520/1135/284 513/1136/284 518/1137/284
f 520/1138/285 517/1139/285 519/1140/285
f 513/1141/286 517/1142/286 518/1143/286
f 516/1144/287 520/1145/287 519/1146/287
f 524/1147/288 525/1099/288 522/1101/288
f 524/1148/289 521/1149/289 523/907/289
f 528/1150/290 521/1151/290 526/1147/290
f 527/1152/291 526/1153/291 525/1102/291
f 521/1154/286 525/1155/286 526/1156/286
f 524/1157/287 528/1158/287 527/1159/287
f 535/1160/288 530/1161/288 532/1162/288
f 531/1163/289 530/1164/289 529/1165/289
f 531/1166/290 534/1167/290 536/1168/290
f 535/1169/291 534/1170/291 533/1171/291
f 529/1172/286 533/1173/286 534/1174/286
f 532/1175/287 536/1176/287 535/1177/287
f 543/1178/288 538/1179/288 540/1180/288
f 539/1181/289 538/1182/289 537/1183/289
f 539/1184/290 542/1185/290 544/1186/290
f 543/1187/291 542/1188/291 541/1189/291
f 542/1190/286 538/1191/286 541/1192/286
f 540/1193/287 544/1194/287 543/1195/287
f 548/963/282 549/1094/282 546/1095/282
f 548/1096/283 545/1097/283 547/1098/283
f 547/1099/284 550/1100/284 552/1101/284
f 551/1102/285 550/1103/285 549/1104/285
f 550/1105/286 546/1106/286 549/1107/286
f 551/1108/287 547/1109/287 552/1110/287
f 559/1196/1 554/1197/1 556/1198/1
f 556/1199/179 553/1200/179 555/1201/179
f 555/1202/3 558/1203/3 560/1204/3
f 560/1205/178 557/1206/178 559/1207/178
f 553/341/180 557/1208/180 558/1209/180
f 556/1210/181 560/1211/181 559/1212/181
f 567/1213/1 562/1214/1 564/1215/1
f 564/1216/205 561/1217/205 563/1218/205
f 568/1219/3 561/1220/3 566/1221/3
f 568/1222/207 565/1223/207 567/1224/207
f 561/1225/292 565/1226/292 566/1227/292
f 564/1228/206 568/1229/206 567/1230/206
f 575/1231/1 570/1232/1 572/1233/1
f 572/1234/293 569/1235/293 571/1236/293
f 576/1237/3 569/1238/3 574/1239/3
f 576/1240/294 573/1241/294 575/1242/294
f 569/1243/295 573/1244/295 574/1245/295
f 572/1246/296 576/1247/296 575/1248/296
f 583/1249/1 578/1250/1 580/1251/1
f 580/1252/162 577/1253/162 579/1254/162
f 579/1255/3 582/1256/3 584/1257/3
f 584/1258/161 581/1259/161 583/1260/161
f 577/1261/163 581/1262/163 582/1263/163
f 580/1264/164 584/1265/164 583/1266/164
f 588/1267/1 589/1268/1 586/1269/1
f 588/1270/201 585/1271/201 587/1272/201
f 587/1273/3 590/1274/3 592/1275/3
f 592/1276/203 589/1277/203 591/1278/203
f 585/1279/297 589/1280/297 590/1281/297
f 588/1282/202 592/1283/202 591/1284/202
f 596/1285/1 597/1286/1 594/1287/1
f 596/1288/298 593/1289/298 595/1290/298
f 595/1291/3 598/1292/3 600/1293/3
f 600/1294/299 597/1295/299 599/1296/299
f 593/1297/300 597/1298/300 598/1299/300
f 596/1300/301 600/1301/301 599/1302/301
f 607/1249/1 602/1250/1 604/1251/1
f 604/1252/162 601/1253/162 603/1254/162
f 603/1255/3 606/1256/3 608/1257/3
f 608/1258/161 605/1259/161 607/1260/161
f 601/1261/163 605/1262/163 606/1263/163
f 604/1264/164 608/1265/164 607/1266/164
f 615/1303/302 610/1304/302 612/1305/302
f 612/1306/14 609/1307/14 611/1308/14
f 611/1309/303 614/1310/303 616/1311/303
f 616/1312/15 613/1313/15 615/1314/15
f 609/1315/304 613/1316/304 614/1317/304
f 612/1318/305 616/1319/305 615/1320/305
f 620/1321/306 621/1322/306 618/1323/306
f 619/1324/307 618/1325/307 617/1326/307
f 619/1327/308 622/1328/308 624/1329/308
f 624/1330/309 621/1331/309 623/1332/309
f 617/1333/310 621/1334/310 622/1335/310
f 620/1336/311 624/1337/311 623/1338/311
f 631/1339/312 626/1340/312 628/1341/312
f 628/1342/313 625/1343/313 627/1344/313
f 632/1345/314 625/1346/314 630/1347/314
f 631/1348/315 630/1349/315 629/1350/315
f 625/1351/310 629/1352/310 630/1353/310
f 628/1354/311 632/1355/311 631/1356/311
f 639/1357/316 634/1358/316 636/1359/316
f 636/1360/317 633/1361/317 635/1362/317
f 640/1360/318 633/1363/318 638/1364/318
f 640/1365/319 637/1366/319 639/1367/319
f 638/59/320 634/1368/320 637/66/320
f 636/1197/321 640/1369/321 639/1370/321
f 647/1371/322 642/1372/322 644/1373/322
f 644/1374/14 641/551/14 643/1375/14
f 643/1376/323 646/1377/323 648/1378/323
f 648/1379/15 645/1380/15 647/1381/15
f 641/1368/324 645/1203/324 646/66/324
f 644/1382/325 648/1203/325 647/1383/325
f 652/1384/326 653/1385/326 650/1386/326
f 651/1387/327 650/1388/327 649/1389/327
f 656/1390/328 649/1391/328 654/1388/328
f 656/1392/329 653/1393/329 655/1394/329
f 649/1382/320 653/1395/320 654/1383/320
f 652/1250/321 656/1396/321 655/1397/321
f 663/1398/1 658/1399/1 660/1400/1
f 660/1401/14 657/1402/14 659/1403/14
f 659/1404/3 662/1405/3 664/1406/3
f 664/1407/15 661/1408/15 663/1401/15
f 657/1409/16 661/354/16 662/1410/16
f 660/1411/17 664/574/17 663/1412/17
f 671/1413/1 666/1414/1 668/1415/1
f 668/1416/14 665/1417/14 667/1418/14
f 667/1419/3 670/1420/3 672/1421/3
f 672/1422/15 669/1423/15 671/1424/15
f 665/1425/16 669/1426/16 670/1427/16
f 668/1428/17 672/1429/17 671/171/17
f 679/1430/1 674/1431/1 676/1432/1
f 676/1433/14 673/1434/14 675/1435/14
f 675/1436/3 678/1437/3 680/1438/3
f 680/1439/15 677/1440/15 679/1441/15
f 673/1429/16 677/1442/16 678/1443/16
f 676/1444/17 680/1445/17 679/1446/17
f 684/1341/312 685/1447/312 682/1340/312
f 684/1342/313 681/1343/313 683/1344/313
f 683/1448/314 686/1347/314 688/1345/314
f 688/1449/315 685/1350/315 687/1348/315
f 686/1353/310 682/1450/310 685/1352/310
f 684/1354/311 688/1355/311 687/1356/311
f 695/1451/306 690/1452/306 692/1453/306
f 691/1454/307 690/1455/307 689/1456/307
f 696/1457/308 689/1458/308 694/1459/308
f 695/1460/309 694/1461/309 693/1462/309
f 694/1463/310 690/1464/310 693/1465/310
f 692/1466/311 696/1467/311 695/1468/311
f 703/1469/330 698/1470/330 700/1471/330
f 699/1472/15 698/1473/15 697/1474/15
f 699/1475/331 702/1476/331 704/1477/331
f 704/1478/14 701/1479/14 703/1480/14
f 697/1481/332 701/1482/332 702/1483/332
f 700/1484/333 704/1485/333 703/1486/333
f 711/1487/330 706/1488/330 708/1489/330
f 707/1490/15 706/1491/15 705/1492/15
f 707/1493/331 710/1494/331 712/1495/331
f 712/1496/14 709/1497/14 711/1498/14
f 705/1499/332 709/1500/332 710/1501/332
f 708/1502/333 712/1503/333 711/1504/333
f 719/1505/330 714/1506/330 716/1507/330
f 715/1508/15 714/1509/15 713/1510/15
f 715/1511/331 718/1512/331 720/1513/331
f 720/1514/14 717/1515/14 719/1516/14
f 713/1517/332 717/1518/332 718/1519/332
f 716/1520/333 720/1521/333 719/1522/333
f 727/1523/330 722/1524/330 724/1525/330
f 723/1526/15 722/1527/15 721/1528/15
f 723/1529/331 726/1530/331 728/1531/331
f 728/1532/14 725/1533/14 727/1534/14
f 721/1535/332 725/1536/332 726/1537/332
f 724/1538/333 728/1539/333 727/1540/333
f 735/1541/334 730/1542/334 732/1543/334
f 732/1544/333 729/1545/333 731/1546/333
f 736/1547/335 729/1548/335 734/1549/335
f 736/1550/332 733/1551/332 735/1552/332
f 734/1553/336 730/1554/336 733/1555/336
f 732/1556/337 736/1557/337 735/1558/337
f 740/1559/338 741/1560/338 738/1561/338
f 739/1562/339 738/1563/340 737/1564/339
f 744/1565/341 737/1566/341 742/1567/341
f 744/1568/342 741/1569/342 743/1570/342
f 737/1571/343 741/1572/343 742/1573/343
f 740/1574/344 744/1575/344 743/1576/344
f 751/1577/345 746/1578/345 748/1579/345
f 748/1580/346 745/1581/346 747/1582/346
f 747/1583/347 750/1584/347 752/1585/347
f 752/1586/348 749/1587/349 751/1588/350
f 750/1589/351 746/1590/351 749/1591/351
f 751/1592/352 747/1593/352 752/1594/352
f 759/1595/353 754/1596/353 756/1597/353
f 756/1598/14 753/1599/14 755/1600/14
f 755/1601/354 758/1602/354 760/1595/354
f 759/1603/15 758/1604/15 757/1605/15
f 753/1606/355 757/1607/355 758/1608/355
f 756/1609/356 760/1610/356 759/1611/356
f 764/1612/357 765/1613/357 762/1614/357
f 763/1615/358 762/1616/358 761/1617/358
f 763/1618/359 766/1619/359 768/1620/359
f 768/1621/360 765/1622/360 767/1623/360
f 761/1624/355 765/1625/355 766/1626/355
f 764/1627/356 768/1628/356 767/1629/356
f 775/1630/361 770/1631/361 772/1632/361
f 771/1633/362 770/1634/362 769/1635/362
f 771/1636/363 774/1637/363 776/1638/363
f 776/1639/364 773/1640/364 775/1641/365
f 769/1642/355 773/1643/355 774/1644/355
f 775/1645/356 771/1646/356 776/1647/356
f 780/1648/357 781/1649/357 778/1650/357
f 779/1651/358 778/1652/358 777/1653/358
f 779/1654/359 782/1655/359 784/1656/359
f 783/1657/360 782/1658/360 781/1659/360
f 777/1660/355 781/1661/355 782/1662/355
f 780/1663/366 784/1664/366 783/1665/366
f 791/1666/361 786/1667/361 788/1668/361
f 788/1669/362 785/1670/362 787/1671/362
f 792/1672/363 785/1673/363 790/1674/363
f 792/1675/364 789/1676/364 791/1677/364
f 790/1678/355 786/1679/355 789/1680/355
f 791/1681/367 787/1682/367 792/1683/356
f 799/1684/368 794/1685/369 796/1686/368
f 795/1687/370 794/1688/370 793/1689/371
f 795/1690/372 798/1691/372 800/1692/372
f 799/1693/373 798/1694/373 797/1695/373
f 793/1696/374 797/1697/375 798/1698/374
f 799/1699/376 795/1700/377 800/1701/377
f 804/1702/378 805/1703/379 802/1704/379
f 804/1705/380 801/1706/380 803/1707/380
f 808/1708/381 801/1709/381 806/1710/381
f 808/1711/382 805/1712/382 807/1713/382
f 801/1714/383 805/1715/383 806/1716/383
f 804/1717/384 808/1718/384 807/1719/384
f 812/1720/385 813/1721/385 810/1722/385
f 812/1723/386 809/1724/386 811/1725/387
f 816/1726/388 809/1727/388 814/1728/388
f 816/1729/389 813/1730/389 815/1731/389
f 809/1732/390 813/1733/391 814/1734/390
f 815/1735/392 811/1736/393 816/1737/393
f 823/1738/394 818/1739/394 820/1740/394
f 819/1741/395 818/1742/395 817/1743/395
f 824/1744/396 817/1745/397 822/1746/397
f 824/1747/398 821/1748/398 823/1749/398
f 817/1750/399 821/1751/400 822/1752/399
f 823/1753/401 819/1754/401 824/1755/402
f 828/1756/403 829/1757/403 826/1758/403
f 828/1759/404 825/1760/404 827/1761/404
f 832/1762/405 825/1763/405 830/1764/405
f 831/1765/406 830/1766/406 829/1608/406
f 825/1767/407 829/1768/407 830/1769/407
f 828/1770/408 832/1771/408 831/1772/408
f 836/1773/409 837/1774/410 834/1775/410
f 836/1776/411 833/1777/411 835/1778/411
f 840/1779/412 833/1780/412 838/1781/412
f 840/1782/413 837/1783/413 839/1784/413
f 838/1785/414 834/1786/415 837/1787/415
f 836/1788/416 840/1789/417 839/1790/416
f 847/1791/418 842/1792/419 844/1793/418
f 843/1794/420 842/1795/420 841/1796/420
f 843/1797/421 846/1798/421 848/1799/421
f 847/1800/422 846/1801/422 845/1802/422
f 841/1803/423 845/1804/423 846/1805/423
f 844/1806/424 848/1807/424 847/1808/424
f 855/1809/425 850/1810/425 852/1811/425
f 851/1812/426 850/1813/426 849/1814/426
f 851/1815/427 854/1816/427 856/1817/427
f 856/1818/428 853/1819/428 855/1820/428
f 854/1821/429 850/1822/430 853/1823/430
f 852/1824/431 856/1825/432 855/1826/431
f 860/1827/433 861/1828/433 858/1829/433
f 860/1830/434 857/1831/434 859/1832/434
f 859/1833/435 862/1834/436 864/1835/435
f 864/1836/437 861/1837/437 863/1838/437
f 862/1839/438 858/1840/439 861/1841/439
f 860/1842/440 864/1843/440 863/1844/440
f 871/1845/441 866/1846/441 868/1847/441
f 868/1848/442 865/1610/442 867/1849/442
f 867/1850/443 870/1851/443 872/1852/443
f 872/1853/444 869/1854/444 871/1855/444
f 865/1856/445 869/1857/446 870/1858/445
f 868/1859/447 872/1860/447 871/1861/447
f 876/1862/1 877/1863/1 874/1864/1
f 876/1865/448 873/73/448 875/1866/448
f 875/1867/3 878/1868/3 880/1869/3
f 880/1870/449 877/1871/449 879/1872/449
f 873/1873/450 877/1874/450 878/1875/450
f 876/1876/451 880/1877/451 879/1878/451
f 887/1879/1 882/1880/1 884/1881/1
f 884/1882/448 881/1883/448 883/663/448
f 888/1884/3 881/1879/3 886/1881/3
f 888/1885/449 885/1886/449 887/1887/449
f 881/1888/450 885/1889/450 886/1890/450
f 884/1891/451 888/1892/451 887/1893/451
f 895/1894/1 890/1895/1 892/1896/1
f 892/1897/452 889/1898/452 891/1899/452
f 896/1900/3 889/1901/3 894/1902/3
f 896/1903/453 893/1904/453 895/1905/453
f 889/616/454 893/1906/454 894/1907/454
f 892/1908/455 896/1909/455 895/1910/455
f 900/1911/1 901/1912/1 898/1150/1
f 900/1913/452 897/1391/452 899/1914/452
f 899/1915/3 902/1916/3 904/1917/3
f 904/1918/453 901/1919/453 903/1920/453
f 897/1921/454 901/1922/454 902/1923/454
f 900/1924/455 904/1925/455 903/1926/455
f 908/1927/1 909/1928/1 906/1929/1
f 908/1930/448 905/1931/448 907/1932/448
f 907/1933/3 910/1934/3 912/1935/3
f 912/1936/449 909/1937/449 911/1938/449
f 905/1939/450 909/1940/450 910/1941/450
f 908/1942/451 912/1943/451 911/1944/451
f 919/1945/1 914/1946/1 916/1947/1
f 916/1948/157 913/1949/157 915/1950/157
f 920/1951/3 913/1952/3 918/1953/3
f 920/1954/158 917/1955/158 919/1956/158
f 913/1957/159 917/1958/159 918/1959/159
f 916/1960/160 920/1961/160 919/1962/160
f 924/1963/1 925/1964/1 922/1884/1
f 924/1965/157 921/1966/157 923/1967/157
f 923/1968/3 926/1963/3 928/154/3
f 928/1969/158 925/1970/158 927/1971/158
f 921/1972/159 925/1973/159 926/1974/159
f 924/1975/160 928/1976/160 927/1977/160
f 932/1978/1 933/1979/1 930/1980/1
f 932/1981/456 929/1982/456 931/1983/456
f 931/1984/3 934/1985/3 936/1986/3
f 936/1987/457 933/1988/457 935/1989/457
f 929/1990/458 933/1991/458 934/1992/458
f 932/1993/459 936/1994/459 935/1995/459
f 943/1996/1 938/1917/1 940/1997/1
f 940/1998/456 937/1426/456 939/245/456
f 944/1999/3 937/2000/3 942/2001/3
f 944/2002/457 941/1920/457 943/220/457
f 937/2003/458 941/2004/458 942/2005/458
f 940/2006/459 944/2007/459 943/2008/459
f 7/1/1 5/2009/1 2/2/1
f 4/4/2 2/2010/2 1/5/2
f 3/7/3 1/2011/3 6/8/3
f 8/10/4 6/2012/4 5/11/4
f 1/13/5 2/2013/5 5/14/5
f 4/16/6 3/2014/6 8/17/6
f 15/19/7 13/2015/7 10/20/7
f 12/22/8 10/2016/8 9/23/9
f 11/25/10 9/2017/10 14/26/10
f 16/28/11 14/2018/11 13/29/11
f 9/31/12 10/2019/12 13/32/12
f 12/34/13 11/2020/13 16/35/13
f 23/37/1 21/2021/1 18/38/1
f 20/40/14 18/2022/14 17/41/14
f 19/43/3 17/2023/3 22/44/3
f 24/46/15 22/2024/15 21/47/15
f 17/49/16 18/2025/16 21/50/16
f 20/52/17 19/2026/17 24/53/17
f 28/55/18 31/2027/18 29/56/18
f 28/58/19 26/2028/19 25/59/19
f 27/61/20 25/2029/20 30/62/20
f 31/64/21 32/2030/21 30/65/21
f 25/67/22 26/2031/22 29/68/22
f 31/70/23 28/2032/23 27/71/23
f 36/73/24 39/2033/460 37/74/24
f 36/76/25 34/135/25 33/77/25
f 40/79/26 35/2034/26 33/80/26
f 39/82/27 40/2035/27 38/83/27
f 33/85/28 34/2036/28 37/86/28
f 36/88/29 35/2037/29 40/89/29
f 44/91/30 47/2038/30 45/92/30
f 44/94/31 42/2039/31 41/95/31
f 43/97/32 41/2040/461 46/98/32
f 47/100/33 48/2041/33 46/101/33
f 41/103/34 42/2042/34 45/104/34
f 47/106/35 44/2043/35 43/107/36
f 55/109/1 53/2044/1 50/110/1
f 52/112/14 50/2045/14 49/113/14
f 51/115/3 49/2046/3 54/116/3
f 56/118/15 54/2047/15 53/119/15
f 49/121/16 50/2048/16 53/122/16
f 52/124/17 51/2049/17 56/125/17
f 60/127/37 63/2050/37 61/128/37
f 60/129/38 58/2051/38 57/130/38
f 64/132/39 59/2052/39 57/133/39
f 64/135/40 62/2053/40 61/136/40
f 57/137/29 58/2054/29 61/138/29
f 60/140/28 59/2055/28 64/141/28
f 71/143/41 69/2056/41 66/144/41
f 68/146/42 66/2057/42 65/147/42
f 72/149/43 67/2058/43 65/150/43
f 71/152/44 72/2059/44 70/153/44
f 70/155/45 65/2060/45 66/156/45
f 68/158/46 67/2061/46 72/159/46
f 79/161/47 77/2062/47 74/162/47
f 76/164/48 74/2063/48 73/165/48
f 80/167/49 75/2064/49 73/168/49
f 80/170/51 78/2065/51 77/171/51
f 73/173/52 74/2066/52 77/174/52
f 76/176/53 75/585/54 80/177/54
f 84/179/55 87/2067/55 85/180/55
f 83/182/56 84/2068/56 82/183/56
f 88/185/57 83/2069/57 81/186/57
f 87/188/58 88/2070/59 86/189/59
f 86/191/60 81/2071/60 82/192/60
f 87/194/61 84/2072/61 83/195/61
f 95/197/62 93/2073/62 90/198/62
f 91/200/64 92/2074/65 90/201/65
f 96/203/66 91/2075/66 89/204/66
f 96/206/67 94/2076/67 93/207/67
f 89/209/60 90/2077/462 93/210/60
f 92/212/69 91/2078/61 96/213/69
f 103/215/70 101/2079/70 98/216/70
f 99/218/71 100/2080/71 98/219/71
f 99/221/72 97/2081/72 102/222/72
f 103/224/73 104/2082/73 102/225/73
f 102/227/60 97/2083/60 98/228/60
f 100/230/69 99/1396/69 104/231/69
f 108/233/74 111/2084/74 109/234/74
f 108/236/75 106/2085/75 105/237/75
f 112/239/76 107/2086/76 105/240/76
f 112/242/77 110/2087/77 109/243/77
f 105/245/12 106/2088/12 109/246/12
f 108/248/78 107/2089/78 112/249/78
f 116/251/79 119/2090/463 117/252/79
f 116/254/80 114/2091/464 113/255/80
f 115/257/81 113/2092/81 118/258/81
f 120/260/82 118/2093/82 117/261/83
f 118/263/12 113/2094/12 114/264/12
f 119/266/78 116/2095/78 115/267/78
f 124/269/85 127/2096/85 125/270/85
f 124/272/86 122/2097/86 121/273/86
f 123/275/87 121/2098/87 126/276/87
f 128/278/88 126/2099/88 125/279/88
f 126/281/89 121/2100/89 122/282/90
f 127/284/91 124/2101/91 123/285/91
f 132/287/14 135/2102/14 133/288/14
f 132/290/92 130/2103/92 129/291/92
f 131/293/15 129/2104/15 134/294/15
f 136/296/93 134/2105/93 133/297/93
f 129/299/94 130/2106/94 133/300/94
f 132/302/95 131/2107/95 136/303/95
f 143/305/96 141/2108/96 138/306/96
f 140/308/97 138/2109/97 137/309/97
f 139/311/98 137/2110/98 142/312/98
f 143/314/99 144/2111/99 142/315/99
f 142/317/100 137/2112/100 138/318/100
f 143/320/101 140/2113/101 139/321/101
f 151/323/102 149/2114/102 146/324/102
f 148/326/103 146/2115/103 145/327/103
f 152/329/104 147/2116/104 145/330/104
f 151/332/105 152/2117/105 150/333/105
f 150/335/106 145/2118/106 146/336/106
f 148/338/107 147/2119/107 152/339/107
f 156/341/108 159/2120/108 157/342/108
f 156/344/109 154/2121/109 153/345/109
f 155/347/110 153/1446/118 158/348/110
f 159/98/111 160/2122/111 158/350/111
f 153/352/112 154/2123/112 157/353/112
f 159/355/113 156/2124/113 155/356/113
f 167/358/14 165/2125/14 162/359/14
f 164/361/110 162/2126/110 161/362/110
f 163/364/15 161/2127/15 166/365/15
f 168/367/108 166/2128/108 165/368/108
f 161/370/114 162/2129/114 165/371/114
f 164/373/115 163/2130/115 168/374/115
f 172/376/108 175/2131/108 173/377/108
f 172/379/109 170/2132/109 169/380/109
f 171/382/118 169/2133/118 174/383/118
f 176/385/111 174/2134/111 173/386/111
f 174/388/112 169/2135/112 170/389/112
f 172/391/113 171/2136/113 176/392/113
f 183/394/108 181/2137/117 178/395/108
f 180/397/114 178/2138/114 177/398/114
f 179/400/118 177/2139/118 182/401/118
f 184/403/115 182/2140/115 181/404/115
f 182/406/15 177/2141/15 178/407/15
f 180/409/14 179/2142/14 184/410/14
f 188/412/108 191/2143/108 189/413/108
f 188/415/109 186/2144/109 185/416/109
f 187/418/118 185/2145/118 190/419/118
f 192/421/111 190/2146/111 189/422/111
f 185/424/112 186/2147/112 189/425/112
f 188/427/113 187/2148/113 192/428/113
f 196/430/119 199/2149/119 197/431/120
f 196/433/121 194/2150/121 193/434/121
f 200/436/122 195/2151/465 193/437/122
f 200/439/123 198/2152/123 197/440/123
f 198/442/124 193/2153/124 194/443/125
f 196/445/126 195/2154/127 200/446/127
f 204/448/129 207/2155/129 205/449/129
f 204/451/130 202/2156/130 201/452/130
f 208/454/132 203/2157/132 201/455/132
f 208/457/133 206/2158/133 205/458/133
f 201/460/125 202/2159/135 205/461/135
f 207/463/128 204/2160/128 203/464/128
f 215/466/136 213/2161/136 210/467/136
f 212/469/137 210/2162/137 209/470/137
f 216/472/138 211/2163/138 209/473/138
f 216/475/139 214/2164/139 213/476/139
f 214/478/140 209/2165/140 210/479/135
f 212/481/141 211/2166/141 216/482/141
f 223/484/142 221/2167/143 218/485/143
f 219/487/144 220/2168/144 218/488/144
f 219/490/145 217/2169/145 222/491/145
f 223/493/147 224/2170/147 222/494/147
f 217/496/148 218/2171/149 221/497/149
f 220/499/150 219/2172/151 224/500/151
f 231/502/152 229/2173/152 226/503/152
f 228/505/153 226/2174/153 225/506/153
f 227/508/155 225/2175/155 230/509/155
f 231/511/156 232/2176/466 230/512/156
f 230/514/149 225/2177/149 226/515/90
f 228/517/150 227/2178/150 232/518/150
f 239/520/1 237/2179/1 234/521/1
f 236/523/157 234/2180/157 233/524/157
f 240/526/3 235/2181/3 233/527/3
f 240/529/158 238/2182/158 237/530/158
f 233/532/159 234/2183/159 237/533/159
f 236/535/160 235/2184/160 240/536/160
f 247/538/3 245/545/3 242/539/3
f 244/541/161 242/2185/161 241/542/161
f 248/538/1 243/572/1 241/544/1
f 248/546/162 246/2186/162 245/547/162
f 241/549/163 242/2187/163 245/550/163
f 244/552/164 243/87/164 248/553/164
f 255/555/165 253/561/165 250/556/165
f 251/558/166 252/2188/166 250/136/166
f 256/555/167 251/615/167 249/560/167
f 255/562/168 256/2189/168 254/563/168
f 249/565/169 250/1420/169 253/566/169
f 255/568/171 252/2190/171 251/569/171
f 263/571/172 261/577/172 258/544/172
f 260/573/173 258/2191/173 257/574/173
f 264/571/174 259/586/174 257/576/174
f 264/578/175 262/605/175 261/579/175
f 262/581/176 257/2192/176 258/582/176
f 260/583/177 259/581/177 264/584/177
f 268/586/3 271/592/3 269/587/3
f 268/588/178 266/2193/178 265/589/178
f 267/591/1 265/603/1 270/587/1
f 272/593/179 270/2194/179 269/594/179
f 265/596/180 266/2195/180 269/597/180
f 268/599/181 267/2196/181 272/600/181
f 276/591/182 279/607/182 277/602/182
f 275/578/183 276/608/183 274/604/183
f 275/606/184 273/1888/184 278/602/184
f 279/608/185 280/2197/185 278/609/185
f 273/584/186 274/585/186 277/610/186
f 276/612/187 275/2198/187 280/613/187
f 284/615/188 287/2199/188 285/616/188
f 284/617/189 282/2200/189 281/618/189
f 283/620/190 281/2060/190 286/621/190
f 288/623/191 286/1024/191 285/624/191
f 286/626/192 281/613/467 282/614/192
f 284/627/193 283/626/193 288/556/193
f 295/629/194 293/2201/194 290/630/194
f 292/632/195 290/2202/195 289/633/195
f 296/635/196 291/2203/196 289/636/196
f 295/638/197 296/2204/197 294/639/197
f 289/641/198 290/2205/198 293/642/198
f 292/644/199 291/2206/199 296/645/199
f 303/647/200 301/2207/200 298/648/200
f 300/650/201 298/2208/201 297/651/201
f 299/653/202 297/2209/202 302/654/202
f 304/656/203 302/2210/203 301/657/203
f 297/659/3 298/2211/3 301/660/3
f 303/662/1 300/2212/1 299/663/1
f 311/665/204 309/2213/204 306/563/204
f 308/667/205 306/2214/205 305/668/205
f 307/670/206 305/2215/206 310/671/206
f 312/673/207 310/2216/207 309/674/207
f 310/676/3 305/2217/3 306/677/3
f 308/679/1 307/2218/1 312/680/1
f 316/682/208 319/2219/208 317/683/208
f 316/685/209 314/2220/209 313/686/209
f 315/688/210 313/2221/210 318/689/210
f 320/691/211 318/2222/211 317/692/211
f 313/694/198 314/2223/198 317/695/198
f 316/697/199 315/1967/199 320/698/199
f 327/700/212 325/2224/212 322/701/212
f 323/703/213 324/2225/213 322/704/213
f 328/706/214 323/2226/214 321/707/214
f 328/709/215 326/2227/215 325/710/215
f 321/712/216 322/2228/216 325/713/216
f 327/715/217 324/2229/217 323/716/217
f 332/718/218 335/2230/218 333/719/218
f 332/721/219 330/2231/219 329/722/219
f 331/724/220 329/2232/220 334/725/220
f 336/727/221 334/2233/221 333/728/221
f 334/730/216 329/2234/216 330/731/216
f 332/733/217 331/2235/217 336/734/217
f 343/736/222 341/2236/222 338/737/222
f 340/739/223 338/2237/223 337/740/223
f 344/742/225 339/2238/225 337/743/225
f 344/745/226 342/2239/468 341/746/226
f 337/748/227 338/2240/227 341/749/227
f 340/751/228 339/1445/228 344/752/228
f 348/754/229 351/2241/229 349/755/229
f 347/757/230 348/2242/230 346/758/230
f 347/760/232 345/2243/232 350/761/232
f 351/763/233 352/2244/469 350/764/233
f 350/129/227 345/2245/227 346/766/227
f 348/768/228 347/78/228 352/769/228
f 356/771/234 359/2246/234 357/772/235
f 356/774/236 354/2247/236 353/775/236
f 355/777/237 353/2248/237 358/778/237
f 360/780/238 358/2249/238 357/781/238
f 353/783/239 354/2250/239 357/784/239
f 356/786/240 355/2251/240 360/787/240
f 367/789/241 365/2252/242 362/790/242
f 364/792/243 362/2253/243 361/793/243
f 368/795/244 363/2254/244 361/796/244
f 368/798/245 366/2255/245 365/799/245
f 366/801/246 361/1997/246 362/802/247
f 367/804/248 364/2256/248 363/805/249
f 372/807/250 375/2257/250 373/808/250
f 371/810/251 372/2258/251 370/811/251
f 371/813/252 369/2259/252 374/814/252
f 376/816/253 374/2260/253 373/817/253
f 369/819/254 370/2261/254 373/820/254
f 375/822/255 372/2262/255 371/823/255
f 383/825/256 381/2263/256 378/826/256
f 379/828/257 380/2264/257 378/829/257
f 384/831/258 379/2265/258 377/832/258
f 384/834/259 382/2266/259 381/835/259
f 382/837/254 377/2267/254 378/838/254
f 380/840/255 379/2268/255 384/841/255
f 391/843/256 389/2269/256 386/844/256
f 388/846/257 386/2270/257 385/847/257
f 392/849/258 387/2271/258 385/850/258
f 392/852/259 390/2272/259 389/853/259
f 390/855/254 385/1999/254 386/856/254
f 388/858/255 387/1098/255 392/859/255
f 399/861/256 397/2273/256 394/862/256
f 395/864/257 396/2274/257 394/865/257
f 400/867/258 395/2275/258 393/868/258
f 400/870/259 398/2276/259 397/871/259
f 398/873/254 393/2277/254 394/874/254
f 399/876/255 396/2278/255 395/877/255
f 407/879/250 405/2279/250 402/880/250
f 404/882/251 402/2280/251 401/883/251
f 403/885/252 401/2281/470 406/886/252
f 408/888/253 406/2282/253 405/889/253
f 401/891/254 402/2283/254 405/892/254
f 404/894/255 403/2284/255 408/895/255
f 412/897/250 415/2285/250 413/898/250
f 412/900/251 410/2286/251 409/901/251
f 411/903/252 409/2287/252 414/904/252
f 416/906/253 414/2288/253 413/907/253
f 409/909/254 410/2289/254 413/910/254
f 415/912/255 412/2290/255 411/913/255
f 420/915/261 423/2291/261 421/916/261
f 420/918/262 418/2292/262 417/919/262
f 419/921/263 417/2293/263 422/922/263
f 423/924/264 424/2294/264 422/925/264
f 422/927/265 417/2295/265 418/928/265
f 420/930/266 419/2296/266 424/931/266
f 431/933/267 429/2297/267 426/934/267
f 428/936/268 426/2298/268 425/937/268
f 432/939/269 427/2299/269 425/940/269
f 431/942/270 432/2300/270 430/943/270
f 425/945/265 426/2301/265 429/946/265
f 431/948/266 428/2302/266 427/949/266
f 439/951/267 437/2303/267 434/952/267
f 436/954/268 434/2304/268 433/955/268
f 440/957/269 435/2305/269 433/958/269
f 440/960/270 438/2306/270 437/961/270
f 433/963/265 434/2307/265 437/964/265
f 439/966/266 436/2308/266 435/967/266
f 447/969/267 445/2309/471 442/970/267
f 444/972/268 442/2310/268 441/973/268
f 443/975/269 441/2311/269 446/976/269
f 448/978/270 446/2312/270 445/979/270
f 441/981/265 442/2313/265 445/982/265
f 444/984/266 443/612/266 448/985/266
f 452/987/261 455/2314/261 453/988/261
f 452/990/262 450/2315/262 449/991/262
f 451/993/263 449/2316/263 454/994/263
f 455/996/264 456/2317/264 454/997/264
f 454/999/265 449/627/265 450/1000/265
f 455/1002/266 452/2318/266 451/1003/266
f 460/1005/261 463/2319/261 461/1006/261
f 460/1008/262 458/2320/262 457/1009/262
f 459/1011/263 457/2321/263 462/1012/263
f 464/1014/264 462/2322/264 461/1015/264
f 462/1017/265 457/2323/265 458/1018/265
f 460/1020/266 459/2324/266 464/1021/266
f 471/1023/272 469/2325/272 466/1024/272
f 467/1026/273 468/2326/273 466/1027/273
f 467/1028/274 465/2327/274 470/1029/274
f 471/1031/275 472/2328/275 470/1032/275
f 465/1034/276 466/2329/276 469/1035/276
f 468/1037/277 467/2330/277 472/1038/277
f 479/1040/278 477/2331/278 474/1041/278
f 476/1043/279 474/2332/279 473/1044/279
f 480/1046/280 475/2333/280 473/1047/280
f 480/1049/281 478/2334/281 477/1050/281
f 478/1052/276 473/2335/276 474/1053/276
f 476/1055/277 475/2336/277 480/1056/277
f 487/1058/278 485/2337/472 482/1059/278
f 484/1061/279 482/2338/279 481/1062/279
f 488/1064/280 483/2339/280 481/1065/280
f 487/1067/281 488/2340/281 486/1068/281
f 486/1070/276 481/2341/276 482/1071/276
f 487/1073/277 484/2342/277 483/1074/277
f 495/1076/272 493/2343/272 490/1077/272
f 492/1079/273 490/2344/273 489/1080/273
f 491/1082/274 489/2345/274 494/1083/274
f 495/1085/275 496/2346/275 494/1086/275
f 489/1088/276 490/2347/276 493/1089/276
f 492/1091/277 491/2348/277 496/1092/277
f 500/963/282 503/965/282 501/1094/282
f 500/1096/283 498/2349/283 497/1097/283
f 499/1099/284 497/2350/284 502/1100/284
f 503/1102/285 504/1153/285 502/1103/285
f 502/1105/286 497/2351/286 498/1106/286
f 503/1108/287 500/2352/287 499/1109/287
f 508/1111/282 511/2353/282 509/1112/282
f 508/1114/283 506/2354/283 505/1115/283
f 512/1117/284 507/2355/284 505/1118/284
f 512/1120/285 510/2356/285 509/1121/285
f 510/1123/286 505/2357/286 506/1124/286
f 508/1126/287 507/2358/287 512/1127/287
f 519/1129/282 517/2359/282 514/1130/282
f 516/1132/283 514/2360/283 513/1133/283
f 520/1135/284 515/2361/284 513/1136/284
f 520/1138/285 518/2362/285 517/1139/285
f 513/1141/286 514/2363/286 517/1142/286
f 516/1144/287 515/2364/287 520/1145/287
f 524/1147/288 527/1151/288 525/1099/288
f 524/1148/289 522/2365/289 521/1149/289
f 528/1150/290 523/1912/290 521/1151/290
f 527/1152/291 528/2366/291 526/1153/291
f 521/1154/286 522/2367/286 525/1155/286
f 524/1157/287 523/2368/287 528/1158/287
f 535/1160/288 533/2369/288 530/1161/288
f 531/1163/289 532/2370/289 530/1164/289
f 531/1166/290 529/2371/290 534/1167/290
f 535/1169/291 536/2372/291 534/1170/291
f 529/1172/286 530/2373/286 533/1173/286
f 532/1175/287 531/2374/287 536/1176/287
f 543/1178/288 541/2375/288 538/1179/288
f 539/1181/289 540/2376/289 538/1182/289
f 539/1184/290 537/2377/290 542/1185/290
f 543/1187/291 544/2378/291 542/1188/291
f 542/1190/286 537/2379/286 538/1191/286
f 540/1193/287 539/2380/287 544/1194/287
f 548/963/282 551/965/282 549/1094/282
f 548/1096/283 546/2349/283 545/1097/283
f 547/1099/284 545/2350/284 550/1100/284
f 551/1102/285 552/1153/285 550/1103/285
f 550/1105/286 545/2351/286 546/1106/286
f 551/1108/287 548/2352/287 547/1109/287
f 559/1196/1 557/2381/1 554/1197/1
f 556/1199/179 554/2382/179 553/1200/179
f 555/1202/3 553/2383/3 558/1203/3
f 560/1205/178 558/2384/178 557/1206/178
f 553/341/180 554/2385/180 557/1208/180
f 556/1210/181 555/2386/181 560/1211/181
f 567/1213/1 565/2387/1 562/1214/1
f 564/1216/205 562/2388/205 561/1217/205
f 568/1219/3 563/2389/3 561/1220/3
f 568/1222/207 566/2390/207 565/1223/207
f 561/1225/292 562/2391/292 565/1226/292
f 564/1228/206 563/2392/206 568/1229/206
f 575/1231/1 573/2393/1 570/1232/1
f 572/1234/293 570/2394/293 569/1235/293
f 576/1237/3 571/2395/3 569/1238/3
f 576/1240/294 574/2396/294 573/1241/294
f 569/1243/295 570/2397/295 573/1244/295
f 572/1246/296 571/2398/296 576/1247/296
f 583/1249/1 581/2399/1 578/1250/1
f 580/1252/162 578/2400/162 577/1253/162
f 579/1255/3 577/2401/3 582/1256/3
f 584/1258/161 582/2402/161 581/1259/161
f 577/1261/163 578/2403/163 581/1262/163
f 580/1264/164 579/2404/164 584/1265/164
f 588/1267/1 591/2405/1 589/1268/1
f 588/1270/201 586/2406/201 585/1271/201
f 587/1273/3 585/2407/3 590/1274/3
f 592/1276/203 590/2408/203 589/1277/203
f 585/1279/297 586/2409/297 589/1280/297
f 588/1282/202 587/2410/202 592/1283/202
f 596/1285/1 599/2411/1 597/1286/1
f 596/1288/298 594/2412/298 593/1289/298
f 595/1291/3 593/2413/3 598/1292/3
f 600/1294/299 598/2414/299 597/1295/299
f 593/1297/300 594/2415/300 597/1298/300
f 596/1300/301 595/2416/301 600/1301/301
f 607/1249/1 605/2399/1 602/1250/1
f 604/1252/162 602/2400/162 601/1253/162
f 603/1255/3 601/2401/3 606/1256/3
f 608/1258/161 606/2402/161 605/1259/161
f 601/1261/163 602/2403/163 605/1262/163
f 604/1264/164 603/2404/164 608/1265/164
f 615/1303/302 613/2417/302 610/1304/302
f 612/1306/14 610/2418/14 609/1307/14
f 611/1309/303 609/2419/303 614/1310/303
f 616/1312/15 614/2420/15 613/1313/15
f 609/1315/304 610/2421/304 613/1316/304
f 612/1318/305 611/2422/305 616/1319/305
f 620/1321/306 623/2423/306 621/1322/306
f 619/1324/307 620/2424/307 618/1325/307
f 619/1327/308 617/2425/308 622/1328/308
f 624/1330/309 622/2426/309 621/1331/309
f 617/1333/310 618/2427/310 621/1334/310
f 620/1336/311 619/1152/311 624/1337/311
f 631/1339/312 629/1447/312 626/1340/312
f 628/1342/313 626/2428/313 625/1343/313
f 632/1345/314 627/1448/314 625/1346/314
f 631/1348/315 632/1449/315 630/1349/315
f 625/1351/310 626/1450/310 629/1352/310
f 628/1354/311 627/2429/311 632/1355/311
f 639/1357/316 637/2430/316 634/1358/316
f 636/1360/317 634/1364/317 633/1361/317
f 640/1360/318 635/2431/318 633/1363/318
f 640/1365/319 638/2432/319 637/1366/319
f 638/59/320 633/2432/320 634/1368/320
f 636/1197/321 635/2433/321 640/1369/321
f 647/1371/322 645/243/322 642/1372/322
f 644/1374/14 642/165/14 641/551/14
f 643/1376/323 641/2434/323 646/1377/323
f 648/1379/15 646/1814/15 645/1380/15
f 641/1368/324 642/2435/324 645/1203/324
f 644/1382/325 643/2435/325 648/1203/325
f 652/1384/326 655/2436/326 653/1385/326
f 651/1387/327 652/1390/327 650/1388/327
f 656/1390/328 651/2437/328 649/1391/328
f 656/1392/329 654/1382/329 653/1393/329
f 649/1382/320 650/1048/320 653/1395/320
f 652/1250/321 651/1914/321 656/1396/321
f 663/1398/1 661/2438/1 658/1399/1
f 660/1401/14 658/1408/14 657/1402/14
f 659/1404/3 657/2439/3 662/1405/3
f 664/1407/15 662/1631/15 661/1408/15
f 657/1409/16 658/352/16 661/354/16
f 660/1411/17 659/79/17 664/574/17
f 671/1413/1 669/2440/1 666/1414/1
f 668/1416/14 666/41/14 665/1417/14
f 667/1419/3 665/566/3 670/1420/3
f 672/1422/15 670/2441/15 669/1423/15
f 665/1425/16 666/2442/16 669/1426/16
f 668/1428/17 667/2443/17 672/1429/17
f 679/1430/1 677/2444/1 674/1431/1
f 676/1433/14 674/1712/14 673/1434/14
f 675/1436/3 673/378/3 678/1437/3
f 680/1439/15 678/2445/15 677/1440/15
f 673/1429/16 674/171/16 677/1442/16
f 676/1444/17 675/131/17 680/1445/17
f 684/1341/312 687/1339/312 685/1447/312
f 684/1342/313 682/2428/313 681/1343/313
f 683/1448/314 681/1346/314 686/1347/314
f 688/1449/315 686/1349/315 685/1350/315
f 686/1353/310 681/1351/310 682/1450/310
f 684/1354/311 683/2429/311 688/1355/311
f 695/1451/306 693/2446/306 690/1452/306
f 691/1454/307 692/2447/307 690/1455/307
f 696/1457/308 691/2448/308 689/1458/308
f 695/1460/309 696/2449/309 694/1461/309
f 694/1463/310 689/2450/310 690/1464/310
f 692/1466/311 691/582/311 696/1467/311
f 703/1469/330 701/2451/330 698/1470/330
f 699/1472/15 700/2452/15 698/1473/15
f 699/1475/331 697/2453/331 702/1476/331
f 704/1478/14 702/2454/14 701/1479/14
f 697/1481/332 698/2455/332 701/1482/332
f 700/1484/333 699/2456/333 704/1485/333
f 711/1487/330 709/2457/330 706/1488/330
f 707/1490/15 708/2458/15 706/1491/15
f 707/1493/331 705/2459/331 710/1494/331
f 712/1496/14 710/2460/14 709/1497/14
f 705/1499/332 706/2461/332 709/1500/332
f 708/1502/333 707/2462/333 712/1503/333
f 719/1505/330 717/2463/330 714/1506/330
f 715/1508/15 716/2464/15 714/1509/15
f 715/1511/331 713/2465/331 718/1512/331
f 720/1514/14 718/2466/14 717/1515/14
f 713/1517/332 714/2467/332 717/1518/332
f 716/1520/333 715/2468/333 720/1521/333
f 727/1523/330 725/2469/330 722/1524/330
f 723/1526/15 724/2470/15 722/1527/15
f 723/1529/331 721/2471/331 726/1530/331
f 728/1532/14 726/2472/14 725/1533/14
f 721/1535/332 722/2473/332 725/1536/332
f 724/1538/333 723/2474/333 728/1539/333
f 735/1541/334 733/2475/334 730/1542/334
f 732/1544/333 730/2476/333 729/1545/333
f 736/1547/335 731/2477/335 729/1548/335
f 736/1550/332 734/2478/332 733/1551/332
f 734/1553/336 729/2479/336 730/1554/336
f 732/1556/337 731/2480/337 736/1557/337
f 740/1559/338 743/2481/338 741/1560/338
f 739/1562/339 740/2482/473 738/1563/340
f 744/1565/341 739/2483/341 737/1566/341
f 744/1568/342 742/2484/342 741/1569/342
f 737/1571/343 738/2485/343 741/1572/343
f 740/1574/344 739/2486/344 744/1575/344
f 751/1577/345 749/2487/345 746/1578/345
f 748/1580/346 746/2488/346 745/1581/346
f 747/1583/347 745/2489/347 750/1584/347
f 752/1586/348 750/2490/348 749/1587/349
f 750/1589/351 745/2491/351 746/1590/351
f 751/1592/352 748/2492/352 747/1593/352
f 759/1595/353 757/1602/353 754/1596/353
f 756/1598/14 754/2493/14 753/1599/14
f 755/1601/354 753/728/354 758/1602/354
f 759/1603/15 760/2494/15 758/1604/15
f 753/1606/355 754/2495/355 757/1607/355
f 756/1609/356 755/2496/356 760/1610/356
f 764/1612/357 767/2497/357 765/1613/357
f 763/1615/358 764/2498/474 762/1616/358
f 763/1618/359 761/2499/359 766/1619/359
f 768/1621/360 766/2500/360 765/1622/360
f 761/1624/355 762/2501/355 765/1625/355
f 764/1627/356 763/2502/356 768/1628/356
f 775/1630/361 773/2503/361 770/1631/361
f 771/1633/362 772/2504/362 770/1634/362
f 771/1636/363 769/2505/363 774/1637/363
f 776/1639/364 774/2506/364 773/1640/364
f 769/1642/355 770/2507/355 773/1643/355
f 775/1645/356 772/2508/356 771/1646/356
f 780/1648/357 783/2509/357 781/1649/357
f 779/1651/358 780/2510/358 778/1652/358
f 779/1654/359 777/2511/359 782/1655/359
f 783/1657/360 784/2512/360 782/1658/360
f 777/1660/355 778/2513/355 781/1661/355
f 780/1663/366 779/2514/356 784/1664/366
f 791/1666/361 789/2515/361 786/1667/361
f 788/1669/362 786/2516/362 785/1670/362
f 792/1672/363 787/2517/363 785/1673/363
f 792/1675/364 790/2518/364 789/1676/364
f 790/1678/355 785/2519/355 786/1679/355
f 791/1681/367 788/2520/367 787/1682/367
f 799/1684/368 797/2521/369 794/1685/369
f 795/1687/370 796/2522/370 794/1688/370
f 795/1690/372 793/2523/372 798/1691/372
f 799/1693/373 800/2524/373 798/1694/373
f 793/1696/374 794/2525/375 797/1697/375
f 799/1699/376 796/2526/376 795/1700/377
f 804/1702/378 807/2527/378 805/1703/379
f 804/1705/380 802/2528/380 801/1706/380
f 808/1708/381 803/2529/381 801/1709/381
f 808/1711/382 806/2530/382 805/1712/382
f 801/1714/383 802/2531/383 805/1715/383
f 804/1717/384 803/2532/384 808/1718/384
f 812/1720/385 815/2533/385 813/1721/385
f 812/1723/386 810/2534/386 809/1724/386
f 816/1726/388 811/2535/388 809/1727/388
f 816/1729/389 814/2536/389 813/1730/389
f 809/1732/390 810/2537/391 813/1733/391
f 815/1735/392 812/2538/392 811/1736/393
f 823/1738/394 821/2539/394 818/1739/394
f 819/1741/395 820/2540/395 818/1742/395
f 824/1744/396 819/2541/396 817/1745/397
f 824/1747/398 822/2542/398 821/1748/398
f 817/1750/399 818/2543/400 821/1751/400
f 823/1753/401 820/2544/401 819/1754/401
f 828/1756/403 831/2545/403 829/1757/403
f 828/1759/404 826/2546/404 825/1760/404
f 832/1762/405 827/2547/405 825/1763/405
f 831/1765/406 832/2548/406 830/1766/406
f 825/1767/407 826/2549/407 829/1768/407
f 828/1770/408 827/2550/408 832/1771/408
f 836/1773/409 839/2551/409 837/1774/410
f 836/1776/411 834/2552/411 833/1777/411
f 840/1779/412 835/2553/412 833/1780/412
f 840/1782/413 838/2554/475 837/1783/413
f 838/1785/414 833/2555/414 834/1786/415
f 836/1788/416 835/2556/417 840/1789/417
f 847/1791/418 845/2557/419 842/1792/419
f 843/1794/420 844/2558/420 842/1795/420
f 843/1797/421 841/2559/421 846/1798/421
f 847/1800/422 848/2560/422 846/1801/422
f 841/1803/423 842/2561/423 845/1804/423
f 844/1806/424 843/2562/424 848/1807/424
f 855/1809/425 853/2563/425 850/1810/425
f 851/1812/426 852/2564/426 850/1813/426
f 851/1815/427 849/2565/427 854/1816/427
f 856/1818/428 854/2566/476 853/1819/428
f 854/1821/429 849/2567/429 850/1822/430
f 852/1824/431 851/2568/432 856/1825/432
f 860/1827/433 863/2569/433 861/1828/433
f 860/1830/434 858/2570/434 857/1831/434
f 859/1833/435 857/2571/436 862/1834/436
f 864/1836/437 862/2572/437 861/1837/437
f 862/1839/438 857/2573/438 858/1840/439
f 860/1842/440 859/2574/477 864/1843/440
f 871/1845/441 869/2575/441 866/1846/441
f 868/1848/442 866/2576/442 865/1610/442
f 867/1850/443 865/2577/443 870/1851/443
f 872/1853/444 870/2578/444 869/1854/444
f 865/1856/445 866/2579/446 869/1857/446
f 868/1859/447 867/2580/447 872/1860/447
f 876/1862/1 879/2581/1 877/1863/1
f 876/1865/448 874/2582/448 873/73/448
f 875/1867/3 873/2583/3 878/1868/3
f 880/1870/449 878/2584/449 877/1871/449
f 873/1873/450 874/2585/450 877/1874/450
f 876/1876/451 875/2586/451 880/1877/451
f 887/1879/1 885/2587/1 882/1880/1
f 884/1882/448 882/2588/448 881/1883/448
f 888/1884/3 883/1964/3 881/1879/3
f 888/1885/449 886/2589/449 885/1886/449
f 881/1888/450 882/2590/450 885/1889/450
f 884/1891/451 883/2591/451 888/1892/451
f 895/1894/1 893/2592/1 890/1895/1
f 892/1897/452 890/2593/452 889/1898/452
f 896/1900/3 891/2594/3 889/1901/3
f 896/1903/453 894/2595/453 893/1904/453
f 889/616/454 890/2596/454 893/1906/454
f 892/1908/455 891/2597/455 896/1909/455
f 900/1911/1 903/2598/1 901/1912/1
f 900/1913/452 898/2599/452 897/1391/452
f 899/1915/3 897/2600/3 902/1916/3
f 904/1918/453 902/2601/453 901/1919/453
f 897/1921/454 898/2602/454 901/1922/454
f 900/1924/455 899/2603/455 904/1925/455
f 908/1927/1 911/2604/1 909/1928/1
f 908/1930/448 906/2605/448 905/1931/448
f 907/1933/3 905/2606/3 910/1934/3
f 912/1936/449 910/2607/449 909/1937/449
f 905/1939/450 906/2608/450 909/1940/450
f 908/1942/451 907/2609/451 912/1943/451
f 919/1945/1 917/2610/1 914/1946/1
f 916/1948/157 914/2611/157 913/1949/157
f 920/1951/3 915/2612/3 913/1952/3
f 920/1954/158 918/2613/158 917/1955/158
f 913/1957/159 914/2614/159 917/1958/159
f 916/1960/160 915/2615/160 920/1961/160
f 924/1963/1 927/2616/1 925/1964/1
f 924/1965/157 922/2617/157 921/1966/157
f 923/1968/3 921/2616/3 926/1963/3
f 928/1969/158 926/2618/158 925/1970/158
f 921/1972/159 922/355/159 925/1973/159
f 924/1975/160 923/2619/160 928/1976/160
f 932/1978/1 935/2620/1 933/1979/1
f 932/1981/456 930/2621/456 929/1982/456
f 931/1984/3 929/2622/3 934/1985/3
f 936/1987/457 934/2623/457 933/1988/457
f 929/1990/458 930/2624/458 933/1991/458
f 932/1993/459 931/2625/459 936/1994/459
f 943/1996/1 941/1915/1 938/1917/1
f 940/1998/456 938/2626/456 937/1426/456
f 944/1999/3 939/855/3 937/2000/3
f 944/2002/457 942/1918/457 941/1920/457
f 937/2003/458 938/2627/458 941/2004/458
f 940/2006/459 939/2628/459 944/2007/459
