# Blender 4.4.3
# www.blender.org
mtllib defender_ii.mtl
o defender_ii
v 0.156250 0.743113 0.305084
v 0.156250 0.939437 0.386404
v 0.156250 0.747896 0.293535
v 0.156250 0.944221 0.374856
v -0.156250 0.939437 0.386404
v -0.156250 0.743113 0.305084
v -0.156250 0.944221 0.374856
v -0.156250 0.747896 0.293535
v 0.250000 1.250000 -0.100000
v 0.250000 1.250000 -0.225000
v 0.250000 0.750000 -0.100000
v 0.250000 0.750000 -0.225000
v -0.250000 1.250000 -0.225000
v -0.250000 1.250000 -0.100000
v -0.250000 0.750000 -0.225000
v -0.250000 0.750000 -0.100000
v 0.156250 1.437383 -0.120490
v 0.156250 1.450377 -0.181624
v 0.156250 1.235640 -0.163371
v 0.156250 1.248634 -0.224506
v -0.156250 1.450377 -0.181624
v -0.156250 1.437383 -0.120490
v -0.156250 1.248634 -0.224506
v -0.156250 1.235640 -0.163371
v -0.156641 1.570634 -0.059100
v -0.155147 1.584849 -0.126348
v -0.031461 1.159934 -0.143137
v -0.029967 1.174150 -0.210385
v -0.322788 1.536602 -0.140271
v -0.324282 1.522386 -0.073024
v -0.197608 1.125903 -0.224309
v -0.199102 1.111687 -0.157061
v -0.170053 1.555863 0.075000
v -0.185983 1.614920 0.062164
v -0.145340 1.522777 -0.107895
v -0.161270 1.581834 -0.120732
v -0.347637 1.568396 0.048738
v -0.331706 1.509339 0.061574
v -0.322924 1.535310 -0.134158
v -0.306993 1.476253 -0.121322
v -0.186082 1.616107 0.058878
v -0.168052 1.557628 0.046174
v -0.186379 1.593464 0.162686
v -0.168349 1.534985 0.149982
v -0.329627 1.510161 0.035357
v -0.347657 1.568640 0.048061
v -0.329924 1.487518 0.139166
v -0.347954 1.545997 0.151870
v -0.186379 1.593464 0.162686
v -0.180941 1.589103 0.100576
v -0.102143 1.300356 0.190638
v -0.096705 1.295996 0.128528
v -0.342516 1.541637 0.089760
v -0.347954 1.545997 0.151870
v -0.258280 1.248529 0.117712
v -0.263718 1.252890 0.179822
v -0.176864 1.555243 0.080599
v -0.194387 1.620206 0.066480
v -0.152151 1.522157 -0.102296
v -0.169674 1.587119 -0.116416
v -0.344066 1.577128 0.054048
v -0.326543 1.512165 0.068167
v -0.319353 1.544041 -0.128848
v -0.301830 1.479079 -0.114728
v 0.324282 1.522386 -0.073024
v 0.322788 1.536602 -0.140271
v 0.199102 1.111687 -0.157061
v 0.197608 1.125903 -0.224309
v 0.155147 1.584849 -0.126348
v 0.156641 1.570634 -0.059100
v 0.029967 1.174150 -0.210385
v 0.031461 1.159934 -0.143137
v 0.316437 1.508374 0.038182
v 0.333960 1.573336 0.024062
v 0.295019 1.479699 -0.120327
v 0.312542 1.544662 -0.134447
v 0.196256 1.612968 0.035500
v 0.178732 1.548006 0.049619
v 0.174838 1.584293 -0.123010
v 0.157314 1.519331 -0.108890
v 0.331706 1.509339 0.061574
v 0.347637 1.568396 0.048738
v 0.306993 1.476253 -0.121322
v 0.322924 1.535310 -0.134158
v 0.185983 1.614920 0.062164
v 0.170053 1.555863 0.075000
v 0.161270 1.581834 -0.120732
v 0.145340 1.522777 -0.107895
v 0.347657 1.568640 0.048061
v 0.329627 1.510161 0.035357
v 0.347954 1.545997 0.151870
v 0.329924 1.487518 0.139166
v 0.168052 1.557628 0.046174
v 0.186082 1.616107 0.058878
v 0.168349 1.534985 0.149982
v 0.186379 1.593464 0.162686
v 0.347954 1.545997 0.151870
v 0.342516 1.541637 0.089760
v 0.263718 1.252890 0.179822
v 0.258280 1.248529 0.117712
v 0.180941 1.589103 0.100576
v 0.186379 1.593464 0.162686
v 0.096705 1.295996 0.128528
v 0.102143 1.300356 0.190638
v 0.265625 1.437500 0.200000
v 0.265625 1.437500 0.106250
v 0.265625 0.750000 0.200000
v 0.265625 0.750000 0.106250
v -0.265625 1.437500 0.106250
v -0.265625 1.437500 0.200000
v -0.265625 0.750000 0.106250
v -0.265625 0.750000 0.200000
v -0.250000 1.062500 0.150000
v -0.250000 1.062500 -0.162500
v -0.250000 0.812500 0.150000
v -0.250000 0.812500 -0.162500
v -0.312500 1.062500 -0.162500
v -0.312500 1.062500 0.150000
v -0.312500 0.812500 -0.162500
v -0.312500 0.812500 0.150000
v -0.268306 1.062500 -0.118306
v -0.197595 1.062500 -0.189017
v -0.268306 0.812500 -0.118306
v -0.197595 0.812500 -0.189017
v -0.241789 1.062500 -0.233211
v -0.312500 1.062500 -0.162500
v -0.241789 0.812500 -0.233211
v -0.312500 0.812500 -0.162500
v -0.250000 1.062500 -0.178125
v -0.103125 1.062500 -0.178125
v -0.250000 0.812500 -0.178125
v -0.103125 0.812500 -0.178125
v -0.103125 1.062500 -0.240625
v -0.250000 1.062500 -0.240625
v -0.103125 0.812500 -0.240625
v -0.250000 0.812500 -0.240625
v -0.226712 1.205980 -0.101894
v -0.210012 1.047464 -0.212043
v -0.259901 1.033491 0.141305
v -0.243202 0.874975 0.031156
v -0.259518 1.047115 -0.219047
v -0.276218 1.205631 -0.108898
v -0.292708 0.874626 0.024153
v -0.309407 1.033142 0.134302
v 0.276218 1.205631 -0.108898
v 0.259518 1.047115 -0.219047
v 0.309407 1.033142 0.134302
v 0.292708 0.874626 0.024153
v 0.210012 1.047464 -0.212043
v 0.226712 1.205980 -0.101894
v 0.243202 0.874975 0.031156
v 0.259901 1.033491 0.141305
v 0.312500 1.062500 0.150000
v 0.312500 1.062500 -0.162500
v 0.312500 0.812500 0.150000
v 0.312500 0.812500 -0.162500
v 0.250000 1.062500 -0.162500
v 0.250000 1.062500 0.150000
v 0.250000 0.812500 -0.162500
v 0.250000 0.812500 0.150000
v 0.250000 1.062500 -0.240625
v 0.103125 1.062500 -0.240625
v 0.250000 0.812500 -0.240625
v 0.103125 0.812500 -0.240625
v 0.103125 1.062500 -0.178125
v 0.250000 1.062500 -0.178125
v 0.103125 0.812500 -0.178125
v 0.250000 0.812500 -0.178125
v 0.312500 1.062500 -0.162500
v 0.241789 1.062500 -0.233211
v 0.312500 0.812500 -0.162500
v 0.241789 0.812500 -0.233211
v 0.197595 1.062500 -0.189017
v 0.268306 1.062500 -0.118306
v 0.197595 0.812500 -0.189017
v 0.268306 0.812500 -0.118306
v -0.185897 1.432976 -0.177201
v -0.187911 1.449988 -0.224174
v -0.158567 1.276785 -0.234941
v -0.160581 1.293797 -0.281915
v -0.292671 1.432357 -0.226068
v -0.290657 1.415345 -0.179094
v -0.265341 1.276166 -0.283808
v -0.263327 1.259154 -0.236835
v -0.208848 1.493003 -0.167782
v -0.209855 1.501509 -0.191268
v -0.191640 1.394661 -0.204137
v -0.192647 1.403167 -0.227623
v -0.234504 1.497361 -0.191714
v -0.233497 1.488855 -0.168227
v -0.217296 1.399019 -0.228069
v -0.216289 1.390512 -0.204582
v -0.245629 1.667638 -0.109608
v -0.246133 1.671891 -0.121352
v -0.208176 1.453599 -0.188734
v -0.208680 1.457852 -0.200478
v -0.258458 1.669817 -0.121575
v -0.257954 1.665564 -0.109831
v -0.221005 1.455778 -0.200701
v -0.220501 1.451524 -0.188957
v 0.146839 1.387458 -0.187500
v 0.146839 1.387458 -0.250000
v 0.174958 1.265661 -0.187500
v 0.174958 1.265661 -0.250000
v 0.067671 1.369180 -0.250000
v 0.067671 1.369180 -0.187500
v 0.095790 1.247384 -0.250000
v 0.095790 1.247384 -0.187500
v 0.171875 1.562500 -0.125000
v 0.171875 1.562500 -0.193750
v 0.171875 1.437500 -0.125000
v 0.171875 1.437500 -0.193750
v -0.171875 1.562500 -0.193750
v -0.171875 1.562500 -0.125000
v -0.171875 1.437500 -0.193750
v -0.171875 1.437500 -0.125000
v 0.125000 1.437500 -0.181250
v 0.125000 1.437500 -0.206250
v 0.125000 1.312500 -0.181250
v 0.125000 1.312500 -0.206250
v -0.125000 1.437500 -0.206250
v -0.125000 1.437500 -0.181250
v -0.125000 1.312500 -0.206250
v -0.125000 1.312500 -0.181250
v 0.031250 1.429124 -0.165228
v 0.031250 1.435213 -0.208552
v 0.031250 1.187746 -0.199152
v 0.031250 1.193835 -0.242476
v -0.031250 1.435213 -0.208552
v -0.031250 1.429124 -0.165228
v -0.031250 1.193835 -0.242476
v -0.031250 1.187746 -0.199152
v 0.171875 1.562500 0.243750
v 0.171875 1.562500 0.175000
v 0.171875 1.437500 0.243750
v 0.171875 1.437500 0.175000
v -0.171875 1.562500 0.175000
v -0.171875 1.562500 0.243750
v -0.171875 1.437500 0.175000
v -0.171875 1.437500 0.243750
v -0.031250 1.463443 0.156417
v -0.031250 1.464588 0.200152
v -0.031250 1.219777 0.162798
v -0.031250 1.220922 0.206533
v 0.031250 1.464588 0.200152
v 0.031250 1.463443 0.156417
v 0.031250 1.220922 0.206533
v 0.031250 1.219777 0.162798
v -0.212500 0.746080 -0.137705
v -0.212500 0.750653 -0.181216
v -0.212500 0.621765 -0.150772
v -0.212500 0.626338 -0.194282
v -0.250000 0.750653 -0.181216
v -0.250000 0.746080 -0.137705
v -0.250000 0.626338 -0.194282
v -0.250000 0.621765 -0.150772
v -0.081250 0.747177 -0.166585
v -0.081250 0.748266 -0.179038
v -0.081250 0.541712 -0.184561
v -0.081250 0.542801 -0.197014
v -0.212500 0.748266 -0.179038
v -0.212500 0.747177 -0.166585
v -0.212500 0.542801 -0.197014
v -0.212500 0.541712 -0.184561
v -0.214403 0.629602 -0.147741
v -0.214403 0.635690 -0.191065
v -0.166568 0.515241 -0.163813
v -0.166568 0.521329 -0.207138
v -0.249049 0.621480 -0.193062
v -0.249049 0.615391 -0.149738
v -0.201213 0.507118 -0.209135
v -0.201213 0.501030 -0.165811
v -0.175628 0.528223 -0.161989
v -0.175628 0.534312 -0.205313
v -0.087240 0.440695 -0.174290
v -0.087240 0.446784 -0.217614
v -0.202145 0.508053 -0.209003
v -0.202145 0.501965 -0.165679
v -0.113756 0.420525 -0.221305
v -0.113756 0.414436 -0.177980
v -0.030936 0.493100 -0.188814
v -0.030936 0.493644 -0.195040
v -0.083969 0.440268 -0.193436
v -0.083969 0.440813 -0.199662
v -0.132583 0.594904 -0.186181
v -0.132583 0.594359 -0.179955
v -0.185616 0.542073 -0.190803
v -0.185616 0.541528 -0.184577
v -0.103241 0.447823 -0.173288
v -0.103241 0.453911 -0.216613
v 0.012243 0.400453 -0.179946
v 0.012243 0.406542 -0.223270
v -0.117592 0.419603 -0.221434
v -0.117592 0.413514 -0.178110
v -0.002107 0.372233 -0.228092
v -0.002107 0.366144 -0.184767
v 0.081250 0.747177 -0.166585
v 0.081250 0.748266 -0.179038
v 0.081250 0.404735 -0.196545
v 0.081250 0.405824 -0.208997
v -0.081250 0.748266 -0.179038
v -0.081250 0.747177 -0.166585
v -0.081250 0.405824 -0.208997
v -0.081250 0.404735 -0.196545
v 0.117592 0.413514 -0.178110
v 0.117592 0.419603 -0.221434
v 0.002107 0.366144 -0.184767
v 0.002107 0.372233 -0.228092
v 0.103241 0.453911 -0.216613
v 0.103241 0.447823 -0.173288
v -0.012243 0.406542 -0.223270
v -0.012243 0.400453 -0.179946
v 0.202145 0.501965 -0.165679
v 0.202145 0.508053 -0.209003
v 0.113756 0.414436 -0.177980
v 0.113756 0.420525 -0.221305
v 0.175628 0.534312 -0.205313
v 0.175628 0.528223 -0.161989
v 0.087240 0.446784 -0.217614
v 0.087240 0.440695 -0.174290
v 0.132583 0.594359 -0.179955
v 0.132583 0.594904 -0.186181
v 0.185616 0.541528 -0.184577
v 0.185616 0.542073 -0.190803
v 0.030936 0.493644 -0.195040
v 0.030936 0.493100 -0.188814
v 0.083969 0.440813 -0.199662
v 0.083969 0.440268 -0.193436
v 0.249049 0.615391 -0.149738
v 0.249049 0.621480 -0.193062
v 0.201213 0.501030 -0.165811
v 0.201213 0.507118 -0.209135
v 0.214403 0.635690 -0.191065
v 0.214403 0.629602 -0.147741
v 0.166568 0.521329 -0.207138
v 0.166568 0.515241 -0.163813
v 0.212500 0.747177 -0.166585
v 0.212500 0.748266 -0.179038
v 0.212500 0.541712 -0.184561
v 0.212500 0.542801 -0.197014
v 0.081250 0.748266 -0.179038
v 0.081250 0.747177 -0.166585
v 0.081250 0.542801 -0.197014
v 0.081250 0.541712 -0.184561
v 0.250000 0.747005 -0.143894
v 0.250000 0.751198 -0.187443
v 0.250000 0.622580 -0.155875
v 0.250000 0.626774 -0.199423
v 0.212500 0.751198 -0.187443
v 0.212500 0.747005 -0.143894
v 0.212500 0.626774 -0.199423
v 0.212500 0.622580 -0.155875
v 0.281250 1.015625 0.213388
v 0.325444 1.015625 0.169194
v 0.281250 0.953125 0.213388
v 0.325444 0.953125 0.169194
v 0.281250 1.015625 0.125000
v 0.237056 1.015625 0.169194
v 0.281250 0.953125 0.125000
v 0.237056 0.953125 0.169194
v 0.281250 0.875000 0.213388
v 0.325444 0.875000 0.169194
v 0.281250 0.812500 0.213388
v 0.325444 0.812500 0.169194
v 0.281250 0.875000 0.125000
v 0.237056 0.875000 0.169194
v 0.281250 0.812500 0.125000
v 0.237056 0.812500 0.169194
v -0.237056 0.875000 0.169194
v -0.281250 0.875000 0.125000
v -0.237056 0.812500 0.169194
v -0.281250 0.812500 0.125000
v -0.325444 0.875000 0.169194
v -0.281250 0.875000 0.213388
v -0.325444 0.812500 0.169194
v -0.281250 0.812500 0.213388
v -0.237056 1.015625 0.169194
v -0.281250 1.015625 0.125000
v -0.237056 0.953125 0.169194
v -0.281250 0.953125 0.125000
v -0.325444 1.015625 0.169194
v -0.281250 1.015625 0.213388
v -0.325444 0.953125 0.169194
v -0.281250 0.953125 0.213388
v 0.062500 0.981250 -0.218750
v 0.062500 0.981250 -0.250000
v 0.062500 0.856250 -0.218750
v 0.062500 0.856250 -0.250000
v -0.062500 0.981250 -0.250000
v -0.062500 0.981250 -0.218750
v -0.062500 0.856250 -0.250000
v -0.062500 0.856250 -0.218750
v -0.062500 0.996875 -0.218750
v -0.062500 0.996875 -0.250000
v -0.062500 0.840625 -0.218750
v -0.062500 0.840625 -0.250000
v -0.250000 0.996875 -0.250000
v -0.250000 0.996875 -0.218750
v -0.250000 0.840625 -0.250000
v -0.250000 0.840625 -0.218750
v -0.230584 0.996875 -0.229236
v -0.248261 0.996875 -0.246913
v -0.230584 0.840625 -0.229236
v -0.248261 0.840625 -0.246913
v -0.327811 0.996875 -0.167364
v -0.310133 0.996875 -0.149686
v -0.327811 0.840625 -0.167364
v -0.310133 0.840625 -0.149686
v -0.303125 0.996875 -0.165625
v -0.328125 0.996875 -0.165625
v -0.303125 0.840625 -0.165625
v -0.328125 0.840625 -0.165625
v -0.328125 0.996875 0.165625
v -0.303125 0.996875 0.165625
v -0.328125 0.840625 0.165625
v -0.303125 0.840625 0.165625
v -0.279197 0.996875 0.215977
v -0.261520 0.996875 0.198299
v -0.279197 0.840625 0.215977
v -0.261520 0.840625 0.198299
v -0.310133 0.996875 0.149686
v -0.327811 0.996875 0.167364
v -0.310133 0.840625 0.149686
v -0.327811 0.840625 0.167364
v 0.275000 1.059375 0.218750
v 0.275000 1.059375 0.200000
v 0.275000 0.778125 0.218750
v 0.275000 0.778125 0.200000
v -0.275000 1.059375 0.200000
v -0.275000 1.059375 0.218750
v -0.275000 0.778125 0.200000
v -0.275000 0.778125 0.218750
v -0.100000 1.271875 0.218750
v -0.100000 1.271875 0.200000
v -0.100000 1.059375 0.218750
v -0.100000 1.059375 0.200000
v -0.150000 1.271875 0.200000
v -0.150000 1.271875 0.218750
v -0.150000 1.059375 0.200000
v -0.150000 1.059375 0.218750
v 0.228125 1.396875 0.231250
v 0.228125 1.396875 0.200000
v 0.228125 1.271875 0.231250
v 0.228125 1.271875 0.200000
v -0.228125 1.396875 0.200000
v -0.228125 1.396875 0.231250
v -0.228125 1.271875 0.200000
v -0.228125 1.271875 0.231250
v -0.123152 1.384197 0.230727
v -0.121187 1.379079 0.212796
v -0.239850 1.339401 0.230727
v -0.237885 1.334283 0.212796
v -0.206865 1.602276 0.139704
v -0.208829 1.607394 0.157634
v -0.323562 1.557480 0.139704
v -0.325527 1.562598 0.157634
v -0.208602 1.606802 0.157064
v -0.202006 1.589619 0.153486
v -0.325300 1.562006 0.157064
v -0.318704 1.544823 0.153486
v -0.210126 1.610773 0.036918
v -0.216722 1.627956 0.040495
v -0.326824 1.565977 0.036918
v -0.333420 1.583160 0.040495
v -0.216599 1.627634 0.040501
v -0.210052 1.610578 0.044719
v -0.333296 1.582838 0.040501
v -0.326749 1.565782 0.044719
v -0.195440 1.572514 -0.131885
v -0.201987 1.589570 -0.136103
v -0.312138 1.527718 -0.131885
v -0.318685 1.544774 -0.136103
v -0.198485 1.575678 -0.136794
v -0.197352 1.570448 -0.118824
v -0.322149 1.557625 -0.134253
v -0.321016 1.552396 -0.116282
v -0.164997 1.339033 -0.188210
v -0.166129 1.344263 -0.206180
v -0.288660 1.320981 -0.185668
v -0.289793 1.326211 -0.203638
v -0.180308 1.217734 -0.242539
v -0.178921 1.217433 -0.223843
v -0.242596 1.215401 -0.237958
v -0.241210 1.215100 -0.219262
v -0.170811 0.992619 -0.228056
v -0.172197 0.992919 -0.246753
v -0.233099 0.990286 -0.223475
v -0.234485 0.990586 -0.242172
v 0.150000 1.271875 0.218750
v 0.150000 1.271875 0.200000
v 0.150000 1.059375 0.218750
v 0.150000 1.059375 0.200000
v 0.100000 1.271875 0.200000
v 0.100000 1.271875 0.218750
v 0.100000 1.059375 0.200000
v 0.100000 1.059375 0.218750
v -0.198014 1.346127 -0.205311
v -0.195912 1.341047 -0.187385
v -0.259564 1.336201 -0.200906
v -0.257462 1.331120 -0.182981
v -0.178490 1.216439 -0.224746
v -0.180592 1.221519 -0.242672
v -0.240039 1.206512 -0.220342
v -0.242141 1.211593 -0.238268
v -0.238511 1.359410 -0.196797
v -0.236409 1.354329 -0.178871
v -0.238319 1.299285 -0.213861
v -0.236217 1.294204 -0.195936
v 0.005804 1.362504 -0.204957
v 0.003702 1.367585 -0.222883
v 0.005995 1.302379 -0.222021
v 0.003893 1.307460 -0.239947
v 0.166129 1.344263 -0.206180
v 0.164997 1.339033 -0.188210
v 0.289793 1.326211 -0.203638
v 0.288660 1.320981 -0.185668
v 0.197352 1.570448 -0.118824
v 0.198485 1.575678 -0.136794
v 0.321016 1.552396 -0.116282
v 0.322149 1.557625 -0.134253
v -0.003702 1.367585 -0.222883
v -0.005804 1.362504 -0.204957
v -0.003893 1.307460 -0.239947
v -0.005995 1.302379 -0.222021
v 0.236409 1.354329 -0.178871
v 0.238511 1.359410 -0.196797
v 0.236217 1.294204 -0.195936
v 0.238319 1.299285 -0.213861
v 0.180592 1.221519 -0.242672
v 0.178490 1.216439 -0.224746
v 0.242141 1.211593 -0.238268
v 0.240039 1.206512 -0.220342
v 0.195912 1.341047 -0.187385
v 0.198014 1.346127 -0.205311
v 0.257462 1.331120 -0.182981
v 0.259564 1.336201 -0.200906
v 0.172197 0.992919 -0.246753
v 0.170811 0.992619 -0.228056
v 0.234485 0.990586 -0.242172
v 0.233099 0.990286 -0.223475
v 0.178921 1.217433 -0.223843
v 0.180308 1.217734 -0.242539
v 0.241210 1.215100 -0.219262
v 0.242596 1.215401 -0.237958
v 0.250000 0.996875 -0.218750
v 0.250000 0.996875 -0.250000
v 0.250000 0.840625 -0.218750
v 0.250000 0.840625 -0.250000
v 0.062500 0.996875 -0.250000
v 0.062500 0.996875 -0.218750
v 0.062500 0.840625 -0.250000
v 0.062500 0.840625 -0.218750
v 0.310133 0.996875 -0.149686
v 0.327811 0.996875 -0.167364
v 0.310133 0.840625 -0.149686
v 0.327811 0.840625 -0.167364
v 0.248261 0.996875 -0.246913
v 0.230584 0.996875 -0.229236
v 0.248261 0.840625 -0.246913
v 0.230584 0.840625 -0.229236
v 0.303125 0.996875 0.165625
v 0.328125 0.996875 0.165625
v 0.303125 0.840625 0.165625
v 0.328125 0.840625 0.165625
v 0.328125 0.996875 -0.165625
v 0.303125 0.996875 -0.165625
v 0.328125 0.840625 -0.165625
v 0.303125 0.840625 -0.165625
v 0.201987 1.589570 -0.136103
v 0.195440 1.572514 -0.131885
v 0.318685 1.544774 -0.136103
v 0.312138 1.527718 -0.131885
v 0.210052 1.610578 0.044719
v 0.216599 1.627634 0.040501
v 0.326749 1.565782 0.044719
v 0.333296 1.582838 0.040501
v 0.216722 1.627956 0.040495
v 0.210126 1.610773 0.036918
v 0.333420 1.583160 0.040495
v 0.326824 1.565977 0.036918
v 0.202006 1.589619 0.153486
v 0.208602 1.606802 0.157064
v 0.318704 1.544823 0.153486
v 0.325300 1.562006 0.157064
v 0.208829 1.607394 0.157634
v 0.206865 1.602276 0.139704
v 0.325527 1.562598 0.157634
v 0.323562 1.557480 0.139704
v 0.121187 1.379079 0.212796
v 0.123152 1.384197 0.230727
v 0.237885 1.334283 0.212796
v 0.239850 1.339401 0.230727
v 0.327811 0.996875 0.167364
v 0.310133 0.996875 0.149686
v 0.327811 0.840625 0.167364
v 0.310133 0.840625 0.149686
v 0.261520 0.996875 0.198299
v 0.279197 0.996875 0.215977
v 0.261520 0.840625 0.198299
v 0.279197 0.840625 0.215977
v -0.090208 1.021359 -0.247965
v -0.127055 1.036147 -0.346518
v -0.090817 1.008981 -0.249595
v -0.127665 1.023768 -0.348148
v -0.302681 1.036147 -0.280854
v -0.265834 1.021359 -0.182301
v -0.303291 1.023768 -0.282484
v -0.266443 1.008981 -0.183931
v -0.109285 1.006250 -0.254373
v -0.142117 1.006250 -0.342186
v -0.109285 0.731250 -0.254373
v -0.142117 0.731250 -0.342186
v -0.288472 1.006250 -0.287466
v -0.255640 1.006250 -0.199653
v -0.288472 0.731250 -0.287466
v -0.255640 0.731250 -0.199653
v -0.127055 1.036147 -0.346518
v -0.133148 0.912363 -0.362813
v -0.122720 1.034407 -0.334924
v -0.128813 0.910623 -0.351219
v -0.308774 0.912363 -0.297149
v -0.302681 1.036147 -0.280854
v -0.304439 0.910623 -0.285555
v -0.298346 1.034407 -0.269260
v 0.255640 1.006250 -0.199653
v 0.288472 1.006250 -0.287466
v 0.255640 0.731250 -0.199653
v 0.288472 0.731250 -0.287466
v 0.142117 1.006250 -0.342186
v 0.109285 1.006250 -0.254373
v 0.142117 0.731250 -0.342186
v 0.109285 0.731250 -0.254373
v 0.302681 1.036147 -0.280854
v 0.308774 0.912363 -0.297149
v 0.298346 1.034407 -0.269260
v 0.304439 0.910623 -0.285555
v 0.133148 0.912363 -0.362813
v 0.127055 1.036147 -0.346518
v 0.128813 0.910623 -0.351219
v 0.122720 1.034407 -0.334924
v 0.265834 1.021359 -0.182301
v 0.302681 1.036147 -0.280854
v 0.266443 1.008981 -0.183931
v 0.303291 1.023768 -0.282484
v 0.127055 1.036147 -0.346518
v 0.090208 1.021359 -0.247965
v 0.127665 1.023768 -0.348148
v 0.090817 1.008981 -0.249595
v 0.302710 1.006250 -0.052096
v 0.391082 1.006250 -0.083391
v 0.302710 0.731250 -0.052096
v 0.391082 0.731250 -0.083391
v 0.338925 1.006250 -0.230679
v 0.250552 1.006250 -0.199384
v 0.338925 0.731250 -0.230678
v 0.250552 0.731250 -0.199384
v 0.395151 1.036147 -0.068256
v 0.411550 0.912363 -0.074063
v 0.383483 1.034407 -0.064124
v 0.399882 0.910623 -0.069931
v 0.348961 0.912363 -0.250808
v 0.332563 1.036147 -0.245001
v 0.337293 0.910623 -0.246676
v 0.320894 1.034407 -0.240869
v 0.295970 1.021359 -0.033134
v 0.395151 1.036147 -0.068256
v 0.297610 1.008981 -0.033715
v 0.396791 1.023768 -0.068837
v 0.332563 1.036147 -0.245001
v 0.233382 1.021359 -0.209879
v 0.334202 1.023768 -0.245582
v 0.235022 1.008981 -0.210460
v -0.250552 1.006250 -0.199384
v -0.338925 1.006250 -0.230679
v -0.250552 0.731250 -0.199384
v -0.338925 0.731250 -0.230678
v -0.391082 1.006250 -0.083391
v -0.302710 1.006250 -0.052096
v -0.391082 0.731250 -0.083391
v -0.302710 0.731250 -0.052096
v -0.332563 1.036147 -0.245001
v -0.348961 0.912363 -0.250808
v -0.320894 1.034407 -0.240869
v -0.337293 0.910623 -0.246676
v -0.411550 0.912363 -0.074063
v -0.395151 1.036147 -0.068256
v -0.399882 0.910623 -0.069931
v -0.383483 1.034407 -0.064124
v -0.233382 1.021359 -0.209879
v -0.332563 1.036147 -0.245001
v -0.235022 1.008981 -0.210460
v -0.334202 1.023768 -0.245582
v -0.395151 1.036147 -0.068256
v -0.295970 1.021359 -0.033134
v -0.396791 1.023768 -0.068837
v -0.297610 1.008981 -0.033715
v -0.307182 1.006250 0.136015
v -0.360283 1.006250 0.213277
v -0.307182 0.731250 0.136015
v -0.360283 0.731250 0.213277
v -0.231513 1.006250 0.301778
v -0.178412 1.006250 0.224516
v -0.231513 0.731250 0.301778
v -0.178412 0.731250 0.224516
v -0.372471 1.036147 0.203424
v -0.382324 0.912363 0.217761
v -0.365459 1.034407 0.193223
v -0.375313 0.910623 0.207560
v -0.227800 0.912363 0.323962
v -0.217947 1.036147 0.309625
v -0.220789 0.910623 0.313761
v -0.210936 1.034407 0.299424
v -0.312876 1.021359 0.116713
v -0.372471 1.036147 0.203424
v -0.313861 1.008981 0.118146
v -0.373456 1.023768 0.204858
v -0.217947 1.036147 0.309625
v -0.158352 1.021359 0.222914
v -0.218932 1.023768 0.311059
v -0.159337 1.008981 0.224348
v 0.178412 1.006250 0.224516
v 0.231513 1.006250 0.301778
v 0.178412 0.731250 0.224516
v 0.231513 0.731250 0.301778
v 0.360283 1.006250 0.213277
v 0.307182 1.006250 0.136015
v 0.360283 0.731250 0.213277
v 0.307182 0.731250 0.136015
v 0.217947 1.036147 0.309625
v 0.227800 0.912363 0.323962
v 0.210936 1.034407 0.299424
v 0.220789 0.910623 0.313761
v 0.382324 0.912363 0.217761
v 0.372471 1.036147 0.203424
v 0.375313 0.910623 0.207560
v 0.365459 1.034407 0.193223
v 0.158352 1.021359 0.222914
v 0.217947 1.036147 0.309625
v 0.159337 1.008981 0.224348
v 0.218932 1.023768 0.311059
v 0.372471 1.036147 0.203424
v 0.312876 1.021359 0.116713
v 0.373456 1.023768 0.204858
v 0.313861 1.008981 0.118146
v 0.175000 0.966047 0.339027
v 0.175000 0.996287 0.217740
v 0.175000 0.723473 0.278547
v 0.175000 0.753713 0.157260
v -0.175000 0.996287 0.217740
v -0.175000 0.966047 0.339027
v -0.175000 0.753713 0.157260
v -0.175000 0.723473 0.278547
v 0.156250 0.999770 0.325164
v 0.156250 1.040466 0.206974
v 0.156250 0.987951 0.321095
v 0.156250 1.028647 0.202905
v -0.156250 1.040466 0.206974
v -0.156250 0.999770 0.325164
v -0.156250 1.028647 0.202905
v -0.156250 0.987951 0.321095
v 0.156250 0.936872 0.388648
v 0.156250 0.998744 0.326777
v 0.156250 0.928033 0.379810
v 0.156250 0.989905 0.317938
v -0.156250 0.998744 0.326777
v -0.156250 0.936872 0.388648
v -0.156250 0.989905 0.317938
v -0.156250 0.928033 0.379810
vn -0.0000 0.9239 0.3827
vn 1.0000 -0.0000 -0.0000
vn -0.0000 -0.9239 -0.3826
vn -1.0000 -0.0000 -0.0000
vn -0.0000 -0.3827 0.9239
vn -0.0000 0.3827 -0.9239
vn -0.0000 -0.0000 -1.0000
vn -0.0000 -0.0000 1.0000
vn -0.0000 1.0000 -0.0000
vn -0.0000 -1.0000 -0.0000
vn -0.0000 0.2079 -0.9781
vn -0.0000 -0.2079 0.9781
vn -0.0000 0.9781 0.2079
vn -0.0000 -0.9782 -0.2079
vn -0.0000 -0.9781 -0.2079
vn 0.0217 0.2068 -0.9781
vn 0.9579 0.2757 0.0796
vn -0.0217 -0.2068 0.9781
vn -0.9579 -0.2757 -0.0796
vn -0.2861 0.9387 0.1921
vn 0.2861 -0.9387 -0.1921
vn -0.2549 0.9449 -0.2054
vn 0.2549 -0.9449 0.2054
vn -0.1318 0.1765 0.9754
vn 0.1318 -0.1765 -0.9754
vn 0.2885 -0.9357 -0.2033
vn 0.9575 0.2813 0.0641
vn -0.2885 0.9357 0.2033
vn -0.9575 -0.2813 -0.0641
vn 0.0028 0.2131 -0.9770
vn -0.0028 -0.2131 0.9770
vn 0.0870 -0.0698 -0.9938
vn -0.0870 0.0698 0.9938
vn -0.2751 0.9571 -0.0913
vn 0.2751 -0.9571 0.0913
vn -0.0217 0.2068 -0.9781
vn 0.9579 -0.2757 -0.0796
vn 0.0217 -0.2068 0.9781
vn -0.9579 0.2757 0.0796
vn 0.2861 0.9387 0.1921
vn -0.2861 -0.9387 -0.1921
vn 0.2549 0.9449 -0.2054
vn -0.2549 -0.9449 0.2054
vn 0.1318 0.1765 0.9754
vn -0.1318 -0.1765 -0.9754
vn -0.2885 -0.9357 -0.2033
vn 0.9575 -0.2813 -0.0641
vn 0.2885 0.9357 0.2033
vn -0.9575 0.2813 0.0641
vn -0.0028 0.2131 -0.9770
vn 0.0028 -0.2131 0.9770
vn -0.0870 -0.0698 -0.9938
vn 0.0870 0.0698 0.9938
vn 0.2751 0.9571 -0.0913
vn -0.2751 -0.9571 0.0913
vn 0.7071 -0.0000 -0.7071
vn 0.7071 -0.0000 0.7071
vn -0.7071 -0.0000 0.7071
vn -0.7071 -0.0000 -0.7071
vn 0.0862 -0.8181 -0.5685
vn 0.9901 0.0070 0.1401
vn -0.0862 0.8181 0.5685
vn -0.0862 0.8182 0.5685
vn -0.9901 -0.0070 -0.1401
vn 0.1106 0.5750 -0.8107
vn -0.1106 -0.5750 0.8107
vn -0.0862 -0.8182 -0.5685
vn -0.0862 -0.8181 -0.5685
vn 0.9901 -0.0070 -0.1401
vn 0.0862 0.8181 0.5685
vn -0.9901 0.0070 0.1401
vn -0.1106 0.5750 -0.8107
vn 0.1106 -0.5750 0.8107
vn -0.0403 0.3403 -0.9395
vn 0.9860 0.1659 0.0178
vn 0.0403 -0.3403 0.9395
vn -0.9860 -0.1659 -0.0178
vn -0.1620 0.9256 0.3422
vn 0.1620 -0.9256 -0.3422
vn 0.0403 -0.3402 0.9395
vn -0.1619 0.9256 0.3422
vn 0.1619 -0.9256 -0.3422
vn 0.9860 0.1660 0.0178
vn -0.9860 -0.1660 -0.0178
vn -0.1619 0.9256 0.3421
vn 0.9744 0.2250 -0.0000
vn -0.9744 -0.2250 -0.0000
vn -0.2250 0.9744 -0.0000
vn 0.2249 -0.9744 -0.0000
vn -0.0000 0.1392 -0.9903
vn -0.0000 -0.1392 0.9903
vn -0.0000 0.9903 0.1392
vn -0.0000 -0.9903 -0.1392
vn -0.0000 0.0262 0.9997
vn -0.0000 -0.0262 -0.9997
vn -0.0000 0.9997 -0.0262
vn -0.0000 -0.9997 0.0262
vn -0.0000 0.1045 -0.9945
vn -0.0000 -0.1045 0.9945
vn -0.0000 0.9945 0.1045
vn -0.0000 -0.9945 -0.1045
vn -0.0000 0.0872 -0.9962
vn -0.0000 -0.0872 0.9962
vn -0.0000 0.9962 0.0871
vn -0.0000 -0.9962 -0.0871
vn 0.9239 0.3790 0.0533
vn -0.9239 -0.3790 -0.0533
vn -0.3827 0.9149 0.1286
vn 0.3827 -0.9149 -0.1286
vn 0.7071 0.7002 0.0984
vn -0.7071 -0.7002 -0.0984
vn -0.7071 0.7002 0.0984
vn 0.7071 -0.7002 -0.0984
vn 0.7071 -0.7044 -0.0617
vn 0.7071 -0.7044 -0.0616
vn -0.7071 0.7044 0.0617
vn 0.7071 0.7044 0.0615
vn 0.7071 0.7044 0.0617
vn -0.7071 -0.7044 -0.0617
vn 0.3827 0.9149 0.1286
vn -0.3827 -0.9149 -0.1286
vn -0.9239 0.3790 0.0533
vn 0.9239 -0.3789 -0.0533
vn -0.9239 -0.3789 -0.0533
vn -0.7071 -0.7044 -0.0616
vn -0.7071 0.7044 0.0615
vn 0.9239 -0.3790 -0.0533
vn -0.0000 0.0958 -0.9954
vn -0.0000 -0.0958 0.9954
vn -0.0000 0.9954 0.0958
vn -0.0000 -0.9954 -0.0959
vn 0.1048 -0.2729 -0.9563
vn 0.3427 -0.8928 0.2924
vn -0.1048 0.2730 0.9563
vn -0.3427 0.8928 -0.2924
vn 0.9336 0.3584 -0.0000
vn -0.9336 -0.3584 -0.0000
vn 0.3518 -0.9164 -0.1908
vn 0.0684 -0.1782 0.9816
vn -0.3518 0.9164 0.1908
vn -0.0684 0.1781 -0.9816
vn 0.3492 -0.9097 0.2249
vn -0.0806 0.2100 0.9744
vn -0.3492 0.9097 -0.2250
vn -0.3492 0.9097 -0.2249
vn 0.0806 -0.2100 -0.9744
vn 0.0604 -0.2789 0.9584
vn -0.1327 0.9494 0.2846
vn -0.1327 0.9494 0.2847
vn -0.0604 0.2789 -0.9584
vn 0.1327 -0.9494 -0.2847
vn 0.9893 0.1444 -0.0203
vn -0.9893 -0.1444 0.0203
vn 0.0739 -0.0160 0.9971
vn -0.0360 0.9992 0.0188
vn -0.0739 0.0160 -0.9971
vn 0.0360 -0.9992 -0.0187
vn 0.9966 0.0373 -0.0733
vn -0.9966 -0.0373 0.0733
vn 0.1121 -0.2710 0.9560
vn -0.1328 0.9494 0.2847
vn -0.1121 0.2710 -0.9560
vn 0.1328 -0.9494 -0.2846
vn 0.9848 0.1588 -0.0705
vn -0.9848 -0.1588 0.0705
vn -0.9937 -0.0335 0.1070
vn 0.9937 0.0335 -0.1070
vn -0.0031 0.9620 0.2730
vn 0.0031 -0.9620 -0.2730
vn -0.0604 -0.2789 0.9584
vn -0.1327 -0.9494 -0.2847
vn 0.0604 0.2789 -0.9584
vn 0.1327 0.9494 0.2846
vn 0.1327 0.9494 0.2847
vn -0.9893 0.1444 -0.0203
vn 0.9893 -0.1444 0.0203
vn -0.1121 -0.2710 0.9560
vn -0.9937 0.0335 -0.1070
vn 0.1121 0.2710 -0.9560
vn 0.9937 -0.0335 0.1070
vn 0.0031 0.9620 0.2730
vn -0.0031 -0.9620 -0.2730
vn -0.0031 -0.9620 -0.2731
vn -0.1328 -0.9494 -0.2846
vn 0.1328 0.9494 0.2847
vn -0.9848 0.1588 -0.0705
vn 0.9848 -0.1588 0.0705
vn -0.0739 -0.0160 0.9971
vn -0.0360 -0.9992 -0.0187
vn 0.0739 0.0160 -0.9971
vn 0.0360 0.9992 0.0188
vn -0.9966 0.0373 -0.0733
vn 0.9966 -0.0373 0.0733
vn -0.3492 -0.9097 0.2249
vn -0.3492 -0.9097 0.2250
vn -0.0806 -0.2100 -0.9744
vn 0.3492 0.9097 -0.2250
vn 0.3492 0.9097 -0.2249
vn 0.0806 0.2100 0.9744
vn -0.9336 0.3584 -0.0000
vn 0.9336 -0.3584 -0.0000
vn -0.3518 -0.9164 -0.1908
vn 0.0684 0.1781 -0.9816
vn 0.3518 0.9164 0.1908
vn -0.0684 -0.1782 0.9816
vn -0.1048 -0.2729 -0.9563
vn 0.3427 0.8928 -0.2924
vn 0.1048 0.2730 0.9563
vn -0.3427 -0.8928 0.2924
vn -0.3468 0.1392 -0.9275
vn -0.3468 0.1392 -0.9276
vn 0.9367 -0.0000 -0.3502
vn 0.3468 -0.1392 0.9276
vn -0.9367 -0.0000 0.3502
vn 0.0487 0.9903 0.1304
vn -0.0487 -0.9903 -0.1304
vn -0.3502 -0.0000 -0.9367
vn 0.3502 -0.0000 0.9367
vn 0.3502 -0.0000 -0.9367
vn 0.9367 -0.0000 0.3502
vn -0.3502 -0.0000 0.9367
vn -0.9367 -0.0000 -0.3502
vn 0.0487 -0.9903 -0.1304
vn -0.0487 0.9903 0.1304
vn 0.3468 0.1392 -0.9276
vn -0.3468 -0.1392 0.9276
vn 0.3468 0.1392 -0.9275
vn 0.9426 -0.0000 -0.3338
vn 0.3338 -0.0000 0.9426
vn -0.9426 -0.0000 0.3338
vn -0.3338 -0.0000 -0.9426
vn 0.1312 -0.9903 -0.0465
vn -0.1312 0.9903 0.0465
vn 0.9335 0.1392 -0.3306
vn -0.9335 -0.1392 0.3306
vn 0.9335 0.1391 -0.3306
vn -0.9426 -0.0000 -0.3338
vn 0.3338 -0.0000 -0.9426
vn 0.9426 -0.0000 0.3338
vn -0.3338 -0.0000 0.9426
vn -0.1312 -0.9903 -0.0465
vn 0.1312 0.9903 0.0465
vn -0.9335 0.1392 -0.3306
vn 0.9335 -0.1392 0.3306
vn -0.9335 0.1391 -0.3306
vn -0.5664 -0.0000 0.8241
vn -0.8241 -0.0000 -0.5664
vn 0.5664 -0.0000 -0.8241
vn 0.8241 -0.0000 0.5664
vn -0.0788 -0.9903 0.1147
vn -0.8241 -0.0000 -0.5665
vn 0.0788 0.9903 -0.1147
vn -0.5609 0.1392 0.8161
vn 0.5609 -0.1392 -0.8161
vn 0.5609 -0.1391 -0.8161
vn 0.5664 -0.0000 0.8241
vn -0.8241 -0.0000 0.5664
vn -0.5664 -0.0000 -0.8241
vn 0.8241 -0.0000 -0.5664
vn 0.0788 -0.9903 0.1147
vn -0.0788 0.9903 -0.1147
vn 0.8241 -0.0000 -0.5665
vn 0.5609 0.1392 0.8161
vn -0.5609 -0.1392 -0.8161
vn -0.5609 -0.1391 -0.8161
vn -0.0000 0.2419 -0.9703
vn -0.0000 -0.2419 0.9703
vn -0.0000 0.9703 0.2419
vn -0.0000 -0.9703 -0.2419
vn -0.0000 0.3255 -0.9455
vn -0.0000 -0.3255 0.9455
vn -0.0000 0.9455 0.3256
vn -0.0000 -0.9455 -0.3256
vn -0.0000 0.7071 -0.7071
vn -0.0000 -0.7071 0.7071
vn -0.0000 0.7071 0.7071
vn -0.0000 -0.7071 -0.7071
vn 0.0862 -0.8182 -0.5685
vn 0.0862 0.8182 0.5685
vn 0.3492 -0.9097 0.2250
vt 0.875000 0.793945
vt 0.796875 0.796875
vt 0.796875 0.793945
vt 0.849609 0.293945
vt 0.796875 0.296875
vt 0.796875 0.293945
vt 0.343750 0.200195
vt 0.265625 0.203125
vt 0.265625 0.200195
vt 0.796875 0.262695
vt 0.849609 0.265625
vt 0.796875 0.265625
vt 0.140625 0.640625
vt 0.218750 0.587891
vt 0.218750 0.640625
vt 0.359375 0.619141
vt 0.437500 0.671875
vt 0.437500 0.619141
vt 0.125000 0.703125
vt 0.000000 0.828125
vt 0.000000 0.703125
vt 0.281250 0.484375
vt 0.250000 0.609375
vt 0.250000 0.484375
vt 0.250000 0.703125
vt 0.125000 0.828125
vt 0.312500 0.484375
vt 0.281250 0.609375
vt 0.390625 0.703125
vt 0.515625 0.671875
vt 0.515625 0.703125
vt 0.359375 0.578125
vt 0.484375 0.609375
vt 0.484375 0.578125
vt 0.453125 0.948242
vt 0.375000 1.000000
vt 0.375000 0.948242
vt 0.593750 0.260742
vt 0.578125 0.312500
vt 0.578125 0.260742
vt 0.453125 0.885742
vt 0.375000 0.937500
vt 0.375000 0.885742
vt 0.703125 0.526367
vt 0.718750 0.578125
vt 0.703125 0.578125
vt 0.531250 0.718750
vt 0.609375 0.703125
vt 0.609375 0.718750
vt 0.640625 0.500000
vt 0.718750 0.515625
vt 0.718750 0.500000
vt 0.312500 0.562500
vt 0.356445 0.671875
vt 0.312500 0.671875
vt 0.392578 0.328125
vt 0.375000 0.437500
vt 0.375000 0.328125
vt 0.043945 0.531250
vt 0.000000 0.640625
vt 0.000000 0.531250
vt 0.158203 0.312500
vt 0.140625 0.421875
vt 0.140625 0.312500
vt 0.703125 0.500000
vt 0.747070 0.482422
vt 0.747070 0.500000
vt 0.703125 0.451172
vt 0.747070 0.468750
vt 0.747070 0.451172
vt 0.546875 0.953125
vt 0.588867 1.000000
vt 0.546875 1.000000
vt 0.390625 0.828125
vt 0.375000 0.875000
vt 0.375000 0.828125
vt 0.088867 0.406250
vt 0.046875 0.453125
vt 0.046875 0.406250
vt 0.718750 0.890625
vt 0.734375 0.937500
vt 0.718750 0.937500
vt 0.500000 0.921875
vt 0.541992 0.906250
vt 0.541992 0.921875
vt 0.718750 0.796875
vt 0.760742 0.812500
vt 0.760742 0.796875
vt 0.698242 0.723633
vt 0.656250 0.750000
vt 0.656250 0.723633
vt 0.421875 0.411133
vt 0.406250 0.437500
vt 0.406250 0.411133
vt 0.041992 0.301758
vt 0.000000 0.328125
vt 0.000000 0.301758
vt 0.640625 0.895508
vt 0.625000 0.921875
vt 0.625000 0.895508
vt 0.760742 0.531250
vt 0.760742 0.515625
vt 0.760742 0.500000
vt 0.093750 0.455078
vt 0.135742 0.531250
vt 0.093750 0.531250
vt 0.500000 0.267578
vt 0.515625 0.343750
vt 0.500000 0.343750
vt 0.526367 0.783203
vt 0.484375 0.859375
vt 0.484375 0.783203
vt 0.656250 0.423828
vt 0.671875 0.500000
vt 0.656250 0.500000
vt 0.776367 0.921875
vt 0.776367 0.937500
vt 0.734375 0.906250
vt 0.776367 0.906250
vt 0.085938 0.359375
vt 0.046875 0.359375
vt 0.109375 0.250000
vt 0.126953 0.296875
vt 0.109375 0.296875
vt 0.132812 0.359375
vt 0.093750 0.406250
vt 0.093750 0.359375
vt 0.361328 0.250000
vt 0.343750 0.296875
vt 0.343750 0.250000
vt 0.718750 0.734375
vt 0.757812 0.716797
vt 0.757812 0.734375
vt 0.757812 0.685547
vt 0.718750 0.703125
vt 0.757812 0.703125
vt 0.090820 0.531250
vt 0.046875 0.640625
vt 0.046875 0.531250
vt 0.562500 0.312500
vt 0.580078 0.421875
vt 0.562500 0.421875
vt 0.137695 0.531250
vt 0.093750 0.640625
vt 0.611328 0.890625
vt 0.593750 1.000000
vt 0.593750 0.890625
vt 0.731445 0.296875
vt 0.687500 0.279297
vt 0.731445 0.279297
vt 0.046875 0.263672
vt 0.090820 0.281250
vt 0.090820 0.263672
vt 0.676758 0.787109
vt 0.640625 0.828125
vt 0.640625 0.787109
vt 0.171875 0.240234
vt 0.189453 0.281250
vt 0.171875 0.281250
vt 0.265625 0.318359
vt 0.301758 0.359375
vt 0.265625 0.359375
vt 0.220703 0.240234
vt 0.203125 0.281250
vt 0.203125 0.240234
vt 0.593750 0.265625
vt 0.629883 0.248047
vt 0.629883 0.265625
vt 0.734375 0.373047
vt 0.770508 0.390625
vt 0.770508 0.373047
vt 0.588867 0.906250
vt 0.546875 0.906250
vt 0.109375 0.234375
vt 0.093750 0.281250
vt 0.093750 0.234375
vt 0.135742 0.406250
vt 0.093750 0.453125
vt 0.734375 0.812500
vt 0.718750 0.859375
vt 0.718750 0.812500
vt 0.734375 0.890625
vt 0.776367 0.890625
vt 0.734375 0.859375
vt 0.776367 0.875000
vt 0.776367 0.859375
vt 0.713867 0.911133
vt 0.671875 0.937500
vt 0.671875 0.911133
vt 0.343750 0.223633
vt 0.359375 0.250000
vt 0.671875 0.879883
vt 0.713867 0.906250
vt 0.671875 0.906250
vt 0.375000 0.223633
vt 0.359375 0.223633
vt 0.776367 0.843750
vt 0.734375 0.828125
vt 0.776367 0.828125
vt 0.484375 0.705078
vt 0.526367 0.781250
vt 0.484375 0.781250
vt 0.531250 0.267578
vt 0.515625 0.267578
vt 0.500000 0.923828
vt 0.541992 1.000000
vt 0.500000 1.000000
vt 0.546875 0.267578
vt 0.531250 0.343750
vt 0.776367 0.812500
vt 0.510742 0.250000
vt 0.468750 0.265625
vt 0.510742 0.265625
vt 0.132812 0.828125
vt 0.000000 1.000000
vt 0.414062 0.703125
vt 0.390625 0.875000
vt 0.273438 0.828125
vt 0.140625 1.000000
vt 0.140625 0.828125
vt 0.242188 0.437500
vt 0.218750 0.609375
vt 0.218750 0.437500
vt 0.437500 0.640625
vt 0.570312 0.617188
vt 0.570312 0.640625
vt 0.484375 0.585938
vt 0.617188 0.609375
vt 0.617188 0.585938
vt 0.484375 0.265625
vt 0.468750 0.328125
vt 0.078125 0.640625
vt 0.500000 0.265625
vt 0.484375 0.328125
vt 0.156250 0.640625
vt 0.078125 0.703125
vt 0.203125 0.578125
vt 0.218750 0.500000
vt 0.218750 0.578125
vt 0.546875 0.328125
vt 0.562500 0.406250
vt 0.562500 0.328125
vt 0.687500 0.437500
vt 0.671875 0.437500
vt 0.072266 0.296875
vt 0.046875 0.296875
vt 0.562500 0.265625
vt 0.546875 0.265625
vt 0.103516 0.296875
vt 0.078125 0.359375
vt 0.078125 0.296875
vt 0.578125 0.250000
vt 0.562500 0.224609
vt 0.578125 0.224609
vt 0.593750 0.250000
vt 0.593750 0.224609
vt 0.609375 0.265625
vt 0.593750 0.328125
vt 0.458984 0.406250
vt 0.421875 0.468750
vt 0.421875 0.406250
vt 0.625000 0.265625
vt 0.609375 0.328125
vt 0.505859 0.406250
vt 0.468750 0.468750
vt 0.468750 0.406250
vt 0.687500 0.265625
vt 0.703125 0.228516
vt 0.703125 0.265625
vt 0.718750 0.265625
vt 0.718750 0.228516
vt 0.278320 0.237305
vt 0.265625 0.312500
vt 0.265625 0.237305
vt 0.470703 0.799805
vt 0.421875 0.875000
vt 0.421875 0.799805
vt 0.293945 0.237305
vt 0.281250 0.312500
vt 0.281250 0.237305
vt 0.189453 0.502930
vt 0.140625 0.578125
vt 0.140625 0.502930
vt 0.640625 0.265625
vt 0.653320 0.216797
vt 0.653320 0.265625
vt 0.747070 0.310547
vt 0.734375 0.359375
vt 0.747070 0.359375
vt 0.309570 0.237305
vt 0.296875 0.312500
vt 0.296875 0.237305
vt 0.470703 0.721680
vt 0.421875 0.796875
vt 0.421875 0.721680
vt 0.687500 0.424805
vt 0.700195 0.500000
vt 0.687500 0.500000
vt 0.408203 0.502930
vt 0.359375 0.502930
vt 0.656250 0.265625
vt 0.668945 0.216797
vt 0.668945 0.265625
vt 0.671875 0.216797
vt 0.684570 0.265625
vt 0.684570 0.216797
vt 0.625000 0.328125
vt 0.234375 0.640625
vt 0.156250 0.703125
vt 0.640625 0.328125
vt 0.312500 0.609375
vt 0.234375 0.671875
vt 0.234375 0.609375
vt 0.312500 0.359375
vt 0.328125 0.281250
vt 0.328125 0.359375
vt 0.343750 0.359375
vt 0.343750 0.281250
vt 0.671875 0.265625
vt 0.656250 0.328125
vt 0.552734 0.406250
vt 0.515625 0.468750
vt 0.515625 0.406250
vt 0.671875 0.328125
vt 0.037109 0.390625
vt 0.000000 0.453125
vt 0.000000 0.390625
vt 0.734375 0.296875
vt 0.750000 0.259766
vt 0.750000 0.296875
vt 0.734375 0.265625
vt 0.734375 0.228516
vt 0.156250 0.250000
vt 0.140625 0.250000
vt 0.666016 0.859375
vt 0.640625 0.921875
vt 0.640625 0.859375
vt 0.171875 0.250000
vt 0.156250 0.312500
vt 0.134766 0.296875
vt 0.109375 0.359375
vt 0.750000 0.343750
vt 0.765625 0.318359
vt 0.765625 0.343750
vt 0.750000 0.287109
vt 0.765625 0.312500
vt 0.765625 0.287109
vt 0.171875 0.286133
vt 0.198242 0.328125
vt 0.171875 0.328125
vt 0.078125 0.208008
vt 0.090820 0.250000
vt 0.078125 0.250000
vt 0.229492 0.286133
vt 0.203125 0.328125
vt 0.203125 0.286133
vt 0.750000 0.629883
vt 0.762695 0.671875
vt 0.750000 0.671875
vt 0.515625 0.515625
vt 0.541992 0.502930
vt 0.541992 0.515625
vt 0.604492 0.752930
vt 0.578125 0.765625
vt 0.604492 0.765625
vt 0.662109 0.176758
vt 0.656250 0.203125
vt 0.656250 0.176758
vt 0.677734 0.176758
vt 0.671875 0.203125
vt 0.671875 0.176758
vt 0.703125 0.176758
vt 0.708984 0.203125
vt 0.703125 0.203125
vt 0.724609 0.176758
vt 0.718750 0.203125
vt 0.718750 0.176758
vt 0.484375 0.156250
vt 0.490234 0.150391
vt 0.490234 0.156250
vt 0.500000 0.150391
vt 0.505859 0.156250
vt 0.505859 0.150391
vt 0.518555 0.145508
vt 0.515625 0.203125
vt 0.515625 0.145508
vt 0.534180 0.145508
vt 0.531250 0.203125
vt 0.531250 0.145508
vt 0.546875 0.145508
vt 0.549805 0.203125
vt 0.546875 0.203125
vt 0.562500 0.145508
vt 0.565430 0.203125
vt 0.562500 0.203125
vt 0.843750 0.500000
vt 0.846680 0.497070
vt 0.846680 0.500000
vt 0.843750 0.481445
vt 0.846680 0.484375
vt 0.846680 0.481445
vt 0.551758 0.234375
vt 0.531250 0.265625
vt 0.531250 0.234375
vt 0.250000 0.671875
vt 0.234375 0.703125
vt 0.754883 0.390625
vt 0.734375 0.421875
vt 0.734375 0.390625
vt 0.265625 0.406250
vt 0.286133 0.390625
vt 0.286133 0.406250
vt 0.468750 0.218750
vt 0.489258 0.234375
vt 0.489258 0.218750
vt 0.085938 0.453125
vt 0.000000 0.484375
vt 0.767578 0.968750
vt 0.750000 1.000000
vt 0.750000 0.968750
vt 0.601562 0.671875
vt 0.064453 0.218750
vt 0.046875 0.250000
vt 0.046875 0.218750
vt 0.625000 0.859375
vt 0.710938 0.841797
vt 0.710938 0.859375
vt 0.625000 0.654297
vt 0.710938 0.671875
vt 0.710938 0.654297
vt 0.609375 0.546875
vt 0.546875 0.578125
vt 0.546875 0.546875
vt 0.427734 0.171875
vt 0.421875 0.203125
vt 0.421875 0.171875
vt 0.609375 0.484375
vt 0.546875 0.515625
vt 0.546875 0.484375
vt 0.443359 0.171875
vt 0.437500 0.203125
vt 0.437500 0.171875
vt 0.750000 0.281250
vt 0.812500 0.275391
vt 0.812500 0.281250
vt 0.734375 0.244141
vt 0.796875 0.250000
vt 0.796875 0.244141
vt 0.703125 0.517578
vt 0.687500 0.578125
vt 0.687500 0.517578
vt 0.041992 0.205078
vt 0.031250 0.265625
vt 0.031250 0.205078
vt 0.578125 0.251953
vt 0.562500 0.251953
vt 0.515625 0.205078
vt 0.526367 0.265625
vt 0.515625 0.265625
vt 0.578125 0.203125
vt 0.593750 0.192383
vt 0.593750 0.203125
vt 0.796875 0.411133
vt 0.812500 0.421875
vt 0.812500 0.411133
vt 0.601562 0.515625
vt 0.515625 0.546875
vt 0.126953 0.218750
vt 0.109375 0.218750
vt 0.617188 0.828125
vt 0.531250 0.859375
vt 0.531250 0.828125
vt 0.158203 0.218750
vt 0.140625 0.218750
vt 0.625000 0.609375
vt 0.710938 0.591797
vt 0.710938 0.609375
vt 0.171875 0.341797
vt 0.257812 0.359375
vt 0.257812 0.341797
vt 0.526367 0.205078
vt 0.509766 0.203125
vt 0.500000 0.234375
vt 0.500000 0.203125
vt 0.276367 0.203125
vt 0.265625 0.234375
vt 0.541016 0.203125
vt 0.281250 0.203125
vt 0.291992 0.234375
vt 0.281250 0.234375
vt 0.640625 0.187500
vt 0.650391 0.176758
vt 0.650391 0.187500
vt 0.687500 0.176758
vt 0.697266 0.187500
vt 0.697266 0.176758
vt 0.533203 0.354492
vt 0.500000 0.406250
vt 0.500000 0.354492
vt 0.581055 0.135742
vt 0.578125 0.187500
vt 0.578125 0.135742
vt 0.626953 0.370117
vt 0.593750 0.421875
vt 0.593750 0.370117
vt 0.593750 0.135742
vt 0.596680 0.187500
vt 0.593750 0.187500
vt 0.812500 0.171875
vt 0.845703 0.168945
vt 0.845703 0.171875
vt 0.828125 0.184570
vt 0.861328 0.187500
vt 0.861328 0.184570
vt 0.556641 0.203125
vt 0.546875 0.234375
vt 0.296875 0.203125
vt 0.307617 0.234375
vt 0.296875 0.234375
vt 0.775391 0.390625
vt 0.765625 0.421875
vt 0.765625 0.390625
vt 0.765625 0.671875
vt 0.776367 0.703125
vt 0.765625 0.703125
vt 0.000000 0.171875
vt 0.009766 0.161133
vt 0.009766 0.171875
vt 0.837891 0.848633
vt 0.828125 0.859375
vt 0.837891 0.859375
vt 0.603516 0.234375
vt 0.593750 0.234375
vt 0.323242 0.203125
vt 0.312500 0.234375
vt 0.312500 0.203125
vt 0.619141 0.203125
vt 0.609375 0.234375
vt 0.609375 0.203125
vt 0.328125 0.203125
vt 0.338867 0.234375
vt 0.328125 0.234375
vt 0.828125 0.593750
vt 0.837891 0.583008
vt 0.837891 0.593750
vt 0.431641 0.161133
vt 0.431641 0.171875
vt 0.754883 0.606445
vt 0.718750 0.625000
vt 0.718750 0.606445
vt 0.437500 0.137695
vt 0.439453 0.156250
vt 0.437500 0.156250
vt 0.442383 0.262695
vt 0.406250 0.281250
vt 0.406250 0.262695
vt 0.843750 0.543945
vt 0.845703 0.562500
vt 0.843750 0.562500
vt 0.843750 0.671875
vt 0.879883 0.669922
vt 0.879883 0.671875
vt 0.879883 0.654297
vt 0.843750 0.656250
vt 0.879883 0.656250
vt 0.625000 0.203125
vt 0.634766 0.234375
vt 0.625000 0.234375
vt 0.776367 0.640625
vt 0.765625 0.640625
vt 0.775391 0.312500
vt 0.765625 0.609375
vt 0.828125 0.578125
vt 0.837891 0.567383
vt 0.837891 0.578125
vt 0.437500 0.161133
vt 0.447266 0.171875
vt 0.447266 0.161133
vt 0.353516 0.476562
vt 0.312500 0.476562
vt 0.362305 0.132812
vt 0.359375 0.218750
vt 0.359375 0.132812
vt 0.494141 0.914062
vt 0.453125 1.000000
vt 0.453125 0.914062
vt 0.456055 0.132812
vt 0.453125 0.218750
vt 0.453125 0.132812
vt 0.109375 0.171875
vt 0.150391 0.168945
vt 0.150391 0.171875
vt 0.828125 0.872070
vt 0.869141 0.875000
vt 0.869141 0.872070
vt 0.775391 0.281250
vt 0.765625 0.281250
vt 0.385742 0.203125
vt 0.375000 0.234375
vt 0.375000 0.203125
vt 0.744141 0.203125
vt 0.734375 0.234375
vt 0.734375 0.203125
vt 0.390625 0.203125
vt 0.401367 0.234375
vt 0.390625 0.234375
vt 0.837891 0.515625
vt 0.828125 0.504883
vt 0.837891 0.504883
vt 0.828125 0.395508
vt 0.837891 0.406250
vt 0.837891 0.395508
vt 0.759766 0.203125
vt 0.750000 0.234375
vt 0.750000 0.203125
vt 0.776367 0.578125
vt 0.765625 0.578125
vt 0.775391 0.203125
vt 0.765625 0.234375
vt 0.765625 0.203125
vt 0.406250 0.203125
vt 0.416992 0.234375
vt 0.406250 0.234375
vt 0.837891 0.390625
vt 0.828125 0.379883
vt 0.837891 0.379883
vt 0.640625 0.161133
vt 0.650391 0.171875
vt 0.650391 0.161133
vt 0.718750 0.575195
vt 0.754883 0.593750
vt 0.718750 0.593750
vt 0.470703 0.137695
vt 0.468750 0.156250
vt 0.468750 0.137695
vt 0.754883 0.543945
vt 0.718750 0.562500
vt 0.718750 0.543945
vt 0.845703 0.512695
vt 0.843750 0.531250
vt 0.843750 0.512695
vt 0.879883 0.640625
vt 0.843750 0.638672
vt 0.879883 0.638672
vt 0.411133 0.154297
vt 0.375000 0.156250
vt 0.411133 0.156250
vt 0.781250 0.968750
vt 0.791016 1.000000
vt 0.781250 1.000000
vt 0.432617 0.203125
vt 0.421875 0.234375
vt 0.046875 0.187500
vt 0.056641 0.218750
vt 0.776367 0.546875
vt 0.765625 0.546875
vt 0.656250 0.171875
vt 0.666016 0.161133
vt 0.666016 0.171875
vt 0.671875 0.161133
vt 0.681641 0.171875
vt 0.681641 0.161133
vt 0.033203 0.338867
vt 0.000000 0.338867
vt 0.612305 0.135742
vt 0.609375 0.187500
vt 0.609375 0.135742
vt 0.642578 0.713867
vt 0.609375 0.765625
vt 0.609375 0.713867
vt 0.625000 0.135742
vt 0.627930 0.187500
vt 0.625000 0.187500
vt 0.000000 0.156250
vt 0.033203 0.153320
vt 0.033203 0.156250
vt 0.046875 0.153320
vt 0.080078 0.156250
vt 0.080078 0.153320
vt 0.072266 0.187500
vt 0.062500 0.218750
vt 0.062500 0.187500
vt 0.448242 0.234375
vt 0.437500 0.234375
vt 0.791016 0.906250
vt 0.781250 0.937500
vt 0.781250 0.906250
vt 0.776367 0.515625
vt 0.765625 0.515625
vt 0.687500 0.171875
vt 0.697266 0.161133
vt 0.697266 0.171875
vt 0.703125 0.161133
vt 0.712891 0.171875
vt 0.712891 0.161133
vt 0.312500 0.468750
vt 0.296875 0.484375
vt 0.296875 0.468750
vt 0.562500 0.468750
vt 0.546875 0.468750
vt 0.578125 0.906250
vt 0.578125 0.890625
vt 0.187500 0.406250
vt 0.171875 0.421875
vt 0.171875 0.406250
vt 0.625000 0.500000
vt 0.625000 0.484375
vt 0.640625 0.765625
vt 0.656250 0.781250
vt 0.656250 0.765625
vt 0.671875 0.921875
vt 0.656250 0.937500
vt 0.656250 0.921875
vt 0.687500 0.421875
vt 0.671875 0.421875
vt 0.718750 0.718750
vt 0.703125 0.734375
vt 0.703125 0.718750
vt 0.796875 0.578125
vt 0.781250 0.593750
vt 0.781250 0.578125
vt 0.781250 0.562500
vt 0.796875 0.562500
vt 0.781250 0.546875
vt 0.796875 0.546875
vt 0.796875 0.531250
vt 0.781250 0.531250
vt 0.484375 0.203125
vt 0.468750 0.203125
vt 0.796875 0.515625
vt 0.781250 0.515625
vt 0.484375 0.218750
vt 0.562500 0.218750
vt 0.578125 0.218750
vt 0.593750 0.218750
vt 0.796875 0.406250
vt 0.781250 0.421875
vt 0.781250 0.406250
vt 0.796875 0.390625
vt 0.781250 0.390625
vt 0.796875 0.375000
vt 0.781250 0.375000
vt 0.796875 0.359375
vt 0.781250 0.359375
vt 0.781250 0.343750
vt 0.796875 0.328125
vt 0.796875 0.343750
vt 0.796875 0.312500
vt 0.781250 0.328125
vt 0.484375 0.875000
vt 0.453125 0.906250
vt 0.453125 0.875000
vt 0.695312 0.187500
vt 0.687500 0.218750
vt 0.687500 0.187500
vt 0.687500 0.828125
vt 0.687500 0.796875
vt 0.789062 0.281250
vt 0.781250 0.312500
vt 0.781250 0.281250
vt 0.703125 0.218750
vt 0.734375 0.210938
vt 0.734375 0.218750
vt 0.781250 0.226562
vt 0.812500 0.234375
vt 0.812500 0.226562
vt 0.218750 0.367188
vt 0.171875 0.367188
vt 0.117188 0.179688
vt 0.109375 0.179688
vt 0.265625 0.367188
vt 0.218750 0.406250
vt 0.132812 0.179688
vt 0.125000 0.218750
vt 0.125000 0.179688
vt 0.750000 0.265625
vt 0.796875 0.257812
vt 0.171875 0.226562
vt 0.218750 0.234375
vt 0.218750 0.226562
vt 0.262695 0.289062
vt 0.234375 0.328125
vt 0.234375 0.289062
vt 0.021484 0.164062
vt 0.015625 0.203125
vt 0.015625 0.164062
vt 0.403320 0.289062
vt 0.375000 0.289062
vt 0.037109 0.164062
vt 0.031250 0.203125
vt 0.031250 0.164062
vt 0.622070 0.197266
vt 0.622070 0.203125
vt 0.825195 0.400391
vt 0.825195 0.406250
vt 0.364258 0.835938
vt 0.281250 0.875000
vt 0.281250 0.835938
vt 0.083984 0.164062
vt 0.078125 0.203125
vt 0.078125 0.164062
vt 0.504883 0.507812
vt 0.421875 0.546875
vt 0.421875 0.507812
vt 0.802734 0.835938
vt 0.796875 0.875000
vt 0.796875 0.835938
vt 0.750000 0.484375
vt 0.833008 0.478516
vt 0.833008 0.484375
vt 0.750000 0.462891
vt 0.833008 0.468750
vt 0.833008 0.462891
vt 0.251953 0.242188
vt 0.234375 0.281250
vt 0.234375 0.242188
vt 0.162109 0.164062
vt 0.156250 0.203125
vt 0.156250 0.164062
vt 0.330078 0.242188
vt 0.312500 0.281250
vt 0.312500 0.242188
vt 0.177734 0.164062
vt 0.171875 0.203125
vt 0.171875 0.164062
vt 0.736328 0.171875
vt 0.718750 0.166016
vt 0.736328 0.166016
vt 0.750000 0.166016
vt 0.767578 0.171875
vt 0.767578 0.166016
vt 0.387695 0.757812
vt 0.250000 0.828125
vt 0.250000 0.757812
vt 0.098633 0.164062
vt 0.093750 0.164062
vt 0.387695 0.679688
vt 0.250000 0.750000
vt 0.250000 0.679688
vt 0.770508 0.710938
vt 0.765625 0.781250
vt 0.765625 0.710938
vt 0.703125 0.437500
vt 0.840820 0.432617
vt 0.840820 0.437500
vt 0.718750 0.885742
vt 0.856445 0.890625
vt 0.856445 0.885742
vt 0.465820 0.228516
vt 0.453125 0.281250
vt 0.453125 0.228516
vt 0.223633 0.166016
vt 0.218750 0.218750
vt 0.218750 0.166016
vt 0.731445 0.306641
vt 0.718750 0.359375
vt 0.718750 0.306641
vt 0.239258 0.166016
vt 0.234375 0.218750
vt 0.234375 0.166016
vt 0.843750 0.609375
vt 0.856445 0.604492
vt 0.856445 0.609375
vt 0.843750 0.588867
vt 0.856445 0.593750
vt 0.856445 0.588867
vt 0.536133 0.546875
vt 0.421875 0.578125
vt 0.789062 0.187500
vt 0.781250 0.218750
vt 0.781250 0.187500
vt 0.551758 0.640625
vt 0.007812 0.171875
vt 0.000000 0.203125
vt 0.703125 0.968750
vt 0.817383 0.960938
vt 0.817383 0.968750
vt 0.703125 0.945312
vt 0.817383 0.953125
vt 0.817383 0.945312
vt 0.250000 0.406250
vt 0.187500 0.437500
vt 0.734375 0.171875
vt 0.739258 0.203125
vt 0.625000 0.640625
vt 0.562500 0.671875
vt 0.562500 0.640625
vt 0.754883 0.171875
vt 0.750000 0.171875
vt 0.828125 0.510742
vt 0.828125 0.515625
vt 0.781250 0.901367
vt 0.843750 0.906250
vt 0.843750 0.901367
vt 0.716797 0.671875
vt 0.687500 0.703125
vt 0.687500 0.671875
vt 0.765625 0.171875
vt 0.770508 0.203125
vt 0.716797 0.609375
vt 0.687500 0.640625
vt 0.687500 0.609375
vt 0.801758 0.187500
vt 0.796875 0.218750
vt 0.796875 0.187500
vt 0.826172 0.250000
vt 0.796875 0.245117
vt 0.826172 0.245117
vt 0.841797 0.838867
vt 0.812500 0.843750
vt 0.841797 0.843750
vt 0.685547 0.515625
vt 0.640625 0.546875
vt 0.640625 0.515625
vt 0.046875 0.156250
vt 0.051758 0.187500
vt 0.640625 0.390625
vt 0.685547 0.421875
vt 0.640625 0.421875
vt 0.062500 0.156250
vt 0.067383 0.187500
vt 0.841797 0.546875
vt 0.796875 0.541992
vt 0.841797 0.541992
vt 0.513672 0.198242
vt 0.513672 0.203125
vt 0.638672 0.859375
vt 0.578125 0.859375
vt 0.817383 0.843750
vt 0.812500 0.875000
vt 0.638672 0.796875
vt 0.578125 0.828125
vt 0.578125 0.796875
vt 0.270508 0.156250
vt 0.265625 0.187500
vt 0.265625 0.156250
vt 0.841797 0.781250
vt 0.781250 0.776367
vt 0.841797 0.776367
vt 0.781250 0.760742
vt 0.841797 0.765625
vt 0.841797 0.760742
vt 0.103516 0.281250
vt 0.046875 0.281250
vt 0.848633 0.765625
vt 0.843750 0.781250
vt 0.843750 0.765625
vt 0.703125 0.765625
vt 0.759766 0.781250
vt 0.703125 0.781250
vt 0.843750 0.750000
vt 0.781250 0.656250
vt 0.837891 0.651367
vt 0.837891 0.656250
vt 0.837891 0.635742
vt 0.781250 0.640625
vt 0.837891 0.640625
vt 0.012695 0.212891
vt 0.000000 0.265625
vt 0.000000 0.212891
vt 0.254883 0.166016
vt 0.250000 0.218750
vt 0.250000 0.166016
vt 0.028320 0.212891
vt 0.015625 0.265625
vt 0.015625 0.212891
vt 0.348633 0.166016
vt 0.343750 0.218750
vt 0.343750 0.166016
vt 0.421875 0.156250
vt 0.434570 0.151367
vt 0.434570 0.156250
vt 0.843750 0.573242
vt 0.856445 0.578125
vt 0.856445 0.573242
vt 0.750000 0.781250
vt 0.783203 0.796875
vt 0.750000 0.796875
vt 0.250000 0.140625
vt 0.254883 0.156250
vt 0.250000 0.156250
vt 0.439453 0.234375
vt 0.406250 0.250000
vt 0.843750 0.734375
vt 0.848633 0.750000
vt 0.830078 0.375000
vt 0.796875 0.370117
vt 0.830078 0.370117
vt 0.796875 0.338867
vt 0.830078 0.343750
vt 0.830078 0.338867
vt 0.421875 0.703125
vt 0.482422 0.718750
vt 0.421875 0.718750
vt 0.265625 0.140625
vt 0.656250 0.703125
vt 0.716797 0.718750
vt 0.656250 0.718750
vt 0.848633 0.718750
vt 0.843750 0.718750
vt 0.781250 0.750000
vt 0.841797 0.745117
vt 0.841797 0.750000
vt 0.781250 0.729492
vt 0.841797 0.734375
vt 0.841797 0.729492
vt 0.286133 0.156250
vt 0.281250 0.187500
vt 0.281250 0.156250
vt 0.578125 0.609375
vt 0.638672 0.640625
vt 0.578125 0.640625
vt 0.296875 0.156250
vt 0.301758 0.187500
vt 0.296875 0.187500
vt 0.781250 0.718750
vt 0.841797 0.713867
vt 0.841797 0.718750
vt 0.841797 0.698242
vt 0.781250 0.703125
vt 0.841797 0.703125
vt 0.732422 0.859375
vt 0.671875 0.875000
vt 0.671875 0.859375
vt 0.281250 0.140625
vt 0.748047 0.781250
vt 0.687500 0.781250
vt 0.848633 0.703125
vt 0.843750 0.703125
vt 0.781250 0.687500
vt 0.841797 0.682617
vt 0.841797 0.687500
vt 0.781250 0.666992
vt 0.841797 0.671875
vt 0.841797 0.666992
vt 0.501953 0.234375
vt 0.468750 0.250000
vt 0.468750 0.234375
vt 0.301758 0.140625
vt 0.296875 0.140625
vt 0.783203 0.500000
vt 0.750000 0.500000
vt 0.848633 0.687500
vt 0.843750 0.687500
vt 0.830078 0.323242
vt 0.830078 0.328125
vt 0.830078 0.307617
vt 0.830078 0.312500
vt 0.703125 0.750000
vt 0.759766 0.765625
vt 0.317383 0.140625
vt 0.312500 0.156250
vt 0.312500 0.140625
vt 0.759766 0.734375
vt 0.848633 0.671875
vt 0.837891 0.625000
vt 0.781250 0.620117
vt 0.837891 0.620117
vt 0.781250 0.604492
vt 0.837891 0.609375
vt 0.837891 0.604492
vt 0.453125 0.367188
vt 0.406250 0.406250
vt 0.406250 0.367188
vt 0.789062 0.835938
vt 0.781250 0.875000
vt 0.781250 0.835938
vt 0.500000 0.367188
vt 0.453125 0.406250
vt 0.148438 0.179688
vt 0.140625 0.179688
vt 0.765625 0.812500
vt 0.812500 0.804688
vt 0.812500 0.812500
vt 0.265625 0.226562
vt 0.434570 0.289062
vt 0.406250 0.328125
vt 0.406250 0.289062
vt 0.193359 0.164062
vt 0.187500 0.203125
vt 0.187500 0.164062
vt 0.465820 0.289062
vt 0.437500 0.328125
vt 0.437500 0.289062
vt 0.208984 0.164062
vt 0.203125 0.203125
vt 0.203125 0.164062
vt 0.825195 0.390625
vt 0.796875 0.384766
vt 0.825195 0.384766
vt 0.625000 0.197266
vt 0.653320 0.203125
vt 0.653320 0.197266
vt 0.083008 0.492188
vt 0.000000 0.492188
vt 0.380859 0.164062
vt 0.375000 0.164062
vt 0.567383 0.867188
vt 0.484375 0.906250
vt 0.484375 0.867188
vt 0.396484 0.164062
vt 0.390625 0.164062
vt 0.750000 0.453125
vt 0.833008 0.447266
vt 0.833008 0.453125
vt 0.750000 0.353516
vt 0.833008 0.359375
vt 0.833008 0.353516
vt 0.638672 0.359375
vt 0.593750 0.359375
vt 0.317383 0.156250
vt 0.312500 0.187500
vt 0.685547 0.359375
vt 0.640625 0.359375
vt 0.333008 0.156250
vt 0.328125 0.187500
vt 0.328125 0.156250
vt 0.841797 0.526367
vt 0.841797 0.531250
vt 0.796875 0.495117
vt 0.841797 0.500000
vt 0.841797 0.495117
vt 0.716797 0.328125
vt 0.687500 0.359375
vt 0.687500 0.328125
vt 0.812500 0.562500
vt 0.817383 0.593750
vt 0.812500 0.593750
vt 0.687500 0.296875
vt 0.473633 0.156250
vt 0.468750 0.187500
vt 0.841797 0.812500
vt 0.812500 0.807617
vt 0.841797 0.807617
vt 0.812500 0.557617
vt 0.841797 0.562500
vt 0.841797 0.557617
vt 0.625000 0.453125
vt 0.562500 0.484375
vt 0.562500 0.453125
vt 0.489258 0.156250
vt 0.484375 0.187500
vt 0.625000 0.421875
vt 0.504883 0.156250
vt 0.500000 0.187500
vt 0.500000 0.156250
vt 0.156250 0.213867
vt 0.218750 0.213867
vt 0.843750 0.823242
vt 0.781250 0.828125
vt 0.843750 0.828125
vt 0.736328 0.632812
vt 0.718750 0.671875
vt 0.718750 0.632812
vt 0.412109 0.164062
vt 0.406250 0.164062
vt 0.392578 0.242188
vt 0.375000 0.281250
vt 0.375000 0.242188
vt 0.802734 0.554688
vt 0.796875 0.593750
vt 0.796875 0.554688
vt 0.828125 0.250000
vt 0.845703 0.244141
vt 0.845703 0.250000
vt 0.798828 0.166016
vt 0.781250 0.171875
vt 0.798828 0.171875
vt 0.859375 0.418945
vt 0.812500 0.418945
vt 0.870117 0.825195
vt 0.843750 0.825195
vt 0.812500 0.278320
vt 0.859375 0.281250
vt 0.187500 0.153320
vt 0.213867 0.156250
vt 0.187500 0.156250
vt 0.687500 0.333008
vt 0.656250 0.973633
vt 0.703125 1.000000
vt 0.703125 0.973633
vt 0.179688 0.431641
vt 0.140625 0.500000
vt 0.140625 0.431641
vt 0.632812 0.509766
vt 0.609375 0.578125
vt 0.609375 0.509766
vt 0.289062 0.416016
vt 0.250000 0.416016
vt 0.648438 0.931641
vt 0.625000 1.000000
vt 0.625000 0.931641
vt 0.726562 0.398438
vt 0.726562 0.421875
vt 0.687500 0.367188
vt 0.726562 0.390625
vt 0.726562 0.367188
vt 0.812500 0.231445
vt 0.859375 0.234375
vt 0.125000 0.153320
vt 0.093750 0.156250
vt 0.093750 0.153320
vt 0.781250 0.184570
vt 0.843750 0.903320
vt 0.875000 0.906250
vt 0.640625 0.609375
vt 0.453125 0.359375
vt 0.453125 0.328125
vt 0.570312 0.759766
vt 0.531250 0.759766
vt 0.367188 0.306641
vt 0.343750 0.375000
vt 0.343750 0.306641
vt 0.335938 0.400391
vt 0.296875 0.400391
vt 0.648438 0.431641
vt 0.625000 0.431641
vt 0.000000 0.296875
vt 0.039062 0.273438
vt 0.039062 0.296875
vt 0.703125 0.976562
vt 0.742188 1.000000
vt 0.742188 0.976562
vt 0.812500 0.215820
vt 0.859375 0.218750
vt 0.812500 0.218750
vt 0.156250 0.156250
vt 0.156250 0.153320
vt 0.859375 0.200195
vt 0.812500 0.203125
vt 0.812500 0.200195
vt 0.843750 0.840820
vt 0.875000 0.843750
vt 0.843750 0.843750
vt 0.640625 0.578125
vt 0.687500 0.546875
vt 0.500000 0.328125
vt 0.500000 0.359375
vt 0.828125 0.965820
vt 0.875000 0.968750
vt 0.828125 0.968750
vt 0.870117 0.809570
vt 0.843750 0.812500
vt 0.843750 0.809570
vt 0.828125 0.950195
vt 0.875000 0.953125
vt 0.828125 0.953125
vt 0.218750 0.153320
vt 0.245117 0.156250
vt 0.218750 0.156250
vt 0.656250 0.942383
vt 0.703125 0.942383
vt 0.656250 0.754883
vt 0.703125 0.754883
vt 0.859375 0.215820
vt 0.875000 0.965820
vt 0.870117 0.812500
vt 0.875000 0.950195
vt 0.245117 0.153320
vt 0.687500 0.390625
vt 0.859375 0.231445
vt 0.828125 0.187500
vt 0.859375 0.278320
vt 0.213867 0.153320
vt 0.640625 0.333008
vt 0.656250 1.000000
vt 0.870117 0.828125
vt 0.000000 0.273438
vt 0.656250 0.968750
vt 0.369141 0.937500
vt 0.281250 1.000000
vt 0.281250 0.937500
vt 0.187500 0.500000
vt 0.369141 0.875000
vt 0.375000 0.375000
vt 0.343750 0.437500
vt 0.359375 0.500000
vt 0.447266 0.468750
vt 0.447266 0.500000
vt 0.453125 0.468750
vt 0.541016 0.500000
vt 0.541016 0.468750
vt 0.875000 0.997070
vt 0.796875 1.000000
vt 0.796875 0.997070
vt 0.125000 0.156250
vt 0.875000 0.981445
vt 0.796875 0.984375
vt 0.796875 0.981445
vt 0.875000 0.856445
vt 0.843750 0.859375
vt 0.843750 0.856445
vt 0.531250 0.750000
vt 0.609375 0.750000
vt 0.421875 0.437500
vt 0.875000 0.934570
vt 0.796875 0.937500
vt 0.796875 0.934570
vt 0.349609 0.153320
vt 0.328125 0.153320
vt 0.875000 0.918945
vt 0.796875 0.921875
vt 0.796875 0.918945
vt 0.843750 0.622070
vt 0.865234 0.625000
vt 0.843750 0.625000
vt 0.265625 0.390625
vt 0.343750 0.369141
vt 0.343750 0.390625
vt 0.609375 0.681641
vt 0.687500 0.681641
vt 0.875000 0.796875
vt 0.849609 0.296875
vt 0.343750 0.203125
vt 0.849609 0.262695
vt 0.140625 0.587891
vt 0.359375 0.671875
vt 0.390625 0.671875
vt 0.359375 0.609375
vt 0.593750 0.312500
vt 0.453125 0.937500
vt 0.718750 0.526367
vt 0.531250 0.703125
vt 0.356445 0.562500
vt 0.392578 0.437500
vt 0.043945 0.640625
vt 0.158203 0.421875
vt 0.703125 0.482422
vt 0.703125 0.468750
vt 0.588867 0.953125
vt 0.088867 0.453125
vt 0.500000 0.906250
vt 0.698242 0.750000
vt 0.041992 0.328125
vt 0.718750 0.531250
vt 0.135742 0.455078
vt 0.526367 0.859375
vt 0.671875 0.423828
vt 0.734375 0.921875
vt 0.085938 0.406250
vt 0.126953 0.250000
vt 0.132812 0.406250
vt 0.361328 0.296875
vt 0.718750 0.716797
vt 0.718750 0.685547
vt 0.090820 0.640625
vt 0.580078 0.312500
vt 0.137695 0.640625
vt 0.611328 1.000000
vt 0.676758 0.828125
vt 0.189453 0.240234
vt 0.301758 0.318359
vt 0.220703 0.281250
vt 0.593750 0.248047
vt 0.109375 0.281250
vt 0.135742 0.453125
vt 0.734375 0.875000
vt 0.713867 0.937500
vt 0.713867 0.879883
vt 0.375000 0.250000
vt 0.734375 0.843750
vt 0.526367 0.705078
vt 0.541992 0.923828
vt 0.546875 0.343750
vt 0.132812 1.000000
vt 0.414062 0.875000
vt 0.273438 1.000000
vt 0.242188 0.609375
vt 0.437500 0.617188
vt 0.203125 0.500000
vt 0.546875 0.406250
vt 0.072266 0.359375
vt 0.103516 0.359375
vt 0.562500 0.250000
vt 0.458984 0.468750
vt 0.505859 0.468750
vt 0.687500 0.228516
vt 0.278320 0.312500
vt 0.470703 0.875000
vt 0.293945 0.312500
vt 0.189453 0.578125
vt 0.640625 0.216797
vt 0.734375 0.310547
vt 0.309570 0.312500
vt 0.470703 0.796875
vt 0.700195 0.424805
vt 0.408203 0.578125
vt 0.656250 0.216797
vt 0.552734 0.468750
vt 0.037109 0.453125
vt 0.734375 0.259766
vt 0.666016 0.921875
vt 0.171875 0.312500
vt 0.134766 0.359375
vt 0.750000 0.318359
vt 0.750000 0.312500
vt 0.198242 0.286133
vt 0.090820 0.208008
vt 0.229492 0.328125
vt 0.762695 0.629883
vt 0.515625 0.502930
vt 0.578125 0.752930
vt 0.662109 0.203125
vt 0.677734 0.203125
vt 0.708984 0.176758
vt 0.724609 0.203125
vt 0.484375 0.150391
vt 0.518555 0.203125
vt 0.534180 0.203125
vt 0.549805 0.145508
vt 0.565430 0.145508
vt 0.843750 0.497070
vt 0.843750 0.484375
vt 0.551758 0.265625
vt 0.754883 0.421875
vt 0.085938 0.484375
vt 0.767578 1.000000
vt 0.601562 0.703125
vt 0.064453 0.250000
vt 0.625000 0.841797
vt 0.625000 0.671875
vt 0.427734 0.203125
vt 0.609375 0.515625
vt 0.443359 0.203125
vt 0.750000 0.275391
vt 0.734375 0.250000
vt 0.041992 0.265625
vt 0.578125 0.192383
vt 0.796875 0.421875
vt 0.601562 0.546875
vt 0.617188 0.859375
vt 0.158203 0.250000
vt 0.625000 0.591797
vt 0.171875 0.359375
vt 0.509766 0.234375
vt 0.276367 0.234375
vt 0.541016 0.234375
vt 0.291992 0.203125
vt 0.640625 0.176758
vt 0.533203 0.406250
vt 0.581055 0.187500
vt 0.626953 0.421875
vt 0.596680 0.135742
vt 0.812500 0.168945
vt 0.556641 0.234375
vt 0.307617 0.203125
vt 0.775391 0.421875
vt 0.776367 0.671875
vt 0.000000 0.161133
vt 0.828125 0.848633
vt 0.603516 0.203125
vt 0.323242 0.234375
vt 0.619141 0.234375
vt 0.338867 0.203125
vt 0.828125 0.583008
vt 0.421875 0.161133
vt 0.754883 0.625000
vt 0.439453 0.137695
vt 0.442383 0.281250
vt 0.845703 0.543945
vt 0.843750 0.669922
vt 0.843750 0.654297
vt 0.634766 0.203125
vt 0.775391 0.343750
vt 0.776367 0.609375
vt 0.828125 0.567383
vt 0.353516 0.562500
vt 0.362305 0.218750
vt 0.494141 1.000000
vt 0.456055 0.218750
vt 0.109375 0.168945
vt 0.828125 0.875000
vt 0.385742 0.234375
vt 0.744141 0.234375
vt 0.401367 0.203125
vt 0.828125 0.406250
vt 0.759766 0.234375
vt 0.775391 0.234375
vt 0.416992 0.203125
vt 0.828125 0.390625
vt 0.640625 0.171875
vt 0.754883 0.575195
vt 0.470703 0.156250
vt 0.754883 0.562500
vt 0.845703 0.531250
vt 0.843750 0.640625
vt 0.375000 0.154297
vt 0.791016 0.968750
vt 0.432617 0.234375
vt 0.056641 0.187500
vt 0.656250 0.161133
vt 0.671875 0.171875
vt 0.033203 0.390625
vt 0.612305 0.187500
vt 0.642578 0.765625
vt 0.627930 0.135742
vt 0.000000 0.153320
vt 0.072266 0.218750
vt 0.448242 0.203125
vt 0.791016 0.937500
vt 0.687500 0.161133
vt 0.703125 0.171875
vt 0.593750 0.906250
vt 0.187500 0.421875
vt 0.609375 0.500000
vt 0.640625 0.781250
vt 0.500000 0.218750
vt 0.695312 0.218750
vt 0.718750 0.828125
vt 0.789062 0.312500
vt 0.703125 0.210938
vt 0.781250 0.234375
vt 0.117188 0.218750
vt 0.132812 0.218750
vt 0.750000 0.257812
vt 0.171875 0.234375
vt 0.262695 0.328125
vt 0.021484 0.203125
vt 0.403320 0.328125
vt 0.037109 0.203125
vt 0.593750 0.197266
vt 0.796875 0.400391
vt 0.364258 0.875000
vt 0.083984 0.203125
vt 0.504883 0.546875
vt 0.802734 0.875000
vt 0.750000 0.478516
vt 0.750000 0.468750
vt 0.251953 0.281250
vt 0.162109 0.203125
vt 0.330078 0.281250
vt 0.177734 0.203125
vt 0.718750 0.171875
vt 0.387695 0.828125
vt 0.098633 0.234375
vt 0.387695 0.750000
vt 0.770508 0.781250
vt 0.703125 0.432617
vt 0.465820 0.281250
vt 0.223633 0.218750
vt 0.731445 0.359375
vt 0.239258 0.218750
vt 0.843750 0.604492
vt 0.843750 0.593750
vt 0.536133 0.578125
vt 0.789062 0.218750
vt 0.551758 0.671875
vt 0.007812 0.203125
vt 0.703125 0.960938
vt 0.703125 0.953125
vt 0.250000 0.437500
vt 0.739258 0.171875
vt 0.754883 0.203125
vt 0.765625 0.510742
vt 0.716797 0.703125
vt 0.770508 0.171875
vt 0.716797 0.640625
vt 0.801758 0.218750
vt 0.812500 0.838867
vt 0.685547 0.546875
vt 0.051758 0.156250
vt 0.685547 0.390625
vt 0.067383 0.156250
vt 0.468750 0.198242
vt 0.638672 0.890625
vt 0.817383 0.875000
vt 0.638672 0.828125
vt 0.270508 0.187500
vt 0.781250 0.781250
vt 0.781250 0.765625
vt 0.848633 0.781250
vt 0.781250 0.651367
vt 0.781250 0.635742
vt 0.012695 0.265625
vt 0.254883 0.218750
vt 0.028320 0.265625
vt 0.348633 0.218750
vt 0.421875 0.151367
vt 0.843750 0.578125
vt 0.783203 0.781250
vt 0.254883 0.140625
vt 0.439453 0.250000
vt 0.848633 0.734375
vt 0.482422 0.703125
vt 0.270508 0.140625
vt 0.781250 0.745117
vt 0.781250 0.734375
vt 0.638672 0.765625
vt 0.286133 0.187500
vt 0.638672 0.609375
vt 0.301758 0.156250
vt 0.781250 0.713867
vt 0.781250 0.698242
vt 0.732422 0.875000
vt 0.286133 0.140625
vt 0.748047 0.796875
vt 0.781250 0.682617
vt 0.781250 0.671875
vt 0.501953 0.250000
vt 0.783203 0.484375
vt 0.796875 0.323242
vt 0.796875 0.307617
vt 0.759766 0.750000
vt 0.781250 0.625000
vt 0.781250 0.609375
vt 0.789062 0.875000
vt 0.148438 0.218750
vt 0.765625 0.804688
vt 0.434570 0.328125
vt 0.193359 0.203125
vt 0.465820 0.328125
vt 0.208984 0.203125
vt 0.083008 0.531250
vt 0.380859 0.203125
vt 0.567383 0.906250
vt 0.396484 0.203125
vt 0.750000 0.447266
vt 0.750000 0.359375
vt 0.638672 0.328125
vt 0.317383 0.187500
vt 0.333008 0.187500
vt 0.796875 0.526367
vt 0.796875 0.500000
vt 0.716797 0.359375
vt 0.817383 0.562500
vt 0.716797 0.296875
vt 0.473633 0.187500
vt 0.489258 0.187500
vt 0.504883 0.187500
vt 0.156250 0.218750
vt 0.781250 0.823242
vt 0.736328 0.671875
vt 0.412109 0.203125
vt 0.392578 0.281250
vt 0.802734 0.593750
vt 0.828125 0.244141
vt 0.781250 0.166016
vt 0.859375 0.421875
vt 0.179688 0.500000
vt 0.632812 0.578125
vt 0.289062 0.484375
vt 0.648438 1.000000
vt 0.687500 0.398438
vt 0.875000 0.903320
vt 0.640625 0.640625
vt 0.406250 0.359375
vt 0.570312 0.828125
vt 0.367188 0.375000
vt 0.335938 0.468750
vt 0.648438 0.500000
vt 0.859375 0.203125
vt 0.875000 0.840820
vt 0.369141 1.000000
vt 0.359375 0.468750
vt 0.453125 0.500000
vt 0.875000 1.000000
vt 0.875000 0.984375
vt 0.875000 0.859375
vt 0.343750 0.468750
vt 0.875000 0.937500
vt 0.349609 0.156250
vt 0.875000 0.921875
vt 0.865234 0.622070
vt 0.265625 0.369141
s 1
usemtl m_f49774fa-4bf1-f19d-414e-fc844d5fa0ad
f 7/1/1 2/2/1 4/3/1
f 4/4/2 1/5/2 3/6/2
f 3/7/3 6/8/3 8/9/3
f 7/10/4 6/11/4 5/12/4
f 1/13/5 5/14/5 6/15/5
f 4/16/6 8/17/6 7/18/6
f 15/19/7 10/20/7 12/21/7
f 12/22/2 9/23/2 11/24/2
f 11/25/8 14/26/8 16/19/8
f 16/27/4 13/28/4 15/22/4
f 9/29/9 13/30/9 14/31/9
f 12/32/10 16/33/10 15/34/10
f 23/35/11 18/36/11 20/37/11
f 20/38/2 17/39/2 19/40/2
f 19/41/12 22/42/12 24/43/12
f 23/44/4 22/45/4 21/46/4
f 17/47/13 21/48/13 22/49/13
f 20/50/14 24/51/15 23/52/15
f 28/53/16 29/54/16 26/55/16
f 28/56/17 25/57/17 27/58/17
f 27/59/18 30/60/18 32/61/18
f 32/62/19 29/63/19 31/64/19
f 25/65/20 29/66/20 30/67/20
f 28/68/21 32/69/21 31/70/21
f 36/71/22 37/72/22 34/73/22
f 36/74/17 33/75/17 35/76/17
f 35/77/23 38/78/23 40/79/23
f 39/80/19 38/81/19 37/82/19
f 33/83/24 37/84/24 38/85/24
f 36/86/25 40/87/25 39/88/25
f 47/89/26 42/90/26 44/91/26
f 44/92/27 41/93/27 43/94/27
f 43/95/28 46/96/28 48/97/28
f 48/98/29 45/99/29 47/100/29
f 46/101/30 42/51/30 45/102/30
f 47/103/31 43/51/31 48/102/31
f 52/104/32 53/105/32 50/106/32
f 51/107/27 50/108/27 49/109/27
f 51/110/33 54/111/33 56/112/33
f 55/113/29 54/114/29 53/115/29
f 49/81/34 53/116/34 54/117/34
f 52/118/35 56/116/35 55/119/35
f 63/120/22 58/79/22 60/121/22
f 59/122/17 58/123/17 57/124/17
f 59/125/23 62/126/23 64/127/23
f 64/128/19 61/129/19 63/130/19
f 57/131/24 61/132/24 62/133/24
f 63/134/25 59/135/25 64/136/25
f 71/137/36 66/138/36 68/139/36
f 67/140/37 66/141/37 65/142/37
f 67/143/38 70/144/38 72/106/38
f 72/145/39 69/146/39 71/147/39
f 70/148/40 66/149/40 69/150/40
f 68/151/41 72/152/41 71/153/41
f 79/154/42 74/155/42 76/156/42
f 75/157/37 74/158/37 73/159/37
f 80/160/43 73/161/43 78/162/43
f 80/163/39 77/164/39 79/165/39
f 73/166/44 77/167/44 78/168/44
f 76/169/45 80/170/45 79/171/45
f 87/172/42 82/71/42 84/173/42
f 84/174/37 81/175/37 83/176/37
f 83/177/43 86/178/43 88/126/43
f 88/179/39 85/180/39 87/181/39
f 86/119/44 82/182/44 85/183/44
f 84/184/45 88/185/45 87/186/45
f 95/187/46 90/188/46 92/189/46
f 91/190/47 90/191/47 89/130/47
f 96/192/48 89/193/48 94/194/48
f 96/195/49 93/191/49 95/196/49
f 89/184/50 93/197/50 94/186/50
f 92/198/51 96/197/51 95/199/51
f 100/200/52 101/201/52 98/202/52
f 100/203/47 97/108/47 99/204/47
f 104/205/53 97/206/53 102/207/53
f 104/208/49 101/209/49 103/203/49
f 102/199/54 98/179/54 101/210/54
f 103/211/55 99/212/55 104/213/55
f 111/214/7 106/215/7 108/20/7
f 108/216/2 105/217/2 107/29/2
f 107/218/8 110/219/8 112/220/8
f 112/221/4 109/222/4 111/223/4
f 105/224/9 109/225/9 110/226/9
f 108/227/10 112/228/10 111/229/10
f 119/230/7 114/231/7 116/212/7
f 116/232/2 113/21/2 115/60/2
f 115/233/8 118/234/8 120/230/8
f 120/235/4 117/236/4 119/232/4
f 113/237/9 117/238/9 118/239/9
f 116/240/10 120/241/10 119/242/10
f 127/243/56 122/114/56 124/244/56
f 124/245/57 121/121/57 123/246/57
f 123/247/58 126/240/58 128/248/58
f 128/249/59 125/250/59 127/251/59
f 126/252/9 122/253/9 125/254/9
f 124/254/10 128/255/10 127/256/10
f 135/257/2 130/258/2 132/166/2
f 132/259/8 129/260/8 131/261/8
f 131/262/4 134/263/4 136/257/4
f 136/264/7 133/265/7 135/266/7
f 129/267/9 133/268/9 134/269/9
f 132/268/10 136/270/10 135/271/10
f 143/272/60 138/273/60 140/274/60
f 140/275/61 137/276/61 139/277/61
f 139/278/62 142/279/62 144/280/63
f 144/281/64 141/282/64 143/283/64
f 137/284/65 141/285/65 142/286/65
f 143/287/66 139/288/66 144/289/66
f 151/290/67 146/291/68 148/292/67
f 148/293/69 145/294/69 147/295/69
f 152/296/70 145/297/70 150/298/70
f 152/299/71 149/32/71 151/300/71
f 145/301/72 149/302/72 150/303/72
f 148/304/73 152/305/73 151/306/73
f 159/284/7 154/307/7 156/262/7
f 156/308/2 153/309/2 155/235/2
f 155/301/8 158/310/8 160/284/8
f 160/311/4 157/312/4 159/313/4
f 153/314/9 157/315/9 158/316/9
f 156/315/10 160/317/10 159/318/10
f 167/319/4 162/320/4 164/301/4
f 164/321/7 161/322/7 163/323/7
f 163/267/2 166/324/2 168/319/2
f 168/325/8 165/326/8 167/327/8
f 161/328/9 165/329/9 166/330/9
f 164/271/10 168/331/10 167/332/10
f 175/333/59 170/64/59 172/334/59
f 172/335/56 169/336/56 171/337/56
f 171/338/57 174/339/57 176/333/57
f 176/340/58 173/341/58 175/124/58
f 169/342/9 173/343/9 174/344/9
f 172/345/10 176/346/10 175/347/10
f 180/348/74 181/349/74 178/350/74
f 179/351/75 178/352/75 177/353/75
f 179/354/76 182/355/76 184/356/76
f 183/357/77 182/358/77 181/359/77
f 177/360/78 181/361/78 182/362/78
f 183/363/79 179/364/79 184/365/79
f 191/366/74 186/367/74 188/368/74
f 188/369/75 185/370/75 187/371/75
f 192/372/80 185/373/80 190/374/80
f 192/375/77 189/376/77 191/377/77
f 185/378/81 189/379/81 190/380/81
f 188/381/79 192/382/79 191/383/82
f 199/384/74 194/385/74 196/386/74
f 196/387/83 193/388/83 195/389/83
f 200/390/76 193/391/76 198/392/76
f 199/393/77 198/394/84 197/395/84
f 193/396/85 197/397/85 198/398/85
f 196/399/79 200/400/79 199/401/82
f 207/402/7 202/403/7 204/404/7
f 204/405/86 201/406/86 203/312/86
f 203/407/8 206/408/8 208/409/8
f 208/313/87 205/15/87 207/222/87
f 201/410/88 205/411/88 206/412/88
f 204/413/89 208/414/89 207/415/89
f 215/416/7 210/417/7 212/326/7
f 212/418/2 209/419/2 211/420/2
f 211/421/8 214/31/8 216/30/8
f 216/422/4 213/423/4 215/424/4
f 209/425/9 213/426/9 214/427/9
f 212/428/10 216/429/10 215/430/10
f 223/431/7 218/432/7 220/433/7
f 220/434/2 217/435/2 219/436/2
f 219/437/8 222/438/8 224/439/8
f 224/440/4 221/441/4 223/442/4
f 217/443/9 221/444/9 222/445/9
f 220/446/10 224/447/10 223/448/10
f 231/449/90 226/450/90 228/451/90
f 228/452/2 225/453/2 227/454/2
f 227/455/91 230/140/91 232/456/91
f 231/457/4 230/458/4 229/459/4
f 225/460/92 229/461/92 230/462/92
f 228/463/93 232/464/93 231/465/93
f 239/466/7 234/467/7 236/360/7
f 236/468/2 233/122/2 235/469/2
f 235/470/8 238/471/8 240/472/8
f 240/473/4 237/334/4 239/474/4
f 233/475/9 237/476/9 238/477/9
f 236/478/10 240/479/10 239/480/10
f 247/449/94 242/450/94 244/451/94
f 244/452/4 241/453/4 243/454/4
f 243/455/95 246/140/95 248/456/95
f 248/481/2 245/459/2 247/457/2
f 241/460/96 245/461/96 246/462/96
f 244/463/97 248/464/97 247/465/97
f 255/482/98 250/483/98 252/484/98
f 252/485/2 249/486/2 251/8/2
f 251/487/99 254/404/99 256/388/99
f 255/488/4 254/489/4 253/490/4
f 249/491/100 253/492/100 254/493/100
f 252/494/101 256/495/101 255/496/101
f 263/497/102 258/498/102 260/499/102
f 260/500/2 257/501/2 259/502/2
f 259/503/103 262/504/103 264/505/103
f 263/506/4 262/507/4 261/508/4
f 257/509/104 261/510/104 262/511/104
f 260/512/105 264/513/105 263/514/105
f 271/515/90 266/516/90 268/392/90
f 267/517/106 266/518/106 265/519/106
f 267/520/91 270/521/91 272/522/91
f 271/523/107 270/524/107 269/525/107
f 265/526/108 269/527/108 270/528/108
f 271/529/109 267/530/109 272/531/109
f 276/462/90 277/532/90 274/533/90
f 276/534/110 273/535/110 275/536/110
f 275/537/91 278/538/91 280/539/91
f 279/540/111 278/541/111 277/542/111
f 273/543/112 277/544/112 278/545/112
f 279/546/113 275/436/113 280/547/113
f 287/548/102 282/549/102 284/550/102
f 283/551/114 282/552/115 281/553/115
f 283/554/103 286/555/103 288/556/103
f 287/557/116 286/558/116 285/559/116
f 281/560/117 285/561/118 286/562/118
f 287/563/119 283/564/119 288/565/119
f 292/566/90 293/567/90 290/568/90
f 292/569/120 289/523/120 291/570/120
f 291/571/91 294/344/91 296/346/91
f 295/572/121 294/569/121 293/570/121
f 289/573/122 293/574/122 294/575/122
f 292/576/123 296/577/123 295/578/123
f 303/579/102 298/53/102 300/580/102
f 300/581/2 297/582/2 299/583/2
f 299/584/103 302/585/103 304/586/103
f 304/587/4 301/588/4 303/589/4
f 297/590/104 301/591/104 302/592/104
f 300/593/105 304/594/105 303/595/105
f 311/596/90 306/346/90 308/597/90
f 308/598/109 305/599/109 307/600/109
f 307/601/91 310/602/91 312/603/91
f 311/604/108 310/605/108 309/606/108
f 310/607/106 306/608/106 309/609/106
f 308/610/124 312/611/124 311/612/124
f 319/613/90 314/614/90 316/615/90
f 316/616/113 313/572/113 315/617/113
f 315/618/91 318/619/91 320/620/91
f 319/621/112 318/622/112 317/623/112
f 318/624/110 314/625/110 317/626/110
f 316/627/111 320/628/111 319/629/111
f 324/630/102 325/631/102 322/632/102
f 324/633/118 321/634/118 323/635/118
f 323/636/103 326/637/103 328/638/103
f 328/639/119 325/640/125 327/641/119
f 326/642/126 322/643/116 325/644/126
f 327/645/114 323/646/114 328/647/114
f 332/648/90 333/649/90 330/650/90
f 332/651/127 329/652/127 331/435/127
f 336/653/91 329/654/91 334/424/91
f 336/655/122 333/617/122 335/656/122
f 329/657/120 333/658/120 334/659/120
f 332/660/121 336/661/121 335/662/121
f 343/663/102 338/327/102 340/664/102
f 340/665/2 337/666/2 339/667/2
f 339/668/103 342/669/103 344/670/103
f 343/671/4 342/672/4 341/673/4
f 337/674/104 341/675/104 342/676/104
f 340/677/105 344/678/105 343/679/105
f 351/680/128 346/681/128 348/682/128
f 347/441/2 346/683/2 345/684/2
f 347/685/129 350/686/129 352/687/129
f 352/688/4 349/656/4 351/689/4
f 345/690/130 349/691/130 350/692/130
f 348/693/131 352/694/131 351/695/131
f 359/696/56 354/697/56 356/698/56
f 356/699/57 353/439/57 355/700/57
f 355/147/58 358/701/58 360/702/58
f 360/703/59 357/704/59 359/705/59
f 358/706/9 354/437/9 357/707/9
f 356/708/10 360/709/10 359/710/10
f 367/711/56 362/712/56 364/713/56
f 364/714/57 361/244/57 363/715/57
f 363/716/58 366/717/58 368/718/58
f 368/719/59 365/720/59 367/721/59
f 366/719/9 362/722/9 365/723/9
f 364/724/10 368/723/10 367/725/10
f 375/726/59 370/724/59 372/727/59
f 372/728/56 369/413/56 371/729/56
f 371/730/57 374/727/57 376/731/57
f 376/484/58 373/732/58 375/728/58
f 369/733/9 373/460/9 374/734/9
f 375/462/10 371/734/10 376/735/10
f 383/736/59 378/737/59 380/738/59
f 380/739/56 377/738/56 379/740/56
f 379/741/57 382/740/57 384/742/57
f 384/743/58 381/742/58 383/744/58
f 377/745/9 381/746/9 382/747/9
f 383/748/10 379/749/10 384/746/10
f 391/750/7 386/751/7 388/752/7
f 388/753/2 385/754/2 387/755/2
f 387/86/8 390/756/8 392/757/8
f 392/758/4 389/759/4 391/760/4
f 385/761/9 389/762/9 390/763/9
f 388/764/10 392/765/10 391/766/10
f 399/767/7 394/705/7 396/768/7
f 396/769/2 393/469/2 395/770/2
f 395/771/8 398/772/8 400/767/8
f 400/773/4 397/774/4 399/775/4
f 393/776/9 397/777/9 398/12/9
f 396/778/10 400/779/10 399/780/10
f 407/781/59 402/782/59 404/783/59
f 404/784/56 401/785/56 403/786/56
f 403/787/57 406/58/57 408/788/57
f 408/789/58 405/790/58 407/791/58
f 401/462/9 405/792/9 406/793/9
f 407/794/10 403/736/10 408/795/10
f 415/796/4 410/797/4 412/798/4
f 412/799/7 409/800/7 411/801/7
f 411/802/2 414/803/2 416/804/2
f 416/805/8 413/806/8 415/807/8
f 409/808/9 413/809/9 414/810/9
f 412/811/10 416/812/10 415/813/10
f 423/814/56 418/815/56 420/816/56
f 420/817/57 417/818/57 419/819/57
f 419/820/58 422/821/58 424/822/58
f 424/823/59 421/824/59 423/825/59
f 422/826/9 418/827/9 421/828/9
f 420/829/10 424/830/10 423/831/10
f 431/832/7 426/833/7 428/834/7
f 428/835/2 425/176/2 427/836/2
f 427/837/8 430/838/8 432/839/8
f 432/840/4 429/841/4 431/842/4
f 425/843/9 429/844/9 430/845/9
f 428/846/10 432/847/10 431/848/10
f 439/849/7 434/850/7 436/851/7
f 436/852/2 433/853/2 435/854/2
f 435/855/8 438/856/8 440/857/8
f 440/858/4 437/859/4 439/860/4
f 433/861/9 437/862/9 438/863/9
f 436/864/10 440/865/10 439/866/10
f 447/867/7 442/868/7 444/803/7
f 444/869/2 441/870/2 443/871/2
f 443/872/8 446/17/8 448/224/8
f 448/873/4 445/874/4 447/526/4
f 441/875/9 445/876/9 446/877/9
f 444/878/10 448/879/10 447/880/10
f 455/881/132 450/882/132 452/703/132
f 451/883/133 450/884/133 449/603/133
f 451/885/134 454/886/134 456/887/134
f 456/888/135 453/615/135 455/889/135
f 449/689/136 453/890/136 454/891/136
f 452/892/137 456/893/137 455/894/137
f 463/895/138 458/896/138 460/897/138
f 459/898/139 458/899/139 457/620/139
f 459/900/140 462/901/140 464/902/140
f 464/903/141 461/904/141 463/905/141
f 462/906/136 458/907/136 461/908/136
f 463/909/137 459/910/137 464/911/137
f 471/912/142 466/913/142 468/914/142
f 467/915/143 466/916/143 465/653/143
f 472/917/144 465/918/145 470/919/144
f 471/920/146 470/921/146 469/682/146
f 470/922/136 466/923/136 469/924/136
f 471/925/137 467/729/137 472/926/137
f 479/927/147 474/702/147 476/928/147
f 476/929/148 473/930/149 475/910/148
f 475/931/150 478/932/150 480/933/150
f 480/934/151 477/935/151 479/936/151
f 478/937/152 474/938/152 477/939/152
f 476/940/153 480/941/153 479/942/153
f 487/943/154 482/246/154 484/944/154
f 484/945/155 481/946/155 483/947/155
f 488/948/156 481/949/156 486/950/156
f 487/951/157 486/945/157 485/947/157
f 481/952/158 485/953/158 486/954/158
f 487/955/159 483/956/159 488/957/159
f 495/958/7 490/959/7 492/960/7
f 492/961/2 489/962/2 491/963/2
f 491/964/8 494/965/8 496/966/8
f 496/967/4 493/968/4 495/969/4
f 489/970/9 493/971/9 494/972/9
f 492/973/10 496/974/10 495/975/10
f 500/976/160 501/977/160 498/978/160
f 499/979/161 498/980/148 497/981/148
f 499/982/162 502/983/162 504/623/162
f 503/984/151 502/985/163 501/951/163
f 502/986/164 498/987/164 501/988/164
f 500/989/165 504/990/165 503/991/165
f 508/992/160 509/993/160 506/994/160
f 507/995/166 506/934/166 505/936/166
f 512/996/162 505/997/162 510/998/162
f 512/999/167 509/984/167 511/1000/167
f 505/1001/168 509/1002/168 510/1003/168
f 508/1004/169 512/1005/169 511/1006/169
f 516/364/170 517/931/170 514/933/170
f 516/1007/171 513/1008/171 515/1009/171
f 520/1010/172 513/1011/172 518/1012/172
f 519/1013/173 518/1014/174 517/1015/174
f 513/1016/175 517/1017/175 518/1018/175
f 519/1019/176 515/1020/176 520/1021/176
f 527/1022/177 522/1023/177 524/1024/177
f 523/1025/178 522/1007/178 521/1009/178
f 523/1026/179 526/757/179 528/1027/179
f 528/1028/180 525/1000/180 527/1029/180
f 521/1030/181 525/1031/181 526/1032/181
f 524/1033/182 528/1034/183 527/1035/183
f 535/1036/177 530/1037/177 532/1038/177
f 532/1039/171 529/1013/184 531/1040/171
f 536/808/179 529/1041/179 534/1042/179
f 536/1043/185 533/1029/173 535/1044/185
f 529/746/186 533/1045/186 534/1046/186
f 535/1047/187 531/748/187 536/1048/187
f 540/1049/188 541/1050/188 538/948/188
f 540/1051/189 537/1052/189 539/1053/189
f 539/1054/190 542/1049/190 544/717/190
f 544/1055/191 541/1044/191 543/560/191
f 542/1056/192 538/1057/192 541/1058/192
f 540/1059/193 544/1060/193 543/1061/193
f 551/1062/7 546/1063/7 548/1064/7
f 548/1065/2 545/1066/2 547/1067/2
f 547/1068/8 550/1069/8 552/1062/8
f 552/1070/4 549/474/4 551/1071/4
f 545/1072/9 549/1073/9 550/1074/9
f 548/780/10 552/486/10 551/1075/10
f 559/1076/56 554/1077/56 556/1078/56
f 556/1079/57 553/1080/57 555/1081/57
f 555/1082/58 558/1083/58 560/1084/58
f 560/1085/59 557/1086/59 559/1087/59
f 558/1088/9 554/1089/9 557/1090/9
f 556/1091/10 560/1092/10 559/1093/10
f 567/1094/2 562/61/2 564/1095/2
f 564/1096/8 561/600/8 563/1097/8
f 563/1098/4 566/1099/4 568/1100/4
f 568/1101/7 565/604/7 567/1102/7
f 561/1103/9 565/1104/9 566/1105/9
f 564/1106/10 568/1107/10 567/1108/10
f 572/258/194 573/1109/194 570/1110/195
f 572/1111/196 569/1112/196 571/1052/196
f 571/1113/197 574/917/198 576/1114/198
f 576/1115/199 573/1116/199 575/1117/199
f 569/726/200 573/1118/200 574/1119/200
f 572/1120/201 576/1121/201 575/1122/201
f 583/1123/202 578/1124/202 580/1125/202
f 579/1126/203 578/1127/203 577/1128/203
f 584/1129/204 577/1123/204 582/1125/204
f 584/1130/205 581/1131/205 583/634/205
f 582/1132/200 578/1133/200 581/1134/200
f 580/1135/201 584/1136/201 583/1137/201
f 591/1138/206 586/1139/206 588/1140/206
f 588/1141/207 585/1142/207 587/378/207
f 587/1143/208 590/1140/208 592/142/208
f 592/1144/209 589/1145/209 591/1146/209
f 590/853/200 586/1147/200 589/1148/200
f 591/1149/201 587/1150/201 592/1151/201
f 599/1152/59 594/1153/59 596/1154/59
f 596/1155/56 593/621/56 595/1156/56
f 595/1157/57 598/1158/57 600/1159/57
f 600/1160/58 597/1161/58 599/1162/58
f 593/1163/9 597/1164/9 598/1165/9
f 599/1166/10 595/1167/10 600/1168/10
f 607/1169/210 602/464/211 604/1170/211
f 604/1171/212 601/1151/212 603/1172/212
f 608/1173/213 601/1174/213 606/445/213
f 607/1175/214 606/1176/214 605/1177/214
f 601/1114/215 605/1178/215 606/1124/215
f 604/1179/216 608/1180/216 607/1181/216
f 615/1182/217 610/1183/217 612/1184/217
f 612/1185/212 609/1186/212 611/1187/212
f 611/1188/218 614/24/218 616/1189/218
f 616/1190/214 613/1191/214 615/1192/214
f 609/714/9 613/1193/9 614/1194/9
f 612/1195/10 616/1196/10 615/1197/10
f 620/1198/216 621/1199/216 618/765/216
f 620/1200/212 617/1201/212 619/1202/212
f 619/512/215 622/871/215 624/1203/215
f 623/1204/214 622/1205/214 621/893/214
f 622/901/211 618/1206/211 621/902/211
f 620/1077/213 624/1207/213 623/1208/213
f 631/1209/219 626/472/219 628/1210/219
f 628/1211/220 625/1212/220 627/1213/220
f 627/1214/221 630/698/221 632/1215/221
f 632/1216/222 629/706/222 631/1217/222
f 625/1218/9 629/1219/9 630/1220/9
f 628/1221/10 632/1222/10 631/1223/10
f 636/1224/223 637/1225/223 634/1226/223
f 636/1175/220 633/1227/220 635/1228/220
f 635/1229/224 638/1230/224 640/1231/224
f 639/1232/222 638/1233/222 637/1234/222
f 633/1235/225 637/1236/225 638/450/225
f 639/1237/226 635/1207/226 640/1238/226
f 644/1239/227 645/1240/225 642/1241/227
f 644/1242/220 641/1243/220 643/1244/220
f 648/1245/226 641/1246/226 646/1247/226
f 647/1248/222 646/1249/222 645/1250/222
f 646/875/224 642/1251/224 645/1252/224
f 644/1253/223 648/950/223 647/1254/223
f 655/1209/228 650/472/228 652/1210/228
f 652/1211/229 649/1212/229 651/1213/229
f 651/1214/230 654/698/230 656/1215/230
f 656/1216/231 653/706/231 655/1217/231
f 649/1218/9 653/1219/9 654/1220/9
f 652/1221/10 656/1222/10 655/1223/10
f 663/1255/232 658/1226/232 660/1224/232
f 660/1175/229 657/1227/229 659/1228/229
f 659/1229/233 662/1230/233 664/1231/233
f 663/1232/231 662/1233/231 661/1234/231
f 657/1235/234 661/1236/234 662/450/234
f 660/1208/235 664/1238/235 663/1237/235
f 671/1256/236 666/1241/234 668/1239/234
f 667/1244/229 666/1257/229 665/1243/229
f 667/1258/235 670/1247/235 672/1245/235
f 672/1259/231 669/1250/231 671/1248/231
f 670/875/233 666/1251/233 669/1252/233
f 668/1253/232 672/950/232 671/1254/232
f 679/1182/237 674/1183/237 676/1184/237
f 676/1185/238 673/1186/238 675/1187/238
f 675/1188/239 678/24/239 680/1189/239
f 680/1190/240 677/1191/240 679/1192/240
f 673/714/9 677/1193/9 678/1194/9
f 679/1197/10 675/1260/10 680/1196/10
f 687/1261/241 682/765/241 684/1198/241
f 684/1200/238 681/1201/238 683/1202/238
f 688/1203/242 681/1262/242 686/871/242
f 687/1204/240 686/1205/240 685/893/240
f 686/901/243 682/1206/243 685/902/243
f 684/1077/244 688/1207/244 687/1208/244
f 695/1169/243 690/464/245 692/1170/245
f 692/1171/238 689/1151/238 691/1172/238
f 691/1263/244 694/445/244 696/1173/244
f 696/1264/240 693/1177/240 695/1175/240
f 694/1124/242 690/1265/242 693/1178/242
f 695/1181/241 691/1266/241 696/1180/241
f 703/1182/246 698/1183/246 700/1184/246
f 700/1185/247 697/1186/247 699/1187/247
f 699/1188/248 702/24/248 704/1189/248
f 704/1190/249 701/1191/249 703/1192/249
f 697/714/9 701/1193/9 702/1194/9
f 703/1197/10 699/1260/10 704/1196/10
f 711/1261/250 706/765/250 708/1198/250
f 708/1200/247 705/1201/251 707/1202/251
f 707/512/252 710/871/252 712/1203/252
f 711/1204/249 710/1205/249 709/893/249
f 710/901/253 706/1206/253 709/902/253
f 708/1077/254 712/1207/254 711/1208/254
f 719/1169/253 714/464/253 716/1170/253
f 715/1172/247 714/1267/247 713/1151/247
f 715/1263/255 718/445/254 720/1173/254
f 720/1264/249 717/1177/249 719/1175/249
f 718/1124/252 714/1265/252 717/1178/252
f 716/1179/250 720/1180/250 719/1181/250
f 727/1209/256 722/472/256 724/1210/256
f 724/1211/257 721/1212/257 723/1213/257
f 723/1214/258 726/698/258 728/1215/258
f 728/1216/259 725/706/259 727/1217/259
f 726/1220/9 722/1268/9 725/1219/9
f 724/1221/10 728/1222/10 727/1223/10
f 732/1224/260 733/1225/260 730/1226/260
f 732/1175/257 729/1227/257 731/1228/257
f 731/1229/261 734/1230/261 736/1231/261
f 735/1232/259 734/1233/262 733/1234/259
f 729/1235/263 733/1236/263 734/450/263
f 732/1208/264 736/1238/264 735/1237/264
f 743/1256/263 738/1241/263 740/1239/263
f 740/1242/257 737/1243/257 739/1244/257
f 744/1245/265 737/1246/264 742/1247/265
f 744/1259/259 741/1250/259 743/1248/259
f 737/1269/261 741/1252/261 742/875/261
f 740/1253/260 744/950/260 743/1254/260
f 751/1270/266 746/1271/266 748/1272/266
f 748/223/2 745/1273/2 747/882/2
f 747/1274/267 750/1272/267 752/797/267
f 752/1275/4 749/1276/4 751/1212/4
f 745/1277/268 749/1278/268 750/1279/268
f 748/1280/269 752/1281/269 751/1282/269
f 759/1283/270 754/1284/270 756/1285/270
f 755/1200/2 754/1227/2 753/1286/2
f 755/1287/271 758/1288/271 760/1289/271
f 760/1290/4 757/1291/4 759/1292/4
f 753/1293/272 757/49/272 758/1294/272
f 756/1276/273 760/260/273 759/1295/273
f 767/1296/274 762/1297/274 764/1298/274
f 764/1299/2 761/1117/2 763/1300/2
f 763/1301/275 766/1302/275 768/1303/275
f 767/1304/4 766/1305/4 765/1306/4
f 761/1307/276 765/1308/276 766/1309/276
f 764/1310/277 768/896/277 767/1311/277
f 7/1/1 5/1312/1 2/2/1
f 4/4/2 2/1313/2 1/5/2
f 3/7/3 1/1314/3 6/8/3
f 7/10/4 8/1315/4 6/11/4
f 1/13/5 2/1316/5 5/14/5
f 4/16/6 3/1317/6 8/17/6
f 15/19/7 13/26/7 10/20/7
f 12/22/2 10/28/2 9/23/2
f 11/25/8 9/833/8 14/26/8
f 16/27/4 14/311/4 13/28/4
f 9/29/9 10/1318/9 13/30/9
f 12/32/10 11/1319/10 16/33/10
f 23/35/11 21/585/11 18/36/11
f 20/38/2 18/1320/2 17/39/2
f 19/41/12 17/1321/12 22/42/12
f 23/44/4 24/1322/4 22/45/4
f 17/47/13 18/1323/13 21/48/13
f 20/50/14 19/914/14 24/51/15
f 28/53/16 31/1324/16 29/54/16
f 28/56/17 26/1325/17 25/57/17
f 27/59/18 25/1326/18 30/60/18
f 32/62/19 30/1327/19 29/63/19
f 25/65/20 26/1328/20 29/66/20
f 28/68/21 27/1329/21 32/69/21
f 36/71/22 39/1330/22 37/72/22
f 36/74/17 34/217/17 33/75/17
f 35/77/23 33/1331/23 38/78/23
f 39/80/19 40/182/19 38/81/19
f 33/83/24 34/1332/24 37/84/24
f 36/86/25 35/181/25 40/87/25
f 47/89/26 45/1333/26 42/90/26
f 44/92/27 42/1295/27 41/93/27
f 43/95/28 41/1334/28 46/96/28
f 48/98/29 46/336/29 45/99/29
f 46/101/30 41/1335/30 42/51/30
f 47/103/31 44/52/31 43/51/31
f 52/104/32 55/1336/32 53/105/32
f 51/107/27 52/204/27 50/108/27
f 51/110/33 49/1337/33 54/111/33
f 55/113/29 56/1338/29 54/114/29
f 49/81/34 50/1339/34 53/116/34
f 52/118/35 51/1339/35 56/116/35
f 63/120/22 61/1340/22 58/79/22
f 59/122/17 60/1341/17 58/123/17
f 59/125/23 57/1342/23 62/126/23
f 64/128/19 62/1343/19 61/129/19
f 57/131/24 58/1344/24 61/132/24
f 63/134/25 60/1345/25 59/135/25
f 71/137/36 69/1346/36 66/138/36
f 67/140/37 68/1347/37 66/141/37
f 67/143/38 65/1348/38 70/144/38
f 72/145/39 70/1349/39 69/146/39
f 70/148/40 65/1129/40 66/149/40
f 68/151/41 67/944/41 72/152/41
f 79/154/42 77/1350/42 74/155/42
f 75/157/37 76/1351/37 74/158/37
f 80/160/43 75/1352/43 73/161/43
f 80/163/39 78/1353/39 77/164/39
f 73/166/44 74/1354/44 77/167/44
f 76/169/45 75/409/45 80/170/45
f 87/172/42 85/1330/42 82/71/42
f 84/174/37 82/1355/37 81/175/37
f 83/177/43 81/1356/43 86/178/43
f 88/179/39 86/184/39 85/180/39
f 86/119/44 81/118/44 82/182/44
f 84/184/45 83/1357/45 88/185/45
f 95/187/46 93/1358/46 90/188/46
f 91/190/47 92/196/47 90/191/47
f 96/192/48 91/1359/48 89/193/48
f 96/195/49 94/1360/49 93/191/49
f 89/184/50 90/1361/50 93/197/50
f 92/198/51 91/1361/51 96/197/51
f 100/200/52 103/1362/52 101/201/52
f 100/203/47 98/209/47 97/108/47
f 104/205/53 99/1363/53 97/206/53
f 104/208/49 102/1364/49 101/209/49
f 102/199/54 97/198/54 98/179/54
f 103/211/55 100/1037/55 99/212/55
f 111/214/7 109/1365/7 106/215/7
f 108/216/2 106/1366/2 105/217/2
f 107/218/8 105/1367/8 110/219/8
f 112/221/4 110/1368/4 109/222/4
f 105/224/9 106/1369/9 109/225/9
f 108/227/10 107/33/10 112/228/10
f 119/230/7 117/234/7 114/231/7
f 116/232/2 114/236/2 113/21/2
f 115/233/8 113/1237/8 118/234/8
f 120/235/4 118/309/4 117/236/4
f 113/237/9 114/1370/9 117/238/9
f 116/240/10 115/1371/10 120/241/10
f 127/243/56 125/298/56 122/114/56
f 124/245/57 122/1372/57 121/121/57
f 123/247/58 121/242/58 126/240/58
f 128/249/59 126/1373/59 125/250/59
f 126/252/9 121/1374/9 122/253/9
f 124/254/10 123/252/10 128/255/10
f 135/257/2 133/263/2 130/258/2
f 132/259/8 130/1375/8 129/260/8
f 131/262/4 129/307/4 134/263/4
f 136/264/7 134/1376/7 133/265/7
f 129/267/9 130/1377/9 133/268/9
f 132/268/10 131/269/10 136/270/10
f 143/272/60 141/1378/278 138/273/60
f 140/275/61 138/1379/61 137/276/61
f 139/278/62 137/1380/62 142/279/62
f 144/281/64 142/1381/64 141/282/64
f 137/284/65 138/1382/65 141/285/65
f 143/287/66 140/1383/66 139/288/66
f 151/290/67 149/1384/68 146/291/68
f 148/293/69 146/1385/69 145/294/69
f 152/296/70 147/1386/279 145/297/70
f 152/299/71 150/1387/71 149/32/71
f 145/301/72 146/1388/72 149/302/72
f 148/304/73 147/319/73 152/305/73
f 159/284/7 157/310/7 154/307/7
f 156/308/2 154/406/2 153/309/2
f 155/301/8 153/320/8 158/310/8
f 160/311/4 158/55/4 157/312/4
f 153/314/9 154/821/9 157/315/9
f 156/315/10 155/316/10 160/317/10
f 167/319/4 165/324/4 162/320/4
f 164/321/7 162/1389/7 161/322/7
f 163/267/2 161/1125/2 166/324/2
f 168/325/8 166/1390/8 165/326/8
f 161/328/9 162/1391/9 165/329/9
f 164/271/10 163/270/10 168/331/10
f 175/333/59 173/339/59 170/64/59
f 172/335/56 170/1392/56 169/336/56
f 171/338/57 169/1393/57 174/339/57
f 176/340/58 174/1394/58 173/341/58
f 169/342/9 170/1395/9 173/343/9
f 172/345/10 171/1396/10 176/346/10
f 180/348/74 183/1397/74 181/349/74
f 179/351/75 180/1398/75 178/352/75
f 179/354/76 177/1399/76 182/355/76
f 183/357/77 184/1400/77 182/358/77
f 177/360/78 178/1401/78 181/361/78
f 183/363/79 180/1402/79 179/364/79
f 191/366/74 189/1403/74 186/367/74
f 188/369/75 186/1404/75 185/370/75
f 192/372/80 187/1405/80 185/373/80
f 192/375/77 190/1406/77 189/376/77
f 185/378/81 186/1407/78 189/379/81
f 188/381/79 187/1146/79 192/382/79
f 199/384/74 197/1408/74 194/385/74
f 196/387/83 194/1409/83 193/388/83
f 200/390/76 195/1410/76 193/391/76
f 199/393/77 200/1411/77 198/394/84
f 193/396/85 194/1412/81 197/397/85
f 196/399/79 195/1413/79 200/400/79
f 207/402/7 205/1414/7 202/403/7
f 204/405/86 202/25/86 201/406/86
f 203/407/8 201/1415/8 206/408/8
f 208/313/87 206/308/87 205/15/87
f 201/410/88 202/1307/88 205/411/88
f 204/413/89 203/1038/89 208/414/89
f 215/416/7 213/1416/7 210/417/7
f 212/418/2 210/1417/2 209/419/2
f 211/421/8 209/1418/8 214/31/8
f 216/422/4 214/1419/4 213/423/4
f 209/425/9 210/1420/9 213/426/9
f 212/428/10 211/1421/10 216/429/10
f 223/431/7 221/1186/7 218/432/7
f 220/434/2 218/1422/2 217/435/2
f 219/437/8 217/1423/8 222/438/8
f 224/440/4 222/1424/4 221/441/4
f 217/443/9 218/1425/9 221/444/9
f 220/446/10 219/1426/10 224/447/10
f 231/449/90 229/46/90 226/450/90
f 228/452/2 226/1427/2 225/453/2
f 227/455/91 225/39/91 230/140/91
f 231/457/4 232/481/4 230/458/4
f 225/460/92 226/1428/92 229/461/92
f 228/463/93 227/1429/93 232/464/93
f 239/466/7 237/1430/7 234/467/7
f 236/468/2 234/1341/2 233/122/2
f 235/470/8 233/1431/8 238/471/8
f 240/473/4 238/1432/4 237/334/4
f 233/475/9 234/1433/9 237/476/9
f 236/478/10 235/1434/10 240/479/10
f 247/449/94 245/46/94 242/450/94
f 244/452/4 242/1427/4 241/453/4
f 243/455/95 241/39/95 246/140/95
f 248/481/2 246/458/2 245/459/2
f 241/460/96 242/1428/96 245/461/96
f 244/463/97 243/1429/97 248/464/97
f 255/482/98 253/1435/98 250/483/98
f 252/485/2 250/1436/2 249/486/2
f 251/487/99 249/1437/99 254/404/99
f 255/488/4 256/1438/4 254/489/4
f 249/491/100 250/1439/100 253/492/100
f 252/494/101 251/755/101 256/495/101
f 263/497/102 261/1440/102 258/498/102
f 260/500/2 258/1441/2 257/501/2
f 259/503/103 257/1442/103 262/504/103
f 263/506/4 264/1443/4 262/507/4
f 257/509/104 258/1444/104 261/510/104
f 260/512/105 259/1262/105 264/513/105
f 271/515/90 269/1445/90 266/516/90
f 267/517/106 268/1446/106 266/518/106
f 267/520/91 265/1447/91 270/521/91
f 271/523/107 272/1448/107 270/524/107
f 265/526/108 266/1449/108 269/527/108
f 271/529/109 268/1450/109 267/530/109
f 276/462/90 279/1451/90 277/532/90
f 276/534/110 274/1452/110 273/535/110
f 275/537/91 273/1453/91 278/538/91
f 279/540/111 280/1454/111 278/541/111
f 273/543/112 274/1455/112 277/544/112
f 279/546/113 276/1456/113 275/436/113
f 287/548/102 285/1457/102 282/549/102
f 283/551/114 284/1458/114 282/552/115
f 283/554/103 281/1459/103 286/555/103
f 287/557/116 288/1460/116 286/558/116
f 281/560/117 282/1461/117 285/561/118
f 287/563/119 284/1462/119 283/564/119
f 292/566/90 295/1463/90 293/567/90
f 292/569/120 290/1448/120 289/523/120
f 291/571/91 289/1464/91 294/344/91
f 295/572/121 296/1465/121 294/569/121
f 289/573/122 290/1466/122 293/574/122
f 292/576/123 291/442/123 296/577/123
f 303/579/102 301/1467/102 298/53/102
f 300/581/2 298/1468/2 297/582/2
f 299/584/103 297/1469/103 302/585/103
f 304/587/4 302/1470/4 301/588/4
f 297/590/104 298/1471/104 301/591/104
f 300/593/105 299/1472/105 304/594/105
f 311/596/90 309/571/90 306/346/90
f 308/598/109 306/1473/109 305/599/109
f 307/601/91 305/1474/91 310/602/91
f 311/604/108 312/1475/108 310/605/108
f 310/607/106 305/891/106 306/608/106
f 308/610/124 307/1476/124 312/611/124
f 319/613/90 317/1477/90 314/614/90
f 316/616/113 314/1465/113 313/572/113
f 315/618/91 313/1478/91 318/619/91
f 319/621/112 320/1479/112 318/622/112
f 318/624/110 313/1480/110 314/625/110
f 316/627/111 315/1481/111 320/628/111
f 324/630/102 327/1482/102 325/631/102
f 324/633/118 322/1483/118 321/634/118
f 323/636/103 321/1484/103 326/637/103
f 328/639/119 326/1485/125 325/640/125
f 326/642/126 321/1486/116 322/643/116
f 327/645/114 324/1487/114 323/646/114
f 332/648/90 335/1488/90 333/649/90
f 332/651/127 330/1489/127 329/652/127
f 336/653/91 331/1490/91 329/654/91
f 336/655/122 334/616/122 333/617/122
f 329/657/120 330/1491/120 333/658/120
f 332/660/121 331/1492/121 336/661/121
f 343/663/102 341/1493/102 338/327/102
f 340/665/2 338/1494/2 337/666/2
f 339/668/103 337/1495/103 342/669/103
f 343/671/4 344/1496/4 342/672/4
f 337/674/104 338/1497/104 341/675/104
f 340/677/105 339/915/105 344/678/105
f 351/680/128 349/1498/128 346/681/128
f 347/441/2 348/1499/2 346/683/2
f 347/685/129 345/1500/129 350/686/129
f 352/688/4 350/655/4 349/656/4
f 345/690/130 346/1501/130 349/691/130
f 348/693/131 347/1502/131 352/694/131
f 359/696/56 357/27/56 354/697/56
f 356/699/57 354/1139/57 353/439/57
f 355/147/58 353/1503/58 358/701/58
f 360/703/59 358/1504/59 357/704/59
f 358/706/9 353/1505/9 354/437/9
f 356/708/10 355/1506/10 360/709/10
f 367/711/56 365/188/56 362/712/56
f 364/714/57 362/243/57 361/244/57
f 363/716/58 361/131/58 366/717/58
f 368/719/59 366/1161/59 365/720/59
f 366/719/9 361/721/9 362/722/9
f 364/724/10 363/722/10 368/723/10
f 375/726/59 373/725/59 370/724/59
f 372/728/56 370/732/56 369/413/56
f 371/730/57 369/726/57 374/727/57
f 376/484/58 374/1507/58 373/732/58
f 369/733/9 370/395/9 373/460/9
f 375/462/10 372/460/10 371/734/10
f 383/736/59 381/1429/59 378/737/59
f 380/739/56 378/736/56 377/738/56
f 379/741/57 377/739/57 382/740/57
f 384/743/58 382/741/58 381/742/58
f 377/745/9 378/749/9 381/746/9
f 383/748/10 380/759/10 379/749/10
f 391/750/7 389/1099/7 386/751/7
f 388/753/2 386/1508/2 385/754/2
f 387/86/8 385/1509/8 390/756/8
f 392/758/4 390/1510/4 389/759/4
f 385/761/9 386/1511/9 389/762/9
f 388/764/10 387/1512/10 392/765/10
f 399/767/7 397/772/7 394/705/7
f 396/769/2 394/1513/2 393/469/2
f 395/771/8 393/410/8 398/772/8
f 400/773/4 398/1514/4 397/774/4
f 393/776/9 394/1515/9 397/777/9
f 396/778/10 395/1516/10 400/779/10
f 407/781/59 405/1517/59 402/782/59
f 404/784/56 402/1518/56 401/785/56
f 403/787/57 401/1519/57 406/58/57
f 408/789/58 406/1520/58 405/790/58
f 401/462/9 402/1521/9 405/792/9
f 407/794/10 404/1522/10 403/736/10
f 415/796/4 413/1523/4 410/797/4
f 412/799/7 410/1524/7 409/800/7
f 411/802/2 409/1525/2 414/803/2
f 416/805/8 414/1526/8 413/806/8
f 409/808/9 410/1527/9 413/809/9
f 412/811/10 411/1528/10 416/812/10
f 423/814/56 421/1529/56 418/815/56
f 420/817/57 418/1530/57 417/818/57
f 419/820/58 417/1531/58 422/821/58
f 424/823/59 422/1532/59 421/824/59
f 422/826/9 417/1533/9 418/827/9
f 420/829/10 419/889/10 424/830/10
f 431/832/7 429/1534/7 426/833/7
f 428/835/2 426/1535/2 425/176/2
f 427/837/8 425/1536/8 430/838/8
f 432/840/4 430/1537/4 429/841/4
f 425/843/9 426/1538/9 429/844/9
f 428/846/10 427/80/10 432/847/10
f 439/849/7 437/1539/7 434/850/7
f 436/852/2 434/1540/2 433/853/2
f 435/855/8 433/1541/8 438/856/8
f 440/858/4 438/1542/4 437/859/4
f 433/861/9 434/1543/9 437/862/9
f 436/864/10 435/1544/10 440/865/10
f 447/867/7 445/1545/7 442/868/7
f 444/869/2 442/1546/2 441/870/2
f 443/872/8 441/1547/8 446/17/8
f 448/873/4 446/1548/4 445/874/4
f 441/875/9 442/1549/9 445/876/9
f 444/878/10 443/1550/10 448/879/10
f 455/881/132 453/1551/132 450/882/132
f 451/883/133 452/1552/133 450/884/133
f 451/885/134 449/1421/134 454/886/134
f 456/888/135 454/1553/135 453/615/135
f 449/689/136 450/1554/136 453/890/136
f 452/892/137 451/687/137 456/893/137
f 463/895/138 461/1555/138 458/896/138
f 459/898/139 460/1556/139 458/899/139
f 459/900/140 457/1557/140 462/901/140
f 464/903/141 462/1558/141 461/904/141
f 462/906/136 457/447/136 458/907/136
f 463/909/137 460/1559/137 459/910/137
f 471/912/142 469/1560/280 466/913/142
f 467/915/143 468/1561/143 466/916/143
f 472/917/144 467/1562/145 465/918/145
f 471/920/146 472/1563/146 470/921/146
f 470/922/136 465/725/136 466/923/136
f 471/925/137 468/1564/137 467/729/137
f 479/927/147 477/1565/147 474/702/147
f 476/929/148 474/1566/149 473/930/149
f 475/931/150 473/1567/150 478/932/150
f 480/934/151 478/1568/151 477/935/151
f 478/937/152 473/1569/152 474/938/152
f 476/940/153 475/1570/153 480/941/153
f 487/943/154 485/249/154 482/246/154
f 484/945/155 482/1571/155 481/946/155
f 488/948/156 483/1050/156 481/949/156
f 487/951/157 488/985/157 486/945/157
f 481/952/158 482/1572/158 485/953/158
f 487/955/159 484/1573/159 483/956/159
f 495/958/7 493/1574/7 490/959/7
f 492/961/2 490/1575/2 489/962/2
f 491/964/8 489/1576/8 494/965/8
f 496/967/4 494/1577/4 493/968/4
f 489/970/9 490/1578/9 493/971/9
f 492/973/10 491/1579/10 496/974/10
f 500/976/160 503/1580/160 501/977/160
f 499/979/161 500/1581/161 498/980/148
f 499/982/162 497/1582/162 502/983/162
f 503/984/151 504/1583/151 502/985/163
f 502/986/164 497/741/164 498/987/164
f 500/989/165 499/747/165 504/990/165
f 508/992/160 511/1584/160 509/993/160
f 507/995/166 508/1585/166 506/934/166
f 512/996/162 507/1555/162 505/997/162
f 512/999/167 510/1583/167 509/984/167
f 505/1001/168 506/1586/168 509/1002/168
f 508/1004/169 507/1587/169 512/1005/169
f 516/364/170 519/1588/170 517/931/170
f 516/1007/171 514/1589/171 513/1008/171
f 520/1010/172 515/1590/172 513/1011/172
f 519/1013/173 520/1591/173 518/1014/174
f 513/1016/175 514/1592/175 517/1017/175
f 519/1019/176 516/1593/176 515/1020/176
f 527/1022/177 525/1594/177 522/1023/177
f 523/1025/178 524/1595/178 522/1007/178
f 523/1026/179 521/1596/179 526/757/179
f 528/1028/180 526/999/180 525/1000/180
f 521/1030/181 522/1597/181 525/1031/181
f 524/1033/182 523/1598/182 528/1034/183
f 535/1036/177 533/1599/177 530/1037/177
f 532/1039/171 530/1591/184 529/1013/184
f 536/808/179 531/1600/179 529/1041/179
f 536/1043/185 534/1028/173 533/1029/173
f 529/746/186 530/1601/186 533/1045/186
f 535/1047/187 532/1602/187 531/748/187
f 540/1049/188 543/1603/188 541/1050/188
f 540/1051/189 538/1111/189 537/1052/189
f 539/1054/190 537/1603/190 542/1049/190
f 544/1055/191 542/1043/191 541/1044/191
f 542/1056/192 537/1604/192 538/1057/192
f 540/1059/193 539/1605/193 544/1060/193
f 551/1062/7 549/1069/7 546/1063/7
f 548/1065/2 546/1606/2 545/1066/2
f 547/1068/8 545/498/8 550/1069/8
f 552/1070/4 550/1607/4 549/474/4
f 545/1072/9 546/1608/9 549/1073/9
f 548/780/10 547/779/10 552/486/10
f 559/1076/56 557/1609/56 554/1077/56
f 556/1079/57 554/1610/57 553/1080/57
f 555/1082/58 553/1611/58 558/1083/58
f 560/1085/59 558/1612/59 557/1086/59
f 558/1088/9 553/739/9 554/1089/9
f 556/1091/10 555/566/10 560/1092/10
f 567/1094/2 565/1613/2 562/61/2
f 564/1096/8 562/1614/8 561/600/8
f 563/1098/4 561/1615/4 566/1099/4
f 568/1101/7 566/1616/7 565/604/7
f 561/1103/9 562/1617/9 565/1104/9
f 564/1106/10 563/1618/10 568/1107/10
f 572/258/194 575/1619/194 573/1109/194
f 572/1111/196 570/1620/196 569/1112/196
f 571/1113/197 569/1562/197 574/917/198
f 576/1115/199 574/1621/199 573/1116/199
f 569/726/200 570/1622/200 573/1118/200
f 572/1120/201 571/1623/201 576/1121/201
f 583/1123/202 581/1624/202 578/1124/202
f 579/1126/203 580/1625/203 578/1127/203
f 584/1129/204 579/1626/204 577/1123/204
f 584/1130/205 582/1627/205 581/1131/205
f 582/1132/200 577/1074/200 578/1133/200
f 580/1135/201 579/1126/201 584/1136/201
f 591/1138/206 589/707/206 586/1139/206
f 588/1141/207 586/1628/207 585/1142/207
f 587/1143/208 585/1138/208 590/1140/208
f 592/1144/209 590/1629/209 589/1145/209
f 590/853/200 585/1630/200 586/1147/200
f 591/1149/201 588/1631/201 587/1150/201
f 599/1152/59 597/1632/59 594/1153/59
f 596/1155/56 594/1633/56 593/621/56
f 595/1157/57 593/1634/57 598/1158/57
f 600/1160/58 598/1635/58 597/1161/58
f 593/1163/9 594/1636/9 597/1164/9
f 599/1166/10 596/1637/10 595/1167/10
f 607/1169/210 605/1638/210 602/464/211
f 604/1171/212 602/1267/212 601/1151/212
f 608/1173/213 603/1263/213 601/1174/213
f 607/1175/214 608/1264/214 606/1176/214
f 601/1114/215 602/1265/215 605/1178/215
f 604/1179/216 603/1266/216 608/1180/216
f 615/1182/217 613/1639/217 610/1183/217
f 612/1185/212 610/1640/212 609/1186/212
f 611/1188/218 609/1641/218 614/24/218
f 616/1190/214 614/1642/214 613/1191/214
f 609/714/9 610/1643/9 613/1193/9
f 612/1195/10 611/1260/10 616/1196/10
f 620/1198/216 623/1261/216 621/1199/216
f 620/1200/212 618/1286/212 617/1201/212
f 619/512/215 617/1262/215 622/871/215
f 623/1204/214 624/1644/214 622/1205/214
f 622/901/211 617/1645/211 618/1206/211
f 620/1077/213 619/1646/213 624/1207/213
f 631/1209/219 629/1647/219 626/472/219
f 628/1211/220 626/1648/220 625/1212/220
f 627/1214/221 625/1649/221 630/698/221
f 632/1216/222 630/1650/222 629/706/222
f 625/1218/9 626/1268/9 629/1219/9
f 628/1221/10 627/1180/10 632/1222/10
f 636/1224/223 639/1255/223 637/1225/223
f 636/1175/220 634/1177/220 633/1227/220
f 635/1229/224 633/1651/224 638/1230/224
f 639/1232/222 640/1652/222 638/1233/222
f 633/1235/225 634/913/225 637/1236/225
f 639/1237/226 636/1208/226 635/1207/226
f 644/1239/227 647/1256/225 645/1240/225
f 644/1242/220 642/1257/220 641/1243/220
f 648/1245/226 643/1258/226 641/1246/226
f 647/1248/222 648/1259/222 646/1249/222
f 646/875/224 641/1269/224 642/1251/224
f 644/1253/223 643/709/223 648/950/223
f 655/1209/228 653/1647/228 650/472/228
f 652/1211/229 650/1648/229 649/1212/229
f 651/1214/230 649/1649/230 654/698/230
f 656/1216/231 654/1650/231 653/706/231
f 649/1218/9 650/1268/9 653/1219/9
f 652/1221/10 651/1180/10 656/1222/10
f 663/1255/232 661/1225/232 658/1226/232
f 660/1175/229 658/1177/229 657/1227/229
f 659/1229/233 657/1651/233 662/1230/233
f 663/1232/231 664/1652/231 662/1233/231
f 657/1235/234 658/913/234 661/1236/234
f 660/1208/235 659/1207/235 664/1238/235
f 671/1256/236 669/1240/236 666/1241/234
f 667/1244/229 668/1242/229 666/1257/229
f 667/1258/235 665/1246/235 670/1247/235
f 672/1259/231 670/1249/231 669/1250/231
f 670/875/233 665/1269/233 666/1251/233
f 668/1253/232 667/709/232 672/950/232
f 679/1182/237 677/1639/237 674/1183/237
f 676/1185/238 674/1640/238 673/1186/238
f 675/1188/239 673/1641/239 678/24/239
f 680/1190/240 678/1642/240 677/1191/240
f 673/714/9 674/1643/9 677/1193/9
f 679/1197/10 676/1195/10 675/1260/10
f 687/1261/241 685/1199/241 682/765/241
f 684/1200/238 682/1286/238 681/1201/238
f 688/1203/242 683/512/242 681/1262/242
f 687/1204/240 688/1644/240 686/1205/240
f 686/901/243 681/1645/243 682/1206/243
f 684/1077/244 683/1646/244 688/1207/244
f 695/1169/243 693/1638/243 690/464/245
f 692/1171/238 690/1267/238 689/1151/238
f 691/1263/244 689/1174/244 694/445/244
f 696/1264/240 694/1176/240 693/1177/240
f 694/1124/242 689/1114/242 690/1265/242
f 695/1181/241 692/1179/241 691/1266/241
f 703/1182/246 701/1639/246 698/1183/246
f 700/1185/247 698/1640/247 697/1186/247
f 699/1188/248 697/1641/248 702/24/248
f 704/1190/249 702/1642/249 701/1191/249
f 697/714/9 698/1643/9 701/1193/9
f 703/1197/10 700/1195/10 699/1260/10
f 711/1261/250 709/1199/250 706/765/250
f 708/1200/247 706/1286/247 705/1201/251
f 707/512/252 705/1262/252 710/871/252
f 711/1204/249 712/1644/249 710/1205/249
f 710/901/253 705/1645/253 706/1206/253
f 708/1077/254 707/1646/254 712/1207/254
f 719/1169/253 717/1638/253 714/464/253
f 715/1172/247 716/1171/247 714/1267/247
f 715/1263/255 713/1174/255 718/445/254
f 720/1264/249 718/1176/249 717/1177/249
f 718/1124/252 713/1114/252 714/1265/252
f 716/1179/250 715/1266/250 720/1180/250
f 727/1209/256 725/1647/256 722/472/256
f 724/1211/257 722/1648/257 721/1212/257
f 723/1214/258 721/1649/258 726/698/258
f 728/1216/259 726/1650/259 725/706/259
f 726/1220/9 721/1218/9 722/1268/9
f 724/1221/10 723/1180/10 728/1222/10
f 732/1224/260 735/1255/260 733/1225/260
f 732/1175/257 730/1177/257 729/1227/257
f 731/1229/261 729/1651/261 734/1230/261
f 735/1232/259 736/1652/262 734/1233/262
f 729/1235/263 730/913/263 733/1236/263
f 732/1208/264 731/1207/264 736/1238/264
f 743/1256/263 741/1240/263 738/1241/263
f 740/1242/257 738/1257/257 737/1243/257
f 744/1245/265 739/1258/264 737/1246/264
f 744/1259/259 742/1249/259 741/1250/259
f 737/1269/261 738/1251/261 741/1252/261
f 740/1253/260 739/709/260 744/950/260
f 751/1270/266 749/1653/266 746/1271/266
f 748/223/2 746/238/2 745/1273/2
f 747/1274/267 745/1270/267 750/1272/267
f 752/1275/4 750/57/4 749/1276/4
f 745/1277/268 746/1654/268 749/1278/268
f 748/1280/269 747/1655/269 752/1281/269
f 759/1283/270 757/1656/270 754/1284/270
f 755/1200/2 756/1228/2 754/1227/2
f 755/1287/271 753/1657/271 758/1288/271
f 760/1290/4 758/1658/4 757/1291/4
f 753/1293/272 754/47/272 757/49/272
f 756/1276/273 755/1659/273 760/260/273
f 767/1296/274 765/1660/274 762/1297/274
f 764/1299/2 762/1661/2 761/1117/2
f 763/1301/275 761/1662/275 766/1302/275
f 767/1304/4 768/1663/4 766/1305/4
f 761/1307/276 762/1664/276 765/1308/276
f 764/1310/277 763/48/277 768/896/277
