# Made in Blockbench 5.2.1
mtllib defender_iii.mtl

o defender_iii
v -0.15625 0.944221 0.374856
v 0.15625 0.939437 0.386404
v 0.15625 0.944221 0.374856
v 0.15625 0.743113 0.305084
v 0.15625 0.747896 0.293535
v -0.15625 0.743113 0.305084
v -0.15625 0.747896 0.293535
v -0.15625 0.939437 0.386404
v -0.177825 1.25 0.213456
v -0.177825 1.375 0.213456
v -0.177825 1.25 0.213456
v -0.255438 1.25 0.253859
v -0.255438 1.25 0.253859
v -0.255438 1.375 0.253859
v -0.255438 1.375 0.253859
v -0.177825 1.375 0.213456
v -0.048272 1.26875 -0.241522
v -0.048272 1.39375 -0.241522
v -0.048272 1.26875 -0.241522
v -0.125886 1.26875 -0.201119
v -0.125886 1.26875 -0.201119
v -0.125886 1.39375 -0.201119
v -0.125886 1.39375 -0.201119
v -0.048272 1.39375 -0.241522
v -0.25 0.75 -0.225
v 0.25 1.25 -0.225
v 0.25 0.75 -0.225
v 0.25 1.25 -0.1
v 0.25 0.75 -0.1
v -0.25 1.25 -0.1
v -0.25 0.75 -0.1
v -0.25 1.25 -0.225
v -0.15625 1.248634 -0.224506
v 0.15625 1.450377 -0.181624
v 0.15625 1.248634 -0.224506
v 0.15625 1.437383 -0.12049
v 0.15625 1.23564 -0.163371
v -0.15625 1.437383 -0.12049
v -0.15625 1.23564 -0.163371
v -0.15625 1.450377 -0.181624
v -0.029967 1.17415 -0.210385
v -0.322788 1.536602 -0.140271
v -0.155147 1.584849 -0.126348
v -0.156641 1.570634 -0.0591
v -0.031461 1.159934 -0.143137
v -0.324282 1.522386 -0.073024
v -0.199102 1.111687 -0.157061
v -0.197608 1.125903 -0.224309
v -0.16127 1.581834 -0.120732
v -0.347637 1.568396 0.048738
v -0.185983 1.61492 0.062164
v -0.170053 1.555863 0.075
v -0.14534 1.522777 -0.107895
v -0.331706 1.509339 0.061574
v -0.306993 1.476253 -0.121322
v -0.322924 1.53531 -0.134158
v -0.329924 1.487518 0.139166
v -0.168052 1.557628 0.046174
v -0.168349 1.534985 0.149982
v -0.186082 1.616107 0.058878
v -0.186379 1.593464 0.162686
v -0.347657 1.56864 0.048061
v -0.347954 1.545997 0.15187
v -0.329627 1.510161 0.035357
v -0.096705 1.295996 0.128528
v -0.342516 1.541637 0.08976
v -0.180941 1.589103 0.100576
v -0.102143 1.300356 0.190638
v -0.186379 1.593464 0.162686
v -0.347954 1.545997 0.15187
v -0.263718 1.25289 0.179822
v -0.25828 1.248529 0.117712
v -0.319353 1.544041 -0.128848
v -0.194387 1.620206 0.06648
v -0.169674 1.587119 -0.116416
v -0.152151 1.522157 -0.102296
v -0.176864 1.555243 0.080599
v -0.326543 1.512165 0.068167
v -0.30183 1.479079 -0.114728
v -0.344066 1.577128 0.054048
v 0.029967 1.17415 -0.210385
v 0.322788 1.536602 -0.140271
v 0.197608 1.125903 -0.224309
v 0.199102 1.111687 -0.157061
v 0.324282 1.522386 -0.073024
v 0.156641 1.570634 -0.0591
v 0.031461 1.159934 -0.143137
v 0.155147 1.584849 -0.126348
v 0.174838 1.584293 -0.12301
v 0.33396 1.573336 0.024062
v 0.312542 1.544662 -0.134447
v 0.295019 1.479699 -0.120327
v 0.316437 1.508374 0.038182
v 0.157314 1.519331 -0.10889
v 0.178732 1.548006 0.049619
v 0.196256 1.612968 0.0355
v 0.16127 1.581834 -0.120732
v 0.347637 1.568396 0.048738
v 0.322924 1.53531 -0.134158
v 0.331706 1.509339 0.061574
v 0.306993 1.476253 -0.121322
v 0.170053 1.555863 0.075
v 0.14534 1.522777 -0.107895
v 0.185983 1.61492 0.062164
v 0.168349 1.534985 0.149982
v 0.329627 1.510161 0.035357
v 0.329924 1.487518 0.139166
v 0.347954 1.545997 0.15187
v 0.347657 1.56864 0.048061
v 0.186379 1.593464 0.162686
v 0.186082 1.616107 0.058878
v 0.168052 1.557628 0.046174
v 0.25828 1.248529 0.117712
v 0.180941 1.589103 0.100576
v 0.342516 1.541637 0.08976
v 0.347954 1.545997 0.15187
v 0.263718 1.25289 0.179822
v 0.102143 1.300356 0.190638
v 0.186379 1.593464 0.162686
v 0.096705 1.295996 0.128528
v -0.265625 0.75 0.10625
v 0.265625 1.4375 0.10625
v 0.265625 0.75 0.10625
v 0.265625 1.4375 0.2
v 0.265625 0.75 0.2
v -0.265625 1.4375 0.2
v -0.265625 0.75 0.2
v -0.265625 1.4375 0.10625
v -0.3125 0.8125 -0.1625
v -0.25 1.0625 -0.1625
v -0.25 0.8125 -0.1625
v -0.25 1.0625 0.15
v -0.25 0.8125 0.15
v -0.3125 1.0625 0.15
v -0.3125 0.8125 0.15
v -0.3125 1.0625 -0.1625
v -0.241789 0.8125 -0.233211
v -0.197595 1.0625 -0.189017
v -0.197595 0.8125 -0.189017
v -0.268306 1.0625 -0.118306
v -0.268306 0.8125 -0.118306
v -0.3125 1.0625 -0.1625
v -0.3125 0.8125 -0.1625
v -0.241789 1.0625 -0.233211
v -0.103125 0.8125 -0.240625
v -0.103125 1.0625 -0.178125
v -0.103125 0.8125 -0.178125
v -0.25 1.0625 -0.178125
v -0.25 0.8125 -0.178125
v -0.25 1.0625 -0.240625
v -0.25 0.8125 -0.240625
v -0.103125 1.0625 -0.240625
v -0.292708 0.874626 0.024153
v -0.210012 1.047464 -0.212043
v -0.243202 0.874975 0.031156
v -0.226712 1.20598 -0.101894
v -0.259901 1.033491 0.141305
v -0.276218 1.205631 -0.108898
v -0.309407 1.033142 0.134302
v -0.259518 1.047115 -0.219047
v 0.243202 0.874975 0.031156
v 0.259518 1.047115 -0.219047
v 0.292708 0.874626 0.024153
v 0.276218 1.205631 -0.108898
v 0.309407 1.033142 0.134302
v 0.259901 1.033491 0.141305
v 0.226712 1.20598 -0.101894
v 0.210012 1.047464 -0.212043
v 0.25 0.8125 -0.1625
v 0.3125 1.0625 -0.1625
v 0.3125 0.8125 -0.1625
v 0.3125 1.0625 0.15
v 0.3125 0.8125 0.15
v 0.25 1.0625 0.15
v 0.25 0.8125 0.15
v 0.25 1.0625 -0.1625
v 0.103125 0.8125 -0.178125
v 0.103125 1.0625 -0.240625
v 0.103125 0.8125 -0.240625
v 0.25 1.0625 -0.240625
v 0.25 0.8125 -0.240625
v 0.25 1.0625 -0.178125
v 0.25 0.8125 -0.178125
v 0.103125 1.0625 -0.178125
v 0.197595 0.8125 -0.189017
v 0.241789 1.0625 -0.233211
v 0.241789 0.8125 -0.233211
v 0.3125 1.0625 -0.1625
v 0.3125 0.8125 -0.1625
v 0.268306 1.0625 -0.118306
v 0.268306 0.8125 -0.118306
v 0.197595 1.0625 -0.189017
v -0.160581 1.293797 -0.281915
v -0.292671 1.432357 -0.226068
v -0.187911 1.449988 -0.224174
v -0.158567 1.276785 -0.234941
v -0.185897 1.432976 -0.177201
v -0.290657 1.415345 -0.179094
v -0.263327 1.259154 -0.236835
v -0.265341 1.276166 -0.283808
v -0.217296 1.399019 -0.228069
v -0.209855 1.501509 -0.191268
v -0.192647 1.403167 -0.227623
v -0.208848 1.493003 -0.167782
v -0.19164 1.394661 -0.204137
v -0.216289 1.390512 -0.204582
v -0.233497 1.488855 -0.168227
v -0.234504 1.497361 -0.191714
v -0.221005 1.455778 -0.200701
v -0.246133 1.671891 -0.121352
v -0.20868 1.457852 -0.200478
v -0.245629 1.667638 -0.109608
v -0.208176 1.453599 -0.188734
v -0.220501 1.451524 -0.188957
v -0.257954 1.665564 -0.109831
v -0.258458 1.669817 -0.121575
v 0.09579 1.247384 -0.25
v 0.146839 1.387458 -0.25
v 0.174958 1.265661 -0.25
v 0.146839 1.387458 -0.1875
v 0.174958 1.265661 -0.1875
v 0.067671 1.36918 -0.1875
v 0.09579 1.247384 -0.1875
v 0.067671 1.36918 -0.25
v -0.171875 1.4375 -0.19375
v 0.171875 1.5625 -0.19375
v 0.171875 1.4375 -0.19375
v 0.171875 1.5625 -0.125
v 0.171875 1.4375 -0.125
v -0.171875 1.5625 -0.125
v -0.171875 1.4375 -0.125
v -0.171875 1.5625 -0.19375
v -0.125 1.3125 -0.20625
v 0.125 1.4375 -0.20625
v 0.125 1.3125 -0.20625
v 0.125 1.4375 -0.18125
v 0.125 1.3125 -0.18125
v -0.125 1.4375 -0.18125
v -0.125 1.3125 -0.18125
v -0.125 1.4375 -0.20625
v -0.171875 1.4375 0.175
v 0.171875 1.5625 0.175
v 0.171875 1.4375 0.175
v 0.171875 1.5625 0.24375
v 0.171875 1.4375 0.24375
v -0.171875 1.5625 0.24375
v -0.171875 1.4375 0.24375
v -0.171875 1.5625 0.175
v 0.03125 1.221413 0.225276
v -0.03125 1.465079 0.218896
v -0.03125 1.221413 0.225276
v -0.03125 1.463934 0.175161
v -0.03125 1.220267 0.181541
v 0.03125 1.463934 0.175161
v 0.03125 1.220267 0.181541
v 0.03125 1.465079 0.218896
v -0.03125 1.193835 -0.242476
v 0.03125 1.435213 -0.208552
v 0.03125 1.193835 -0.242476
v 0.03125 1.429124 -0.165228
v 0.03125 1.187746 -0.199152
v -0.03125 1.429124 -0.165228
v -0.03125 1.187746 -0.199152
v -0.03125 1.435213 -0.208552
v -0.0625 0.85625 -0.25
v 0.0625 0.98125 -0.25
v 0.0625 0.85625 -0.25
v 0.0625 0.98125 -0.21875
v 0.0625 0.85625 -0.21875
v -0.0625 0.98125 -0.21875
v -0.0625 0.85625 -0.21875
v -0.0625 0.98125 -0.25
v -0.25 0.840625 -0.25
v -0.0625 0.996875 -0.25
v -0.0625 0.840625 -0.25
v -0.0625 0.996875 -0.21875
v -0.0625 0.840625 -0.21875
v -0.25 0.996875 -0.21875
v -0.25 0.840625 -0.21875
v -0.25 0.996875 -0.25
v -0.327811 0.840625 -0.167364
v -0.248261 0.996875 -0.246913
v -0.248261 0.840625 -0.246913
v -0.230584 0.996875 -0.229236
v -0.230584 0.840625 -0.229236
v -0.310133 0.996875 -0.149686
v -0.310133 0.840625 -0.149686
v -0.327811 0.996875 -0.167364
v -0.328125 0.840625 0.165625
v -0.328125 0.996875 -0.165625
v -0.328125 0.840625 -0.165625
v -0.303125 0.996875 -0.165625
v -0.303125 0.840625 -0.165625
v -0.303125 0.996875 0.165625
v -0.303125 0.840625 0.165625
v -0.328125 0.996875 0.165625
v -0.310133 0.840625 0.149686
v -0.26152 0.996875 0.198299
v -0.26152 0.840625 0.198299
v -0.279197 0.996875 0.215977
v -0.279197 0.840625 0.215977
v -0.327811 0.996875 0.167364
v -0.327811 0.840625 0.167364
v -0.310133 0.996875 0.149686
v -0.275 0.778125 0.2
v 0.275 1.059375 0.2
v 0.275 0.778125 0.2
v 0.275 1.059375 0.21875
v 0.275 0.778125 0.21875
v -0.275 1.059375 0.21875
v -0.275 0.778125 0.21875
v -0.275 1.059375 0.2
v -0.15 1.059375 0.2
v -0.1 1.271875 0.2
v -0.1 1.059375 0.2
v -0.1 1.271875 0.21875
v -0.1 1.059375 0.21875
v -0.15 1.271875 0.21875
v -0.15 1.059375 0.21875
v -0.15 1.271875 0.2
v -0.228125 1.271875 0.2
v 0.228125 1.396875 0.2
v 0.228125 1.271875 0.2
v 0.228125 1.396875 0.23125
v 0.228125 1.271875 0.23125
v -0.228125 1.396875 0.23125
v -0.228125 1.271875 0.23125
v -0.228125 1.396875 0.2
v -0.323562 1.55748 0.139704
v -0.121187 1.379079 0.212796
v -0.237885 1.334283 0.212796
v -0.23985 1.339401 0.230727
v -0.123152 1.384197 0.230727
v -0.208829 1.607394 0.157634
v -0.325527 1.562598 0.157634
v -0.206865 1.602276 0.139704
v -0.326824 1.565977 0.036918
v -0.202006 1.589619 0.153486
v -0.318704 1.544823 0.153486
v -0.3253 1.562006 0.157064
v -0.208602 1.606802 0.157064
v -0.216722 1.627956 0.040495
v -0.33342 1.58316 0.040495
v -0.210126 1.610773 0.036918
v -0.312138 1.527718 -0.131885
v -0.210052 1.610578 0.044719
v -0.326749 1.565782 0.044719
v -0.333296 1.582838 0.040501
v -0.216599 1.627634 0.040501
v -0.318685 1.544774 -0.136103
v -0.201987 1.58957 -0.136103
v -0.19544 1.572514 -0.131885
v -0.28866 1.320981 -0.185668
v -0.197352 1.570448 -0.118824
v -0.321016 1.552396 -0.116282
v -0.198485 1.575678 -0.136794
v -0.322149 1.557625 -0.134253
v -0.166129 1.344263 -0.20618
v -0.289793 1.326211 -0.203638
v -0.164997 1.339033 -0.18821
v -0.233099 0.990286 -0.223475
v -0.178921 1.217433 -0.223843
v -0.24121 1.2151 -0.219262
v -0.180308 1.217734 -0.242539
v -0.242596 1.215401 -0.237958
v -0.234485 0.990586 -0.242172
v -0.172197 0.992919 -0.246753
v -0.170811 0.992619 -0.228056
v 0.1 1.059375 0.2
v 0.15 1.271875 0.2
v 0.15 1.059375 0.2
v 0.15 1.271875 0.21875
v 0.15 1.059375 0.21875
v 0.1 1.271875 0.21875
v 0.1 1.059375 0.21875
v 0.1 1.271875 0.2
v -0.257462 1.33112 -0.182981
v -0.17849 1.216439 -0.224746
v -0.195912 1.341047 -0.187385
v -0.259564 1.336201 -0.200906
v -0.198014 1.346127 -0.205311
v -0.180592 1.221519 -0.242672
v -0.242141 1.211593 -0.238268
v -0.240039 1.206512 -0.220342
v -0.236217 1.294204 -0.195936
v 0.005804 1.362504 -0.204957
v -0.236409 1.354329 -0.178871
v -0.238319 1.299285 -0.213861
v -0.238511 1.35941 -0.196797
v 0.003893 1.30746 -0.239947
v 0.003702 1.367585 -0.222883
v 0.005995 1.302379 -0.222021
v 0.28866 1.320981 -0.185668
v 0.197352 1.570448 -0.118824
v 0.164997 1.339033 -0.18821
v 0.166129 1.344263 -0.20618
v 0.289793 1.326211 -0.203638
v 0.322149 1.557625 -0.134253
v 0.198485 1.575678 -0.136794
v 0.321016 1.552396 -0.116282
v 0.236217 1.294204 -0.195936
v -0.005804 1.362504 -0.204957
v -0.005995 1.302379 -0.222021
v -0.003893 1.30746 -0.239947
v -0.003702 1.367585 -0.222883
v 0.238511 1.35941 -0.196797
v 0.238319 1.299285 -0.213861
v 0.236409 1.354329 -0.178871
v 0.257462 1.33112 -0.182981
v 0.17849 1.216439 -0.224746
v 0.240039 1.206512 -0.220342
v 0.180592 1.221519 -0.242672
v 0.242141 1.211593 -0.238268
v 0.259564 1.336201 -0.200906
v 0.198014 1.346127 -0.205311
v 0.195912 1.341047 -0.187385
v 0.233099 0.990286 -0.223475
v 0.178921 1.217433 -0.223843
v 0.170811 0.992619 -0.228056
v 0.172197 0.992919 -0.246753
v 0.234485 0.990586 -0.242172
v 0.180308 1.217734 -0.242539
v 0.242596 1.215401 -0.237958
v 0.24121 1.2151 -0.219262
v 0.0625 0.840625 -0.25
v 0.25 0.996875 -0.25
v 0.25 0.840625 -0.25
v 0.25 0.996875 -0.21875
v 0.25 0.840625 -0.21875
v 0.0625 0.996875 -0.21875
v 0.0625 0.840625 -0.21875
v 0.0625 0.996875 -0.25
v 0.248261 0.840625 -0.246913
v 0.327811 0.996875 -0.167364
v 0.327811 0.840625 -0.167364
v 0.310133 0.996875 -0.149686
v 0.310133 0.840625 -0.149686
v 0.230584 0.996875 -0.229236
v 0.230584 0.840625 -0.229236
v 0.248261 0.996875 -0.246913
v 0.328125 0.840625 -0.165625
v 0.328125 0.996875 0.165625
v 0.328125 0.840625 0.165625
v 0.303125 0.996875 0.165625
v 0.303125 0.840625 0.165625
v 0.303125 0.996875 -0.165625
v 0.303125 0.840625 -0.165625
v 0.328125 0.996875 -0.165625
v 0.312138 1.527718 -0.131885
v 0.210052 1.610578 0.044719
v 0.19544 1.572514 -0.131885
v 0.201987 1.58957 -0.136103
v 0.318685 1.544774 -0.136103
v 0.216599 1.627634 0.040501
v 0.333296 1.582838 0.040501
v 0.326749 1.565782 0.044719
v 0.318704 1.544823 0.153486
v 0.210126 1.610773 0.036918
v 0.326824 1.565977 0.036918
v 0.33342 1.58316 0.040495
v 0.216722 1.627956 0.040495
v 0.3253 1.562006 0.157064
v 0.208602 1.606802 0.157064
v 0.202006 1.589619 0.153486
v 0.237885 1.334283 0.212796
v 0.206865 1.602276 0.139704
v 0.323562 1.55748 0.139704
v 0.208829 1.607394 0.157634
v 0.325527 1.562598 0.157634
v 0.123152 1.384197 0.230727
v 0.23985 1.339401 0.230727
v 0.121187 1.379079 0.212796
v 0.26152 0.840625 0.198299
v 0.310133 0.996875 0.149686
v 0.310133 0.840625 0.149686
v 0.327811 0.996875 0.167364
v 0.327811 0.840625 0.167364
v 0.279197 0.996875 0.215977
v 0.279197 0.840625 0.215977
v 0.26152 0.996875 0.198299
v -0.303291 1.023768 -0.282484
v -0.127055 1.036147 -0.346518
v -0.127665 1.023768 -0.348148
v -0.090208 1.021359 -0.247965
v -0.090817 1.008981 -0.249595
v -0.266443 1.008981 -0.183931
v -0.265834 1.021359 -0.182301
v -0.302681 1.036147 -0.280854
v -0.288472 0.73125 -0.287466
v -0.142117 1.00625 -0.342186
v -0.142117 0.73125 -0.342186
v -0.109285 1.00625 -0.254373
v -0.109285 0.73125 -0.254373
v -0.25564 1.00625 -0.199653
v -0.25564 0.73125 -0.199653
v -0.288472 1.00625 -0.287466
v -0.128813 0.910623 -0.351219
v -0.308774 0.912363 -0.297149
v -0.133148 0.912363 -0.362813
v -0.127055 1.036147 -0.346518
v -0.12272 1.034407 -0.334924
v -0.302681 1.036147 -0.280854
v -0.298346 1.034407 -0.26926
v -0.304439 0.910623 -0.285555
v 0.142117 0.73125 -0.342186
v 0.288472 1.00625 -0.287466
v 0.288472 0.73125 -0.287466
v 0.25564 1.00625 -0.199653
v 0.25564 0.73125 -0.199653
v 0.109285 1.00625 -0.254373
v 0.109285 0.73125 -0.254373
v 0.142117 1.00625 -0.342186
v 0.304439 0.910623 -0.285555
v 0.133148 0.912363 -0.362813
v 0.308774 0.912363 -0.297149
v 0.302681 1.036147 -0.280854
v 0.298346 1.034407 -0.26926
v 0.127055 1.036147 -0.346518
v 0.12272 1.034407 -0.334924
v 0.128813 0.910623 -0.351219
v 0.303291 1.023768 -0.282484
v 0.127055 1.036147 -0.346518
v 0.302681 1.036147 -0.280854
v 0.265834 1.021359 -0.182301
v 0.266443 1.008981 -0.183931
v 0.090817 1.008981 -0.249595
v 0.090208 1.021359 -0.247965
v 0.127665 1.023768 -0.348148
v 0.338925 0.73125 -0.230678
v 0.391082 1.00625 -0.083391
v 0.391082 0.73125 -0.083391
v 0.30271 1.00625 -0.052096
v 0.30271 0.73125 -0.052096
v 0.250552 1.00625 -0.199384
v 0.250552 0.73125 -0.199384
v 0.338925 1.00625 -0.230679
v 0.337293 0.910623 -0.246676
v 0.41155 0.912363 -0.074063
v 0.399882 0.910623 -0.069931
v 0.395151 1.036147 -0.068256
v 0.383483 1.034407 -0.064124
v 0.332563 1.036147 -0.245001
v 0.320894 1.034407 -0.240869
v 0.348961 0.912363 -0.250808
v 0.334202 1.023768 -0.245582
v 0.395151 1.036147 -0.068256
v 0.396791 1.023768 -0.068837
v 0.29761 1.008981 -0.033715
v 0.29597 1.021359 -0.033134
v 0.233382 1.021359 -0.209879
v 0.235022 1.008981 -0.21046
v 0.332563 1.036147 -0.245001
v -0.391082 0.73125 -0.083391
v -0.338925 1.00625 -0.230679
v -0.338925 0.73125 -0.230678
v -0.250552 1.00625 -0.199384
v -0.250552 0.73125 -0.199384
v -0.30271 1.00625 -0.052096
v -0.30271 0.73125 -0.052096
v -0.391082 1.00625 -0.083391
v -0.399882 0.910623 -0.069931
v -0.348961 0.912363 -0.250808
v -0.337293 0.910623 -0.246676
v -0.332563 1.036147 -0.245001
v -0.320894 1.034407 -0.240869
v -0.383483 1.034407 -0.064124
v -0.395151 1.036147 -0.068256
v -0.41155 0.912363 -0.074063
v -0.396791 1.023768 -0.068837
v -0.332563 1.036147 -0.245001
v -0.334202 1.023768 -0.245582
v -0.233382 1.021359 -0.209879
v -0.235022 1.008981 -0.21046
v -0.29597 1.021359 -0.033134
v -0.29761 1.008981 -0.033715
v -0.395151 1.036147 -0.068256
v -0.231513 0.73125 0.301778
v -0.360283 1.00625 0.213277
v -0.360283 0.73125 0.213277
v -0.307182 1.00625 0.136015
v -0.307182 0.73125 0.136015
v -0.178412 1.00625 0.224516
v -0.178412 0.73125 0.224516
v -0.231513 1.00625 0.301778
v -0.220789 0.910623 0.313761
v -0.382324 0.912363 0.217761
v -0.375313 0.910623 0.20756
v -0.372471 1.036147 0.203424
v -0.365459 1.034407 0.193223
v -0.217947 1.036147 0.309625
v -0.210936 1.034407 0.299424
v -0.2278 0.912363 0.323962
v -0.218932 1.023768 0.311059
v -0.372471 1.036147 0.203424
v -0.373456 1.023768 0.204858
v -0.313861 1.008981 0.118146
v -0.312876 1.021359 0.116713
v -0.158352 1.021359 0.222914
v -0.159337 1.008981 0.224348
v -0.217947 1.036147 0.309625
v 0.360283 0.73125 0.213277
v 0.231513 1.00625 0.301778
v 0.231513 0.73125 0.301778
v 0.178412 1.00625 0.224516
v 0.178412 0.73125 0.224516
v 0.307182 1.00625 0.136015
v 0.307182 0.73125 0.136015
v 0.360283 1.00625 0.213277
v 0.220789 0.910623 0.313761
v 0.382324 0.912363 0.217761
v 0.2278 0.912363 0.323962
v 0.217947 1.036147 0.309625
v 0.210936 1.034407 0.299424
v 0.372471 1.036147 0.203424
v 0.365459 1.034407 0.193223
v 0.375313 0.910623 0.20756
v 0.373456 1.023768 0.204858
v 0.217947 1.036147 0.309625
v 0.218932 1.023768 0.311059
v 0.158352 1.021359 0.222914
v 0.159337 1.008981 0.224348
v 0.313861 1.008981 0.118146
v 0.312876 1.021359 0.116713
v 0.372471 1.036147 0.203424
v -0.175 0.753713 0.15726
v 0.175 0.996287 0.21774
v 0.175 0.753713 0.15726
v 0.175 0.966047 0.339027
v 0.175 0.723473 0.278547
v -0.175 0.966047 0.339027
v -0.175 0.723473 0.278547
v -0.175 0.996287 0.21774
v -0.15625 1.028647 0.202905
v 0.15625 1.040466 0.206974
v 0.15625 1.028647 0.202905
v 0.15625 0.987951 0.321095
v 0.15625 0.99977 0.325164
v -0.15625 0.99977 0.325164
v -0.15625 0.987951 0.321095
v -0.15625 1.040466 0.206974
v -0.15625 0.989905 0.317938
v 0.15625 0.998744 0.326777
v 0.15625 0.989905 0.317938
v 0.15625 0.936872 0.388648
v 0.15625 0.928033 0.37981
v -0.15625 0.936872 0.388648
v -0.15625 0.928033 0.37981
v -0.15625 0.998744 0.326777
vt 0.875 0.543945
vt 0.796875 0.546875
vt 0.796875 0.543945
vt 0.865234 0.84082
vt 0.8125 0.84375
vt 0.8125 0.84082
vt 0.546875 0.200195
vt 0.46875 0.203125
vt 0.46875 0.200195
vt 0.8125 0.80957
vt 0.865234 0.8125
vt 0.8125 0.8125
vt 0.140625 0.640625
vt 0.21875 0.587891
vt 0.21875 0.640625
vt 0.359375 0.619141
vt 0.4375 0.671875
vt 0.4375 0.619141
vt 0 1
vt 0.03125 1
vt 0 1
vt 0 1
vt 0.021484 1
vt 0 1
vt 0 1
vt 0.03125 1
vt 0 1
vt 0 1
vt 0.021484 1
vt 0 1
vt 0.71875 0.625
vt 0.75 0.603516
vt 0.75 0.625
vt 0.40625 0.25976599999999994
vt 0.4375 0.28125
vt 0.4375 0.25976599999999994
vt 0 1
vt 0.03125 1
vt 0 1
vt 0 1
vt 0.021484 1
vt 0 1
vt 0 1
vt 0.03125 1
vt 0 1
vt 0 1
vt 0.021484 1
vt 0 1
vt 0.71875 0.625
vt 0.75 0.603516
vt 0.75 0.625
vt 0.40625 0.25976599999999994
vt 0.4375 0.28125
vt 0.4375 0.25976599999999994
vt 0.125 0.703125
vt 0 0.828125
vt 0 0.703125
vt 0.28125 0.484375
vt 0.25 0.609375
vt 0.25 0.484375
vt 0.25 0.703125
vt 0.125 0.828125
vt 0.125 0.703125
vt 0.3125 0.484375
vt 0.28125 0.609375
vt 0.28125 0.484375
vt 0.390625 0.703125
vt 0.515625 0.671875
vt 0.515625 0.703125
vt 0.359375 0.578125
vt 0.484375 0.609375
vt 0.484375 0.578125
vt 0.453125 0.948242
vt 0.375 1
vt 0.375 0.948242
vt 0.59375 0.26074200000000003
vt 0.578125 0.3125
vt 0.578125 0.26074200000000003
vt 0.453125 0.885742
vt 0.375 0.9375
vt 0.375 0.885742
vt 0.703125 0.526367
vt 0.71875 0.578125
vt 0.703125 0.578125
vt 0.53125 0.71875
vt 0.609375 0.703125
vt 0.609375 0.71875
vt 0.640625 0.5
vt 0.71875 0.515625
vt 0.71875 0.5
vt 0.3125 0.5625
vt 0.356445 0.671875
vt 0.3125 0.671875
vt 0.392578 0.328125
vt 0.375 0.4375
vt 0.375 0.328125
vt 0.043945 0.53125
vt 0 0.640625
vt 0 0.53125
vt 0.158203 0.3125
vt 0.140625 0.421875
vt 0.140625 0.3125
vt 0.703125 0.5
vt 0.74707 0.482422
vt 0.74707 0.5
vt 0.703125 0.451172
vt 0.74707 0.46875
vt 0.74707 0.451172
vt 0.546875 0.953125
vt 0.588867 1
vt 0.546875 1
vt 0.390625 0.828125
vt 0.375 0.875
vt 0.375 0.828125
vt 0.088867 0.40625
vt 0.046875 0.453125
vt 0.046875 0.40625
vt 0.71875 0.890625
vt 0.734375 0.9375
vt 0.71875 0.9375
vt 0.5 0.921875
vt 0.541992 0.90625
vt 0.541992 0.921875
vt 0.71875 0.796875
vt 0.760742 0.8125
vt 0.760742 0.796875
vt 0.698242 0.723633
vt 0.65625 0.75
vt 0.65625 0.723633
vt 0.421875 0.41113299999999997
vt 0.40625 0.4375
vt 0.40625 0.41113299999999997
vt 0.041992 0.30175799999999997
vt 0 0.328125
vt 0 0.30175799999999997
vt 0.640625 0.895508
vt 0.625 0.921875
vt 0.625 0.895508
vt 0.760742 0.328125
vt 0.71875 0.3125
vt 0.760742 0.3125
vt 0.760742 0.296875
vt 0.71875 0.3125
vt 0.760742 0.3125
vt 0.09375 0.455078
vt 0.135742 0.53125
vt 0.09375 0.53125
vt 0.5 0.267578
vt 0.515625 0.34375
vt 0.5 0.34375
vt 0.526367 0.783203
vt 0.484375 0.859375
vt 0.484375 0.783203
vt 0.65625 0.423828
vt 0.671875 0.5
vt 0.65625 0.5
vt 0.734375 0.9375
vt 0.776367 0.921875
vt 0.776367 0.9375
vt 0.734375 0.90625
vt 0.776367 0.921875
vt 0.776367 0.90625
vt 0.085938 0.359375
vt 0.046875 0.40625
vt 0.046875 0.359375
vt 0.109375 0.25
vt 0.126953 0.296875
vt 0.109375 0.296875
vt 0.132812 0.359375
vt 0.09375 0.40625
vt 0.09375 0.359375
vt 0.361328 0.25
vt 0.34375 0.296875
vt 0.34375 0.25
vt 0.71875 0.734375
vt 0.757812 0.716797
vt 0.757812 0.734375
vt 0.757812 0.685547
vt 0.71875 0.703125
vt 0.757812 0.703125
vt 0.09082 0.53125
vt 0.046875 0.640625
vt 0.046875 0.53125
vt 0.5625 0.3125
vt 0.580078 0.421875
vt 0.5625 0.421875
vt 0.137695 0.53125
vt 0.09375 0.640625
vt 0.09375 0.53125
vt 0.611328 0.890625
vt 0.59375 1
vt 0.59375 0.890625
vt 0.731445 0.296875
vt 0.6875 0.279297
vt 0.731445 0.279297
vt 0.046875 0.263672
vt 0.09082 0.28125
vt 0.09082 0.263672
vt 0.676758 0.787109
vt 0.640625 0.828125
vt 0.640625 0.787109
vt 0.171875 0.24023400000000006
vt 0.189453 0.28125
vt 0.171875 0.28125
vt 0.265625 0.31835900000000006
vt 0.301758 0.359375
vt 0.265625 0.359375
vt 0.220703 0.24023400000000006
vt 0.203125 0.28125
vt 0.203125 0.24023400000000006
vt 0.59375 0.265625
vt 0.629883 0.24804700000000002
vt 0.629883 0.265625
vt 0.734375 0.373047
vt 0.770508 0.390625
vt 0.770508 0.373047
vt 0.588867 0.90625
vt 0.546875 0.953125
vt 0.546875 0.90625
vt 0.109375 0.234375
vt 0.09375 0.28125
vt 0.09375 0.234375
vt 0.135742 0.40625
vt 0.09375 0.453125
vt 0.09375 0.40625
vt 0.734375 0.8125
vt 0.71875 0.859375
vt 0.71875 0.8125
vt 0.776367 0.90625
vt 0.734375 0.890625
vt 0.776367 0.890625
vt 0.734375 0.859375
vt 0.776367 0.875
vt 0.776367 0.859375
vt 0.713867 0.911133
vt 0.671875 0.9375
vt 0.671875 0.911133
vt 0.359375 0.22363299999999997
vt 0.375 0.25
vt 0.359375 0.25
vt 0.671875 0.879883
vt 0.713867 0.90625
vt 0.671875 0.90625
vt 0.421875 0.22363299999999997
vt 0.40625 0.25
vt 0.40625 0.22363299999999997
vt 0.734375 0.859375
vt 0.776367 0.84375
vt 0.776367 0.859375
vt 0.734375 0.828125
vt 0.776367 0.84375
vt 0.776367 0.828125
vt 0.484375 0.705078
vt 0.526367 0.78125
vt 0.484375 0.78125
vt 0.53125 0.267578
vt 0.515625 0.34375
vt 0.515625 0.267578
vt 0.5 0.923828
vt 0.541992 1
vt 0.5 1
vt 0.546875 0.267578
vt 0.53125 0.34375
vt 0.53125 0.267578
vt 0.776367 0.828125
vt 0.734375 0.8125
vt 0.776367 0.8125
vt 0.510742 0.25
vt 0.46875 0.265625
vt 0.510742 0.265625
vt 0.132812 0.828125
vt 0 1
vt 0 0.828125
vt 0.414062 0.703125
vt 0.390625 0.875
vt 0.390625 0.703125
vt 0.273438 0.828125
vt 0.140625 1
vt 0.140625 0.828125
vt 0.242188 0.4375
vt 0.21875 0.609375
vt 0.21875 0.4375
vt 0.4375 0.640625
vt 0.570312 0.617188
vt 0.570312 0.640625
vt 0.484375 0.585938
vt 0.617188 0.609375
vt 0.617188 0.585938
vt 0.484375 0.265625
vt 0.46875 0.328125
vt 0.46875 0.265625
vt 0.078125 0.640625
vt 0 0.703125
vt 0 0.640625
vt 0.5 0.265625
vt 0.484375 0.328125
vt 0.484375 0.265625
vt 0.15625 0.640625
vt 0.078125 0.703125
vt 0.078125 0.640625
vt 0.203125 0.578125
vt 0.21875 0.5
vt 0.21875 0.578125
vt 0.546875 0.328125
vt 0.5625 0.40625
vt 0.5625 0.328125
vt 0.6875 0.4375
vt 0.671875 0.5
vt 0.671875 0.4375
vt 0.072266 0.296875
vt 0.046875 0.359375
vt 0.046875 0.296875
vt 0.5625 0.265625
vt 0.546875 0.328125
vt 0.546875 0.265625
vt 0.103516 0.296875
vt 0.078125 0.359375
vt 0.078125 0.296875
vt 0.4375 0.25
vt 0.421875 0.22460900000000006
vt 0.4375 0.22460900000000006
vt 0.5625 0.22460900000000006
vt 0.578125 0.25
vt 0.578125 0.22460900000000006
vt 0.609375 0.265625
vt 0.59375 0.328125
vt 0.59375 0.265625
vt 0.458984 0.40625
vt 0.421875 0.46875
vt 0.421875 0.40625
vt 0.625 0.265625
vt 0.609375 0.328125
vt 0.609375 0.265625
vt 0.505859 0.40625
vt 0.46875 0.46875
vt 0.46875 0.40625
vt 0.703125 0.265625
vt 0.71875 0.22851599999999994
vt 0.71875 0.265625
vt 0.734375 0.25976599999999994
vt 0.75 0.296875
vt 0.75 0.25976599999999994
vt 0.27832 0.237305
vt 0.265625 0.3125
vt 0.265625 0.237305
vt 0.470703 0.799805
vt 0.421875 0.875
vt 0.421875 0.799805
vt 0.293945 0.237305
vt 0.28125 0.3125
vt 0.28125 0.237305
vt 0.189453 0.50293
vt 0.140625 0.578125
vt 0.140625 0.50293
vt 0.640625 0.265625
vt 0.65332 0.21679700000000002
vt 0.65332 0.265625
vt 0.668945 0.21679700000000002
vt 0.65625 0.265625
vt 0.668945 0.265625
vt 0.30957 0.237305
vt 0.296875 0.3125
vt 0.296875 0.237305
vt 0.470703 0.72168
vt 0.421875 0.796875
vt 0.421875 0.72168
vt 0.6875 0.424805
vt 0.700195 0.5
vt 0.6875 0.5
vt 0.408203 0.50293
vt 0.359375 0.578125
vt 0.359375 0.50293
vt 0.671875 0.265625
vt 0.68457 0.21679700000000002
vt 0.68457 0.265625
vt 0.6875 0.21679700000000002
vt 0.700195 0.265625
vt 0.700195 0.21679700000000002
vt 0.640625 0.265625
vt 0.625 0.328125
vt 0.625 0.265625
vt 0.234375 0.640625
vt 0.15625 0.703125
vt 0.15625 0.640625
vt 0.65625 0.265625
vt 0.640625 0.328125
vt 0.640625 0.265625
vt 0.3125 0.609375
vt 0.234375 0.671875
vt 0.234375 0.609375
vt 0.3125 0.359375
vt 0.328125 0.28125
vt 0.328125 0.359375
vt 0.328125 0.28125
vt 0.34375 0.359375
vt 0.34375 0.28125
vt 0.671875 0.265625
vt 0.65625 0.328125
vt 0.65625 0.265625
vt 0.552734 0.40625
vt 0.515625 0.46875
vt 0.515625 0.40625
vt 0.6875 0.265625
vt 0.671875 0.328125
vt 0.671875 0.265625
vt 0.037109 0.390625
vt 0 0.453125
vt 0 0.390625
vt 0.71875 0.265625
vt 0.734375 0.22851599999999994
vt 0.734375 0.265625
vt 0.046875 0.21289099999999994
vt 0.0625 0.25
vt 0.0625 0.21289099999999994
vt 0.15625 0.25
vt 0.140625 0.3125
vt 0.140625 0.25
vt 0.666016 0.859375
vt 0.640625 0.921875
vt 0.640625 0.859375
vt 0.171875 0.25
vt 0.15625 0.3125
vt 0.15625 0.25
vt 0.134766 0.296875
vt 0.109375 0.359375
vt 0.109375 0.296875
vt 0.578125 0.25
vt 0.59375 0.22460900000000006
vt 0.59375 0.25
vt 0.75 0.27148400000000006
vt 0.765625 0.296875
vt 0.765625 0.27148400000000006
vt 0.171875 0.28613299999999997
vt 0.198242 0.328125
vt 0.171875 0.328125
vt 0.75 0.629883
vt 0.762695 0.671875
vt 0.75 0.671875
vt 0.229492 0.28613299999999997
vt 0.203125 0.328125
vt 0.203125 0.28613299999999997
vt 0.34375 0.20800799999999997
vt 0.356445 0.25
vt 0.34375 0.25
vt 0.515625 0.515625
vt 0.541992 0.50293
vt 0.541992 0.515625
vt 0.604492 0.75293
vt 0.578125 0.765625
vt 0.604492 0.765625
vt 0.818359 0.911133
vt 0.8125 0.9375
vt 0.8125 0.911133
vt 0.115234 0.16113299999999997
vt 0.109375 0.1875
vt 0.109375 0.16113299999999997
vt 0.125 0.16113299999999997
vt 0.130859 0.1875
vt 0.125 0.1875
vt 0.818359 0.848633
vt 0.8125 0.875
vt 0.8125 0.848633
vt 0.59375 0.15625
vt 0.599609 0.15039099999999994
vt 0.599609 0.15625
vt 0.609375 0.15039099999999994
vt 0.615234 0.15625
vt 0.615234 0.15039099999999994
vt 0.706055 0.14550799999999997
vt 0.703125 0.203125
vt 0.703125 0.14550799999999997
vt 0.72168 0.14550799999999997
vt 0.71875 0.203125
vt 0.71875 0.14550799999999997
vt 0.734375 0.14550799999999997
vt 0.737305 0.203125
vt 0.734375 0.203125
vt 0.75 0.14550799999999997
vt 0.75293 0.203125
vt 0.75 0.203125
vt 0.84375 0.390625
vt 0.84668 0.387695
vt 0.84668 0.390625
vt 0.625 0.15332
vt 0.62793 0.15625
vt 0.62793 0.15332
vt 0.551758 0.234375
vt 0.53125 0.265625
vt 0.53125 0.234375
vt 0.25 0.671875
vt 0.234375 0.703125
vt 0.234375 0.671875
vt 0.754883 0.390625
vt 0.734375 0.421875
vt 0.734375 0.390625
vt 0.234375 0.609375
vt 0.21875 0.640625
vt 0.21875 0.609375
vt 0.265625 0.40625
vt 0.286133 0.390625
vt 0.286133 0.40625
vt 0.765625 0.40625
vt 0.786133 0.421875
vt 0.786133 0.40625
vt 0.085938 0.453125
vt 0 0.484375
vt 0 0.453125
vt 0.767578 0.96875
vt 0.75 1
vt 0.75 0.96875
vt 0.601562 0.671875
vt 0.515625 0.703125
vt 0.515625 0.671875
vt 0.080078 0.21875
vt 0.0625 0.25
vt 0.0625 0.21875
vt 0.625 0.859375
vt 0.710938 0.841797
vt 0.710938 0.859375
vt 0.625 0.654297
vt 0.710938 0.671875
vt 0.710938 0.654297
vt 0.609375 0.546875
vt 0.546875 0.578125
vt 0.546875 0.546875
vt 0.802734 0.3125
vt 0.796875 0.34375
vt 0.796875 0.3125
vt 0.609375 0.484375
vt 0.546875 0.515625
vt 0.546875 0.484375
vt 0.802734 0.28125
vt 0.796875 0.3125
vt 0.796875 0.28125
vt 0.734375 0.25
vt 0.796875 0.24414099999999994
vt 0.796875 0.25
vt 0.75 0.25976599999999994
vt 0.8125 0.265625
vt 0.8125 0.25976599999999994
vt 0.601562 0.515625
vt 0.515625 0.546875
vt 0.515625 0.515625
vt 0.126953 0.21875
vt 0.109375 0.25
vt 0.109375 0.21875
vt 0.617188 0.828125
vt 0.53125 0.859375
vt 0.53125 0.828125
vt 0.158203 0.21875
vt 0.140625 0.25
vt 0.140625 0.21875
vt 0.625 0.609375
vt 0.710938 0.591797
vt 0.710938 0.609375
vt 0.171875 0.341797
vt 0.257812 0.359375
vt 0.257812 0.341797
vt 0.703125 0.517578
vt 0.6875 0.578125
vt 0.6875 0.517578
vt 0.041992 0.20507799999999998
vt 0.03125 0.265625
vt 0.03125 0.20507799999999998
vt 0.578125 0.251953
vt 0.5625 0.3125
vt 0.5625 0.251953
vt 0.526367 0.20507799999999998
vt 0.515625 0.265625
vt 0.515625 0.20507799999999998
vt 0.796875 0.28125
vt 0.8125 0.27050799999999997
vt 0.8125 0.28125
vt 0.796875 0.23925799999999997
vt 0.8125 0.25
vt 0.8125 0.23925799999999997
vt 0.703125 0.517578
vt 0.6875 0.578125
vt 0.6875 0.517578
vt 0.041992 0.20507799999999998
vt 0.03125 0.265625
vt 0.03125 0.20507799999999998
vt 0.578125 0.251953
vt 0.5625 0.3125
vt 0.5625 0.251953
vt 0.515625 0.20507799999999998
vt 0.526367 0.265625
vt 0.515625 0.265625
vt 0.796875 0.28125
vt 0.8125 0.27050799999999997
vt 0.8125 0.28125
vt 0.796875 0.23925799999999997
vt 0.8125 0.25
vt 0.8125 0.23925799999999997
vt 0.484375 0.875
vt 0.453125 0.90625
vt 0.453125 0.875
vt 0.804688 0.828125
vt 0.796875 0.859375
vt 0.796875 0.828125
vt 0.71875 0.796875
vt 0.6875 0.828125
vt 0.6875 0.796875
vt 0.195312 0.171875
vt 0.1875 0.203125
vt 0.1875 0.171875
vt 0.203125 0.203125
vt 0.234375 0.19531200000000004
vt 0.234375 0.203125
vt 0.796875 0.789062
vt 0.828125 0.796875
vt 0.828125 0.789062
vt 0.21875 0.36718800000000007
vt 0.171875 0.40625
vt 0.171875 0.36718800000000007
vt 0.789062 0.835938
vt 0.78125 0.875
vt 0.78125 0.835938
vt 0.265625 0.36718800000000007
vt 0.21875 0.40625
vt 0.21875 0.36718800000000007
vt 0.148438 0.17968799999999996
vt 0.140625 0.21875
vt 0.140625 0.17968799999999996
vt 0.171875 0.234375
vt 0.21875 0.22656200000000004
vt 0.21875 0.234375
vt 0.765625 0.804688
vt 0.8125 0.8125
vt 0.8125 0.804688
vt 0.262695 0.28906199999999993
vt 0.234375 0.328125
vt 0.234375 0.28906199999999993
vt 0.287109 0.16406200000000004
vt 0.28125 0.203125
vt 0.28125 0.16406200000000004
vt 0.40332 0.28906199999999993
vt 0.375 0.328125
vt 0.375 0.28906199999999993
vt 0.302734 0.16406200000000004
vt 0.296875 0.203125
vt 0.296875 0.16406200000000004
vt 0.765625 0.203125
vt 0.793945 0.19726599999999994
vt 0.793945 0.203125
vt 0.825195 0.22851599999999994
vt 0.796875 0.234375
vt 0.825195 0.234375
vt 0.364258 0.835938
vt 0.28125 0.875
vt 0.28125 0.835938
vt 0.318359 0.16406200000000004
vt 0.3125 0.203125
vt 0.3125 0.16406200000000004
vt 0.504883 0.507812
vt 0.421875 0.546875
vt 0.421875 0.507812
vt 0.333984 0.16406200000000004
vt 0.328125 0.203125
vt 0.328125 0.16406200000000004
vt 0.75 0.5
vt 0.833008 0.49414099999999994
vt 0.833008 0.5
vt 0.75 0.47851599999999994
vt 0.833008 0.484375
vt 0.833008 0.47851599999999994
vt 0.251953 0.24218799999999996
vt 0.234375 0.28125
vt 0.234375 0.24218799999999996
vt 0.349609 0.16406200000000004
vt 0.34375 0.203125
vt 0.34375 0.16406200000000004
vt 0.330078 0.24218799999999996
vt 0.3125 0.28125
vt 0.3125 0.24218799999999996
vt 0.380859 0.16406200000000004
vt 0.375 0.203125
vt 0.375 0.16406200000000004
vt 0.830078 0.171875
vt 0.8125 0.16601599999999994
vt 0.830078 0.16601599999999994
vt 0.828125 0.18164099999999994
vt 0.845703 0.1875
vt 0.845703 0.18164099999999994
vt 0.387695 0.757812
vt 0.25 0.828125
vt 0.25 0.757812
vt 0.098633 0.16406200000000004
vt 0.09375 0.234375
vt 0.09375 0.16406200000000004
vt 0.387695 0.679688
vt 0.25 0.75
vt 0.25 0.679688
vt 0.770508 0.695312
vt 0.765625 0.765625
vt 0.765625 0.695312
vt 0.703125 0.4375
vt 0.84082 0.43261700000000003
vt 0.84082 0.4375
vt 0.71875 0.885742
vt 0.856445 0.890625
vt 0.856445 0.885742
vt 0.450195 0.22851599999999994
vt 0.4375 0.28125
vt 0.4375 0.22851599999999994
vt 0.254883 0.16601599999999994
vt 0.25 0.21875
vt 0.25 0.16601599999999994
vt 0.46582 0.22851599999999994
vt 0.453125 0.28125
vt 0.453125 0.22851599999999994
vt 0.364258 0.16601599999999994
vt 0.359375 0.21875
vt 0.359375 0.16601599999999994
vt 0.515625 0.15625
vt 0.52832 0.15136700000000003
vt 0.52832 0.15625
vt 0.84375 0.47949200000000003
vt 0.856445 0.484375
vt 0.856445 0.47949200000000003
vt 0.536133 0.546875
vt 0.421875 0.578125
vt 0.421875 0.546875
vt 0.242188 0.171875
vt 0.234375 0.203125
vt 0.234375 0.171875
vt 0.551758 0.640625
vt 0.4375 0.671875
vt 0.4375 0.640625
vt 0.273438 0.171875
vt 0.265625 0.203125
vt 0.265625 0.171875
vt 0.703125 0.96875
vt 0.817383 0.960938
vt 0.817383 0.96875
vt 0.703125 0.945312
vt 0.817383 0.953125
vt 0.817383 0.945312
vt 0.25 0.40625
vt 0.1875 0.4375
vt 0.1875 0.40625
vt 0.203125 0.15625
vt 0.208008 0.1875
vt 0.203125 0.1875
vt 0.625 0.640625
vt 0.5625 0.671875
vt 0.5625 0.640625
vt 0.223633 0.15625
vt 0.21875 0.1875
vt 0.21875 0.15625
vt 0.765625 0.40625
vt 0.828125 0.40136700000000003
vt 0.828125 0.40625
vt 0.78125 0.901367
vt 0.84375 0.90625
vt 0.84375 0.901367
vt 0.716797 0.671875
vt 0.6875 0.703125
vt 0.6875 0.671875
vt 0.390625 0.15625
vt 0.395508 0.1875
vt 0.390625 0.1875
vt 0.716797 0.609375
vt 0.6875 0.640625
vt 0.6875 0.609375
vt 0.411133 0.15625
vt 0.40625 0.1875
vt 0.40625 0.15625
vt 0.841797 0.78125
vt 0.8125 0.776367
vt 0.841797 0.776367
vt 0.841797 0.26074200000000003
vt 0.8125 0.265625
vt 0.841797 0.265625
vt 0.685547 0.515625
vt 0.640625 0.546875
vt 0.640625 0.515625
vt 0.421875 0.15625
vt 0.426758 0.1875
vt 0.421875 0.1875
vt 0.640625 0.390625
vt 0.685547 0.421875
vt 0.640625 0.421875
vt 0.4375 0.15625
vt 0.442383 0.1875
vt 0.4375 0.1875
vt 0.841797 0.53125
vt 0.796875 0.526367
vt 0.841797 0.526367
vt 0.841797 0.510742
vt 0.796875 0.515625
vt 0.841797 0.515625
vt 0.638672 0.859375
vt 0.578125 0.890625
vt 0.578125 0.859375
vt 0.458008 0.15625
vt 0.453125 0.1875
vt 0.453125 0.15625
vt 0.638672 0.796875
vt 0.578125 0.828125
vt 0.578125 0.796875
vt 0.473633 0.15625
vt 0.46875 0.1875
vt 0.46875 0.15625
vt 0.841797 0.765625
vt 0.78125 0.760742
vt 0.841797 0.760742
vt 0.78125 0.745117
vt 0.841797 0.75
vt 0.841797 0.745117
vt 0.103516 0.28125
vt 0.046875 0.296875
vt 0.046875 0.28125
vt 0.848633 0.6875
vt 0.84375 0.703125
vt 0.84375 0.6875
vt 0.703125 0.765625
vt 0.759766 0.78125
vt 0.703125 0.78125
vt 0.84375 0.671875
vt 0.848633 0.6875
vt 0.84375 0.6875
vt 0.78125 0.640625
vt 0.837891 0.635742
vt 0.837891 0.640625
vt 0.462891 0.21386700000000003
vt 0.40625 0.21875
vt 0.462891 0.21875
vt 0.012695 0.21289099999999994
vt 0 0.265625
vt 0 0.21289099999999994
vt 0.786133 0.509766
vt 0.78125 0.5625
vt 0.78125 0.509766
vt 0.02832 0.21289099999999994
vt 0.015625 0.265625
vt 0.015625 0.21289099999999994
vt 0.567383 0.16601599999999994
vt 0.5625 0.21875
vt 0.5625 0.16601599999999994
vt 0.53125 0.15625
vt 0.543945 0.15136700000000003
vt 0.543945 0.15625
vt 0.84375 0.46386700000000003
vt 0.856445 0.46875
vt 0.856445 0.46386700000000003
vt 0.75 0.78125
vt 0.783203 0.796875
vt 0.75 0.796875
vt 0.328125 0.140625
vt 0.333008 0.15625
vt 0.328125 0.15625
vt 0.783203 0.609375
vt 0.75 0.625
vt 0.75 0.609375
vt 0.84375 0.65625
vt 0.848633 0.671875
vt 0.84375 0.671875
vt 0.033203 0.1875
vt 0 0.18261700000000003
vt 0.033203 0.18261700000000003
vt 0.8125 0.995117
vt 0.845703 1
vt 0.845703 0.995117
vt 0.421875 0.703125
vt 0.482422 0.71875
vt 0.421875 0.71875
vt 0.34375 0.140625
vt 0.348633 0.15625
vt 0.34375 0.15625
vt 0.65625 0.703125
vt 0.716797 0.71875
vt 0.65625 0.71875
vt 0.848633 0.640625
vt 0.84375 0.65625
vt 0.84375 0.640625
vt 0.78125 0.734375
vt 0.841797 0.729492
vt 0.841797 0.734375
vt 0.78125 0.713867
vt 0.841797 0.71875
vt 0.841797 0.713867
vt 0.578125 0.765625
vt 0.638672 0.796875
vt 0.578125 0.796875
vt 0.489258 0.15625
vt 0.484375 0.1875
vt 0.484375 0.15625
vt 0.578125 0.609375
vt 0.638672 0.640625
vt 0.578125 0.640625
vt 0.5 0.15625
vt 0.504883 0.1875
vt 0.5 0.1875
vt 0.78125 0.703125
vt 0.841797 0.698242
vt 0.841797 0.703125
vt 0.841797 0.682617
vt 0.78125 0.6875
vt 0.841797 0.6875
vt 0.732422 0.859375
vt 0.671875 0.875
vt 0.671875 0.859375
vt 0.359375 0.140625
vt 0.364258 0.15625
vt 0.359375 0.15625
vt 0.748047 0.78125
vt 0.6875 0.796875
vt 0.6875 0.78125
vt 0.848633 0.625
vt 0.84375 0.640625
vt 0.84375 0.625
vt 0.78125 0.671875
vt 0.841797 0.666992
vt 0.841797 0.671875
vt 0.78125 0.651367
vt 0.841797 0.65625
vt 0.841797 0.651367
vt 0.783203 0.59375
vt 0.75 0.609375
vt 0.75 0.59375
vt 0.379883 0.140625
vt 0.375 0.15625
vt 0.375 0.140625
vt 0.46875 0.234375
vt 0.501953 0.25
vt 0.46875 0.25
vt 0.395508 0.140625
vt 0.390625 0.15625
vt 0.390625 0.140625
vt 0.8125 0.984375
vt 0.845703 0.979492
vt 0.845703 0.984375
vt 0.080078 0.18261700000000003
vt 0.046875 0.1875
vt 0.080078 0.1875
vt 0.703125 0.75
vt 0.759766 0.765625
vt 0.703125 0.765625
vt 0.411133 0.140625
vt 0.40625 0.15625
vt 0.40625 0.140625
vt 0.759766 0.734375
vt 0.703125 0.75
vt 0.703125 0.734375
vt 0.848633 0.578125
vt 0.84375 0.59375
vt 0.84375 0.578125
vt 0.837891 0.59375
vt 0.78125 0.588867
vt 0.837891 0.588867
vt 0.78125 0.573242
vt 0.837891 0.578125
vt 0.837891 0.573242
vt 0.453125 0.36718800000000007
vt 0.40625 0.40625
vt 0.40625 0.36718800000000007
vt 0.164062 0.17968799999999996
vt 0.15625 0.21875
vt 0.15625 0.17968799999999996
vt 0.5 0.36718800000000007
vt 0.453125 0.40625
vt 0.453125 0.36718800000000007
vt 0.179688 0.17968799999999996
vt 0.171875 0.21875
vt 0.171875 0.17968799999999996
vt 0.21875 0.234375
vt 0.265625 0.22656200000000004
vt 0.265625 0.234375
vt 0.765625 0.773438
vt 0.8125 0.78125
vt 0.8125 0.773438
vt 0.43457 0.28906199999999993
vt 0.40625 0.328125
vt 0.40625 0.28906199999999993
vt 0.552734 0.16406200000000004
vt 0.546875 0.203125
vt 0.546875 0.16406200000000004
vt 0.46582 0.28906199999999993
vt 0.4375 0.328125
vt 0.4375 0.28906199999999993
vt 0.599609 0.16406200000000004
vt 0.59375 0.203125
vt 0.59375 0.16406200000000004
vt 0.825195 0.21875
vt 0.796875 0.21289099999999994
vt 0.825195 0.21289099999999994
vt 0.796875 0.19726599999999994
vt 0.825195 0.203125
vt 0.825195 0.19726599999999994
vt 0.083008 0.49218800000000007
vt 0 0.53125
vt 0 0.49218800000000007
vt 0.615234 0.16406200000000004
vt 0.609375 0.203125
vt 0.609375 0.16406200000000004
vt 0.567383 0.867188
vt 0.484375 0.90625
vt 0.484375 0.867188
vt 0.802734 0.35156199999999993
vt 0.796875 0.390625
vt 0.796875 0.35156199999999993
vt 0.75 0.46875
vt 0.833008 0.46289099999999994
vt 0.833008 0.46875
vt 0.75 0.44726599999999994
vt 0.833008 0.453125
vt 0.833008 0.44726599999999994
vt 0.59375 0.328125
vt 0.638672 0.359375
vt 0.59375 0.359375
vt 0.520508 0.15625
vt 0.515625 0.1875
vt 0.515625 0.15625
vt 0.685547 0.359375
vt 0.640625 0.390625
vt 0.640625 0.359375
vt 0.536133 0.15625
vt 0.53125 0.1875
vt 0.53125 0.15625
vt 0.796875 0.421875
vt 0.841797 0.41699200000000003
vt 0.841797 0.421875
vt 0.65625 0.19824200000000003
vt 0.701172 0.203125
vt 0.701172 0.19824200000000003
vt 0.716797 0.328125
vt 0.6875 0.359375
vt 0.6875 0.328125
vt 0.8125 0.359375
vt 0.817383 0.390625
vt 0.8125 0.390625
vt 0.6875 0.296875
vt 0.716797 0.328125
vt 0.6875 0.328125
vt 0.817383 0.328125
vt 0.8125 0.359375
vt 0.8125 0.328125
vt 0.841797 0.25
vt 0.8125 0.24511700000000003
vt 0.841797 0.24511700000000003
vt 0.796875 0.18261700000000003
vt 0.826172 0.1875
vt 0.826172 0.18261700000000003
vt 0.625 0.453125
vt 0.5625 0.484375
vt 0.5625 0.453125
vt 0.661133 0.15625
vt 0.65625 0.1875
vt 0.65625 0.15625
vt 0.625 0.421875
vt 0.5625 0.453125
vt 0.5625 0.421875
vt 0.676758 0.15625
vt 0.671875 0.1875
vt 0.671875 0.15625
vt 0.84375 0.828125
vt 0.78125 0.823242
vt 0.84375 0.823242
vt 0.25 0.21386700000000003
vt 0.1875 0.21875
vt 0.25 0.21875
vt 0.736328 0.632812
vt 0.71875 0.671875
vt 0.71875 0.632812
vt 0.630859 0.16406200000000004
vt 0.625 0.203125
vt 0.625 0.16406200000000004
vt 0.392578 0.24218799999999996
vt 0.375 0.28125
vt 0.375 0.24218799999999996
vt 0.646484 0.16406200000000004
vt 0.640625 0.203125
vt 0.640625 0.16406200000000004
vt 0 0.15625
vt 0.017578 0.15039099999999994
vt 0.017578 0.15625
vt 0.048828 0.15039099999999994
vt 0.03125 0.15625
vt 0.048828 0.15625
vt 0.046875 0.168945
vt 0 0.171875
vt 0 0.168945
vt 0.291992 0.15332
vt 0.265625 0.15625
vt 0.265625 0.15332
vt 0.828125 0.96582
vt 0.875 0.96875
vt 0.828125 0.96875
vt 0.84375 0.731445
vt 0.870117 0.734375
vt 0.84375 0.734375
vt 0.640625 0.359375
vt 0.6875 0.33300799999999997
vt 0.6875 0.359375
vt 0.65625 0.973633
vt 0.703125 1
vt 0.703125 0.973633
vt 0.179688 0.43164099999999994
vt 0.140625 0.5
vt 0.140625 0.43164099999999994
vt 0.632812 0.509766
vt 0.609375 0.578125
vt 0.609375 0.509766
vt 0.289062 0.41601599999999994
vt 0.25 0.484375
vt 0.25 0.41601599999999994
vt 0.648438 0.931641
vt 0.625 1
vt 0.625 0.931641
vt 0.6875 0.421875
vt 0.726562 0.39843800000000007
vt 0.726562 0.421875
vt 0.6875 0.36718800000000007
vt 0.726562 0.390625
vt 0.726562 0.36718800000000007
vt 0.046875 0.168945
vt 0.09375 0.171875
vt 0.046875 0.171875
vt 0.875 0.825195
vt 0.84375 0.828125
vt 0.84375 0.825195
vt 0.875 0.950195
vt 0.828125 0.953125
vt 0.828125 0.950195
vt 0.203125 0.15332
vt 0.234375 0.15625
vt 0.203125 0.15625
vt 0.6875 0.640625
vt 0.640625 0.609375
vt 0.6875 0.609375
vt 0.40625 0.328125
vt 0.453125 0.359375
vt 0.453125 0.328125
vt 0.570312 0.759766
vt 0.53125 0.828125
vt 0.53125 0.759766
vt 0.367188 0.30664099999999994
vt 0.34375 0.375
vt 0.34375 0.30664099999999994
vt 0.335938 0.40039099999999994
vt 0.296875 0.46875
vt 0.296875 0.40039099999999994
vt 0.648438 0.43164099999999994
vt 0.625 0.5
vt 0.625 0.43164099999999994
vt 0 0.296875
vt 0.039062 0.27343800000000007
vt 0.039062 0.296875
vt 0.703125 0.976562
vt 0.742188 1
vt 0.742188 0.976562
vt 0.828125 0.93457
vt 0.875 0.9375
vt 0.828125 0.9375
vt 0.875 0.762695
vt 0.84375 0.765625
vt 0.84375 0.762695
vt 0.875 0.918945
vt 0.828125 0.921875
vt 0.828125 0.918945
vt 0.84375 0.74707
vt 0.875 0.75
vt 0.84375 0.75
vt 0.640625 0.578125
vt 0.6875 0.546875
vt 0.6875 0.578125
vt 0.5 0.328125
vt 0.453125 0.359375
vt 0.5 0.359375
vt 0.828125 0.87207
vt 0.875 0.875
vt 0.828125 0.875
vt 0.870117 0.71582
vt 0.84375 0.71875
vt 0.84375 0.71582
vt 0.140625 0.168945
vt 0.1875 0.171875
vt 0.140625 0.171875
vt 0.296875 0.15332
vt 0.323242 0.15625
vt 0.296875 0.15625
vt 0.703125 0.96875
vt 0.65625 0.942383
vt 0.703125 0.942383
vt 0.65625 0.754883
vt 0.703125 0.78125
vt 0.703125 0.754883
vt 0.570312 0.759766
vt 0.53125 0.828125
vt 0.53125 0.759766
vt 0.367188 0.30664099999999994
vt 0.34375 0.375
vt 0.34375 0.30664099999999994
vt 0.335938 0.40039099999999994
vt 0.296875 0.46875
vt 0.296875 0.40039099999999994
vt 0.648438 0.43164099999999994
vt 0.625 0.5
vt 0.625 0.43164099999999994
vt 0 0.296875
vt 0.039062 0.27343800000000007
vt 0.039062 0.296875
vt 0.703125 0.976562
vt 0.742188 1
vt 0.742188 0.976562
vt 0.875 0.93457
vt 0.828125 0.9375
vt 0.828125 0.93457
vt 0.875 0.762695
vt 0.84375 0.765625
vt 0.84375 0.762695
vt 0.875 0.918945
vt 0.828125 0.921875
vt 0.828125 0.918945
vt 0.84375 0.74707
vt 0.875 0.75
vt 0.84375 0.75
vt 0.640625 0.578125
vt 0.6875 0.546875
vt 0.6875 0.578125
vt 0.453125 0.328125
vt 0.5 0.359375
vt 0.5 0.328125
vt 0.875 0.87207
vt 0.828125 0.875
vt 0.828125 0.87207
vt 0.84375 0.71582
vt 0.870117 0.71875
vt 0.84375 0.71875
vt 0.1875 0.168945
vt 0.140625 0.171875
vt 0.140625 0.168945
vt 0.323242 0.15332
vt 0.296875 0.15625
vt 0.296875 0.15332
vt 0.703125 0.96875
vt 0.65625 0.942383
vt 0.703125 0.942383
vt 0.65625 0.754883
vt 0.703125 0.78125
vt 0.703125 0.754883
vt 0.179688 0.43164099999999994
vt 0.140625 0.5
vt 0.140625 0.43164099999999994
vt 0.632812 0.509766
vt 0.609375 0.578125
vt 0.609375 0.509766
vt 0.289062 0.41601599999999994
vt 0.25 0.484375
vt 0.25 0.41601599999999994
vt 0.648438 0.931641
vt 0.625 1
vt 0.625 0.931641
vt 0.6875 0.421875
vt 0.726562 0.39843800000000007
vt 0.726562 0.421875
vt 0.726562 0.36718800000000007
vt 0.6875 0.390625
vt 0.726562 0.390625
vt 0.09375 0.168945
vt 0.046875 0.171875
vt 0.046875 0.168945
vt 0.875 0.825195
vt 0.84375 0.828125
vt 0.84375 0.825195
vt 0.828125 0.950195
vt 0.875 0.953125
vt 0.828125 0.953125
vt 0.203125 0.15332
vt 0.234375 0.15625
vt 0.203125 0.15625
vt 0.6875 0.640625
vt 0.640625 0.609375
vt 0.6875 0.609375
vt 0.40625 0.328125
vt 0.453125 0.359375
vt 0.453125 0.328125
vt 0.046875 0.168945
vt 0 0.171875
vt 0 0.168945
vt 0.291992 0.15332
vt 0.265625 0.15625
vt 0.265625 0.15332
vt 0.875 0.96582
vt 0.828125 0.96875
vt 0.828125 0.96582
vt 0.870117 0.731445
vt 0.84375 0.734375
vt 0.84375 0.731445
vt 0.6875 0.359375
vt 0.640625 0.33300799999999997
vt 0.6875 0.33300799999999997
vt 0.703125 0.973633
vt 0.65625 1
vt 0.703125 1
vt 0.179688 0.43164099999999994
vt 0.140625 0.5
vt 0.140625 0.43164099999999994
vt 0.632812 0.509766
vt 0.609375 0.578125
vt 0.609375 0.509766
vt 0.289062 0.41601599999999994
vt 0.25 0.484375
vt 0.25 0.41601599999999994
vt 0.648438 0.931641
vt 0.625 1
vt 0.625 0.931641
vt 0.6875 0.421875
vt 0.726562 0.39843800000000007
vt 0.726562 0.421875
vt 0.726562 0.36718800000000007
vt 0.6875 0.390625
vt 0.726562 0.390625
vt 0.09375 0.168945
vt 0.046875 0.171875
vt 0.046875 0.168945
vt 0.875 0.825195
vt 0.84375 0.828125
vt 0.84375 0.825195
vt 0.875 0.950195
vt 0.828125 0.953125
vt 0.828125 0.950195
vt 0.203125 0.15332
vt 0.234375 0.15625
vt 0.203125 0.15625
vt 0.6875 0.640625
vt 0.640625 0.609375
vt 0.6875 0.609375
vt 0.40625 0.328125
vt 0.453125 0.359375
vt 0.453125 0.328125
vt 0.046875 0.168945
vt 0 0.171875
vt 0 0.168945
vt 0.265625 0.15332
vt 0.291992 0.15625
vt 0.265625 0.15625
vt 0.875 0.96582
vt 0.828125 0.96875
vt 0.828125 0.96582
vt 0.870117 0.731445
vt 0.84375 0.734375
vt 0.84375 0.731445
vt 0.6875 0.359375
vt 0.640625 0.33300799999999997
vt 0.6875 0.33300799999999997
vt 0.65625 0.973633
vt 0.703125 1
vt 0.703125 0.973633
vt 0.570312 0.759766
vt 0.53125 0.828125
vt 0.53125 0.759766
vt 0.367188 0.30664099999999994
vt 0.34375 0.375
vt 0.34375 0.30664099999999994
vt 0.335938 0.40039099999999994
vt 0.296875 0.46875
vt 0.296875 0.40039099999999994
vt 0.648438 0.43164099999999994
vt 0.625 0.5
vt 0.625 0.43164099999999994
vt 0.039062 0.296875
vt 0 0.27343800000000007
vt 0.039062 0.27343800000000007
vt 0.703125 0.976562
vt 0.742188 1
vt 0.742188 0.976562
vt 0.828125 0.93457
vt 0.875 0.9375
vt 0.828125 0.9375
vt 0.875 0.762695
vt 0.84375 0.765625
vt 0.84375 0.762695
vt 0.875 0.918945
vt 0.828125 0.921875
vt 0.828125 0.918945
vt 0.84375 0.74707
vt 0.875 0.75
vt 0.84375 0.75
vt 0.640625 0.578125
vt 0.6875 0.546875
vt 0.6875 0.578125
vt 0.453125 0.328125
vt 0.5 0.359375
vt 0.5 0.328125
vt 0.875 0.87207
vt 0.828125 0.875
vt 0.828125 0.87207
vt 0.870117 0.71582
vt 0.84375 0.71875
vt 0.84375 0.71582
vt 0.140625 0.168945
vt 0.1875 0.171875
vt 0.140625 0.171875
vt 0.323242 0.15332
vt 0.296875 0.15625
vt 0.296875 0.15332
vt 0.65625 0.96875
vt 0.703125 0.942383
vt 0.703125 0.96875
vt 0.65625 0.754883
vt 0.703125 0.78125
vt 0.703125 0.754883
vt 0.369141 0.9375
vt 0.28125 1
vt 0.28125 0.9375
vt 0.21875 0.4375
vt 0.1875 0.5
vt 0.1875 0.4375
vt 0.369141 0.875
vt 0.28125 0.9375
vt 0.28125 0.875
vt 0.375 0.375
vt 0.34375 0.4375
vt 0.34375 0.375
vt 0.359375 0.5
vt 0.447266 0.46875
vt 0.447266 0.5
vt 0.453125 0.46875
vt 0.541016 0.5
vt 0.541016 0.46875
vt 0.875 0.62207
vt 0.796875 0.625
vt 0.796875 0.62207
vt 0.84375 0.77832
vt 0.875 0.78125
vt 0.84375 0.78125
vt 0.46875 0.200195
vt 0.390625 0.203125
vt 0.390625 0.200195
vt 0.265625 0.15332
vt 0.234375 0.15625
vt 0.234375 0.15332
vt 0.53125 0.75
vt 0.609375 0.71875
vt 0.609375 0.75
vt 0.34375 0.4375
vt 0.421875 0.46875
vt 0.421875 0.4375
vt 0.875 0.606445
vt 0.796875 0.609375
vt 0.796875 0.606445
vt 0.865234 0.512695
vt 0.84375 0.515625
vt 0.84375 0.512695
vt 0.875 0.55957
vt 0.796875 0.5625
vt 0.796875 0.55957
vt 0.84375 0.49707
vt 0.865234 0.5
vt 0.84375 0.5
vt 0.265625 0.390625
vt 0.34375 0.36914099999999994
vt 0.34375 0.390625
vt 0.609375 0.681641
vt 0.6875 0.703125
vt 0.6875 0.681641
vt 0.875 0.543945
vt 0.875 0.546875
vt 0.796875 0.546875
vt 0.865234 0.84082
vt 0.865234 0.84375
vt 0.8125 0.84375
vt 0.546875 0.200195
vt 0.546875 0.203125
vt 0.46875 0.203125
vt 0.8125 0.80957
vt 0.865234 0.80957
vt 0.865234 0.8125
vt 0.140625 0.640625
vt 0.140625 0.587891
vt 0.21875 0.587891
vt 0.359375 0.619141
vt 0.359375 0.671875
vt 0.4375 0.671875
vt 0 1
vt 0.03125 1
vt 0.03125 1
vt 0 1
vt 0.021484 1
vt 0.021484 1
vt 0 1
vt 0.03125 1
vt 0.03125 1
vt 0 1
vt 0.021484 1
vt 0.021484 1
vt 0.71875 0.625
vt 0.71875 0.603516
vt 0.75 0.603516
vt 0.40625 0.25976599999999994
vt 0.40625 0.28125
vt 0.4375 0.28125
vt 0 1
vt 0.03125 1
vt 0.03125 1
vt 0 1
vt 0.021484 1
vt 0.021484 1
vt 0 1
vt 0.03125 1
vt 0.03125 1
vt 0 1
vt 0.021484 1
vt 0.021484 1
vt 0.71875 0.625
vt 0.71875 0.603516
vt 0.75 0.603516
vt 0.40625 0.25976599999999994
vt 0.40625 0.28125
vt 0.4375 0.28125
vt 0.125 0.703125
vt 0.125 0.828125
vt 0 0.828125
vt 0.28125 0.484375
vt 0.28125 0.609375
vt 0.25 0.609375
vt 0.25 0.703125
vt 0.25 0.828125
vt 0.125 0.828125
vt 0.3125 0.484375
vt 0.3125 0.609375
vt 0.28125 0.609375
vt 0.390625 0.703125
vt 0.390625 0.671875
vt 0.515625 0.671875
vt 0.359375 0.578125
vt 0.359375 0.609375
vt 0.484375 0.609375
vt 0.453125 0.948242
vt 0.453125 1
vt 0.375 1
vt 0.59375 0.26074200000000003
vt 0.59375 0.3125
vt 0.578125 0.3125
vt 0.453125 0.885742
vt 0.453125 0.9375
vt 0.375 0.9375
vt 0.703125 0.526367
vt 0.71875 0.526367
vt 0.71875 0.578125
vt 0.53125 0.71875
vt 0.53125 0.703125
vt 0.609375 0.703125
vt 0.640625 0.5
vt 0.640625 0.515625
vt 0.71875 0.515625
vt 0.3125 0.5625
vt 0.356445 0.5625
vt 0.356445 0.671875
vt 0.392578 0.328125
vt 0.392578 0.4375
vt 0.375 0.4375
vt 0.043945 0.53125
vt 0.043945 0.640625
vt 0 0.640625
vt 0.158203 0.3125
vt 0.158203 0.421875
vt 0.140625 0.421875
vt 0.703125 0.5
vt 0.703125 0.482422
vt 0.74707 0.482422
vt 0.703125 0.451172
vt 0.703125 0.46875
vt 0.74707 0.46875
vt 0.546875 0.953125
vt 0.588867 0.953125
vt 0.588867 1
vt 0.390625 0.828125
vt 0.390625 0.875
vt 0.375 0.875
vt 0.088867 0.40625
vt 0.088867 0.453125
vt 0.046875 0.453125
vt 0.71875 0.890625
vt 0.734375 0.890625
vt 0.734375 0.9375
vt 0.5 0.921875
vt 0.5 0.90625
vt 0.541992 0.90625
vt 0.71875 0.796875
vt 0.71875 0.8125
vt 0.760742 0.8125
vt 0.698242 0.723633
vt 0.698242 0.75
vt 0.65625 0.75
vt 0.421875 0.41113299999999997
vt 0.421875 0.4375
vt 0.40625 0.4375
vt 0.041992 0.30175799999999997
vt 0.041992 0.328125
vt 0 0.328125
vt 0.640625 0.895508
vt 0.640625 0.921875
vt 0.625 0.921875
vt 0.760742 0.328125
vt 0.71875 0.328125
vt 0.71875 0.3125
vt 0.760742 0.296875
vt 0.71875 0.296875
vt 0.71875 0.3125
vt 0.09375 0.455078
vt 0.135742 0.455078
vt 0.135742 0.53125
vt 0.5 0.267578
vt 0.515625 0.267578
vt 0.515625 0.34375
vt 0.526367 0.783203
vt 0.526367 0.859375
vt 0.484375 0.859375
vt 0.65625 0.423828
vt 0.671875 0.423828
vt 0.671875 0.5
vt 0.734375 0.9375
vt 0.734375 0.921875
vt 0.776367 0.921875
vt 0.734375 0.90625
vt 0.734375 0.921875
vt 0.776367 0.921875
vt 0.085938 0.359375
vt 0.085938 0.40625
vt 0.046875 0.40625
vt 0.109375 0.25
vt 0.126953 0.25
vt 0.126953 0.296875
vt 0.132812 0.359375
vt 0.132812 0.40625
vt 0.09375 0.40625
vt 0.361328 0.25
vt 0.361328 0.296875
vt 0.34375 0.296875
vt 0.71875 0.734375
vt 0.71875 0.716797
vt 0.757812 0.716797
vt 0.757812 0.685547
vt 0.71875 0.685547
vt 0.71875 0.703125
vt 0.09082 0.53125
vt 0.09082 0.640625
vt 0.046875 0.640625
vt 0.5625 0.3125
vt 0.580078 0.3125
vt 0.580078 0.421875
vt 0.137695 0.53125
vt 0.137695 0.640625
vt 0.09375 0.640625
vt 0.611328 0.890625
vt 0.611328 1
vt 0.59375 1
vt 0.731445 0.296875
vt 0.6875 0.296875
vt 0.6875 0.279297
vt 0.046875 0.263672
vt 0.046875 0.28125
vt 0.09082 0.28125
vt 0.676758 0.787109
vt 0.676758 0.828125
vt 0.640625 0.828125
vt 0.171875 0.24023400000000006
vt 0.189453 0.24023400000000006
vt 0.189453 0.28125
vt 0.265625 0.31835900000000006
vt 0.301758 0.31835900000000006
vt 0.301758 0.359375
vt 0.220703 0.24023400000000006
vt 0.220703 0.28125
vt 0.203125 0.28125
vt 0.59375 0.265625
vt 0.59375 0.24804700000000002
vt 0.629883 0.24804700000000002
vt 0.734375 0.373047
vt 0.734375 0.390625
vt 0.770508 0.390625
vt 0.588867 0.90625
vt 0.588867 0.953125
vt 0.546875 0.953125
vt 0.109375 0.234375
vt 0.109375 0.28125
vt 0.09375 0.28125
vt 0.135742 0.40625
vt 0.135742 0.453125
vt 0.09375 0.453125
vt 0.734375 0.8125
vt 0.734375 0.859375
vt 0.71875 0.859375
vt 0.776367 0.90625
vt 0.734375 0.90625
vt 0.734375 0.890625
vt 0.734375 0.859375
vt 0.734375 0.875
vt 0.776367 0.875
vt 0.713867 0.911133
vt 0.713867 0.9375
vt 0.671875 0.9375
vt 0.359375 0.22363299999999997
vt 0.375 0.22363299999999997
vt 0.375 0.25
vt 0.671875 0.879883
vt 0.713867 0.879883
vt 0.713867 0.90625
vt 0.421875 0.22363299999999997
vt 0.421875 0.25
vt 0.40625 0.25
vt 0.734375 0.859375
vt 0.734375 0.84375
vt 0.776367 0.84375
vt 0.734375 0.828125
vt 0.734375 0.84375
vt 0.776367 0.84375
vt 0.484375 0.705078
vt 0.526367 0.705078
vt 0.526367 0.78125
vt 0.53125 0.267578
vt 0.53125 0.34375
vt 0.515625 0.34375
vt 0.5 0.923828
vt 0.541992 0.923828
vt 0.541992 1
vt 0.546875 0.267578
vt 0.546875 0.34375
vt 0.53125 0.34375
vt 0.776367 0.828125
vt 0.734375 0.828125
vt 0.734375 0.8125
vt 0.510742 0.25
vt 0.46875 0.25
vt 0.46875 0.265625
vt 0.132812 0.828125
vt 0.132812 1
vt 0 1
vt 0.414062 0.703125
vt 0.414062 0.875
vt 0.390625 0.875
vt 0.273438 0.828125
vt 0.273438 1
vt 0.140625 1
vt 0.242188 0.4375
vt 0.242188 0.609375
vt 0.21875 0.609375
vt 0.4375 0.640625
vt 0.4375 0.617188
vt 0.570312 0.617188
vt 0.484375 0.585938
vt 0.484375 0.609375
vt 0.617188 0.609375
vt 0.484375 0.265625
vt 0.484375 0.328125
vt 0.46875 0.328125
vt 0.078125 0.640625
vt 0.078125 0.703125
vt 0 0.703125
vt 0.5 0.265625
vt 0.5 0.328125
vt 0.484375 0.328125
vt 0.15625 0.640625
vt 0.15625 0.703125
vt 0.078125 0.703125
vt 0.203125 0.578125
vt 0.203125 0.5
vt 0.21875 0.5
vt 0.546875 0.328125
vt 0.546875 0.40625
vt 0.5625 0.40625
vt 0.6875 0.4375
vt 0.6875 0.5
vt 0.671875 0.5
vt 0.072266 0.296875
vt 0.072266 0.359375
vt 0.046875 0.359375
vt 0.5625 0.265625
vt 0.5625 0.328125
vt 0.546875 0.328125
vt 0.103516 0.296875
vt 0.103516 0.359375
vt 0.078125 0.359375
vt 0.4375 0.25
vt 0.421875 0.25
vt 0.421875 0.22460900000000006
vt 0.5625 0.22460900000000006
vt 0.5625 0.25
vt 0.578125 0.25
vt 0.609375 0.265625
vt 0.609375 0.328125
vt 0.59375 0.328125
vt 0.458984 0.40625
vt 0.458984 0.46875
vt 0.421875 0.46875
vt 0.625 0.265625
vt 0.625 0.328125
vt 0.609375 0.328125
vt 0.505859 0.40625
vt 0.505859 0.46875
vt 0.46875 0.46875
vt 0.703125 0.265625
vt 0.703125 0.22851599999999994
vt 0.71875 0.22851599999999994
vt 0.734375 0.25976599999999994
vt 0.734375 0.296875
vt 0.75 0.296875
vt 0.27832 0.237305
vt 0.27832 0.3125
vt 0.265625 0.3125
vt 0.470703 0.799805
vt 0.470703 0.875
vt 0.421875 0.875
vt 0.293945 0.237305
vt 0.293945 0.3125
vt 0.28125 0.3125
vt 0.189453 0.50293
vt 0.189453 0.578125
vt 0.140625 0.578125
vt 0.640625 0.265625
vt 0.640625 0.21679700000000002
vt 0.65332 0.21679700000000002
vt 0.668945 0.21679700000000002
vt 0.65625 0.21679700000000002
vt 0.65625 0.265625
vt 0.30957 0.237305
vt 0.30957 0.3125
vt 0.296875 0.3125
vt 0.470703 0.72168
vt 0.470703 0.796875
vt 0.421875 0.796875
vt 0.6875 0.424805
vt 0.700195 0.424805
vt 0.700195 0.5
vt 0.408203 0.50293
vt 0.408203 0.578125
vt 0.359375 0.578125
vt 0.671875 0.265625
vt 0.671875 0.21679700000000002
vt 0.68457 0.21679700000000002
vt 0.6875 0.21679700000000002
vt 0.6875 0.265625
vt 0.700195 0.265625
vt 0.640625 0.265625
vt 0.640625 0.328125
vt 0.625 0.328125
vt 0.234375 0.640625
vt 0.234375 0.703125
vt 0.15625 0.703125
vt 0.65625 0.265625
vt 0.65625 0.328125
vt 0.640625 0.328125
vt 0.3125 0.609375
vt 0.3125 0.671875
vt 0.234375 0.671875
vt 0.3125 0.359375
vt 0.3125 0.28125
vt 0.328125 0.28125
vt 0.328125 0.28125
vt 0.328125 0.359375
vt 0.34375 0.359375
vt 0.671875 0.265625
vt 0.671875 0.328125
vt 0.65625 0.328125
vt 0.552734 0.40625
vt 0.552734 0.46875
vt 0.515625 0.46875
vt 0.6875 0.265625
vt 0.6875 0.328125
vt 0.671875 0.328125
vt 0.037109 0.390625
vt 0.037109 0.453125
vt 0 0.453125
vt 0.71875 0.265625
vt 0.71875 0.22851599999999994
vt 0.734375 0.22851599999999994
vt 0.046875 0.21289099999999994
vt 0.046875 0.25
vt 0.0625 0.25
vt 0.15625 0.25
vt 0.15625 0.3125
vt 0.140625 0.3125
vt 0.666016 0.859375
vt 0.666016 0.921875
vt 0.640625 0.921875
vt 0.171875 0.25
vt 0.171875 0.3125
vt 0.15625 0.3125
vt 0.134766 0.296875
vt 0.134766 0.359375
vt 0.109375 0.359375
vt 0.578125 0.25
vt 0.578125 0.22460900000000006
vt 0.59375 0.22460900000000006
vt 0.75 0.27148400000000006
vt 0.75 0.296875
vt 0.765625 0.296875
vt 0.171875 0.28613299999999997
vt 0.198242 0.28613299999999997
vt 0.198242 0.328125
vt 0.75 0.629883
vt 0.762695 0.629883
vt 0.762695 0.671875
vt 0.229492 0.28613299999999997
vt 0.229492 0.328125
vt 0.203125 0.328125
vt 0.34375 0.20800799999999997
vt 0.356445 0.20800799999999997
vt 0.356445 0.25
vt 0.515625 0.515625
vt 0.515625 0.50293
vt 0.541992 0.50293
vt 0.604492 0.75293
vt 0.578125 0.75293
vt 0.578125 0.765625
vt 0.818359 0.911133
vt 0.818359 0.9375
vt 0.8125 0.9375
vt 0.115234 0.16113299999999997
vt 0.115234 0.1875
vt 0.109375 0.1875
vt 0.125 0.16113299999999997
vt 0.130859 0.16113299999999997
vt 0.130859 0.1875
vt 0.818359 0.848633
vt 0.818359 0.875
vt 0.8125 0.875
vt 0.59375 0.15625
vt 0.59375 0.15039099999999994
vt 0.599609 0.15039099999999994
vt 0.609375 0.15039099999999994
vt 0.609375 0.15625
vt 0.615234 0.15625
vt 0.706055 0.14550799999999997
vt 0.706055 0.203125
vt 0.703125 0.203125
vt 0.72168 0.14550799999999997
vt 0.72168 0.203125
vt 0.71875 0.203125
vt 0.734375 0.14550799999999997
vt 0.737305 0.14550799999999997
vt 0.737305 0.203125
vt 0.75 0.14550799999999997
vt 0.75293 0.14550799999999997
vt 0.75293 0.203125
vt 0.84375 0.390625
vt 0.84375 0.387695
vt 0.84668 0.387695
vt 0.625 0.15332
vt 0.625 0.15625
vt 0.62793 0.15625
vt 0.551758 0.234375
vt 0.551758 0.265625
vt 0.53125 0.265625
vt 0.25 0.671875
vt 0.25 0.703125
vt 0.234375 0.703125
vt 0.754883 0.390625
vt 0.754883 0.421875
vt 0.734375 0.421875
vt 0.234375 0.609375
vt 0.234375 0.640625
vt 0.21875 0.640625
vt 0.265625 0.40625
vt 0.265625 0.390625
vt 0.286133 0.390625
vt 0.765625 0.40625
vt 0.765625 0.421875
vt 0.786133 0.421875
vt 0.085938 0.453125
vt 0.085938 0.484375
vt 0 0.484375
vt 0.767578 0.96875
vt 0.767578 1
vt 0.75 1
vt 0.601562 0.671875
vt 0.601562 0.703125
vt 0.515625 0.703125
vt 0.080078 0.21875
vt 0.080078 0.25
vt 0.0625 0.25
vt 0.625 0.859375
vt 0.625 0.841797
vt 0.710938 0.841797
vt 0.625 0.654297
vt 0.625 0.671875
vt 0.710938 0.671875
vt 0.609375 0.546875
vt 0.609375 0.578125
vt 0.546875 0.578125
vt 0.802734 0.3125
vt 0.802734 0.34375
vt 0.796875 0.34375
vt 0.609375 0.484375
vt 0.609375 0.515625
vt 0.546875 0.515625
vt 0.802734 0.28125
vt 0.802734 0.3125
vt 0.796875 0.3125
vt 0.734375 0.25
vt 0.734375 0.24414099999999994
vt 0.796875 0.24414099999999994
vt 0.75 0.25976599999999994
vt 0.75 0.265625
vt 0.8125 0.265625
vt 0.601562 0.515625
vt 0.601562 0.546875
vt 0.515625 0.546875
vt 0.126953 0.21875
vt 0.126953 0.25
vt 0.109375 0.25
vt 0.617188 0.828125
vt 0.617188 0.859375
vt 0.53125 0.859375
vt 0.158203 0.21875
vt 0.158203 0.25
vt 0.140625 0.25
vt 0.625 0.609375
vt 0.625 0.591797
vt 0.710938 0.591797
vt 0.171875 0.341797
vt 0.171875 0.359375
vt 0.257812 0.359375
vt 0.703125 0.517578
vt 0.703125 0.578125
vt 0.6875 0.578125
vt 0.041992 0.20507799999999998
vt 0.041992 0.265625
vt 0.03125 0.265625
vt 0.578125 0.251953
vt 0.578125 0.3125
vt 0.5625 0.3125
vt 0.526367 0.20507799999999998
vt 0.526367 0.265625
vt 0.515625 0.265625
vt 0.796875 0.28125
vt 0.796875 0.27050799999999997
vt 0.8125 0.27050799999999997
vt 0.796875 0.23925799999999997
vt 0.796875 0.25
vt 0.8125 0.25
vt 0.703125 0.517578
vt 0.703125 0.578125
vt 0.6875 0.578125
vt 0.041992 0.20507799999999998
vt 0.041992 0.265625
vt 0.03125 0.265625
vt 0.578125 0.251953
vt 0.578125 0.3125
vt 0.5625 0.3125
vt 0.515625 0.20507799999999998
vt 0.526367 0.20507799999999998
vt 0.526367 0.265625
vt 0.796875 0.28125
vt 0.796875 0.27050799999999997
vt 0.8125 0.27050799999999997
vt 0.796875 0.23925799999999997
vt 0.796875 0.25
vt 0.8125 0.25
vt 0.484375 0.875
vt 0.484375 0.90625
vt 0.453125 0.90625
vt 0.804688 0.828125
vt 0.804688 0.859375
vt 0.796875 0.859375
vt 0.71875 0.796875
vt 0.71875 0.828125
vt 0.6875 0.828125
vt 0.195312 0.171875
vt 0.195312 0.203125
vt 0.1875 0.203125
vt 0.203125 0.203125
vt 0.203125 0.19531200000000004
vt 0.234375 0.19531200000000004
vt 0.796875 0.789062
vt 0.796875 0.796875
vt 0.828125 0.796875
vt 0.21875 0.36718800000000007
vt 0.21875 0.40625
vt 0.171875 0.40625
vt 0.789062 0.835938
vt 0.789062 0.875
vt 0.78125 0.875
vt 0.265625 0.36718800000000007
vt 0.265625 0.40625
vt 0.21875 0.40625
vt 0.148438 0.17968799999999996
vt 0.148438 0.21875
vt 0.140625 0.21875
vt 0.171875 0.234375
vt 0.171875 0.22656200000000004
vt 0.21875 0.22656200000000004
vt 0.765625 0.804688
vt 0.765625 0.8125
vt 0.8125 0.8125
vt 0.262695 0.28906199999999993
vt 0.262695 0.328125
vt 0.234375 0.328125
vt 0.287109 0.16406200000000004
vt 0.287109 0.203125
vt 0.28125 0.203125
vt 0.40332 0.28906199999999993
vt 0.40332 0.328125
vt 0.375 0.328125
vt 0.302734 0.16406200000000004
vt 0.302734 0.203125
vt 0.296875 0.203125
vt 0.765625 0.203125
vt 0.765625 0.19726599999999994
vt 0.793945 0.19726599999999994
vt 0.825195 0.22851599999999994
vt 0.796875 0.22851599999999994
vt 0.796875 0.234375
vt 0.364258 0.835938
vt 0.364258 0.875
vt 0.28125 0.875
vt 0.318359 0.16406200000000004
vt 0.318359 0.203125
vt 0.3125 0.203125
vt 0.504883 0.507812
vt 0.504883 0.546875
vt 0.421875 0.546875
vt 0.333984 0.16406200000000004
vt 0.333984 0.203125
vt 0.328125 0.203125
vt 0.75 0.5
vt 0.75 0.49414099999999994
vt 0.833008 0.49414099999999994
vt 0.75 0.47851599999999994
vt 0.75 0.484375
vt 0.833008 0.484375
vt 0.251953 0.24218799999999996
vt 0.251953 0.28125
vt 0.234375 0.28125
vt 0.349609 0.16406200000000004
vt 0.349609 0.203125
vt 0.34375 0.203125
vt 0.330078 0.24218799999999996
vt 0.330078 0.28125
vt 0.3125 0.28125
vt 0.380859 0.16406200000000004
vt 0.380859 0.203125
vt 0.375 0.203125
vt 0.830078 0.171875
vt 0.8125 0.171875
vt 0.8125 0.16601599999999994
vt 0.828125 0.18164099999999994
vt 0.828125 0.1875
vt 0.845703 0.1875
vt 0.387695 0.757812
vt 0.387695 0.828125
vt 0.25 0.828125
vt 0.098633 0.16406200000000004
vt 0.098633 0.234375
vt 0.09375 0.234375
vt 0.387695 0.679688
vt 0.387695 0.75
vt 0.25 0.75
vt 0.770508 0.695312
vt 0.770508 0.765625
vt 0.765625 0.765625
vt 0.703125 0.4375
vt 0.703125 0.43261700000000003
vt 0.84082 0.43261700000000003
vt 0.71875 0.885742
vt 0.71875 0.890625
vt 0.856445 0.890625
vt 0.450195 0.22851599999999994
vt 0.450195 0.28125
vt 0.4375 0.28125
vt 0.254883 0.16601599999999994
vt 0.254883 0.21875
vt 0.25 0.21875
vt 0.46582 0.22851599999999994
vt 0.46582 0.28125
vt 0.453125 0.28125
vt 0.364258 0.16601599999999994
vt 0.364258 0.21875
vt 0.359375 0.21875
vt 0.515625 0.15625
vt 0.515625 0.15136700000000003
vt 0.52832 0.15136700000000003
vt 0.84375 0.47949200000000003
vt 0.84375 0.484375
vt 0.856445 0.484375
vt 0.536133 0.546875
vt 0.536133 0.578125
vt 0.421875 0.578125
vt 0.242188 0.171875
vt 0.242188 0.203125
vt 0.234375 0.203125
vt 0.551758 0.640625
vt 0.551758 0.671875
vt 0.4375 0.671875
vt 0.273438 0.171875
vt 0.273438 0.203125
vt 0.265625 0.203125
vt 0.703125 0.96875
vt 0.703125 0.960938
vt 0.817383 0.960938
vt 0.703125 0.945312
vt 0.703125 0.953125
vt 0.817383 0.953125
vt 0.25 0.40625
vt 0.25 0.4375
vt 0.1875 0.4375
vt 0.203125 0.15625
vt 0.208008 0.15625
vt 0.208008 0.1875
vt 0.625 0.640625
vt 0.625 0.671875
vt 0.5625 0.671875
vt 0.223633 0.15625
vt 0.223633 0.1875
vt 0.21875 0.1875
vt 0.765625 0.40625
vt 0.765625 0.40136700000000003
vt 0.828125 0.40136700000000003
vt 0.78125 0.901367
vt 0.78125 0.90625
vt 0.84375 0.90625
vt 0.716797 0.671875
vt 0.716797 0.703125
vt 0.6875 0.703125
vt 0.390625 0.15625
vt 0.395508 0.15625
vt 0.395508 0.1875
vt 0.716797 0.609375
vt 0.716797 0.640625
vt 0.6875 0.640625
vt 0.411133 0.15625
vt 0.411133 0.1875
vt 0.40625 0.1875
vt 0.841797 0.78125
vt 0.8125 0.78125
vt 0.8125 0.776367
vt 0.841797 0.26074200000000003
vt 0.8125 0.26074200000000003
vt 0.8125 0.265625
vt 0.685547 0.515625
vt 0.685547 0.546875
vt 0.640625 0.546875
vt 0.421875 0.15625
vt 0.426758 0.15625
vt 0.426758 0.1875
vt 0.640625 0.390625
vt 0.685547 0.390625
vt 0.685547 0.421875
vt 0.4375 0.15625
vt 0.442383 0.15625
vt 0.442383 0.1875
vt 0.841797 0.53125
vt 0.796875 0.53125
vt 0.796875 0.526367
vt 0.841797 0.510742
vt 0.796875 0.510742
vt 0.796875 0.515625
vt 0.638672 0.859375
vt 0.638672 0.890625
vt 0.578125 0.890625
vt 0.458008 0.15625
vt 0.458008 0.1875
vt 0.453125 0.1875
vt 0.638672 0.796875
vt 0.638672 0.828125
vt 0.578125 0.828125
vt 0.473633 0.15625
vt 0.473633 0.1875
vt 0.46875 0.1875
vt 0.841797 0.765625
vt 0.78125 0.765625
vt 0.78125 0.760742
vt 0.78125 0.745117
vt 0.78125 0.75
vt 0.841797 0.75
vt 0.103516 0.28125
vt 0.103516 0.296875
vt 0.046875 0.296875
vt 0.848633 0.6875
vt 0.848633 0.703125
vt 0.84375 0.703125
vt 0.703125 0.765625
vt 0.759766 0.765625
vt 0.759766 0.78125
vt 0.84375 0.671875
vt 0.848633 0.671875
vt 0.848633 0.6875
vt 0.78125 0.640625
vt 0.78125 0.635742
vt 0.837891 0.635742
vt 0.462891 0.21386700000000003
vt 0.40625 0.21386700000000003
vt 0.40625 0.21875
vt 0.012695 0.21289099999999994
vt 0.012695 0.265625
vt 0 0.265625
vt 0.786133 0.509766
vt 0.786133 0.5625
vt 0.78125 0.5625
vt 0.02832 0.21289099999999994
vt 0.02832 0.265625
vt 0.015625 0.265625
vt 0.567383 0.16601599999999994
vt 0.567383 0.21875
vt 0.5625 0.21875
vt 0.53125 0.15625
vt 0.53125 0.15136700000000003
vt 0.543945 0.15136700000000003
vt 0.84375 0.46386700000000003
vt 0.84375 0.46875
vt 0.856445 0.46875
vt 0.75 0.78125
vt 0.783203 0.78125
vt 0.783203 0.796875
vt 0.328125 0.140625
vt 0.333008 0.140625
vt 0.333008 0.15625
vt 0.783203 0.609375
vt 0.783203 0.625
vt 0.75 0.625
vt 0.84375 0.65625
vt 0.848633 0.65625
vt 0.848633 0.671875
vt 0.033203 0.1875
vt 0 0.1875
vt 0 0.18261700000000003
vt 0.8125 0.995117
vt 0.8125 1
vt 0.845703 1
vt 0.421875 0.703125
vt 0.482422 0.703125
vt 0.482422 0.71875
vt 0.34375 0.140625
vt 0.348633 0.140625
vt 0.348633 0.15625
vt 0.65625 0.703125
vt 0.716797 0.703125
vt 0.716797 0.71875
vt 0.848633 0.640625
vt 0.848633 0.65625
vt 0.84375 0.65625
vt 0.78125 0.734375
vt 0.78125 0.729492
vt 0.841797 0.729492
vt 0.78125 0.713867
vt 0.78125 0.71875
vt 0.841797 0.71875
vt 0.578125 0.765625
vt 0.638672 0.765625
vt 0.638672 0.796875
vt 0.489258 0.15625
vt 0.489258 0.1875
vt 0.484375 0.1875
vt 0.578125 0.609375
vt 0.638672 0.609375
vt 0.638672 0.640625
vt 0.5 0.15625
vt 0.504883 0.15625
vt 0.504883 0.1875
vt 0.78125 0.703125
vt 0.78125 0.698242
vt 0.841797 0.698242
vt 0.841797 0.682617
vt 0.78125 0.682617
vt 0.78125 0.6875
vt 0.732422 0.859375
vt 0.732422 0.875
vt 0.671875 0.875
vt 0.359375 0.140625
vt 0.364258 0.140625
vt 0.364258 0.15625
vt 0.748047 0.78125
vt 0.748047 0.796875
vt 0.6875 0.796875
vt 0.848633 0.625
vt 0.848633 0.640625
vt 0.84375 0.640625
vt 0.78125 0.671875
vt 0.78125 0.666992
vt 0.841797 0.666992
vt 0.78125 0.651367
vt 0.78125 0.65625
vt 0.841797 0.65625
vt 0.783203 0.59375
vt 0.783203 0.609375
vt 0.75 0.609375
vt 0.379883 0.140625
vt 0.379883 0.15625
vt 0.375 0.15625
vt 0.46875 0.234375
vt 0.501953 0.234375
vt 0.501953 0.25
vt 0.395508 0.140625
vt 0.395508 0.15625
vt 0.390625 0.15625
vt 0.8125 0.984375
vt 0.8125 0.979492
vt 0.845703 0.979492
vt 0.080078 0.18261700000000003
vt 0.046875 0.18261700000000003
vt 0.046875 0.1875
vt 0.703125 0.75
vt 0.759766 0.75
vt 0.759766 0.765625
vt 0.411133 0.140625
vt 0.411133 0.15625
vt 0.40625 0.15625
vt 0.759766 0.734375
vt 0.759766 0.75
vt 0.703125 0.75
vt 0.848633 0.578125
vt 0.848633 0.59375
vt 0.84375 0.59375
vt 0.837891 0.59375
vt 0.78125 0.59375
vt 0.78125 0.588867
vt 0.78125 0.573242
vt 0.78125 0.578125
vt 0.837891 0.578125
vt 0.453125 0.36718800000000007
vt 0.453125 0.40625
vt 0.40625 0.40625
vt 0.164062 0.17968799999999996
vt 0.164062 0.21875
vt 0.15625 0.21875
vt 0.5 0.36718800000000007
vt 0.5 0.40625
vt 0.453125 0.40625
vt 0.179688 0.17968799999999996
vt 0.179688 0.21875
vt 0.171875 0.21875
vt 0.21875 0.234375
vt 0.21875 0.22656200000000004
vt 0.265625 0.22656200000000004
vt 0.765625 0.773438
vt 0.765625 0.78125
vt 0.8125 0.78125
vt 0.43457 0.28906199999999993
vt 0.43457 0.328125
vt 0.40625 0.328125
vt 0.552734 0.16406200000000004
vt 0.552734 0.203125
vt 0.546875 0.203125
vt 0.46582 0.28906199999999993
vt 0.46582 0.328125
vt 0.4375 0.328125
vt 0.599609 0.16406200000000004
vt 0.599609 0.203125
vt 0.59375 0.203125
vt 0.825195 0.21875
vt 0.796875 0.21875
vt 0.796875 0.21289099999999994
vt 0.796875 0.19726599999999994
vt 0.796875 0.203125
vt 0.825195 0.203125
vt 0.083008 0.49218800000000007
vt 0.083008 0.53125
vt 0 0.53125
vt 0.615234 0.16406200000000004
vt 0.615234 0.203125
vt 0.609375 0.203125
vt 0.567383 0.867188
vt 0.567383 0.90625
vt 0.484375 0.90625
vt 0.802734 0.35156199999999993
vt 0.802734 0.390625
vt 0.796875 0.390625
vt 0.75 0.46875
vt 0.75 0.46289099999999994
vt 0.833008 0.46289099999999994
vt 0.75 0.44726599999999994
vt 0.75 0.453125
vt 0.833008 0.453125
vt 0.59375 0.328125
vt 0.638672 0.328125
vt 0.638672 0.359375
vt 0.520508 0.15625
vt 0.520508 0.1875
vt 0.515625 0.1875
vt 0.685547 0.359375
vt 0.685547 0.390625
vt 0.640625 0.390625
vt 0.536133 0.15625
vt 0.536133 0.1875
vt 0.53125 0.1875
vt 0.796875 0.421875
vt 0.796875 0.41699200000000003
vt 0.841797 0.41699200000000003
vt 0.65625 0.19824200000000003
vt 0.65625 0.203125
vt 0.701172 0.203125
vt 0.716797 0.328125
vt 0.716797 0.359375
vt 0.6875 0.359375
vt 0.8125 0.359375
vt 0.817383 0.359375
vt 0.817383 0.390625
vt 0.6875 0.296875
vt 0.716797 0.296875
vt 0.716797 0.328125
vt 0.817383 0.328125
vt 0.817383 0.359375
vt 0.8125 0.359375
vt 0.841797 0.25
vt 0.8125 0.25
vt 0.8125 0.24511700000000003
vt 0.796875 0.18261700000000003
vt 0.796875 0.1875
vt 0.826172 0.1875
vt 0.625 0.453125
vt 0.625 0.484375
vt 0.5625 0.484375
vt 0.661133 0.15625
vt 0.661133 0.1875
vt 0.65625 0.1875
vt 0.625 0.421875
vt 0.625 0.453125
vt 0.5625 0.453125
vt 0.676758 0.15625
vt 0.676758 0.1875
vt 0.671875 0.1875
vt 0.84375 0.828125
vt 0.78125 0.828125
vt 0.78125 0.823242
vt 0.25 0.21386700000000003
vt 0.1875 0.21386700000000003
vt 0.1875 0.21875
vt 0.736328 0.632812
vt 0.736328 0.671875
vt 0.71875 0.671875
vt 0.630859 0.16406200000000004
vt 0.630859 0.203125
vt 0.625 0.203125
vt 0.392578 0.24218799999999996
vt 0.392578 0.28125
vt 0.375 0.28125
vt 0.646484 0.16406200000000004
vt 0.646484 0.203125
vt 0.640625 0.203125
vt 0 0.15625
vt 0 0.15039099999999994
vt 0.017578 0.15039099999999994
vt 0.048828 0.15039099999999994
vt 0.03125 0.15039099999999994
vt 0.03125 0.15625
vt 0.046875 0.168945
vt 0.046875 0.171875
vt 0 0.171875
vt 0.291992 0.15332
vt 0.291992 0.15625
vt 0.265625 0.15625
vt 0.828125 0.96582
vt 0.875 0.96582
vt 0.875 0.96875
vt 0.84375 0.731445
vt 0.870117 0.731445
vt 0.870117 0.734375
vt 0.640625 0.359375
vt 0.640625 0.33300799999999997
vt 0.6875 0.33300799999999997
vt 0.65625 0.973633
vt 0.65625 1
vt 0.703125 1
vt 0.179688 0.43164099999999994
vt 0.179688 0.5
vt 0.140625 0.5
vt 0.632812 0.509766
vt 0.632812 0.578125
vt 0.609375 0.578125
vt 0.289062 0.41601599999999994
vt 0.289062 0.484375
vt 0.25 0.484375
vt 0.648438 0.931641
vt 0.648438 1
vt 0.625 1
vt 0.6875 0.421875
vt 0.6875 0.39843800000000007
vt 0.726562 0.39843800000000007
vt 0.6875 0.36718800000000007
vt 0.6875 0.390625
vt 0.726562 0.390625
vt 0.046875 0.168945
vt 0.09375 0.168945
vt 0.09375 0.171875
vt 0.875 0.825195
vt 0.875 0.828125
vt 0.84375 0.828125
vt 0.875 0.950195
vt 0.875 0.953125
vt 0.828125 0.953125
vt 0.203125 0.15332
vt 0.234375 0.15332
vt 0.234375 0.15625
vt 0.6875 0.640625
vt 0.640625 0.640625
vt 0.640625 0.609375
vt 0.40625 0.328125
vt 0.40625 0.359375
vt 0.453125 0.359375
vt 0.570312 0.759766
vt 0.570312 0.828125
vt 0.53125 0.828125
vt 0.367188 0.30664099999999994
vt 0.367188 0.375
vt 0.34375 0.375
vt 0.335938 0.40039099999999994
vt 0.335938 0.46875
vt 0.296875 0.46875
vt 0.648438 0.43164099999999994
vt 0.648438 0.5
vt 0.625 0.5
vt 0 0.296875
vt 0 0.27343800000000007
vt 0.039062 0.27343800000000007
vt 0.703125 0.976562
vt 0.703125 1
vt 0.742188 1
vt 0.828125 0.93457
vt 0.875 0.93457
vt 0.875 0.9375
vt 0.875 0.762695
vt 0.875 0.765625
vt 0.84375 0.765625
vt 0.875 0.918945
vt 0.875 0.921875
vt 0.828125 0.921875
vt 0.84375 0.74707
vt 0.875 0.74707
vt 0.875 0.75
vt 0.640625 0.578125
vt 0.640625 0.546875
vt 0.6875 0.546875
vt 0.5 0.328125
vt 0.453125 0.328125
vt 0.453125 0.359375
vt 0.828125 0.87207
vt 0.875 0.87207
vt 0.875 0.875
vt 0.870117 0.71582
vt 0.870117 0.71875
vt 0.84375 0.71875
vt 0.140625 0.168945
vt 0.1875 0.168945
vt 0.1875 0.171875
vt 0.296875 0.15332
vt 0.323242 0.15332
vt 0.323242 0.15625
vt 0.703125 0.96875
vt 0.65625 0.96875
vt 0.65625 0.942383
vt 0.65625 0.754883
vt 0.65625 0.78125
vt 0.703125 0.78125
vt 0.570312 0.759766
vt 0.570312 0.828125
vt 0.53125 0.828125
vt 0.367188 0.30664099999999994
vt 0.367188 0.375
vt 0.34375 0.375
vt 0.335938 0.40039099999999994
vt 0.335938 0.46875
vt 0.296875 0.46875
vt 0.648438 0.43164099999999994
vt 0.648438 0.5
vt 0.625 0.5
vt 0 0.296875
vt 0 0.27343800000000007
vt 0.039062 0.27343800000000007
vt 0.703125 0.976562
vt 0.703125 1
vt 0.742188 1
vt 0.875 0.93457
vt 0.875 0.9375
vt 0.828125 0.9375
vt 0.875 0.762695
vt 0.875 0.765625
vt 0.84375 0.765625
vt 0.875 0.918945
vt 0.875 0.921875
vt 0.828125 0.921875
vt 0.84375 0.74707
vt 0.875 0.74707
vt 0.875 0.75
vt 0.640625 0.578125
vt 0.640625 0.546875
vt 0.6875 0.546875
vt 0.453125 0.328125
vt 0.453125 0.359375
vt 0.5 0.359375
vt 0.875 0.87207
vt 0.875 0.875
vt 0.828125 0.875
vt 0.84375 0.71582
vt 0.870117 0.71582
vt 0.870117 0.71875
vt 0.1875 0.168945
vt 0.1875 0.171875
vt 0.140625 0.171875
vt 0.323242 0.15332
vt 0.323242 0.15625
vt 0.296875 0.15625
vt 0.703125 0.96875
vt 0.65625 0.96875
vt 0.65625 0.942383
vt 0.65625 0.754883
vt 0.65625 0.78125
vt 0.703125 0.78125
vt 0.179688 0.43164099999999994
vt 0.179688 0.5
vt 0.140625 0.5
vt 0.632812 0.509766
vt 0.632812 0.578125
vt 0.609375 0.578125
vt 0.289062 0.41601599999999994
vt 0.289062 0.484375
vt 0.25 0.484375
vt 0.648438 0.931641
vt 0.648438 1
vt 0.625 1
vt 0.6875 0.421875
vt 0.6875 0.39843800000000007
vt 0.726562 0.39843800000000007
vt 0.726562 0.36718800000000007
vt 0.6875 0.36718800000000007
vt 0.6875 0.390625
vt 0.09375 0.168945
vt 0.09375 0.171875
vt 0.046875 0.171875
vt 0.875 0.825195
vt 0.875 0.828125
vt 0.84375 0.828125
vt 0.828125 0.950195
vt 0.875 0.950195
vt 0.875 0.953125
vt 0.203125 0.15332
vt 0.234375 0.15332
vt 0.234375 0.15625
vt 0.6875 0.640625
vt 0.640625 0.640625
vt 0.640625 0.609375
vt 0.40625 0.328125
vt 0.40625 0.359375
vt 0.453125 0.359375
vt 0.046875 0.168945
vt 0.046875 0.171875
vt 0 0.171875
vt 0.291992 0.15332
vt 0.291992 0.15625
vt 0.265625 0.15625
vt 0.875 0.96582
vt 0.875 0.96875
vt 0.828125 0.96875
vt 0.870117 0.731445
vt 0.870117 0.734375
vt 0.84375 0.734375
vt 0.6875 0.359375
vt 0.640625 0.359375
vt 0.640625 0.33300799999999997
vt 0.703125 0.973633
vt 0.65625 0.973633
vt 0.65625 1
vt 0.179688 0.43164099999999994
vt 0.179688 0.5
vt 0.140625 0.5
vt 0.632812 0.509766
vt 0.632812 0.578125
vt 0.609375 0.578125
vt 0.289062 0.41601599999999994
vt 0.289062 0.484375
vt 0.25 0.484375
vt 0.648438 0.931641
vt 0.648438 1
vt 0.625 1
vt 0.6875 0.421875
vt 0.6875 0.39843800000000007
vt 0.726562 0.39843800000000007
vt 0.726562 0.36718800000000007
vt 0.6875 0.36718800000000007
vt 0.6875 0.390625
vt 0.09375 0.168945
vt 0.09375 0.171875
vt 0.046875 0.171875
vt 0.875 0.825195
vt 0.875 0.828125
vt 0.84375 0.828125
vt 0.875 0.950195
vt 0.875 0.953125
vt 0.828125 0.953125
vt 0.203125 0.15332
vt 0.234375 0.15332
vt 0.234375 0.15625
vt 0.6875 0.640625
vt 0.640625 0.640625
vt 0.640625 0.609375
vt 0.40625 0.328125
vt 0.40625 0.359375
vt 0.453125 0.359375
vt 0.046875 0.168945
vt 0.046875 0.171875
vt 0 0.171875
vt 0.265625 0.15332
vt 0.291992 0.15332
vt 0.291992 0.15625
vt 0.875 0.96582
vt 0.875 0.96875
vt 0.828125 0.96875
vt 0.870117 0.731445
vt 0.870117 0.734375
vt 0.84375 0.734375
vt 0.6875 0.359375
vt 0.640625 0.359375
vt 0.640625 0.33300799999999997
vt 0.65625 0.973633
vt 0.65625 1
vt 0.703125 1
vt 0.570312 0.759766
vt 0.570312 0.828125
vt 0.53125 0.828125
vt 0.367188 0.30664099999999994
vt 0.367188 0.375
vt 0.34375 0.375
vt 0.335938 0.40039099999999994
vt 0.335938 0.46875
vt 0.296875 0.46875
vt 0.648438 0.43164099999999994
vt 0.648438 0.5
vt 0.625 0.5
vt 0.039062 0.296875
vt 0 0.296875
vt 0 0.27343800000000007
vt 0.703125 0.976562
vt 0.703125 1
vt 0.742188 1
vt 0.828125 0.93457
vt 0.875 0.93457
vt 0.875 0.9375
vt 0.875 0.762695
vt 0.875 0.765625
vt 0.84375 0.765625
vt 0.875 0.918945
vt 0.875 0.921875
vt 0.828125 0.921875
vt 0.84375 0.74707
vt 0.875 0.74707
vt 0.875 0.75
vt 0.640625 0.578125
vt 0.640625 0.546875
vt 0.6875 0.546875
vt 0.453125 0.328125
vt 0.453125 0.359375
vt 0.5 0.359375
vt 0.875 0.87207
vt 0.875 0.875
vt 0.828125 0.875
vt 0.870117 0.71582
vt 0.870117 0.71875
vt 0.84375 0.71875
vt 0.140625 0.168945
vt 0.1875 0.168945
vt 0.1875 0.171875
vt 0.323242 0.15332
vt 0.323242 0.15625
vt 0.296875 0.15625
vt 0.65625 0.96875
vt 0.65625 0.942383
vt 0.703125 0.942383
vt 0.65625 0.754883
vt 0.65625 0.78125
vt 0.703125 0.78125
vt 0.369141 0.9375
vt 0.369141 1
vt 0.28125 1
vt 0.21875 0.4375
vt 0.21875 0.5
vt 0.1875 0.5
vt 0.369141 0.875
vt 0.369141 0.9375
vt 0.28125 0.9375
vt 0.375 0.375
vt 0.375 0.4375
vt 0.34375 0.4375
vt 0.359375 0.5
vt 0.359375 0.46875
vt 0.447266 0.46875
vt 0.453125 0.46875
vt 0.453125 0.5
vt 0.541016 0.5
vt 0.875 0.62207
vt 0.875 0.625
vt 0.796875 0.625
vt 0.84375 0.77832
vt 0.875 0.77832
vt 0.875 0.78125
vt 0.46875 0.200195
vt 0.46875 0.203125
vt 0.390625 0.203125
vt 0.265625 0.15332
vt 0.265625 0.15625
vt 0.234375 0.15625
vt 0.53125 0.75
vt 0.53125 0.71875
vt 0.609375 0.71875
vt 0.34375 0.4375
vt 0.34375 0.46875
vt 0.421875 0.46875
vt 0.875 0.606445
vt 0.875 0.609375
vt 0.796875 0.609375
vt 0.865234 0.512695
vt 0.865234 0.515625
vt 0.84375 0.515625
vt 0.875 0.55957
vt 0.875 0.5625
vt 0.796875 0.5625
vt 0.84375 0.49707
vt 0.865234 0.49707
vt 0.865234 0.5
vt 0.265625 0.390625
vt 0.265625 0.36914099999999994
vt 0.34375 0.36914099999999994
vt 0.609375 0.681641
vt 0.609375 0.703125
vt 0.6875 0.703125
vn 0 0.9238608129708343 0.38272862220752335
vn 1 0 0
vn 0 -0.9239008126271641 -0.382632053580024
vn -1 0 0
vn 0 -0.3826831776266965 0.9238796380273431
vn 0 0.38268553055907045 -0.9238786634080922
vn 0 0 0
vn 0 0 0
vn 0 0 0
vn 0 0 0
vn 0.4617506769259932 0 0.8870097588856547
vn -0.4617506769259932 0 -0.8870097588856547
vn 0 0 0
vn 0 0 0
vn 0 0 0
vn 0 0 0
vn 0.46174599606159555 0 0.8870121955875722
vn -0.46174599606159555 0 -0.8870121955875722
vn 0 0 -1
vn 1 0 0
vn 0 0 1
vn -1 0 0
vn 0 1 0
vn 0 -1 0
vn 0 0.20791262592166634 -0.9781474019708672
vn 1 0 0
vn 0 -0.20790798702071936 0.9781483879928405
vn -1 0 0
vn 0 0.9781490091373776 0.20790506468955136
vn 0 -0.9781497007169387 -0.20790181092853272
vn 0.02172900581211497 0.2067710502513621 -0.9781480374076134
vn 0.9579457120864953 0.2756984400000955 0.07956370326104249
vn -0.021734360155964562 -0.20677259124511635 0.9781475926967214
vn -0.9579455838140145 -0.2756988608450832 -0.07956378937651437
vn -0.28612909176295614 0.9387388710938186 0.1920923599324264
vn 0.28612389242236624 -0.9387409277540734 -0.19209005373651122
vn -0.25488752474154175 0.9449091917678418 -0.2053751909159768
vn 0.9579475978694151 0.2756911988080844 0.07956608973663905
vn 0.2548878058095372 -0.944909110876266 0.20537521426069014
vn -0.9579440715969043 -0.27570440371256855 -0.07956278945488288
vn -0.13179994997878938 0.17645826686009664 0.975444131276784
vn 0.131799201791526 -0.17645848219425064 -0.9754441934159115
vn 0.28848231087820236 -0.9356609730385379 -0.20326460548494105
vn 0.9574820174625103 0.28128304697051 0.06409394451043858
vn -0.2884823055295889 0.9356613807365861 0.20326273636463313
vn -0.9574820191487874 -0.28128317552670534 -0.06409335513431808
vn 0.00280144526381104 0.21311270621266534 -0.9770236058331181
vn -0.002795901665618589 -0.2131110776530936 0.9770239769398772
vn 0.08701733716723004 -0.06976162396146815 -0.9937611880399553
vn 0.9574833511531115 0.28128125090497913 0.064081901921977
vn -0.08701733716723005 0.06976162396146816 0.9937611880399553
vn -0.9574829595769664 -0.28128156488034023 -0.06408637435680609
vn -0.27505992992587136 0.9570852374261758 -0.09126819407688212
vn 0.2750585973750068 -0.9570841690883857 0.09128341191305413
vn -0.2548884788994108 0.9449078367216966 -0.20538024108046102
vn 0.9579484059542273 0.27568820300632035 0.07956674087142736
vn 0.25488899875582943 -0.9449085327125575 0.20537639377555675
vn -0.9579473386197029 -0.2756927513706394 -0.07956383143813062
vn -0.13180122325797364 0.17645059524874696 0.9754453470000586
vn 0.13180549391864538 -0.17646642717078 -0.9754419059351724
vn -0.021733720449842647 0.20677469005290278 -0.9781471632371759
vn 0.9579455066276338 -0.2756987922669321 -0.07956495632174508
vn 0.02173449538448644 -0.2067721475745326 0.9781476834802594
vn -0.9579455317790714 0.275699031564631 0.07956382431002752
vn 0.2861225442254505 0.9387440536829864 0.19207678506469647
vn -0.28612389242236624 -0.9387409277540734 -0.19209005373651103
vn 0.25488636532313025 0.9449099330783136 -0.20537321914578005
vn 0.9579471414439132 -0.27569301536105834 -0.07956529067729548
vn -0.2548901972071635 -0.9449075835970554 0.20537927312284218
vn -0.957943654393778 0.2757060951467683 0.07956195136882455
vn 0.13179852980532603 0.176452031763996 0.975445451077359
vn -0.13180184864878156 -0.17646552411809927 -0.9754425618612756
vn 0.25488752474154175 0.9449091917678419 -0.20537519091597678
vn 0.9579440715969043 -0.27570440371256855 -0.07956278945488288
vn -0.25488766143754016 -0.9449089175950731 0.20537628270131209
vn -0.9579476538019375 0.275691123920903 0.07956567580679899
vn 0.13179973929453406 0.17646047480480365 0.9754437603232471
vn -0.13180371731430796 -0.17647522201041582 -0.9754405548871261
vn -0.2884823055295901 -0.9356613807365853 -0.20326273636463493
vn 0.9574820191487872 -0.28128317552670645 -0.06409335513431771
vn 0.2884834641928638 0.9356606342205495 0.2032645282809667
vn -0.9574820174625103 0.28128304697051 0.06409394451043857
vn -0.0028014452638110386 0.21311270621266534 -0.9770236058331181
vn 0.002795901665618125 -0.21311107765309423 0.9770239769398769
vn -0.08701727451188711 -0.06976140594409043 -0.9937612088309883
vn 0.9574830985227099 -0.28128212995990975 -0.06408181808100645
vn 0.08701767033577806 0.06976128966182418 0.9937611823340924
vn -0.957482706945059 0.28128244393723345 0.06408629052971908
vn 0.27505316689734355 0.9570857644132952 -0.09128304846553197
vn -0.2750544994443676 -0.9570868327546479 0.09126783060358831
vn 0 0 -1
vn 1 0 0
vn 0 0 1
vn -1 0 0
vn 0 1 0
vn 0 -1 0
vn 0 0 -1
vn 1 0 0
vn 0 0 1
vn -1 0 0
vn 0 1 0
vn 0 -1 0
vn 0.7071067811865476 0 -0.7071067811865476
vn 0.7071067811865476 0 0.7071067811865476
vn -0.7071067811865476 0 0.7071067811865476
vn -0.7071067811865476 0 -0.7071067811865476
vn 0 1 0
vn 0 -1 0
vn 1 0 0
vn 0 0 1
vn -1 0 0
vn 0 0 -1
vn 0 1 0
vn 0 -1 0
vn 0.08618776232576852 -0.8181489785320171 -0.5685102624863458
vn 0.9901174364688767 0.00697541529487064 0.14006714668959366
vn -0.08618758447495081 0.8181499029233863 0.5685089591456117
vn -0.9901171229950226 -0.006973786132260778 -0.14006944370218885
vn 0.11063742601019468 0.5749659266338626 -0.8106624101165063
vn -0.11062142223069173 -0.574965346345252 0.8106650056871478
vn -0.08618755269426892 -0.8181500681052352 -0.5685087262478665
vn 0.9901174881208279 -0.006975683740444401 -0.14006676819879785
vn 0.08619905189540418 0.8181487339893573 0.5685089027657753
vn -0.9901170713405782 0.006973517681647564 0.14006982219985895
vn -0.11063742601019473 0.574965926633862 -0.8106624101165065
vn 0.110621422230692 -0.574965346345252 0.8106650056871479
vn 0 0 -1
vn 1 0 0
vn 0 0 1
vn -1 0 0
vn 0 1 0
vn 0 -1 0
vn -1 0 0
vn 0 0 -1
vn 1 0 0
vn 0 0 1
vn 0 1 0
vn 0 -1 0
vn -0.7071067811865476 0 -0.7071067811865476
vn 0.7071067811865476 0 -0.7071067811865476
vn 0.7071067811865476 0 0.7071067811865476
vn -0.7071067811865476 0 0.7071067811865476
vn 0 1 0
vn 0 -1 0
vn -0.040279814457659234 0.340256846907053 -0.9394694325416484
vn 0.9859755038312951 0.16593579488712618 0.01782183547790384
vn 0.040279814457659144 -0.3402568469070529 0.9394694325416485
vn -0.985975489473422 -0.16593591616463402 -0.01782150061721958
vn -0.16195718085852728 0.9255823778179734 0.3421507466617378
vn 0.16196008031053044 -0.9255795151412618 -0.34215711820254974
vn -0.0402606757895644 0.3402577122835478 -0.9394699394959554
vn 0.9859750674505824 0.16593824955676167 0.01782312261803166
vn 0.04029720965098355 -0.34024851240608445 0.9394717051086697
vn -0.9859753060829833 -0.16593623371828434 -0.017828688509213923
vn -0.16193707580703426 0.9255857612391643 0.34215110999437637
vn 0.16194907960792992 -0.925570893039983 -0.34218564781608396
vn -0.040259224444059244 0.340258759438477 -0.9394696224320144
vn 0.9859732841474697 0.16595293299266925 0.017785021185921922
vn 0.04025898616259715 -0.3402573975544106 0.9394701258915368
vn -0.9859732841474698 -0.16595293299266828 -0.01778502118592462
vn -0.1619444732973181 0.9255870176427767 0.34214420985836463
vn 0.16194149228752472 -0.9255618234541136 -0.3422137695067015
vn 0 0 -1
vn 0.9743701578499471 0.22495065123593055 0
vn 0 0 1
vn -0.974369753025277 -0.2249524047203337 0
vn -0.22495838123406514 0.9743683732103323 0
vn 0.22494669642375129 -0.974371070880104 0
vn 0 0 -1
vn 1 0 0
vn 0 0 1
vn -1 0 0
vn 0 1 0
vn 0 -1 0
vn 0 0 -1
vn 1 0 0
vn 0 0 1
vn -1 0 0
vn 0 1 0
vn 0 -1 0
vn 0 0 -1
vn 1 0 0
vn 0 0 1
vn -1 0 0
vn 0 1 0
vn 0 -1 0
vn 0 0.026174411518780492 0.9996573914004967
vn -1 0 0
vn 0 -0.026174304173594034 -0.9996573942111509
vn 1 0 0
vn 0 0.9996574692759618 -0.026171437117204252
vn 0 -0.9996568710157947 0.026194278591155647
vn 0 0.1391752509076533 -0.9902677665837618
vn 1 0 0
vn 0 -0.1391752509076532 0.990267766583762
vn -1 0 0
vn 0 0.9902674107343178 0.13917778284464213
vn 0 -0.9902674107343178 -0.13917778284464205
vn 0 0 -1
vn 1 0 0
vn 0 0 1
vn -1 0 0
vn 0 1 0
vn 0 -1 0
vn 0 0 -1
vn 1 0 0
vn 0 0 1
vn -1 0 0
vn 0 1 0
vn 0 -1 0
vn -0.7071023367274157 0 -0.7071112256177443
vn 0.7071067811865476 0 -0.7071067811865476
vn 0.7071112256177442 0 0.7071023367274158
vn -0.707106781186547 0 0.7071067811865481
vn 0 1 0
vn 0 -1 0
vn -1 0 0
vn 0 0 -1
vn 1 0 0
vn 0 0 1
vn 0 1 0
vn 0 -1 0
vn 0.7071067811865474 0 -0.7071067811865477
vn 0.7071267810954942 0 0.7070867807119047
vn -0.7070995084082292 0 0.7071140538900642
vn -0.707106781186547 0 -0.7071067811865481
vn 0 1 0
vn 0 -1 0
vn 0 0 -1
vn 1 0 0
vn 0 0 1
vn -1 0 0
vn 0 1 0
vn 0 -1 0
vn 0 0 -1
vn 1 0 0
vn 0 0 1
vn -1 0 0
vn 0 1 0
vn 0 -1 0
vn 0 0 -1
vn 1 0 0
vn 0 0 1
vn -1 0 0
vn 0 1 0
vn 0 -1 0
vn 0.1047750765198591 -0.272949412441168 -0.9563058096593782
vn 0.3427068002423603 -0.8927850293482255 0.2923814981139044
vn -0.10477638745428286 0.27295282755469 0.9563046912788464
vn -0.3427077257930683 0.8927797900900446 -0.29239641086805274
vn 0.9335840257438416 0.358358571872306 -0.00002900972010900558
vn -0.9335788089181799 -0.35837216297123325 -0.00001860733058963636
vn 0.35178237333620793 -0.9164277927401766 -0.19081211309377888
vn 0.06838571887112337 -0.17815154524560992 0.9816238690970596
vn -0.35178248321180106 0.9164280789769333 0.1908105357887413
vn -0.0683673017421269 0.17810356680736483 -0.9816338581889866
vn 0.933579440110445 0.3583705191505381 0.0000026157128345471905
vn -0.9335794401089391 -0.3583705191544613 -0.0000026156912115255198
vn 0.34918462958837226 -0.9096526189631715 0.22494934379249593
vn -0.08061886933256161 0.21001830954777054 0.9743679528608462
vn -0.349181866354885 0.909653215463044 -0.22495122094948578
vn 0.08061826721892205 -0.21001854067134915 -0.9743679528622109
vn 0.9335833936854024 0.35836021962411024 0.000005080002485330858
vn -0.9335838089396864 -0.3583591378570712 -6.120487773612858e-8
vn 0.06041610695769428 -0.27891713220371456 0.9584128167879081
vn -0.1327500793767804 0.949405466942125 0.28461671729865845
vn -0.060415736926951784 0.27891448559076254 -0.9584136103265719
vn 0.13273738716499012 -0.9493883831962109 -0.28467961623673776
vn 0.989310733042115 0.14440381503050972 -0.020293143972960056
vn -0.9893070074612325 -0.1444223851303256 0.020342557886586544
vn 0.0739335208195805 -0.016018810686767904 0.9971345105869129
vn -0.036044510596682566 0.9991741147387263 0.018758509853618075
vn -0.07393485693382473 0.0160231234283683 -0.9971343422256472
vn 0.03604852435611246 -0.999174984747893 -0.01870437771738283
vn 0.9966125619472089 0.03732991183178973 -0.07327945859278472
vn -0.9966125619472089 -0.037329911831789755 0.07327945859278466
vn 0 0 -1
vn 1 0 0
vn 0 0 1
vn -1 0 0
vn 0 1 0
vn 0 -1 0
vn 0.11210926960619759 -0.27097222932136805 0.9560363814233079
vn -0.13273907800828064 0.9494075314625501 0.28461496160901123
vn -0.112107619955106 0.2709787375391332 -0.9560347302005817
vn 0.13276061364301178 -0.9494040582915463 -0.2846165026218141
vn 0.9847899691666887 0.1588166823306167 -0.07046969591369208
vn -0.9847899227379872 -0.1588215106310013 0.07045946234961173
vn 0.11210948523583214 -0.27098808642828803 0.9560318615684791
vn -0.9936916835549003 -0.03354421609545008 0.10701225911254088
vn -0.11210944386897535 0.27097509674438425 -0.9560355482615492
vn 0.9936917322570956 0.033528921154601626 -0.10701660006793935
vn -0.003063633183509967 0.9620002125971817 0.27303150938068316
vn 0.0030647587375743192 -0.9620001746092406 -0.27303163059556196
vn -0.060416618021433825 -0.2789172977203934 0.9584127364028535
vn -0.13273633662424192 -0.9493885365532536 -0.28467959463376974
vn 0.060410729141538666 0.2789179172581783 -0.9584129273110561
vn 0.13273633662424253 0.9493885365532568 0.284679594633759
vn -0.9893070074612323 0.14442238513032615 -0.020342557886588158
vn 0.9893065400161328 -0.14442471410000798 0.02034875520612889
vn -0.11210600344579928 -0.27097521283352116 0.9560359187924051
vn -0.9936917322570956 0.03352892115460162 -0.10701660006793935
vn 0.11210989540697242 0.2709733557192457 -0.9560359887797576
vn 0.9936910384456793 -0.0335474098822191 0.10701724815627628
vn 0.003063633183509967 0.9620002125971817 0.27303150938068316
vn -0.003063126233569548 -0.9619962284402772 -0.27304555247130385
vn -0.11211092268125376 -0.2709711334921007 0.9560364981681213
vn -0.13273997784673042 -0.9493927513174842 -0.28466384039260634
vn 0.1121200637980236 0.2709704885366944 -0.9560356089791386
vn 0.13275114325285317 0.9493865618061752 0.28467927607556875
vn -0.9847899691666887 0.15881668233061672 -0.070469695913692
vn 0.98478943018717 -0.15882303862043584 0.07046290226069775
vn -0.07393471159641854 -0.016019094855517585 0.9971344177297085
vn -0.036048524356112464 -0.999174984747893 -0.018704377717382835
vn 0.07393485693382476 0.016023123428368306 -0.9971343422256473
vn 0.036043935845326704 0.9991741362657379 0.01875846759186429
vn -0.9966086551430384 0.037326208609398066 -0.0733344574182691
vn 0.9966124259790502 -0.037329782902312925 0.0732813734356745
vn 0 0 -1
vn 1 0 0
vn 0 0 1
vn -1 0 0
vn 0 1 0
vn 0 -1 0
vn 0.7071023367274157 0 -0.7071112256177443
vn 0.707106781186547 0 0.7071067811865481
vn -0.7071112256177442 0 0.7071023367274158
vn -0.7071067811865476 0 -0.7071067811865476
vn 0 1 0
vn 0 -1 0
vn 1 0 0
vn 0 0 1
vn -1 0 0
vn 0 0 -1
vn 0 1 0
vn 0 -1 0
vn -0.34918186635488635 -0.9096532154630433 0.22495122094948564
vn -0.08061826721892089 -0.2100185406713471 -0.9743679528622113
vn 0.3491846295883725 0.9096526189631717 -0.22494934379249487
vn 0.08061886933256167 0.21001830954777073 0.9743679528608462
vn -0.933583393685402 0.3583602196241116 0.000005080002485163364
vn 0.933583808939685 -0.3583591378570749 -6.120487636429566e-8
vn -0.3517823733362095 -0.916427792740176 -0.19081211309377888
vn 0.0683673017421269 0.17810356680736483 -0.9816338581889866
vn 0.3517824832118011 0.9164280789769333 0.1908105357887412
vn -0.06838571887112384 -0.17815154524561205 0.9816238690970591
vn -0.9335794401595218 0.3583705190226902 0.0000026156862148947645
vn 0.9335794401595207 -0.3583705190226929 -0.000002615686214783712
vn -0.10477585905108185 -0.27294911205652506 -0.9563058096590559
vn 0.3427051662455259 0.8927807726252419 -0.2923964108180928
vn 0.10477638745428249 0.27295282755469025 0.9563046912788463
vn -0.3427068002423603 -0.8927850293482255 0.2923814981139045
vn -0.9335775292408701 0.358375496636912 0.000017514537427073386
vn 0.9335788089966676 -0.3583721627668188 -0.000018606359817283456
vn -0.7071067811865474 0 -0.7071067811865477
vn 0.707106781186547 0 -0.7071067811865481
vn 0.7070995084082292 0 0.7071140538900642
vn -0.7071267810954942 0 0.7070867807119047
vn 0 1 0
vn 0 -1 0
vn -0.3467972869424337 0.13922386921328328 -0.9275496515069422
vn 0.9366721059737452 0.00003272576097578061 -0.3502076024585047
vn 0.34679809657135385 -0.1392074246603907 0.9275518169535909
vn -0.9366715106432201 0.00004270424287751083 0.35020919366243924
vn 0.048742321399092854 0.9902669490712077 0.13036700380782593
vn -0.04873893008570934 -0.9902683100593779 -0.1303579333460159
vn -0.35020798619340054 0 -0.9366719630726453
vn 0.9366719630726452 0 -0.3502079861934007
vn 0.35020798619340077 0 0.9366719630726451
vn -0.9366719630726453 0 0.35020798619340093
vn 0 1 0
vn 0 -1 0
vn -0.048750408600177 -0.9902637031586654 -0.13038863396708525
vn 0.9366672840902298 -0.000002186936237666943 -0.35022050041402514
vn 0.04875040860017093 0.9902637031586677 0.130388633967069
vn -0.9366672840902305 0.0000021869362379575168 0.35022050041402325
vn -0.3467997165605106 0.13917451475183484 -0.9275561498028789
vn 0.3467997165605107 -0.1391745147518346 0.9275561498028791
vn 0.35020798619340054 0 -0.9366719630726453
vn 0.9366719630726453 0 0.35020798619340093
vn -0.35020798619340077 0 0.9366719630726451
vn -0.9366719630726452 0 -0.3502079861934007
vn 0 1 0
vn 0 -1 0
vn 0.048750408600177 -0.9902637031586654 -0.13038863396708525
vn 0.9366672840902306 0.0000021869362379575185 0.3502205004140232
vn -0.04875040860017087 0.990263703158668 0.13038863396706885
vn -0.9366672840902305 -0.0000021869362377515133 -0.35022050041402314
vn 0.3467997165605107 0.13917451475183476 -0.9275561498028789
vn -0.3467997165605107 -0.13917451475183462 0.9275561498028791
vn 0.3467972869424337 0.13922386921328303 -0.9275496515069422
vn 0.9366721059737452 -0.00003272576097806641 0.3502076024585042
vn -0.34679809657135374 -0.1392074246603915 0.9275518169535908
vn -0.93667151064322 -0.000042704242877459806 -0.3502091936624396
vn -0.04874232139909285 0.9902669490712077 0.1303670038078259
vn 0.04873893008570934 -0.9902683100593779 -0.1303579333460159
vn 0.9426416163372344 0 -0.3338065055524327
vn 0.3338147593408076 0 0.9426386934802957
vn -0.9426403156420853 0 0.333810178583862
vn -0.3338019248360007 -0.000003427793594315686 -0.9426432384333064
vn 0 1 0
vn 0 -1 0
vn 0.1312184576604806 -0.9902638651608242 -0.04646712521718759
vn 0.33381684259161143 0.000002938931548366316 0.9426379557356739
vn -0.13120865916422697 0.9902653263090417 0.04646365537033468
vn -0.3338171930142856 -2.944054727037908e-7 -0.9426378316447821
vn 0.9334697994315917 0.1391663928271588 -0.33055536398101465
vn -0.9334671579038035 -0.13917378787648782 0.3305597100118315
vn 0.9334660138363605 0.13918242336405448 -0.3305593048742764
vn 0.33381066213934024 -0.000018131999428929887 0.9426401442296662
vn -0.9334662147555266 -0.13919344976236228 0.330554094594579
vn -0.33381709753410327 0.00004413735939350815 -0.9426378644239795
vn -0.13119783277220262 0.9902669754331316 0.04645907922456996
vn 0.13119005172534295 -0.9902681007373185 -0.046457066097697196
vn -0.94264161633654 -0.0000012138418383356701 -0.33380650555218677
vn 0.3338019248379617 0 -0.9426432384388443
vn 0.9426403156420853 0 0.333810178583862
vn -0.3338147593408076 0 0.9426386934802957
vn 0 1 0
vn 0 -1 0
vn -0.1312184576604807 -0.9902638651608242 -0.04646712521718763
vn 0.3337919153139913 7.775555720563336e-7 -0.9426467828780899
vn 0.13121869127687313 0.9902638651596744 0.04646646552738086
vn -0.33381684259161093 0.0000029389315483511206 0.9426379557356739
vn -0.9334671579038034 0.1391737878764884 -0.33055971001183143
vn 0.9334671579038034 -0.1391737878764877 0.33055971001183143
vn -0.9334758083984556 0.13910847574671875 -0.3305627733279637
vn 0.3338135947116839 0.00001769470903787385 -0.9426391057411957
vn 0.9334662147555269 -0.13919344976236012 0.3305540945945792
vn -0.3338106617897617 -0.000018130586812720192 0.9426401443534872
vn 0.13119783277220265 0.9902669754331316 0.04645907922456995
vn -0.13118913270385682 -0.9902682725770965 -0.04645599840260822
vn -0.5664055021502971 0 0.8241266936180809
vn -0.8241247019840763 0 -0.5664083999903761
vn 0.5664055021502971 0 -0.8241266936180809
vn 0.8241247019840763 0 0.5664083999903761
vn 0 1 0
vn 0 -1 0
vn -0.07884553274435656 -0.990263794650494 0.11472139717883025
vn -0.8240872363299604 -0.000006649441683952194 -0.5664629086478946
vn 0.07884587929769961 0.9902637946506928 -0.1147211589977348
vn 0.824124737088474 0.000004002646841027002 0.5664083488993011
vn -0.5608928206530214 0.13916989341861394 0.8161072138547419
vn 0.5608928206530213 -0.13916989341861327 -0.8161072138547418
vn -0.5608928644001117 0.13916934383873938 0.8161072775073955
vn -0.8241247450953734 0.000008056770287311262 -0.5664083372060962
vn 0.5608955737867253 -0.1391803691740669 -0.8161035351859657
vn 0.8241283163715263 0.00003681322221378264 0.5664031398212941
vn 0.07883293921736932 0.9902669198977448 -0.11470307341385463
vn -0.0788277116014272 -0.9902682170490023 0.11469546715660815
vn 0.5664055021502971 0 0.8241266936180809
vn -0.8241247019840763 0 0.5664083999903761
vn -0.5664055021502971 0 -0.8241266936180809
vn 0.8241247019840763 0 -0.5664083999903761
vn 0 1 0
vn 0 -1 0
vn 0.07884553274435663 -0.990263794650494 0.11472139717883033
vn -0.8241247370884726 0.0000040026468411289375 0.5664083488993032
vn -0.07884234144000975 0.9902646726635778 -0.11471601139664053
vn 0.824124737088474 -0.0000040026468409034005 -0.5664083488993011
vn 0.5608928206530212 0.13916989341861377 0.8161072138547419
vn -0.560892466943131 -0.13917433687481787 -0.8161066992017058
vn 0.560892864400112 0.13916934383873503 0.816107277507396
vn -0.8241283166035954 0.00003681613868924423 0.5664031394834388
vn -0.5608971325679116 -0.13911571364763006 -0.8161134877536368
vn 0.8241313063942047 -0.00003607133508848262 -0.5663987892994128
vn -0.07883293921736932 0.9902669198977448 -0.11470307341385463
vn 0.07882710612862646 -0.9902683672819539 0.11469458618487474
vn 0 0.24192004668863804 -0.9702961872594199
vn 1 0 0
vn 0 -0.24192004668863834 0.9702961872594198
vn -1 0 0
vn 0 0.9702961872594199 0.24192004668863848
vn 0 -0.97029618725942 -0.2419200466886377
vn 0 0.3255246646716607 -0.9455335492146235
vn 1 0 0
vn 0 -0.3255246646716552 0.9455335492146254
vn -1 0 0
vn 0 0.9455187741243583 0.3255675778980009
vn 0 -0.9455187741243578 -0.3255675778980025
vn 0 0.7071067811865498 -0.7071067811865454
vn 1 0 0
vn 0 -0.7070667785401238 0.7071467815700583
vn -1 0 0
vn 0 0.7071010668460332 0.7071124954808831
vn 0 -0.7071067811865472 -0.7071067811865479
vn 0 0.9238608129708343 0.38272862220752335
vn 1 0 0
vn 0 -0.9239008126271641 -0.382632053580024
vn -1 0 0
vn 0 -0.3826831776266965 0.9238796380273431
vn 0 0.38268553055907045 -0.9238786634080922
vn 0 0 0
vn 0 0 0
vn 0 0 0
vn 0 0 0
vn 0.4617506769259932 0 0.8870097588856547
vn -0.4617506769259932 0 -0.8870097588856547
vn 0 0 0
vn 0 0 0
vn 0 0 0
vn 0 0 0
vn 0.46174599606159555 0 0.8870121955875722
vn -0.46174599606159555 0 -0.8870121955875722
vn 0 0 -1
vn 1 0 0
vn 0 0 1
vn -1 0 0
vn 0 1 0
vn 0 -1 0
vn 0 0.20791262592166634 -0.9781474019708672
vn 1 0 0
vn 0 -0.20790798702071936 0.9781483879928405
vn -1 0 0
vn 0 0.9781490091373776 0.20790506468955136
vn 0 -0.9781497007169387 -0.20790181092853272
vn 0.021733720449842647 0.20677469005290278 -0.9781471632371759
vn 0.9579456189211806 0.275699860750218 0.07955990178492375
vn -0.021733363523517187 -0.20677182182335438 0.9781477774906028
vn -0.9579455066276338 -0.2756987922669321 -0.07956495632174508
vn -0.2861225442254505 0.9387440536829864 0.19207678506469647
vn 0.28612389242236624 -0.9387409277540736 -0.19209005373651117
vn -0.25488752474154175 0.9449091917678419 -0.20537519091597678
vn 0.9579479782775355 0.27568992100201745 0.07956593725887944
vn 0.25488882730284873 -0.9449085820571328 0.20537637953512974
vn -0.9579440715969043 -0.27570440371256855 -0.07956278945488288
vn -0.13179973929453406 0.17646047480480365 0.9754437603232471
vn 0.1318100028488823 -0.1764734130741723 -0.9754400328195119
vn 0.28848345883364834 -0.9356610419215576 -0.2032626591620805
vn 0.9574820174625103 0.28128304697051 0.06409394451043857
vn -0.2884834641928638 0.9356606342205495 0.2032645282809667
vn -0.9574820191487872 -0.28128317552670645 -0.06409335513431771
vn 0.0028014452638110386 0.21311270621266534 -0.9770236058331181
vn -0.002795901665618125 -0.21311107765309423 0.9770239769398769
vn 0.08701767033577809 -0.06976128966182411 -0.9937611823340923
vn 0.957482706945059 0.28128244393723345 0.06408629052971908
vn -0.08701767033577806 0.06976128966182418 0.9937611823340924
vn -0.9574830985227099 -0.28128212995990975 -0.06408181808100645
vn -0.27505316689734355 0.9570857644132952 -0.09128304846553197
vn 0.2750544994443676 -0.9570868327546479 0.09126783060358831
vn -0.2548884788994108 0.9449078367216965 -0.20538024108046096
vn 0.957947338619703 0.27569275137063914 0.07956383143813082
vn 0.2548889987558293 -0.9449085327125576 0.20537639377555664
vn -0.9579484059542275 -0.2756882030063197 -0.07956674087142777
vn -0.13180122325797367 0.17645059524874687 0.9754453470000586
vn 0.13180549391864532 -0.17646642717078032 -0.9754419059351724
vn -0.02172900581211497 0.2067710502513621 -0.9781480374076134
vn 0.9579455838140145 -0.2756988608450832 -0.07956378937651437
vn 0.02173322829277964 -0.20677226549254016 0.9781476867074095
vn -0.9579457992289601 0.2756992691821242 0.07955978074399146
vn 0.28612909176295614 0.9387388710938186 0.1920923599324264
vn -0.28612389242236635 -0.9387409277540736 -0.19209005373651114
vn 0.25489069373624973 0.944907711661064 -0.20537806769493425
vn 0.9579479399149964 -0.2756895255994394 -0.07956776914914
vn -0.2548901972071636 -0.9449075835970554 0.2053792731228423
vn -0.9579438848459463 0.2757050880258453 0.07956266664031286
vn 0.13181001362502667 0.17646512641575574 0.9754415305220718
vn -0.13180198069723764 -0.17646482460238028 -0.9754426705667207
vn 0.25488752474154175 0.9449091917678418 -0.2053751909159768
vn 0.9579440715969043 -0.27570440371256855 -0.07956278945488288
vn -0.2548889716688486 -0.9449087753401622 0.2053753110935002
vn -0.9579479223465173 0.2756899958831868 0.07956635119143983
vn 0.13179994997878938 0.17645826686009664 0.975444131276784
vn -0.1318054872976175 -0.17645667317230523 -0.9754436713676501
vn -0.2884834641928638 -0.9356606342205495 -0.2032645282809667
vn 0.9574820191487874 -0.28128317552670534 -0.06409335513431808
vn 0.2884823055295889 0.9356613807365861 0.20326273636463313
vn -0.9574820174625103 0.28128304697051 0.06409394451043857
vn -0.00280144526381104 0.21311270621266534 -0.9770236058331181
vn 0.002795901665618589 -0.2131110776530936 0.9770239769398772
vn -0.08701773299225365 -0.06976150767847503 -0.9937611615430113
vn 0.9574829595769664 -0.28128156488034023 -0.06408637435680609
vn 0.08701733716723005 0.06976162396146816 0.9937611880399553
vn -0.9574833511531115 0.28128125090497913 0.064081901921977
vn 0.27505992992587136 0.9570852374261758 -0.09126819407688212
vn -0.2750585973750068 -0.9570841690883857 0.09128341191305413
vn 0 0 -1
vn 1 0 0
vn 0 0 1
vn -1 0 0
vn 0 1 0
vn 0 -1 0
vn 0 0 -1
vn 1 0 0
vn 0 0 1
vn -1 0 0
vn 0 1 0
vn 0 -1 0
vn 0.7071067811865476 0 -0.7071067811865476
vn 0.7071067811865476 0 0.7071067811865476
vn -0.7071067811865476 0 0.7071067811865476
vn -0.7071067811865476 0 -0.7071067811865476
vn 0 1 0
vn 0 -1 0
vn 1 0 0
vn 0 0 1
vn -1 0 0
vn 0 0 -1
vn 0 1 0
vn 0 -1 0
vn 0.0861988104445059 -0.8181499887644886 -0.568507133607503
vn 0.9901166308809304 0.006977698655931899 0.14007272744707466
vn -0.08619905189540418 0.8181487339893573 0.5685089027657753
vn -0.9901170476619034 -0.006979864721212681 -0.14006967344057622
vn 0.11063742601019685 0.5749659266338621 -0.8106624101165063
vn -0.110621422230692 -0.574965346345252 0.8106650056871479
vn -0.08619902010583941 -0.8181488991941087 -0.5685086698373751
vn 0.9901166825364233 -0.006977967112331405 -0.14007234894170564
vn 0.08618758447495081 0.8181499029233863 0.5685089591456117
vn -0.990116996008904 0.00697959626985263 0.140070051939071
vn -0.11063742601019695 0.5749659266338626 -0.8106624101165059
vn 0.11062142223069173 -0.574965346345252 0.8106650056871478
vn 0 0 -1
vn 1 0 0
vn 0 0 1
vn -1 0 0
vn 0 1 0
vn 0 -1 0
vn -1 0 0
vn 0 0 -1
vn 1 0 0
vn 0 0 1
vn 0 1 0
vn 0 -1 0
vn -0.7071067811865476 0 -0.7071067811865476
vn 0.7071067811865476 0 -0.7071067811865476
vn 0.7071067811865476 0 0.7071067811865476
vn -0.7071067811865476 0 0.7071067811865476
vn 0 1 0
vn 0 -1 0
vn -0.04028763085482742 0.3402502267847841 -0.9394714950295238
vn 0.985975506577445 0.1659358184149197 0.0178214644830684
vn 0.04028763085482656 -0.3402502267847846 0.9394714950295234
vn -0.9859755209356105 -0.16593569713582174 -0.017821799342393127
vn -0.16196008031053022 0.9255795151412605 0.3421571182025535
vn 0.16195718085852912 -0.9255823778179731 -0.34215074666173745
vn -0.04026067578956432 0.3402577122835478 -0.9394699394959554
vn 0.9859750674505824 0.1659382495567626 0.017823122618030353
vn 0.040311147551790764 -0.3402492178818141 0.9394708516573952
vn -0.9859752916739396 -0.16593704658654052 -0.01782191848892835
vn -0.161950019171339 0.9255788335449443 0.34216372423736446
vn 0.16197302873836492 -0.9255749609998845 -0.3421633082774706
vn -0.04025922444405877 0.34025875943847705 -0.9394696224320144
vn 0.9859732841474698 0.16595293299266828 0.01778502118592462
vn 0.0402860624401535 -0.34025424270810384 0.9394701078225974
vn -0.9859739355730166 -0.16594775188904987 -0.01779724736096819
vn -0.16194447329731806 0.9255870176427767 0.34214420985836463
vn 0.16201747880615938 -0.9255747283231738 -0.3421428924452165
vn 0 0 -1
vn 0.9743701578499471 0.22495065123593055 0
vn 0 0 1
vn -0.974369753025277 -0.2249524047203337 0
vn -0.22495838123406514 0.9743683732103323 0
vn 0.22494669642375129 -0.974371070880104 0
vn 0 0 -1
vn 1 0 0
vn 0 0 1
vn -1 0 0
vn 0 1 0
vn 0 -1 0
vn 0 0 -1
vn 1 0 0
vn 0 0 1
vn -1 0 0
vn 0 1 0
vn 0 -1 0
vn 0 0 -1
vn 1 0 0
vn 0 0 1
vn -1 0 0
vn 0 1 0
vn 0 -1 0
vn 0 0.026174411518780492 0.9996573914004967
vn -1 0 0
vn 0 -0.026174304173594034 -0.9996573942111509
vn 1 0 0
vn 0 0.9996574692759618 -0.026171437117204252
vn 0 -0.9996568710157947 0.026194278591155647
vn 0 0.1391752509076533 -0.9902677665837618
vn 1 0 0
vn 0 -0.1391752509076532 0.990267766583762
vn -1 0 0
vn 0 0.9902674107343178 0.13917778284464213
vn 0 -0.9902674107343178 -0.13917778284464205
vn 0 0 -1
vn 1 0 0
vn 0 0 1
vn -1 0 0
vn 0 1 0
vn 0 -1 0
vn 0 0 -1
vn 1 0 0
vn 0 0 1
vn -1 0 0
vn 0 1 0
vn 0 -1 0
vn -0.7071023367274157 0 -0.7071112256177443
vn 0.7071067811865476 0 -0.7071067811865476
vn 0.7071112256177442 0 0.7071023367274158
vn -0.707106781186547 0 0.7071067811865481
vn 0 1 0
vn 0 -1 0
vn -1 0 0
vn 0 0 -1
vn 1 0 0
vn 0 0 1
vn 0 1 0
vn 0 -1 0
vn 0.7071067811865474 0 -0.7071067811865477
vn 0.7071267810954942 0 0.7070867807119047
vn -0.7070995084082292 0 0.7071140538900642
vn -0.707106781186547 0 -0.7071067811865481
vn 0 1 0
vn 0 -1 0
vn 0 0 -1
vn 1 0 0
vn 0 0 1
vn -1 0 0
vn 0 1 0
vn 0 -1 0
vn 0 0 -1
vn 1 0 0
vn 0 0 1
vn -1 0 0
vn 0 1 0
vn 0 -1 0
vn 0 0 -1
vn 1 0 0
vn 0 0 1
vn -1 0 0
vn 0 1 0
vn 0 -1 0
vn 0.10477571541986443 -0.27294873788623775 -0.956305932191454
vn 0.3427068002423603 -0.8927850293482255 0.2923814981139045
vn -0.10477638745428239 0.27295282755468997 0.9563046912788465
vn -0.3427070814824079 0.8927857620062951 -0.29237893128720704
vn 0.9335775292408701 0.358375496636912 0.000017514537427073386
vn -0.9335788089966676 -0.3583721627668188 -0.000018606359817283456
vn 0.3517823733362094 -0.9164277927401757 -0.19081211309378057
vn 0.06838571887112384 -0.17815154524561205 0.9816238690970591
vn -0.3517824832118011 0.9164280789769333 0.1908105357887412
vn -0.0683673017421269 0.17810356680736483 -0.9816338581889866
vn 0.9335794401580155 0.35837051902661426 0.0000026156645925140458
vn -0.9335794401595207 -0.3583705190226929 -0.000002615686214783712
vn 0.34918186635488635 -0.9096532154630433 0.22495122094948564
vn -0.08061886933256167 0.21001830954777073 0.9743679528608462
vn -0.3491846295883725 0.9096526189631717 -0.22494934379249487
vn 0.08061826721892089 -0.2100185406713471 -0.9743679528622113
vn 0.933583393685402 0.3583602196241116 0.000005080002485163364
vn -0.933583808939685 -0.3583591378570749 -6.120487636429566e-8
vn 0.060416618021433825 -0.2789172977203934 0.9584127364028535
vn -0.13273633662424253 0.9493885365532568 0.284679594633759
vn -0.060410729141538666 0.2789179172581783 -0.9584129273110561
vn 0.13273676434655263 -0.9493905112172651 -0.2846728097332584
vn 0.9893070074612323 0.14442238513032615 -0.020342557886588158
vn -0.9893065400161328 -0.14442471410000798 0.02034875520612889
vn 0.07393471159641854 -0.016019094855517585 0.9971344177297085
vn -0.03604379371572024 0.9991741054040587 0.01876038444642874
vn -0.07393485693382476 0.016023123428368306 -0.9971343422256473
vn 0.036048524356112464 -0.999174984747893 -0.018704377717382835
vn 0.9966086551430384 0.037326208609398066 -0.0733344574182691
vn -0.9966124259790502 -0.037329782902312925 0.0732813734356745
vn 0 0 -1
vn 1 0 0
vn 0 0 1
vn -1 0 0
vn 0 1 0
vn 0 -1 0
vn 0.11211092268125376 -0.2709711334921007 0.9560364981681213
vn -0.13275114325285317 0.9493865618061752 0.28467927607556875
vn -0.1121200637980236 0.2709704885366944 -0.9560356089791386
vn 0.13273997784673042 -0.9493927513174842 -0.28466384039260634
vn 0.9847899691666887 0.15881668233061672 -0.070469695913692
vn -0.98478943018717 -0.15882303862043584 0.07046290226069775
vn 0.11210600344579928 -0.27097521283352116 0.9560359187924051
vn -0.9936910384456793 -0.0335474098822191 0.10701724815627628
vn -0.11210989540697242 0.2709733557192457 -0.9560359887797576
vn 0.9936917322570956 0.03352892115460162 -0.10701660006793935
vn -0.003063633183509967 0.9620002125971817 0.27303150938068316
vn 0.003062013112941448 -0.9619962660103479 -0.27304543258923797
vn -0.06041610695769428 -0.27891713220371456 0.9584128167879081
vn -0.13273781489407127 -0.9493903578753566 -0.28467283128259663
vn 0.060415736926951784 0.27891448559076254 -0.9584136103265719
vn 0.1327500793767804 0.949405466942125 0.28461671729865845
vn -0.989310733042115 0.14440381503050972 -0.020293143972960056
vn 0.9893070074612325 -0.1444223851303256 0.020342557886586544
vn -0.11210948523583214 -0.27098808642828803 0.9560318615684791
vn -0.9936917322570956 0.033528921154601626 -0.10701660006793935
vn 0.11210944386897535 0.27097509674438425 -0.9560355482615492
vn 0.9936916835549003 -0.03354421609545008 0.10701225911254088
vn 0.003063633183509967 0.9620002125971817 0.2730315093806832
vn -0.0030636456729845793 -0.9620002121756633 -0.2730315107257206
vn -0.11210926960619759 -0.27097222932136805 0.9560363814233079
vn -0.13276061364301178 -0.9494040582915463 -0.2846165026218141
vn 0.112107619955106 0.2709787375391332 -0.9560347302005817
vn 0.13273907800828064 0.9494075314625501 0.28461496160901123
vn -0.9847899691666887 0.1588166823306167 -0.07046969591369208
vn 0.9847899227379872 -0.1588215106310013 0.07045946234961173
vn -0.0739335208195805 -0.016018810686767904 0.9971345105869129
vn -0.03604852435611246 -0.999174984747893 -0.01870437771738283
vn 0.07393485693382473 0.0160231234283683 -0.9971343422256472
vn 0.03604436846254332 0.99917408387664 0.018760426738581637
vn -0.9966125619472089 0.03732991183178973 -0.07327945859278472
vn 0.9966125619472089 -0.037329911831789755 0.07327945859278466
vn 0 0 -1
vn 1 0 0
vn 0 0 1
vn -1 0 0
vn 0 1 0
vn 0 -1 0
vn 0.7071023367274157 0 -0.7071112256177443
vn 0.707106781186547 0 0.7071067811865481
vn -0.7071112256177442 0 0.7071023367274158
vn -0.7071067811865476 0 -0.7071067811865476
vn 0 1 0
vn 0 -1 0
vn 1 0 0
vn 0 0 1
vn -1 0 0
vn 0 0 -1
vn 0 1 0
vn 0 -1 0
vn -0.34918462958837226 -0.9096526189631715 0.22494934379249593
vn -0.08061826721892205 -0.21001854067134915 -0.9743679528622109
vn 0.349181866354885 0.909653215463044 -0.22495122094948578
vn 0.08061886933256161 0.21001830954777054 0.9743679528608462
vn -0.9335833936854024 0.35836021962411024 0.000005080002485330858
vn 0.9335838089396864 -0.3583591378570712 -6.120487773612858e-8
vn -0.3517823733362078 -0.9164277927401762 -0.19081211309378052
vn 0.0683673017421269 0.17810356680736483 -0.9816338581889866
vn 0.35178248321180106 0.9164280789769333 0.1908105357887413
vn -0.06838571887112337 -0.17815154524560992 0.9816238690970596
vn -0.9335794401089391 0.3583705191544613 0.000002615691211740078
vn 0.9335794401089391 -0.3583705191544613 -0.0000026156912115255198
vn -0.10477493289078699 -0.27294903827326333 -0.9563059321908611
vn 0.3427096410585589 0.8927847795028708 -0.292378931206618
vn 0.10477638745428282 0.2729528275546898 0.9563046912788464
vn -0.3427068002423603 -0.8927850293482255 0.2923814981139044
vn -0.9335840257438416 0.358358571872306 -0.00002900972010900558
vn 0.9335788089181799 -0.35837216297123325 -0.00001860733058963636
vn -0.7071067811865474 0 -0.7071067811865477
vn 0.707106781186547 0 -0.7071067811865481
vn 0.7070995084082292 0 0.7071140538900642
vn -0.7071267810954942 0 0.7070867807119047
vn 0 1 0
vn 0 -1 0
vn -0.3467972869424337 0.13922386921328303 -0.9275496515069422
vn 0.93667151064322 -0.000042704242877459806 -0.3502091936624396
vn 0.34679809657135385 -0.13920742466039046 0.9275518169535909
vn -0.9366721059737452 -0.00003272576097806641 0.3502076024585042
vn 0.04874232139909285 0.9902669490712077 0.1303670038078259
vn -0.048738930085709335 -0.9902683100593779 -0.1303579333460159
vn -0.35020798619340054 0 -0.9366719630726453
vn 0.9366719630726452 0 -0.3502079861934007
vn 0.35020798619340077 0 0.9366719630726451
vn -0.9366719630726453 0 0.35020798619340093
vn 0 1 0
vn 0 -1 0
vn -0.048750408600177035 -0.9902637031586654 -0.13038863396708533
vn 0.9366672840902305 -0.0000021869362377515133 -0.35022050041402314
vn 0.04875040860017088 0.990263703158668 0.13038863396706885
vn -0.9366672840902306 0.0000021869362379575185 0.3502205004140232
vn -0.3467997165605107 0.13917451475183476 -0.9275561498028789
vn 0.3467997165605107 -0.13917451475183462 0.9275561498028791
vn 0.35020798619340054 0 -0.9366719630726453
vn 0.9366719630726453 0 0.35020798619340093
vn -0.35020798619340077 0 0.9366719630726451
vn -0.9366719630726452 0 -0.3502079861934007
vn 0 1 0
vn 0 -1 0
vn 0.048750408600177 -0.9902637031586654 -0.13038863396708525
vn 0.9366672840902305 0.0000021869362379575168 0.35022050041402325
vn -0.048750408600170915 0.990263703158668 0.13038863396706896
vn -0.9366672840902298 -0.000002186936237666943 -0.35022050041402514
vn 0.3467997165605106 0.13917451475183484 -0.9275561498028789
vn -0.3467997165605107 -0.1391745147518346 0.9275561498028791
vn 0.3467972869424337 0.13922386921328328 -0.9275496515069422
vn 0.9366715106432201 0.00004270424287751083 0.35020919366243924
vn -0.34679809657135385 -0.13920742466039046 0.9275518169535909
vn -0.9366721059737452 0.00003272576097578061 -0.3502076024585047
vn -0.048742321399092854 0.9902669490712077 0.13036700380782593
vn 0.04873893008570935 -0.9902683100593779 -0.13035793334601592
vn 0.9426423294651424 -0.0000012138345153826663 -0.33380449172989957
vn 0.3338147593408076 0 0.9426386934802957
vn -0.9426403156420853 0 0.333810178583862
vn -0.3338114029132097 0 -0.9426398820785776
vn 0 1 0
vn 0 -1 0
vn 0.1312184576604807 -0.9902638651608242 -0.046467125217187634
vn 0.33381684259161093 0.0000029389315483511206 0.9426379557356739
vn -0.13121869127687313 0.9902638651596744 0.04646646552738086
vn -0.3337919153139913 7.775555720563336e-7 -0.9426467828780899
vn 0.9334671579038034 0.1391737878764884 -0.33055971001183143
vn -0.9334671579038034 -0.13917378787648774 0.33055971001183154
vn 0.9334774702983236 0.13910847552313627 -0.33055808034757117
vn 0.3338106617897617 -0.000018130586812720192 0.9426401443534872
vn -0.9334662147555268 -0.13919344976236003 0.33055409459457924
vn -0.3338106621393399 0.000018131999427705342 -0.9426401442296665
vn -0.13119783277220262 0.9902669754331316 0.04645907922456997
vn 0.13118913270385682 -0.9902682725770965 -0.04645599840260822
vn -0.9426423294658368 0 -0.33380449173014554
vn 0.3338114029112487 -0.0000034277813893599354 -0.94263988207304
vn 0.9426403156420853 0 0.333810178583862
vn -0.3338147593408076 0 0.9426386934802957
vn 0 1 0
vn 0 -1 0
vn -0.13121845766048057 -0.9902638651608242 -0.04646712521718758
vn 0.3338171930142856 -2.944054727037908e-7 -0.9426378316447821
vn 0.13120865916422697 0.9902653263090417 0.04646365537033468
vn -0.33381684259161143 0.000002938931548366316 0.9426379557356739
vn -0.9334697994315917 0.1391663928271588 -0.33055536398101465
vn 0.9334671579038034 -0.1391737878764878 0.33055971001183154
vn -0.9334676757013648 0.13918242327212602 -0.33055461193695435
vn 0.3338141651279357 0.0000445743527959693 -0.9426389028536146
vn 0.9334662147555266 -0.1391934497623619 0.3305540945945792
vn -0.33381066213934024 -0.000018131999428929887 0.9426401442296662
vn 0.1311978327722026 0.9902669754331316 0.04645907922456995
vn -0.13119005172534295 -0.9902681007373185 -0.046457066097697196
vn -0.5664055021502971 0 0.8241266936180809
vn -0.8241247019840763 0 -0.5664083999903761
vn 0.5664055021502971 0 -0.8241266936180809
vn 0.8241247019840763 0 0.5664083999903761
vn 0 1 0
vn 0 -1 0
vn -0.07884553274435663 -0.990263794650494 0.11472139717883033
vn -0.824124737088474 -0.0000040026468409034005 -0.5664083488993011
vn 0.07884199491775652 0.9902646726595226 -0.11471624958965931
vn 0.8241247370884726 0.0000040026468411289375 0.5664083488993032
vn -0.5608928206530212 0.13916989341861377 0.8161072138547419
vn 0.5608949322641887 -0.1391743368837705 -0.8161050048329038
vn -0.5608928644001121 0.1391693438387359 0.8161072775073955
vn -0.8241313063942047 -0.00003607133508848262 -0.5663987892994128
vn 0.5608971325679116 -0.13911571364763006 -0.8161134877536368
vn 0.8241283167979481 0.00003681609046240654 0.5664031392006549
vn 0.07883293921736932 0.9902669198977448 -0.11470307341385463
vn -0.078827610249619 -0.9902683672815835 0.11469423971499715
vn 0.5664055021502971 0 0.8241266936180809
vn -0.8241247019840763 0 0.5664083999903761
vn -0.5664055021502971 0 -0.8241266936180809
vn 0.8241247019840763 0 -0.5664083999903761
vn 0 1 0
vn 0 -1 0
vn 0.07884553274435656 -0.990263794650494 0.11472139717883025
vn -0.824124737088474 0.000004002646841027002 0.5664083488993011
vn -0.07884553274434704 0.9902637946504965 -0.11472139717881642
vn 0.8240872363299604 -0.000006649441683952194 -0.5664629086478946
vn 0.5608928206530214 0.13916989341861394 0.8161072138547419
vn -0.5608952859771885 -0.13916989340803534 -0.8161055194871335
vn 0.5608928644001119 0.13916934383873894 0.8161072775073954
vn -0.8241283165658639 0.00003681317399509562 0.5664031395385319
vn -0.5608955737867253 -0.1391803691740669 -0.8161035351859657
vn 0.8241247450953734 0.000008056770287311262 -0.5664083372060962
vn -0.07883293921736932 0.9902669198977448 -0.11470307341385463
vn 0.07882821572446284 -0.9902682170490857 0.11469512068140807
vn 0 0.24192004668863804 -0.9702961872594199
vn 1 0 0
vn 0 -0.24192004668863834 0.9702961872594198
vn -1 0 0
vn 0 0.9702961872594199 0.24192004668863848
vn 0 -0.97029618725942 -0.2419200466886377
vn 0 0.3255246646716607 -0.9455335492146235
vn 1 0 0
vn 0 -0.3255246646716552 0.9455335492146254
vn -1 0 0
vn 0 0.9455187741243583 0.3255675778980009
vn 0 -0.9455187741243578 -0.3255675778980025
vn 0 0.7071067811865498 -0.7071067811865454
vn 1 0 0
vn 0 -0.7070667785401238 0.7071467815700583
vn -1 0 0
vn 0 0.7071010668460332 0.7071124954808831
vn 0 -0.7071067811865472 -0.7071067811865479
usemtl m_832fde54-481e-b1c8-4e93-0c880e4868f4
f 1/1/1 2/2/1 3/3/1
f 3/4/2 4/5/2 5/6/2
f 5/7/3 6/8/3 7/9/3
f 1/10/4 6/11/4 8/12/4
f 4/13/5 8/14/5 6/15/5
f 3/16/6 7/17/6 1/18/6
f 9/19/7 10/20/7 11/21/7
f 12/22/8 11/23/8 13/24/8
f 14/25/9 13/26/9 15/27/9
f 16/28/10 15/29/10 10/30/10
f 13/31/11 10/32/11 15/33/11
f 9/34/12 14/35/12 16/36/12
f 17/37/13 18/38/13 19/39/13
f 20/40/14 19/41/14 21/42/14
f 22/43/15 21/44/15 23/45/15
f 24/46/16 23/47/16 18/48/16
f 21/49/17 18/50/17 23/51/17
f 17/52/18 22/53/18 24/54/18
f 25/55/19 26/56/19 27/57/19
f 27/58/20 28/59/20 29/60/20
f 29/61/21 30/62/21 31/63/21
f 31/64/22 32/65/22 25/66/22
f 28/67/23 32/68/23 30/69/23
f 27/70/24 31/71/24 25/72/24
f 33/73/25 34/74/25 35/75/25
f 35/76/26 36/77/26 37/78/26
f 37/79/27 38/80/27 39/81/27
f 33/82/28 38/83/28 40/84/28
f 36/85/29 40/86/29 38/87/29
f 35/88/30 39/89/30 33/90/30
f 41/91/31 42/92/31 43/93/31
f 41/94/32 44/95/32 45/96/32
f 45/97/33 46/98/33 47/99/33
f 47/100/34 42/101/34 48/102/34
f 44/103/35 42/104/35 46/105/35
f 41/106/36 47/107/36 48/108/36
f 49/109/37 50/110/37 51/111/37
f 49/112/38 52/113/38 53/114/38
f 53/115/39 54/116/39 55/117/39
f 56/118/40 54/119/40 50/120/40
f 52/121/41 50/122/41 54/123/41
f 49/124/42 55/125/42 56/126/42
f 57/127/43 58/128/43 59/129/43
f 59/130/44 60/131/44 61/132/44
f 61/133/45 62/134/45 63/135/45
f 63/136/46 64/137/46 57/138/46
f 62/139/47 58/140/47 64/141/47
f 57/142/48 61/143/48 63/144/48
f 65/145/49 66/146/49 67/147/49
f 68/148/50 67/149/50 69/150/50
f 68/151/51 70/152/51 71/153/51
f 72/154/52 70/155/52 66/156/52
f 69/157/53 66/158/53 70/159/53
f 65/160/54 71/161/54 72/162/54
f 73/163/55 74/164/55 75/165/55
f 76/166/56 74/167/56 77/168/56
f 76/169/57 78/170/57 79/171/57
f 79/172/58 80/173/58 73/174/58
f 77/175/59 80/176/59 78/177/59
f 73/178/60 76/179/60 79/180/60
f 81/181/61 82/182/61 83/183/61
f 84/184/62 82/185/62 85/186/62
f 84/187/63 86/188/63 87/189/63
f 87/190/64 88/191/64 81/192/64
f 86/193/65 82/194/65 88/195/65
f 83/196/66 87/197/66 81/198/66
f 89/199/67 90/200/67 91/201/67
f 92/202/68 90/203/68 93/204/68
f 94/205/69 93/206/69 95/207/69
f 94/208/70 96/209/70 89/210/70
f 93/211/71 96/212/71 95/213/71
f 91/214/72 94/215/72 89/216/72
f 97/217/73 98/218/73 99/219/73
f 99/220/74 100/221/74 101/222/74
f 101/223/75 102/224/75 103/225/75
f 103/226/76 104/227/76 97/228/76
f 102/229/77 98/230/77 104/231/77
f 99/232/78 103/233/78 97/234/78
f 105/235/79 106/236/79 107/237/79
f 108/238/80 106/239/80 109/240/80
f 110/241/81 109/242/81 111/243/81
f 110/244/82 112/245/82 105/246/82
f 109/247/83 112/248/83 111/249/83
f 107/250/84 110/251/84 105/252/84
f 113/253/85 114/254/85 115/255/85
f 113/256/86 116/257/86 117/258/86
f 118/259/87 116/260/87 119/261/87
f 118/262/88 114/263/88 120/264/88
f 119/265/89 115/266/89 114/267/89
f 120/268/90 117/269/90 118/270/90
f 121/271/91 122/272/91 123/273/91
f 123/274/92 124/275/92 125/276/92
f 125/277/93 126/278/93 127/279/93
f 127/280/94 128/281/94 121/282/94
f 124/283/95 128/284/95 126/285/95
f 123/286/96 127/287/96 121/288/96
f 129/289/97 130/290/97 131/291/97
f 131/292/98 132/293/98 133/294/98
f 133/295/99 134/296/99 135/297/99
f 135/298/100 136/299/100 129/300/100
f 132/301/101 136/302/101 134/303/101
f 131/304/102 135/305/102 129/306/102
f 137/307/103 138/308/103 139/309/103
f 139/310/104 140/311/104 141/312/104
f 141/313/105 142/314/105 143/315/105
f 143/316/106 144/317/106 137/318/106
f 142/319/107 138/320/107 144/321/107
f 139/322/108 143/323/108 137/324/108
f 145/325/109 146/326/109 147/327/109
f 147/328/110 148/329/110 149/330/110
f 149/331/111 150/332/111 151/333/111
f 151/334/112 152/335/112 145/336/112
f 148/337/113 152/338/113 150/339/113
f 147/340/114 151/341/114 145/342/114
f 153/343/115 154/344/115 155/345/115
f 155/346/116 156/347/116 157/348/116
f 157/349/117 158/350/117 159/351/117
f 159/352/118 160/353/118 153/354/118
f 156/355/119 160/356/119 158/357/119
f 153/358/120 157/359/120 159/360/120
f 161/361/121 162/362/121 163/363/121
f 163/364/122 164/365/122 165/366/122
f 166/367/123 164/368/123 167/369/123
f 166/370/124 168/371/124 161/372/124
f 164/373/125 168/374/125 167/375/125
f 163/376/126 166/377/126 161/378/126
f 169/379/127 170/380/127 171/381/127
f 171/382/128 172/383/128 173/384/128
f 173/385/129 174/386/129 175/387/129
f 175/388/130 176/389/130 169/390/130
f 172/391/131 176/392/131 174/393/131
f 171/394/132 175/395/132 169/396/132
f 177/397/133 178/398/133 179/399/133
f 179/400/134 180/401/134 181/402/134
f 181/403/135 182/404/135 183/405/135
f 183/406/136 184/407/136 177/408/136
f 180/409/137 184/410/137 182/411/137
f 179/412/138 183/413/138 177/414/138
f 185/415/139 186/416/139 187/417/139
f 187/418/140 188/419/140 189/420/140
f 189/421/141 190/422/141 191/423/141
f 191/424/142 192/425/142 185/426/142
f 188/427/143 192/428/143 190/429/143
f 187/430/144 191/431/144 185/432/144
f 193/433/145 194/434/145 195/435/145
f 196/436/146 195/437/146 197/438/146
f 196/439/147 198/440/147 199/441/147
f 200/442/148 198/443/148 194/444/148
f 197/445/149 194/446/149 198/447/149
f 200/448/150 196/449/150 199/450/150
f 201/451/151 202/452/151 203/453/151
f 203/454/152 204/455/152 205/456/152
f 206/457/153 204/458/153 207/459/153
f 206/460/154 208/461/154 201/462/154
f 204/463/155 208/464/155 207/465/155
f 203/466/156 206/467/156 201/468/156
f 209/469/157 210/470/157 211/471/157
f 211/472/158 212/473/158 213/474/158
f 214/475/159 212/476/159 215/477/159
f 209/478/160 215/479/160 216/480/160
f 212/481/161 216/482/161 215/483/161
f 211/484/162 214/485/162 209/486/162
f 217/487/163 218/488/163 219/489/163
f 219/490/164 220/491/164 221/492/164
f 221/493/165 222/494/165 223/495/165
f 223/496/166 224/497/166 217/498/166
f 220/499/167 224/500/167 222/501/167
f 219/502/168 223/503/168 217/504/168
f 225/505/169 226/506/169 227/507/169
f 227/508/170 228/509/170 229/510/170
f 229/511/171 230/512/171 231/513/171
f 231/514/172 232/515/172 225/516/172
f 228/517/173 232/518/173 230/519/173
f 227/520/174 231/521/174 225/522/174
f 233/523/175 234/524/175 235/525/175
f 235/526/176 236/527/176 237/528/176
f 237/529/177 238/530/177 239/531/177
f 239/532/178 240/533/178 233/534/178
f 236/535/179 240/536/179 238/537/179
f 235/538/180 239/539/180 233/540/180
f 241/541/181 242/542/181 243/543/181
f 243/544/182 244/545/182 245/546/182
f 245/547/183 246/548/183 247/549/183
f 247/550/184 248/551/184 241/552/184
f 244/553/185 248/554/185 246/555/185
f 243/556/186 247/557/186 241/558/186
f 249/559/187 250/560/187 251/561/187
f 251/562/188 252/563/188 253/564/188
f 253/565/189 254/566/189 255/567/189
f 255/568/190 256/569/190 249/570/190
f 252/571/191 256/572/191 254/573/191
f 251/574/192 255/575/192 249/576/192
f 257/577/193 258/578/193 259/579/193
f 259/580/194 260/581/194 261/582/194
f 261/583/195 262/584/195 263/585/195
f 257/586/196 262/587/196 264/588/196
f 260/589/197 264/590/197 262/591/197
f 259/592/198 263/593/198 257/594/198
f 265/595/199 266/596/199 267/597/199
f 267/598/200 268/599/200 269/600/200
f 269/601/201 270/602/201 271/603/201
f 271/604/202 272/605/202 265/606/202
f 268/607/203 272/608/203 270/609/203
f 267/610/204 271/611/204 265/612/204
f 273/613/205 274/614/205 275/615/205
f 275/616/206 276/617/206 277/618/206
f 277/619/207 278/620/207 279/621/207
f 279/622/208 280/623/208 273/624/208
f 276/625/209 280/626/209 278/627/209
f 275/628/210 279/629/210 273/630/210
f 281/631/211 282/632/211 283/633/211
f 283/634/212 284/635/212 285/636/212
f 285/637/213 286/638/213 287/639/213
f 287/640/214 288/641/214 281/642/214
f 284/643/215 288/644/215 286/645/215
f 281/646/216 285/647/216 287/648/216
f 289/649/217 290/650/217 291/651/217
f 291/652/218 292/653/218 293/654/218
f 293/655/219 294/656/219 295/657/219
f 295/658/220 296/659/220 289/660/220
f 292/661/221 296/662/221 294/663/221
f 291/664/222 295/665/222 289/666/222
f 297/667/223 298/668/223 299/669/223
f 299/670/224 300/671/224 301/672/224
f 301/673/225 302/674/225 303/675/225
f 303/676/226 304/677/226 297/678/226
f 302/679/227 298/680/227 304/681/227
f 299/682/228 303/683/228 297/684/228
f 305/685/229 306/686/229 307/687/229
f 307/688/230 308/689/230 309/690/230
f 309/691/231 310/692/231 311/693/231
f 311/694/232 312/695/232 305/696/232
f 308/697/233 312/698/233 310/699/233
f 307/700/234 311/701/234 305/702/234
f 313/703/235 314/704/235 315/705/235
f 315/706/236 316/707/236 317/708/236
f 317/709/237 318/710/237 319/711/237
f 319/712/238 320/713/238 313/714/238
f 316/715/239 320/716/239 318/717/239
f 315/718/240 319/719/240 313/720/240
f 321/721/241 322/722/241 323/723/241
f 323/724/242 324/725/242 325/726/242
f 325/727/243 326/728/243 327/729/243
f 327/730/244 328/731/244 321/732/244
f 324/733/245 328/734/245 326/735/245
f 323/736/246 327/737/246 321/738/246
f 329/739/247 330/740/247 331/741/247
f 332/742/248 330/743/248 333/744/248
f 332/745/249 334/746/249 335/747/249
f 335/748/250 336/749/250 329/750/250
f 333/751/251 336/752/251 334/753/251
f 331/754/252 335/755/252 329/756/252
f 337/757/253 338/758/253 339/759/253
f 340/760/254 338/761/254 341/762/254
f 340/763/255 342/764/255 343/765/255
f 343/766/256 344/767/256 337/768/256
f 342/769/257 338/770/257 344/771/257
f 337/772/258 340/773/258 343/774/258
f 345/775/259 346/776/259 347/777/259
f 348/778/260 346/779/260 349/780/260
f 350/781/261 349/782/261 351/783/261
f 345/784/262 351/785/262 352/786/262
f 351/787/263 346/788/263 352/789/263
f 345/790/264 348/791/264 350/792/264
f 353/793/265 354/794/265 355/795/265
f 355/796/266 356/797/266 357/798/266
f 357/799/267 358/800/267 359/801/267
f 359/802/268 360/803/268 353/804/268
f 358/805/269 354/806/269 360/807/269
f 355/808/270 359/809/270 353/810/270
f 361/811/271 362/812/271 363/813/271
f 363/814/272 364/815/272 365/816/272
f 366/817/273 364/818/273 367/819/273
f 361/820/274 367/821/274 368/822/274
f 364/823/275 368/824/275 367/825/275
f 361/826/276 365/827/276 366/828/276
f 369/829/277 370/830/277 371/831/277
f 371/832/278 372/833/278 373/834/278
f 373/835/279 374/836/279 375/837/279
f 375/838/280 376/839/280 369/840/280
f 372/841/281 376/842/281 374/843/281
f 371/844/282 375/845/282 369/846/282
f 377/847/283 378/848/283 379/849/283
f 380/850/284 379/851/284 381/852/284
f 380/853/285 382/854/285 383/855/285
f 384/856/286 382/857/286 378/858/286
f 382/859/287 379/860/287 378/861/287
f 377/862/288 383/863/288 384/864/288
f 385/865/289 386/866/289 387/867/289
f 388/868/290 387/869/290 389/870/290
f 390/871/291 389/872/291 391/873/291
f 390/874/292 386/875/292 392/876/292
f 389/877/293 386/878/293 391/879/293
f 385/880/294 390/881/294 392/882/294
f 393/883/295 394/884/295 395/885/295
f 393/886/296 396/887/296 397/888/296
f 398/889/297 396/890/297 399/891/297
f 400/892/298 399/893/298 394/894/298
f 396/895/299 394/896/299 399/897/299
f 400/898/300 397/899/300 398/900/300
f 401/901/301 402/902/301 403/903/301
f 404/904/302 402/905/302 405/906/302
f 404/907/303 406/908/303 407/909/303
f 407/910/304 408/911/304 401/912/304
f 405/913/305 408/914/305 406/915/305
f 403/916/306 407/917/306 401/918/306
f 409/919/307 410/920/307 411/921/307
f 411/922/308 412/923/308 413/924/308
f 414/925/309 412/926/309 415/927/309
f 414/928/310 416/929/310 409/930/310
f 412/931/311 416/932/311 415/933/311
f 409/934/312 413/935/312 414/936/312
f 417/937/313 418/938/313 419/939/313
f 417/940/314 420/941/314 421/942/314
f 421/943/315 422/944/315 423/945/315
f 423/946/316 418/947/316 424/948/316
f 422/949/317 419/950/317 418/951/317
f 417/952/318 423/953/318 424/954/318
f 425/955/319 426/956/319 427/957/319
f 427/958/320 428/959/320 429/960/320
f 429/961/321 430/962/321 431/963/321
f 431/964/322 432/965/322 425/966/322
f 428/967/323 432/968/323 430/969/323
f 427/970/324 431/971/324 425/972/324
f 433/973/325 434/974/325 435/975/325
f 435/976/326 436/977/326 437/978/326
f 437/979/327 438/980/327 439/981/327
f 439/982/328 440/983/328 433/984/328
f 438/985/329 434/986/329 440/987/329
f 435/988/330 439/989/330 433/990/330
f 441/991/331 442/992/331 443/993/331
f 443/994/332 444/995/332 445/996/332
f 445/997/333 446/998/333 447/999/333
f 447/1000/334 448/1001/334 441/1002/334
f 444/1003/335 448/1004/335 446/1005/335
f 443/1006/336 447/1007/336 441/1008/336
f 449/1009/337 450/1010/337 451/1011/337
f 449/1012/338 452/1013/338 453/1014/338
f 453/1015/339 454/1016/339 455/1017/339
f 455/1018/340 450/1019/340 456/1020/340
f 452/1021/341 450/1022/341 454/1023/341
f 449/1024/342 455/1025/342 456/1026/342
f 457/1027/343 458/1028/343 459/1029/343
f 460/1030/344 458/1031/344 461/1032/344
f 462/1033/345 461/1034/345 463/1035/345
f 462/1036/346 464/1037/346 457/1038/346
f 463/1039/347 458/1040/347 464/1041/347
f 459/1042/348 462/1043/348 457/1044/348
f 465/1045/349 466/1046/349 467/1047/349
f 467/1048/350 468/1049/350 469/1050/350
f 469/1051/351 470/1052/351 471/1053/351
f 471/1054/352 472/1055/352 465/1056/352
f 470/1057/353 466/1058/353 472/1059/353
f 465/1060/354 469/1061/354 471/1062/354
f 473/1063/355 474/1064/355 475/1065/355
f 475/1066/356 476/1067/356 477/1068/356
f 477/1069/357 478/1070/357 479/1071/357
f 479/1072/358 480/1073/358 473/1074/358
f 476/1075/359 480/1076/359 478/1077/359
f 473/1078/360 477/1079/360 479/1080/360
f 481/1081/361 482/1082/361 483/1083/361
f 483/1084/362 484/1085/362 485/1086/362
f 486/1087/363 484/1088/363 487/1089/363
f 481/1090/364 487/1091/364 488/1092/364
f 484/1093/365 488/1094/365 487/1095/365
f 483/1096/366 486/1097/366 481/1098/366
f 489/1099/367 490/1100/367 491/1101/367
f 491/1102/368 492/1103/368 493/1104/368
f 493/1105/369 494/1106/369 495/1107/369
f 495/1108/370 496/1109/370 489/1110/370
f 492/1111/371 496/1112/371 494/1113/371
f 491/1114/372 495/1115/372 489/1116/372
f 497/1117/373 498/1118/373 499/1119/373
f 497/1120/374 500/1121/374 501/1122/374
f 501/1123/375 502/1124/375 503/1125/375
f 504/1126/376 502/1127/376 498/1128/376
f 502/1129/377 499/1130/377 498/1131/377
f 497/1132/378 503/1133/378 504/1134/378
f 505/1135/379 506/1136/379 507/1137/379
f 507/1138/380 508/1139/380 509/1140/380
f 509/1141/381 510/1142/381 511/1143/381
f 511/1144/382 512/1145/382 505/1146/382
f 508/1147/383 512/1148/383 510/1149/383
f 507/1150/384 511/1151/384 505/1152/384
f 513/1153/385 514/1154/385 515/1155/385
f 513/1156/386 516/1157/386 517/1158/386
f 517/1159/387 518/1160/387 519/1161/387
f 520/1162/388 518/1163/388 514/1164/388
f 516/1165/389 514/1166/389 518/1167/389
f 520/1168/390 517/1169/390 519/1170/390
f 521/1171/391 522/1172/391 523/1173/391
f 521/1174/392 524/1175/392 525/1176/392
f 526/1177/393 524/1178/393 527/1179/393
f 528/1180/394 527/1181/394 522/1182/394
f 527/1183/395 523/1184/395 522/1185/395
f 521/1186/396 526/1187/396 528/1188/396
f 529/1189/397 530/1190/397 531/1191/397
f 531/1192/398 532/1193/398 533/1194/398
f 533/1195/399 534/1196/399 535/1197/399
f 535/1198/400 536/1199/400 529/1200/400
f 532/1201/401 536/1202/401 534/1203/401
f 531/1204/402 535/1205/402 529/1206/402
f 537/1207/403 538/1208/403 539/1209/403
f 539/1210/404 540/1211/404 541/1212/404
f 541/1213/405 542/1214/405 543/1215/405
f 537/1216/406 542/1217/406 544/1218/406
f 540/1219/407 544/1220/407 542/1221/407
f 539/1222/408 543/1223/408 537/1224/408
f 545/1225/409 546/1226/409 547/1227/409
f 548/1228/410 546/1229/410 549/1230/410
f 548/1231/411 550/1232/411 551/1233/411
f 551/1234/412 552/1235/412 545/1236/412
f 550/1237/413 546/1238/413 552/1239/413
f 547/1240/414 551/1241/414 545/1242/414
f 553/1243/415 554/1244/415 555/1245/415
f 555/1246/416 556/1247/416 557/1248/416
f 557/1249/417 558/1250/417 559/1251/417
f 559/1252/418 560/1253/418 553/1254/418
f 556/1255/419 560/1256/419 558/1257/419
f 553/1258/420 557/1259/420 559/1260/420
f 561/1261/421 562/1262/421 563/1263/421
f 563/1264/422 564/1265/422 565/1266/422
f 566/1267/423 564/1268/423 567/1269/423
f 561/1270/424 567/1271/424 568/1272/424
f 567/1273/425 562/1274/425 568/1275/425
f 563/1276/426 566/1277/426 561/1278/426
f 569/1279/427 570/1280/427 571/1281/427
f 571/1282/428 572/1283/428 573/1284/428
f 573/1285/429 574/1286/429 575/1287/429
f 575/1288/430 576/1289/430 569/1290/430
f 574/1291/431 570/1292/431 576/1293/431
f 569/1294/432 573/1295/432 575/1296/432
f 577/1297/433 578/1298/433 579/1299/433
f 579/1300/434 580/1301/434 581/1302/434
f 581/1303/435 582/1304/435 583/1305/435
f 583/1306/436 584/1307/436 577/1308/436
f 580/1309/437 584/1310/437 582/1311/437
f 577/1312/438 581/1313/438 583/1314/438
f 585/1315/439 586/1316/439 587/1317/439
f 587/1318/440 588/1319/440 589/1320/440
f 589/1321/441 590/1322/441 591/1323/441
f 585/1324/442 590/1325/442 592/1326/442
f 590/1327/443 586/1328/443 592/1329/443
f 587/1330/444 591/1331/444 585/1332/444
f 593/1333/445 594/1334/445 595/1335/445
f 596/1336/446 594/1337/446 597/1338/446
f 596/1339/447 598/1340/447 599/1341/447
f 599/1342/448 600/1343/448 593/1344/448
f 598/1345/449 594/1346/449 600/1347/449
f 595/1348/450 599/1349/450 593/1350/450
f 601/1351/451 602/1352/451 603/1353/451
f 603/1354/452 604/1355/452 605/1356/452
f 605/1357/453 606/1358/453 607/1359/453
f 607/1360/454 608/1361/454 601/1362/454
f 606/1363/455 602/1364/455 608/1365/455
f 603/1366/456 607/1367/456 601/1368/456
f 609/1369/457 610/1370/457 611/1371/457
f 609/1372/458 612/1373/458 613/1374/458
f 613/1375/459 614/1376/459 615/1377/459
f 616/1378/460 614/1379/460 610/1380/460
f 612/1381/461 610/1382/461 614/1383/461
f 609/1384/462 615/1385/462 616/1386/462
f 617/1387/463 618/1388/463 619/1389/463
f 619/1390/464 620/1391/464 621/1392/464
f 622/1393/465 620/1394/465 623/1395/465
f 622/1396/466 624/1397/466 617/1398/466
f 620/1399/467 624/1400/467 623/1401/467
f 619/1402/468 622/1403/468 617/1404/468
f 625/1405/469 626/1406/469 627/1407/469
f 627/1408/470 628/1409/470 629/1410/470
f 629/1411/471 630/1412/471 631/1413/471
f 631/1414/472 632/1415/472 625/1416/472
f 628/1417/473 632/1418/473 630/1419/473
f 627/1420/474 631/1421/474 625/1422/474
f 633/1423/475 634/1424/475 635/1425/475
f 636/1426/476 634/1427/476 637/1428/476
f 636/1429/477 638/1430/477 639/1431/477
f 639/1432/478 640/1433/478 633/1434/478
f 637/1435/479 640/1436/479 638/1437/479
f 635/1438/480 639/1439/480 633/1440/480
f 641/1441/481 642/1442/481 643/1443/481
f 643/1444/482 644/1445/482 645/1446/482
f 645/1447/483 646/1448/483 647/1449/483
f 641/1450/484 646/1451/484 648/1452/484
f 644/1453/485 648/1454/485 646/1455/485
f 643/1456/486 647/1457/486 641/1458/486
f 1/1459/487 8/1460/487 2/1461/487
f 3/1462/488 2/1463/488 4/1464/488
f 5/1465/489 4/1466/489 6/1467/489
f 1/1468/490 7/1469/490 6/1470/490
f 4/1471/491 2/1472/491 8/1473/491
f 3/1474/492 5/1475/492 7/1476/492
f 9/1477/493 16/1478/493 10/1479/493
f 12/1480/494 9/1481/494 11/1482/494
f 14/1483/495 12/1484/495 13/1485/495
f 16/1486/496 14/1487/496 15/1488/496
f 13/1489/497 11/1490/497 10/1491/497
f 9/1492/498 12/1493/498 14/1494/498
f 17/1495/499 24/1496/499 18/1497/499
f 20/1498/500 17/1499/500 19/1500/500
f 22/1501/501 20/1502/501 21/1503/501
f 24/1504/502 22/1505/502 23/1506/502
f 21/1507/503 19/1508/503 18/1509/503
f 17/1510/504 20/1511/504 22/1512/504
f 25/1513/505 32/1514/505 26/1515/505
f 27/1516/506 26/1517/506 28/1518/506
f 29/1519/507 28/1520/507 30/1521/507
f 31/1522/508 30/1523/508 32/1524/508
f 28/1525/509 26/1526/509 32/1527/509
f 27/1528/510 29/1529/510 31/1530/510
f 33/1531/511 40/1532/511 34/1533/511
f 35/1534/512 34/1535/512 36/1536/512
f 37/1537/513 36/1538/513 38/1539/513
f 33/1540/514 39/1541/514 38/1542/514
f 36/1543/515 34/1544/515 40/1545/515
f 35/1546/516 37/1547/516 39/1548/516
f 41/1549/517 48/1550/517 42/1551/517
f 41/1552/518 43/1553/518 44/1554/518
f 45/1555/519 44/1556/519 46/1557/519
f 47/1558/520 46/1559/520 42/1560/520
f 44/1561/521 43/1562/521 42/1563/521
f 41/1564/522 45/1565/522 47/1566/522
f 49/1567/523 56/1568/523 50/1569/523
f 49/1570/524 51/1571/524 52/1572/524
f 53/1573/525 52/1574/525 54/1575/525
f 56/1576/526 55/1577/526 54/1578/526
f 52/1579/527 51/1580/527 50/1581/527
f 49/1582/528 53/1583/528 55/1584/528
f 57/1585/529 64/1586/529 58/1587/529
f 59/1588/530 58/1589/530 60/1590/530
f 61/1591/531 60/1592/531 62/1593/531
f 63/1594/532 62/1595/532 64/1596/532
f 62/1597/533 60/1598/533 58/1599/533
f 57/1600/534 59/1601/534 61/1602/534
f 65/1603/535 72/1604/535 66/1605/535
f 68/1606/536 65/1607/536 67/1608/536
f 68/1609/537 69/1610/537 70/1611/537
f 72/1612/538 71/1613/538 70/1614/538
f 69/1615/539 67/1616/539 66/1617/539
f 65/1618/540 68/1619/540 71/1620/540
f 73/1621/541 80/1622/541 74/1623/541
f 76/1624/542 75/1625/542 74/1626/542
f 76/1627/543 77/1628/543 78/1629/543
f 79/1630/544 78/1631/544 80/1632/544
f 77/1633/545 74/1634/545 80/1635/545
f 73/1636/546 75/1637/546 76/1638/546
f 81/1639/547 88/1640/547 82/1641/547
f 84/1642/548 83/1643/548 82/1644/548
f 84/1645/549 85/1646/549 86/1647/549
f 87/1648/550 86/1649/550 88/1650/550
f 86/1651/551 85/1652/551 82/1653/551
f 83/1654/552 84/1655/552 87/1656/552
f 89/1657/553 96/1658/553 90/1659/553
f 92/1660/554 91/1661/554 90/1662/554
f 94/1663/555 92/1664/555 93/1665/555
f 94/1666/556 95/1667/556 96/1668/556
f 93/1669/557 90/1670/557 96/1671/557
f 91/1672/558 92/1673/558 94/1674/558
f 97/1675/559 104/1676/559 98/1677/559
f 99/1678/560 98/1679/560 100/1680/560
f 101/1681/561 100/1682/561 102/1683/561
f 103/1684/562 102/1685/562 104/1686/562
f 102/1687/563 100/1688/563 98/1689/563
f 99/1690/564 101/1691/564 103/1692/564
f 105/1693/565 112/1694/565 106/1695/565
f 108/1696/566 107/1697/566 106/1698/566
f 110/1699/567 108/1700/567 109/1701/567
f 110/1702/568 111/1703/568 112/1704/568
f 109/1705/569 106/1706/569 112/1707/569
f 107/1708/570 108/1709/570 110/1710/570
f 113/1711/571 120/1712/571 114/1713/571
f 113/1714/572 115/1715/572 116/1716/572
f 118/1717/573 117/1718/573 116/1719/573
f 118/1720/574 119/1721/574 114/1722/574
f 119/1723/575 116/1724/575 115/1725/575
f 120/1726/576 113/1727/576 117/1728/576
f 121/1729/577 128/1730/577 122/1731/577
f 123/1732/578 122/1733/578 124/1734/578
f 125/1735/579 124/1736/579 126/1737/579
f 127/1738/580 126/1739/580 128/1740/580
f 124/1741/581 122/1742/581 128/1743/581
f 123/1744/582 125/1745/582 127/1746/582
f 129/1747/583 136/1748/583 130/1749/583
f 131/1750/584 130/1751/584 132/1752/584
f 133/1753/585 132/1754/585 134/1755/585
f 135/1756/586 134/1757/586 136/1758/586
f 132/1759/587 130/1760/587 136/1761/587
f 131/1762/588 133/1763/588 135/1764/588
f 137/1765/589 144/1766/589 138/1767/589
f 139/1768/590 138/1769/590 140/1770/590
f 141/1771/591 140/1772/591 142/1773/591
f 143/1774/592 142/1775/592 144/1776/592
f 142/1777/593 140/1778/593 138/1779/593
f 139/1780/594 141/1781/594 143/1782/594
f 145/1783/595 152/1784/595 146/1785/595
f 147/1786/596 146/1787/596 148/1788/596
f 149/1789/597 148/1790/597 150/1791/597
f 151/1792/598 150/1793/598 152/1794/598
f 148/1795/599 146/1796/599 152/1797/599
f 147/1798/600 149/1799/600 151/1800/600
f 153/1801/601 160/1802/601 154/1803/601
f 155/1804/602 154/1805/602 156/1806/602
f 157/1807/603 156/1808/603 158/1809/603
f 159/1810/604 158/1811/604 160/1812/604
f 156/1813/605 154/1814/605 160/1815/605
f 153/1816/606 155/1817/606 157/1818/606
f 161/1819/607 168/1820/607 162/1821/607
f 163/1822/608 162/1823/608 164/1824/608
f 166/1825/609 165/1826/609 164/1827/609
f 166/1828/610 167/1829/610 168/1830/610
f 164/1831/611 162/1832/611 168/1833/611
f 163/1834/612 165/1835/612 166/1836/612
f 169/1837/613 176/1838/613 170/1839/613
f 171/1840/614 170/1841/614 172/1842/614
f 173/1843/615 172/1844/615 174/1845/615
f 175/1846/616 174/1847/616 176/1848/616
f 172/1849/617 170/1850/617 176/1851/617
f 171/1852/618 173/1853/618 175/1854/618
f 177/1855/619 184/1856/619 178/1857/619
f 179/1858/620 178/1859/620 180/1860/620
f 181/1861/621 180/1862/621 182/1863/621
f 183/1864/622 182/1865/622 184/1866/622
f 180/1867/623 178/1868/623 184/1869/623
f 179/1870/624 181/1871/624 183/1872/624
f 185/1873/625 192/1874/625 186/1875/625
f 187/1876/626 186/1877/626 188/1878/626
f 189/1879/627 188/1880/627 190/1881/627
f 191/1882/628 190/1883/628 192/1884/628
f 188/1885/629 186/1886/629 192/1887/629
f 187/1888/630 189/1889/630 191/1890/630
f 193/1891/631 200/1892/631 194/1893/631
f 196/1894/632 193/1895/632 195/1896/632
f 196/1897/633 197/1898/633 198/1899/633
f 200/1900/634 199/1901/634 198/1902/634
f 197/1903/635 195/1904/635 194/1905/635
f 200/1906/636 193/1907/636 196/1908/636
f 201/1909/637 208/1910/637 202/1911/637
f 203/1912/638 202/1913/638 204/1914/638
f 206/1915/639 205/1916/639 204/1917/639
f 206/1918/640 207/1919/640 208/1920/640
f 204/1921/641 202/1922/641 208/1923/641
f 203/1924/642 205/1925/642 206/1926/642
f 209/1927/643 216/1928/643 210/1929/643
f 211/1930/644 210/1931/644 212/1932/644
f 214/1933/645 213/1934/645 212/1935/645
f 209/1936/646 214/1937/646 215/1938/646
f 212/1939/647 210/1940/647 216/1941/647
f 211/1942/648 213/1943/648 214/1944/648
f 217/1945/649 224/1946/649 218/1947/649
f 219/1948/650 218/1949/650 220/1950/650
f 221/1951/651 220/1952/651 222/1953/651
f 223/1954/652 222/1955/652 224/1956/652
f 220/1957/653 218/1958/653 224/1959/653
f 219/1960/654 221/1961/654 223/1962/654
f 225/1963/655 232/1964/655 226/1965/655
f 227/1966/656 226/1967/656 228/1968/656
f 229/1969/657 228/1970/657 230/1971/657
f 231/1972/658 230/1973/658 232/1974/658
f 228/1975/659 226/1976/659 232/1977/659
f 227/1978/660 229/1979/660 231/1980/660
f 233/1981/661 240/1982/661 234/1983/661
f 235/1984/662 234/1985/662 236/1986/662
f 237/1987/663 236/1988/663 238/1989/663
f 239/1990/664 238/1991/664 240/1992/664
f 236/1993/665 234/1994/665 240/1995/665
f 235/1996/666 237/1997/666 239/1998/666
f 241/1999/667 248/2000/667 242/2001/667
f 243/2002/668 242/2003/668 244/2004/668
f 245/2005/669 244/2006/669 246/2007/669
f 247/2008/670 246/2009/670 248/2010/670
f 244/2011/671 242/2012/671 248/2013/671
f 243/2014/672 245/2015/672 247/2016/672
f 249/2017/673 256/2018/673 250/2019/673
f 251/2020/674 250/2021/674 252/2022/674
f 253/2023/675 252/2024/675 254/2025/675
f 255/2026/676 254/2027/676 256/2028/676
f 252/2029/677 250/2030/677 256/2031/677
f 251/2032/678 253/2033/678 255/2034/678
f 257/2035/679 264/2036/679 258/2037/679
f 259/2038/680 258/2039/680 260/2040/680
f 261/2041/681 260/2042/681 262/2043/681
f 257/2044/682 263/2045/682 262/2046/682
f 260/2047/683 258/2048/683 264/2049/683
f 259/2050/684 261/2051/684 263/2052/684
f 265/2053/685 272/2054/685 266/2055/685
f 267/2056/686 266/2057/686 268/2058/686
f 269/2059/687 268/2060/687 270/2061/687
f 271/2062/688 270/2063/688 272/2064/688
f 268/2065/689 266/2066/689 272/2067/689
f 267/2068/690 269/2069/690 271/2070/690
f 273/2071/691 280/2072/691 274/2073/691
f 275/2074/692 274/2075/692 276/2076/692
f 277/2077/693 276/2078/693 278/2079/693
f 279/2080/694 278/2081/694 280/2082/694
f 276/2083/695 274/2084/695 280/2085/695
f 275/2086/696 277/2087/696 279/2088/696
f 281/2089/697 288/2090/697 282/2091/697
f 283/2092/698 282/2093/698 284/2094/698
f 285/2095/699 284/2096/699 286/2097/699
f 287/2098/700 286/2099/700 288/2100/700
f 284/2101/701 282/2102/701 288/2103/701
f 281/2104/702 283/2105/702 285/2106/702
f 289/2107/703 296/2108/703 290/2109/703
f 291/2110/704 290/2111/704 292/2112/704
f 293/2113/705 292/2114/705 294/2115/705
f 295/2116/706 294/2117/706 296/2118/706
f 292/2119/707 290/2120/707 296/2121/707
f 291/2122/708 293/2123/708 295/2124/708
f 297/2125/709 304/2126/709 298/2127/709
f 299/2128/710 298/2129/710 300/2130/710
f 301/2131/711 300/2132/711 302/2133/711
f 303/2134/712 302/2135/712 304/2136/712
f 302/2137/713 300/2138/713 298/2139/713
f 299/2140/714 301/2141/714 303/2142/714
f 305/2143/715 312/2144/715 306/2145/715
f 307/2146/716 306/2147/716 308/2148/716
f 309/2149/717 308/2150/717 310/2151/717
f 311/2152/718 310/2153/718 312/2154/718
f 308/2155/719 306/2156/719 312/2157/719
f 307/2158/720 309/2159/720 311/2160/720
f 313/2161/721 320/2162/721 314/2163/721
f 315/2164/722 314/2165/722 316/2166/722
f 317/2167/723 316/2168/723 318/2169/723
f 319/2170/724 318/2171/724 320/2172/724
f 316/2173/725 314/2174/725 320/2175/725
f 315/2176/726 317/2177/726 319/2178/726
f 321/2179/727 328/2180/727 322/2181/727
f 323/2182/728 322/2183/728 324/2184/728
f 325/2185/729 324/2186/729 326/2187/729
f 327/2188/730 326/2189/730 328/2190/730
f 324/2191/731 322/2192/731 328/2193/731
f 323/2194/732 325/2195/732 327/2196/732
f 329/2197/733 336/2198/733 330/2199/733
f 332/2200/734 331/2201/734 330/2202/734
f 332/2203/735 333/2204/735 334/2205/735
f 335/2206/736 334/2207/736 336/2208/736
f 333/2209/737 330/2210/737 336/2211/737
f 331/2212/738 332/2213/738 335/2214/738
f 337/2215/739 344/2216/739 338/2217/739
f 340/2218/740 339/2219/740 338/2220/740
f 340/2221/741 341/2222/741 342/2223/741
f 343/2224/742 342/2225/742 344/2226/742
f 342/2227/743 341/2228/743 338/2229/743
f 337/2230/744 339/2231/744 340/2232/744
f 345/2233/745 352/2234/745 346/2235/745
f 348/2236/746 347/2237/746 346/2238/746
f 350/2239/747 348/2240/747 349/2241/747
f 345/2242/748 350/2243/748 351/2244/748
f 351/2245/749 349/2246/749 346/2247/749
f 345/2248/750 347/2249/750 348/2250/750
f 353/2251/751 360/2252/751 354/2253/751
f 355/2254/752 354/2255/752 356/2256/752
f 357/2257/753 356/2258/753 358/2259/753
f 359/2260/754 358/2261/754 360/2262/754
f 358/2263/755 356/2264/755 354/2265/755
f 355/2266/756 357/2267/756 359/2268/756
f 361/2269/757 368/2270/757 362/2271/757
f 363/2272/758 362/2273/758 364/2274/758
f 366/2275/759 365/2276/759 364/2277/759
f 361/2278/760 366/2279/760 367/2280/760
f 364/2281/761 362/2282/761 368/2283/761
f 361/2284/762 363/2285/762 365/2286/762
f 369/2287/763 376/2288/763 370/2289/763
f 371/2290/764 370/2291/764 372/2292/764
f 373/2293/765 372/2294/765 374/2295/765
f 375/2296/766 374/2297/766 376/2298/766
f 372/2299/767 370/2300/767 376/2301/767
f 371/2302/768 373/2303/768 375/2304/768
f 377/2305/769 384/2306/769 378/2307/769
f 380/2308/770 377/2309/770 379/2310/770
f 380/2311/771 381/2312/771 382/2313/771
f 384/2314/772 383/2315/772 382/2316/772
f 382/2317/773 381/2318/773 379/2319/773
f 377/2320/774 380/2321/774 383/2322/774
f 385/2323/775 392/2324/775 386/2325/775
f 388/2326/776 385/2327/776 387/2328/776
f 390/2329/777 388/2330/777 389/2331/777
f 390/2332/778 391/2333/778 386/2334/778
f 389/2335/779 387/2336/779 386/2337/779
f 385/2338/780 388/2339/780 390/2340/780
f 393/2341/781 400/2342/781 394/2343/781
f 393/2344/782 395/2345/782 396/2346/782
f 398/2347/783 397/2348/783 396/2349/783
f 400/2350/784 398/2351/784 399/2352/784
f 396/2353/785 395/2354/785 394/2355/785
f 400/2356/786 393/2357/786 397/2358/786
f 401/2359/787 408/2360/787 402/2361/787
f 404/2362/788 403/2363/788 402/2364/788
f 404/2365/789 405/2366/789 406/2367/789
f 407/2368/790 406/2369/790 408/2370/790
f 405/2371/791 402/2372/791 408/2373/791
f 403/2374/792 404/2375/792 407/2376/792
f 409/2377/793 416/2378/793 410/2379/793
f 411/2380/794 410/2381/794 412/2382/794
f 414/2383/795 413/2384/795 412/2385/795
f 414/2386/796 415/2387/796 416/2388/796
f 412/2389/797 410/2390/797 416/2391/797
f 409/2392/798 411/2393/798 413/2394/798
f 417/2395/799 424/2396/799 418/2397/799
f 417/2398/800 419/2399/800 420/2400/800
f 421/2401/801 420/2402/801 422/2403/801
f 423/2404/802 422/2405/802 418/2406/802
f 422/2407/803 420/2408/803 419/2409/803
f 417/2410/804 421/2411/804 423/2412/804
f 425/2413/805 432/2414/805 426/2415/805
f 427/2416/806 426/2417/806 428/2418/806
f 429/2419/807 428/2420/807 430/2421/807
f 431/2422/808 430/2423/808 432/2424/808
f 428/2425/809 426/2426/809 432/2427/809
f 427/2428/810 429/2429/810 431/2430/810
f 433/2431/811 440/2432/811 434/2433/811
f 435/2434/812 434/2435/812 436/2436/812
f 437/2437/813 436/2438/813 438/2439/813
f 439/2440/814 438/2441/814 440/2442/814
f 438/2443/815 436/2444/815 434/2445/815
f 435/2446/816 437/2447/816 439/2448/816
f 441/2449/817 448/2450/817 442/2451/817
f 443/2452/818 442/2453/818 444/2454/818
f 445/2455/819 444/2456/819 446/2457/819
f 447/2458/820 446/2459/820 448/2460/820
f 444/2461/821 442/2462/821 448/2463/821
f 443/2464/822 445/2465/822 447/2466/822
f 449/2467/823 456/2468/823 450/2469/823
f 449/2470/824 451/2471/824 452/2472/824
f 453/2473/825 452/2474/825 454/2475/825
f 455/2476/826 454/2477/826 450/2478/826
f 452/2479/827 451/2480/827 450/2481/827
f 449/2482/828 453/2483/828 455/2484/828
f 457/2485/829 464/2486/829 458/2487/829
f 460/2488/830 459/2489/830 458/2490/830
f 462/2491/831 460/2492/831 461/2493/831
f 462/2494/832 463/2495/832 464/2496/832
f 463/2497/833 461/2498/833 458/2499/833
f 459/2500/834 460/2501/834 462/2502/834
f 465/2503/835 472/2504/835 466/2505/835
f 467/2506/836 466/2507/836 468/2508/836
f 469/2509/837 468/2510/837 470/2511/837
f 471/2512/838 470/2513/838 472/2514/838
f 470/2515/839 468/2516/839 466/2517/839
f 465/2518/840 467/2519/840 469/2520/840
f 473/2521/841 480/2522/841 474/2523/841
f 475/2524/842 474/2525/842 476/2526/842
f 477/2527/843 476/2528/843 478/2529/843
f 479/2530/844 478/2531/844 480/2532/844
f 476/2533/845 474/2534/845 480/2535/845
f 473/2536/846 475/2537/846 477/2538/846
f 481/2539/847 488/2540/847 482/2541/847
f 483/2542/848 482/2543/848 484/2544/848
f 486/2545/849 485/2546/849 484/2547/849
f 481/2548/850 486/2549/850 487/2550/850
f 484/2551/851 482/2552/851 488/2553/851
f 483/2554/852 485/2555/852 486/2556/852
f 489/2557/853 496/2558/853 490/2559/853
f 491/2560/854 490/2561/854 492/2562/854
f 493/2563/855 492/2564/855 494/2565/855
f 495/2566/856 494/2567/856 496/2568/856
f 492/2569/857 490/2570/857 496/2571/857
f 491/2572/858 493/2573/858 495/2574/858
f 497/2575/859 504/2576/859 498/2577/859
f 497/2578/860 499/2579/860 500/2580/860
f 501/2581/861 500/2582/861 502/2583/861
f 504/2584/862 503/2585/862 502/2586/862
f 502/2587/863 500/2588/863 499/2589/863
f 497/2590/864 501/2591/864 503/2592/864
f 505/2593/865 512/2594/865 506/2595/865
f 507/2596/866 506/2597/866 508/2598/866
f 509/2599/867 508/2600/867 510/2601/867
f 511/2602/868 510/2603/868 512/2604/868
f 508/2605/869 506/2606/869 512/2607/869
f 507/2608/870 509/2609/870 511/2610/870
f 513/2611/871 520/2612/871 514/2613/871
f 513/2614/872 515/2615/872 516/2616/872
f 517/2617/873 516/2618/873 518/2619/873
f 520/2620/874 519/2621/874 518/2622/874
f 516/2623/875 515/2624/875 514/2625/875
f 520/2626/876 513/2627/876 517/2628/876
f 521/2629/877 528/2630/877 522/2631/877
f 521/2632/878 523/2633/878 524/2634/878
f 526/2635/879 525/2636/879 524/2637/879
f 528/2638/880 526/2639/880 527/2640/880
f 527/2641/881 524/2642/881 523/2643/881
f 521/2644/882 525/2645/882 526/2646/882
f 529/2647/883 536/2648/883 530/2649/883
f 531/2650/884 530/2651/884 532/2652/884
f 533/2653/885 532/2654/885 534/2655/885
f 535/2656/886 534/2657/886 536/2658/886
f 532/2659/887 530/2660/887 536/2661/887
f 531/2662/888 533/2663/888 535/2664/888
f 537/2665/889 544/2666/889 538/2667/889
f 539/2668/890 538/2669/890 540/2670/890
f 541/2671/891 540/2672/891 542/2673/891
f 537/2674/892 543/2675/892 542/2676/892
f 540/2677/893 538/2678/893 544/2679/893
f 539/2680/894 541/2681/894 543/2682/894
f 545/2683/895 552/2684/895 546/2685/895
f 548/2686/896 547/2687/896 546/2688/896
f 548/2689/897 549/2690/897 550/2691/897
f 551/2692/898 550/2693/898 552/2694/898
f 550/2695/899 549/2696/899 546/2697/899
f 547/2698/900 548/2699/900 551/2700/900
f 553/2701/901 560/2702/901 554/2703/901
f 555/2704/902 554/2705/902 556/2706/902
f 557/2707/903 556/2708/903 558/2709/903
f 559/2710/904 558/2711/904 560/2712/904
f 556/2713/905 554/2714/905 560/2715/905
f 553/2716/906 555/2717/906 557/2718/906
f 561/2719/907 568/2720/907 562/2721/907
f 563/2722/908 562/2723/908 564/2724/908
f 566/2725/909 565/2726/909 564/2727/909
f 561/2728/910 566/2729/910 567/2730/910
f 567/2731/911 564/2732/911 562/2733/911
f 563/2734/912 565/2735/912 566/2736/912
f 569/2737/913 576/2738/913 570/2739/913
f 571/2740/914 570/2741/914 572/2742/914
f 573/2743/915 572/2744/915 574/2745/915
f 575/2746/916 574/2747/916 576/2748/916
f 574/2749/917 572/2750/917 570/2751/917
f 569/2752/918 571/2753/918 573/2754/918
f 577/2755/919 584/2756/919 578/2757/919
f 579/2758/920 578/2759/920 580/2760/920
f 581/2761/921 580/2762/921 582/2763/921
f 583/2764/922 582/2765/922 584/2766/922
f 580/2767/923 578/2768/923 584/2769/923
f 577/2770/924 579/2771/924 581/2772/924
f 585/2773/925 592/2774/925 586/2775/925
f 587/2776/926 586/2777/926 588/2778/926
f 589/2779/927 588/2780/927 590/2781/927
f 585/2782/928 591/2783/928 590/2784/928
f 590/2785/929 588/2786/929 586/2787/929
f 587/2788/930 589/2789/930 591/2790/930
f 593/2791/931 600/2792/931 594/2793/931
f 596/2794/932 595/2795/932 594/2796/932
f 596/2797/933 597/2798/933 598/2799/933
f 599/2800/934 598/2801/934 600/2802/934
f 598/2803/935 597/2804/935 594/2805/935
f 595/2806/936 596/2807/936 599/2808/936
f 601/2809/937 608/2810/937 602/2811/937
f 603/2812/938 602/2813/938 604/2814/938
f 605/2815/939 604/2816/939 606/2817/939
f 607/2818/940 606/2819/940 608/2820/940
f 606/2821/941 604/2822/941 602/2823/941
f 603/2824/942 605/2825/942 607/2826/942
f 609/2827/943 616/2828/943 610/2829/943
f 609/2830/944 611/2831/944 612/2832/944
f 613/2833/945 612/2834/945 614/2835/945
f 616/2836/946 615/2837/946 614/2838/946
f 612/2839/947 611/2840/947 610/2841/947
f 609/2842/948 613/2843/948 615/2844/948
f 617/2845/949 624/2846/949 618/2847/949
f 619/2848/950 618/2849/950 620/2850/950
f 622/2851/951 621/2852/951 620/2853/951
f 622/2854/952 623/2855/952 624/2856/952
f 620/2857/953 618/2858/953 624/2859/953
f 619/2860/954 621/2861/954 622/2862/954
f 625/2863/955 632/2864/955 626/2865/955
f 627/2866/956 626/2867/956 628/2868/956
f 629/2869/957 628/2870/957 630/2871/957
f 631/2872/958 630/2873/958 632/2874/958
f 628/2875/959 626/2876/959 632/2877/959
f 627/2878/960 629/2879/960 631/2880/960
f 633/2881/961 640/2882/961 634/2883/961
f 636/2884/962 635/2885/962 634/2886/962
f 636/2887/963 637/2888/963 638/2889/963
f 639/2890/964 638/2891/964 640/2892/964
f 637/2893/965 634/2894/965 640/2895/965
f 635/2896/966 636/2897/966 639/2898/966
f 641/2899/967 648/2900/967 642/2901/967
f 643/2902/968 642/2903/968 644/2904/968
f 645/2905/969 644/2906/969 646/2907/969
f 641/2908/970 647/2909/970 646/2910/970
f 644/2911/971 642/2912/971 648/2913/971
f 643/2914/972 645/2915/972 647/2916/972
