# Made in Blockbench 5.1.6
mtllib hazard_kit.mtl

o plane
v -0.22187500000000002 0.9062500000000001 0.15000000000000005
v 0.30273255328688775 1.7163635232340002 -0.1274708864545514
v 0.30180711506803015 1.3169283055304613 -0.2015634834007338
v -0.22397253017593916 1.7301881000906887 -0.19542085797146977
v -0.22489796839479675 1.3307528823871497 -0.2695134549176521
v 0.29516110746742913 1.6291003262569768 -0.16749130873698317
v 0.2062773242013106 1.21295055726491 -0.2691047568634545
v 0.27071363906975765 1.6343272583279644 -0.16751298983781704
v 0.18182985580363914 1.2181774893358979 -0.2691264379642882
v -0.047520231475365944 1.3813110106993347 -0.1891089591976223
v -0.05340834505650259 1.3888450429643167 -0.2823700495637865
v -0.022290806071692537 1.1648599980634253 -0.20818768354412864
v -0.028178919652829145 1.1723940303284075 -0.30144877391029284
v -0.20241697184935872 1.362528066559191 -0.1808467965908869
v -0.2083050854304953 1.3700620988241734 -0.274107886957051
v -0.17718754644568535 1.146077053923282 -0.1999255209373931
v -0.18307566002682193 1.1536110861882642 -0.29318661130355733
v 0.40619761480630223 1.1031250000000001 0.003628177856348336
v 0.38320321200969637 1.1031250000000001 -0.19819110532795844
v 0.4061976148063023 0.8375000000000001 0.003628177856348336
v 0.38320321200969637 0.8375 -0.19819110532795842
v 0.3130502533366223 1.1031250000000001 0.014240979147089605
v 0.29005585054001626 1.1031250000000001 -0.1875783040372172
v 0.3130502533366224 0.8375000000000001 0.014240979147089577
v 0.2900558505400163 0.8375 -0.18757830403721718
v 0.09910444575691629 1.3927798170428123 -0.21639278348509813
v 0.09910444531997774 1.145366969902352 -0.25226593597900604
v -0.27589555424308365 1.39277981877425 -0.2163927908590772
v -0.27589555468002225 1.1453669716337895 -0.2522659433529852
v -0.2430997773735986 1.1414550596765323 -0.1864641051331995
v -0.28591244645174296 1.139181948174329 -0.14098709632101125
v -0.2885611352323271 1.1471082380467812 -0.22897947313060463
v -0.33137380431047153 1.1448351265445782 -0.18350246431841627
v -0.2559355750172275 0.8304436234554224 -0.21409341635396995
v -0.2987482440953719 0.8281705119532191 -0.16861640754178164
v -0.301396932875956 0.8360968018256711 -0.256608784351375
v -0.3442096019541004 0.8338236903234677 -0.21113177553918677
v -0.2618500302311201 1.1544447091332486 -0.11241729860446133
v -0.3046627025682655 1.1561438293200872 -0.06691523186081874
v -0.30731138502039823 1.1563709176217152 -0.155263592978448
v -0.3501240573575437 1.1580700378085536 -0.10976152623480553
v -0.27468582790363405 0.8422087121914469 -0.11283504478256205
v -0.3174985002407794 0.8439078323782853 -0.06733297803891947
v -0.3201471826929123 0.8441349206799132 -0.1556813391565488
v -0.3629598550300578 0.8458340408667516 -0.11017927241290619
v 0.11876132685496 1.27847971204984 -0.3214988529772939
v 0.1273960309133029 1.3986345663228186 -0.2881334085704816
v 0.11882200309048058 1.2801478514251565 -0.3275218198059393
v 0.12745670714882343 1.4003027056981348 -0.29415637539912715
v -0.005934179253327874 1.287124676158903 -0.32036071768175434
v 0.0027005248050149897 1.4072795304318815 -0.2869952732749421
v -0.005873503017807335 1.288792815534219 -0.3263836845103998
v 0.0027612010405355415 1.4089476698071979 -0.2930182401035877
v 0.14151552610606133 1.3605671907785521 -0.16810928235602307
v 0.14151552233773798 1.3768829702657015 -0.2920398893089735
v 0.12407640268796193 1.1133097546090427 -0.2006613519260122
v 0.12407639891963854 1.129625534096192 -0.32459195887896264
v -0.0143538565292985 1.3713733959148804 -0.16668661323659884
v -0.014353860297621906 1.3876891754020302 -0.2906172201895492
v -0.031792979947397944 1.1241159597453714 -0.19923868280658774
v -0.03179298371572135 1.1404317392325212 -0.3231692897595381
v 0.12618252482626124 1.3652720895022128 -0.16767439148196422
v 0.127396049536672 1.3986348770085386 -0.2881337280548716
v 0.1257507896233441 1.3592643467885637 -0.16934266370230486
v 0.12696431433375488 1.3926271342948897 -0.28980200027521225
v 0.0014870187179733642 1.373917053611276 -0.16653625618642473
v 0.0027005434283841126 1.4072798411176015 -0.2869955927593321
v 0.0010552835150562313 1.3679093108976268 -0.16820452840676536
v 0.0022688082254669574 1.4012720984039526 -0.2886638649796726
v 0.25 1.2500000000000002 -0.16249999999999998
v 0.25 1.2500000000000002 -0.2249999999999999
v 0.25 0.83125 -0.16249999999999995
v 0.25000000000000006 0.83125 -0.2249999999999999
v -0.25000000000000006 1.2500000000000004 -0.16249999999999992
v -0.25 1.2500000000000004 -0.2249999999999999
v -0.25000000000000006 0.83125 -0.16249999999999998
v -0.25 0.8312500000000002 -0.22499999999999998
v 0.25 1.25 0.2125000000000001
v 0.25 1.2500000000000002 0.1500000000000001
v 0.24999999999999997 0.8625 0.21250000000000016
v 0.24999999999999997 0.8625000000000002 0.15000000000000005
v -0.25000000000000006 1.2500000000000004 0.21250000000000005
v -0.25000000000000006 1.2500000000000004 0.15000000000000005
v -0.25000000000000006 0.8625000000000002 0.21250000000000005
v -0.25000000000000006 0.8625 0.1500000000000001
v 0.20312500000000006 1.4375000000000002 0.15000000000000005
v 0.20312500000000003 1.4375000000000002 0.10624999999999998
v 0.20312500000000006 0.9 0.15000000000000005
v 0.20312500000000003 0.9 0.10625000000000004
v -0.203125 1.4375000000000002 0.15
v -0.203125 1.4375 0.10625000000000004
v -0.20312499999999997 0.9000000000000001 0.15
v -0.203125 0.9000000000000001 0.1062500000000001
v 0.20312500000000003 1.403450889832985 -0.11151408593142081
v 0.20312499999999997 1.40519586466811 -0.1614836272823756
v 0.203125 0.8975092836545674 -0.1291819561370619
v 0.20312500000000003 0.8992542584896925 -0.17915149748801676
v -0.20312500000000003 1.4034508898329847 -0.11151408593142079
v -0.20312500000000003 1.4051958646681098 -0.16148362728237564
v -0.203125 0.8975092836545675 -0.1291819561370619
v -0.203125 0.8992542584896926 -0.17915149748801676
v 0.18750000000000003 1.4373828369752375 -0.12048961372297426
v 0.18750000000000003 1.4503773176513475 -0.18162383876883703
v 0.1875 1.2356398943238902 -0.16337139995413708
v 0.18750000000000003 1.2486343750000004 -0.2245056249999999
v -0.18750000000000006 1.4373828369752373 -0.12048961372297431
v -0.18750000000000006 1.4503773176513475 -0.1816238387688371
v -0.18750000000000003 1.23563989432389 -0.16337139995413708
v -0.18750000000000006 1.2486343750000002 -0.22450562499999993
v 0.18750000000000003 1.4587417399750968 0.19532985543151324
v 0.18750000000000003 1.454381960366089 0.1329821022902742
v 0.1875 1.2405246039807603 0.21058908406304064
v 0.18750000000000006 1.2361648243717525 0.1482413309218016
v -0.18750000000000003 1.4587417399750966 0.19532985543151318
v -0.18750000000000003 1.4543819603660888 0.13298210229027416
v -0.18750000000000006 1.2405246039807603 0.21058908406304058
v -0.1875 1.2361648243717525 0.1482413309218016
v -0.21031636856028357 1.5864312942808512 0.1610838403205432
v -0.20596536234547527 1.5829432594262238 0.11139578986802898
v -0.1106084437233198 1.239487648984303 0.1941698904481919
v -0.10625743750851149 1.2359996141296756 0.14448183999567757
v -0.3479543854215214 1.5459968976534377 0.15186980841900125
v -0.3436033792067132 1.5425088627988106 0.10218175796648701
v -0.24824646058455765 1.1990532523568898 0.18495585854664978
v -0.2438954543697494 1.1955652175022624 0.13526780809413555
v -0.21600336458145306 1.6073169544796153 0.05687468802115972
v -0.19797334129479724 1.5488380880304147 0.044170734341332646
v -0.21628327812123455 1.5860057790293187 0.15457707002557589
v -0.19825325483457876 1.5275269125801183 0.14187311634574887
v -0.3416728400120074 1.5703985299844052 0.04846187768211346
v -0.32364281672535156 1.5119196635352044 0.03575792400228636
v -0.34195275355178895 1.5490873545341086 0.14616425968652955
v -0.3239227302651331 1.4906084880849078 0.13346030600670253
v -0.18883812355395452 1.5517966966037051 0.07960461402488048
v -0.20636173304336627 1.6167591468619782 0.0654849232738762
v -0.17812912275705642 1.537459298410222 0.00034984246522290485
v -0.19565273224646812 1.602421748668495 -0.013769848285781372
v -0.33851711051454353 1.50871872607256 0.06717272690467072
v -0.35604072000395515 1.5736811763308334 0.05305303615366644
v -0.3278081097176454 1.4943813278790772 -0.012082044654986912
v -0.34533171920705713 1.55934377813735 -0.026201735405991217
v -0.17236273771257282 1.529739160921423 -0.042325803759208414
v -0.18988634720198452 1.594701611179696 -0.05644549451021269
v -0.16165373691567472 1.5154017627279401 -0.12158057531886599
v -0.17917734640508645 1.580364212986213 -0.13570026606987023
v -0.3220417246731617 1.486661190390278 -0.05475769087941823
v -0.3395653341625735 1.551623640648551 -0.06887738163042254
v -0.3113327238762637 1.4723237921967949 -0.13401246243907583
v -0.3288563333656754 1.537286242455068 -0.14813215319008008
v -0.1999886732187325 1.5472475821770995 0.07251354216605935
v -0.21591922730001595 1.6063043551391658 0.0596774596651464
v -0.17527559445666 1.5141612786536767 -0.11038208451007392
v -0.19120614853794335 1.573218051615743 -0.12321816701098688
v -0.32571902226562727 1.5110620869309375 0.0620707569850831
v -0.3416495763469106 1.570118859893004 0.04923467448417021
v -0.30100594350355475 1.4779757834075147 -0.12082486969105022
v -0.3169364975848381 1.537032556369581 -0.13366095219196314
v -0.1860340519241504 1.567187154750744 -0.08604003054052191
v -0.18508323868632476 1.5762334965330544 -0.12883398051647535
v -0.0608539906744329 1.1564879024751773 -0.17007767951886532
v -0.059903177436607176 1.1655342442574874 -0.21287162949481878
v -0.3237387248065948 1.5275554685761792 -0.09747746982122613
v -0.32278791156876907 1.5366018103584893 -0.1402714197971796
v -0.19855866355687726 1.1168562163006122 -0.18151511879956955
v -0.19760785031905154 1.1259025580829225 -0.224309068775523
v 0.34795438542152135 1.5459968976534377 0.15186980841900125
v 0.3436033792067132 1.5425088627988106 0.10218175796648696
v 0.24824646058455757 1.1990532523568898 0.18495585854664984
v 0.24389545436974933 1.1955652175022624 0.1352678080941355
v 0.21031636856028352 1.5864312942808512 0.1610838403205432
v 0.20596536234547524 1.582943259426224 0.11139578986802903
v 0.1106084437233197 1.239487648984303 0.1941698904481919
v 0.10625743750851148 1.2359996141296758 0.14448183999567762
v 0.34167284001200743 1.570398529984405 0.04846187768211335
v 0.32364281672535145 1.5119196635352044 0.03575792400228639
v 0.3419527535517888 1.5490873545341086 0.14616425968652955
v 0.323922730265133 1.4906084880849078 0.13346030600670253
v 0.216003364581453 1.6073169544796153 0.056874688021159775
v 0.19797334129479724 1.5488380880304147 0.044170734341332646
v 0.21628327812123455 1.5860057790293187 0.15457707002557589
v 0.1982532548345787 1.527526912580118 0.1418731163457488
v 0.33851711051454336 1.50871872607256 0.06717272690467066
v 0.3560407200039551 1.5736811763308332 0.05305303615366644
v 0.3278081097176453 1.494381327879077 -0.012082044654986857
v 0.3453317192070571 1.5593437781373503 -0.02620173540599119
v 0.18883812355395446 1.5517966966037051 0.07960461402488053
v 0.20636173304336616 1.6167591468619782 0.0654849232738762
v 0.17812912275705636 1.5374592984102218 0.00034984246522284934
v 0.1956527322464681 1.6024217486684948 -0.0137698482857814
v 0.3257190222656272 1.5110620869309377 0.06207075698508316
v 0.3416495763469106 1.570118859893004 0.04923467448417021
v 0.3010059435035547 1.4779757834075147 -0.1208248696910502
v 0.31693649758483805 1.5370325563695812 -0.1336609521919631
v 0.1999886732187325 1.5472475821770995 0.07251354216605935
v 0.21591922730001586 1.606304355139166 0.0596774596651464
v 0.17527559445665997 1.5141612786536764 -0.11038208451007388
v 0.19120614853794335 1.573218051615743 -0.12321816701098684
v 0.3220417246731618 1.4866611903902782 -0.054757690879418175
v 0.3395653341625735 1.551623640648551 -0.06887738163042248
v 0.31133272387626365 1.4723237921967949 -0.13401246243907583
v 0.32885633336567544 1.5372862424550677 -0.1481321531900801
v 0.17236273771257274 1.5297391609214233 -0.042325803759208386
v 0.18988634720198447 1.5947016111796963 -0.056445494510212746
v 0.16165373691567472 1.51540176272794 -0.12158057531886604
v 0.17917734640508642 1.580364212986213 -0.13570026606987023
v 0.32373872480659477 1.5275554685761792 -0.09747746982122615
v 0.32278791156876907 1.5366018103584893 -0.14027141979717958
v 0.19855866355687724 1.1168562163006122 -0.18151511879956955
v 0.1976078503190515 1.1259025580829225 -0.22430906877552295
v 0.18603405192415043 1.567187154750744 -0.08604003054052191
v 0.1850832386863247 1.5762334965330544 -0.12883398051647538
v 0.06085399067443289 1.1564879024751773 -0.17007767951886527
v 0.05990317743660717 1.1655342442574874 -0.2128716294948187
v -0.2772361696086432 1.1250000000000002 0.10193584315367057
v -0.2502723616960864 1.1250000000000002 -0.2062618915684632
v -0.2772361696086432 0.8750000000000001 0.10193584315367057
v -0.2502723616960864 0.8750000000000002 -0.20626189156846322
v -0.31459347078708366 1.125 0.09866750280063338
v -0.2876296628745269 1.1250000000000002 -0.2095302319215004
v -0.31459347078708366 0.8750000000000002 0.09866750280063338
v -0.28762966287452685 0.8750000000000001 -0.20953023192150044
v 0.3145934707870837 1.1250000000000002 0.09866750280063338
v 0.28762966287452685 1.1250000000000002 -0.2095302319215004
v 0.31459347078708366 0.8750000000000002 0.09866750280063338
v 0.28762966287452685 0.875 -0.20953023192150044
v 0.2772361696086432 1.1250000000000004 0.10193584315367057
v 0.2502723616960864 1.1250000000000002 -0.20626189156846322
v 0.27723616960864317 0.875 0.10193584315367057
v 0.2502723616960864 0.8750000000000001 -0.20626189156846325
v -0.21655260636174334 1.1250000000000002 0.19011494854229974
v -0.279644375 1.1250000000000002 0.07860062500000012
v -0.21655260636174328 0.8750000000000001 0.19011494854229974
v -0.279644375 0.8750000000000001 0.07860062500000001
v -0.24919094495948954 1.1250000000000002 0.2085808320461797
v -0.31228271359774634 1.1250000000000002 0.09706650850388013
v -0.24919094495948957 0.8750000000000001 0.20858083204617964
v -0.31228271359774634 0.8750000000000001 0.09706650850388007
v 0.2491909449594895 1.1250000000000002 0.20858083204617975
v 0.3122827135977463 1.1250000000000002 0.09706650850388018
v 0.2491909449594895 0.8750000000000001 0.2085808320461798
v 0.31228271359774623 0.8750000000000001 0.09706650850388007
v 0.21655260636174328 1.1250000000000002 0.19011494854229974
v 0.279644375 1.125 0.07860062500000012
v 0.21655260636174334 0.875 0.19011494854229963
v 0.27964437500000006 0.8750000000000002 0.07860062500000012
v -0.22187500000000007 1.0937500000000002 0.1500000000000001
v -0.22187500000000002 1.0937500000000002 -0.16249999999999995
v -0.22187500000000002 0.90625 -0.1625
v -0.27812500000000007 1.0937500000000004 0.15000000000000005
v -0.2781250000000001 1.0937500000000002 -0.16249999999999998
v -0.278125 0.9062500000000001 0.15000000000000005
v -0.278125 0.9062500000000001 -0.1625
v 0.278125 1.09375 0.1500000000000001
v 0.278125 1.09375 -0.16249999999999998
v 0.27812500000000007 0.9062500000000001 0.15
v 0.27812500000000007 0.9062500000000001 -0.16249999999999998
v 0.221875 1.09375 0.1500000000000001
v 0.22187500000000002 1.09375 -0.16249999999999998
v 0.22187500000000002 0.9062500000000001 0.15
v 0.22187500000000002 0.9062500000000001 -0.16249999999999998
v 0.14062500000000003 1.2500000000000004 -0.22499999999999992
v 0.140625 1.2500000000000002 -0.23124999999999996
v 0.14062500000000006 1.1875000000000004 -0.22499999999999995
v 0.14062500000000003 1.1875000000000002 -0.23124999999999993
v -0.14062500000000003 1.2500000000000004 -0.22499999999999992
v -0.14062500000000006 1.2500000000000002 -0.23124999999999996
v -0.140625 1.1875000000000004 -0.22499999999999998
v -0.14062500000000006 1.1875000000000002 -0.23124999999999996
v 0.09374999999999999 1.3205775137935698 -0.20640524335769547
v 0.09375000000000001 1.3218769618611808 -0.2125186658622818
v 0.09374999999999999 1.2594432887477067 -0.21939972403380542
v 0.09375000000000001 1.2607427368153177 -0.22551314653839177
v -0.09375000000000001 1.32057751379357 -0.20640524335769544
v -0.09375 1.321876961861181 -0.21251866586228177
v -0.09375 1.259443288747707 -0.21939972403380542
v -0.09375000000000003 1.260742736815318 -0.22551314653839175
v 0.09375000000000001 1.387825161344019 -0.19211131461397454
v 0.09375 1.3891246094116299 -0.19822473711856078
v 0.09375 1.3266909362981563 -0.20510579529008446
v 0.09375000000000001 1.3279903843657672 -0.2112192177946707
v -0.09375000000000004 1.3878251613440191 -0.19211131461397454
v -0.09375000000000004 1.38912460941163 -0.19822473711856076
v -0.09375000000000004 1.3266909362981565 -0.20510579529008446
v -0.09375000000000004 1.3279903843657672 -0.21121921779467068
v 0.14062500000000003 1.1812500000000001 -0.2249999999999999
v 0.14062500000000003 1.18125 -0.23124999999999998
v 0.140625 1.1187500000000001 -0.22499999999999992
v 0.14062500000000003 1.11875 -0.23124999999999996
v -0.14062500000000003 1.1812500000000004 -0.22499999999999992
v -0.14062500000000006 1.1812500000000001 -0.23125
v -0.14062500000000003 1.1187500000000004 -0.22499999999999995
v -0.14062500000000003 1.11875 -0.23124999999999998
v 0.21875000000000003 1.1031250000000004 -0.22499999999999987
v 0.21875 1.1031250000000001 -0.23124999999999998
v 0.21875000000000003 0.8531249999999999 -0.22499999999999995
v 0.21875000000000003 0.8531250000000001 -0.23125
v -0.21875000000000003 1.1031250000000001 -0.22499999999999992
v -0.21875 1.103125 -0.23125
v -0.21875000000000006 0.853125 -0.22499999999999992
v -0.21875000000000003 0.853125 -0.23124999999999998
v -0.14687500000000006 1.1406250000000002 -0.2249999999999999
v -0.146875 1.140625 -0.24374999999999997
v -0.14687500000000006 1.0656249999999998 -0.22499999999999992
v -0.14687500000000006 1.0656249999999998 -0.24375
v -0.19687500000000002 1.1406250000000004 -0.22499999999999992
v -0.19687500000000002 1.1406250000000002 -0.24375
v -0.19687500000000005 1.065625 -0.22499999999999995
v -0.19687500000000002 1.0656249999999998 -0.24374999999999997
v 0.196875 1.1406250000000002 -0.2249999999999999
v 0.19687500000000005 1.140625 -0.24374999999999997
v 0.196875 1.065625 -0.22499999999999992
v 0.19687499999999997 1.0656249999999998 -0.24374999999999997
v 0.14687500000000003 1.1406250000000004 -0.22499999999999992
v 0.146875 1.1406250000000002 -0.24374999999999994
v 0.146875 1.065625 -0.2249999999999999
v 0.146875 1.0656249999999998 -0.2437499999999999
v 0.15624999999999997 1.2500000000000002 0.21875000000000008
v 0.15625 1.2500000000000002 0.21250000000000016
v 0.15625000000000003 1.1875000000000002 0.21875000000000003
v 0.15624999999999997 1.1875000000000002 0.2125000000000001
v -0.15625000000000003 1.2500000000000002 0.21875000000000008
v -0.15625 1.2500000000000002 0.21250000000000005
v -0.15625000000000003 1.1875000000000002 0.21875000000000008
v -0.15625000000000003 1.1875000000000002 0.2125000000000001
v 0.15625 1.3871650569107261 0.20290848486018284
v 0.15624999999999997 1.3867290789498252 0.19667370954605892
v 0.15624999999999997 1.324817303769487 0.2072682644691907
v 0.15624999999999994 1.3243813258085861 0.20103348915506677
v -0.15625000000000006 1.3871650569107261 0.20290848486018284
v -0.15625 1.3867290789498252 0.19667370954605892
v -0.15625 1.324817303769487 0.20726826446919064
v -0.15625000000000003 1.3243813258085861 0.20103348915506677
v 0.15625 1.3185825284553632 0.20770424243009142
v 0.15625000000000003 1.3181465504944625 0.2014694671159676
v 0.15625 1.256234775314124 0.21206402203909927
v 0.15625 1.2557987973532234 0.20582924672497535
v -0.15625000000000003 1.3185825284553632 0.20770424243009136
v -0.15625 1.3181465504944625 0.2014694671159675
v -0.15625000000000003 1.2562347753141243 0.21206402203909927
v -0.15625000000000003 1.2557987973532234 0.2058292467249754
v -0.11836582838174559 1.611404874351898 0.18250390979032197
v -0.17098480033194532 1.6399811796541035 0.05872633279764042
v -0.11836582838174554 1.440890113014482 0.14313747528014562
v -0.17098480033194538 1.4694664183166877 0.01935989828746401
v -0.18188254624189654 1.6054865277425543 0.2081390853443463
v -0.23450151819209633 1.6340628330447597 0.0843615083516647
v -0.18188254624189654 1.434971766405138 0.1687726508341699
v -0.23450151819209633 1.4635480717073437 0.04499507384148835
v 0.18188254624189648 1.6054865277425543 0.2081390853443463
v 0.2345015181920963 1.6340628330447597 0.0843615083516647
v 0.18188254624189648 1.434971766405138 0.16877265083416995
v 0.23450151819209625 1.4635480717073437 0.044995073841488376
v 0.1183658283817455 1.611404874351898 0.18250390979032202
v 0.17098480033194538 1.6399811796541037 0.05872633279764042
v 0.11836582838174549 1.440890113014482 0.14313747528014562
v 0.17098480033194535 1.4694664183166877 0.01935989828746404
v -0.1645549517422629 1.6537547917936786 0.05145679020146374
v -0.10909230067062405 1.6017403074390775 -0.19325211902219025
v -0.1645549517422629 1.4642386941515038 0.09173968029740462
v -0.10909230067062402 1.4122242097969024 -0.15296922892624934
v -0.2255734521872587 1.6509422714128155 0.038224922134132144
v -0.17011080111561988 1.5989277870582144 -0.20648398708952181
v -0.22557345218725877 1.4614261737706407 0.078507812230073
v -0.17011080111561985 1.4094116894160391 -0.16620109699358096
v 0.22557345218725872 1.6509422714128155 0.03822492213413217
v 0.17011080111561985 1.5989277870582141 -0.20648398708952187
v 0.22557345218725872 1.4614261737706409 0.078507812230073
v 0.17011080111561988 1.409411689416039 -0.16620109699358102
v 0.1645549517422629 1.6537547917936788 0.05145679020146385
v 0.10909230067062398 1.6017403074390772 -0.19325211902219022
v 0.1645549517422629 1.464238694151504 0.09173968029740473
v 0.109092300670624 1.4122242097969024 -0.15296922892624934
v 0.1375 1.611298442585606 0.21910951787581254
v 0.1375 1.6221514536897892 0.15755903331254958
v 0.13749999999999998 1.4266469888958169 0.18655048456326304
v 0.13749999999999998 1.4375 0.12500000000000008
v -0.13750000000000004 1.6112984425856063 0.2191095178758126
v -0.13750000000000004 1.6221514536897894 0.15755903331254953
v -0.1375 1.426646988895817 0.1865504845632631
v -0.13750000000000004 1.4375000000000002 0.12500000000000008
v 0.11875000000000001 1.6060812292843754 -0.16011548490211241
v 0.11875 1.6011787187548199 -0.21615143666977313
v 0.11874999999999998 1.4192947233921733 -0.1437737831369265
v 0.11874999999999998 1.4143922128626172 -0.1998097349045872
v -0.11875000000000004 1.6060812292843754 -0.16011548490211247
v -0.11875000000000004 1.6011787187548197 -0.2161514366697732
v -0.11875 1.419294723392173 -0.14377378313692651
v -0.11875000000000001 1.4143922128626172 -0.19980973490458723
v 0.18055312499999998 1.1676180516548187 -0.22489324724603124
v 0.18055312499999995 1.1401892585694404 -0.3660021548666329
v 0.18055312500000004 1.1492125419651749 -0.22131557858272105
v 0.180553125 1.1217837488797968 -0.3624244862033227
v 0.02430312500000001 1.1676180516548187 -0.2248932472460312
v 0.02430312499999999 1.1401892585694404 -0.3660021548666329
v 0.024303125000000005 1.1492125419651749 -0.22131557858272108
v 0.02430312500000001 1.1217837488797968 -0.3624244862033228
v 0.16805312500000003 0.9938875086277544 -0.3476588658029075
v 0.16805312500000003 1.1376320350682292 -0.34640442632501633
v 0.16805312500000005 0.9940511311683491 -0.36640815186036046
v 0.16805312500000003 1.1377956576088235 -0.3651537123824694
v 0.03680312500000001 0.9938875086277545 -0.3476588658029075
v 0.03680312500000001 1.1376320350682292 -0.3464044263250162
v 0.03680312500000001 0.9940511311683491 -0.36640815186036046
v 0.03680312500000001 1.1377956576088235 -0.3651537123824694
v 0.18055312500000004 1.1492125419651749 -0.22131557858272105
v 0.180553125 1.125361417543107 -0.3440189765136791
v 0.180553125 0.8424540471377802 -0.16168776752755082
v 0.18055312499999998 0.8186029227157121 -0.28439116545850873
v 0.024303125000000005 1.1492125419651749 -0.22131557858272108
v 0.02430312500000001 1.1253614175431073 -0.34401897651367896
v 0.02430312500000001 0.8424540471377802 -0.16168776752755082
v 0.024303125000000002 0.8186029227157122 -0.28439116545850873
v -0.0006968750000000193 0.9962051443756184 -0.3795822645740393
v -0.0006968750000000099 1.138376174733894 -0.35833466172415773
v -0.0006968750000000226 0.9989765708342986 -0.39812631201207505
v -0.0006968750000000273 1.141147601192574 -0.37687870916219346
v -0.131946875 0.9962051443756184 -0.3795822645740393
v -0.131946875 1.138376174733894 -0.35833466172415784
v -0.13194687500000005 0.9989765708342984 -0.39812631201207505
v -0.131946875 1.141147601192574 -0.37687870916219357
v 0.011803125000000001 1.1676180516548187 -0.22489324724603124
v 0.011803124999999984 1.1401892585694404 -0.3660021548666329
v 0.011803124999999992 1.1492125419651749 -0.22131557858272105
v 0.011803124999999987 1.121783748879797 -0.3624244862033227
v -0.14444687499999997 1.1676180516548187 -0.2248932472460312
v -0.14444687500000003 1.1401892585694404 -0.3660021548666329
v -0.14444687499999995 1.1492125419651749 -0.22131557858272108
v -0.144446875 1.121783748879797 -0.3624244862033227
v 0.01649800645884343 1.146791356038485 -0.23720139179567895
v 0.013225887920359293 1.1229484048010612 -0.35986274233675175
v 0.01649800645884344 0.8400328612110902 -0.17757358074050872
v 0.013225887920359286 0.8161899099736665 -0.3002349312815815
v -0.1334505922874902 1.1475405756197825 -0.23334699118987204
v -0.13672271082597434 1.1236976243823589 -0.35600834173094487
v -0.13345059228749018 0.8407820807923876 -0.17371918013470183
v -0.13672271082597434 0.8169391295549637 -0.2963805306757747
v -0.16520474552071976 1.0547441115487268 -0.3514800214504471
v -0.15684913570686432 1.1475105864395665 -0.3150854487648692
v -0.16470858868329474 1.0592670460551883 -0.3631224821801614
v -0.15635297886943927 1.152033520946028 -0.3267279094945835
v -0.22743676100062662 1.0605109753094135 -0.35189176369301156
v -0.21908115118677116 1.1532774502002532 -0.3154971910074336
v -0.22694060416320155 1.0650339098158752 -0.36353422442272587
v -0.2185849943493462 1.1578003847067146 -0.3271396517371479
v -0.15619050332598522 1.1625 -0.22701685905866498
v -0.15444526268225683 1.1625 -0.32700162857430415
v -0.1561905033259852 1.15 -0.22701685905866498
v -0.1544452626822569 1.15 -0.32700162857430415
v -0.21868098427325966 1.1625000000000003 -0.22810763446099516
v -0.2169357436295313 1.1625000000000003 -0.3280924039766344
v -0.21868098427325966 1.1500000000000001 -0.22810763446099516
v -0.2169357436295313 1.1500000000000001 -0.32809240397663436
v -0.15625000000000006 1.1437500000000003 -0.22499999999999992
v -0.15625000000000003 1.14375 -0.325
v -0.15625000000000006 0.85 -0.225
v -0.15625000000000003 0.85 -0.32499999999999996
v -0.21875000000000006 1.1437500000000003 -0.22499999999999998
v -0.21875000000000006 1.1437499999999998 -0.32499999999999996
v -0.21875000000000006 0.85 -0.22499999999999998
v -0.21875000000000008 0.8500000000000001 -0.325
v -0.2632194919069926 1.0541976117021004 -0.3416378656170378
v -0.2513939994546944 1.1465855667386164 -0.30524248826727807
v -0.26678818245100155 1.0589811540678589 -0.35262113335647227
v -0.2549626899987034 1.151369109104374 -0.31622575600671265
v -0.32266051568375254 1.0541975472401268 -0.32232427733400504
v -0.3108350232314543 1.1465855022766425 -0.28592889998424537
v -0.32622920622776164 1.058981089605885 -0.3333075450734395
v -0.31440371377546333 1.1513690446424008 -0.2969121677236799
v -0.22469410322684477 1.1625000000000005 -0.22306864378515653
v -0.2555958026643395 1.1625 -0.3181742954146719
v -0.22469410322684474 1.1500000000000001 -0.22306864378515653
v -0.25559580266433946 1.15 -0.3181742954146719
v -0.2841351354952918 1.1625 -0.20375508163672237
v -0.3150368349327866 1.1625 -0.29886073326623774
v -0.28413513549529185 1.15 -0.20375508163672237
v -0.3150368349327866 1.15 -0.29886073326623774
v -0.22469410322684474 1.1437500000000003 -0.22306864378515656
v -0.25559580266433946 1.1437499999999998 -0.3181742954146719
v -0.22469410322684474 0.85 -0.2230686437851566
v -0.2555958026643395 0.8500000000000001 -0.3181742954146719
v -0.28413513549529185 1.14375 -0.2037550816367224
v -0.3150368349327866 1.14375 -0.29886073326623774
v -0.28413513549529185 0.85 -0.20375508163672237
v -0.31503683493278667 0.85 -0.29886073326623774
v -0.04062500000000002 1.0218750000000003 -0.38749999999999996
v -0.04062500000000002 1.0218750000000003 -0.40625
v -0.04062500000000003 0.9468750000000002 -0.38749999999999984
v -0.040625000000000036 0.946875 -0.4062499999999999
v -0.09062500000000001 1.021875 -0.3874999999999999
v -0.09062500000000002 1.021875 -0.40625
v -0.09062500000000004 0.9468750000000002 -0.3874999999999999
v -0.09062500000000004 0.9468750000000001 -0.40625
v 0.12812499999999996 1.021875 -0.35624999999999996
v 0.12812499999999996 1.0218750000000003 -0.375
v 0.128125 0.946875 -0.35624999999999996
v 0.12812499999999996 0.9468750000000001 -0.375
v 0.07812499999999996 1.0218750000000003 -0.35624999999999984
v 0.07812499999999994 1.0218750000000003 -0.3749999999999999
v 0.07812499999999997 0.946875 -0.35624999999999984
v 0.07812499999999996 0.9468750000000001 -0.3749999999999999
v 0.2869832600597359 1.1125000000000003 -0.16383834835370942
v 0.34177965340837063 1.1125000000000003 -0.2761876041411053
v 0.2869832600597359 0.8625000000000003 -0.16383834835370942
v 0.3417796534083706 0.8625000000000002 -0.2761876041411053
v 0.14654669032549106 1.1125000000000005 -0.2323338400395027
v 0.20134308367412573 1.1125 -0.34468309582689866
v 0.14654669032549106 0.8625000000000002 -0.23233384003950275
v 0.2013430836741257 0.8625000000000002 -0.3446830958268986
v 0.33490907971328515 1.009752891411244 -0.29774413016310586
v 0.32728292728280145 1.1335364128096534 -0.2821082218327101
v 0.33762223694758264 1.010622718736363 -0.303306924267372
v 0.32999608451709894 1.1344062401347723 -0.2876710159369761
v 0.22255983437581647 1.0097528853349074 -0.352540544937261
v 0.21493368194533283 1.1335364067333171 -0.3369046366068653
v 0.225272991610114 1.0106227126600267 -0.358103339041527
v 0.21764683917963035 1.1344062340584362 -0.3424674307111313
v 0.2730197569200237 1.1161404396823524 -0.1708522388541563
v 0.3272829140245934 1.1335370085155756 -0.2821081113907361
v 0.273401062614521 1.109951263769352 -0.1716340364528176
v 0.3276642197190906 1.127347832602575 -0.2828899089893976
v 0.160670514964493 1.1161404889904611 -0.225648660562286
v 0.2149336720690627 1.1335370578236843 -0.33690453309886603
v 0.16105182065899026 1.1099513130774608 -0.2264304581609473
v 0.21531497776355993 1.1273478819106835 -0.3376863306975273
v 0.2265505934565147 1.2255846224958644 -0.20089443341131513
v 0.24161790749637746 1.2428106253768614 -0.27885470131983403
v 0.2128778043081311 1.1048439107488996 -0.23021567765060758
v 0.22794511834799386 1.1220699136298968 -0.3081759455591264
v 0.12889578904544682 1.2404299315425855 -0.2164878927691169
v 0.14396310308530957 1.2576559344235825 -0.29444816067763585
v 0.11522299989706324 1.119689219795621 -0.2458091370084093
v 0.13029031393692594 1.1369152226766177 -0.3237694049169282
v -0.17202760578661838 1.496229554447243 -0.17091861088286414
v -0.1882037714464291 1.509809961986947 -0.2297416862496105
v -0.1720275497390085 1.3744333135845166 -0.1990375673305277
v -0.18820371539881928 1.3880137211242205 -0.25786064269727393
v -0.2625831619122784 1.490771232112389 -0.1472762659894047
v -0.27875932757208904 1.5043516396520926 -0.20609934135615107
v -0.2625831058646684 1.3689749912496625 -0.1753952224370682
v -0.27875927152447916 1.3825553987893664 -0.23421829780381453
v 0.128125 0.6555752755890057 -0.22019908635505736
v 0.12812500000000002 0.6710798768537121 -0.2742700567515878
v 0.128125 0.5954964195928608 -0.23742642109361983
v 0.128125 0.6110010208575671 -0.2914973914901503
v -0.121875 0.6555752755890057 -0.2201990863550574
v -0.12187500000000002 0.6710798768537121 -0.2742700567515879
v -0.12187500000000002 0.5954964195928609 -0.2374264210936198
v -0.12187500000000001 0.611001020857567 -0.2914973914901503
v -0.07856917382415922 0.6388325206406702 -0.22499999408138296
v -0.07856917382415923 0.6543371219053765 -0.27907096447791346
v -0.12276334764831844 0.5963503541598664 -0.23718155929679105
v -0.12276334764831841 0.6118549554245725 -0.2912525296933215
v -0.12276334764831846 0.6813146871214746 -0.21281842886597488
v -0.12276334764831848 0.6968192883861807 -0.2668893992625053
v -0.1669575214724777 0.6388325206406704 -0.22499999408138296
v -0.16695752147247767 0.6543371219053767 -0.2790709644779134
v 0.17143082617584082 0.6388325206406703 -0.224999994081383
v 0.1714308261758408 0.6543371219053766 -0.27907096447791346
v 0.12723665235168158 0.5963503541598663 -0.23718155929679108
v 0.1272366523516816 0.6118549554245726 -0.2912525296933215
v 0.1272366523516816 0.6813146871214746 -0.21281842886597488
v 0.12723665235168158 0.6968192883861807 -0.2668893992625053
v 0.08304247852752239 0.6388325206406704 -0.22499999408138302
v 0.08304247852752239 0.6543371219053765 -0.2790709644779134
v 0.1705425 0.819069067988435 -0.17331799578431256
v 0.1705425 0.8362964027269973 -0.23339685178045746
v 0.1705425 0.6388325000000001 -0.22499999999999998
v 0.1705425 0.6560598347385626 -0.2850788559961448
v -0.16695750000000004 0.8190690679884352 -0.17331799578431256
v -0.16695750000000006 0.8362964027269975 -0.2333968517804575
v -0.16695750000000004 0.6388325000000001 -0.22499999999999995
v -0.16695750000000006 0.6560598347385627 -0.28507885599614485
v 0.1080425 0.7834524377592123 -0.18515636802735366
v 0.1080425 0.8024025059716309 -0.25124310962311314
v 0.10804249999999997 0.6632947257669222 -0.21961103750447863
v 0.10804250000000001 0.6822447939793409 -0.2856977791002381
v -0.10445750000000004 0.7834524377592121 -0.18515636802735363
v -0.1044575 0.8024025059716308 -0.25124310962311314
v -0.10445750000000001 0.6632947257669222 -0.21961103750447866
v -0.10445750000000001 0.6822447939793409 -0.2856977791002381
vt 0.06640625 0.94921875
vt 0.06640625 1
vt 0 1
vt 0 0.94921875
vt 0.30078125 0.4921875
vt 0.30078125 0.546875
vt 0.296875 0.546875
vt 0.296875 0.4921875
vt 0.24609375 0.6015625
vt 0.234375 0.6015625
vt 0.234375 0.57421875
vt 0.24609375 0.57421875
vt 0.28515625 0.57421875
vt 0.28515625 0.6015625
vt 0.2734375 0.6015625
vt 0.2734375 0.57421875
vt 0.453125 0.63671875
vt 0.47265625 0.63671875
vt 0.47265625 0.6484375
vt 0.453125 0.6484375
vt 0.16015625 0.52734375
vt 0.16015625 0.5390625
vt 0.140625 0.5390625
vt 0.140625 0.52734375
vt 0.19140625 0.62890625
vt 0.19140625 0.65625
vt 0.171875 0.65625
vt 0.171875 0.62890625
vt 0.22265625 0.65625
vt 0.203125 0.65625
vt 0.203125 0.62890625
vt 0.22265625 0.62890625
vt 0.205078125 0.734375
vt 0.1796875 0.734375
vt 0.1796875 0.701171875
vt 0.205078125 0.701171875
vt 0.244140625 0.701171875
vt 0.244140625 0.734375
vt 0.21875 0.734375
vt 0.21875 0.701171875
vt 0.359375 0.568359375
vt 0.37109375 0.568359375
vt 0.37109375 0.59375
vt 0.359375 0.59375
vt 0.01171875 0.552734375
vt 0.01171875 0.578125
vt 0 0.578125
vt 0 0.552734375
vt 0.37109375 0.607421875
vt 0.37109375 0.640625
vt 0.359375 0.640625
vt 0.359375 0.607421875
vt 0.37890625 0.953125
vt 0.3671875 0.953125
vt 0.3671875 0.919921875
vt 0.37890625 0.919921875
vt 0.234375 0.78125
vt 0.234375 0.8125
vt 0.1875 0.8125
vt 0.1875 0.78125
vt 0.484375 0.46875
vt 0.4765625 0.46875
vt 0.4765625 0.4609375
vt 0.484375 0.4609375
vt 0.546875 0.9921875
vt 0.546875 1
vt 0.5390625 1
vt 0.5390625 0.9921875
vt 0.4140625 0.6875
vt 0.453125 0.6875
vt 0.453125 0.6953125
vt 0.4140625 0.6953125
vt 0.1171875 0.5703125
vt 0.1171875 0.578125
vt 0.078125 0.578125
vt 0.078125 0.5703125
vt 0.4609375 0.875
vt 0.4609375 0.8828125
vt 0.421875 0.8828125
vt 0.421875 0.875
vt 0.4609375 0.8671875
vt 0.421875 0.8671875
vt 0.421875 0.859375
vt 0.4609375 0.859375
vt 0.484375 0.46875
vt 0.4765625 0.46875
vt 0.4765625 0.4609375
vt 0.484375 0.4609375
vt 0.546875 0.9921875
vt 0.546875 1
vt 0.5390625 1
vt 0.5390625 0.9921875
vt 0.4140625 0.6875
vt 0.453125 0.6875
vt 0.453125 0.6953125
vt 0.4140625 0.6953125
vt 0.1171875 0.5703125
vt 0.1171875 0.578125
vt 0.078125 0.578125
vt 0.078125 0.5703125
vt 0.4609375 0.875
vt 0.4609375 0.8828125
vt 0.421875 0.8828125
vt 0.421875 0.875
vt 0.4609375 0.8671875
vt 0.421875 0.8671875
vt 0.421875 0.859375
vt 0.4609375 0.859375
vt 0.5703125 0.998046875
vt 0.5703125 1
vt 0.5546875 1
vt 0.5546875 0.998046875
vt 0.140625 0.443359375
vt 0.140625 0.4453125
vt 0.125 0.4453125
vt 0.125 0.443359375
vt 0.234375 0.8984375
vt 0.234375 0.8828125
vt 0.25 0.8828125
vt 0.25 0.8984375
vt 0.4453125 0.984375
vt 0.4453125 1
vt 0.4609375 1
vt 0.4609375 0.984375
vt 0.5703125 0.966796875
vt 0.5703125 0.96875
vt 0.5546875 0.96875
vt 0.5546875 0.966796875
vt 0.2734375 0.451171875
vt 0.2734375 0.453125
vt 0.2578125 0.453125
vt 0.2578125 0.451171875
vt 0.25 0.625
vt 0.25 0.65625
vt 0.234375 0.65625
vt 0.234375 0.625
vt 0.359375 0.71875
vt 0.359375 0.75
vt 0.34375 0.75
vt 0.34375 0.71875
vt 0.21875 0.9609375
vt 0.21875 0.9453125
vt 0.23828125 0.9453125
vt 0.23828125 0.9609375
vt 0.40625 0.890625
vt 0.40625 0.90625
vt 0.42578125 0.90625
vt 0.42578125 0.890625
vt 0.05078125 0.6484375
vt 0.05078125 0.6796875
vt 0.03125 0.6796875
vt 0.03125 0.6484375
vt 0.01953125 0.65625
vt 0.01953125 0.6875
vt 0 0.6875
vt 0 0.65625
vt 0.5703125 0.771484375
vt 0.5703125 0.7734375
vt 0.5546875 0.7734375
vt 0.5546875 0.771484375
vt 0.296875 0.443359375
vt 0.296875 0.4453125
vt 0.28125 0.4453125
vt 0.28125 0.443359375
vt 0.4453125 0.9296875
vt 0.4453125 0.9140625
vt 0.4609375 0.9140625
vt 0.4609375 0.9296875
vt 0.4453125 0.703125
vt 0.4453125 0.71875
vt 0.4609375 0.71875
vt 0.4609375 0.703125
vt 0.5703125 0.732421875
vt 0.5703125 0.734375
vt 0.5546875 0.734375
vt 0.5546875 0.732421875
vt 0.5703125 0.857421875
vt 0.5703125 0.859375
vt 0.5546875 0.859375
vt 0.5546875 0.857421875
vt 0.1640625 0.595703125
vt 0.1640625 0.6484375
vt 0.15625 0.6484375
vt 0.15625 0.595703125
vt 0.0546875 0.587890625
vt 0.0546875 0.640625
vt 0.046875 0.640625
vt 0.046875 0.587890625
vt 0.328125 0.796875
vt 0.328125 0.7890625
vt 0.390625 0.7890625
vt 0.390625 0.796875
vt 0.34375 0.703125
vt 0.34375 0.7109375
vt 0.40625 0.7109375
vt 0.40625 0.703125
vt 0.1875 0.884765625
vt 0.1875 0.9375
vt 0.125 0.9375
vt 0.125 0.884765625
vt 0.140625 0.947265625
vt 0.140625 1
vt 0.078125 1
vt 0.078125 0.947265625
vt 0.0703125 0.583984375
vt 0.0703125 0.6328125
vt 0.0625 0.6328125
vt 0.0625 0.583984375
vt 0.375 0.732421875
vt 0.375 0.78125
vt 0.3671875 0.78125
vt 0.3671875 0.732421875
vt 0.34375 0.6953125
vt 0.34375 0.6875
vt 0.40625 0.6875
vt 0.40625 0.6953125
vt 0.3203125 0.6484375
vt 0.3203125 0.65625
vt 0.3828125 0.65625
vt 0.3828125 0.6484375
vt 0.25 0.826171875
vt 0.25 0.875
vt 0.1875 0.875
vt 0.1875 0.826171875
vt 0.2109375 0.951171875
vt 0.2109375 1
vt 0.1484375 1
vt 0.1484375 0.951171875
vt 0.333984375 0.57421875
vt 0.333984375 0.640625
vt 0.328125 0.640625
vt 0.328125 0.57421875
vt 0.349609375 0.57421875
vt 0.349609375 0.640625
vt 0.34375 0.640625
vt 0.34375 0.57421875
vt 0.421875 0.8515625
vt 0.421875 0.845703125
vt 0.47265625 0.845703125
vt 0.47265625 0.8515625
vt 0.421875 0.791015625
vt 0.421875 0.796875
vt 0.47265625 0.796875
vt 0.47265625 0.791015625
vt 0.11328125 0.87109375
vt 0.11328125 0.9375
vt 0.0625 0.9375
vt 0.0625 0.87109375
vt 0.05078125 0.87109375
vt 0.05078125 0.9375
vt 0 0.9375
vt 0 0.87109375
vt 0.177734375 0.5546875
vt 0.177734375 0.6171875
vt 0.171875 0.6171875
vt 0.171875 0.5546875
vt 0.193359375 0.5546875
vt 0.193359375 0.6171875
vt 0.1875 0.6171875
vt 0.1875 0.5546875
vt 0.421875 0.78125
vt 0.421875 0.775390625
vt 0.47265625 0.775390625
vt 0.47265625 0.78125
vt 0.421875 0.759765625
vt 0.421875 0.765625
vt 0.47265625 0.765625
vt 0.47265625 0.759765625
vt 0.05078125 0.796875
vt 0.05078125 0.859375
vt 0 0.859375
vt 0 0.796875
vt 0.17578125 0.8125
vt 0.17578125 0.875
vt 0.125 0.875
vt 0.125 0.8125
vt 0.46875 0.529296875
vt 0.46875 0.5546875
vt 0.4609375 0.5546875
vt 0.4609375 0.529296875
vt 0.046875 0.505859375
vt 0.046875 0.53125
vt 0.0390625 0.53125
vt 0.0390625 0.505859375
vt 0.34375 0.6796875
vt 0.34375 0.671875
vt 0.390625 0.671875
vt 0.390625 0.6796875
vt 0.375 0.8046875
vt 0.375 0.8125
vt 0.421875 0.8125
vt 0.421875 0.8046875
vt 0.140625 0.740234375
vt 0.140625 0.765625
vt 0.09375 0.765625
vt 0.09375 0.740234375
vt 0.2734375 0.748046875
vt 0.2734375 0.7734375
vt 0.2265625 0.7734375
vt 0.2265625 0.748046875
vt 0.0078125 0.51171875
vt 0.0078125 0.5390625
vt 0 0.5390625
vt 0 0.51171875
vt 0.46875 0.59765625
vt 0.46875 0.625
vt 0.4609375 0.625
vt 0.4609375 0.59765625
vt 0.3828125 0.96875
vt 0.3828125 0.9609375
vt 0.4296875 0.9609375
vt 0.4296875 0.96875
vt 0.203125 0.609375
vt 0.203125 0.6171875
vt 0.25 0.6171875
vt 0.25 0.609375
vt 0.171875 0.77734375
vt 0.171875 0.8046875
vt 0.125 0.8046875
vt 0.125 0.77734375
vt 0.2421875 0.91015625
vt 0.2421875 0.9375
vt 0.1953125 0.9375
vt 0.1953125 0.91015625
vt 0.349609375 0.517578125
vt 0.349609375 0.5625
vt 0.34375 0.5625
vt 0.34375 0.517578125
vt 0.365234375 0.509765625
vt 0.365234375 0.5546875
vt 0.359375 0.5546875
vt 0.359375 0.509765625
vt 0.5078125 0.734375
vt 0.5078125 0.728515625
vt 0.525390625 0.728515625
vt 0.525390625 0.734375
vt 0.515625 0.970703125
vt 0.515625 0.9765625
vt 0.533203125 0.9765625
vt 0.533203125 0.970703125
vt 0.314453125 0.791015625
vt 0.314453125 0.8359375
vt 0.296875 0.8359375
vt 0.296875 0.791015625
vt 0.158203125 0.658203125
vt 0.158203125 0.703125
vt 0.140625 0.703125
vt 0.140625 0.658203125
vt 0.484375 0.48046875
vt 0.484375 0.4921875
vt 0.4765625 0.4921875
vt 0.4765625 0.48046875
vt 0.0234375 0.47265625
vt 0.0234375 0.484375
vt 0.015625 0.484375
vt 0.015625 0.47265625
vt 0.5 0.9375
vt 0.5 0.9296875
vt 0.515625 0.9296875
vt 0.515625 0.9375
vt 0.5 0.65625
vt 0.5 0.6640625
vt 0.515625 0.6640625
vt 0.515625 0.65625
vt 0.390625 0.51953125
vt 0.390625 0.53125
vt 0.375 0.53125
vt 0.375 0.51953125
vt 0.484375 0.66796875
vt 0.484375 0.6796875
vt 0.46875 0.6796875
vt 0.46875 0.66796875
vt 0.25 0.466796875
vt 0.25 0.4765625
vt 0.2421875 0.4765625
vt 0.2421875 0.466796875
vt 0.53125 0.669921875
vt 0.53125 0.6796875
vt 0.5234375 0.6796875
vt 0.5234375 0.669921875
vt 0.484375 0.9765625
vt 0.484375 0.96875
vt 0.50390625 0.96875
vt 0.50390625 0.9765625
vt 0.265625 0.5
vt 0.265625 0.5078125
vt 0.28515625 0.5078125
vt 0.28515625 0.5
vt 0.48828125 0.927734375
vt 0.48828125 0.9375
vt 0.46875 0.9375
vt 0.46875 0.927734375
vt 0.48828125 0.990234375
vt 0.48828125 1
vt 0.46875 1
vt 0.46875 0.990234375
vt 0.53125 0.646484375
vt 0.53125 0.65625
vt 0.5234375 0.65625
vt 0.5234375 0.646484375
vt 0.53125 0.623046875
vt 0.53125 0.6328125
vt 0.5234375 0.6328125
vt 0.5234375 0.623046875
vt 0.3125 0.5078125
vt 0.3125 0.5
vt 0.33203125 0.5
vt 0.33203125 0.5078125
vt 0.4921875 0.671875
vt 0.4921875 0.6796875
vt 0.51171875 0.6796875
vt 0.51171875 0.671875
vt 0.48828125 0.880859375
vt 0.48828125 0.890625
vt 0.46875 0.890625
vt 0.46875 0.880859375
vt 0.12109375 0.521484375
vt 0.12109375 0.53125
vt 0.1015625 0.53125
vt 0.1015625 0.521484375
vt 0.359375 0.7578125
vt 0.359375 0.78125
vt 0.3515625 0.78125
vt 0.3515625 0.7578125
vt 0.0625 0.5
vt 0.0625 0.5234375
vt 0.0546875 0.5234375
vt 0.0546875 0.5
vt 0.5 0.6484375
vt 0.5 0.640625
vt 0.515625 0.640625
vt 0.515625 0.6484375
vt 0.390625 0.4921875
vt 0.390625 0.5
vt 0.40625 0.5
vt 0.40625 0.4921875
vt 0.3984375 0.7265625
vt 0.3984375 0.75
vt 0.3828125 0.75
vt 0.3828125 0.7265625
vt 0.3984375 0.7578125
vt 0.3984375 0.78125
vt 0.3828125 0.78125
vt 0.3828125 0.7578125
vt 0.146484375 0.5546875
vt 0.146484375 0.609375
vt 0.140625 0.609375
vt 0.140625 0.5546875
vt 0.263671875 0.5546875
vt 0.263671875 0.609375
vt 0.2578125 0.609375
vt 0.2578125 0.5546875
vt 0.0859375 0.484375
vt 0.0859375 0.478515625
vt 0.103515625 0.478515625
vt 0.103515625 0.484375
vt 0.515625 0.884765625
vt 0.515625 0.890625
vt 0.533203125 0.890625
vt 0.533203125 0.884765625
vt 0.017578125 0.6953125
vt 0.017578125 0.75
vt 0 0.75
vt 0 0.6953125
vt 0.166015625 0.7109375
vt 0.166015625 0.765625
vt 0.1484375 0.765625
vt 0.1484375 0.7109375
vt 0.451171875 0.572265625
vt 0.451171875 0.6171875
vt 0.4453125 0.6171875
vt 0.4453125 0.572265625
vt 0.404296875 0.509765625
vt 0.404296875 0.5546875
vt 0.3984375 0.5546875
vt 0.3984375 0.509765625
vt 0.515625 0.875
vt 0.515625 0.869140625
vt 0.533203125 0.869140625
vt 0.533203125 0.875
vt 0.1328125 0.478515625
vt 0.1328125 0.484375
vt 0.150390625 0.484375
vt 0.150390625 0.478515625
vt 0.306640625 0.658203125
vt 0.306640625 0.703125
vt 0.2890625 0.703125
vt 0.2890625 0.658203125
vt 0.275390625 0.658203125
vt 0.275390625 0.703125
vt 0.2578125 0.703125
vt 0.2578125 0.658203125
vt 0.5234375 0.70703125
vt 0.5234375 0.71875
vt 0.515625 0.71875
vt 0.515625 0.70703125
vt 0.3046875 0.47265625
vt 0.3046875 0.484375
vt 0.296875 0.484375
vt 0.296875 0.47265625
vt 0.5 0.59375
vt 0.5 0.5859375
vt 0.515625 0.5859375
vt 0.515625 0.59375
vt 0.5 0.5703125
vt 0.5 0.578125
vt 0.515625 0.578125
vt 0.515625 0.5703125
vt 0.0859375 0.51171875
vt 0.0859375 0.5234375
vt 0.0703125 0.5234375
vt 0.0703125 0.51171875
vt 0.4921875 0.94921875
vt 0.4921875 0.9609375
vt 0.4765625 0.9609375
vt 0.4765625 0.94921875
vt 0.53125 0.599609375
vt 0.53125 0.609375
vt 0.5234375 0.609375
vt 0.5234375 0.599609375
vt 0.53125 0.576171875
vt 0.53125 0.5859375
vt 0.5234375 0.5859375
vt 0.5234375 0.576171875
vt 0.4921875 0.625
vt 0.4921875 0.6171875
vt 0.51171875 0.6171875
vt 0.51171875 0.625
vt 0.4921875 0.6015625
vt 0.4921875 0.609375
vt 0.51171875 0.609375
vt 0.51171875 0.6015625
vt 0.28515625 0.521484375
vt 0.28515625 0.53125
vt 0.265625 0.53125
vt 0.265625 0.521484375
vt 0.25390625 0.521484375
vt 0.25390625 0.53125
vt 0.234375 0.53125
vt 0.234375 0.521484375
vt 0.1796875 0.5
vt 0.1796875 0.5234375
vt 0.171875 0.5234375
vt 0.171875 0.5
vt 0.1953125 0.5
vt 0.1953125 0.5234375
vt 0.1875 0.5234375
vt 0.1875 0.5
vt 0.0390625 0.4921875
vt 0.0390625 0.484375
vt 0.0546875 0.484375
vt 0.0546875 0.4921875
vt 0.5078125 0.9140625
vt 0.5078125 0.921875
vt 0.5234375 0.921875
vt 0.5234375 0.9140625
vt 0.015625 0.5859375
vt 0.015625 0.609375
vt 0 0.609375
vt 0 0.5859375
vt 0.3984375 0.6171875
vt 0.3984375 0.640625
vt 0.3828125 0.640625
vt 0.3828125 0.6171875
vt 0.53125 0.552734375
vt 0.53125 0.5625
vt 0.5234375 0.5625
vt 0.5234375 0.552734375
vt 0.5 0.466796875
vt 0.5 0.4765625
vt 0.4921875 0.4765625
vt 0.4921875 0.466796875
vt 0.4921875 0.5546875
vt 0.4921875 0.546875
vt 0.51171875 0.546875
vt 0.51171875 0.5546875
vt 0.4921875 0.53125
vt 0.4921875 0.5390625
vt 0.51171875 0.5390625
vt 0.51171875 0.53125
vt 0.33203125 0.521484375
vt 0.33203125 0.53125
vt 0.3125 0.53125
vt 0.3125 0.521484375
vt 0.48828125 0.708984375
vt 0.48828125 0.71875
vt 0.46875 0.71875
vt 0.46875 0.708984375
vt 0.208984375 0.546875
vt 0.208984375 0.6015625
vt 0.203125 0.6015625
vt 0.203125 0.546875
vt 0.224609375 0.546875
vt 0.224609375 0.6015625
vt 0.21875 0.6015625
vt 0.21875 0.546875
vt 0.515625 0.8046875
vt 0.515625 0.798828125
vt 0.533203125 0.798828125
vt 0.533203125 0.8046875
vt 0.515625 0.783203125
vt 0.515625 0.7890625
vt 0.533203125 0.7890625
vt 0.533203125 0.783203125
vt 0.080078125 0.6875
vt 0.080078125 0.7421875
vt 0.0625 0.7421875
vt 0.0625 0.6875
vt 0.048828125 0.6875
vt 0.048828125 0.7421875
vt 0.03125 0.7421875
vt 0.03125 0.6875
vt 0.0390625 0.7578125
vt 0.0390625 0.7890625
vt 0 0.7890625
vt 0 0.7578125
vt 0.2578125 0.96875
vt 0.2578125 1
vt 0.21875 1
vt 0.21875 0.96875
vt 0.34375 0.5078125
vt 0.34375 0.46875
vt 0.34765625 0.46875
vt 0.34765625 0.5078125
vt 0.375 0.46875
vt 0.375 0.5078125
vt 0.37890625 0.5078125
vt 0.37890625 0.46875
vt 0.51171875 0.828125
vt 0.51171875 0.859375
vt 0.5078125 0.859375
vt 0.5078125 0.828125
vt 0.36328125 0.46875
vt 0.36328125 0.5
vt 0.359375 0.5
vt 0.359375 0.46875
vt 0.0859375 0.75
vt 0.0859375 0.78125
vt 0.046875 0.78125
vt 0.046875 0.75
vt 0.21875 0.7421875
vt 0.21875 0.7734375
vt 0.1796875 0.7734375
vt 0.1796875 0.7421875
vt 0.4921875 0.5234375
vt 0.4921875 0.484375
vt 0.49609375 0.484375
vt 0.49609375 0.5234375
vt 0 0.4609375
vt 0 0.5
vt 0.00390625 0.5
vt 0.00390625 0.4609375
vt 0.18359375 0.4609375
vt 0.18359375 0.4921875
vt 0.1796875 0.4921875
vt 0.1796875 0.4609375
vt 0.16796875 0.4609375
vt 0.16796875 0.4921875
vt 0.1640625 0.4921875
vt 0.1640625 0.4609375
vt 0.015625 0.6171875
vt 0.015625 0.6484375
vt 0 0.6484375
vt 0 0.6171875
vt 0.1015625 0.6171875
vt 0.1015625 0.6484375
vt 0.0859375 0.6484375
vt 0.0859375 0.6171875
vt 0.1328125 0.46875
vt 0.1328125 0.453125
vt 0.13671875 0.453125
vt 0.13671875 0.46875
vt 0.1484375 0.453125
vt 0.1484375 0.46875
vt 0.15234375 0.46875
vt 0.15234375 0.453125
vt 0.21484375 0.4609375
vt 0.21484375 0.4921875
vt 0.2109375 0.4921875
vt 0.2109375 0.4609375
vt 0.19921875 0.4609375
vt 0.19921875 0.4921875
vt 0.1953125 0.4921875
vt 0.1953125 0.4609375
vt 0.125 0.6171875
vt 0.125 0.6484375
vt 0.109375 0.6484375
vt 0.109375 0.6171875
vt 0.1484375 0.6171875
vt 0.1484375 0.6484375
vt 0.1328125 0.6484375
vt 0.1328125 0.6171875
vt 0.28125 0.46875
vt 0.28125 0.453125
vt 0.28515625 0.453125
vt 0.28515625 0.46875
vt 0.3125 0.453125
vt 0.3125 0.46875
vt 0.31640625 0.46875
vt 0.31640625 0.453125
vt 0.26953125 0.4609375
vt 0.26953125 0.4921875
vt 0.265625 0.4921875
vt 0.265625 0.4609375
vt 0.51171875 0.7421875
vt 0.51171875 0.7734375
vt 0.5078125 0.7734375
vt 0.5078125 0.7421875
vt 0.2890625 0.90625
vt 0.2890625 0.9296875
vt 0.25 0.9296875
vt 0.25 0.90625
vt 0.296875 0.875
vt 0.296875 0.8984375
vt 0.2578125 0.8984375
vt 0.2578125 0.875
vt 0.125 0.6953125
vt 0.125 0.65625
vt 0.1328125 0.65625
vt 0.1328125 0.6953125
vt 0.0234375 0.5546875
vt 0.0234375 0.59375
vt 0.03125 0.59375
vt 0.03125 0.5546875
vt 0.2265625 0.5
vt 0.2265625 0.5234375
vt 0.21875 0.5234375
vt 0.21875 0.5
vt 0.2109375 0.5
vt 0.2109375 0.5234375
vt 0.203125 0.5234375
vt 0.203125 0.5
vt 0.296875 0.84375
vt 0.296875 0.8671875
vt 0.2578125 0.8671875
vt 0.2578125 0.84375
vt 0.3046875 0.9765625
vt 0.3046875 1
vt 0.265625 1
vt 0.265625 0.9765625
vt 0.40625 0.8828125
vt 0.40625 0.84375
vt 0.4140625 0.84375
vt 0.4140625 0.8828125
vt 0.40625 0.7578125
vt 0.40625 0.796875
vt 0.4140625 0.796875
vt 0.4140625 0.7578125
vt 0.453125 0.5
vt 0.453125 0.5234375
vt 0.4453125 0.5234375
vt 0.4453125 0.5
vt 0.484375 0.6015625
vt 0.484375 0.625
vt 0.4765625 0.625
vt 0.4765625 0.6015625
vt 0.392578125 0.4296875
vt 0.392578125 0.4375
vt 0.390625 0.4375
vt 0.390625 0.4296875
vt 0.408203125 0.4296875
vt 0.408203125 0.4375
vt 0.40625 0.4375
vt 0.40625 0.4296875
vt 0.53125 0.71875
vt 0.53125 0.716796875
vt 0.56640625 0.716796875
vt 0.56640625 0.71875
vt 0.53125 0.521484375
vt 0.53125 0.5234375
vt 0.56640625 0.5234375
vt 0.56640625 0.521484375
vt 0.43359375 0.5625
vt 0.43359375 0.5703125
vt 0.3984375 0.5703125
vt 0.3984375 0.5625
vt 0.46484375 0.8125
vt 0.46484375 0.8203125
vt 0.4296875 0.8203125
vt 0.4296875 0.8125
vt 0.423828125 0.4296875
vt 0.423828125 0.4375
vt 0.421875 0.4375
vt 0.421875 0.4296875
vt 0.455078125 0.4296875
vt 0.455078125 0.4375
vt 0.453125 0.4375
vt 0.453125 0.4296875
vt 0.5390625 0.5546875
vt 0.5390625 0.552734375
vt 0.5625 0.552734375
vt 0.5625 0.5546875
vt 0.5234375 0.458984375
vt 0.5234375 0.4609375
vt 0.546875 0.4609375
vt 0.546875 0.458984375
vt 0.3359375 0.7421875
vt 0.3359375 0.75
vt 0.3125 0.75
vt 0.3125 0.7421875
vt 0.1171875 0.7734375
vt 0.1171875 0.78125
vt 0.09375 0.78125
vt 0.09375 0.7734375
vt 0.470703125 0.4296875
vt 0.470703125 0.4375
vt 0.46875 0.4375
vt 0.46875 0.4296875
vt 0.486328125 0.4296875
vt 0.486328125 0.4375
vt 0.484375 0.4375
vt 0.484375 0.4296875
vt 0.546875 0.984375
vt 0.546875 0.982421875
vt 0.5703125 0.982421875
vt 0.5703125 0.984375
vt 0.03125 0.451171875
vt 0.03125 0.453125
vt 0.0546875 0.453125
vt 0.0546875 0.451171875
vt 0.5 0.8125
vt 0.5 0.8203125
vt 0.4765625 0.8203125
vt 0.4765625 0.8125
vt 0.4921875 0.859375
vt 0.4921875 0.8671875
vt 0.46875 0.8671875
vt 0.46875 0.859375
vt 0.501953125 0.4296875
vt 0.501953125 0.4375
vt 0.5 0.4375
vt 0.5 0.4296875
vt 0.001953125 0.421875
vt 0.001953125 0.4296875
vt 0 0.4296875
vt 0 0.421875
vt 0.53125 0.5078125
vt 0.53125 0.505859375
vt 0.56640625 0.505859375
vt 0.56640625 0.5078125
vt 0.53125 0.490234375
vt 0.53125 0.4921875
vt 0.56640625 0.4921875
vt 0.56640625 0.490234375
vt 0.08984375 0.5546875
vt 0.08984375 0.5625
vt 0.0546875 0.5625
vt 0.0546875 0.5546875
vt 0.47265625 0.96875
vt 0.47265625 0.9765625
vt 0.4375 0.9765625
vt 0.4375 0.96875
vt 0.330078125 0.4375
vt 0.330078125 0.46875
vt 0.328125 0.46875
vt 0.328125 0.4375
vt 0.439453125 0.4375
vt 0.439453125 0.46875
vt 0.4375 0.46875
vt 0.4375 0.4375
vt 0.5078125 0.90625
vt 0.5078125 0.904296875
vt 0.5625 0.904296875
vt 0.5625 0.90625
vt 0.5078125 0.818359375
vt 0.5078125 0.8203125
vt 0.5625 0.8203125
vt 0.5625 0.818359375
vt 0.1171875 0.7890625
vt 0.1171875 0.8203125
vt 0.0625 0.8203125
vt 0.0625 0.7890625
vt 0.1171875 0.828125
vt 0.1171875 0.859375
vt 0.0625 0.859375
vt 0.0625 0.828125
vt 0.150390625 0.435546875
vt 0.150390625 0.4453125
vt 0.1484375 0.4453125
vt 0.1484375 0.435546875
vt 0.166015625 0.427734375
vt 0.166015625 0.4375
vt 0.1640625 0.4375
vt 0.1640625 0.427734375
vt 0.5703125 0.5625
vt 0.5703125 0.560546875
vt 0.576171875 0.560546875
vt 0.576171875 0.5625
vt 0.5703125 0.544921875
vt 0.5703125 0.546875
vt 0.576171875 0.546875
vt 0.576171875 0.544921875
vt 0.396484375 0.451171875
vt 0.396484375 0.4609375
vt 0.390625 0.4609375
vt 0.390625 0.451171875
vt 0.544921875 0.615234375
vt 0.544921875 0.625
vt 0.5390625 0.625
vt 0.5390625 0.615234375
vt 0.181640625 0.427734375
vt 0.181640625 0.4375
vt 0.1796875 0.4375
vt 0.1796875 0.427734375
vt 0.197265625 0.427734375
vt 0.197265625 0.4375
vt 0.1953125 0.4375
vt 0.1953125 0.427734375
vt 0.515625 0.4296875
vt 0.515625 0.427734375
vt 0.521484375 0.427734375
vt 0.521484375 0.4296875
vt 0.53125 0.427734375
vt 0.53125 0.4296875
vt 0.537109375 0.4296875
vt 0.537109375 0.427734375
vt 0.412109375 0.451171875
vt 0.412109375 0.4609375
vt 0.40625 0.4609375
vt 0.40625 0.451171875
vt 0.544921875 0.591796875
vt 0.544921875 0.6015625
vt 0.5390625 0.6015625
vt 0.5390625 0.591796875
vt 0.017578125 0.421875
vt 0.017578125 0.4296875
vt 0.015625 0.4296875
vt 0.015625 0.421875
vt 0.572265625 0.8984375
vt 0.572265625 0.90625
vt 0.5703125 0.90625
vt 0.5703125 0.8984375
vt 0.5234375 0.8359375
vt 0.5234375 0.833984375
vt 0.5625 0.833984375
vt 0.5625 0.8359375
vt 0.5234375 0.748046875
vt 0.5234375 0.75
vt 0.5625 0.75
vt 0.5625 0.748046875
vt 0.4453125 0.828125
vt 0.4453125 0.8359375
vt 0.40625 0.8359375
vt 0.40625 0.828125
vt 0.4375 0.671875
vt 0.4375 0.6796875
vt 0.3984375 0.6796875
vt 0.3984375 0.671875
vt 0.126953125 0.421875
vt 0.126953125 0.4296875
vt 0.125 0.4296875
vt 0.125 0.421875
vt 0.572265625 0.8359375
vt 0.572265625 0.84375
vt 0.5703125 0.84375
vt 0.5703125 0.8359375
vt 0.5234375 0.5390625
vt 0.5234375 0.537109375
vt 0.5625 0.537109375
vt 0.5625 0.5390625
vt 0.5078125 0.474609375
vt 0.5078125 0.4765625
vt 0.546875 0.4765625
vt 0.546875 0.474609375
vt 0.4453125 0.7265625
vt 0.4453125 0.734375
vt 0.40625 0.734375
vt 0.40625 0.7265625
vt 0.4453125 0.7421875
vt 0.4453125 0.75
vt 0.40625 0.75
vt 0.40625 0.7421875
vt 0.572265625 0.8203125
vt 0.572265625 0.828125
vt 0.5703125 0.828125
vt 0.5703125 0.8203125
vt 0.572265625 0.75
vt 0.572265625 0.7578125
vt 0.5703125 0.7578125
vt 0.5703125 0.75
vt 0.0625 0.46875
vt 0.0625 0.466796875
vt 0.1015625 0.466796875
vt 0.1015625 0.46875
vt 0.53125 0.919921875
vt 0.53125 0.921875
vt 0.5703125 0.921875
vt 0.5703125 0.919921875
vt 0.4453125 0.625
vt 0.4453125 0.6328125
vt 0.40625 0.6328125
vt 0.40625 0.625
vt 0.4453125 0.640625
vt 0.4453125 0.6484375
vt 0.40625 0.6484375
vt 0.40625 0.640625
vt 0.392578125 0.884765625
vt 0.392578125 0.90625
vt 0.375 0.90625
vt 0.375 0.884765625
vt 0.392578125 0.853515625
vt 0.392578125 0.875
vt 0.375 0.875
vt 0.375 0.853515625
vt 0.0703125 0.5
vt 0.0703125 0.482421875
vt 0.078125 0.482421875
vt 0.078125 0.5
vt 0.5 0.873046875
vt 0.5 0.890625
vt 0.5078125 0.890625
vt 0.5078125 0.873046875
vt 0.2421875 0.486328125
vt 0.2421875 0.5078125
vt 0.234375 0.5078125
vt 0.234375 0.486328125
vt 0.5 0.830078125
vt 0.5 0.8515625
vt 0.4921875 0.8515625
vt 0.4921875 0.830078125
vt 0.392578125 0.822265625
vt 0.392578125 0.84375
vt 0.375 0.84375
vt 0.375 0.822265625
vt 0.400390625 0.978515625
vt 0.400390625 1
vt 0.3828125 1
vt 0.3828125 0.978515625
vt 0.5 0.8046875
vt 0.5 0.787109375
vt 0.5078125 0.787109375
vt 0.5078125 0.8046875
vt 0.5 0.701171875
vt 0.5 0.71875
vt 0.5078125 0.71875
vt 0.5078125 0.701171875
vt 0.5 0.728515625
vt 0.5 0.75
vt 0.4921875 0.75
vt 0.4921875 0.728515625
vt 0.2578125 0.486328125
vt 0.2578125 0.5078125
vt 0.25 0.5078125
vt 0.25 0.486328125
vt 0.3359375 0.8515625
vt 0.3359375 0.875
vt 0.3046875 0.875
vt 0.3046875 0.8515625
vt 0.3359375 0.7109375
vt 0.3359375 0.734375
vt 0.3046875 0.734375
vt 0.3046875 0.7109375
vt 0.4140625 0.5546875
vt 0.4140625 0.5234375
vt 0.421875 0.5234375
vt 0.421875 0.5546875
vt 0.4296875 0.5234375
vt 0.4296875 0.5546875
vt 0.4375 0.5546875
vt 0.4375 0.5234375
vt 0.484375 0.5
vt 0.484375 0.5234375
vt 0.4765625 0.5234375
vt 0.4765625 0.5
vt 0.484375 0.53125
vt 0.484375 0.5546875
vt 0.4765625 0.5546875
vt 0.4765625 0.53125
vt 0.34375 0.9765625
vt 0.34375 1
vt 0.3125 1
vt 0.3125 0.9765625
vt 0.203125 0.6640625
vt 0.203125 0.6875
vt 0.171875 0.6875
vt 0.171875 0.6640625
vt 0.4453125 0.5625
vt 0.4453125 0.53125
vt 0.453125 0.53125
vt 0.453125 0.5625
vt 0.0234375 0.515625
vt 0.0234375 0.546875
vt 0.03125 0.546875
vt 0.03125 0.515625
vt 0.15625 0.4921875
vt 0.15625 0.515625
vt 0.1484375 0.515625
vt 0.1484375 0.4921875
vt 0.140625 0.4921875
vt 0.140625 0.515625
vt 0.1328125 0.515625
vt 0.1328125 0.4921875
vt 0.4921875 0.78125
vt 0.4921875 0.8046875
vt 0.484375 0.8046875
vt 0.484375 0.78125
vt 0.4921875 0.6328125
vt 0.4921875 0.65625
vt 0.484375 0.65625
vt 0.484375 0.6328125
vt 0.4375 0.90625
vt 0.4375 0.8984375
vt 0.47265625 0.8984375
vt 0.47265625 0.90625
vt 0.2734375 0.5546875
vt 0.2734375 0.5625
vt 0.30859375 0.5625
vt 0.30859375 0.5546875
vt 0.12890625 0.703125
vt 0.12890625 0.7265625
vt 0.09375 0.7265625
vt 0.09375 0.703125
vt 0.29296875 0.7109375
vt 0.29296875 0.734375
vt 0.2578125 0.734375
vt 0.2578125 0.7109375
vt 0.421875 0.4921875
vt 0.421875 0.515625
vt 0.4140625 0.515625
vt 0.4140625 0.4921875
vt 0.4375 0.4921875
vt 0.4375 0.515625
vt 0.4296875 0.515625
vt 0.4296875 0.4921875
vt 0.1953125 0.5390625
vt 0.1953125 0.53125
vt 0.224609375 0.53125
vt 0.224609375 0.5390625
vt 0.4609375 0.6875
vt 0.4609375 0.6953125
vt 0.490234375 0.6953125
vt 0.490234375 0.6875
vt 0.341796875 0.7578125
vt 0.341796875 0.78125
vt 0.3125 0.78125
vt 0.3125 0.7578125
vt 0.240234375 0.6640625
vt 0.240234375 0.6875
vt 0.2109375 0.6875
vt 0.2109375 0.6640625
vt 0.564453125 0.873046875
vt 0.564453125 0.875
vt 0.546875 0.875
vt 0.546875 0.873046875
vt 0.181640625 0.451171875
vt 0.181640625 0.453125
vt 0.1640625 0.453125
vt 0.1640625 0.451171875
vt 0.390625 0.953125
vt 0.390625 0.935546875
vt 0.41015625 0.935546875
vt 0.41015625 0.953125
vt 0.078125 0.591796875
vt 0.078125 0.609375
vt 0.09765625 0.609375
vt 0.09765625 0.591796875
vt 0.08203125 0.451171875
vt 0.08203125 0.453125
vt 0.0625 0.453125
vt 0.0625 0.451171875
vt 0.56640625 0.943359375
vt 0.56640625 0.9453125
vt 0.546875 0.9453125
vt 0.546875 0.943359375
vt 0.212890625 0.451171875
vt 0.212890625 0.453125
vt 0.1953125 0.453125
vt 0.1953125 0.451171875
vt 0.564453125 0.802734375
vt 0.564453125 0.8046875
vt 0.546875 0.8046875
vt 0.546875 0.802734375
vt 0.1015625 0.5625
vt 0.1015625 0.544921875
vt 0.1171875 0.544921875
vt 0.1171875 0.5625
vt 0.234375 0.544921875
vt 0.234375 0.5625
vt 0.25 0.5625
vt 0.25 0.544921875
vt 0.3203125 0.443359375
vt 0.3203125 0.4453125
vt 0.3046875 0.4453125
vt 0.3046875 0.443359375
vt 0.5703125 0.701171875
vt 0.5703125 0.703125
vt 0.5546875 0.703125
vt 0.5546875 0.701171875
vt 0.078125 0.640625
vt 0.078125 0.6796875
vt 0.0625 0.6796875
vt 0.0625 0.640625
vt 0.3359375 0.6640625
vt 0.3359375 0.703125
vt 0.3203125 0.703125
vt 0.3203125 0.6640625
vt 0.296875 0.59375
vt 0.296875 0.578125
vt 0.31640625 0.578125
vt 0.31640625 0.59375
vt 0.4140625 0.984375
vt 0.4140625 1
vt 0.43359375 1
vt 0.43359375 0.984375
vt 0.32421875 0.9296875
vt 0.32421875 0.96875
vt 0.3046875 0.96875
vt 0.3046875 0.9296875
vt 0.30078125 0.7421875
vt 0.30078125 0.78125
vt 0.28125 0.78125
vt 0.28125 0.7421875
vt 0.564453125 0.787109375
vt 0.564453125 0.7890625
vt 0.546875 0.7890625
vt 0.546875 0.787109375
vt 0.244140625 0.451171875
vt 0.244140625 0.453125
vt 0.2265625 0.453125
vt 0.2265625 0.451171875
vt 0.3203125 0.5625
vt 0.3203125 0.544921875
vt 0.3359375 0.544921875
vt 0.3359375 0.5625
vt 0.4453125 0.662109375
vt 0.4453125 0.6796875
vt 0.4609375 0.6796875
vt 0.4609375 0.662109375
vt 0.5703125 0.669921875
vt 0.5703125 0.671875
vt 0.5546875 0.671875
vt 0.5546875 0.669921875
vt 0.5703125 0.685546875
vt 0.5703125 0.6875
vt 0.5546875 0.6875
vt 0.5546875 0.685546875
vt 0.486328125 0.451171875
vt 0.486328125 0.453125
vt 0.46875 0.453125
vt 0.46875 0.451171875
vt 0.017578125 0.443359375
vt 0.017578125 0.4453125
vt 0 0.4453125
vt 0 0.443359375
vt 0.109375 0.609375
vt 0.109375 0.591796875
vt 0.12890625 0.591796875
vt 0.12890625 0.609375
vt 0.3828125 0.591796875
vt 0.3828125 0.609375
vt 0.40234375 0.609375
vt 0.40234375 0.591796875
vt 0.56640625 0.888671875
vt 0.56640625 0.890625
vt 0.546875 0.890625
vt 0.546875 0.888671875
vt 0.11328125 0.451171875
vt 0.11328125 0.453125
vt 0.09375 0.453125
vt 0.09375 0.451171875
vt 0.34375 0.8046875
vt 0.34375 0.84375
vt 0.328125 0.84375
vt 0.328125 0.8046875
vt 0.3515625 0.9296875
vt 0.3515625 0.96875
vt 0.3359375 0.96875
vt 0.3359375 0.9296875
vt 0.4140625 0.71875
vt 0.4140625 0.703125
vt 0.43359375 0.703125
vt 0.43359375 0.71875
vt 0.4140625 0.6015625
vt 0.4140625 0.6171875
vt 0.43359375 0.6171875
vt 0.43359375 0.6015625
vt 0.11328125 0.65625
vt 0.11328125 0.6953125
vt 0.09375 0.6953125
vt 0.09375 0.65625
vt 0.32421875 0.8828125
vt 0.32421875 0.921875
vt 0.3046875 0.921875
vt 0.3046875 0.8828125
vt 0.53515625 0.443359375
vt 0.53515625 0.4453125
vt 0.5234375 0.4453125
vt 0.5234375 0.443359375
vt 0.56640625 0.474609375
vt 0.56640625 0.4765625
vt 0.5546875 0.4765625
vt 0.5546875 0.474609375
vt 0.390625 0.484375
vt 0.390625 0.47265625
vt 0.3984375 0.47265625
vt 0.3984375 0.484375
vt 0.40625 0.47265625
vt 0.40625 0.484375
vt 0.4140625 0.484375
vt 0.4140625 0.47265625
vt 0.296875 0.427734375
vt 0.296875 0.4296875
vt 0.2890625 0.4296875
vt 0.2890625 0.427734375
vt 0.28125 0.427734375
vt 0.28125 0.4296875
vt 0.2734375 0.4296875
vt 0.2734375 0.427734375
vt 0.56640625 0.458984375
vt 0.56640625 0.4609375
vt 0.5546875 0.4609375
vt 0.5546875 0.458984375
vt 0.55859375 0.443359375
vt 0.55859375 0.4453125
vt 0.546875 0.4453125
vt 0.546875 0.443359375
vt 0.421875 0.484375
vt 0.421875 0.47265625
vt 0.4296875 0.47265625
vt 0.4296875 0.484375
vt 0.4609375 0.47265625
vt 0.4609375 0.484375
vt 0.46875 0.484375
vt 0.46875 0.47265625
vt 0.328125 0.427734375
vt 0.328125 0.4296875
vt 0.3203125 0.4296875
vt 0.3203125 0.427734375
vt 0.3125 0.427734375
vt 0.3125 0.4296875
vt 0.3046875 0.4296875
vt 0.3046875 0.427734375
vt 0.29296875 0.611328125
vt 0.29296875 0.6484375
vt 0.28125 0.6484375
vt 0.28125 0.611328125
vt 0.37109375 0.962890625
vt 0.37109375 1
vt 0.359375 1
vt 0.359375 0.962890625
vt 0.5234375 1
vt 0.5234375 0.98828125
vt 0.53125 0.98828125
vt 0.53125 1
vt 0.03125 0.46484375
vt 0.03125 0.4765625
vt 0.0390625 0.4765625
vt 0.0390625 0.46484375
vt 0.046875 0.541015625
vt 0.046875 0.578125
vt 0.0390625 0.578125
vt 0.0390625 0.541015625
vt 0.1640625 0.548828125
vt 0.1640625 0.5859375
vt 0.15625 0.5859375
vt 0.15625 0.548828125
vt 0.04296875 0.435546875
vt 0.04296875 0.4375
vt 0.03125 0.4375
vt 0.03125 0.435546875
vt 0.06640625 0.435546875
vt 0.06640625 0.4375
vt 0.0546875 0.4375
vt 0.0546875 0.435546875
vt 0.5234375 0.9609375
vt 0.5234375 0.94921875
vt 0.53125 0.94921875
vt 0.53125 0.9609375
vt 0.046875 0.46484375
vt 0.046875 0.4765625
vt 0.0546875 0.4765625
vt 0.0546875 0.46484375
vt 0.359375 0.427734375
vt 0.359375 0.4296875
vt 0.3515625 0.4296875
vt 0.3515625 0.427734375
vt 0.34375 0.427734375
vt 0.34375 0.4296875
vt 0.3359375 0.4296875
vt 0.3359375 0.427734375
vt 0.08984375 0.435546875
vt 0.08984375 0.4375
vt 0.078125 0.4375
vt 0.078125 0.435546875
vt 0.11328125 0.435546875
vt 0.11328125 0.4375
vt 0.1015625 0.4375
vt 0.1015625 0.435546875
vt 0.1171875 0.4765625
vt 0.1171875 0.46484375
vt 0.125 0.46484375
vt 0.125 0.4765625
vt 0.5234375 0.84765625
vt 0.5234375 0.859375
vt 0.53125 0.859375
vt 0.53125 0.84765625
vt 0.4453125 0.427734375
vt 0.4453125 0.4296875
vt 0.4375 0.4296875
vt 0.4375 0.427734375
vt 0.375 0.427734375
vt 0.375 0.4296875
vt 0.3671875 0.4296875
vt 0.3671875 0.427734375
vt 0.03515625 0.603515625
vt 0.03515625 0.640625
vt 0.0234375 0.640625
vt 0.0234375 0.603515625
vt 0.31640625 0.603515625
vt 0.31640625 0.640625
vt 0.3046875 0.640625
vt 0.3046875 0.603515625
vt 0.2265625 0.4765625
vt 0.2265625 0.46484375
vt 0.234375 0.46484375
vt 0.234375 0.4765625
vt 0.5234375 0.76171875
vt 0.5234375 0.7734375
vt 0.53125 0.7734375
vt 0.53125 0.76171875
vt 0.390625 0.541015625
vt 0.390625 0.578125
vt 0.3828125 0.578125
vt 0.3828125 0.541015625
vt 0.1328125 0.541015625
vt 0.1328125 0.578125
vt 0.125 0.578125
vt 0.125 0.541015625
vt 0.212890625 0.427734375
vt 0.212890625 0.4375
vt 0.2109375 0.4375
vt 0.2109375 0.427734375
vt 0.228515625 0.427734375
vt 0.228515625 0.4375
vt 0.2265625 0.4375
vt 0.2265625 0.427734375
vt 0.546875 0.4296875
vt 0.546875 0.427734375
vt 0.552734375 0.427734375
vt 0.552734375 0.4296875
vt 0.5703125 0.443359375
vt 0.5703125 0.4453125
vt 0.576171875 0.4453125
vt 0.576171875 0.443359375
vt 0.544921875 0.568359375
vt 0.544921875 0.578125
vt 0.5390625 0.578125
vt 0.5390625 0.568359375
vt 0.427734375 0.451171875
vt 0.427734375 0.4609375
vt 0.421875 0.4609375
vt 0.421875 0.451171875
vt 0.244140625 0.427734375
vt 0.244140625 0.4375
vt 0.2421875 0.4375
vt 0.2421875 0.427734375
vt 0.259765625 0.427734375
vt 0.259765625 0.4375
vt 0.2578125 0.4375
vt 0.2578125 0.427734375
vt 0.5625 0.4296875
vt 0.5625 0.427734375
vt 0.568359375 0.427734375
vt 0.568359375 0.4296875
vt 0.578125 0.998046875
vt 0.578125 1
vt 0.583984375 1
vt 0.583984375 0.998046875
vt 0.513671875 0.451171875
vt 0.513671875 0.4609375
vt 0.5078125 0.4609375
vt 0.5078125 0.451171875
vt 0.458984375 0.451171875
vt 0.458984375 0.4609375
vt 0.453125 0.4609375
vt 0.453125 0.451171875
vt 0.3671875 0.8125
vt 0.3671875 0.84375
vt 0.3515625 0.84375
vt 0.3515625 0.8125
vt 0.2734375 0.6171875
vt 0.2734375 0.6484375
vt 0.2578125 0.6484375
vt 0.2578125 0.6171875
vt 0.4140625 0.59375
vt 0.4140625 0.578125
vt 0.43359375 0.578125
vt 0.43359375 0.59375
vt 0.421875 0.9375
vt 0.421875 0.953125
vt 0.44140625 0.953125
vt 0.44140625 0.9375
vt 0.36328125 0.8515625
vt 0.36328125 0.8828125
vt 0.34375 0.8828125
vt 0.34375 0.8515625
vt 0.35546875 0.890625
vt 0.35546875 0.921875
vt 0.3359375 0.921875
vt 0.3359375 0.890625
vt 0.5703125 0.654296875
vt 0.5703125 0.65625
vt 0.5546875 0.65625
vt 0.5546875 0.654296875
vt 0.3828125 0.443359375
vt 0.3828125 0.4453125
vt 0.3671875 0.4453125
vt 0.3671875 0.443359375
vt 0.453125 0.9609375
vt 0.453125 0.9453125
vt 0.46875 0.9453125
vt 0.46875 0.9609375
vt 0.0546875 0.53125
vt 0.0546875 0.546875
vt 0.0703125 0.546875
vt 0.0703125 0.53125
vt 0.5703125 0.638671875
vt 0.5703125 0.640625
vt 0.5546875 0.640625
vt 0.5546875 0.638671875
vt 0.359375 0.443359375
vt 0.359375 0.4453125
vt 0.34375 0.4453125
vt 0.34375 0.443359375
vt 0.5703125 0.607421875
vt 0.5703125 0.609375
vt 0.5546875 0.609375
vt 0.5546875 0.607421875
vt 0.5703125 0.576171875
vt 0.5703125 0.578125
vt 0.5546875 0.578125
vt 0.5546875 0.576171875
vt 0.078125 0.546875
vt 0.078125 0.53125
vt 0.09375 0.53125
vt 0.09375 0.546875
vt 0.171875 0.53125
vt 0.171875 0.546875
vt 0.1875 0.546875
vt 0.1875 0.53125
vt 0.5703125 0.591796875
vt 0.5703125 0.59375
vt 0.5546875 0.59375
vt 0.5546875 0.591796875
vt 0.5703125 0.623046875
vt 0.5703125 0.625
vt 0.5546875 0.625
vt 0.5546875 0.623046875
vt 0.509765625 0.984375
vt 0.509765625 1
vt 0.5 1
vt 0.5 0.984375
vt 0.509765625 0.9453125
vt 0.509765625 0.9609375
vt 0.5 0.9609375
vt 0.5 0.9453125
vt 0.5078125 0.5234375
vt 0.5078125 0.513671875
vt 0.51953125 0.513671875
vt 0.51953125 0.5234375
vt 0.5078125 0.490234375
vt 0.5078125 0.5
vt 0.51953125 0.5
vt 0.51953125 0.490234375
vt 0.49609375 0.7578125
vt 0.49609375 0.7734375
vt 0.484375 0.7734375
vt 0.484375 0.7578125
vt 0.49609375 0.8984375
vt 0.49609375 0.9140625
vt 0.484375 0.9140625
vt 0.484375 0.8984375
vt 0.2890625 0.4765625
vt 0.2890625 0.4921875
vt 0.28125 0.4921875
vt 0.28125 0.4765625
vt 0.3203125 0.4765625
vt 0.3203125 0.4921875
vt 0.3125 0.4921875
vt 0.3125 0.4765625
vt 0.515625 0.6953125
vt 0.515625 0.6875
vt 0.52734375 0.6875
vt 0.52734375 0.6953125
vt 0.5234375 0.9296875
vt 0.5234375 0.9375
vt 0.53515625 0.9375
vt 0.53515625 0.9296875
vt 0.10546875 0.4921875
vt 0.10546875 0.5078125
vt 0.09375 0.5078125
vt 0.09375 0.4921875
vt 0.02734375 0.4921875
vt 0.02734375 0.5078125
vt 0.015625 0.5078125
vt 0.015625 0.4921875
vt 0.0234375 0.453125
vt 0.0234375 0.4609375
vt 0.015625 0.4609375
vt 0.015625 0.453125
vt 0.546875 0.953125
vt 0.546875 0.9609375
vt 0.5390625 0.9609375
vt 0.5390625 0.953125
vt 0.2578125 0.546875
vt 0.2578125 0.5390625
vt 0.2890625 0.5390625
vt 0.2890625 0.546875
vt 0.453125 0.7265625
vt 0.453125 0.734375
vt 0.484375 0.734375
vt 0.484375 0.7265625
vt 0.484375 0.7421875
vt 0.484375 0.75
vt 0.453125 0.75
vt 0.453125 0.7421875
vt 0.484375 0.828125
vt 0.484375 0.8359375
vt 0.453125 0.8359375
vt 0.453125 0.828125
vt 0.546875 0.765625
vt 0.546875 0.7734375
vt 0.5390625 0.7734375
vt 0.5390625 0.765625
vt 0.3046875 0.453125
vt 0.3046875 0.4609375
vt 0.296875 0.4609375
vt 0.296875 0.453125
vt 0.5390625 0.703125
vt 0.5390625 0.6953125
vt 0.546875 0.6953125
vt 0.546875 0.703125
vt 0.5390625 0.6796875
vt 0.5390625 0.6875
vt 0.546875 0.6875
vt 0.546875 0.6796875
vt 0.546875 0.7265625
vt 0.546875 0.734375
vt 0.5390625 0.734375
vt 0.5390625 0.7265625
vt 0.546875 0.8515625
vt 0.546875 0.859375
vt 0.5390625 0.859375
vt 0.5390625 0.8515625
vt 0.3515625 0.453125
vt 0.3515625 0.4609375
vt 0.34375 0.4609375
vt 0.34375 0.453125
vt 0.3671875 0.453125
vt 0.3671875 0.4609375
vt 0.359375 0.4609375
vt 0.359375 0.453125
vt 0.5390625 0.640625
vt 0.5390625 0.6328125
vt 0.546875 0.6328125
vt 0.546875 0.640625
vt 0.375 0.453125
vt 0.375 0.4609375
vt 0.3828125 0.4609375
vt 0.3828125 0.453125
vt 0.546875 0.6484375
vt 0.546875 0.65625
vt 0.5390625 0.65625
vt 0.5390625 0.6484375
vt 0.546875 0.6640625
vt 0.546875 0.671875
vt 0.5390625 0.671875
vt 0.5390625 0.6640625
vt 0.46875 0.4921875
vt 0.46875 0.515625
vt 0.4609375 0.515625
vt 0.4609375 0.4921875
vt 0.125 0.484375
vt 0.125 0.5078125
vt 0.1171875 0.5078125
vt 0.1171875 0.484375
vt 0.390625 0.921875
vt 0.390625 0.9140625
vt 0.43359375 0.9140625
vt 0.43359375 0.921875
vt 0.390625 0.65625
vt 0.390625 0.6640625
vt 0.43359375 0.6640625
vt 0.43359375 0.65625
vt 0.29296875 0.9375
vt 0.29296875 0.9609375
vt 0.25 0.9609375
vt 0.25 0.9375
vt 0.28515625 0.7890625
vt 0.28515625 0.8125
vt 0.2421875 0.8125
vt 0.2421875 0.7890625
vt 0.3359375 0.4765625
vt 0.3359375 0.4921875
vt 0.328125 0.4921875
vt 0.328125 0.4765625
vt 0.453125 0.4765625
vt 0.453125 0.4921875
vt 0.4453125 0.4921875
vt 0.4453125 0.4765625
vt 0.4609375 0.5859375
vt 0.4609375 0.578125
vt 0.48828125 0.578125
vt 0.48828125 0.5859375
vt 0.4609375 0.5625
vt 0.4609375 0.5703125
vt 0.48828125 0.5703125
vt 0.48828125 0.5625
vt 0.28515625 0.8203125
vt 0.28515625 0.8359375
vt 0.2578125 0.8359375
vt 0.2578125 0.8203125
vt 0.22265625 0.8828125
vt 0.22265625 0.8984375
vt 0.1953125 0.8984375
vt 0.1953125 0.8828125
vn 0.1305063000814796 0.18053010630268893 -0.9748728052199337
vn 0.04938506751628423 0.22694989381329023 -0.9726535152892569
vn 0.9913391383935537 0.12021084249691713 -0.052877840683107774
vn -0.9913391383935538 -0.12021084249691713 0.052877840683106386
vn -0.11533451613108123 0.9894903434784419 0.08721702558402664
vn 0.1153345161310783 -0.9894903434784419 -0.0872170255840288
vn 0.06280654486545696 -0.08036301082647737 0.9947849639057514
vn -0.06280654486545703 0.08036301082647745 -0.9947849639057512
vn 0.9935718556765876 1.4224732503009818e-16 -0.11320321376790596
vn -0.9935718556765876 -1.5265566588595902e-16 0.11320321376790678
vn -7.068998164605488e-17 1 4.163336342344336e-16
vn 1.6089560239684883e-16 -1 1.6653345369377343e-16
vn 0.11320321376790711 -5.551115123125783e-17 0.9935718556765875
vn -0.1132032137679067 -1.1102230246251565e-16 -0.9935718556765875
vn 2.0122979087054292e-8 0.14349260997563168 -0.9896513885618415
vn 0.04107455245961524 0.9952365959075519 0.08841379590646815
vn -0.04107455245961392 -0.9952365959075522 -0.08841379590646689
vn 0.7273817257396553 -0.09045085392397757 0.6802458879584825
vn -0.7273817257396556 0.09045085392397746 -0.680245887958482
vn 0.6850027052503096 0.03636978403525213 -0.7276321409950132
vn -0.6850027052503089 -0.0363697840352523 0.7276321409950137
vn 0.04107455255204914 0.9991551902137661 0.0013367877699204942
vn -0.041074552552046784 -0.9991551902137662 -0.001336787769920661
vn 0.727381676628453 -0.03081933581546213 0.6855407099837868
vn -0.7273816766284514 0.030819335815462354 -0.6855407099837886
vn 0.685002757394327 -0.027185922989412775 -0.7280330678982807
vn -0.6850027573943271 0.02718592298941272 0.7280330678982807
vn 0.9975640488663031 -0.06915971287250385 -0.009105082364317427
vn -0.9975640488663031 0.06915971287250508 0.009105082364313089
vn -0.009708197683286533 -0.26690230005060794 0.9636746925832583
vn 0.00970819768328545 0.2669023000506073 -0.9636746925832587
vn -0.06907763246674366 -0.9612388341838243 -0.2669235552545179
vn 0.0690776324667418 0.9612388341838249 0.26692355525451633
vn 0.9975640488663031 -0.06915971287250398 -0.009105082364315889
vn -0.9975640488663031 0.06915971287250405 0.009105082364316262
vn 0.06975649367239689 0.9890297446780367 0.1302082782799553
vn -0.06975649367239829 -0.9890297446780367 -0.13020827827995524
vn 3.0146586602649694e-8 -0.13052623589719659 0.9914448556236038
vn -3.014658671486462e-8 0.13052623589719606 -0.991444855623604
vn 0.9975640488663033 -0.0691597128725012 -0.009105082364315257
vn -0.9975640488663032 0.06915971287250225 0.009105082364315597
vn 0.06907763246674205 0.9612388341838306 0.2669235552544965
vn -0.0690776324667438 -0.9612388341838298 -0.2669235552544981
vn -0.009708197683285461 -0.2669023000505994 0.9636746925832608
vn 0.009708197683284875 0.26690230005058546 -0.9636746925832648
vn 1 1.6479873021779664e-17 2.4833650760780474e-16
vn -1 -2.862293735361731e-17 -3.6548455234486345e-16
vn 3.9855271860567133e-16 1 2.2482016248659416e-15
vn 3.599551212651874e-17 -1 -4.996003610813203e-16
vn 1.805196617188365e-16 8.326672684688674e-17 1
vn -4.109126233720062e-17 1.6653345369377348e-16 -1
vn 1 -4.336808689942018e-17 2.953366717850514e-16
vn -1 3.382710778154773e-17 -2.9642087395753686e-16
vn 3.9855271860567133e-16 1 2.386979502944086e-15
vn 2.2985086056692688e-17 -1 9.15933995315754e-16
vn 6.960577947356938e-17 1.6653345369377348e-16 1
vn -6.922630871319946e-17 0 -1
vn 1 -1.8648277366750673e-17 2.134251976537715e-16
vn -1 -8.673617379884035e-18 1.0625181290357943e-17
vn -3.0140820395097023e-16 1 -2.55351295663786e-15
vn -2.862293735361731e-16 -1 5.5511151231257815e-17
vn -6.933472893044801e-17 5.551115123125783e-17 1
vn -4.152494320619482e-17 -2.7755575615628914e-17 -1
vn 1 5.594483210025203e-17 -3.1750860621237997e-16
vn -1 -5.5077470362263625e-17 1.743939194442934e-16
vn -2.8536201179818477e-16 0.9993908270190959 0.03489949670250059
vn -2.6020852139652106e-16 -0.9993908270190958 -0.034899496702502975
vn 8.630249292984615e-17 -0.03489949670250092 0.9993908270190958
vn 5.2475385148298415e-17 0.03489949670250092 -0.9993908270190958
vn 1 1.6349768761081404e-16 -1.0950441942103592e-17
vn -1 -9.410874857174176e-17 2.3798237686056816e-17
vn -1.9428902930940235e-16 0.978147600733805 0.20791169081776198
vn 1.8908485888147192e-16 -0.978147600733805 -0.20791169081776198
vn -5.297005238949494e-17 -0.20791169081775926 0.9781476007338058
vn 5.3566363584361953e-17 0.20791169081775945 -0.9781476007338056
vn 1 1.6176296413483726e-16 -9.71445146547012e-17
vn -1 7.632783294297951e-17 1.4127154307486123e-16
vn -1.6436504934880247e-16 0.9975640502598244 -0.06975647374412497
vn 1.6436504934880245e-16 -0.9975640502598243 0.06975647374412496
vn -9.334980705100193e-17 0.06975647374412544 0.9975640502598243
vn 1.212138028838794e-16 -0.06975647374412539 -0.9975640502598243
vn 0.9574818564260025 0.2812827591472233 0.06409761322811848
vn -0.9574818564260025 -0.28128275914722306 -0.06409761322811729
vn -0.275056344377831 0.9570859180594435 -0.09127186242110069
vn 0.27505634437783094 -0.9570859180594435 0.09127186242110072
vn -0.08702012429616521 0.06976069709254305 0.9937610090502861
vn 0.08702012429616514 -0.06976069709254282 -0.993761009050286
vn 0.9574817175661281 0.28128323424922175 0.06409760258320936
vn -0.957481717566128 -0.28128323424922136 -0.06409760258320982
vn 0.002799135397814602 0.21311175450296752 -0.9770238200441643
vn -0.0027991353978153504 -0.213111754502967 0.9770238200441647
vn -0.28848037258649195 0.9356618631872127 0.2032632588772323
vn 0.2884803725864936 -0.9356618631872121 -0.20326325887723196
vn 0.957945516547769 0.2756990113993292 0.07956407756934408
vn -0.9579455165477695 -0.27569901139932756 -0.07956407756934465
vn -0.1318030867310531 0.17646028545825684 0.9754433422727109
vn 0.1318030867310534 -0.17646028545825682 -0.9754433422727109
vn 0.2548888653005345 -0.9449083673930635 0.20537732001460557
vn -0.2548888653005331 0.9449083673930634 -0.20537732001460765
vn 0.957945516547769 0.275699011399329 0.07956407756934339
vn -0.9579455165477694 -0.27569901139932884 -0.07956407756934292
vn -0.1318030867310539 0.1764602854582566 0.9754433422727109
vn 0.13180308673105368 -0.17646028545825593 -0.975443342272711
vn 0.25488886530053456 -0.9449083673930633 0.20537732001460562
vn -0.25488886530053445 0.9449083673930634 -0.20537732001460582
vn 0.9579455165477692 0.27569901139932945 0.07956407756934308
vn -0.9579455165477694 -0.2756990113993283 -0.07956407756934278
vn -0.1318030867310531 0.17646028545825562 0.9754433422727112
vn 0.1318030867310542 -0.17646028545825615 -0.9754433422727109
vn 0.2548888653005358 -0.9449083673930628 0.20537732001460668
vn -0.25488886530053406 0.944908367393063 -0.20537732001460754
vn 0.9579455504865695 0.2756986864317564 0.07956479499620282
vn -0.9579455504865695 -0.27569868643175627 -0.07956479499620385
vn -0.2861258542850697 0.9387411480584378 0.19208605480764412
vn 0.28612585428506954 -0.938741148058439 -0.19208605480763907
vn -0.02173287400744507 -0.20677352645280495 0.9781474280217924
vn 0.02173287400744496 0.20677352645280492 -0.9781474280217924
vn 0.9574818564260027 -0.28128275914722295 -0.06409761322811613
vn -0.9574818564260024 0.2812827591472232 0.06409761322811817
vn 0.2750563443778318 0.9570859180594433 -0.09127186242109997
vn -0.2750563443778316 -0.9570859180594434 0.09127186242110014
vn 0.08702012429616539 0.06976069709254279 0.993761009050286
vn -0.08702012429616553 -0.06976069709254279 -0.993761009050286
vn 0.9574817175661272 -0.2812832342492238 -0.06409760258321125
vn -0.9574817175661284 0.28128323424922036 0.06409760258321048
vn -0.002799135397814928 0.21311175450296663 -0.9770238200441647
vn 0.0027991353978162074 -0.2131117545029655 0.9770238200441648
vn 0.2884803725864942 0.9356618631872125 0.20326325887722962
vn -0.28848037258649306 -0.9356618631872126 -0.20326325887723148
vn 0.9579455165477692 -0.27569901139932895 -0.07956407756934337
vn -0.9579455165477693 0.275699011399329 0.07956407756934261
vn 0.13180308673105295 0.17646028545825587 0.975443342272711
vn -0.1318030867310529 -0.17646028545825668 -0.975443342272711
vn -0.25488886530053456 -0.9449083673930634 0.2053773200146055
vn 0.25488886530053295 0.9449083673930634 -0.2053773200146077
vn 0.9579455165477692 -0.2756990113993296 -0.07956407756934294
vn -0.9579455165477695 0.275699011399328 0.07956407756934297
vn 0.13180308673105387 0.17646028545825618 0.9754433422727109
vn -0.13180308673105376 -0.17646028545825515 -0.9754433422727111
vn -0.25488886530053434 -0.944908367393063 0.20537732001460735
vn 0.25488886530053595 0.9449083673930625 -0.20537732001460762
vn 0.9579455165477693 -0.27569901139932906 -0.07956407756934274
vn -0.9579455165477693 0.275699011399329 0.07956407756934192
vn 0.13180308673105334 0.1764602854582571 0.9754433422727108
vn -0.13180308673105348 -0.17646028545825684 -0.9754433422727109
vn -0.2548888653005341 -0.9449083673930629 0.20537732001460807
vn 0.2548888653005342 0.9449083673930627 -0.20537732001460832
vn 0.9579455504865694 -0.27569868643175655 -0.07956479499620339
vn -0.9579455504865693 0.27569868643175627 0.07956479499620442
vn 0.28612585428506954 0.9387411480584387 0.19208605480764082
vn -0.28612585428506954 -0.9387411480584376 -0.19208605480764554
vn 0.02173287400744515 -0.20677352645280506 0.9781474280217926
vn -0.021732874007444457 0.20677352645280456 -0.9781474280217927
vn 0.9961946980917457 -4.5102810375396997e-17 0.08715574274765829
vn -0.9961946980917457 2.775557561562892e-17 -0.08715574274765829
vn -1.9203388879063255e-15 1 1.942890293094024e-16
vn -8.135853102331225e-16 -1 -2.7755575615628914e-17
vn -0.08715574274765857 2.7755575615628914e-17 0.9961946980917457
vn 0.0871557427476586 2.7755575615628914e-17 -0.9961946980917455
vn 0.9961946980917457 -2.949029909160572e-17 -0.08715574274765847
vn -0.9961946980917457 2.7755575615628914e-17 0.08715574274765825
vn 2.371366991660295e-15 1 -3.885780586188047e-16
vn 6.401129626354418e-16 -1 1.942890293094024e-16
vn 0.0871557427476578 -8.326672684688672e-17 0.9961946980917455
vn -0.08715574274765818 5.551115123125783e-17 -0.9961946980917457
vn 0.8703556959398998 4.163336342344337e-17 -0.4924235601034671
vn -0.8703556959398996 1.387778780781446e-17 0.4924235601034676
vn 5.811323644522303e-17 1 6.661338147750937e-16
vn 1.1275702593849246e-16 -1 2.7755575615628914e-16
vn 0.49242356010346594 5.551115123125783e-17 0.8703556959399004
vn -0.49242356010346616 5.551115123125783e-17 -0.8703556959399004
vn 0.8703556959398997 -6.938893903907227e-17 0.49242356010346705
vn -0.8703556959398996 -1.5265566588595902e-16 -0.4924235601034676
vn -1.8548530766882006e-15 1 -1.0269562977782696e-15
vn 1.6809470482215257e-15 -1 9.15933995315754e-16
vn -0.49242356010346816 0 0.8703556959398993
vn 0.49242356010346744 -5.551115123125783e-17 -0.8703556959398996
vn 1 -9.887923813067798e-17 1.1264860572124389e-16
vn -1 -1.5569143196891844e-16 6.982261990806649e-17
vn 1.9905951886833861e-16 1 -4.163336342344337e-16
vn -1.301042606982605e-16 -1 5.5511151231257815e-17
vn -9.719872476332547e-17 2.7755575615628914e-17 1
vn 1.531435568635775e-16 1.6653345369377348e-16 -1
vn 1 2.0252896582029223e-16 -6.114900252818245e-17
vn -1 -2.393918396847994e-16 -8.955509944730267e-17
vn 1.7824283715661693e-16 1 -3.885780586188048e-16
vn -1.5785983631388942e-16 -1 1.1102230246251563e-16
vn -1.5352302762394743e-16 -3.3306690738754696e-16 1
vn 1.393199791643873e-17 -2.7755575615628907e-17 -1
vn 1 1.1796119636642286e-16 -2.544947759475224e-15
vn -1 -2.276824562219559e-16 2.5536213768551082e-15
vn 2.103352214621878e-16 1 -3.258504577274834e-14
vn -2.1640675362810669e-16 -1 3.425038030968608e-14
vn -4.2825985813177425e-17 -4.718447854656915e-16 1
vn 1.3064636178450328e-17 -4.163336342344337e-16 -1
vn 1 -5.191160001860595e-16 2.532425224383017e-15
vn -1 5.230191280070073e-16 -2.5601265898900216e-15
vn 9.896597430447684e-16 0.9781476007338074 0.20791169081775146
vn -9.900934239137626e-16 -0.9781476007338074 -0.20791169081775146
vn -1.0757996056487418e-16 -0.20791169081775884 0.9781476007338058
vn 7.993958143007185e-17 0.2079116908177589 -0.9781476007338058
vn 1 -2.5587171270657905e-17 2.4118077326940046e-16
vn -1 3.2526065174565127e-17 -2.9669192450065824e-16
vn 9.892260621757742e-16 0.9781476007338072 0.2079116908177519
vn -9.8879238130678e-16 -0.9781476007338072 -0.2079116908177519
vn -1.0778324847221521e-16 -0.20791169081775893 0.9781476007338057
vn 1.0778324847221521e-16 0.20791169081775893 -0.9781476007338057
vn 1 -3.217912047936977e-16 3.0286645587296324e-15
vn -1 -2.3028454143592114e-16 1.4043128639118496e-15
vn 2.1120258320017621e-16 1 -3.1141755840735635e-14
vn -2.2074356231804865e-16 -1 3.2668312499595225e-14
vn -4.2825985813177425e-17 -4.718447854656915e-16 1
vn 4.082021179407924e-17 -4.163336342344337e-16 -1
vn 1 -3.0791341698588326e-17 -1.3668536788524754e-15
vn -1 5.767955557622884e-17 1.2285636917519493e-15
vn -3.5778671692021636e-16 1 -3.103073353827312e-14
vn -1.3530843112619093e-16 -1 -3.913536161803676e-15
vn -4.2229674618310385e-17 -2.2204460492503126e-16 1
vn 4.1416522988946263e-17 -1.3877787807814454e-16 -1
vn 1 -2.8796409701215e-16 8.24318911740729e-16
vn -1 2.7972416050126014e-16 -7.968343866682215e-16
vn 2.2776919239575477e-15 1 -8.909539772616881e-15
vn -2.2776919239575477e-15 -1 8.881784197001252e-15
vn -3.4813731758509547e-16 -4.996003610813204e-16 1
vn 3.7426658994199603e-16 -2.2204460492503126e-16 -1
vn 1 -3.8467493079785697e-16 8.348356728138384e-16
vn -1 1.951563910473908e-17 -4.714111045966973e-16
vn 2.0764640007442377e-15 1 -8.90953977261688e-15
vn -2.0625862129364232e-15 -1 9.4091401336982e-15
vn -3.4813731758509547e-16 -4.996003610813204e-16 1
vn -7.082008590675313e-16 -2.2204460492503126e-16 -1
vn 1 2.3765711620882257e-16 -3.614730043066672e-15
vn -1 -1.1622647289044608e-16 -1.9332951038675272e-15
vn 6.852157730108387e-17 1 7.216449660063516e-16
vn -9.540979117872437e-18 -1 -7.494005416219805e-16
vn 1.2685165418080402e-17 -4.718447854656915e-16 1
vn 1.517883041479706e-16 -4.163336342344336e-16 -1
vn 1 -2.1640675362810669e-16 -1.6729239521451333e-16
vn -1 -5.182486384480711e-16 -4.246819909625721e-15
vn 7.849623728795052e-17 0.9975640502598228 -0.06975647374414898
vn -7.892991815694471e-17 -0.9975640502598226 0.06975647374414896
vn -1.2197274440461925e-16 0.06975647374412502 0.9975640502598244
vn 1.7585759237714882e-16 -0.0697564737441258 -0.9975640502598243
vn 1 -2.190088388420719e-16 6.201636426617085e-17
vn -1 -5.381979584218044e-16 -4.422189611025251e-15
vn 7.632783294297951e-17 0.9975640502598275 -0.06975647374408034
vn -8.413408858487514e-17 -0.997564050259825 0.06975647374411467
vn -1.4777675610977425e-16 0.06975647374412591 0.9975640502598243
vn 1.7585759237714882e-16 -0.0697564737441258 -0.9975640502598243
vn 0.9238795325112871 0.08608504159045605 -0.3728752807858082
vn -0.9238795325112868 -0.08608504159045603 0.37287528078580856
vn -2.723515857283587e-16 0.9743700647852351 0.22495105434386603
vn 2.502338614096544e-16 -0.9743700647852351 -0.22495105434386603
vn 0.38268343236508884 -0.2078276749251314 0.9002005599467757
vn -0.3826834323650889 0.20782767492513093 -0.9002005599467757
vn 0.9238795325112868 -0.08608504159045598 0.3728752807858084
vn -0.9238795325112867 0.08608504159045621 -0.3728752807858087
vn 1.5638532135930912e-15 0.9743700647852351 0.22495105434386514
vn -8.907805049140902e-16 -0.9743700647852348 -0.2249510543438666
vn -0.38268343236508884 -0.20782767492513116 0.9002005599467758
vn 0.38268343236508917 0.20782767492513146 -0.9002005599467756
vn 0.9762960071199335 0.04500032609381413 0.21170988907730653
vn -0.9762960071199335 -0.04500032609381375 -0.2117098890773065
vn 2.1037858954908732e-15 0.9781476007338061 -0.2079116908177576
vn -2.665402620838364e-15 -0.9781476007338059 0.20791169081775837
vn -0.21643961393810113 0.2029833535789329 0.9549615969703575
vn 0.21643961393810102 -0.20298335357893224 -0.9549615969703578
vn 0.9762960071199334 -0.04500032609381385 -0.21170988907730653
vn -0.9762960071199333 0.04500032609381413 0.21170988907730662
vn -2.2755235196125767e-15 0.9781476007338058 -0.2079116908177587
vn 3.1927585575353127e-15 -0.9781476007338054 0.20791169081776037
vn 0.2164396139381024 0.20298335357893238 0.9549615969703574
vn -0.21643961393810224 -0.20298335357893255 -0.9549615969703574
vn 1 1.5178830414797062e-17 -4.115631446754975e-16
vn -1 -6.5052130349130266e-18 1.5428196914468728e-16
vn 5.620504062164854e-16 0.9848077530122084 0.17364817766692914
vn -5.603156827405086e-16 -0.9848077530122084 -0.17364817766692914
vn 2.408385719587097e-16 -0.17364817766693044 0.9848077530122081
vn 1.7549506227572398e-16 0.17364817766693044 -0.984807753012208
vn 1 -6.635317295611287e-17 -5.366800753803247e-17
vn -1 -1.240327285323417e-16 7.567731163948821e-17
vn -5.494736610156536e-16 0.9961946980917459 -0.08715574274765511
vn 6.097553018058477e-16 -0.9961946980917452 0.08715574274766327
vn -3.664603343001005e-16 0.08715574274765828 0.9961946980917457
vn 3.9367380882948666e-16 -0.0871557427476585 -0.9961946980917457
vn 1 2.3089169465251302e-15 -7.618146564969397e-16
vn -1 1.7997756063259369e-16 7.470152968425124e-17
vn -1.3010426069826053e-17 0.981627183447664 -0.19080899537654467
vn -6.461844948013606e-17 -0.9816271834476643 0.19080899537654328
vn 1.9493955061289375e-16 0.19080899537654308 0.9816271834476644
vn -2.3418766925686896e-16 -0.19080899537654195 -0.9816271834476646
vn 1 3.3393426912553537e-17 -9.831545300098554e-16
vn -1 -7.719519468096792e-17 2.8514517136368767e-16
vn 7.06520345700179e-16 -0.008726535498373766 0.9999619230641713
vn -4.282598581317741e-17 0.00872653549837271 -0.9999619230641713
vn -4.87890977618477e-16 -0.9999619230641714 -0.008726535498377819
vn -4.874572967494827e-16 0.9999619230641713 0.00872653549836813
vn 1 -9.150666335777655e-17 -2.9815559743351366e-17
vn -1 4.336808689942018e-18 -4.4398078963281407e-17
vn 1.2784912017949068e-15 0.9816271834476643 -0.19080899537654375
vn 1.214306433183765e-17 -0.9816271834476642 0.19080899537654417
vn -1.481020167615199e-16 0.1908089953765449 0.981627183447664
vn -7.535205098774256e-16 -0.19080899537654472 -0.981627183447664
vn 1 5.637851296924623e-17 -9.215176365040545e-16
vn -1 -3.4954678040932663e-16 1.6118833698341994e-15
vn -1.1458661710456175e-16 -0.1478094111296104 0.9890158633619169
vn 8.84980023291293e-17 0.14780941112961116 -0.9890158633619168
vn -4.83554168928535e-16 -0.9890158633619173 -0.1478094111296085
vn -3.5908775952719907e-16 0.9890158633619164 0.14780941112961432
vn 1 1.7780915628762273e-16 -1.516256738220978e-16
vn -1 2.5326962749261384e-16 4.612738142839579e-16
vn 1.5178830414797062e-17 0.9816271834476641 -0.19080899537654475
vn -6.461844948013605e-17 -0.9816271834476642 0.19080899537654333
vn 1.9450586974389954e-16 0.19080899537654292 0.9816271834476645
vn -1.7694179454963432e-16 -0.19080899537654755 -0.9816271834476634
vn 0.9996573249755575 -0.004994797208649041 -0.025696004038712573
vn -0.9996573249755575 0.004994797208648906 0.025696004038712517
vn 1.929879867024198e-15 0.981627183447664 -0.19080899537654472
vn 1.7954387976359953e-16 -0.981627183447664 0.19080899537654494
vn 0.026176948307873246 0.19074360989939027 0.9812908043285825
vn -0.02617694830787388 -0.1907436098993899 -0.9812908043285825
vn 0.9957122476785095 -0.09226982017099034 0.00658787588103351
vn -0.9957122476785094 0.09226982017099028 -0.0065878758810332325
vn -0.039692546993998455 -0.3618347605169163 0.9313968583771342
vn 0.03969254699399974 0.3618347605169169 -0.9313968583771337
vn -0.08355609813855491 -0.927664748908396 -0.36394572685578136
vn 0.08355609813855366 0.9276647489083992 0.3639457268557736
vn 0.9998476951563913 -2.918672248330977e-15 0.01745240643728388
vn -0.9998476951563913 -1.4866580189121237e-15 -0.01745240643728348
vn 2.2464669013899648e-15 1 2.4980018054066017e-16
vn -1.8787055244828817e-15 -1 -2.4980018054066017e-16
vn -0.017452406437282672 -5.551115123125783e-17 0.9998476951563913
vn 0.017452406437284535 -4.3021142204224816e-15 -0.9998476951563913
vn 1 -3.903127820947816e-17 4.3942714050837495e-16
vn -1 3.9898639947466563e-17 2.2041830166630305e-16
vn -1.4458920172266687e-15 1 -1.942890293094024e-15
vn -2.654126918244515e-16 -1 -1.1102230246251565e-16
vn -5.418300356996307e-16 -2.4980018054066017e-16 1
vn -1.5254724566871045e-16 2.7755575615628907e-17 -1
vn 0.9510563804281599 0.0000010313915779144867 -0.3090174125285233
vn -0.951056380428157 -0.0000010313915810994387 0.3090174125285319
vn 0.2854952435207137 -0.3826833892606421 0.8786614191547482
vn -0.2854952435207148 0.38268338926064355 -0.8786614191547473
vn -0.11825492452298778 -0.9238795503651483 -0.36395377349761565
vn 0.11825492452298125 0.923879550365155 0.36395377349760083
vn 0.9510565162951536 1.4224732503009818e-15 -0.3090169943749473
vn -0.9510565162951536 -1.429412144204889e-15 0.30901699437494773
vn 1.4467593789646571e-15 1 -3.941291737419306e-15
vn 5.338611497318624e-15 -1 1.7763568394002505e-15
vn 0.3090169943749466 4.440892098500626e-16 0.9510565162951539
vn -0.3090169943749468 -4.163336342344338e-16 -0.951056516295154
vn 0.9510565162951538 0 -0.30901699437494734
vn -0.9510565162951535 7.632783294297951e-17 0.3090169943749478
vn 1.4467593789646571e-15 1 -3.941291737419306e-15
vn -9.701441039400292e-16 -1 -9.15933995315754e-16
vn 0.3090169943749468 -8.326672684688677e-17 0.951056516295154
vn -0.3090169943749468 2.7755575615628914e-17 -0.9510565162951538
vn 1 -1.1058862159352145e-16 1.382899871005261e-16
vn -1 2.7538735181131813e-16 6.100263523489691e-16
vn -2.4940986775856544e-15 1 -3.0531133177191805e-15
vn -1.0104764247564899e-16 -1 3.0253577421035508e-15
vn 1.0435445910172978e-15 1.221245327087672e-15 1
vn -1.0132411402963282e-15 -1.3877787807814457e-16 -1
vn 1 8.630249292984615e-17 -6.003769530138481e-16
vn -1 -8.153200337090993e-17 6.012443147518365e-16
vn 1.8800065670898643e-15 1 2.8033131371785195e-15
vn 3.057450126409122e-16 -1 -2.8310687127941484e-15
vn 1.817502311846075e-15 -1.6653345369377343e-16 1
vn -1.8169602107598322e-15 4.163336342344336e-16 -1
vn 0.8987940462991669 -2.7755575615628907e-17 0.43837114678907735
vn -0.8987940462991673 1.1102230246251565e-16 -0.438371146789077
vn -2.9316826744008035e-16 1 -5.273559366969493e-16
vn 2.9663771439203396e-16 -1 4.718447854656914e-16
vn -0.4383711467890771 5.551115123125784e-17 0.8987940462991673
vn 0.4383711467890771 -1.3877787807814454e-16 -0.898794046299167
vn 0.8987939626997486 4.8610690819850255e-8 0.4383713181932418
vn -0.8987939626997505 -4.861069116679495e-8 -0.43837131819323816
vn -0.4341051574875983 -0.13917237201904115 0.890047056682545
vn 0.43410515748759737 0.13917237201904184 -0.8900470566825451
vn 0.061009219443870465 -0.9902681711872754 -0.12508726664316733
vn -0.061009219443876696 0.9902681711872732 0.12508726664318215
vn 0.8987939356442463 -3.9446488407646196e-7 0.4383713736650366
vn -0.8987939356442458 3.9446487146155285e-7 -0.4383713736650373
vn -0.06100891111956113 0.9902681460801532 0.1250876157858228
vn 0.06100891111956049 -0.9902681460801537 -0.12508761578582128
vn -0.4341052568365571 -0.13917255066578388 0.8900469802926397
vn 0.43410525683655965 0.13917255066576806 -0.8900469802926411
vn 0.9765480441106789 -0.14845309046721097 0.15593459357801776
vn -0.9765480441106791 0.1484530904672109 -0.15593459357801773
vn 0.1093823131870694 0.9659256939757169 0.23456995391433993
vn -0.10938231318707112 -0.9659256939757161 -0.23456995391434293
vn -0.18544386510600308 -0.21201234315073136 0.9595109896433094
vn 0.1854438651060035 0.21201234315073042 -0.9595109896433096
vn 0.9659259320070392 0.05822210490511142 -0.25218501219690065
vn -0.9659259320070394 -0.05822210490511217 0.25218501219689965
vn -4.483808801699664e-7 0.974369926901811 0.22495165158130873
vn 4.4838087695422274e-7 -0.9743699269018105 -0.2249516515813115
vn 0.25881865055697173 -0.21728652063526027 0.9411692058679412
vn -0.2588186505569719 0.21728652063526033 -0.941169205867941
vn 1 -3.86843335142828e-16 4.891378101168353e-16
vn -1 2.2377932840100807e-16 5.417216154823822e-16
vn -5.941427905220564e-17 0.9612616959383187 0.2756373558170001
vn 3.859759734048396e-17 -0.9612616959383187 -0.2756373558170001
vn -1.3636552824436434e-16 -0.2756373558169998 0.9612616959383189
vn 1.3444106938820253e-16 0.27563735581699883 -0.9612616959383189
vn 0.7071067811865467 -0.679714663692867 -0.1949050434465303
vn -0.7071067811865474 0.6797146636928668 0.1949050434465289
vn 0.707106781186548 0.6797146636928658 0.19490504344652979
vn -0.7071067811865471 -0.679714663692867 -0.19490504344652923
vn -8.016319812814698e-16 -0.27563735581699933 0.9612616959383189
vn -1.406752318799942e-16 0.27563735581699994 -0.9612616959383188
vn 0.7071067811865467 -0.679714663692867 -0.19490504344653048
vn -0.7071067811865485 0.6797146636928658 0.19490504344652854
vn 0.7071067811865474 0.6797146636928666 0.1949050434465298
vn -0.7071067811865466 -0.6797146636928671 -0.19490504344653065
vn -5.796686915193749e-16 -0.27563735581699933 0.9612616959383189
vn -3.904483073663423e-16 0.27563735581699994 -0.9612616959383188
vn 1 4.466912950640278e-17 -2.6216008530699497e-16
vn -1 -4.336808689942018e-17 2.6237692574149207e-16
vn 1.95590071916385e-16 0.9612616959383191 0.2756373558169983
vn -2.1467203015212988e-16 -0.9612616959383187 -0.27563735581700005
vn -8.025806581823947e-17 -0.27563735581699944 0.9612616959383189
vn 1.0744443529331351e-16 0.2756373558169993 -0.961261695938319
vn 1 6.505213034913027e-17 -1.4343994741983224e-16
vn -1 -5.551115123125783e-17 -5.143455106271233e-16
vn 9.714451465470117e-17 0.9612616959383191 0.27563735581699816
vn -7.068998164605488e-17 -0.9612616959383187 -0.2756373558169997
vn 5.89534931288993e-17 -0.2756373558169993 0.961261695938319
vn -1.1435622414290858e-16 0.27563735581699933 -0.9612616959383189
usemtl m_0a39949b-6287-dad0-82bd-fb9eb2507429
f 2/1/1 3/2/1 5/3/1 4/4/1
f 6/5/2 7/6/2 9/7/2 8/8/2
f 11/9/3 10/10/3 12/11/3 13/12/3
f 16/13/4 14/14/4 15/15/4 17/16/4
f 14/17/5 10/18/5 11/19/5 15/20/5
f 13/21/6 12/22/6 16/23/6 17/24/6
f 12/25/7 10/26/7 14/27/7 16/28/7
f 15/29/8 11/30/8 13/31/8 17/32/8
f 19/33/9 18/34/9 20/35/9 21/36/9
f 24/37/10 22/38/10 23/39/10 25/40/10
f 22/41/11 18/42/11 19/43/11 23/44/11
f 21/45/12 20/46/12 24/47/12 25/48/12
f 20/49/13 18/50/13 22/51/13 24/52/13
f 23/53/14 19/54/14 21/55/14 25/56/14
f 26/57/15 27/58/15 29/59/15 28/60/15
f 31/61/16 30/62/16 32/63/16 33/64/16
f 36/65/17 34/66/17 35/67/17 37/68/17
f 34/69/18 30/70/18 31/71/18 35/72/18
f 33/73/19 32/74/19 36/75/19 37/76/19
f 32/77/20 30/78/20 34/79/20 36/80/20
f 35/81/21 31/82/21 33/83/21 37/84/21
f 39/85/22 38/86/22 40/87/22 41/88/22
f 44/89/23 42/90/23 43/91/23 45/92/23
f 42/93/24 38/94/24 39/95/24 43/96/24
f 41/97/25 40/98/25 44/99/25 45/100/25
f 40/101/26 38/102/26 42/103/26 44/104/26
f 43/105/27 39/106/27 41/107/27 45/108/27
f 49/109/28 47/110/28 46/111/28 48/112/28
f 52/113/29 50/114/29 51/115/29 53/116/29
f 46/117/30 47/118/30 51/119/30 50/120/30
f 49/121/31 48/122/31 52/123/31 53/124/31
f 48/125/32 46/126/32 50/127/32 52/128/32
f 53/129/33 51/130/33 47/131/33 49/132/33
f 57/133/34 55/134/34 54/135/34 56/136/34
f 60/137/35 58/138/35 59/139/35 61/140/35
f 54/141/36 55/142/36 59/143/36 58/144/36
f 57/145/37 56/146/37 60/147/37 61/148/37
f 56/149/38 54/150/38 58/151/38 60/152/38
f 61/153/39 59/154/39 55/155/39 57/156/39
f 65/157/40 63/158/40 62/159/40 64/160/40
f 68/161/41 66/162/41 67/163/41 69/164/41
f 62/165/42 63/166/42 67/167/42 66/168/42
f 65/169/43 64/170/43 68/171/43 69/172/43
f 64/173/44 62/174/44 66/175/44 68/176/44
f 69/177/45 67/178/45 63/179/45 65/180/45
f 73/181/46 71/182/46 70/183/46 72/184/46
f 76/185/47 74/186/47 75/187/47 77/188/47
f 70/189/48 71/190/48 75/191/48 74/192/48
f 73/193/49 72/194/49 76/195/49 77/196/49
f 72/197/50 70/198/50 74/199/50 76/200/50
f 77/201/51 75/202/51 71/203/51 73/204/51
f 81/205/52 79/206/52 78/207/52 80/208/52
f 84/209/53 82/210/53 83/211/53 85/212/53
f 78/213/54 79/214/54 83/215/54 82/216/54
f 81/217/55 80/218/55 84/219/55 85/220/55
f 80/221/56 78/222/56 82/223/56 84/224/56
f 85/225/57 83/226/57 79/227/57 81/228/57
f 89/229/58 87/230/58 86/231/58 88/232/58
f 92/233/59 90/234/59 91/235/59 93/236/59
f 86/237/60 87/238/60 91/239/60 90/240/60
f 89/241/61 88/242/61 92/243/61 93/244/61
f 88/245/62 86/246/62 90/247/62 92/248/62
f 93/249/63 91/250/63 87/251/63 89/252/63
f 97/253/64 95/254/64 94/255/64 96/256/64
f 100/257/65 98/258/65 99/259/65 101/260/65
f 94/261/66 95/262/66 99/263/66 98/264/66
f 97/265/67 96/266/67 100/267/67 101/268/67
f 96/269/68 94/270/68 98/271/68 100/272/68
f 101/273/69 99/274/69 95/275/69 97/276/69
f 105/277/70 103/278/70 102/279/70 104/280/70
f 108/281/71 106/282/71 107/283/71 109/284/71
f 102/285/72 103/286/72 107/287/72 106/288/72
f 105/289/73 104/290/73 108/291/73 109/292/73
f 104/293/74 102/294/74 106/295/74 108/296/74
f 109/297/75 107/298/75 103/299/75 105/300/75
f 113/301/76 111/302/76 110/303/76 112/304/76
f 116/305/77 114/306/77 115/307/77 117/308/77
f 110/309/78 111/310/78 115/311/78 114/312/78
f 113/313/79 112/314/79 116/315/79 117/316/79
f 112/317/80 110/318/80 114/319/80 116/320/80
f 117/321/81 115/322/81 111/323/81 113/324/81
f 121/325/82 119/326/82 118/327/82 120/328/82
f 124/329/83 122/330/83 123/331/83 125/332/83
f 118/333/84 119/334/84 123/335/84 122/336/84
f 121/337/85 120/338/85 124/339/85 125/340/85
f 120/341/86 118/342/86 122/343/86 124/344/86
f 125/345/87 123/346/87 119/347/87 121/348/87
f 129/349/88 127/350/88 126/351/88 128/352/88
f 132/353/89 130/354/89 131/355/89 133/356/89
f 126/357/90 127/358/90 131/359/90 130/360/90
f 129/361/91 128/362/91 132/363/91 133/364/91
f 128/365/92 126/366/92 130/367/92 132/368/92
f 133/369/93 131/370/93 127/371/93 129/372/93
f 137/373/94 135/374/94 134/375/94 136/376/94
f 140/377/95 138/378/95 139/379/95 141/380/95
f 134/381/96 135/382/96 139/383/96 138/384/96
f 137/385/97 136/386/97 140/387/97 141/388/97
f 136/389/98 134/390/98 138/391/98 140/392/98
f 141/393/99 139/394/99 135/395/99 137/396/99
f 145/397/100 143/398/100 142/399/100 144/400/100
f 148/401/101 146/402/101 147/403/101 149/404/101
f 142/405/102 143/406/102 147/407/102 146/408/102
f 145/409/103 144/410/103 148/411/103 149/412/103
f 144/413/104 142/414/104 146/415/104 148/416/104
f 149/417/105 147/418/105 143/419/105 145/420/105
f 153/421/106 151/422/106 150/423/106 152/424/106
f 156/425/107 154/426/107 155/427/107 157/428/107
f 150/429/108 151/430/108 155/431/108 154/432/108
f 153/433/109 152/434/109 156/435/109 157/436/109
f 152/437/110 150/438/110 154/439/110 156/440/110
f 157/441/111 155/442/111 151/443/111 153/444/111
f 161/445/112 159/446/112 158/447/112 160/448/112
f 164/449/113 162/450/113 163/451/113 165/452/113
f 158/453/114 159/454/114 163/455/114 162/456/114
f 161/457/115 160/458/115 164/459/115 165/460/115
f 160/461/116 158/462/116 162/463/116 164/464/116
f 165/465/117 163/466/117 159/467/117 161/468/117
f 169/469/118 167/470/118 166/471/118 168/472/118
f 172/473/119 170/474/119 171/475/119 173/476/119
f 166/477/120 167/478/120 171/479/120 170/480/120
f 169/481/121 168/482/121 172/483/121 173/484/121
f 168/485/122 166/486/122 170/487/122 172/488/122
f 173/489/123 171/490/123 167/491/123 169/492/123
f 177/493/124 175/494/124 174/495/124 176/496/124
f 180/497/125 178/498/125 179/499/125 181/500/125
f 174/501/126 175/502/126 179/503/126 178/504/126
f 177/505/127 176/506/127 180/507/127 181/508/127
f 176/509/128 174/510/128 178/511/128 180/512/128
f 181/513/129 179/514/129 175/515/129 177/516/129
f 185/517/130 183/518/130 182/519/130 184/520/130
f 188/521/131 186/522/131 187/523/131 189/524/131
f 182/525/132 183/526/132 187/527/132 186/528/132
f 185/529/133 184/530/133 188/531/133 189/532/133
f 184/533/134 182/534/134 186/535/134 188/536/134
f 189/537/135 187/538/135 183/539/135 185/540/135
f 193/541/136 191/542/136 190/543/136 192/544/136
f 196/545/137 194/546/137 195/547/137 197/548/137
f 190/549/138 191/550/138 195/551/138 194/552/138
f 193/553/139 192/554/139 196/555/139 197/556/139
f 192/557/140 190/558/140 194/559/140 196/560/140
f 197/561/141 195/562/141 191/563/141 193/564/141
f 201/565/142 199/566/142 198/567/142 200/568/142
f 204/569/143 202/570/143 203/571/143 205/572/143
f 198/573/144 199/574/144 203/575/144 202/576/144
f 201/577/145 200/578/145 204/579/145 205/580/145
f 200/581/146 198/582/146 202/583/146 204/584/146
f 205/585/147 203/586/147 199/587/147 201/588/147
f 209/589/148 207/590/148 206/591/148 208/592/148
f 212/593/149 210/594/149 211/595/149 213/596/149
f 206/597/150 207/598/150 211/599/150 210/600/150
f 209/601/151 208/602/151 212/603/151 213/604/151
f 208/605/152 206/606/152 210/607/152 212/608/152
f 213/609/153 211/610/153 207/611/153 209/612/153
f 217/613/154 215/614/154 214/615/154 216/616/154
f 220/617/155 218/618/155 219/619/155 221/620/155
f 214/621/156 215/622/156 219/623/156 218/624/156
f 217/625/157 216/626/157 220/627/157 221/628/157
f 216/629/158 214/630/158 218/631/158 220/632/158
f 221/633/159 219/634/159 215/635/159 217/636/159
f 225/637/160 223/638/160 222/639/160 224/640/160
f 228/641/161 226/642/161 227/643/161 229/644/161
f 222/645/162 223/646/162 227/647/162 226/648/162
f 225/649/163 224/650/163 228/651/163 229/652/163
f 224/653/164 222/654/164 226/655/164 228/656/164
f 229/657/165 227/658/165 223/659/165 225/660/165
f 233/661/166 231/662/166 230/663/166 232/664/166
f 236/665/167 234/666/167 235/667/167 237/668/167
f 230/669/168 231/670/168 235/671/168 234/672/168
f 233/673/169 232/674/169 236/675/169 237/676/169
f 232/677/170 230/678/170 234/679/170 236/680/170
f 237/681/171 235/682/171 231/683/171 233/684/171
f 241/685/172 239/686/172 238/687/172 240/688/172
f 244/689/173 242/690/173 243/691/173 245/692/173
f 238/693/174 239/694/174 243/695/174 242/696/174
f 241/697/175 240/698/175 244/699/175 245/700/175
f 240/701/176 238/702/176 242/703/176 244/704/176
f 245/705/177 243/706/177 239/707/177 241/708/177
f 248/709/178 247/710/178 246/711/178 1/712/178
f 251/713/179 249/714/179 250/715/179 252/716/179
f 246/717/180 247/718/180 250/719/180 249/720/180
f 248/721/181 1/722/181 251/723/181 252/724/181
f 1/725/182 246/726/182 249/727/182 251/728/182
f 252/729/183 250/730/183 247/731/183 248/732/183
f 256/733/184 254/734/184 253/735/184 255/736/184
f 259/737/185 257/738/185 258/739/185 260/740/185
f 253/741/186 254/742/186 258/743/186 257/744/186
f 256/745/187 255/746/187 259/747/187 260/748/187
f 255/749/188 253/750/188 257/751/188 259/752/188
f 260/753/189 258/754/189 254/755/189 256/756/189
f 264/757/190 262/758/190 261/759/190 263/760/190
f 267/761/191 265/762/191 266/763/191 268/764/191
f 261/765/192 262/766/192 266/767/192 265/768/192
f 264/769/193 263/770/193 267/771/193 268/772/193
f 263/773/194 261/774/194 265/775/194 267/776/194
f 268/777/195 266/778/195 262/779/195 264/780/195
f 272/781/196 270/782/196 269/783/196 271/784/196
f 275/785/197 273/786/197 274/787/197 276/788/197
f 269/789/198 270/790/198 274/791/198 273/792/198
f 272/793/199 271/794/199 275/795/199 276/796/199
f 271/797/200 269/798/200 273/799/200 275/800/200
f 276/801/201 274/802/201 270/803/201 272/804/201
f 280/805/202 278/806/202 277/807/202 279/808/202
f 283/809/203 281/810/203 282/811/203 284/812/203
f 277/813/204 278/814/204 282/815/204 281/816/204
f 280/817/205 279/818/205 283/819/205 284/820/205
f 279/821/206 277/822/206 281/823/206 283/824/206
f 284/825/207 282/826/207 278/827/207 280/828/207
f 288/829/208 286/830/208 285/831/208 287/832/208
f 291/833/209 289/834/209 290/835/209 292/836/209
f 285/837/210 286/838/210 290/839/210 289/840/210
f 288/841/211 287/842/211 291/843/211 292/844/211
f 287/845/212 285/846/212 289/847/212 291/848/212
f 292/849/213 290/850/213 286/851/213 288/852/213
f 296/853/214 294/854/214 293/855/214 295/856/214
f 299/857/215 297/858/215 298/859/215 300/860/215
f 293/861/216 294/862/216 298/863/216 297/864/216
f 296/865/217 295/866/217 299/867/217 300/868/217
f 295/869/218 293/870/218 297/871/218 299/872/218
f 300/873/219 298/874/219 294/875/219 296/876/219
f 304/877/220 302/878/220 301/879/220 303/880/220
f 307/881/221 305/882/221 306/883/221 308/884/221
f 301/885/222 302/886/222 306/887/222 305/888/222
f 304/889/223 303/890/223 307/891/223 308/892/223
f 303/893/224 301/894/224 305/895/224 307/896/224
f 308/897/225 306/898/225 302/899/225 304/900/225
f 312/901/226 310/902/226 309/903/226 311/904/226
f 315/905/227 313/906/227 314/907/227 316/908/227
f 309/909/228 310/910/228 314/911/228 313/912/228
f 312/913/229 311/914/229 315/915/229 316/916/229
f 311/917/230 309/918/230 313/919/230 315/920/230
f 316/921/231 314/922/231 310/923/231 312/924/231
f 320/925/232 318/926/232 317/927/232 319/928/232
f 323/929/233 321/930/233 322/931/233 324/932/233
f 317/933/234 318/934/234 322/935/234 321/936/234
f 320/937/235 319/938/235 323/939/235 324/940/235
f 319/941/236 317/942/236 321/943/236 323/944/236
f 324/945/237 322/946/237 318/947/237 320/948/237
f 328/949/238 326/950/238 325/951/238 327/952/238
f 331/953/239 329/954/239 330/955/239 332/956/239
f 325/957/240 326/958/240 330/959/240 329/960/240
f 328/961/241 327/962/241 331/963/241 332/964/241
f 327/965/242 325/966/242 329/967/242 331/968/242
f 332/969/243 330/970/243 326/971/243 328/972/243
f 336/973/244 334/974/244 333/975/244 335/976/244
f 339/977/245 337/978/245 338/979/245 340/980/245
f 333/981/246 334/982/246 338/983/246 337/984/246
f 336/985/247 335/986/247 339/987/247 340/988/247
f 335/989/248 333/990/248 337/991/248 339/992/248
f 340/993/249 338/994/249 334/995/249 336/996/249
f 344/997/250 342/998/250 341/999/250 343/1000/250
f 347/1001/251 345/1002/251 346/1003/251 348/1004/251
f 341/1005/252 342/1006/252 346/1007/252 345/1008/252
f 344/1009/253 343/1010/253 347/1011/253 348/1012/253
f 343/1013/254 341/1014/254 345/1015/254 347/1016/254
f 348/1017/255 346/1018/255 342/1019/255 344/1020/255
f 352/1021/256 350/1022/256 349/1023/256 351/1024/256
f 355/1025/257 353/1026/257 354/1027/257 356/1028/257
f 349/1029/258 350/1030/258 354/1031/258 353/1032/258
f 352/1033/259 351/1034/259 355/1035/259 356/1036/259
f 351/1037/260 349/1038/260 353/1039/260 355/1040/260
f 356/1041/261 354/1042/261 350/1043/261 352/1044/261
f 360/1045/262 358/1046/262 357/1047/262 359/1048/262
f 363/1049/263 361/1050/263 362/1051/263 364/1052/263
f 357/1053/264 358/1054/264 362/1055/264 361/1056/264
f 360/1057/265 359/1058/265 363/1059/265 364/1060/265
f 359/1061/266 357/1062/266 361/1063/266 363/1064/266
f 364/1065/267 362/1066/267 358/1067/267 360/1068/267
f 368/1069/268 366/1070/268 365/1071/268 367/1072/268
f 371/1073/269 369/1074/269 370/1075/269 372/1076/269
f 365/1077/270 366/1078/270 370/1079/270 369/1080/270
f 368/1081/271 367/1082/271 371/1083/271 372/1084/271
f 367/1085/272 365/1086/272 369/1087/272 371/1088/272
f 372/1089/273 370/1090/273 366/1091/273 368/1092/273
f 376/1093/274 374/1094/274 373/1095/274 375/1096/274
f 379/1097/275 377/1098/275 378/1099/275 380/1100/275
f 373/1101/276 374/1102/276 378/1103/276 377/1104/276
f 376/1105/277 375/1106/277 379/1107/277 380/1108/277
f 375/1109/278 373/1110/278 377/1111/278 379/1112/278
f 380/1113/279 378/1114/279 374/1115/279 376/1116/279
f 384/1117/280 382/1118/280 381/1119/280 383/1120/280
f 387/1121/281 385/1122/281 386/1123/281 388/1124/281
f 381/1125/282 382/1126/282 386/1127/282 385/1128/282
f 384/1129/283 383/1130/283 387/1131/283 388/1132/283
f 383/1133/284 381/1134/284 385/1135/284 387/1136/284
f 388/1137/285 386/1138/285 382/1139/285 384/1140/285
f 392/1141/286 390/1142/286 389/1143/286 391/1144/286
f 395/1145/287 393/1146/287 394/1147/287 396/1148/287
f 389/1149/288 390/1150/288 394/1151/288 393/1152/288
f 392/1153/289 391/1154/289 395/1155/289 396/1156/289
f 391/1157/290 389/1158/290 393/1159/290 395/1160/290
f 396/1161/291 394/1162/291 390/1163/291 392/1164/291
f 400/1165/292 398/1166/292 397/1167/292 399/1168/292
f 403/1169/293 401/1170/293 402/1171/293 404/1172/293
f 397/1173/294 398/1174/294 402/1175/294 401/1176/294
f 400/1177/295 399/1178/295 403/1179/295 404/1180/295
f 399/1181/296 397/1182/296 401/1183/296 403/1184/296
f 404/1185/297 402/1186/297 398/1187/297 400/1188/297
f 408/1189/298 406/1190/298 405/1191/298 407/1192/298
f 411/1193/299 409/1194/299 410/1195/299 412/1196/299
f 405/1197/300 406/1198/300 410/1199/300 409/1200/300
f 408/1201/301 407/1202/301 411/1203/301 412/1204/301
f 407/1205/302 405/1206/302 409/1207/302 411/1208/302
f 412/1209/303 410/1210/303 406/1211/303 408/1212/303
f 416/1213/304 414/1214/304 413/1215/304 415/1216/304
f 419/1217/305 417/1218/305 418/1219/305 420/1220/305
f 413/1221/306 414/1222/306 418/1223/306 417/1224/306
f 416/1225/307 415/1226/307 419/1227/307 420/1228/307
f 415/1229/308 413/1230/308 417/1231/308 419/1232/308
f 420/1233/309 418/1234/309 414/1235/309 416/1236/309
f 424/1237/310 422/1238/310 421/1239/310 423/1240/310
f 427/1241/311 425/1242/311 426/1243/311 428/1244/311
f 421/1245/312 422/1246/312 426/1247/312 425/1248/312
f 424/1249/313 423/1250/313 427/1251/313 428/1252/313
f 423/1253/314 421/1254/314 425/1255/314 427/1256/314
f 428/1257/315 426/1258/315 422/1259/315 424/1260/315
f 432/1261/316 430/1262/316 429/1263/316 431/1264/316
f 435/1265/317 433/1266/317 434/1267/317 436/1268/317
f 429/1269/318 430/1270/318 434/1271/318 433/1272/318
f 432/1273/319 431/1274/319 435/1275/319 436/1276/319
f 431/1277/320 429/1278/320 433/1279/320 435/1280/320
f 436/1281/321 434/1282/321 430/1283/321 432/1284/321
f 440/1285/322 438/1286/322 437/1287/322 439/1288/322
f 443/1289/323 441/1290/323 442/1291/323 444/1292/323
f 437/1293/324 438/1294/324 442/1295/324 441/1296/324
f 440/1297/325 439/1298/325 443/1299/325 444/1300/325
f 439/1301/326 437/1302/326 441/1303/326 443/1304/326
f 444/1305/327 442/1306/327 438/1307/327 440/1308/327
f 448/1309/328 446/1310/328 445/1311/328 447/1312/328
f 451/1313/329 449/1314/329 450/1315/329 452/1316/329
f 445/1317/330 446/1318/330 450/1319/330 449/1320/330
f 448/1321/331 447/1322/331 451/1323/331 452/1324/331
f 447/1325/332 445/1326/332 449/1327/332 451/1328/332
f 452/1329/333 450/1330/333 446/1331/333 448/1332/333
f 456/1333/334 454/1334/334 453/1335/334 455/1336/334
f 459/1337/335 457/1338/335 458/1339/335 460/1340/335
f 453/1341/336 454/1342/336 458/1343/336 457/1344/336
f 456/1345/337 455/1346/337 459/1347/337 460/1348/337
f 455/1349/338 453/1350/338 457/1351/338 459/1352/338
f 460/1353/339 458/1354/339 454/1355/339 456/1356/339
f 464/1357/340 462/1358/340 461/1359/340 463/1360/340
f 467/1361/341 465/1362/341 466/1363/341 468/1364/341
f 461/1365/342 462/1366/342 466/1367/342 465/1368/342
f 464/1369/343 463/1370/343 467/1371/343 468/1372/343
f 463/1373/344 461/1374/344 465/1375/344 467/1376/344
f 468/1377/345 466/1378/345 462/1379/345 464/1380/345
f 472/1381/346 470/1382/346 469/1383/346 471/1384/346
f 475/1385/347 473/1386/347 474/1387/347 476/1388/347
f 469/1389/348 470/1390/348 474/1391/348 473/1392/348
f 472/1393/349 471/1394/349 475/1395/349 476/1396/349
f 471/1397/350 469/1398/350 473/1399/350 475/1400/350
f 476/1401/351 474/1402/351 470/1403/351 472/1404/351
f 480/1405/352 478/1406/352 477/1407/352 479/1408/352
f 483/1409/353 481/1410/353 482/1411/353 484/1412/353
f 477/1413/354 478/1414/354 482/1415/354 481/1416/354
f 480/1417/355 479/1418/355 483/1419/355 484/1420/355
f 479/1421/356 477/1422/356 481/1423/356 483/1424/356
f 484/1425/357 482/1426/357 478/1427/357 480/1428/357
f 488/1429/358 486/1430/358 485/1431/358 487/1432/358
f 491/1433/359 489/1434/359 490/1435/359 492/1436/359
f 485/1437/360 486/1438/360 490/1439/360 489/1440/360
f 488/1441/361 487/1442/361 491/1443/361 492/1444/361
f 487/1445/362 485/1446/362 489/1447/362 491/1448/362
f 492/1449/363 490/1450/363 486/1451/363 488/1452/363
f 496/1453/364 494/1454/364 493/1455/364 495/1456/364
f 499/1457/365 497/1458/365 498/1459/365 500/1460/365
f 493/1461/366 494/1462/366 498/1463/366 497/1464/366
f 496/1465/367 495/1466/367 499/1467/367 500/1468/367
f 495/1469/368 493/1470/368 497/1471/368 499/1472/368
f 500/1473/369 498/1474/369 494/1475/369 496/1476/369
f 504/1477/370 502/1478/370 501/1479/370 503/1480/370
f 507/1481/371 505/1482/371 506/1483/371 508/1484/371
f 501/1485/372 502/1486/372 506/1487/372 505/1488/372
f 504/1489/373 503/1490/373 507/1491/373 508/1492/373
f 503/1493/374 501/1494/374 505/1495/374 507/1496/374
f 508/1497/375 506/1498/375 502/1499/375 504/1500/375
f 512/1501/376 510/1502/376 509/1503/376 511/1504/376
f 515/1505/377 513/1506/377 514/1507/377 516/1508/377
f 509/1509/378 510/1510/378 514/1511/378 513/1512/378
f 512/1513/379 511/1514/379 515/1515/379 516/1516/379
f 511/1517/380 509/1518/380 513/1519/380 515/1520/380
f 516/1521/381 514/1522/381 510/1523/381 512/1524/381
f 520/1525/382 518/1526/382 517/1527/382 519/1528/382
f 523/1529/383 521/1530/383 522/1531/383 524/1532/383
f 517/1533/384 518/1534/384 522/1535/384 521/1536/384
f 520/1537/385 519/1538/385 523/1539/385 524/1540/385
f 519/1541/386 517/1542/386 521/1543/386 523/1544/386
f 524/1545/387 522/1546/387 518/1547/387 520/1548/387
f 528/1549/388 526/1550/388 525/1551/388 527/1552/388
f 531/1553/389 529/1554/389 530/1555/389 532/1556/389
f 525/1557/390 526/1558/390 530/1559/390 529/1560/390
f 528/1561/391 527/1562/391 531/1563/391 532/1564/391
f 527/1565/392 525/1566/392 529/1567/392 531/1568/392
f 532/1569/393 530/1570/393 526/1571/393 528/1572/393
f 536/1573/394 534/1574/394 533/1575/394 535/1576/394
f 539/1577/395 537/1578/395 538/1579/395 540/1580/395
f 533/1581/396 534/1582/396 538/1583/396 537/1584/396
f 536/1585/397 535/1586/397 539/1587/397 540/1588/397
f 535/1589/398 533/1590/398 537/1591/398 539/1592/398
f 540/1593/399 538/1594/399 534/1595/399 536/1596/399
f 544/1597/400 542/1598/400 541/1599/400 543/1600/400
f 547/1601/401 545/1602/401 546/1603/401 548/1604/401
f 541/1605/402 542/1606/402 546/1607/402 545/1608/402
f 544/1609/403 543/1610/403 547/1611/403 548/1612/403
f 543/1613/404 541/1614/404 545/1615/404 547/1616/404
f 548/1617/405 546/1618/405 542/1619/405 544/1620/405
f 552/1621/406 550/1622/406 549/1623/406 551/1624/406
f 555/1625/407 553/1626/407 554/1627/407 556/1628/407
f 549/1629/408 550/1630/408 554/1631/408 553/1632/408
f 552/1633/409 551/1634/409 555/1635/409 556/1636/409
f 551/1637/410 549/1638/410 553/1639/410 555/1640/410
f 556/1641/411 554/1642/411 550/1643/411 552/1644/411
f 560/1645/412 558/1646/412 557/1647/412 559/1648/412
f 563/1649/413 561/1650/413 562/1651/413 564/1652/413
f 557/1653/414 558/1654/414 562/1655/414 561/1656/414
f 560/1657/415 559/1658/415 563/1659/415 564/1660/415
f 559/1661/416 557/1662/416 561/1663/416 563/1664/416
f 564/1665/417 562/1666/417 558/1667/417 560/1668/417
f 568/1669/418 566/1670/418 565/1671/418 567/1672/418
f 571/1673/419 569/1674/419 570/1675/419 572/1676/419
f 565/1677/420 566/1678/420 570/1679/420 569/1680/420
f 568/1681/421 567/1682/421 571/1683/421 572/1684/421
f 567/1685/422 565/1686/422 569/1687/422 571/1688/422
f 572/1689/423 570/1690/423 566/1691/423 568/1692/423
f 576/1693/424 574/1694/424 573/1695/424 575/1696/424
f 579/1697/425 577/1698/425 578/1699/425 580/1700/425
f 573/1701/426 574/1702/426 578/1703/426 577/1704/426
f 576/1705/427 575/1706/427 579/1707/427 580/1708/427
f 575/1709/428 573/1710/428 577/1711/428 579/1712/428
f 580/1713/429 578/1714/429 574/1715/429 576/1716/429
