# Made in Blockbench 5.2.1
mtllib killa.mtl

o assault_brf
v -0.1875 1.24863375 -0.22450625
v 0.1875 1.450376875 -0.18162375
v 0.1875 1.24863375 -0.22450625
v 0.1875 1.437383125 -0.12049
v 0.1875 1.23564 -0.16337125
v -0.1875 1.437383125 -0.12049
v -0.1875 1.23564 -0.16337125
v -0.1875 1.450376875 -0.18162375
v -0.197608125 1.125711875 -0.19930875
v -0.185083125 1.56998375 -0.118501875
v -0.059903125 1.164809375 -0.18962875
v -0.186576875 1.555959375 -0.06158625
v -0.061396875 1.150785625 -0.1327125
v -0.199101875 1.111686875 -0.142393125
v -0.324281875 1.516860625 -0.07126625
v -0.322788125 1.530885 -0.1281825
v -0.25828 1.24852875 0.117711875
v -0.204878125 1.58207125 0.09897375
v -0.120641875 1.28896375 0.12692625
v -0.12608 1.29332375 0.18903625
v -0.21031625 1.58643125 0.16108375
v -0.34795375 1.545996875 0.15187
v -0.263718125 1.25289 0.179821875
v -0.34251625 1.541636875 0.08976
v -0.265625 0.75 0.10625
v 0.265625 1.4375 0.10625
v 0.265625 0.75 0.10625
v 0.265625 1.4375 0.2
v 0.265625 0.75 0.2
v -0.265625 1.4375 0.2
v -0.265625 0.75 0.2
v -0.265625 1.4375 0.10625
v 0.059903125 1.164809375 -0.18962875
v 0.322788125 1.530885 -0.1281825
v 0.197608125 1.125711875 -0.19930875
v 0.199101875 1.111686875 -0.142393125
v 0.324281875 1.516860625 -0.07126625
v 0.186576875 1.555959375 -0.06158625
v 0.061396875 1.150785625 -0.1327125
v 0.185083125 1.56998375 -0.118501875
v 0.120641875 1.28896375 0.12692625
v 0.34251625 1.541636875 0.08976
v 0.25828 1.24852875 0.117711875
v 0.34795375 1.545996875 0.15187
v 0.263718125 1.25289 0.179821875
v 0.12608 1.29332375 0.18903625
v 0.21031625 1.58643125 0.16108375
v 0.204878125 1.58207125 0.09897375
v -0.1875 1.41875 -0.1875
v -0.10625 1.60625 -0.1875
v -0.10625 1.41875 -0.1875
v -0.10625 1.60625 0.175
v -0.10625 1.41875 0.175
v -0.1875 1.60625 0.175
v -0.1875 1.41875 0.175
v -0.1875 1.60625 -0.1875
v 0.10625 1.41875 -0.1875
v 0.1875 1.60625 -0.1875
v 0.1875 1.41875 -0.1875
v 0.1875 1.60625 0.175
v 0.1875 1.41875 0.175
v 0.10625 1.60625 0.175
v 0.10625 1.41875 0.175
v 0.10625 1.60625 -0.1875
v 0.10625 1.4375 0.125
v 0.10625 1.60625 0.1875
v 0.10625 1.4375 0.1875
v -0.10625 1.60625 0.1875
v -0.10625 1.4375 0.1875
v -0.10625 1.60625 0.125
v -0.10625 1.4375 0.125
v 0.10625 1.60625 0.125
v 0.125 1.40135625 -0.193420625
v 0.125 1.60489375 -0.181579375
v 0.125 1.418045 -0.133050625
v -0.125 1.60489375 -0.181579375
v -0.125 1.418045 -0.133050625
v -0.125 1.588205 -0.241949375
v -0.125 1.40135625 -0.193420625
v 0.125 1.588205 -0.241949375
v -0.125 0.58125 -0.21875
v 0.125 0.64375 -0.21875
v 0.125 0.58125 -0.21875
v 0.125 0.64375 -0.1625
v 0.125 0.58125 -0.1625
v -0.125 0.64375 -0.1625
v -0.125 0.58125 -0.1625
v -0.125 0.64375 -0.21875
v -0.115830625 0.66875 -0.2375
v 0.115699375 0.707736875 -0.2375
v 0.115699375 0.66875 -0.2375
v 0.115699375 0.707736875 -0.18125
v 0.115699375 0.66875 -0.18125
v -0.115830625 0.707736875 -0.18125
v -0.115830625 0.66875 -0.18125
v -0.115830625 0.707736875 -0.2375
v -0.157583125 0.6968725 -0.24375
v 0.1549825 0.813833125 -0.24375
v 0.1549825 0.6968725 -0.24375
v 0.1549825 0.813833125 -0.18125
v 0.1549825 0.6968725 -0.18125
v -0.157583125 0.813833125 -0.18125
v -0.157583125 0.6968725 -0.18125
v -0.157583125 0.813833125 -0.24375
v 0.115636875 0.6686875 -0.2374375
v 0.115636875 0.72382375 -0.2374375
v 0.15656625 0.69625625 -0.2374375
v 0.15656625 0.69625625 -0.1811875
v 0.115636875 0.6686875 -0.1811875
v 0.115636875 0.72382375 -0.1811875
v 0.074706875 0.69625625 -0.1811875
v 0.074706875 0.69625625 -0.2374375
v -0.115768125 0.6686875 -0.2374375
v -0.115768125 0.72382375 -0.2374375
v -0.07483875 0.69625625 -0.2374375
v -0.07483875 0.69625625 -0.1811875
v -0.115768125 0.6686875 -0.1811875
v -0.115768125 0.72382375 -0.1811875
v -0.156698125 0.69625625 -0.1811875
v -0.156698125 0.69625625 -0.2374375
v -0.170145625 0.626395625 -0.2249375
v 0.167354375 0.813895625 -0.2249375
v 0.167354375 0.626395625 -0.2249375
v 0.167354375 0.813895625 -0.1624375
v 0.167354375 0.626395625 -0.1624375
v -0.170145625 0.813895625 -0.1624375
v -0.170145625 0.626395625 -0.1624375
v -0.170145625 0.813895625 -0.2249375
v -0.1250625 0.5811875 -0.2186875
v -0.1250625 0.66957625 -0.2186875
v -0.080868125 0.6253825 -0.2186875
v -0.080868125 0.6253825 -0.1624375
v -0.1250625 0.5811875 -0.1624375
v -0.1250625 0.66957625 -0.1624375
v -0.1692575 0.6253825 -0.1624375
v -0.1692575 0.6253825 -0.2186875
v 0.1250625 0.5811875 -0.2186875
v 0.1250625 0.66957625 -0.2186875
v 0.169256875 0.6253825 -0.2186875
v 0.169256875 0.6253825 -0.1624375
v 0.1250625 0.5811875 -0.1624375
v 0.1250625 0.66957625 -0.1624375
v 0.0808675 0.6253825 -0.1624375
v 0.0808675 0.6253825 -0.2186875
v -0.25 0.75 -0.225
v 0.25 1.25 -0.225
v 0.25 0.75 -0.225
v 0.25 1.25 -0.1
v 0.25 0.75 -0.1
v -0.25 1.25 -0.1
v -0.25 0.75 -0.1
v -0.25 1.25 -0.225
v -0.196615 1.57494125 -0.11091125
v -0.347780625 1.56839625 0.0502025
v -0.21961625 1.608028125 0.060949375
v -0.204789375 1.54897125 0.07301125
v -0.181788125 1.515885 -0.098849375
v -0.332953125 1.50933875 0.06226375
v -0.3099525 1.476253125 -0.10959625
v -0.324779375 1.53531 -0.121658125
v -0.33018 1.487518125 0.13916625
v -0.19421 1.55059625 0.04457125
v -0.194503125 1.527953125 0.14838
v -0.211983125 1.609075 0.057275
v -0.21227625 1.58643125 0.16108375
v -0.347660625 1.56864 0.04806125
v -0.34795375 1.545996875 0.15187
v -0.3298875 1.51016125 0.035356875
v 0.347780625 1.56839625 0.0502025
v 0.196615 1.57494125 -0.11091125
v 0.21961625 1.608028125 0.060949375
v 0.204789375 1.54897125 0.07301125
v 0.181788125 1.515885 -0.098849375
v 0.332953125 1.50933875 0.06226375
v 0.3099525 1.476253125 -0.10959625
v 0.324779375 1.53531 -0.121658125
v 0.19421 1.55059625 0.04457125
v 0.33018 1.487518125 0.13916625
v 0.194503125 1.527953125 0.14838
v 0.211983125 1.609075 0.057275
v 0.21227625 1.58643125 0.16108375
v 0.347660625 1.56864 0.04806125
v 0.34795375 1.545996875 0.15187
v 0.3298875 1.51016125 0.035356875
v -0.3125 0.8125 -0.1625
v -0.250000625 1.09375 -0.1625
v -0.25 0.8125 -0.1625
v -0.250000625 1.09375 0.15
v -0.25 0.8125 0.15
v -0.3125 1.093750625 0.15
v -0.3125 0.8125 0.15
v -0.3125 1.093750625 -0.1625
v 0.249999375 0.8125 -0.1625
v 0.312499375 1.09375 -0.1625
v 0.3125 0.8125 -0.1625
v 0.312499375 1.09375 0.15
v 0.3125 0.8125 0.15
v 0.25 1.093750625 0.15
v 0.249999375 0.8125 0.15
v 0.25 1.093750625 -0.1625
v -0.25358 0.81250625 -0.269278125
v -0.253579375 1.093744375 -0.269278125
v -0.171595 1.09374375 -0.223833125
v -0.171595 0.812506875 -0.223833125
v -0.2303725 0.81250625 -0.117796875
v -0.2303725 1.09374375 -0.117796875
v -0.312356875 1.093744375 -0.16324125
v -0.312356875 0.812506875 -0.16324125
v 0.253125 0.8125 -0.26875
v 0.253124375 1.093750625 -0.26875
v 0.253124375 1.093750625 -0.175
v 0.253125 0.8125 -0.175
v -0.253125625 0.812500625 -0.175
v -0.253125 1.09375 -0.175
v -0.253125 1.09375 -0.26875
v -0.253125625 0.812500625 -0.26875
v 0.3122025 0.81250625 -0.162158125
v 0.3122025 1.09374375 -0.162158125
v 0.230218125 1.09374375 -0.116713125
v 0.2302175 0.812506875 -0.116713125
v 0.1711375 0.81250625 -0.223296875
v 0.1711375 1.093744375 -0.223296875
v 0.2531225 1.09374375 -0.26874125
v 0.2531225 0.812506875 -0.26874125
v -0.021875625 0.850125 -0.325125
v -0.021875625 1.075125 -0.325125
v -0.021875625 1.075125 -0.206375
v -0.021875625 0.850125 -0.206375
v -0.128125 0.850125 -0.206375
v -0.128125 1.075125625 -0.206375
v -0.128125 1.075125625 -0.325125
v -0.128125 0.850125 -0.325125
v -0.05625 0.831375 -0.325125
v -0.05625 0.850125 -0.325125
v -0.05625 0.850125 -0.312625
v -0.05625 0.831375 -0.312625
v -0.093750625 0.831375625 -0.312625
v -0.09375 0.850125 -0.312625
v -0.09375 0.850125 -0.325125
v -0.093750625 0.831375625 -0.325125
v -0.025000625 0.818750625 -0.3125
v -0.025 0.912500625 -0.3125
v -0.025 0.912500625 -0.1875
v -0.025000625 0.818750625 -0.1875
v -0.118750625 0.818750625 -0.1875
v -0.118750625 0.912500625 -0.1875
v -0.118750625 0.912500625 -0.3125
v -0.118750625 0.818750625 -0.3125
v -0.006125 0.836875 -0.312625
v -0.006125 1.0618756249999999 -0.312625
v -0.006125 1.0618756249999999 -0.187625
v -0.006125 0.836875 -0.187625
v -0.1405 0.836875 -0.187625
v -0.1405 1.0618756249999999 -0.187625
v -0.1405 1.0618756249999999 -0.312625
v -0.1405 0.836875 -0.312625
v 0.1375 0.850125 -0.325125
v 0.137499375 1.075125625 -0.325125
v 0.137499375 1.075125625 -0.206375
v 0.1375 0.850125 -0.206375
v 0.031249375 0.850125625 -0.206375
v 0.03125 1.075125 -0.206375
v 0.03125 1.075125 -0.325125
v 0.031249375 0.850125625 -0.325125
v 0.103124375 0.831375625 -0.325125
v 0.103125 0.850125 -0.325125
v 0.103125 0.850125 -0.312625
v 0.103124375 0.831375625 -0.312625
v 0.065624375 0.831375 -0.312625
v 0.065624375 0.850125625 -0.312625
v 0.065624375 0.850125625 -0.325125
v 0.065624375 0.831375 -0.325125
v 0.134374375 0.81875 -0.3125
v 0.134374375 0.912500625 -0.3125
v 0.134374375 0.912500625 -0.1875
v 0.134374375 0.81875 -0.1875
v 0.040624375 0.81875 -0.1875
v 0.040624375 0.912500625 -0.1875
v 0.040624375 0.912500625 -0.3125
v 0.040624375 0.81875 -0.3125
v 0.15325 0.836875 -0.312625
v 0.15325 1.0618756249999999 -0.312625
v 0.15325 1.0618756249999999 -0.187625
v 0.15325 0.836875 -0.187625
v 0.018875 0.836875625 -0.187625
v 0.018875 1.0618756249999999 -0.187625
v 0.018875 1.0618756249999999 -0.312625
v 0.018875 0.836875625 -0.312625
v 0.29375875 0.850125625 -0.2689325
v 0.293758125 1.075125 -0.2689325
v 0.2435725 1.075125625 -0.161308125
v 0.2435725 0.850125 -0.161308125
v 0.1472775 0.850125 -0.20621125
v 0.1472775 1.075125625 -0.20621125
v 0.197463125 1.075125 -0.313835625
v 0.197463125 0.850125625 -0.313835625
v 0.262604375 0.831375 -0.28346
v 0.262604375 0.850125 -0.28346
v 0.257321875 0.850125625 -0.27213125
v 0.25732125 0.831375 -0.27213125
v 0.223335 0.831375 -0.287979375
v 0.223335 0.850125 -0.287979375
v 0.228618125 0.850125 -0.299308125
v 0.2286175 0.831375625 -0.299308125
v 0.285590625 0.818750625 -0.25881125
v 0.28559125 0.912500625 -0.25881125
v 0.23276375 0.9125 -0.1455225
v 0.232763125 0.81875 -0.1455225
v 0.147796875 0.818750625 -0.185143125
v 0.147796875 0.9125 -0.185143125
v 0.200624375 0.9125 -0.29843125
v 0.200624375 0.81875 -0.29843125
v 0.30275 0.836875625 -0.2509475
v 0.30275 1.0618750000000001 -0.2509475
v 0.2499225 1.0618750000000001 -0.13765875
v 0.2499225 0.836875 -0.13765875
v 0.128138125 0.836875625 -0.194448125
v 0.128138125 1.0618756249999999 -0.194448125
v 0.180965 1.0618756249999999 -0.307736875
v 0.180965 0.836875 -0.307736875
v -0.19746375 0.850125 -0.313835625
v -0.197464375 1.075125625 -0.313835625
v -0.147278125 1.075125 -0.20621125
v -0.147278125 0.850125625 -0.20621125
v -0.24357375 0.850125625 -0.161308125
v -0.243573125 1.075125 -0.161308125
v -0.29375875 1.075125 -0.2689325
v -0.293759375 0.850125 -0.2689325
v -0.228618125 0.831375625 -0.299308125
v -0.228618125 0.850125625 -0.299308125
v -0.223335625 0.850125 -0.287979375
v -0.223335625 0.831375 -0.287979375
v -0.257321875 0.831375 -0.27213125
v -0.257321875 0.850125 -0.27213125
v -0.262604375 0.850125625 -0.28346
v -0.262605 0.831375 -0.28346
v -0.200625 0.81875 -0.29843125
v -0.200625 0.912500625 -0.29843125
v -0.1477975 0.9125 -0.185143125
v -0.1477975 0.818750625 -0.185143125
v -0.232764375 0.81875 -0.1455225
v -0.23276375 0.912500625 -0.1455225
v -0.28559125 0.9125 -0.25881125
v -0.28559125 0.81875 -0.25881125
v -0.180965625 0.836875625 -0.307736875
v -0.180965625 1.0618750000000001 -0.307736875
v -0.128138125 1.0618756249999999 -0.194448125
v -0.128138125 0.836875 -0.194448125
v -0.24992375 0.836875625 -0.13765875
v -0.24992375 1.0618750000000001 -0.13765875
v -0.302750625 1.0618750000000001 -0.2509475
v -0.302750625 0.836875 -0.2509475
v 0.240625 1.09375 -0.26875
v 0.240624375 1.173299375 -0.189200625
v 0.240624375 1.107008125 -0.122909375
v 0.240625 1.02745875 -0.20245875
v -0.240625625 1.02745875 -0.20245875
v -0.240625625 1.107008125 -0.122909375
v -0.240625625 1.173299375 -0.189200625
v -0.240625625 1.093750625 -0.26875
v -0.174285625 1.029406875 -0.2457775
v -0.202348125 1.5648625 -0.20828375
v -0.20212 1.56050875 -0.14593625
v -0.1740575 1.025053125 -0.18343
v -0.248955 1.0211275 -0.18343
v -0.277016875 1.55658375 -0.14593625
v -0.277245 1.5609375 -0.20828375
v -0.249183125 1.02548125 -0.2457775
v -0.18985375 1.08762625 -0.261815625
v -0.212625 1.522133125 -0.216085
v -0.212385625 1.51756625 -0.172574375
v -0.189614375 1.083059375 -0.218305
v -0.239545625 1.0804425 -0.218305625
v -0.2623175 1.514949375 -0.172574375
v -0.262556875 1.51951625 -0.216085
v -0.239785 1.085009375 -0.261815625
v 0.239785 1.085009375 -0.261815625
v 0.262556875 1.51951625 -0.216085
v 0.2623175 1.514949375 -0.172574375
v 0.239545625 1.0804425 -0.218305625
v 0.189614375 1.083059375 -0.218305
v 0.212385625 1.51756625 -0.172574375
v 0.212625 1.522133125 -0.216085
v 0.18985375 1.08762625 -0.261815625
v -0.202406875 1.564809375 -0.20821125
v -0.205148125 1.6171075 0.074351875
v -0.201938125 1.55586125 0.08571875
v -0.1991975 1.503563125 -0.196844375
v -0.27397 1.499644375 -0.196844375
v -0.276710625 1.5519425 0.08571875
v -0.279920625 1.613189375 0.074351875
v -0.277179375 1.560890625 -0.20821125
v -0.20520625 1.617021875 0.074485
v -0.20310625 1.57694875 0.205738125
v -0.199990625 1.5175 0.187538125
v -0.202090625 1.557573125 0.056285
v -0.276738125 1.55366125 0.056285
v -0.274638125 1.513588125 0.187538125
v -0.27775375 1.57303625 0.205738125
v -0.27985375 1.613109375 0.074485
v 0.27985375 1.613109375 0.074485
v 0.27775375 1.57303625 0.205738125
v 0.274638125 1.513588125 0.187538125
v 0.276738125 1.55366125 0.056285
v 0.202090625 1.557573125 0.056285
v 0.199990625 1.5175 0.187538125
v 0.20310625 1.57694875 0.205738125
v 0.20520625 1.617021875 0.074485
v 0.277179375 1.560890625 -0.20821125
v 0.279920625 1.613189375 0.074351875
v 0.276710625 1.5519425 0.08571875
v 0.27397 1.499644375 -0.196844375
v 0.1991975 1.503563125 -0.196844375
v 0.201938125 1.55586125 0.08571875
v 0.205148125 1.6171075 0.074351875
v 0.202406875 1.564809375 -0.20821125
v -0.20317125 1.580576875 0.12472125
v -0.202985625 1.5770375 0.205894375
v -0.190895 1.346324375 0.1958075
v -0.19108 1.34986375 0.114634375
v -0.2659775 1.345938125 0.114634375
v -0.265791875 1.342399375 0.1958075
v -0.277883125 1.5731125 0.205894375
v -0.27806875 1.576651875 0.12472125
v 0.249183125 1.02548125 -0.2457775
v 0.277245 1.5609375 -0.20828375
v 0.277016875 1.55658375 -0.14593625
v 0.248955 1.0211275 -0.18343
v 0.1740575 1.025053125 -0.18343
v 0.20212 1.56050875 -0.14593625
v 0.202348125 1.5648625 -0.20828375
v 0.174285625 1.029406875 -0.2457775
v 0.27806875 1.576651875 0.12472125
v 0.277883125 1.5731125 0.205894375
v 0.265791875 1.342399375 0.1958075
v 0.2659775 1.345938125 0.114634375
v 0.19108 1.34986375 0.114634375
v 0.190895 1.346324375 0.1958075
v 0.202985625 1.5770375 0.205894375
v 0.20317125 1.580576875 0.12472125
v 0.291784375 0.93125625 0.173405625
v 0.291784375 0.97499375 0.173405625
v 0.25037875 0.97499375 0.220205625
v 0.25037875 0.93125625 0.220205625
v 0.231664375 0.93125625 0.20364875
v 0.231664375 0.97499375 0.20364875
v 0.27307 0.97499375 0.156848125
v 0.27307 0.93125625 0.156848125
v 0.291793125 0.93125 0.110905
v 0.291793125 0.975 0.110905
v 0.291793125 0.975 0.173405
v 0.291793125 0.93125 0.173405
v 0.260543125 0.93125 0.173405
v 0.260543125 0.975 0.173405
v 0.260543125 0.975 0.110905
v 0.260543125 0.93125 0.110905
v -0.27307 0.93125625 0.156848125
v -0.27307 0.97499375 0.156848125
v -0.231664375 0.97499375 0.20364875
v -0.231664375 0.93125625 0.20364875
v -0.25037875 0.93125625 0.220205625
v -0.25037875 0.97499375 0.220205625
v -0.291784375 0.97499375 0.173405625
v -0.291784375 0.93125625 0.173405625
v -0.260543125 0.93125 0.110905
v -0.260543125 0.975 0.110905
v -0.260543125 0.975 0.173405
v -0.260543125 0.93125 0.173405
v -0.291793125 0.93125 0.173405
v -0.291793125 0.975 0.173405
v -0.291793125 0.975 0.110905
v -0.291793125 0.93125 0.110905
v -0.249620625 0.93125 0.220214375
v -0.249620625 0.975 0.220214375
v -0.249620625 0.975 0.113964375
v -0.249620625 0.93125 0.113964375
v 0.250379375 0.93125 0.113964375
v 0.250379375 0.975 0.113964375
v 0.250379375 0.975 0.220214375
v 0.250379375 0.93125 0.220214375
v -0.005870625 0.925 0.226464375
v -0.005870625 0.98125 0.226464375
v -0.005870625 0.98125 0.107714375
v -0.005870625 0.925 0.107714375
v 0.031629375 0.925 0.107714375
v 0.031629375 0.98125 0.107714375
v 0.031629375 0.98125 0.226464375
v 0.031629375 0.925 0.226464375
v -0.170083125 0.626333125 -0.218875
v -0.127703125 0.63768875 -0.218875
v -0.127703125 0.63768875 -0.1625
v -0.170083125 0.626333125 -0.1625
v -0.204085 0.75323125 -0.1625
v -0.161705 0.764586875 -0.1625
v -0.161705 0.764586875 -0.218875
v -0.204085 0.75323125 -0.218875
v 0.202308125 0.75323125 -0.21875
v 0.159928125 0.764586875 -0.21875
v 0.159928125 0.764586875 -0.162375
v 0.202308125 0.75323125 -0.162375
v 0.16830625 0.626333125 -0.162375
v 0.12592625 0.63768875 -0.162375
v 0.12592625 0.63768875 -0.21875
v 0.16830625 0.626333125 -0.21875
v -0.19835252211062926 1.555927629757461 0.08395018712697644
v -0.125 1.58203125 0.15625
v -0.125 1.58203125 -0.1171875
v -0.125 1.41796875 0.15625
v -0.125 1.41796875 -0.1171875
v -0.203125 1.58203125 0.15625
v -0.203125 1.58203125 -0.1171875
v -0.203125 1.41796875 0.15625
v -0.203125 1.41796875 -0.1171875
v 0.203125 1.58203125 0.15625
v 0.203125 1.58203125 -0.1171875
v 0.203125 1.41796875 0.15625
v 0.203125 1.41796875 -0.1171875
v 0.171875 1.58203125 0.15625
v 0.171875 1.58203125 -0.1171875
v 0.171875 1.41796875 0.15625
v 0.171875 1.41796875 -0.1171875
vt 0.1484375 0.987109375
vt 0.125 1
vt 0.125 0.987109375
vt 0.22541875 0.7334849999999999
vt 0.2189175 0.745281875
vt 0.2215975 0.7326725000000001
vt 0.046875 0.869140625
vt 0.0234375 0.88203125
vt 0.0234375 0.869140625
vt 0.25798 0.8155162499999999
vt 0.26448125 0.827313125
vt 0.26066 0.828125
vt 0.2734375 0.984375
vt 0.25 0.98828125
vt 0.25 0.984375
vt 0.24609375 0.8671875
vt 0.26953125 0.86328125
vt 0.26953125 0.8671875
vt 0.051726875 0.889571875
vt 0.050811875 0.91796875
vt 0.043106875 0.892070625
vt 0.0263675 0.8369093750000001
vt 0.016289375 0.86236875
vt 0.02217125 0.835996875
vt 0.007843125 0.888671875
vt 0.008758125 0.91706875
vt 0.000138125 0.91457
vt 0.1064225 0.83984375
vt 0.108108125 0.867128125
vt 0.102226875 0.84075625
vt 0.266640625 0.739613125
vt 0.2578125 0.73501125
vt 0.26125 0.732436875
vt 0.23390625 0.73826625
vt 0.23585875 0.728515625
vt 0.239296875 0.73109
vt 0.05940125 0.853515625
vt 0.05617875 0.874413125
vt 0.05078125 0.85604875
vt 0.129478125 0.72700375
vt 0.134765625 0.74581
vt 0.130869375 0.74609375
vt 0.084329375 0.856635625
vt 0.0703125 0.87246625
vt 0.075709375 0.8541025
vt 0.185556875 0.73046875
vt 0.18806125 0.7498425
vt 0.184165625 0.74955875
vt 0.1101425 0.703125
vt 0.108513125 0.693464375
vt 0.112305 0.6944049999999999
vt 0.30371125 0.94817375
vt 0.297756875 0.94039375
vt 0.30154875 0.939453125
vt 0.033203125 0.95703125
vt 0 1
vt 0 0.95703125
vt 0.123046875 0.82421875
vt 0.1171875 0.8671875
vt 0.1171875 0.82421875
vt 0.072265625 0.95703125
vt 0.0390625 1
vt 0.0390625 0.95703125
vt 0.005859375 0.81640625
vt 0 0.859375
vt 0 0.81640625
vt 0.044921875 0.814453125
vt 0.01171875 0.8203125
vt 0.01171875 0.814453125
vt 0.212890625 0.923828125
vt 0.1796875 0.9296875
vt 0.1796875 0.923828125
vt 0.09458875 0.974101875
vt 0.078263125 0.997500625
vt 0.085968125 0.971603125
vt 0.134788125 0.84375
vt 0.1331025 0.871034375
vt 0.12890625 0.87012125
vt 0.032195625 0.888671875
vt 0.031280625 0.91706875
vt 0.023575625 0.89117125
vt 0.03125 0.8369093750000001
vt 0.041328125 0.86236875
vt 0.037131875 0.86328125
vt 0.11421875 0.903675625
vt 0.123046875 0.89907375
vt 0.11765625 0.90625
vt 0.26265625 0.789683125
vt 0.271484375 0.794285625
vt 0.268046875 0.796859375
vt 0.13964875 0.9615175
vt 0.12563125 0.977348125
vt 0.13102875 0.958984375
vt 0.19920875 0.73046875
vt 0.196704375 0.7498431249999999
vt 0.1953125 0.730753125
vt 0.129538125 0.891791875
vt 0.143555 0.9076225
vt 0.134935 0.91015625
vt 0.21231875 0.73091
vt 0.20703125 0.74971625
vt 0.208423125 0.73062625
vt 0.12890625 0.694404375
vt 0.13486 0.7021843750000001
vt 0.13106875 0.703125
vt 0.02734375 0.70208
vt 0.0332975 0.6942999999999999
vt 0.031135 0.70302
vt 0.275 0.6953125
vt 0.269921875 0.70703125
vt 0.269921875 0.6953125
vt 0.175390625 0.98828125
vt 0.152734375 1
vt 0.152734375 0.98828125
vt 0.2984375 0.7109375
vt 0.293359375 0.72265625
vt 0.293359375 0.7109375
vt 0.066015625 0.8359375
vt 0.043359375 0.84765625
vt 0.043359375 0.8359375
vt 0.2515625 0.75859375
vt 0.246484375 0.78125
vt 0.246484375 0.75859375
vt 0.2515625 0.73046875
vt 0.246484375 0.753125
vt 0.246484375 0.73046875
vt 0.28671875 0.6953125
vt 0.281640625 0.70703125
vt 0.281640625 0.6953125
vt 0.093359375 0.8359375
vt 0.070703125 0.84765625
vt 0.070703125 0.8359375
vt 0.2984375 0.6953125
vt 0.293359375 0.70703125
vt 0.293359375 0.6953125
vt 0.179296875 0.9453125
vt 0.156640625 0.95703125
vt 0.156640625 0.9453125
vt 0.15390625 0.72734375
vt 0.148828125 0.75
vt 0.148828125 0.72734375
vt 0.17734375 0.7265625
vt 0.172265625 0.74921875
vt 0.172265625 0.7265625
vt 0.0859375 0.684765625
vt 0.08203125 0.6953125
vt 0.08203125 0.684765625
vt 0.03691375 0.766796875
vt 0.023633125 0.77734375
vt 0.023633125 0.766796875
vt 0.30859375 0.880078125
vt 0.3046875 0.890625
vt 0.3046875 0.880078125
vt 0.236133125 0.782421875
vt 0.222851875 0.79296875
vt 0.222851875 0.782421875
vt 0.297070625 0.89453125
vt 0.310351875 0.8984375
vt 0.297070625 0.8984375
vt 0.154101875 0.703125
vt 0.14082 0.69921875
vt 0.154101875 0.69921875
vt 0.1484375 0.987109375
vt 0.1484375 1
vt 0.125 1
vt 0.22541875 0.7334849999999999
vt 0.22273875 0.74609375
vt 0.2189175 0.745281875
vt 0.046875 0.869140625
vt 0.046875 0.88203125
vt 0.0234375 0.88203125
vt 0.25798 0.8155162499999999
vt 0.26180125 0.8147037500000001
vt 0.26448125 0.827313125
vt 0.2734375 0.984375
vt 0.2734375 0.98828125
vt 0.25 0.98828125
vt 0.24609375 0.8671875
vt 0.24609375 0.86328125
vt 0.26953125 0.86328125
vt 0.051726875 0.889571875
vt 0.0594325 0.915469375
vt 0.050811875 0.91796875
vt 0.0263675 0.8369093750000001
vt 0.020485 0.86328125
vt 0.016289375 0.86236875
vt 0.007843125 0.888671875
vt 0.01646375 0.89117125
vt 0.008758125 0.91706875
vt 0.1064225 0.83984375
vt 0.112305 0.866215
vt 0.108108125 0.867128125
vt 0.266640625 0.739613125
vt 0.263203125 0.7421875
vt 0.2578125 0.73501125
vt 0.23390625 0.73826625
vt 0.23046875 0.735691875
vt 0.23585875 0.728515625
vt 0.05940125 0.853515625
vt 0.06479875 0.871879375
vt 0.05617875 0.874413125
vt 0.129478125 0.72700375
vt 0.13337375 0.72672
vt 0.134765625 0.74581
vt 0.084329375 0.856635625
vt 0.078931875 0.875
vt 0.0703125 0.87246625
vt 0.185556875 0.73046875
vt 0.189453125 0.730753125
vt 0.18806125 0.7498431249999999
vt 0.1101425 0.703125
vt 0.106350625 0.7021843750000001
vt 0.108513125 0.693464375
vt 0.30371125 0.94817375
vt 0.29992 0.94911375
vt 0.297756875 0.94039375
vt 0.033203125 0.95703125
vt 0.033203125 1
vt 0 1
vt 0.123046875 0.82421875
vt 0.123046875 0.8671875
vt 0.1171875 0.8671875
vt 0.072265625 0.95703125
vt 0.072265625 1
vt 0.0390625 1
vt 0.005859375 0.81640625
vt 0.005859375 0.859375
vt 0 0.859375
vt 0.044921875 0.814453125
vt 0.044921875 0.8203125
vt 0.01171875 0.8203125
vt 0.212890625 0.923828125
vt 0.212890625 0.9296875
vt 0.1796875 0.9296875
vt 0.09458875 0.974101875
vt 0.086883125 1
vt 0.078263125 0.997500625
vt 0.134788125 0.84375
vt 0.138984375 0.8446625
vt 0.1331025 0.871034375
vt 0.032195625 0.888671875
vt 0.03990125 0.91457
vt 0.031280625 0.91706875
vt 0.03125 0.8369093750000001
vt 0.03544625 0.835996875
vt 0.041328125 0.86236875
vt 0.11421875 0.903675625
vt 0.119609375 0.896499375
vt 0.123046875 0.89907375
vt 0.26265625 0.789683125
vt 0.26609375 0.787109375
vt 0.271484375 0.794285625
vt 0.13964875 0.9615175
vt 0.13425125 0.979881875
vt 0.12563125 0.977348125
vt 0.19920875 0.73046875
vt 0.2006 0.74955875
vt 0.196704375 0.7498425
vt 0.129538125 0.891791875
vt 0.138158125 0.88925875
vt 0.143555 0.9076225
vt 0.21231875 0.73091
vt 0.2109275 0.75
vt 0.20703125 0.74971625
vt 0.12890625 0.694404375
vt 0.1326975 0.693464375
vt 0.13486 0.7021850000000001
vt 0.02734375 0.70208
vt 0.02950625 0.693359375
vt 0.0332975 0.6942999999999999
vt 0.275 0.6953125
vt 0.275 0.70703125
vt 0.269921875 0.70703125
vt 0.175390625 0.98828125
vt 0.175390625 1
vt 0.152734375 1
vt 0.2984375 0.7109375
vt 0.2984375 0.72265625
vt 0.293359375 0.72265625
vt 0.066015625 0.8359375
vt 0.066015625 0.84765625
vt 0.043359375 0.84765625
vt 0.2515625 0.75859375
vt 0.2515625 0.78125
vt 0.246484375 0.78125
vt 0.2515625 0.73046875
vt 0.2515625 0.753125
vt 0.246484375 0.753125
vt 0.28671875 0.6953125
vt 0.28671875 0.70703125
vt 0.281640625 0.70703125
vt 0.093359375 0.8359375
vt 0.093359375 0.84765625
vt 0.070703125 0.84765625
vt 0.2984375 0.6953125
vt 0.2984375 0.70703125
vt 0.293359375 0.70703125
vt 0.179296875 0.9453125
vt 0.179296875 0.95703125
vt 0.156640625 0.95703125
vt 0.15390625 0.72734375
vt 0.15390625 0.75
vt 0.148828125 0.75
vt 0.17734375 0.7265625
vt 0.17734375 0.74921875
vt 0.172265625 0.74921875
vt 0.0859375 0.684765625
vt 0.0859375 0.6953125
vt 0.08203125 0.6953125
vt 0.03691375 0.766796875
vt 0.03691375 0.77734375
vt 0.023633125 0.77734375
vt 0.30859375 0.880078125
vt 0.30859375 0.890625
vt 0.3046875 0.890625
vt 0.236133125 0.782421875
vt 0.236133125 0.79296875
vt 0.222851875 0.79296875
vt 0.297070625 0.89453125
vt 0.310351875 0.89453125
vt 0.310351875 0.8984375
vt 0.154101875 0.703125
vt 0.14082 0.703125
vt 0.14082 0.69921875
vt 0.261600625 0.7489975
vt 0.260860625 0.76171875
vt 0.2578275 0.750040625
vt 0.1953125 0.905903125
vt 0.1796875 0.91796875
vt 0.1796875 0.905903125
vt 0.26463375 0.769571875
vt 0.2578275 0.780206875
vt 0.260860625 0.76852875
vt 0.06640625 0.807616875
vt 0.05078125 0.8196825
vt 0.05078125 0.807616875
vt 0.29296875 0.8515625
vt 0.27734375 0.847648125
vt 0.29296875 0.847648125
vt 0.29296875 0.897469375
vt 0.27734375 0.893554375
vt 0.29296875 0.893554375
vt 0.261600625 0.7489975
vt 0.26463375 0.760675625
vt 0.260860625 0.76171875
vt 0.1953125 0.905903125
vt 0.1953125 0.91796875
vt 0.1796875 0.91796875
vt 0.26463375 0.769571875
vt 0.261600625 0.78125
vt 0.2578275 0.780206875
vt 0.06640625 0.807616875
vt 0.06640625 0.8196825
vt 0.05078125 0.8196825
vt 0.29296875 0.8515625
vt 0.27734375 0.8515625
vt 0.27734375 0.847648125
vt 0.29296875 0.897469375
vt 0.27734375 0.897469375
vt 0.27734375 0.893554375
vt 0.29296875 0.9140625
vt 0.27734375 0.91796875
vt 0.27734375 0.9140625
vt 0.093555 0.671875
vt 0.090039375 0.67578125
vt 0.090039375 0.671875
vt 0.29296875 0.78515625
vt 0.27734375 0.7890625
vt 0.27734375 0.78515625
vt 0.32793 0.90625
vt 0.324414375 0.91015625
vt 0.324414375 0.90625
vt 0.3125 0.930078125
vt 0.296875 0.93359375
vt 0.296875 0.930078125
vt 0.3125 0.9140625
vt 0.296875 0.917578125
vt 0.296875 0.9140625
vt 0.29296875 0.9140625
vt 0.29296875 0.91796875
vt 0.27734375 0.91796875
vt 0.093555 0.671875
vt 0.093555 0.67578125
vt 0.090039375 0.67578125
vt 0.29296875 0.78515625
vt 0.29296875 0.7890625
vt 0.27734375 0.7890625
vt 0.32793 0.90625
vt 0.32793 0.91015625
vt 0.324414375 0.91015625
vt 0.3125 0.930078125
vt 0.3125 0.93359375
vt 0.296875 0.93359375
vt 0.3125 0.9140625
vt 0.3125 0.917578125
vt 0.296875 0.917578125
vt 0.315340625 0.923344375
vt 0.30087 0.92578125
vt 0.30087 0.923344375
vt 0.00371125 0.669438125
vt 0.000195625 0.671875
vt 0.000195625 0.669438125
vt 0.319246875 0.907719375
vt 0.30477625 0.91015625
vt 0.30477625 0.907719375
vt 0.33183625 0.997563125
vt 0.328320625 1
vt 0.328320625 0.997563125
vt 0.311434375 0.848046875
vt 0.29696375 0.8515625
vt 0.29696375 0.848046875
vt 0.217684375 0.69921875
vt 0.20321375 0.702734375
vt 0.20321375 0.69921875
vt 0.2114275 0.93409625
vt 0.1918925 0.94140625
vt 0.1918925 0.93409625
vt 0.31640625 0.7348775000000001
vt 0.3125 0.7421875
vt 0.3125 0.7348775000000001
vt 0.2426775 0.90284625
vt 0.2231425 0.91015625
vt 0.2231425 0.90284625
vt 0.265625 0.6801900000000001
vt 0.26171875 0.6875
vt 0.26171875 0.6801900000000001
vt 0.28564625 0.875
vt 0.26611125 0.87890625
vt 0.26611125 0.875
vt 0.03564625 0.7265625
vt 0.01611125 0.73046875
vt 0.01611125 0.7265625
vt 0.315340625 0.923344375
vt 0.315340625 0.92578125
vt 0.30087 0.92578125
vt 0.00371125 0.669438125
vt 0.00371125 0.671875
vt 0.000195625 0.671875
vt 0.319246875 0.907719375
vt 0.319246875 0.91015625
vt 0.30477625 0.91015625
vt 0.33183625 0.997563125
vt 0.33183625 1
vt 0.328320625 1
vt 0.311434375 0.848046875
vt 0.311434375 0.8515625
vt 0.29696375 0.8515625
vt 0.217684375 0.69921875
vt 0.217684375 0.702734375
vt 0.20321375 0.702734375
vt 0.2114275 0.93409625
vt 0.2114275 0.94140625
vt 0.1918925 0.94140625
vt 0.31640625 0.7348775000000001
vt 0.31640625 0.7421875
vt 0.3125 0.7421875
vt 0.2426775 0.90284625
vt 0.2426775 0.91015625
vt 0.2231425 0.91015625
vt 0.265625 0.6801900000000001
vt 0.265625 0.6875
vt 0.26171875 0.6875
vt 0.28564625 0.875
vt 0.28564625 0.87890625
vt 0.26611125 0.87890625
vt 0.03564625 0.7265625
vt 0.03564625 0.73046875
vt 0.01611125 0.73046875
vt 0.31933625 0.703585
vt 0.31933625 0.70703125
vt 0.3167775 0.705308125
vt 0.28496125 0.671875
vt 0.281445625 0.674959375
vt 0.281445625 0.671875
vt 0.31933625 0.6957725
vt 0.31933625 0.69921875
vt 0.3167775 0.697495625
vt 0.32793 0.68051
vt 0.324414375 0.68359375
vt 0.324414375 0.68051
vt 0.312695625 0.6726975
vt 0.31621125 0.67578125
vt 0.312695625 0.67578125
vt 0.304883125 0.671875
vt 0.30839875 0.67495875
vt 0.304883125 0.67495875
vt 0.31933625 0.703585
vt 0.321894375 0.705308125
vt 0.31933625 0.70703125
vt 0.28496125 0.671875
vt 0.28496125 0.674959375
vt 0.281445625 0.674959375
vt 0.31933625 0.6957725
vt 0.321894375 0.697495625
vt 0.31933625 0.69921875
vt 0.32793 0.68051
vt 0.32793 0.68359375
vt 0.324414375 0.68359375
vt 0.312695625 0.6726975
vt 0.31621125 0.6726975
vt 0.31621125 0.67578125
vt 0.304883125 0.671875
vt 0.30839875 0.671875
vt 0.30839875 0.67495875
vt 0.3076175 0.6801475
vt 0.3076175 0.68359375
vt 0.30505875 0.681870625
vt 0.32793 0.71875
vt 0.324414375 0.721834375
vt 0.324414375 0.71875
vt 0.31933625 0.68796
vt 0.31933625 0.69140625
vt 0.3167775 0.689683125
vt 0.32402375 0.6726975
vt 0.320508125 0.67578125
vt 0.320508125 0.6726975
vt 0.297070625 0.672696875
vt 0.30058625 0.67578125
vt 0.297070625 0.67578125
vt 0.289258125 0.671875
vt 0.29277375 0.674959375
vt 0.289258125 0.674959375
vt 0.3076175 0.6801475
vt 0.310175625 0.681870625
vt 0.3076175 0.68359375
vt 0.32793 0.71875
vt 0.32793 0.721834375
vt 0.324414375 0.721834375
vt 0.31933625 0.68796
vt 0.321894375 0.689683125
vt 0.31933625 0.69140625
vt 0.32402375 0.6726975
vt 0.32402375 0.67578125
vt 0.320508125 0.67578125
vt 0.297070625 0.672696875
vt 0.30058625 0.672696875
vt 0.30058625 0.67578125
vt 0.289258125 0.671875
vt 0.29277375 0.671875
vt 0.29277375 0.674959375
vt 0.181445625 0.87109375
vt 0.16035125 0.8828125
vt 0.16035125 0.87109375
vt 0.11328125 0.82421875
vt 0.109375 0.8359375
vt 0.109375 0.82421875
vt 0.185351875 0.97265625
vt 0.164258125 0.984375
vt 0.164258125 0.97265625
vt 0.07421875 0.80859375
vt 0.0703125 0.8203125
vt 0.0703125 0.80859375
vt 0.283008125 0.85546875
vt 0.261914375 0.859375
vt 0.261914375 0.85546875
vt 0.286914375 0.9765625
vt 0.265820625 0.98046875
vt 0.265820625 0.9765625
vt 0.181445625 0.87109375
vt 0.181445625 0.8828125
vt 0.16035125 0.8828125
vt 0.11328125 0.82421875
vt 0.11328125 0.8359375
vt 0.109375 0.8359375
vt 0.185351875 0.97265625
vt 0.185351875 0.984375
vt 0.164258125 0.984375
vt 0.07421875 0.80859375
vt 0.07421875 0.8203125
vt 0.0703125 0.8203125
vt 0.283008125 0.85546875
vt 0.283008125 0.859375
vt 0.261914375 0.859375
vt 0.286914375 0.9765625
vt 0.286914375 0.98046875
vt 0.265820625 0.98046875
vt 0.0263675 0.681975625
vt 0.0263675 0.6875
vt 0.023605 0.684738125
vt 0.1013675 0.671875
vt 0.097851875 0.67578125
vt 0.097851875 0.671875
vt 0.10839875 0.681975625
vt 0.10839875 0.6875
vt 0.10563625 0.684738125
vt 0.1169925 0.671875
vt 0.113476875 0.67578125
vt 0.113476875 0.671875
vt 0.074414375 0.671875
vt 0.07793 0.67578125
vt 0.074414375 0.67578125
vt 0.066601875 0.670898125
vt 0.0701175 0.674804375
vt 0.066601875 0.674804375
vt 0.0263675 0.681975625
vt 0.029129375 0.684738125
vt 0.0263675 0.6875
vt 0.1013675 0.671875
vt 0.1013675 0.67578125
vt 0.097851875 0.67578125
vt 0.10839875 0.681975625
vt 0.111160625 0.684738125
vt 0.10839875 0.6875
vt 0.1169925 0.671875
vt 0.1169925 0.67578125
vt 0.113476875 0.67578125
vt 0.074414375 0.671875
vt 0.07793 0.671875
vt 0.07793 0.67578125
vt 0.066601875 0.670898125
vt 0.0701175 0.670898125
vt 0.0701175 0.674804375
vt 0.31543 0.885100625
vt 0.31543 0.890625
vt 0.3126675 0.887863125
vt 0.0544925 0.670898125
vt 0.050976875 0.674804375
vt 0.050976875 0.670898125
vt 0.31543 0.873381875
vt 0.31543 0.87890625
vt 0.3126675 0.876144375
vt 0.32793 0.8828125
vt 0.324414375 0.88671875
vt 0.324414375 0.8828125
vt 0.324414375 0.890625
vt 0.32793 0.89453125
vt 0.324414375 0.89453125
vt 0.105664375 0.671875
vt 0.10918 0.67578125
vt 0.105664375 0.67578125
vt 0.31543 0.885100625
vt 0.318191875 0.887863125
vt 0.31543 0.890625
vt 0.0544925 0.670898125
vt 0.0544925 0.674804375
vt 0.050976875 0.674804375
vt 0.31543 0.873381875
vt 0.318191875 0.876144375
vt 0.31543 0.87890625
vt 0.32793 0.8828125
vt 0.32793 0.88671875
vt 0.324414375 0.88671875
vt 0.324414375 0.890625
vt 0.32793 0.890625
vt 0.32793 0.89453125
vt 0.105664375 0.671875
vt 0.10918 0.671875
vt 0.10918 0.67578125
vt 0.03125 0.921875
vt 0 0.953125
vt 0 0.921875
vt 0.13671875 0.80859375
vt 0.12890625 0.83984375
vt 0.12890625 0.80859375
vt 0.06640625 0.921875
vt 0.03515625 0.953125
vt 0.03515625 0.921875
vt 0.10546875 0.8046875
vt 0.09765625 0.8359375
vt 0.09765625 0.8046875
vt 0.1875 0.93359375
vt 0.15625 0.94140625
vt 0.15625 0.93359375
vt 0.1953125 0.9609375
vt 0.1640625 0.96875
vt 0.1640625 0.9609375
vt 0.03125 0.921875
vt 0.03125 0.953125
vt 0 0.953125
vt 0.13671875 0.80859375
vt 0.13671875 0.83984375
vt 0.12890625 0.83984375
vt 0.06640625 0.921875
vt 0.06640625 0.953125
vt 0.03515625 0.953125
vt 0.10546875 0.8046875
vt 0.10546875 0.8359375
vt 0.09765625 0.8359375
vt 0.1875 0.93359375
vt 0.1875 0.94140625
vt 0.15625 0.94140625
vt 0.1953125 0.9609375
vt 0.1953125 0.96875
vt 0.1640625 0.96875
vt 0.109583125 0.883064375
vt 0.12890625 0.881569375
vt 0.11788 0.890625
vt 0.21484375 0.7242824999999999
vt 0.20333875 0.7224925
vt 0.214329375 0.7202124999999999
vt 0.1328125 0.921165
vt 0.113489375 0.919669375
vt 0.12178625 0.912109375
vt 0.082244375 0.7277024999999999
vt 0.09375 0.7259131249999999
vt 0.093235625 0.729983125
vt 0.27006875 0.8439125000000001
vt 0.254345 0.8451443750000001
vt 0.256023125 0.841400625
vt 0.27006875 0.8055012500000001
vt 0.254345 0.80427
vt 0.26839125 0.8017575
vt 0.17590875 0.8173825
vt 0.168156875 0.831948125
vt 0.1640625 0.826719375
vt 0.302145 0.752135
vt 0.307581875 0.7578125
vt 0.301133125 0.7562275
vt 0.191293125 0.85660875
vt 0.17621 0.86320125
vt 0.17621 0.8565612499999999
vt 0.3046875 0.7912025
vt 0.29722625 0.788694375
vt 0.303675 0.787109375
vt 0.25233125 1
vt 0.26524625 0.9936725
vt 0.267191875 0.99741375
vt 0.267191875 0.964500625
vt 0.25038625 0.965655
vt 0.25233125 0.96191375
vt 0.109583125 0.883064375
vt 0.120609375 0.87400875
vt 0.12890625 0.881569375
vt 0.21484375 0.7242824999999999
vt 0.203853125 0.7265625
vt 0.20333875 0.7224925
vt 0.1328125 0.921165
vt 0.124515625 0.928725625
vt 0.113489375 0.919669375
vt 0.082244375 0.7277024999999999
vt 0.08275875 0.7236325
vt 0.09375 0.7259131249999999
vt 0.27006875 0.8439125000000001
vt 0.26839125 0.84765625
vt 0.254345625 0.8451443750000001
vt 0.27006875 0.8055012500000001
vt 0.256023125 0.80801375
vt 0.254345 0.80427
vt 0.17590875 0.8173825
vt 0.1800025 0.82261125
vt 0.168156875 0.831948125
vt 0.191293125 0.85660875
vt 0.191293125 0.863249375
vt 0.17621 0.86320125
vt 0.3046875 0.7912025
vt 0.29823875 0.792786875
vt 0.29722625 0.788694375
vt 0.25233125 1
vt 0.25038625 0.996259375
vt 0.26524625 0.9936725
vt 0.267191875 0.964500625
vt 0.26524625 0.9682412499999999
vt 0.25038625 0.965655
vt 0.12890625 0.881569375
vt 0.109583125 0.883064375
vt 0.11788 0.890625
vt 0.20333875 0.7224925
vt 0.21484375 0.7242824999999999
vt 0.214329375 0.7202124999999999
vt 0.113489375 0.919669375
vt 0.1328125 0.921165
vt 0.12178625 0.912109375
vt 0.09375 0.7259131249999999
vt 0.082244375 0.7277024999999999
vt 0.093235625 0.729983125
vt 0.254345 0.8451443750000001
vt 0.27006875 0.8439125000000001
vt 0.256023125 0.841400625
vt 0.254345 0.80427
vt 0.27006875 0.8055012500000001
vt 0.26839125 0.8017575
vt 0.168156875 0.831948125
vt 0.17590875 0.8173825
vt 0.1640625 0.826719375
vt 0.307581875 0.7578125
vt 0.302145 0.752135
vt 0.301133125 0.7562275
vt 0.17621 0.86320125
vt 0.191293125 0.85660875
vt 0.17621 0.8565612499999999
vt 0.29722625 0.788694375
vt 0.3046875 0.7912025
vt 0.303675 0.787109375
vt 0.26524625 0.9936725
vt 0.25233125 1
vt 0.267191875 0.99741375
vt 0.25038625 0.965655
vt 0.267191875 0.964500625
vt 0.25233125 0.96191375
vt 0.120609375 0.87400875
vt 0.109583125 0.883064375
vt 0.12890625 0.881569375
vt 0.203853125 0.7265625
vt 0.21484375 0.7242824999999999
vt 0.20333875 0.7224925
vt 0.124515625 0.928725625
vt 0.1328125 0.921165
vt 0.113489375 0.919669375
vt 0.08275875 0.7236325
vt 0.082244375 0.7277024999999999
vt 0.09375 0.7259131249999999
vt 0.26839125 0.84765625
vt 0.27006875 0.8439125000000001
vt 0.254345625 0.8451443750000001
vt 0.256023125 0.80801375
vt 0.27006875 0.8055012500000001
vt 0.254345 0.80427
vt 0.1800025 0.82261125
vt 0.17590875 0.8173825
vt 0.168156875 0.831948125
vt 0.30859375 0.753719375
vt 0.302145 0.752135
vt 0.307581875 0.7578125
vt 0.191293125 0.863249375
vt 0.191293125 0.85660875
vt 0.17621 0.86320125
vt 0.29823875 0.792786875
vt 0.3046875 0.7912025
vt 0.29722625 0.788694375
vt 0.25038625 0.996259375
vt 0.25233125 1
vt 0.26524625 0.9936725
vt 0.26524625 0.9682412499999999
vt 0.267191875 0.964500625
vt 0.25038625 0.965655
vt 0.220043125 0.84714625
vt 0.23601125 0.85546875
vt 0.2190325 0.850919375
vt 0.12109375 0.982421875
vt 0.1015625 1
vt 0.1015625 0.982421875
vt 0.2370225 0.835294375
vt 0.2190325 0.8360706250000001
vt 0.23601125 0.83152125
vt 0.1328125 0.935546875
vt 0.11328125 0.953125
vt 0.11328125 0.935546875
vt 0.2890625 0.765625
vt 0.26953125 0.76171875
vt 0.2890625 0.76171875
vt 0.078125 0.7294925
vt 0.05859375 0.725585625
vt 0.078125 0.725585625
vt 0.22395 0.96824
vt 0.2399175 0.9765625
vt 0.22293875 0.972013125
vt 0.12109375 0.958984375
vt 0.1015625 0.9765625
vt 0.1015625 0.958984375
vt 0.24092875 0.921231875
vt 0.22293875 0.9220075
vt 0.2399175 0.91745875
vt 0.08203125 0.880859375
vt 0.0625 0.8984375
vt 0.0625 0.880859375
vt 0.2890625 0.7734375
vt 0.26953125 0.76953125
vt 0.2890625 0.76953125
vt 0.2890625 0.78125
vt 0.26953125 0.77734375
vt 0.2890625 0.77734375
vt 0.220043125 0.84714625
vt 0.2370225 0.8516956250000001
vt 0.23601125 0.85546875
vt 0.12109375 0.982421875
vt 0.12109375 1
vt 0.1015625 1
vt 0.2370225 0.835294375
vt 0.220043125 0.83984375
vt 0.2190325 0.8360706250000001
vt 0.1328125 0.935546875
vt 0.1328125 0.953125
vt 0.11328125 0.953125
vt 0.2890625 0.765625
vt 0.26953125 0.765625
vt 0.26953125 0.76171875
vt 0.078125 0.7294925
vt 0.05859375 0.7294925
vt 0.05859375 0.725585625
vt 0.22395 0.96824
vt 0.24092875 0.97278875
vt 0.2399175 0.9765625
vt 0.12109375 0.958984375
vt 0.12109375 0.9765625
vt 0.1015625 0.9765625
vt 0.24092875 0.921231875
vt 0.223949375 0.92578125
vt 0.22293875 0.9220075
vt 0.08203125 0.880859375
vt 0.08203125 0.8984375
vt 0.0625 0.8984375
vt 0.2890625 0.7734375
vt 0.26953125 0.7734375
vt 0.26953125 0.76953125
vt 0.2890625 0.78125
vt 0.26953125 0.78125
vt 0.26953125 0.77734375
vt 0.29296875 0.7421875
vt 0.30859375 0.7421875
vt 0.30859375 0.74609375
vt 0.29296875 0.74609375
vt 0.109375 0.9375
vt 0.109375 0.953125
vt 0.10546875 0.953125
vt 0.10546875 0.9375
vt 0.015625 0.84375
vt 0.01171875 0.84375
vt 0.01171875 0.8359375
vt 0.015625 0.8359375
vt 0.0234375 0.9140625
vt 0.0234375 0.91796875
vt 0.015625 0.91796875
vt 0.015625 0.9140625
vt 0.25390625 0.8828125
vt 0.25390625 0.8984375
vt 0.24609375 0.8984375
vt 0.24609375 0.8828125
vt 0.24609375 0.87109375
vt 0.26171875 0.87109375
vt 0.26171875 0.87890625
vt 0.24609375 0.87890625
vt 0.22265625 0.98046875
vt 0.22265625 1
vt 0.21484375 1
vt 0.21484375 0.98046875
vt 0.05078125 0.765625
vt 0.05078125 0.78515625
vt 0.04296875 0.78515625
vt 0.04296875 0.765625
vt 0.171875 0.8671875
vt 0.1640625 0.8671875
vt 0.1640625 0.8359375
vt 0.171875 0.8359375
vt 0.1484375 0.8359375
vt 0.140625 0.8359375
vt 0.140625 0.8046875
vt 0.1484375 0.8046875
vt 0.1015625 0.9375
vt 0.1015625 0.953125
vt 0.0703125 0.953125
vt 0.0703125 0.9375
vt 0.0703125 0.90234375
vt 0.0859375 0.90234375
vt 0.0859375 0.93359375
vt 0.0703125 0.93359375
vt 0.21875 0.75390625
vt 0.21875 0.76953125
vt 0.21484375 0.76953125
vt 0.21484375 0.75390625
vt 0.29296875 0.953125
vt 0.30859375 0.953125
vt 0.30859375 0.95703125
vt 0.29296875 0.95703125
vt 0.05859375 0.87890625
vt 0.05859375 0.8828125
vt 0.05078125 0.8828125
vt 0.05078125 0.87890625
vt 0.13671875 0.8828125
vt 0.1328125 0.8828125
vt 0.1328125 0.875
vt 0.13671875 0.875
vt 0.25390625 0.8125
vt 0.25390625 0.828125
vt 0.24609375 0.828125
vt 0.24609375 0.8125
vt 0.24609375 0.9140625
vt 0.26171875 0.9140625
vt 0.26171875 0.921875
vt 0.24609375 0.921875
vt 0.2421875 0.80859375
vt 0.2421875 0.82421875
vt 0.234375 0.82421875
vt 0.234375 0.80859375
vt 0.19921875 0.75390625
vt 0.19921875 0.76953125
vt 0.19140625 0.76953125
vt 0.19140625 0.75390625
vt 0.30078125 0.91015625
vt 0.29296875 0.91015625
vt 0.29296875 0.90234375
vt 0.30078125 0.90234375
vt 0.29296875 0.8125
vt 0.28515625 0.8125
vt 0.28515625 0.8046875
vt 0.29296875 0.8046875
vt 0.14453125 0.9140625
vt 0.14453125 0.9296875
vt 0.13671875 0.9296875
vt 0.13671875 0.9140625
vt 0.078125 0.95703125
vt 0.09375 0.95703125
vt 0.09375 0.96484375
vt 0.078125 0.96484375
vt 0.1484375 0.67578125
vt 0.1484375 0.6796875
vt 0.14453125 0.6796875
vt 0.14453125 0.67578125
vt 0.32421875 0.83984375
vt 0.32421875 0.84375
vt 0.3203125 0.84375
vt 0.3203125 0.83984375
vt 0.1015625 0.7421875
vt 0.09765625 0.7421875
vt 0.09765625 0.73828125
vt 0.1015625 0.73828125
vt 0.3203125 0.68359375
vt 0.31640625 0.68359375
vt 0.31640625 0.6796875
vt 0.3203125 0.6796875
vt 0.03125 0.859375
vt 0.03125 0.86328125
vt 0.02734375 0.86328125
vt 0.02734375 0.859375
vt 0.21484375 0.7890625
vt 0.21875 0.7890625
vt 0.21875 0.79296875
vt 0.21484375 0.79296875
vt 0.30078125 0.8671875
vt 0.30078125 0.875
vt 0.29296875 0.875
vt 0.29296875 0.8671875
vt 0.30078125 0.87890625
vt 0.30078125 0.88671875
vt 0.29296875 0.88671875
vt 0.29296875 0.87890625
vt 0.0546875 0.7109375
vt 0.046875 0.7109375
vt 0.046875 0.703125
vt 0.0546875 0.703125
vt 0.0234375 0.7109375
vt 0.015625 0.7109375
vt 0.015625 0.703125
vt 0.0234375 0.703125
vt 0.09765625 0.85546875
vt 0.09765625 0.86328125
vt 0.08984375 0.86328125
vt 0.08984375 0.85546875
vt 0.05859375 0.7109375
vt 0.06640625 0.7109375
vt 0.06640625 0.71875
vt 0.05859375 0.71875
vt 0.2109375 0.75390625
vt 0.2109375 0.76953125
vt 0.203125 0.76953125
vt 0.203125 0.75390625
vt 0.2421875 0.8828125
vt 0.2421875 0.8984375
vt 0.234375 0.8984375
vt 0.234375 0.8828125
vt 0.2109375 0.71484375
vt 0.203125 0.71484375
vt 0.203125 0.70703125
vt 0.2109375 0.70703125
vt 0.22265625 0.71484375
vt 0.21484375 0.71484375
vt 0.21484375 0.70703125
vt 0.22265625 0.70703125
vt 0.234375 0.984375
vt 0.234375 1
vt 0.2265625 1
vt 0.2265625 0.984375
vt 0.1640625 0.8046875
vt 0.1796875 0.8046875
vt 0.1796875 0.8125
vt 0.1640625 0.8125
vt 0.1875 0.75390625
vt 0.1875 0.76953125
vt 0.1796875 0.76953125
vt 0.1796875 0.75390625
vt 0.2421875 0.76171875
vt 0.2421875 0.77734375
vt 0.234375 0.77734375
vt 0.234375 0.76171875
vt 0.1875 0.71484375
vt 0.1796875 0.71484375
vt 0.1796875 0.70703125
vt 0.1875 0.70703125
vt 0.30078125 1
vt 0.29296875 1
vt 0.29296875 0.9921875
vt 0.30078125 0.9921875
vt 0.234375 0.9453125
vt 0.234375 0.9609375
vt 0.2265625 0.9609375
vt 0.2265625 0.9453125
vt 0.12890625 0.76171875
vt 0.14453125 0.76171875
vt 0.14453125 0.76953125
vt 0.12890625 0.76953125
vt 0.15625 0.67578125
vt 0.15625 0.6796875
vt 0.15234375 0.6796875
vt 0.15234375 0.67578125
vt 0.140625 0.67578125
vt 0.140625 0.6796875
vt 0.13671875 0.6796875
vt 0.13671875 0.67578125
vt 0.0390625 0.6796875
vt 0.03515625 0.6796875
vt 0.03515625 0.67578125
vt 0.0390625 0.67578125
vt 0.17578125 0.7578125
vt 0.171875 0.7578125
vt 0.171875 0.75390625
vt 0.17578125 0.75390625
vt 0.05078125 0.7578125
vt 0.05078125 0.76171875
vt 0.046875 0.76171875
vt 0.046875 0.7578125
vt 0.23828125 0.9296875
vt 0.2421875 0.9296875
vt 0.2421875 0.93359375
vt 0.23828125 0.93359375
vt 0.30078125 0.85546875
vt 0.30078125 0.86328125
vt 0.29296875 0.86328125
vt 0.29296875 0.85546875
vt 0.30078125 0.8203125
vt 0.30078125 0.828125
vt 0.29296875 0.828125
vt 0.29296875 0.8203125
vt 0.1015625 0.7109375
vt 0.09375 0.7109375
vt 0.09375 0.703125
vt 0.1015625 0.703125
vt 0.125 0.7109375
vt 0.1171875 0.7109375
vt 0.1171875 0.703125
vt 0.125 0.703125
vt 0.078125 0.7109375
vt 0.078125 0.71875
vt 0.0703125 0.71875
vt 0.0703125 0.7109375
vt 0.08203125 0.7109375
vt 0.08984375 0.7109375
vt 0.08984375 0.71875
vt 0.08203125 0.71875
vt 0.2421875 0.86328125
vt 0.2421875 0.87890625
vt 0.234375 0.87890625
vt 0.234375 0.86328125
vt 0.24609375 0.984375
vt 0.24609375 1
vt 0.23828125 1
vt 0.23828125 0.984375
vt 0.29296875 0.80078125
vt 0.28515625 0.80078125
vt 0.28515625 0.79296875
vt 0.29296875 0.79296875
vt 0.30078125 0.96875
vt 0.29296875 0.96875
vt 0.29296875 0.9609375
vt 0.30078125 0.9609375
vt 0.15625 0.75390625
vt 0.15625 0.76953125
vt 0.1484375 0.76953125
vt 0.1484375 0.75390625
vt 0.16015625 0.76171875
vt 0.17578125 0.76171875
vt 0.17578125 0.76953125
vt 0.16015625 0.76953125
vt 0.25 0.83203125
vt 0.25 0.84765625
vt 0.2421875 0.84765625
vt 0.2421875 0.83203125
vt 0 0.74609375
vt 0.015625 0.74609375
vt 0.015625 0.75390625
vt 0 0.75390625
vt 0.06640625 0.69921875
vt 0.06640625 0.70703125
vt 0.05859375 0.70703125
vt 0.05859375 0.69921875
vt 0.296875 0.7578125
vt 0.2890625 0.7578125
vt 0.2890625 0.75
vt 0.296875 0.75
vt 0.24609375 0.94921875
vt 0.24609375 0.96484375
vt 0.23828125 0.96484375
vt 0.23828125 0.94921875
vt 0.23828125 0.9375
vt 0.25390625 0.9375
vt 0.25390625 0.9453125
vt 0.23828125 0.9453125
vt 0.32421875 0.81640625
vt 0.32421875 0.8203125
vt 0.3203125 0.8203125
vt 0.3203125 0.81640625
vt 0.329088125 0.849609375
vt 0.330078125 0.850236875
vt 0.32966 0.85089625
vt 0.328670625 0.850269375
vt 0.32421875 0.921875
vt 0.32421875 0.92578125
vt 0.3203125 0.92578125
vt 0.3203125 0.921875
vt 0.03125 0.7109375
vt 0.02734375 0.7109375
vt 0.02734375 0.70703125
vt 0.03125 0.70703125
vt 0.32421875 0.83203125
vt 0.32421875 0.8359375
vt 0.3203125 0.8359375
vt 0.3203125 0.83203125
vt 0.1796875 0.67578125
vt 0.18359375 0.67578125
vt 0.18359375 0.6796875
vt 0.1796875 0.6796875
vt 0.3125 0.703125
vt 0.3125 0.70703125
vt 0.3046875 0.70703125
vt 0.3046875 0.703125
vt 0.140625 0.70703125
vt 0.14453125 0.70703125
vt 0.14453125 0.71484375
vt 0.140625 0.71484375
vt 0.2890625 0.7109375
vt 0.2890625 0.71875
vt 0.28125 0.71875
vt 0.28125 0.7109375
vt 0.08984375 0.70703125
vt 0.08203125 0.70703125
vt 0.08203125 0.69921875
vt 0.08984375 0.69921875
vt 0.203125 0.859375
vt 0.203125 0.8671875
vt 0.19921875 0.8671875
vt 0.19921875 0.859375
vt 0.29296875 0.7734375
vt 0.30078125 0.7734375
vt 0.30078125 0.78125
vt 0.29296875 0.78125
vt 0.0546875 0.73828125
vt 0.0546875 0.75390625
vt 0.046875 0.75390625
vt 0.046875 0.73828125
vt 0.2421875 0.78515625
vt 0.2578125 0.78515625
vt 0.2578125 0.79296875
vt 0.2421875 0.79296875
vt 0.296875 0.7265625
vt 0.296875 0.734375
vt 0.2890625 0.734375
vt 0.2890625 0.7265625
vt 0.078125 0.70703125
vt 0.0703125 0.70703125
vt 0.0703125 0.69921875
vt 0.078125 0.69921875
vt 0.09765625 0.74609375
vt 0.09765625 0.76171875
vt 0.08984375 0.76171875
vt 0.08984375 0.74609375
vt 0.234375 0.796875
vt 0.25 0.796875
vt 0.25 0.8046875
vt 0.234375 0.8046875
vt 0.24609375 0.97265625
vt 0.26171875 0.97265625
vt 0.26171875 0.98046875
vt 0.24609375 0.98046875
vt 0.2421875 0.7421875
vt 0.2421875 0.7578125
vt 0.234375 0.7578125
vt 0.234375 0.7421875
vt 0.19921875 0.71484375
vt 0.19140625 0.71484375
vt 0.19140625 0.70703125
vt 0.19921875 0.70703125
vt 0.25 0.70703125
vt 0.25 0.71484375
vt 0.2421875 0.71484375
vt 0.2421875 0.70703125
vt 0.03125 0.74609375
vt 0.03125 0.76171875
vt 0.0234375 0.76171875
vt 0.0234375 0.74609375
vt 0.12890625 0.75
vt 0.14453125 0.75
vt 0.14453125 0.7578125
vt 0.12890625 0.7578125
vt 0.144949375 0.6705875
vt 0.145939375 0.671215
vt 0.14552125 0.671875
vt 0.14453125 0.6712475
vt 0.19140625 0.67578125
vt 0.19140625 0.6796875
vt 0.1875 0.6796875
vt 0.1875 0.67578125
vt 0.0859375 0.6796875
vt 0.08203125 0.6796875
vt 0.08203125 0.67578125
vt 0.0859375 0.67578125
vt 0.0625 0.67578125
vt 0.0625 0.6796875
vt 0.05859375 0.6796875
vt 0.05859375 0.67578125
vt 0.1640625 0.67578125
vt 0.1640625 0.6796875
vt 0.16015625 0.6796875
vt 0.16015625 0.67578125
vt 0.3203125 0.82421875
vt 0.32421875 0.82421875
vt 0.32421875 0.828125
vt 0.3203125 0.828125
vt 0.05859375 0.74609375
vt 0.0625 0.74609375
vt 0.0625 0.75390625
vt 0.05859375 0.75390625
vt 0.3125 0.6953125
vt 0.3125 0.69921875
vt 0.3046875 0.69921875
vt 0.3046875 0.6953125
vt 0.296875 0.83984375
vt 0.2890625 0.83984375
vt 0.2890625 0.83203125
vt 0.296875 0.83203125
vt 0.27734375 0.7109375
vt 0.27734375 0.71875
vt 0.26953125 0.71875
vt 0.26953125 0.7109375
vt 0.30078125 0.76171875
vt 0.30078125 0.76953125
vt 0.29296875 0.76953125
vt 0.29296875 0.76171875
vt 0.3046875 0.7109375
vt 0.3125 0.7109375
vt 0.3125 0.71484375
vt 0.3046875 0.71484375
vt 0.24609375 0.92578125
vt 0.26171875 0.92578125
vt 0.26171875 0.93359375
vt 0.24609375 0.93359375
vt 0.16796875 0.7421875
vt 0.16796875 0.7578125
vt 0.16015625 0.7578125
vt 0.16015625 0.7421875
vt 0.16796875 0.71484375
vt 0.16015625 0.71484375
vt 0.16015625 0.70703125
vt 0.16796875 0.70703125
vt 0.30078125 0.97265625
vt 0.30078125 0.98046875
vt 0.29296875 0.98046875
vt 0.29296875 0.97265625
vt 0.04296875 0.74609375
vt 0.04296875 0.76171875
vt 0.03515625 0.76171875
vt 0.03515625 0.74609375
vt 0.2421875 0.8515625
vt 0.2578125 0.8515625
vt 0.2578125 0.859375
vt 0.2421875 0.859375
vt 0.3125 0.94140625
vt 0.3125 0.94921875
vt 0.30859375 0.94921875
vt 0.30859375 0.94140625
vt 0.30859375 0.79296875
vt 0.31640625 0.79296875
vt 0.31640625 0.796875
vt 0.30859375 0.796875
vt 0.078125 0.82421875
vt 0.078125 0.83203125
vt 0.046875 0.83203125
vt 0.046875 0.82421875
vt 0.17578125 0.9296875
vt 0.16796875 0.9296875
vt 0.16796875 0.8984375
vt 0.17578125 0.8984375
vt 0.04296875 0.82421875
vt 0.04296875 0.83203125
vt 0.01171875 0.83203125
vt 0.01171875 0.82421875
vt 0.15234375 0.8046875
vt 0.16015625 0.8046875
vt 0.16015625 0.8359375
vt 0.15234375 0.8359375
vt 0.23046875 0.865234375
vt 0.23046875 0.8984375
vt 0.2265625 0.8984375
vt 0.2265625 0.865234375
vt 0.109375 0.740234375
vt 0.109375 0.7734375
vt 0.10546875 0.7734375
vt 0.10546875 0.740234375
vt 0.31640625 0.91796875
vt 0.31640625 0.9140625
vt 0.321289375 0.9140625
vt 0.321289375 0.91796875
vt 0.08984375 0.6796875
vt 0.08984375 0.68359375
vt 0.094726875 0.68359375
vt 0.094726875 0.6796875
vt 0.208008125 0.791015625
vt 0.208008125 0.82421875
vt 0.203125 0.82421875
vt 0.203125 0.791015625
vt 0.098633125 0.767578125
vt 0.098633125 0.80078125
vt 0.09375 0.80078125
vt 0.09375 0.767578125
vt 0.059570625 0.7578125
vt 0.059570625 0.78515625
vt 0.0546875 0.78515625
vt 0.0546875 0.7578125
vt 0.227539375 0.75
vt 0.227539375 0.77734375
vt 0.22265625 0.77734375
vt 0.22265625 0.75
vt 0.3203125 0.7578125
vt 0.3203125 0.752929375
vt 0.3232425 0.752929375
vt 0.3232425 0.7578125
vt 0.3203125 0.741210625
vt 0.3203125 0.74609375
vt 0.3232425 0.74609375
vt 0.3232425 0.741210625
vt 0.112305 0.70703125
vt 0.112305 0.734375
vt 0.109375 0.734375
vt 0.109375 0.70703125
vt 0.143555 0.71875
vt 0.143555 0.74609375
vt 0.140625 0.74609375
vt 0.140625 0.71875
vt 0.071289375 0.74609375
vt 0.071289375 0.7734375
vt 0.06640625 0.7734375
vt 0.06640625 0.74609375
vt 0.083008125 0.74609375
vt 0.083008125 0.7734375
vt 0.078125 0.7734375
vt 0.078125 0.74609375
vt 0.0234375 0.67578125
vt 0.0234375 0.670898125
vt 0.0263675 0.670898125
vt 0.0263675 0.67578125
vt 0.04296875 0.670898125
vt 0.04296875 0.67578125
vt 0.04589875 0.67578125
vt 0.04589875 0.670898125
vt 0.0107425 0.703125
vt 0.0107425 0.73046875
vt 0.0078125 0.73046875
vt 0.0078125 0.703125
vt 0.00293 0.703125
vt 0.00293 0.73046875
vt 0 0.73046875
vt 0 0.703125
vt 0.265625 0.708984375
vt 0.265625 0.7265625
vt 0.26171875 0.7265625
vt 0.26171875 0.708984375
vt 0.17578125 0.705078125
vt 0.17578125 0.72265625
vt 0.171875 0.72265625
vt 0.171875 0.705078125
vt 0.31640625 0.90234375
vt 0.31640625 0.8984375
vt 0.321289375 0.8984375
vt 0.321289375 0.90234375
vt 0.1171875 0.6796875
vt 0.1171875 0.68359375
vt 0.122070625 0.68359375
vt 0.122070625 0.6796875
vt 0.051758125 0.716796875
vt 0.051758125 0.734375
vt 0.046875 0.734375
vt 0.046875 0.716796875
vt 0.165039375 0.720703125
vt 0.165039375 0.73828125
vt 0.16015625 0.73828125
vt 0.16015625 0.720703125
vt 0.30859375 0.866210625
vt 0.30859375 0.875
vt 0.3046875 0.875
vt 0.3046875 0.866210625
vt 0.14453125 0.686523125
vt 0.14453125 0.6953125
vt 0.140625 0.6953125
vt 0.140625 0.686523125
vt 0.31640625 0.8515625
vt 0.31640625 0.84765625
vt 0.321289375 0.84765625
vt 0.321289375 0.8515625
vt 0.16796875 0.6796875
vt 0.16796875 0.68359375
vt 0.172851875 0.68359375
vt 0.172851875 0.6796875
vt 0.309570625 0.991210625
vt 0.309570625 1
vt 0.3046875 1
vt 0.3046875 0.991210625
vt 0.305664375 0.729491875
vt 0.305664375 0.73828125
vt 0.30078125 0.73828125
vt 0.30078125 0.729491875
vt 0.15234375 0.686523125
vt 0.15234375 0.6953125
vt 0.1484375 0.6953125
vt 0.1484375 0.686523125
vt 0.30859375 0.819335625
vt 0.30859375 0.828125
vt 0.3046875 0.828125
vt 0.3046875 0.819335625
vt 0.21875 0.68359375
vt 0.21875 0.6796875
vt 0.223633125 0.6796875
vt 0.223633125 0.68359375
vt 0.23046875 0.6796875
vt 0.23046875 0.68359375
vt 0.235351875 0.68359375
vt 0.235351875 0.6796875
vt 0.063476875 0.686523125
vt 0.063476875 0.6953125
vt 0.05859375 0.6953125
vt 0.05859375 0.686523125
vt 0.309570625 0.975585625
vt 0.309570625 0.984375
vt 0.3046875 0.984375
vt 0.3046875 0.975585625
vt 0.28125 0.794921875
vt 0.28125 0.8125
vt 0.27734375 0.8125
vt 0.27734375 0.794921875
vt 0.23828125 0.705078125
vt 0.23828125 0.72265625
vt 0.234375 0.72265625
vt 0.234375 0.705078125
vt 0.26953125 0.68359375
vt 0.26953125 0.6796875
vt 0.274414375 0.6796875
vt 0.274414375 0.68359375
vt 0.28125 0.6796875
vt 0.28125 0.68359375
vt 0.286133125 0.68359375
vt 0.286133125 0.6796875
vt 0.102539375 0.716796875
vt 0.102539375 0.734375
vt 0.09765625 0.734375
vt 0.09765625 0.716796875
vt 0.270508125 0.916015625
vt 0.270508125 0.93359375
vt 0.265625 0.93359375
vt 0.265625 0.916015625
vt 0.28808625 0.741210625
vt 0.28808625 0.74609375
vt 0.2734375 0.74609375
vt 0.2734375 0.741210625
vt 0.03027375 0.717773125
vt 0.03027375 0.72265625
vt 0.015625 0.72265625
vt 0.015625 0.717773125
vt 0.1171875 0.73046875
vt 0.1171875 0.71582
vt 0.122070625 0.71582
vt 0.122070625 0.73046875
vt 0.03515625 0.7080075
vt 0.03515625 0.72265625
vt 0.040039375 0.72265625
vt 0.040039375 0.7080075
vt 0.321289375 0.995116875
vt 0.321289375 1
vt 0.31640625 1
vt 0.31640625 0.995116875
vt 0.004883125 0.678710625
vt 0.004883125 0.68359375
vt 0 0.68359375
vt 0 0.678710625
vt 0.1171875 0.740234375
vt 0.1171875 0.7734375
vt 0.11328125 0.7734375
vt 0.11328125 0.740234375
vt 0.125 0.736328125
vt 0.125 0.76953125
vt 0.12109375 0.76953125
vt 0.12109375 0.736328125
vt 0.31640625 0.71484375
vt 0.31640625 0.7109375
vt 0.321289375 0.7109375
vt 0.321289375 0.71484375
vt 0.29296875 0.6796875
vt 0.29296875 0.68359375
vt 0.297851875 0.68359375
vt 0.297851875 0.6796875
vt 0.016601875 0.759765625
vt 0.016601875 0.79296875
vt 0.01171875 0.79296875
vt 0.01171875 0.759765625
vt 0.004883125 0.759765625
vt 0.004883125 0.79296875
vt 0 0.79296875
vt 0 0.759765625
vt 0.2919925 0.944335625
vt 0.2919925 0.94921875
vt 0.27734375 0.94921875
vt 0.27734375 0.944335625
vt 0.2919925 0.932616875
vt 0.2919925 0.9375
vt 0.27734375 0.9375
vt 0.27734375 0.932616875
vt 0.12890625 0.72265625
vt 0.12890625 0.7080075
vt 0.133789375 0.7080075
vt 0.133789375 0.72265625
vt 0.1484375 0.7080075
vt 0.1484375 0.72265625
vt 0.153320625 0.72265625
vt 0.153320625 0.7080075
vt 0.321289375 0.983398125
vt 0.321289375 0.98828125
vt 0.31640625 0.98828125
vt 0.31640625 0.983398125
vt 0.016601875 0.678710625
vt 0.016601875 0.68359375
vt 0.01171875 0.68359375
vt 0.01171875 0.678710625
vt 0.125 0.67285125
vt 0.125 0.67578125
vt 0.12109375 0.67578125
vt 0.12109375 0.67285125
vt 0.328125 0.8017575
vt 0.328125 0.8046875
vt 0.32421875 0.8046875
vt 0.32421875 0.8017575
vt 0.0078125 0.671875
vt 0.0078125 0.66796875
vt 0.009765625 0.66796875
vt 0.009765625 0.671875
vt 0.328125 0.98828125
vt 0.328125 0.9921875
vt 0.330078125 0.9921875
vt 0.330078125 0.98828125
vt 0.330078125 0.9267575
vt 0.330078125 0.9296875
vt 0.328125 0.9296875
vt 0.328125 0.9267575
vt 0.330078125 0.93457
vt 0.330078125 0.9375
vt 0.328125 0.9375
vt 0.328125 0.93457
vt 0.328125 0.78222625
vt 0.328125 0.78515625
vt 0.32421875 0.78515625
vt 0.32421875 0.78222625
vt 0.22265625 0.67285125
vt 0.22265625 0.67578125
vt 0.21875 0.67578125
vt 0.21875 0.67285125
vt 0.015625 0.671875
vt 0.015625 0.66796875
vt 0.017578125 0.66796875
vt 0.017578125 0.671875
vt 0.328125 0.98046875
vt 0.328125 0.984375
vt 0.330078125 0.984375
vt 0.330078125 0.98046875
vt 0.083984375 0.668945
vt 0.083984375 0.671875
vt 0.08203125 0.671875
vt 0.08203125 0.668945
vt 0.330078125 0.918945
vt 0.330078125 0.921875
vt 0.328125 0.921875
vt 0.328125 0.918945
vt 0.328125 0.77441375
vt 0.328125 0.77734375
vt 0.32421875 0.77734375
vt 0.32421875 0.77441375
vt 0.23046875 0.67285125
vt 0.23046875 0.67578125
vt 0.2265625 0.67578125
vt 0.2265625 0.67285125
vt 0.03125 0.671875
vt 0.03125 0.66796875
vt 0.033203125 0.66796875
vt 0.033203125 0.671875
vt 0.328125 0.96484375
vt 0.328125 0.96875
vt 0.330078125 0.96875
vt 0.330078125 0.96484375
vt 0.130859375 0.668945
vt 0.130859375 0.671875
vt 0.12890625 0.671875
vt 0.12890625 0.668945
vt 0.330078125 0.89941375
vt 0.330078125 0.90234375
vt 0.328125 0.90234375
vt 0.328125 0.89941375
vt 0.328125 0.76660125
vt 0.328125 0.76953125
vt 0.32421875 0.76953125
vt 0.32421875 0.76660125
vt 0.23828125 0.67285125
vt 0.23828125 0.67578125
vt 0.234375 0.67578125
vt 0.234375 0.67285125
vt 0.328125 0.9609375
vt 0.328125 0.95703125
vt 0.330078125 0.95703125
vt 0.330078125 0.9609375
vt 0.328125 0.94921875
vt 0.328125 0.953125
vt 0.330078125 0.953125
vt 0.330078125 0.94921875
vt 0.138671875 0.668945
vt 0.138671875 0.671875
vt 0.13671875 0.671875
vt 0.13671875 0.668945
vt 0.330078125 0.86816375
vt 0.330078125 0.87109375
vt 0.328125 0.87109375
vt 0.328125 0.86816375
vt 0.3232425 0.93066375
vt 0.3232425 0.93359375
vt 0.31640625 0.93359375
vt 0.31640625 0.93066375
vt 0.07714875 0.68066375
vt 0.07714875 0.68359375
vt 0.0703125 0.68359375
vt 0.0703125 0.68066375
vt 0.16796875 0.89453125
vt 0.16796875 0.887695
vt 0.19921875 0.887695
vt 0.19921875 0.89453125
vt 0.1796875 0.99316375
vt 0.1796875 1
vt 0.2109375 1
vt 0.2109375 0.99316375
vt 0.2890625 0.88378875
vt 0.2890625 0.88671875
vt 0.2578125 0.88671875
vt 0.2578125 0.88378875
vt 0.28515625 0.8330075
vt 0.28515625 0.8359375
vt 0.25390625 0.8359375
vt 0.25390625 0.8330075
vt 0.31640625 0.78515625
vt 0.31640625 0.7890625
vt 0.30859375 0.7890625
vt 0.30859375 0.78515625
vt 0.23046875 0.6875
vt 0.23046875 0.69140625
vt 0.22265625 0.69140625
vt 0.22265625 0.6875
vt 0.1953125 0.6796875
vt 0.1953125 0.671875
vt 0.197265625 0.671875
vt 0.197265625 0.6796875
vt 0.3203125 0.7890625
vt 0.3203125 0.796875
vt 0.322265625 0.796875
vt 0.322265625 0.7890625
vt 0.060546875 0.66796875
vt 0.060546875 0.671875
vt 0.05859375 0.671875
vt 0.05859375 0.66796875
vt 0.330078125 0.94140625
vt 0.330078125 0.9453125
vt 0.328125 0.9453125
vt 0.328125 0.94140625
vt 0.25390625 0.67285125
vt 0.25390625 0.67578125
vt 0.25 0.67578125
vt 0.25 0.67285125
vt 0.26171875 0.67285125
vt 0.26171875 0.67578125
vt 0.2578125 0.67578125
vt 0.2578125 0.67285125
vt 0.26953125 0.69140625
vt 0.26953125 0.6875
vt 0.27734375 0.6875
vt 0.27734375 0.69140625
vt 0.28125 0.6875
vt 0.28125 0.69140625
vt 0.2890625 0.69140625
vt 0.2890625 0.6875
vt 0.0546875 0.68066375
vt 0.0546875 0.68359375
vt 0.046875 0.68359375
vt 0.046875 0.68066375
vt 0.32421875 0.96582
vt 0.32421875 0.96875
vt 0.31640625 0.96875
vt 0.31640625 0.96582
vt 0.26953125 0.67285125
vt 0.26953125 0.67578125
vt 0.265625 0.67578125
vt 0.265625 0.67285125
vt 0.27734375 0.67285125
vt 0.27734375 0.67578125
vt 0.2734375 0.67578125
vt 0.2734375 0.67285125
vt 0.29296875 0.69140625
vt 0.29296875 0.6875
vt 0.30078125 0.6875
vt 0.30078125 0.69140625
vt 0.3046875 0.6875
vt 0.3046875 0.69140625
vt 0.3125 0.69140625
vt 0.3125 0.6875
vt 0.32421875 0.93847625
vt 0.32421875 0.94140625
vt 0.31640625 0.94140625
vt 0.31640625 0.93847625
vt 0.32421875 0.94628875
vt 0.32421875 0.94921875
vt 0.31640625 0.94921875
vt 0.31640625 0.94628875
vt 0.302145 0.752135
vt 0.30859375 0.753719375
vt 0.3060968581340999 0.7540927098412828
vt 0.30859375 0.753719375
vt 0.307581875 0.7578125
vt 0.3060968581340999 0.7540927098412828
vt 0.307581875 0.7578125
vt 0.302145 0.752135
vt 0.3060968581340999 0.7540927098412828
vt 0.06347656249999999 0.9408784459848873
vt 0.06347656249999999 0.951324462890625
vt 0.03564453125 0.951324462890625
vt 0.03564453125 0.9408784459848873
vt 0.06494140624999999 0.92919921875
vt 0.06494140624999999 0.951171875
vt 0.03515625 0.951171875
vt 0.03515625 0.92919921875
vt 0.05029296875 0.9267578125
vt 0.05029296875 0.9482421875
vt 0.04052734375 0.9482421875
vt 0.04052734375 0.9267578125
vt 0.05003004807692307 0.927734375
vt 0.05003004807692307 0.95166015625
vt 0.03662109375 0.95166015625
vt 0.03662109375 0.927734375
vt 0.043596540178571425 0.929351806640625
vt 0.043596540178571425 0.9397978235463627
vt 0.03564453125 0.9397978235463627
vt 0.03564453125 0.929351806640625
vt 0.0625 0.9266950334821429
vt 0.0625 0.951171875
vt 0.04127854567307693 0.951171875
vt 0.04127854567307693 0.9266950334821429
vt 0.064453125 0.9392370005122951
vt 0.064453125 0.94921875
vt 0.0361328125 0.94921875
vt 0.0361328125 0.9392370005122951
vt 0.064453125 0.92822265625
vt 0.064453125 0.9382044057377049
vt 0.0361328125 0.9382044057377049
vt 0.0361328125 0.92822265625
vt 0.05517578125 0.923828125
vt 0.05517578125 0.94921875
vt 0.044921875 0.94921875
vt 0.044921875 0.923828125
vt 0.0458984375 0.923828125
vt 0.0458984375 0.95166015625
vt 0.0361328125 0.95166015625
vt 0.0361328125 0.923828125
vt 0.044921875 0.92529296875
vt 0.044921875 0.95068359375
vt 0.0576171875 0.95068359375
vt 0.0576171875 0.92529296875
vt 0.0654296875 0.9401297433035715
vt 0.0654296875 0.95166015625
vt 0.05566406249999999 0.95166015625
vt 0.05566406249999999 0.9401297433035715
vn 0 0.20791482211170226 -0.9781469351514931
vn 1 0 0
vn 0 -0.20790902349522153 0.978148167686912
vn -1 0 0
vn 0 0.9781496496895228 0.2079020510054291
vn 0 -0.9781505141379402 -0.20789798385670694
vn 0.018499245219959406 0.17841463376619301 -0.9837814779636621
vn 0.9557530606982035 0.27882050451687707 0.09378279814001261
vn -0.0184976856718164 -0.1784144385148842 0.9837815426984822
vn -0.9557526478728513 -0.2788195926686803 -0.09378971600396756
vn -0.2807307419084294 0.9335985943422505 0.22267446011996328
vn 0.28072296407516645 -0.9335978968626151 -0.22268718960585687
vn 0.0870230370575819 -0.06976144148400283 -0.9937607017302248
vn 0.9574824228695357 0.28128298622290027 0.06408815457954585
vn -0.08702198640740906 0.06975997729702885 0.9937608965184869
vn -0.9574834498130802 -0.2812816436516572 -0.064078703784212
vn -0.27505785653406717 0.9570860562844233 -0.09126585574471092
vn 0.2750584106982056 -0.9570838064909596 0.09128777605437081
vn 0 0 -1
vn 1 0 0
vn 0 0 1
vn -1 0 0
vn 0 1 0
vn 0 -1 0
vn -0.018499500507118478 0.17841377212154497 -0.9837816294271552
vn 0.9557529749443506 -0.27881982564030355 -0.09378569035270873
vn 0.018502185656999993 -0.17841430080168735 0.9837814830516781
vn -0.9557530516032591 0.27881926244905914 0.09378658346704262
vn 0.28073167833439466 0.9335977830824985 0.22267668086936734
vn -0.2807229126446518 -0.9336030810146297 -0.22266551919031854
vn -0.08702244005439443 -0.06975936417995104 -0.993760899832645
vn 0.9574833279010593 -0.2812811477955477 -0.06408270192752544
vn 0.08701897191295577 0.06976263571987878 0.9937609738687808
vn -0.9574824228695357 0.2812829862228999 0.06408815457954456
vn 0.2750576171858345 0.957085864412966 -0.09126858916920265
vn -0.27505210785842593 -0.9570874828909083 0.09126822040657058
vn 0 0 -1
vn 1 0 0
vn 0 0 1
vn -1 0 0
vn 0 1 0
vn 0 -1 0
vn 0 0 -1
vn 1 0 0
vn 0 0 1
vn -1 0 0
vn 0 1 0
vn 0 -1 0
vn 1 0 0
vn 0 0 1
vn -1 0 0
vn 0 0 -1
vn 0 1 0
vn 0 -1 0
vn 0 0.20791482211170226 -0.9781469351514931
vn 1 0 0
vn 0 -0.20790902349522153 0.978148167686912
vn -1 0 0
vn 0 0.9781496496895228 0.2079020510054291
vn 0 -0.9781505141379402 -0.20789798385670694
vn 0.018502113006690586 0.17841454600272183 -0.9837814399494078
vn 0.9557530516032591 0.27881926244905914 0.09378658346704262
vn -0.018502185656999993 -0.17841430080168735 0.9837814830516781
vn -0.9557529749443506 -0.27881982564030355 -0.09378569035270873
vn -0.28073167833439466 0.9335977830824985 0.22267668086936734
vn 0.28073164983518517 -0.9336006512779114 -0.2226646912159059
vn 0.08701801266003167 -0.06976066483210017 -0.9937611962211456
vn 0.9574824228695357 0.2812829862228999 0.06408815457954456
vn -0.08701897191295577 0.06976263571987878 0.9937609738687808
vn -0.9574833279010593 -0.2812811477955477 -0.06408270192752544
vn -0.27505647213050405 0.9570862007992875 -0.0912685125259945
vn 0.27505210785842593 -0.9570874828909083 0.09126822040657058
vn 0 0 -1
vn 1 0 0
vn 0 0 1
vn -1 0 0
vn 0 1 0
vn 0 -1 0
vn -0.018501857712426288 0.17841540764266312 -0.9837812884868727
vn 0.9557526478728513 -0.2788195926686803 -0.09378971600396756
vn 0.0184976856718164 -0.1784144385148842 0.9837815426984822
vn -0.9557530606982035 0.27882050451687707 0.09378279814001261
vn 0.2807307419084294 0.9335985943422505 0.22267446011996328
vn -0.2807317013141858 -0.9335954671314375 -0.2226863615690823
vn -0.08701860965629263 -0.06976274214156956 -0.9937609981189516
vn 0.9574834498130802 -0.2812816436516572 -0.064078703784212
vn 0.08702198640740906 0.06975997729702885 0.9937608965184869
vn -0.9574824228695357 0.28128298622290027 0.06408815457954585
vn 0.2750567114767438 0.9570863926702388 -0.09126577911281523
vn -0.2750584106982056 -0.9570838064909596 0.09128777605437081
vn 0 0 -1
vn 1 0 0
vn 0 0 1
vn -1 0 0
vn 0 1 0
vn 0 -1 0
vn 0 0 -1
vn 1 0 0
vn 0 0 1
vn -1 0 0
vn 0 1 0
vn 0 -1 0
vn 1 0 0
vn 0 0 1
vn -1 0 0
vn 0 0 -1
vn 0 1 0
vn 0 -1 0
vn 1 0 0
vn 0 0.2513818999237678 0.9678879792572676
vn -1 0 0
vn 0 -0.2513818999237678 -0.9678879792572676
vn 0 0.9638494048310016 -0.26644760236662746
vn 0 -0.9638494048310016 0.26644760236662746
vn 1 0 0
vn 0 0.2513818999237678 0.9678879792572676
vn -1 0 0
vn 0 -0.2513818999237678 -0.9678879792572676
vn 0 0.9638494048310016 -0.26644760236662746
vn 0 -0.9638494048310016 0.26644760236662746
vn 0 0 -1
vn 1 0 0
vn 0 0 1
vn -1 0 0
vn 0 1 0
vn 0 -1 0
vn 0 0 -1
vn 1 0 0
vn 0 0 1
vn -1 0 0
vn 0 1 0
vn 0 -1 0
vn 0 0 -1
vn 1 0 0
vn 0 0 1
vn -1 0 0
vn 0 1 0
vn 0 -1 0
vn 0 0 -1
vn 1 0 0
vn 0 0 1
vn -1 0 0
vn 0 1 0
vn 0 -1 0
vn 0 0 -1
vn 1 0 0
vn 0 0 1
vn -1 0 0
vn 0 1 0
vn 0 -1 0
vn 0 0 -1
vn 1 0 0
vn 0 0 1
vn -1 0 0
vn 0 1 0
vn 0 -1 0
vn 0 0 -1
vn 0.5586571025325435 -0.8293987230457636 0
vn 0 0 1
vn -0.5586338091774559 0.8294144122475122 0
vn 0.5586396774756122 0.8294104597543631 0
vn -0.5586512342174256 -0.8294026757295561 0
vn 0 0 -1
vn 0.5586571025325435 -0.8293987230457636 0
vn 0 0 1
vn -0.5586338091774559 0.8294144122475122 0
vn 0.5586396774756122 0.8294104597543631 0
vn -0.5586512342174256 -0.8294026757295561 0
vn 0 0 -1
vn 0.5586571025325434 -0.8293987230457636 0
vn 0 0 1
vn -0.5586338091774559 0.8294144122475122 0
vn 0.5586396774756122 0.8294104597543633 0
vn -0.5586512342174256 -0.8294026757295561 0
vn 0 0 -1
vn 0.5586571025325434 -0.8293987230457636 0
vn 0 0 1
vn -0.5586338091774559 0.8294144122475122 0
vn 0.5586396774756122 0.8294104597543633 0
vn -0.5586512342174256 -0.8294026757295561 0
vn 0 0 -1
vn 1 0 0
vn 0 0 1
vn -1 0 0
vn 0 1 0
vn 0 -1 0
vn 0 0 -1
vn 1 0 0
vn 0 0 1
vn -1 0 0
vn 0 1 0
vn 0 -1 0
vn 0 0 -1
vn 0.707111781110755 -0.7071017812269855 0
vn 0 0 1
vn -0.7070967811613593 0.7071167810703157 0
vn 0.7071017811562753 0.7071117811814643 0
vn -0.7071067811865474 -0.7071067811865477 0
vn 0 0 -1
vn 0.707111781110755 -0.7071017812269855 0
vn 0 0 1
vn -0.7070967811613593 0.7071167810703157 0
vn 0.7071017811562753 0.7071117811814643 0
vn -0.7071067811865474 -0.7071067811865477 0
vn 0 0 -1
vn 0.7071117811107549 -0.7071017812269857 0
vn 0 0 1
vn -0.7070967811613594 0.7071167810703155 0
vn 0.7071017811562752 0.7071117811814644 0
vn -0.7071067811865475 -0.7071067811865476 0
vn 0 0 -1
vn 0.7071117811107549 -0.7071017812269857 0
vn 0 0 1
vn -0.7070967811613594 0.7071167810703155 0
vn 0.7071017811562752 0.7071117811814644 0
vn -0.7071067811865475 -0.7071067811865476 0
vn 0 0 -1
vn 1 0 0
vn 0 0 1
vn -1 0 0
vn 0 1 0
vn 0 -1 0
vn 0 0 -1
vn 1 0 0
vn 0 0 1
vn -1 0 0
vn 0 1 0
vn 0 -1 0
vn -0.27174882562869934 0.9376115780229356 -0.21688039221368888
vn 0.9629103187469391 0.2579311796253875 0.07921631541371132
vn 0.2717497737749731 -0.9376128411988132 0.2168737431602553
vn -0.9629094435021569 -0.25793469063816954 -0.07921552234100675
vn -0.1332912840440892 0.16607913838360872 0.9770625125301023
vn 0.1332891082992929 -0.16609278014777035 -0.9770604904465044
vn 0.292299226794606 -0.9345293412504336 -0.20301741885194594
vn 0.9586100746133538 0.2776054749367382 0.06326077090052458
vn -0.29229405827477367 0.9345308816652622 0.20301776944694003
vn -0.9586081545535824 -0.2776134906499234 -0.06325469020191492
vn 0.0028349176515836735 0.21311750169841456 -0.9770224632585145
vn -0.002837780612410999 -0.21310839003288146 0.9770244424264878
vn -0.2717451342194207 0.9376134667825535 -0.21687685200608753
vn 0.9629110471079434 0.25792856397670233 0.07921597845384852
vn 0.2717536812187104 -0.9376108418894441 0.21687749056886343
vn -0.962911210573954 -0.2579283448835482 -0.07921470480053415
vn -0.1332891082992929 0.16609278014777024 0.9770604904465044
vn 0.13328882518077353 -0.16609455526626712 -0.9770602273109014
vn 0.29229885214755463 -0.9345293414196507 -0.20301795747907705
vn -0.2922980109192342 0.9345285366100613 0.2030228732781528
vn -0.958611050742776 -0.27760262605297553 -0.0632584808727086
vn 0.002841903016794878 0.21310955480884733 -0.9770241763827638
vn -0.002838053249581726 -0.21311061463259187 0.977023956402642
vn 0.2717488256286993 0.9376115780229356 -0.21688039221368888
vn -0.9629103187469391 0.2579311796253874 0.07921631541371131
vn -0.2717497737749731 -0.9376128411988132 0.2168737431602553
vn 0.9629094435021569 -0.25793469063816954 -0.07921552234100675
vn 0.1332912840440892 0.1660791383836087 0.9770625125301023
vn -0.1332891082992929 -0.16609278014777035 -0.9770604904465044
vn -0.292299226794606 -0.9345293412504336 -0.20301741885194588
vn -0.9586100746133538 0.2776054749367382 0.06326077090052457
vn 0.2922940582747736 0.9345308816652622 0.20301776944694003
vn 0.9586081545535824 -0.2776134906499235 -0.06325469020191493
vn -0.0028349176515836735 0.2131175016984146 -0.9770224632585145
vn 0.002837780612410999 -0.21310839003288146 0.9770244424264878
vn 0.2717451342194207 0.9376134667825535 -0.21687685200608753
vn -0.9629110471079432 0.25792856397670233 0.0792159784538485
vn -0.27175368121871035 -0.9376108418894441 0.2168774905688634
vn 0.962911210573954 -0.2579283448835482 -0.07921470480053416
vn 0.1332891082992929 0.16609278014777024 0.9770604904465044
vn -0.13328882518077353 -0.16609455526626712 -0.9770602273109014
vn -0.29229885214755463 -0.9345293414196507 -0.20301795747907705
vn -0.9586108704293419 0.2776032193336625 0.06325860977200003
vn 0.2922980109192342 0.9345285366100611 0.20302287327815272
vn 0.958611050742776 -0.2776026260529756 -0.0632584808727086
vn -0.002841903016794878 0.2131095548088473 -0.9770241763827638
vn 0.002838053249581735 -0.21311061463259184 0.977023956402642
vn 0 0 -1
vn 0.999999999997531 0.0000022222222221326073 0
vn 0 0 1
vn -1 0 0
vn 0.000010000100000121411 0.9999999999499991 0
vn 0 -1 0
vn 0 0 -1
vn 0.999999999997531 0.0000022222222221326073 0
vn 0 0 1
vn -0.999999999997531 0.0000022222172839706627 0
vn 0.000010000100000121411 0.9999999999499991 0
vn 0 -1 0
vn 0 0 -1
vn 0.999999999997531 0.0000022222222221326073 0
vn 0 0 1
vn -1 0 0
vn 0.000010000100000121411 0.9999999999499991 0
vn 0 -1 0
vn 0 0 -1
vn 0.999999999997531 0.0000022222222221326073 0
vn 0 0 1
vn -0.999999999997531 0.0000022222172839706627 0
vn 0.000010000100000121411 0.9999999999499991 0
vn 0 -1 0
vn 0.48481222234816645 -0.0000010774059846368457 -0.8746182647650753
vn -0.48480712192626996 0 0.874621091976158
vn 0.000005831579581726378 0.9999999999777719 0.0000032325138671327512
vn 0.000008330816954184472 -0.9999999999644844 -0.0000012763126424177006
vn 0.8746174448148863 0 0.4848137015653326
vn -0.8746186565023801 0 -0.48481151564084335
vn 0.9999999999975309 0.000002222217283871976 0
vn -0.9999999999975309 0.000002222227160612559 0
vn -0.0000012345694253466736 0.9999999999992379 0
vn -0.0000012345663770308681 -0.9999999999992379 0
vn 0 0 1
vn 0 0 -1
vn 0.4848122223547307 0 0.8746182647621001
vn -0.4848042947318989 0 -0.8746226590990575
vn 0 1 0
vn -0.0000033451094918069604 -0.9999999999646204 0.000007718147172811821
vn -0.8746187062940817 0.0000019436878305427836 0.4848114258107879
vn 0.8746196755438953 0 -0.48480967724612456
vn 1 0 0
vn -1 0 0
vn 0.000005882387543131673 0.9999999999826988 0
vn 0 -1 0
vn 0 0 1
vn 0 0 -1
vn 1 0 0
vn -0.9999999994444074 0.000033334444463180605 0
vn 0 1 0
vn -0.00001666638889057279 -0.9999999998611158 0
vn 0 0 1
vn 0 0 -1
vn 0.9999999999777778 -0.000006666666666488178 0
vn -1 0 0
vn 0 1 0
vn 0 -1 0
vn 0 0 1
vn 0 0 -1
vn 1 0 0
vn -1 0 0
vn 0 1 0
vn 0 -1 0
vn 0 0 1
vn 0 0 -1
vn 0.999999999996142 0.0000027777700617573085 0
vn -0.999999999996142 0.000002777785493840654 0
vn -0.000005882387543131673 0.999999999982699 0
vn -0.000005882318338979426 -0.9999999999826992 0
vn 0 0 1
vn 0 0 -1
vn 0.9999999994444074 -0.00003333444446244043 0
vn -1 0 0
vn 0.00001666638889057279 0.9999999998611158 0
vn 0.000016666666663720887 -0.9999999998611111 0
vn 0 0 1
vn 0 0 -1
vn 1 0 0
vn -1 0 0
vn 0 1 0
vn 0 -1 0
vn 0 0 1
vn 0 0 -1
vn 1 0 0
vn -1 0 0
vn 0 1 0
vn -0.000004651162790471283 -0.9999999999891834 0
vn 0 0 1
vn 0 0 -1
vn 0.9063092232175086 0.0000025175326133230754 0.4226151818197476
vn -0.906309223214781 0 -0.42261518183309577
vn 0.0000022243046248311768 0.9999999999861496 -0.000004770033574458753
vn 0.000002224299677311118 -0.9999999999861499 -0.000004770022964474612
vn -0.4226184863814334 0 0.9063076822849215
vn 0.42261848638143323 0 -0.9063076822849216
vn 0.9063133908792754 0 0.4226062440533858
vn -0.9062942393855489 0 -0.42264731355655105
vn 0.000021131308901444698 0.9999999987499631 -0.00004531601985419255
vn 0 -1 0
vn -0.4226135506610331 0.000014086648799874452 0.9063099837247964
vn 0.4226199341351207 -0.000014087800731287305 -0.9063070070749538
vn 0.9063075164904549 -0.00000604205011024427 0.42261884188521154
vn -0.9063066234571798 0 -0.4226207570359574
vn -0.000008155086978683376 0.9999999999652782 0.000001714090256872298
vn -0.00000392895700324272 -0.9999999999652779 -0.0000073489819248905335
vn -0.42261756518345384 0.0000028174504345748166 0.9063081118419227
vn 0.4226120892309133 0 -0.9063106652996437
vn 0.9063075164942306 0 0.42261884192030535
vn -0.9063094315968894 0 -0.42261473495196933
vn 0.000004215386282218424 0.9999999999891834 0.000001965670190763813
vn -0.0000021023066658849086 -0.9999999999766834 -0.000006497199460262394
vn -0.42262063527390936 0 0.9063066802361535
vn 0.4226188537655083 0 -0.9063075109707126
vn 0.906307207319648 0.0000025175130272571045 -0.42261950493809813
vn -0.9063092232119088 0.0000025175326131957197 0.4226151818317565
vn -0.0000031069463406274484 0.9999999999688485 0.000007256032713260202
vn 0.0000022242927665896894 -0.9999999999861497 0.000004770039103998513
vn 0.4226184863814335 0 0.9063076822849215
vn -0.4226207394754098 0.0000011739464984983616 -0.9063066316450962
vn 0.9063133908792762 0 -0.42260624405338393
vn -0.9063133908792754 0 0.4226062440533858
vn 0.000021131308901444718 0.9999999987499631 0.00004531601985419259
vn -0.000021131308901444732 -0.9999999987499631 -0.00004531601985419258
vn 0.42261993417705895 0 0.9063070071648893
vn -0.4226199341351264 0.000014086861575251705 -0.9063070070749658
vn 0.9063066234571798 0 -0.42262075703595736
vn -0.906307516490455 0.000006042009829910419 0.4226188418852118
vn -0.000003928985877288914 0.9999999999652773 0.000007349035932822769
vn 0.000008155100957262474 -0.9999999999652781 0.0000017140931949827438
vn 0.42262011866235444 0 0.9063069211375459
vn -0.422614642689439 0 -0.9063094746191712
vn 0.9063075164942308 0 -0.42261884192030513
vn -0.9063094315968894 0 0.4226147349519694
vn -0.0000021130884783383626 0.9999999999875002 -0.000004531525137130622
vn -0.000006328448083627997 -0.9999999999766837 -0.000002565867385984117
vn 0.42261707227049333 0 0.9063083416947659
vn -0.42261885376550823 0 -0.9063075109707124
vn 0.9999999999845679 0.00000392837781562991 0.000003928377815629916
vn -1 0 0
vn 0 0.7071067811865469 0.7071067811865482
vn 0 -0.7071067811865474 -0.7071067811865477
vn 0 -0.7071067811865479 0.7071067811865472
vn 0 0.7071095589745958 -0.707104003387587
vn 0.9986294928013458 0.05233675674623148 7.82736093858506e-7
vn -0.9986295566031579 -0.05233553934081294 -6.97490756671251e-7
vn -0.05220609784481107 0.9961970915976125 0.0697558459218751
vn 0.052213953622770023 -0.9961966798818975 -0.06975584591533021
vn 0.003650572803029979 -0.06966025347947433 0.9975640943836066
vn -0.0036505687959305613 0.06966017701597774 -0.9975640997377407
vn 0.9986295648575025 0.0523353818344765 -8.688721995804306e-7
vn -0.998629490603164 -0.05233679869028392 7.197505090734214e-7
vn -0.052050372312108156 0.9931588952439314 0.10452830975398357
vn 0.05205232687178021 -0.9931587928055469 -0.10452830975511947
vn 0.005470648321405255 -0.10438394197406141 0.9945220282451763
vn -0.005470647914620803 0.10438393421230972 -0.9945220290620789
vn 0.9986294906032176 -0.0523367986892629 7.197506164604191e-7
vn -0.9986295648575025 0.052335381834476453 -8.688721996710606e-7
vn 0.052050372312108205 0.993158895243932 0.10452830975397859
vn -0.05205231872090143 -0.9931586369281173 -0.10452979484750613
vn -0.005470721864992293 -0.10438534523909895 0.9945218805544652
vn 0.005470648321405726 0.1043839419740614 -0.9945220282451763
vn 0.9986293394884549 0.052339682003388115 7.978571133968658e-7
vn -0.9986293871925257 -0.052338771803873224 0.000001242079520920023
vn -0.009536148758738828 0.18198543514124732 0.9832549838486975
vn 0.009537670669328807 -0.18198544947301898 -0.9832549664346002
vn 0.05146075867162526 -0.9819073882677191 0.18223520840443433
vn -0.05145255225862626 0.9819074082011511 -0.18223741818235747
vn 0.998629512164639 0.052336387268491824 0.000001223692867724632
vn -0.998629485864876 -0.05233688908749407 -0.0000013773249059938256
vn 0.01530288257483078 -0.2919672656880984 0.9563058807471156
vn -0.015300444720353763 0.29196739345265527 -0.9563058807472754
vn 0.050046128965796764 -0.9549943216422586 -0.2923717335971128
vn -0.050054102928837586 0.9549939037394041 0.2923717335868217
vn 0.998629485864876 -0.05233688908749406 -0.0000013773249060755164
vn -0.9986295121646391 0.05233638726849179 0.0000012236928678348756
vn -0.015303029304126702 -0.2919700651705574 0.9563050236919273
vn 0.015300591426338944 0.2919701929375644 -0.9563050236917121
vn -0.05004612896579685 -0.9549943216422587 -0.2923717335971128
vn 0.0500541029288376 0.9549939037394041 0.2923717335868218
vn 0.9986293675635514 -0.05233914633437201 -7.815049427568979e-7
vn -0.9986293602034311 0.05233928675380191 -0.0000013376506706487242
vn 0.009536054935474558 0.1819836446419581 0.9832553161509463
vn -0.009537670669328807 -0.18198544947301895 -0.9832549664346002
vn -0.05146075867162517 -0.9819073882677191 0.1822352084044343
vn 0.0514525726232886 0.9819077968351843 -0.1822353184339412
vn 0.9986296523555882 0.052333712204438124 -0.000001749305387995496
vn -0.9986295103180862 -0.0523364224773089 0.0000020337742471911217
vn 0.0022827169598876205 -0.04355918305813357 0.9990482404641876
vn -0.002283079131505688 0.043559157905289046 -0.9990482407332799
vn 0.05228376441571021 -0.9976791255982012 -0.04362075565750289
vn -0.052283328398212224 0.9976791308802349 0.04362115745443176
vn 0.9986295566031579 -0.052335539340812975 -6.974907567228893e-7
vn -0.9986294928013458 0.05233675674623149 7.827360938585062e-7
vn 0.052206097844811075 0.9961970915976125 0.06975584592187513
vn -0.052213953622770023 -0.9961966798818975 -0.06975584591533023
vn -0.003650568795930563 -0.06966017701597775 0.9975640997377407
vn 0.0036505728030299775 0.06966025347947433 -0.9975640943836067
vn 0.9986295112378686 -0.052336404941054515 0.0000016315718440704735
vn -0.9986296698749209 0.052333377594034836 0.000005925106308654814
vn -0.002282716637325075 -0.04355917690294213 0.9990482407332951
vn 0.0022830729753569035 0.043559040451341305 -0.9990482458684103
vn -0.05228378101560065 -0.997679442357416 -0.04361349034539756
vn 0.052283328398212224 0.997679130880235 0.043621157454429044
vn 0.7489518878278308 0 0.6626243805649837
vn -0.7489562793798011 0 -0.6626194168431568
vn 0 1 0
vn 0 -1 0
vn -0.6626154378038284 0 0.7489597997116005
vn 0.6626294681832484 0 -0.7489473866001438
vn 1 0 0
vn -1 0 0
vn 0 1 0
vn 0 -1 0
vn 0 0 1
vn 0 0 -1
vn 0.7489562793798011 0 -0.6626194168431568
vn -0.7489518878278308 0 0.6626243805649837
vn 0 1 0
vn 0 -1 0
vn 0.6626154378038284 0 0.7489597997116005
vn -0.6626294681832484 0 -0.7489473866001438
vn 1 0 0
vn -1 0 0
vn 0 1 0
vn 0 -1 0
vn 0 0 1
vn 0 0 -1
vn -1 0 0
vn 1 0 0
vn 0 1 0
vn 0 -1 0
vn 0 0 -1
vn 0 0 1
vn -1 0 0
vn 1 0 0
vn 0 1 0
vn 0 -1 0
vn 0 0 -1
vn 0 0 1
vn 0.25881773143640696 -0.9659261782838854 0
vn -0.25881773143640696 0.9659261782838854 0
vn 0.9659265401125602 0.2588163810622872 0
vn -0.9659265401125602 -0.2588163810622872 0
vn 0 0 1
vn 0 0 -1
vn 0.2588177314364069 0.9659261782838853 0
vn -0.2588177314364069 -0.9659261782838853 0
vn -0.96592654011256 0.2588163810622873 0
vn 0.96592654011256 -0.2588163810622873 0
vn 0 0 1
vn 0 0 -1
vn 0.9586108358122838 0.27760333323312675 0.06325863451839839
vn 0.9586108703015749 0.2776032094914651 0.06325865489950817
vn 0.958610889215726 0.2776031660865227 0.06325855875510952
vn 1 0 0
vn -1 0 0
vn 0 1 0
vn 0 -1 0
vn 0 0 1
vn 0 0 -1
vn 1 0 0
vn -1 0 0
vn 0 1 0
vn 0 -1 0
vn 0 0 1
vn 0 0 -1
usemtl m_95a4e7be-1ce3-1987-38a2-28f17dc65aaa
f 1/1/1 2/2/1 3/3/1
f 3/4/2 4/5/2 5/6/2
f 5/7/3 6/8/3 7/9/3
f 1/10/4 6/11/4 8/12/4
f 4/13/5 8/14/5 6/15/5
f 3/16/6 7/17/6 1/18/6
f 9/19/7 10/20/7 11/21/7
f 11/22/8 12/23/8 13/24/8
f 14/25/9 12/26/9 15/27/9
f 14/28/10 16/29/10 9/30/10
f 12/31/11 16/32/11 15/33/11
f 11/34/12 14/35/12 9/36/12
f 17/37/13 18/38/13 19/39/13
f 20/40/14 18/41/14 21/42/14
f 20/43/15 22/44/15 23/45/15
f 17/46/16 22/47/16 24/48/16
f 21/49/17 24/50/17 22/51/17
f 19/52/18 23/53/18 17/54/18
f 25/55/19 26/56/19 27/57/19
f 27/58/20 28/59/20 29/60/20
f 29/61/21 30/62/21 31/63/21
f 31/64/22 32/65/22 25/66/22
f 28/67/23 32/68/23 30/69/23
f 27/70/24 31/71/24 25/72/24
f 33/73/25 34/74/25 35/75/25
f 36/76/26 34/77/26 37/78/26
f 36/79/27 38/80/27 39/81/27
f 33/82/28 38/83/28 40/84/28
f 38/85/29 34/86/29 40/87/29
f 35/88/30 39/89/30 33/90/30
f 41/91/31 42/92/31 43/93/31
f 43/94/32 44/95/32 45/96/32
f 46/97/33 44/98/33 47/99/33
f 46/100/34 48/101/34 41/102/34
f 44/103/35 48/104/35 47/105/35
f 41/106/36 45/107/36 46/108/36
f 49/109/37 50/110/37 51/111/37
f 51/112/38 52/113/38 53/114/38
f 53/115/39 54/116/39 55/117/39
f 55/118/40 56/119/40 49/120/40
f 52/121/41 56/122/41 54/123/41
f 51/124/42 55/125/42 49/126/42
f 57/127/43 58/128/43 59/129/43
f 59/130/44 60/131/44 61/132/44
f 61/133/45 62/134/45 63/135/45
f 63/136/46 64/137/46 57/138/46
f 60/139/47 64/140/47 62/141/47
f 59/142/48 63/143/48 57/144/48
f 65/145/49 66/146/49 67/147/49
f 67/148/50 68/149/50 69/150/50
f 69/151/51 70/152/51 71/153/51
f 71/154/52 72/155/52 65/156/52
f 68/157/53 72/158/53 70/159/53
f 67/160/54 71/161/54 65/162/54
f 1/163/55 8/164/55 2/165/55
f 3/166/56 2/167/56 4/168/56
f 5/169/57 4/170/57 6/171/57
f 1/172/58 7/173/58 6/174/58
f 4/175/59 2/176/59 8/177/59
f 3/178/60 5/179/60 7/180/60
f 9/181/61 16/182/61 10/183/61
f 11/184/62 10/185/62 12/186/62
f 14/187/63 13/188/63 12/189/63
f 14/190/64 15/191/64 16/192/64
f 12/193/65 10/194/65 16/195/65
f 11/196/66 13/197/66 14/198/66
f 17/199/67 24/200/67 18/201/67
f 20/202/68 19/203/68 18/204/68
f 20/205/69 21/206/69 22/207/69
f 17/208/70 23/209/70 22/210/70
f 21/211/71 18/212/71 24/213/71
f 19/214/72 20/215/72 23/216/72
f 25/217/73 32/218/73 26/219/73
f 27/220/74 26/221/74 28/222/74
f 29/223/75 28/224/75 30/225/75
f 31/226/76 30/227/76 32/228/76
f 28/229/77 26/230/77 32/231/77
f 27/232/78 29/233/78 31/234/78
f 33/235/79 40/236/79 34/237/79
f 36/238/80 35/239/80 34/240/80
f 36/241/81 37/242/81 38/243/81
f 33/244/82 39/245/82 38/246/82
f 38/247/83 37/248/83 34/249/83
f 35/250/84 36/251/84 39/252/84
f 41/253/85 48/254/85 42/255/85
f 43/256/86 42/257/86 44/258/86
f 46/259/87 45/260/87 44/261/87
f 46/262/88 47/263/88 48/264/88
f 44/265/89 42/266/89 48/267/89
f 41/268/90 43/269/90 45/270/90
f 49/271/91 56/272/91 50/273/91
f 51/274/92 50/275/92 52/276/92
f 53/277/93 52/278/93 54/279/93
f 55/280/94 54/281/94 56/282/94
f 52/283/95 50/284/95 56/285/95
f 51/286/96 53/287/96 55/288/96
f 57/289/97 64/290/97 58/291/97
f 59/292/98 58/293/98 60/294/98
f 61/295/99 60/296/99 62/297/99
f 63/298/100 62/299/100 64/300/100
f 60/301/101 58/302/101 64/303/101
f 59/304/102 61/305/102 63/306/102
f 65/307/103 72/308/103 66/309/103
f 67/310/104 66/311/104 68/312/104
f 69/313/105 68/314/105 70/315/105
f 71/316/106 70/317/106 72/318/106
f 68/319/107 66/320/107 72/321/107
f 67/322/108 69/323/108 71/324/108
f 73/325/109 74/326/109 75/327/109
f 75/328/110 76/329/110 77/330/110
f 77/331/111 78/332/111 79/333/111
f 79/334/112 80/335/112 73/336/112
f 76/337/113 80/338/113 78/339/113
f 75/340/114 79/341/114 73/342/114
f 73/343/115 80/344/115 74/345/115
f 75/346/116 74/347/116 76/348/116
f 77/349/117 76/350/117 78/351/117
f 79/352/118 78/353/118 80/354/118
f 76/355/119 74/356/119 80/357/119
f 75/358/120 77/359/120 79/360/120
f 81/361/121 82/362/121 83/363/121
f 83/364/122 84/365/122 85/366/122
f 85/367/123 86/368/123 87/369/123
f 87/370/124 88/371/124 81/372/124
f 84/373/125 88/374/125 86/375/125
f 83/376/126 87/377/126 81/378/126
f 81/379/127 88/380/127 82/381/127
f 83/382/128 82/383/128 84/384/128
f 85/385/129 84/386/129 86/387/129
f 87/388/130 86/389/130 88/390/130
f 84/391/131 82/392/131 88/393/131
f 83/394/132 85/395/132 87/396/132
f 89/397/133 90/398/133 91/399/133
f 91/400/134 92/401/134 93/402/134
f 93/403/135 94/404/135 95/405/135
f 95/406/136 96/407/136 89/408/136
f 92/409/137 96/410/137 94/411/137
f 91/412/138 95/413/138 89/414/138
f 97/415/139 98/416/139 99/417/139
f 99/418/140 100/419/140 101/420/140
f 101/421/141 102/422/141 103/423/141
f 103/424/142 104/425/142 97/426/142
f 100/427/143 104/428/143 102/429/143
f 99/430/144 103/431/144 97/432/144
f 89/433/145 96/434/145 90/435/145
f 91/436/146 90/437/146 92/438/146
f 93/439/147 92/440/147 94/441/147
f 95/442/148 94/443/148 96/444/148
f 92/445/149 90/446/149 96/447/149
f 91/448/150 93/449/150 95/450/150
f 97/451/151 104/452/151 98/453/151
f 99/454/152 98/455/152 100/456/152
f 101/457/153 100/458/153 102/459/153
f 103/460/154 102/461/154 104/462/154
f 100/463/155 98/464/155 104/465/155
f 99/466/156 101/467/156 103/468/156
f 105/469/157 106/470/157 107/471/157
f 105/472/158 108/473/158 109/474/158
f 109/475/159 110/476/159 111/477/159
f 111/478/160 106/479/160 112/480/160
f 108/481/161 106/482/161 110/483/161
f 105/484/162 111/485/162 112/486/162
f 105/487/163 112/488/163 106/489/163
f 105/490/164 107/491/164 108/492/164
f 109/493/165 108/494/165 110/495/165
f 111/496/166 110/497/166 106/498/166
f 108/499/167 107/500/167 106/501/167
f 105/502/168 109/503/168 111/504/168
f 113/505/169 114/506/169 115/507/169
f 113/508/170 116/509/170 117/510/170
f 117/511/171 118/512/171 119/513/171
f 119/514/172 114/515/172 120/516/172
f 116/517/173 114/518/173 118/519/173
f 113/520/174 119/521/174 120/522/174
f 113/523/175 120/524/175 114/525/175
f 113/526/176 115/527/176 116/528/176
f 117/529/177 116/530/177 118/531/177
f 119/532/178 118/533/178 114/534/178
f 116/535/179 115/536/179 114/537/179
f 113/538/180 117/539/180 119/540/180
f 121/541/181 122/542/181 123/543/181
f 123/544/182 124/545/182 125/546/182
f 125/547/183 126/548/183 127/549/183
f 127/550/184 128/551/184 121/552/184
f 124/553/185 128/554/185 126/555/185
f 123/556/186 127/557/186 121/558/186
f 121/559/187 128/560/187 122/561/187
f 123/562/188 122/563/188 124/564/188
f 125/565/189 124/566/189 126/567/189
f 127/568/190 126/569/190 128/570/190
f 124/571/191 122/572/191 128/573/191
f 123/574/192 125/575/192 127/576/192
f 129/577/193 130/578/193 131/579/193
f 129/580/194 132/581/194 133/582/194
f 133/583/195 134/584/195 135/585/195
f 135/586/196 130/587/196 136/588/196
f 132/589/197 130/590/197 134/591/197
f 129/592/198 135/593/198 136/594/198
f 129/595/199 136/596/199 130/597/199
f 129/598/200 131/599/200 132/600/200
f 133/601/201 132/602/201 134/603/201
f 135/604/202 134/605/202 130/606/202
f 132/607/203 131/608/203 130/609/203
f 129/610/204 133/611/204 135/612/204
f 137/613/205 138/614/205 139/615/205
f 137/616/206 140/617/206 141/618/206
f 141/619/207 142/620/207 143/621/207
f 143/622/208 138/623/208 144/624/208
f 140/625/209 138/626/209 142/627/209
f 137/628/210 143/629/210 144/630/210
f 137/631/211 144/632/211 138/633/211
f 137/634/212 139/635/212 140/636/212
f 141/637/213 140/638/213 142/639/213
f 143/640/214 142/641/214 138/642/214
f 140/643/215 139/644/215 138/645/215
f 137/646/216 141/647/216 143/648/216
f 145/649/217 146/650/217 147/651/217
f 147/652/218 148/653/218 149/654/218
f 149/655/219 150/656/219 151/657/219
f 151/658/220 152/659/220 145/660/220
f 148/661/221 152/662/221 150/663/221
f 147/664/222 151/665/222 145/666/222
f 145/667/223 152/668/223 146/669/223
f 147/670/224 146/671/224 148/672/224
f 149/673/225 148/674/225 150/675/225
f 151/676/226 150/677/226 152/678/226
f 148/679/227 146/680/227 152/681/227
f 147/682/228 149/683/228 151/684/228
f 153/685/229 154/686/229 155/687/229
f 153/688/230 156/689/230 157/690/230
f 157/691/231 158/692/231 159/693/231
f 160/694/232 158/695/232 154/696/232
f 156/697/233 154/698/233 158/699/233
f 160/700/234 157/701/234 159/702/234
f 161/703/235 162/704/235 163/705/235
f 163/706/236 164/707/236 165/708/236
f 165/709/237 166/710/237 167/711/237
f 167/712/238 168/713/238 161/714/238
f 164/715/239 168/716/239 166/717/239
f 163/718/240 167/719/240 161/720/240
f 153/721/241 160/722/241 154/723/241
f 153/724/242 155/725/242 156/726/242
f 157/727/243 156/728/243 158/729/243
f 160/730/244 159/731/244 158/732/244
f 156/733/245 155/734/245 154/735/245
f 160/736/246 153/737/246 157/738/246
f 161/739/247 168/740/247 162/741/247
f 165/742/248 164/743/248 166/744/248
f 167/745/249 166/746/249 168/747/249
f 164/748/250 162/749/250 168/750/250
f 163/751/251 165/752/251 167/753/251
f 169/754/252 170/755/252 171/756/252
f 172/757/253 170/758/253 173/759/253
f 174/760/254 173/761/254 175/762/254
f 174/763/255 176/764/255 169/765/255
f 169/766/256 172/767/256 174/768/256
f 173/769/257 176/770/257 175/771/257
f 177/772/258 178/773/258 179/774/258
f 180/775/259 179/776/259 181/777/259
f 182/778/260 181/779/260 183/780/260
f 184/781/261 183/782/261 178/783/261
f 184/784/262 180/785/262 182/786/262
f 183/787/263 179/788/263 178/789/263
f 176/790/264 170/791/264 169/792/264
f 171/793/265 170/794/265 172/795/265
f 172/796/266 173/797/266 174/798/266
f 175/799/267 176/800/267 174/801/267
f 171/802/268 172/803/268 169/804/268
f 170/805/269 176/806/269 173/807/269
f 184/808/270 178/809/270 177/810/270
f 177/811/271 179/812/271 180/813/271
f 180/814/272 181/815/272 182/816/272
f 182/817/273 183/818/273 184/819/273
f 177/820/274 180/821/274 184/822/274
f 181/823/275 179/824/275 183/825/275
f 185/826/276 186/827/276 187/828/276
f 187/829/277 188/830/277 189/831/277
f 189/832/278 190/833/278 191/834/278
f 191/835/279 192/836/279 185/837/279
f 188/838/280 192/839/280 190/840/280
f 187/841/281 191/842/281 185/843/281
f 193/844/282 194/845/282 195/846/282
f 195/847/283 196/848/283 197/849/283
f 197/850/284 198/851/284 199/852/284
f 199/853/285 200/854/285 193/855/285
f 196/856/286 200/857/286 198/858/286
f 195/859/287 199/860/287 193/861/287
f 185/862/288 192/863/288 186/864/288
f 187/865/289 186/866/289 188/867/289
f 189/868/290 188/869/290 190/870/290
f 191/871/291 190/872/291 192/873/291
f 188/874/292 186/875/292 192/876/292
f 187/877/293 189/878/293 191/879/293
f 193/880/294 200/881/294 194/882/294
f 195/883/295 194/884/295 196/885/295
f 197/886/296 196/887/296 198/888/296
f 199/889/297 198/890/297 200/891/297
f 196/892/298 194/893/298 200/894/298
f 195/895/299 197/896/299 199/897/299
f 201/898/300 202/899/300 203/900/300 204/901/300
f 205/902/301 206/903/301 207/904/301 208/905/301
f 203/906/302 202/907/302 207/908/302 206/909/302
f 201/910/303 204/911/303 205/912/303 208/913/303
f 204/914/304 203/915/304 206/916/304 205/917/304
f 208/918/305 207/919/305 202/920/305 201/921/305
f 209/922/306 210/923/306 211/924/306 212/925/306
f 213/926/307 214/927/307 215/928/307 216/929/307
f 211/930/308 210/931/308 215/932/308 214/933/308
f 209/934/309 212/935/309 213/936/309 216/937/309
f 212/938/310 211/939/310 214/940/310 213/941/310
f 216/942/311 215/943/311 210/944/311 209/945/311
f 217/946/312 218/947/312 219/948/312 220/949/312
f 221/950/313 222/951/313 223/952/313 224/953/313
f 219/954/314 218/955/314 223/956/314 222/957/314
f 217/958/315 220/959/315 221/960/315 224/961/315
f 220/962/316 219/963/316 222/964/316 221/965/316
f 224/966/317 223/967/317 218/968/317 217/969/317
f 225/970/318 226/971/318 227/972/318 228/973/318
f 229/974/319 230/975/319 231/976/319 232/977/319
f 227/978/320 226/979/320 231/980/320 230/981/320
f 225/982/321 228/983/321 229/984/321 232/985/321
f 228/986/322 227/987/322 230/988/322 229/989/322
f 232/990/323 231/991/323 226/992/323 225/993/323
f 233/994/324 234/995/324 235/996/324 236/997/324
f 237/998/325 238/999/325 239/1000/325 240/1001/325
f 235/1002/326 234/1003/326 239/1004/326 238/1005/326
f 233/1006/327 236/1007/327 237/1008/327 240/1009/327
f 236/1010/328 235/1011/328 238/1012/328 237/1013/328
f 240/1014/329 239/1015/329 234/1016/329 233/1017/329
f 241/1018/330 242/1019/330 243/1020/330 244/1021/330
f 245/1022/331 246/1023/331 247/1024/331 248/1025/331
f 243/1026/332 242/1027/332 247/1028/332 246/1029/332
f 241/1030/333 244/1031/333 245/1032/333 248/1033/333
f 244/1034/334 243/1035/334 246/1036/334 245/1037/334
f 248/1038/335 247/1039/335 242/1040/335 241/1041/335
f 249/1042/336 250/1043/336 251/1044/336 252/1045/336
f 253/1046/337 254/1047/337 255/1048/337 256/1049/337
f 251/1050/338 250/1051/338 255/1052/338 254/1053/338
f 249/1054/339 252/1055/339 253/1056/339 256/1057/339
f 252/1058/340 251/1059/340 254/1060/340 253/1061/340
f 256/1062/341 255/1063/341 250/1064/341 249/1065/341
f 257/1066/342 258/1067/342 259/1068/342 260/1069/342
f 261/1070/343 262/1071/343 263/1072/343 264/1073/343
f 259/1074/344 258/1075/344 263/1076/344 262/1077/344
f 257/1078/345 260/1079/345 261/1080/345 264/1081/345
f 260/1082/346 259/1083/346 262/1084/346 261/1085/346
f 264/1086/347 263/1087/347 258/1088/347 257/1089/347
f 265/1090/348 266/1091/348 267/1092/348 268/1093/348
f 269/1094/349 270/1095/349 271/1096/349 272/1097/349
f 267/1098/350 266/1099/350 271/1100/350 270/1101/350
f 265/1102/351 268/1103/351 269/1104/351 272/1105/351
f 268/1106/352 267/1107/352 270/1108/352 269/1109/352
f 272/1110/353 271/1111/353 266/1112/353 265/1113/353
f 273/1114/354 274/1115/354 275/1116/354 276/1117/354
f 277/1118/355 278/1119/355 279/1120/355 280/1121/355
f 275/1122/356 274/1123/356 279/1124/356 278/1125/356
f 273/1126/357 276/1127/357 277/1128/357 280/1129/357
f 276/1130/358 275/1131/358 278/1132/358 277/1133/358
f 280/1134/359 279/1135/359 274/1136/359 273/1137/359
f 281/1138/360 282/1139/360 283/1140/360 284/1141/360
f 285/1142/361 286/1143/361 287/1144/361 288/1145/361
f 283/1146/362 282/1147/362 287/1148/362 286/1149/362
f 281/1150/363 284/1151/363 285/1152/363 288/1153/363
f 284/1154/364 283/1155/364 286/1156/364 285/1157/364
f 288/1158/365 287/1159/365 282/1160/365 281/1161/365
f 289/1162/366 290/1163/366 291/1164/366 292/1165/366
f 293/1166/367 294/1167/367 295/1168/367 296/1169/367
f 291/1170/368 290/1171/368 295/1172/368 294/1173/368
f 289/1174/369 292/1175/369 293/1176/369 296/1177/369
f 292/1178/370 291/1179/370 294/1180/370 293/1181/370
f 296/1182/371 295/1183/371 290/1184/371 289/1185/371
f 297/1186/372 298/1187/372 299/1188/372 300/1189/372
f 301/1190/373 302/1191/373 303/1192/373 304/1193/373
f 299/1194/374 298/1195/374 303/1196/374 302/1197/374
f 297/1198/375 300/1199/375 301/1200/375 304/1201/375
f 300/1202/376 299/1203/376 302/1204/376 301/1205/376
f 304/1206/377 303/1207/377 298/1208/377 297/1209/377
f 305/1210/378 306/1211/378 307/1212/378 308/1213/378
f 309/1214/379 310/1215/379 311/1216/379 312/1217/379
f 307/1218/380 306/1219/380 311/1220/380 310/1221/380
f 305/1222/381 308/1223/381 309/1224/381 312/1225/381
f 308/1226/382 307/1227/382 310/1228/382 309/1229/382
f 312/1230/383 311/1231/383 306/1232/383 305/1233/383
f 313/1234/384 314/1235/384 315/1236/384 316/1237/384
f 317/1238/385 318/1239/385 319/1240/385 320/1241/385
f 315/1242/386 314/1243/386 319/1244/386 318/1245/386
f 313/1246/387 316/1247/387 317/1248/387 320/1249/387
f 316/1250/388 315/1251/388 318/1252/388 317/1253/388
f 320/1254/389 319/1255/389 314/1256/389 313/1257/389
f 321/1258/390 322/1259/390 323/1260/390 324/1261/390
f 325/1262/391 326/1263/391 327/1264/391 328/1265/391
f 323/1266/392 322/1267/392 327/1268/392 326/1269/392
f 321/1270/393 324/1271/393 325/1272/393 328/1273/393
f 324/1274/394 323/1275/394 326/1276/394 325/1277/394
f 328/1278/395 327/1279/395 322/1280/395 321/1281/395
f 329/1282/396 330/1283/396 331/1284/396 332/1285/396
f 333/1286/397 334/1287/397 335/1288/397 336/1289/397
f 331/1290/398 330/1291/398 335/1292/398 334/1293/398
f 329/1294/399 332/1295/399 333/1296/399 336/1297/399
f 332/1298/400 331/1299/400 334/1300/400 333/1301/400
f 336/1302/401 335/1303/401 330/1304/401 329/1305/401
f 337/1306/402 338/1307/402 339/1308/402 340/1309/402
f 341/1310/403 342/1311/403 343/1312/403 344/1313/403
f 339/1314/404 338/1315/404 343/1316/404 342/1317/404
f 337/1318/405 340/1319/405 341/1320/405 344/1321/405
f 340/1322/406 339/1323/406 342/1324/406 341/1325/406
f 344/1326/407 343/1327/407 338/1328/407 337/1329/407
f 345/1330/408 346/1331/408 347/1332/408 348/1333/408
f 349/1334/409 350/1335/409 351/1336/409 352/1337/409
f 347/1338/410 346/1339/410 351/1340/410 350/1341/410
f 345/1342/411 348/1343/411 349/1344/411 352/1345/411
f 348/1346/412 347/1347/412 350/1348/412 349/1349/412
f 352/1350/413 351/1351/413 346/1352/413 345/1353/413
f 353/1354/414 354/1355/414 355/1356/414 356/1357/414
f 357/1358/415 358/1359/415 359/1360/415 360/1361/415
f 355/1362/416 354/1363/416 359/1364/416 358/1365/416
f 353/1366/417 356/1367/417 357/1368/417 360/1369/417
f 356/1370/418 355/1371/418 358/1372/418 357/1373/418
f 360/1374/419 359/1375/419 354/1376/419 353/1377/419
f 361/1378/420 362/1379/420 363/1380/420 364/1381/420
f 365/1382/421 366/1383/421 367/1384/421 368/1385/421
f 363/1386/422 362/1387/422 367/1388/422 366/1389/422
f 361/1390/423 364/1391/423 365/1392/423 368/1393/423
f 364/1394/424 363/1395/424 366/1396/424 365/1397/424
f 368/1398/425 367/1399/425 362/1400/425 361/1401/425
f 369/1402/426 370/1403/426 371/1404/426 372/1405/426
f 373/1406/427 374/1407/427 375/1408/427 376/1409/427
f 371/1410/428 370/1411/428 375/1412/428 374/1413/428
f 369/1414/429 372/1415/429 373/1416/429 376/1417/429
f 372/1418/430 371/1419/430 374/1420/430 373/1421/430
f 376/1422/431 375/1423/431 370/1424/431 369/1425/431
f 377/1426/432 378/1427/432 379/1428/432 380/1429/432
f 381/1430/433 382/1431/433 383/1432/433 384/1433/433
f 379/1434/434 378/1435/434 383/1436/434 382/1437/434
f 377/1438/435 380/1439/435 381/1440/435 384/1441/435
f 380/1442/436 379/1443/436 382/1444/436 381/1445/436
f 384/1446/437 383/1447/437 378/1448/437 377/1449/437
f 385/1450/438 386/1451/438 387/1452/438 388/1453/438
f 389/1454/439 390/1455/439 391/1456/439 392/1457/439
f 387/1458/440 386/1459/440 391/1460/440 390/1461/440
f 385/1462/441 388/1463/441 389/1464/441 392/1465/441
f 388/1466/442 387/1467/442 390/1468/442 389/1469/442
f 392/1470/443 391/1471/443 386/1472/443 385/1473/443
f 393/1474/444 394/1475/444 395/1476/444 396/1477/444
f 397/1478/445 398/1479/445 399/1480/445 400/1481/445
f 395/1482/446 394/1483/446 399/1484/446 398/1485/446
f 393/1486/447 396/1487/447 397/1488/447 400/1489/447
f 396/1490/448 395/1491/448 398/1492/448 397/1493/448
f 400/1494/449 399/1495/449 394/1496/449 393/1497/449
f 401/1498/450 402/1499/450 403/1500/450 404/1501/450
f 405/1502/451 406/1503/451 407/1504/451 408/1505/451
f 403/1506/452 402/1507/452 407/1508/452 406/1509/452
f 401/1510/453 404/1511/453 405/1512/453 408/1513/453
f 404/1514/454 403/1515/454 406/1516/454 405/1517/454
f 408/1518/455 407/1519/455 402/1520/455 401/1521/455
f 409/1522/456 410/1523/456 411/1524/456 412/1525/456
f 413/1526/457 414/1527/457 415/1528/457 416/1529/457
f 411/1530/458 410/1531/458 415/1532/458 414/1533/458
f 409/1534/459 412/1535/459 413/1536/459 416/1537/459
f 412/1538/460 411/1539/460 414/1540/460 413/1541/460
f 416/1542/461 415/1543/461 410/1544/461 409/1545/461
f 417/1546/462 418/1547/462 419/1548/462 420/1549/462
f 421/1550/463 422/1551/463 423/1552/463 424/1553/463
f 419/1554/464 418/1555/464 423/1556/464 422/1557/464
f 417/1558/465 420/1559/465 421/1560/465 424/1561/465
f 420/1562/466 419/1563/466 422/1564/466 421/1565/466
f 424/1566/467 423/1567/467 418/1568/467 417/1569/467
f 425/1570/468 426/1571/468 427/1572/468 428/1573/468
f 429/1574/469 430/1575/469 431/1576/469 432/1577/469
f 427/1578/470 426/1579/470 431/1580/470 430/1581/470
f 425/1582/471 428/1583/471 429/1584/471 432/1585/471
f 428/1586/472 427/1587/472 430/1588/472 429/1589/472
f 432/1590/473 431/1591/473 426/1592/473 425/1593/473
f 433/1594/474 434/1595/474 435/1596/474 436/1597/474
f 437/1598/475 438/1599/475 439/1600/475 440/1601/475
f 435/1602/476 434/1603/476 439/1604/476 438/1605/476
f 433/1606/477 436/1607/477 437/1608/477 440/1609/477
f 436/1610/478 435/1611/478 438/1612/478 437/1613/478
f 440/1614/479 439/1615/479 434/1616/479 433/1617/479
f 441/1618/480 442/1619/480 443/1620/480 444/1621/480
f 445/1622/481 446/1623/481 447/1624/481 448/1625/481
f 443/1626/482 442/1627/482 447/1628/482 446/1629/482
f 441/1630/483 444/1631/483 445/1632/483 448/1633/483
f 444/1634/484 443/1635/484 446/1636/484 445/1637/484
f 448/1638/485 447/1639/485 442/1640/485 441/1641/485
f 449/1642/486 450/1643/486 451/1644/486 452/1645/486
f 453/1646/487 454/1647/487 455/1648/487 456/1649/487
f 451/1650/488 450/1651/488 455/1652/488 454/1653/488
f 449/1654/489 452/1655/489 453/1656/489 456/1657/489
f 452/1658/490 451/1659/490 454/1660/490 453/1661/490
f 456/1662/491 455/1663/491 450/1664/491 449/1665/491
f 457/1666/492 458/1667/492 459/1668/492 460/1669/492
f 461/1670/493 462/1671/493 463/1672/493 464/1673/493
f 459/1674/494 458/1675/494 463/1676/494 462/1677/494
f 457/1678/495 460/1679/495 461/1680/495 464/1681/495
f 460/1682/496 459/1683/496 462/1684/496 461/1685/496
f 464/1686/497 463/1687/497 458/1688/497 457/1689/497
f 465/1690/498 466/1691/498 467/1692/498 468/1693/498
f 469/1694/499 470/1695/499 471/1696/499 472/1697/499
f 467/1698/500 466/1699/500 471/1700/500 470/1701/500
f 465/1702/501 468/1703/501 469/1704/501 472/1705/501
f 468/1706/502 467/1707/502 470/1708/502 469/1709/502
f 472/1710/503 471/1711/503 466/1712/503 465/1713/503
f 473/1714/504 474/1715/504 475/1716/504 476/1717/504
f 477/1718/505 478/1719/505 479/1720/505 480/1721/505
f 475/1722/506 474/1723/506 479/1724/506 478/1725/506
f 473/1726/507 476/1727/507 477/1728/507 480/1729/507
f 476/1730/508 475/1731/508 478/1732/508 477/1733/508
f 480/1734/509 479/1735/509 474/1736/509 473/1737/509
f 481/1738/510 482/1739/510 483/1740/510 484/1741/510
f 485/1742/511 486/1743/511 487/1744/511 488/1745/511
f 483/1746/512 482/1747/512 487/1748/512 486/1749/512
f 481/1750/513 484/1751/513 485/1752/513 488/1753/513
f 484/1754/514 483/1755/514 486/1756/514 485/1757/514
f 488/1758/515 487/1759/515 482/1760/515 481/1761/515
f 489/1762/516 490/1763/516 491/1764/516 492/1765/516
f 493/1766/517 494/1767/517 495/1768/517 496/1769/517
f 491/1770/518 490/1771/518 495/1772/518 494/1773/518
f 489/1774/519 492/1775/519 493/1776/519 496/1777/519
f 492/1778/520 491/1779/520 494/1780/520 493/1781/520
f 496/1782/521 495/1783/521 490/1784/521 489/1785/521
f 497/1786/522 498/1787/522 499/1788/522 500/1789/522
f 501/1790/523 502/1791/523 503/1792/523 504/1793/523
f 499/1794/524 498/1795/524 503/1796/524 502/1797/524
f 497/1798/525 500/1799/525 501/1800/525 504/1801/525
f 500/1802/526 499/1803/526 502/1804/526 501/1805/526
f 504/1806/527 503/1807/527 498/1808/527 497/1809/527
f 163/1810/528 162/1811/528 505/1812/528
f 162/1813/529 164/1814/529 505/1815/529
f 164/1816/530 163/1817/530 505/1818/530
f 509/1819/531 507/1820/531 506/1821/531 508/1822/531
f 512/1823/532 510/1824/532 511/1825/532 513/1826/532
f 506/1827/533 507/1828/533 511/1829/533 510/1830/533
f 509/1831/534 508/1832/534 512/1833/534 513/1834/534
f 508/1835/535 506/1836/535 510/1837/535 512/1838/535
f 513/1839/536 511/1840/536 507/1841/536 509/1842/536
f 517/1843/537 515/1844/537 514/1845/537 516/1846/537
f 520/1847/538 518/1848/538 519/1849/538 521/1850/538
f 514/1851/539 515/1852/539 519/1853/539 518/1854/539
f 517/1855/540 516/1856/540 520/1857/540 521/1858/540
f 516/1859/541 514/1860/541 518/1861/541 520/1862/541
f 521/1863/542 519/1864/542 515/1865/542 517/1866/542
