# Made in Blockbench 5.1.6
mtllib maid.mtl

o plane
v 0.125 0.38840181874397156 -0.20659254507910496
v 0.125 0.637450493266908 -0.18480360939219037
v -0.125 0.38840181874397156 -0.20659254507910496
v -0.125 0.637450493266908 -0.18480360939219037
v -0.11490485194281397 0.419028742996836 -0.19450218901556626
v -0.026516504294495525 0.5070807462971809 -0.1867986369260388
v -0.24748737341529162 0.5511067479473533 -0.1829468608812751
v -0.15909902576697318 0.6391587512476982 -0.17524330879174763
v -0.23728139936514758 0.5690798973628399 -0.17666853608515645
v -0.1152443984751559 0.5960318968456102 -0.17431054167105747
v -0.2778638269785419 0.7514388172492809 -0.16071419790226066
v -0.15582682608855022 0.7783908167320512 -0.1583562034881617
v 0.11490485194281397 0.419028742996836 -0.19450218901556626
v 0.026516504294495525 0.5070807462971809 -0.1867986369260388
v 0.24748737341529162 0.5511067479473533 -0.1829468608812751
v 0.15909902576697318 0.6391587512476982 -0.17524330879174763
v 0.23728139936514758 0.5690798973628399 -0.17666853608515645
v 0.1152443984751559 0.5960318968456102 -0.17431054167105747
v 0.2778638269785419 0.7514388172492809 -0.16071419790226066
v 0.15582682608855022 0.7783908167320512 -0.1583562034881617
v -0.16235006449472694 1.1862829951005238 -0.29847874028204135
v -0.1675813387772772 1.0633410122789333 -0.32045378588555423
v -0.28156468112255434 1.184643420256059 -0.2609262839494719
v -0.2867959554051046 1.0617014374344689 -0.2829013295529848
v 0.16235006449472694 1.1862829951005238 -0.29847874028204135
v 0.1675813387772772 1.0633410122789333 -0.32045378588555423
v 0.28156468112255434 1.184643420256059 -0.2609262839494719
v 0.2867959554051046 1.0617014374344689 -0.2829013295529848
v 0.125 1.1870243372614684 -0.3141055321565427
v 0.125 1.0625 -0.32499999999999996
v -0.125 1.1870243372614684 -0.3141055321565427
v -0.125 1.0625 -0.32499999999999996
v -0.23126950638358706 1.5285638153937502 0.1423360181135072
v -0.247041432216386 1.566141214844035 -0.037478681038365325
v -0.42999512918364086 1.5106537549181804 0.1560238439632236
v -0.4457670550164398 1.548231154368465 -0.023790855188648874
v -0.17642774276128853 1.5398427799168113 -0.12145838410232955
v -0.1283882636864353 1.1778774566747885 -0.194665312977666
v -0.4209241988275636 1.518302563082036 -0.1486096096310533
v -0.37288471975271037 1.1563372398400131 -0.22181653850638972
v -0.1760048936173325 1.5394562099620148 0.12353419587341236
v -0.13227325799122777 1.1727572692762367 0.17154848708173448
v -0.4206062827460429 1.519193481937363 0.15072370317444506
v -0.37687464711993823 1.1524945412515848 0.19873799438276707
v -0.2549602557347131 1.557733481365072 0.05971927397323282
v -0.22297435981365574 1.5263227948130091 -0.11912258873641167
v -0.4519218090469947 1.5502166134611706 0.025812884992266832
v -0.4199359131259373 1.5188059269091079 -0.15302897771737772
v 0.23126950638358706 1.5285638153937502 0.1423360181135072
v 0.247041432216386 1.566141214844035 -0.037478681038365325
v 0.42999512918364086 1.5106537549181804 0.1560238439632236
v 0.4457670550164398 1.548231154368465 -0.023790855188648874
v 0.17642774276128853 1.5398427799168113 -0.12145838410232955
v 0.1283882636864353 1.1778774566747885 -0.194665312977666
v 0.4209241988275636 1.518302563082036 -0.1486096096310533
v 0.37288471975271037 1.1563372398400131 -0.22181653850638972
v 0.1760048936173325 1.5394562099620148 0.12353419587341236
v 0.13227325799122777 1.1727572692762367 0.17154848708173448
v 0.4206062827460429 1.519193481937363 0.15072370317444506
v 0.37687464711993823 1.1524945412515848 0.19873799438276707
v 0.2549602557347131 1.557733481365072 0.05971927397323282
v 0.22297435981365574 1.5263227948130091 -0.11912258873641167
v 0.4519218090469947 1.5502166134611706 0.025812884992266832
v 0.4199359131259373 1.5188059269091079 -0.15302897771737772
v -0.19143584753741133 1.2635829292399308 -0.2915319212384905
v -0.19143584753741133 1.366897233282184 -0.2667283513288004
v -0.09606415246258865 1.2706027667178164 -0.32077164867119945
v -0.09606415246258865 1.3739170707600694 -0.2959680787615095
v -0.034375 1.2670928479788734 -0.324901784954845
v -0.034375 1.3704071520211267 -0.300098215045155
v 0.128125 1.2670928479788734 -0.324901784954845
v 0.128125 1.3704071520211267 -0.300098215045155
v 0.25 1.25 -0.16249999999999998
v 0.25 1.25 -0.22499999999999998
v 0.25 0.8312499999999999 -0.16249999999999998
v 0.25 0.8312499999999999 -0.22499999999999998
v -0.25 1.25 -0.16249999999999998
v -0.25 1.25 -0.22499999999999998
v -0.25 0.8312499999999999 -0.16249999999999998
v -0.25 0.8312499999999999 -0.22499999999999998
v 0.25 1.25 0.21250000000000002
v 0.25 1.25 0.14999999999999997
v 0.25 0.8624999999999999 0.21250000000000002
v 0.25 0.8624999999999999 0.15000000000000002
v -0.25 1.25 0.21250000000000002
v -0.25 1.25 0.14999999999999997
v -0.25 0.8624999999999999 0.21250000000000002
v -0.25 0.8624999999999999 0.15000000000000002
v 0.203125 1.4375 0.15000000000000008
v 0.203125 1.4375 0.10625000000000001
v 0.203125 0.8999999999999999 0.15000000000000008
v 0.203125 0.8999999999999999 0.10625000000000001
v -0.203125 1.4375 0.15000000000000008
v -0.203125 1.4375 0.10625000000000001
v -0.203125 0.8999999999999999 0.15000000000000008
v -0.203125 0.8999999999999999 0.10625000000000001
v 0.203125 1.4034508898329847 -0.11151408593142084
v 0.203125 1.4051958646681098 -0.16148362728237567
v 0.203125 0.8975092836545673 -0.12918195613706196
v 0.203125 0.8992542584896924 -0.1791514974880168
v -0.203125 1.4034508898329847 -0.11151408593142084
v -0.203125 1.4051958646681098 -0.16148362728237567
v -0.203125 0.8975092836545673 -0.12918195613706196
v -0.203125 0.8992542584896924 -0.1791514974880168
v 0.1875 1.437382836975237 -0.12048961372297429
v 0.1875 1.4503773176513473 -0.18162383876883717
v 0.1875 1.23563989432389 -0.16337139995413713
v 0.1875 1.248634375 -0.224505625
v -0.1875 1.437382836975237 -0.12048961372297429
v -0.1875 1.4503773176513473 -0.18162383876883717
v -0.1875 1.23563989432389 -0.16337139995413713
v -0.1875 1.248634375 -0.224505625
v 0.1875 1.4587417399750966 0.1953298554315132
v 0.1875 1.4543819603660888 0.13298210229027418
v 0.1875 1.24052460398076 0.21058908406304055
v 0.1875 1.2361648243717522 0.14824133092180158
v -0.1875 1.4587417399750966 0.1953298554315132
v -0.1875 1.4543819603660888 0.13298210229027418
v -0.1875 1.24052460398076 0.21058908406304055
v -0.1875 1.2361648243717522 0.14824133092180158
v -0.21031636856028352 1.586431294280851 0.1610838403205433
v -0.20596536234547524 1.5829432594262238 0.1113957898680289
v -0.11060844372331974 1.2394876489843027 0.19416989044819183
v -0.10625743750851147 1.2359996141296756 0.14448183999567754
v -0.34795438542152135 1.5459968976534375 0.15186980841900127
v -0.34360337920671313 1.5425088627988104 0.10218175796648699
v -0.24824646058455763 1.1990532523568898 0.18495585854664987
v -0.24389545436974935 1.1955652175022624 0.13526780809413558
v -0.21600336458145303 1.607316954479615 0.056874688021159664
v -0.1979733412947972 1.5488380880304145 0.04417073434133262
v -0.21628327812123455 1.5860057790293185 0.1545770700255758
v -0.1982532548345787 1.5275269125801179 0.14187311634574873
v -0.3416728400120074 1.5703985299844048 0.04846187768211341
v -0.3236428167253515 1.5119196635352044 0.035757924002286334
v -0.34195275355178884 1.5490873545341084 0.14616425968652952
v -0.323922730265133 1.4906084880849075 0.1334603060067025
v -0.18883812355395446 1.551796696603705 0.07960461402488045
v -0.2063617330433662 1.616759146861978 0.06548492327387617
v -0.1781291227570564 1.5374592984102216 0.0003498424652228216
v -0.1956527322464681 1.6024217486684948 -0.013769848285781455
v -0.3385171105145434 1.5087187260725599 0.06717272690467063
v -0.35604072000395515 1.5736811763308332 0.053053036153666355
v -0.32780810971764535 1.4943813278790767 -0.012082044654986995
v -0.3453317192070571 1.5593437781373498 -0.026201735405991244
v -0.17236273771257277 1.529739160921423 -0.042325803759208414
v -0.1898863472019845 1.5947016111796959 -0.056445494510212746
v -0.1616537369156747 1.5154017627279397 -0.12158057531886603
v -0.17917734640508642 1.5803642129862125 -0.13570026606987032
v -0.3220417246731617 1.486661190390278 -0.05475769087941826
v -0.33956533416257345 1.551623640648551 -0.06887738163042258
v -0.31133272387626365 1.4723237921967947 -0.13401246243907586
v -0.3288563333656754 1.537286242455068 -0.14813215319008008
v -0.1999886732187325 1.5472475821770995 0.07251354216605932
v -0.2159192273000159 1.6063043551391658 0.05967745966514637
v -0.17527559445665997 1.5141612786536762 -0.11038208451007397
v -0.19120614853794335 1.573218051615743 -0.12321816701098691
v -0.3257190222656272 1.5110620869309375 0.062070756985083075
v -0.3416495763469106 1.5701188598930038 0.04923467448417013
v -0.3010059435035547 1.4779757834075147 -0.1208248696910502
v -0.31693649758483805 1.537032556369581 -0.13366095219196317
v -0.1860340519241504 1.5671871547507439 -0.086040030540522
v -0.1850832386863247 1.5762334965330542 -0.12883398051647543
v -0.060853990674432895 1.156487902475177 -0.17007767951886532
v -0.05990317743660717 1.1655342442574872 -0.2128716294948188
v -0.32373872480659477 1.527555468576179 -0.09747746982122621
v -0.322787911568769 1.5366018103584893 -0.1402714197971796
v -0.19855866355687724 1.116856216300612 -0.1815151187995696
v -0.1976078503190515 1.1259025580829225 -0.224309068775523
v 0.34795438542152135 1.5459968976534375 0.15186980841900127
v 0.34360337920671313 1.5425088627988104 0.10218175796648699
v 0.24824646058455763 1.1990532523568898 0.18495585854664987
v 0.24389545436974935 1.1955652175022624 0.13526780809413558
v 0.21031636856028352 1.586431294280851 0.1610838403205433
v 0.20596536234547524 1.5829432594262238 0.1113957898680289
v 0.11060844372331974 1.2394876489843027 0.19416989044819183
v 0.10625743750851147 1.2359996141296756 0.14448183999567754
v 0.3416728400120074 1.5703985299844048 0.04846187768211341
v 0.3236428167253515 1.5119196635352044 0.035757924002286334
v 0.34195275355178884 1.5490873545341084 0.14616425968652952
v 0.323922730265133 1.4906084880849075 0.1334603060067025
v 0.21600336458145303 1.607316954479615 0.056874688021159664
v 0.1979733412947972 1.5488380880304145 0.04417073434133262
v 0.21628327812123455 1.5860057790293185 0.1545770700255758
v 0.1982532548345787 1.5275269125801179 0.14187311634574873
v 0.3385171105145434 1.5087187260725599 0.06717272690467063
v 0.35604072000395515 1.5736811763308332 0.053053036153666355
v 0.32780810971764535 1.4943813278790767 -0.012082044654986995
v 0.3453317192070571 1.5593437781373498 -0.026201735405991244
v 0.18883812355395446 1.551796696603705 0.07960461402488045
v 0.2063617330433662 1.616759146861978 0.06548492327387617
v 0.1781291227570564 1.5374592984102216 0.0003498424652228216
v 0.1956527322464681 1.6024217486684948 -0.013769848285781455
v 0.3257190222656272 1.5110620869309375 0.062070756985083075
v 0.3416495763469106 1.5701188598930038 0.04923467448417013
v 0.3010059435035547 1.4779757834075147 -0.1208248696910502
v 0.31693649758483805 1.537032556369581 -0.13366095219196317
v 0.1999886732187325 1.5472475821770995 0.07251354216605932
v 0.2159192273000159 1.6063043551391658 0.05967745966514637
v 0.17527559445665997 1.5141612786536762 -0.11038208451007397
v 0.19120614853794335 1.573218051615743 -0.12321816701098691
v 0.3220417246731617 1.486661190390278 -0.05475769087941826
v 0.33956533416257345 1.551623640648551 -0.06887738163042258
v 0.31133272387626365 1.4723237921967947 -0.13401246243907586
v 0.3288563333656754 1.537286242455068 -0.14813215319008008
v 0.17236273771257277 1.529739160921423 -0.042325803759208414
v 0.1898863472019845 1.5947016111796959 -0.056445494510212746
v 0.1616537369156747 1.5154017627279397 -0.12158057531886603
v 0.17917734640508642 1.5803642129862125 -0.13570026606987032
v 0.32373872480659477 1.527555468576179 -0.09747746982122621
v 0.322787911568769 1.5366018103584893 -0.1402714197971796
v 0.19855866355687724 1.116856216300612 -0.1815151187995696
v 0.1976078503190515 1.1259025580829225 -0.224309068775523
v 0.1860340519241504 1.5671871547507439 -0.086040030540522
v 0.1850832386863247 1.5762334965330542 -0.12883398051647543
v 0.060853990674432895 1.156487902475177 -0.17007767951886532
v 0.05990317743660717 1.1655342442574872 -0.2128716294948188
v -0.27723616960864317 1.125 0.10193584315367049
v -0.2502723616960864 1.125 -0.20626189156846325
v -0.27723616960864317 0.8750000000000001 0.10193584315367049
v -0.2502723616960864 0.875 -0.20626189156846325
v -0.3145934707870836 1.125 0.0986675028006333
v -0.28762966287452685 1.125 -0.20953023192150044
v -0.3145934707870836 0.8750000000000001 0.0986675028006333
v -0.28762966287452685 0.875 -0.20953023192150044
v 0.3145934707870836 1.125 0.0986675028006333
v 0.28762966287452685 1.125 -0.20953023192150044
v 0.3145934707870836 0.8750000000000001 0.0986675028006333
v 0.28762966287452685 0.875 -0.20953023192150044
v 0.27723616960864317 1.125 0.10193584315367049
v 0.2502723616960864 1.125 -0.20626189156846325
v 0.27723616960864317 0.8750000000000001 0.10193584315367049
v 0.2502723616960864 0.875 -0.20626189156846325
v -0.21655260636174328 1.1250000000000002 0.1901149485422997
v -0.279644375 1.125 0.07860062500000009
v -0.21655260636174328 0.875 0.1901149485422997
v -0.279644375 0.875 0.07860062500000009
v -0.2491909449594895 1.125 0.20858083204617966
v -0.31228271359774623 1.125 0.0970665085038801
v -0.2491909449594895 0.875 0.20858083204617966
v -0.31228271359774623 0.8750000000000001 0.09706650850388004
v 0.2491909449594895 1.125 0.20858083204617966
v 0.31228271359774623 1.125 0.0970665085038801
v 0.2491909449594895 0.875 0.20858083204617966
v 0.31228271359774623 0.8750000000000001 0.09706650850388004
v 0.21655260636174328 1.1250000000000002 0.1901149485422997
v 0.279644375 1.125 0.07860062500000009
v 0.21655260636174328 0.875 0.1901149485422997
v 0.279644375 0.875 0.07860062500000009
v -0.221875 1.0937500000000002 0.15000000000000008
v -0.221875 1.0937500000000002 -0.16249999999999995
v -0.221875 0.90625 0.15000000000000008
v -0.221875 0.90625 -0.16249999999999998
v -0.278125 1.0937500000000002 0.15000000000000008
v -0.278125 1.0937500000000002 -0.16249999999999995
v -0.278125 0.90625 0.15000000000000008
v -0.278125 0.90625 -0.16249999999999998
v 0.278125 1.0937500000000002 0.15000000000000008
v 0.278125 1.0937500000000002 -0.16249999999999995
v 0.278125 0.90625 0.15000000000000008
v 0.278125 0.90625 -0.16249999999999998
v 0.221875 1.0937500000000002 0.15000000000000008
v 0.221875 1.0937500000000002 -0.16249999999999995
v 0.221875 0.90625 0.15000000000000008
v 0.221875 0.90625 -0.16249999999999998
v 0.140625 1.25 -0.22500000000000003
v 0.140625 1.25 -0.23124999999999996
v 0.140625 1.1875 -0.22499999999999998
v 0.140625 1.1875 -0.23124999999999996
v -0.140625 1.25 -0.22500000000000003
v -0.140625 1.25 -0.23124999999999996
v -0.140625 1.1875 -0.22499999999999998
v -0.140625 1.1875 -0.23124999999999996
v 0.09375 1.3205775137935696 -0.20640524335769556
v 0.09375 1.3218769618611805 -0.21251866586228177
v 0.09375 1.2594432887477067 -0.2193997240338055
v 0.09375 1.260742736815318 -0.22551314653839172
v -0.09375 1.3205775137935696 -0.20640524335769556
v -0.09375 1.3218769618611805 -0.21251866586228177
v -0.09375 1.2594432887477067 -0.2193997240338055
v -0.09375 1.260742736815318 -0.22551314653839172
v 0.09375 1.387825161344019 -0.19211131461397457
v 0.09375 1.3891246094116299 -0.1982247371185608
v 0.09375 1.3266909362981563 -0.2051057952900845
v 0.09375 1.327990384365767 -0.21121921779467082
v -0.09375 1.387825161344019 -0.19211131461397457
v -0.09375 1.3891246094116299 -0.1982247371185608
v -0.09375 1.3266909362981563 -0.2051057952900845
v -0.09375 1.327990384365767 -0.21121921779467082
v 0.140625 1.18125 -0.22499999999999998
v 0.140625 1.18125 -0.23124999999999998
v 0.140625 1.11875 -0.225
v 0.140625 1.11875 -0.23125
v -0.140625 1.18125 -0.22499999999999998
v -0.140625 1.18125 -0.23124999999999998
v -0.140625 1.11875 -0.225
v -0.140625 1.11875 -0.23125
v 0.21875 1.103125 -0.225
v 0.21875 1.103125 -0.23124999999999998
v 0.21875 0.8531249999999999 -0.225
v 0.21875 0.853125 -0.23124999999999998
v -0.21875 1.103125 -0.225
v -0.21875 1.103125 -0.23124999999999998
v -0.21875 0.8531249999999999 -0.225
v -0.21875 0.853125 -0.23124999999999998
v -0.146875 1.140625 -0.22499999999999998
v -0.146875 1.140625 -0.24374999999999997
v -0.146875 1.065625 -0.22499999999999998
v -0.146875 1.0656249999999998 -0.24374999999999997
v -0.196875 1.140625 -0.22499999999999998
v -0.196875 1.140625 -0.24374999999999997
v -0.196875 1.065625 -0.22499999999999998
v -0.196875 1.0656249999999998 -0.24374999999999997
v 0.196875 1.140625 -0.22499999999999998
v 0.196875 1.140625 -0.24374999999999997
v 0.196875 1.065625 -0.22499999999999998
v 0.196875 1.0656249999999998 -0.24374999999999997
v 0.146875 1.140625 -0.22499999999999998
v 0.146875 1.140625 -0.24374999999999997
v 0.146875 1.065625 -0.22499999999999998
v 0.146875 1.0656249999999998 -0.24374999999999997
v 0.15625 1.25 0.21875000000000006
v 0.15625 1.25 0.21250000000000008
v 0.15625 1.1875 0.21875000000000006
v 0.15625 1.1875 0.21250000000000008
v -0.15625 1.25 0.21875000000000006
v -0.15625 1.25 0.21250000000000008
v -0.15625 1.1875 0.21875000000000006
v -0.15625 1.1875 0.21250000000000008
v 0.15625 1.387165056910726 0.20290848486018281
v 0.15625 1.3867290789498252 0.19667370954605895
v 0.15625 1.3248173037694868 0.2072682644691906
v 0.15625 1.324381325808586 0.20103348915506675
v -0.15625 1.387165056910726 0.20290848486018281
v -0.15625 1.3867290789498252 0.19667370954605895
v -0.15625 1.3248173037694868 0.2072682644691906
v -0.15625 1.324381325808586 0.20103348915506675
v 0.15625 1.3185825284553632 0.2077042424300914
v 0.15625 1.3181465504944625 0.20146946711596753
v 0.15625 1.2562347753141243 0.2120640220390993
v 0.15625 1.2557987973532234 0.20582924672497538
v -0.15625 1.3185825284553632 0.2077042424300914
v -0.15625 1.3181465504944625 0.20146946711596753
v -0.15625 1.2562347753141243 0.2120640220390993
v -0.15625 1.2557987973532234 0.20582924672497538
v -0.21250000000000002 0.871080182627463 -0.13770542892368973
v -0.21250000000000002 0.875653302895423 -0.18121576184605162
v -0.21250000000000002 0.7467649457064287 -0.15077148683214645
v -0.21250000000000002 0.7513380659743887 -0.1942818197545083
v -0.25 0.871080182627463 -0.13770542892368973
v -0.25 0.875653302895423 -0.18121576184605162
v -0.25 0.7467649457064287 -0.15077148683214645
v -0.25 0.7513380659743887 -0.1942818197545083
v -0.08125000000000002 0.8721766729771518 -0.16658517980213658
v -0.08125000000000002 0.8732661197614976 -0.17903761352828335
v -0.08125000000000002 0.6667115164957294 -0.18456105174384113
v -0.08125000000000002 0.6678009632800752 -0.19701348546998784
v -0.2125 0.8721766729771518 -0.16658517980213658
v -0.2125 0.8732661197614976 -0.17903761352828335
v -0.2125 0.6667115164957294 -0.18456105174384113
v -0.2125 0.6678009632800752 -0.19701348546998784
v -0.21440311269504495 0.7546017418548205 -0.14774091539874798
v -0.21440311269504495 0.7606905650218234 -0.19106514340619163
v -0.16656768364940872 0.6402406918035934 -0.1638133128303894
v -0.16656768364940872 0.6463295149705964 -0.20713754083783303
v -0.24904859516421818 0.7403907724732866 -0.1497381368975589
v -0.24904859516421818 0.7464795956402894 -0.19306236490500253
v -0.20121316611858198 0.6260297224220595 -0.16581053432920032
v -0.20121316611858198 0.6321185455890623 -0.209134762336644
v -0.17562808871894703 0.6532229761662589 -0.16198877174971663
v -0.17562808871894703 0.6593117993332617 -0.20531299975716027
v -0.0872397410706286 0.5656948178412999 -0.17429005218066937
v -0.0872397410706286 0.5717836410083028 -0.21761428018811305
v -0.20214459301344254 0.6269645286687712 -0.16567915587900245
v -0.20214459301344254 0.633053351835774 -0.20900338388644613
v -0.1137562453651241 0.5394363703438123 -0.17798043630995525
v -0.1137562453651241 0.5455251935108152 -0.22130466431739892
v -0.030935921676911414 0.6180996319687055 -0.18881404055258696
v -0.030935921676911414 0.6186443553608785 -0.19504025741566033
v -0.08396893026590262 0.5652684299884985 -0.1934361718063034
v -0.08396893026590262 0.5658131533806714 -0.19966238866937683
v -0.13258252147247762 0.7193594357641021 -0.1799549556496304
v -0.13258252147247762 0.7199041591562749 -0.18618117251270383
v -0.1856155300614688 0.6665282337838953 -0.18457708690334687
v -0.1856155300614688 0.667072957176068 -0.1908033037664203
v -0.10324182561109696 0.5728225424695939 -0.1732883158118802
v -0.10324182561109696 0.5789113656365967 -0.21661254381932382
v 0.012243115952813854 0.5254526445311472 -0.17994572080791657
v 0.012243115952813854 0.53154146769815 -0.22326994881536028
v -0.11759245432478782 0.5385142274542256 -0.17811003504137266
v -0.11759245432478782 0.5446030506212285 -0.22143426304881625
v -0.002107512760877006 0.491144329515779 -0.184767440037409
v -0.002107512760877006 0.49723315268278184 -0.2280916680448527
v 0.08125 0.8721766729771518 -0.16658517980213658
v 0.08125 0.8732661197614976 -0.17903761352828335
v 0.08125 0.5297347455081143 -0.19654496637164412
v 0.08125 0.5308241922924601 -0.20899740009779086
v -0.08125 0.8721766729771518 -0.16658517980213658
v -0.08125 0.8732661197614976 -0.17903761352828335
v -0.08125 0.5297347455081143 -0.19654496637164412
v -0.08125 0.5308241922924601 -0.20899740009779086
v 0.11759245432478782 0.5385142274542256 -0.17811003504137266
v 0.11759245432478782 0.5446030506212285 -0.22143426304881625
v 0.002107512760877006 0.491144329515779 -0.184767440037409
v 0.002107512760877006 0.49723315268278184 -0.2280916680448527
v 0.10324182561109696 0.5728225424695939 -0.1732883158118802
v 0.10324182561109696 0.5789113656365967 -0.21661254381932382
v -0.012243115952813854 0.5254526445311472 -0.17994572080791657
v -0.012243115952813854 0.53154146769815 -0.22326994881536028
v 0.20214459301344254 0.6269645286687712 -0.16567915587900245
v 0.20214459301344254 0.633053351835774 -0.20900338388644613
v 0.1137562453651241 0.5394363703438123 -0.17798043630995525
v 0.1137562453651241 0.5455251935108152 -0.22130466431739892
v 0.17562808871894703 0.6532229761662589 -0.16198877174971663
v 0.17562808871894703 0.6593117993332617 -0.20531299975716027
v 0.0872397410706286 0.5656948178412999 -0.17429005218066937
v 0.0872397410706286 0.5717836410083028 -0.21761428018811305
v 0.13258252147247762 0.7193594357641021 -0.1799549556496304
v 0.13258252147247762 0.7199041591562749 -0.18618117251270383
v 0.1856155300614688 0.6665282337838953 -0.18457708690334687
v 0.1856155300614688 0.667072957176068 -0.1908033037664203
v 0.030935921676911414 0.6180996319687055 -0.18881404055258696
v 0.030935921676911414 0.6186443553608785 -0.19504025741566033
v 0.08396893026590262 0.5652684299884985 -0.1934361718063034
v 0.08396893026590262 0.5658131533806714 -0.19966238866937683
v 0.24904859516421818 0.7403907724732866 -0.1497381368975589
v 0.24904859516421818 0.7464795956402894 -0.19306236490500253
v 0.20121316611858198 0.6260297224220595 -0.16581053432920032
v 0.20121316611858198 0.6321185455890623 -0.209134762336644
v 0.21440311269504495 0.7546017418548205 -0.14774091539874798
v 0.21440311269504495 0.7606905650218234 -0.19106514340619163
v 0.16656768364940872 0.6402406918035934 -0.1638133128303894
v 0.16656768364940872 0.6463295149705964 -0.20713754083783303
v 0.21249999999999997 0.8721766729771518 -0.16658517980213658
v 0.21249999999999997 0.8732661197614976 -0.17903761352828335
v 0.21249999999999997 0.6667115164957294 -0.18456105174384113
v 0.21249999999999997 0.6678009632800752 -0.19701348546998784
v 0.08124999999999999 0.8721766729771518 -0.16658517980213658
v 0.08124999999999999 0.8732661197614976 -0.17903761352828335
v 0.08124999999999999 0.6667115164957294 -0.18456105174384113
v 0.08124999999999999 0.6678009632800752 -0.19701348546998784
v 0.25 0.872004820233743 -0.14389386880102562
v 0.25 0.8761980719065028 -0.1874424524795897
v 0.25 0.7475802954378457 -0.15587458786605365
v 0.25 0.7517735471106054 -0.19942317154461767
v 0.21250000000000002 0.872004820233743 -0.14389386880102562
v 0.21250000000000002 0.8761980719065028 -0.1874424524795897
v 0.21250000000000002 0.7475802954378457 -0.15587458786605365
v 0.21250000000000002 0.7517735471106054 -0.19942317154461767
v 0.128125 0.6555752755890057 -0.22019908635505736
v 0.128125 0.6710798768537118 -0.2742700567515879
v 0.128125 0.5954964195928608 -0.2374264210936198
v 0.128125 0.611001020857567 -0.2914973914901503
v -0.121875 0.6555752755890057 -0.22019908635505736
v -0.121875 0.6710798768537118 -0.2742700567515879
v -0.121875 0.5954964195928608 -0.2374264210936198
v -0.121875 0.611001020857567 -0.2914973914901503
v -0.0785691738241592 0.6388325206406702 -0.224999994081383
v -0.0785691738241592 0.6543371219053764 -0.27907096447791346
v -0.12276334764831842 0.596350354159866 -0.23718155929679108
v -0.12276334764831842 0.6118549554245725 -0.29125252969332155
v -0.12276334764831844 0.6813146871214744 -0.2128184288659749
v -0.12276334764831844 0.6968192883861806 -0.2668893992625053
v -0.16695752147247767 0.6388325206406703 -0.224999994081383
v -0.16695752147247767 0.6543371219053765 -0.27907096447791346
v 0.1714308261758408 0.6388325206406703 -0.224999994081383
v 0.1714308261758408 0.6543371219053765 -0.27907096447791346
v 0.12723665235168158 0.596350354159866 -0.23718155929679108
v 0.12723665235168158 0.6118549554245725 -0.29125252969332155
v 0.12723665235168158 0.6813146871214744 -0.2128184288659749
v 0.12723665235168158 0.6968192883861806 -0.2668893992625053
v 0.08304247852752236 0.6388325206406703 -0.224999994081383
v 0.08304247852752236 0.6543371219053765 -0.27907096447791346
v 0.1705425 0.8190690679884348 -0.1733179957843126
v 0.1705425 0.8362964027269973 -0.23339685178045752
v 0.1705425 0.6388325 -0.22499999999999995
v 0.1705425 0.6560598347385624 -0.28507885599614485
v -0.1669575 0.8190690679884348 -0.1733179957843126
v -0.1669575 0.8362964027269973 -0.23339685178045752
v -0.1669575 0.6388325 -0.22499999999999995
v -0.1669575 0.6560598347385624 -0.28507885599614485
v 0.1080425 0.7834524377592121 -0.1851563680273537
v 0.1080425 0.8024025059716307 -0.25124310962311314
v 0.1080425 0.663294725766922 -0.21961103750447863
v 0.1080425 0.6822447939793408 -0.2856977791002381
v -0.1044575 0.7834524377592121 -0.1851563680273537
v -0.1044575 0.8024025059716307 -0.25124310962311314
v -0.1044575 0.663294725766922 -0.21961103750447863
v -0.1044575 0.6822447939793408 -0.2856977791002381
v 0.134375 1.08125 -0.1875
v 0.134375 1.08125 -0.3375
v 0.134375 0.8437500000000001 -0.18749999999999997
v 0.134375 0.8437500000000001 -0.3375
v -0.134375 1.08125 -0.1875
v -0.134375 1.08125 -0.3375
v -0.134375 0.8437500000000001 -0.18749999999999997
v -0.134375 0.8437500000000001 -0.3375
v -0.22871482957515124 1.08125 -0.28680976139666087
v -0.23539578897710764 1.08125 -0.31090052272687635
v -0.22871482957515124 0.84375 -0.28680976139666087
v -0.23539578897710764 0.8437500000000001 -0.31090052272687635
v -0.28894173290069014 1.08125 -0.27010736289176984
v -0.2956226923026466 1.08125 -0.2941981242219853
v -0.28894173290069014 0.8437500000000001 -0.2701073628917698
v -0.2956226923026466 0.84375 -0.29419812422198527
v -0.16109574558430945 1.0875000000000001 -0.3030851549655007
v -0.1723722130657197 1.0875 -0.33884954061855915
v -0.16109574558430945 1.0812500000000003 -0.3030851549655007
v -0.1723722130657197 1.0812500000000003 -0.3388495406185592
v -0.22070305500607362 1.0875000000000001 -0.28429104249648357
v -0.23197952248748388 1.0875 -0.32005542814954213
v -0.22070305500607362 1.0812500000000003 -0.2842910424964836
v -0.23197952248748388 1.0812500000000003 -0.32005542814954213
v -0.17173791176989037 0.8958593749999999 -0.33683779392557456
v -0.17173791176989037 1.0833593750000001 -0.33683779392557467
v -0.17361732301679195 0.8958593749999999 -0.34279852486775064
v -0.17361732301679195 1.0833593750000001 -0.34279852486775075
v -0.23134522119165454 0.8958593749999999 -0.3180436814565575
v -0.23134522119165454 1.0833593750000001 -0.3180436814565576
v -0.23322463243855615 0.8958593749999999 -0.3240044123987336
v -0.23322463243855615 1.0833593750000001 -0.3240044123987337
v -0.23730595213383093 0.8958593749999999 -0.3161642702096558
v -0.23730595213383093 1.0833593750000001 -0.31616427020965593
v -0.23918536338073254 0.895859375 -0.32212500115183185
v -0.23918536338073254 1.0833593750000001 -0.32212500115183196
v -0.2969132615555951 0.895859375 -0.29737015774063874
v -0.2969132615555951 1.0833593750000001 -0.29737015774063885
v -0.2987926728024967 0.8958593749999999 -0.30333088868281477
v -0.2987926728024967 1.0833593750000001 -0.3033308886828149
v -0.22666378594825004 1.0875 -0.28241163124958185
v -0.23794025342966027 1.0875 -0.3181760169026404
v -0.22666378594825004 1.0812500000000003 -0.28241163124958185
v -0.23794025342966027 1.0812500000000003 -0.31817601690264036
v -0.2862710953700142 1.0875 -0.26361751878056483
v -0.2975475628514245 1.0875 -0.2993819044336233
v -0.2862710953700142 1.0812500000000003 -0.26361751878056483
v -0.2975475628514245 1.0812500000000003 -0.29938190443362334
v -0.16246523591705841 1.0812499999999998 -0.3051823997520411
v -0.1691461953190148 1.08125 -0.32927316108225657
v -0.16246523591705841 0.8437500000000001 -0.305182399752041
v -0.1691461953190148 0.84375 -0.32927316108225646
v -0.22269213924259737 1.08125 -0.28848000124714995
v -0.22937309864455377 1.08125 -0.3125707625773655
v -0.22269213924259737 0.84375 -0.2884800012471499
v -0.22937309864455377 0.8437500000000001 -0.31257076257736544
v -0.14075211786070005 1.08125 -0.22688742542884033
v -0.16246523591705841 1.0812499999999998 -0.3051823997520411
v -0.14075211786070005 0.8437500000000001 -0.22688742542884033
v -0.16246523591705841 0.8437500000000001 -0.305182399752041
v -0.2672286148443318 1.08125 -0.1918123885685691
v -0.28894173290069014 1.08125 -0.27010736289176984
v -0.2672286148443318 0.8437500000000001 -0.1918123885685691
v -0.28894173290069014 0.8437500000000001 -0.2701073628917698
v 0.28894173290069014 1.08125 -0.27010736289176984
v 0.2956226923026466 1.08125 -0.2941981242219853
v 0.28894173290069014 0.8437500000000001 -0.2701073628917698
v 0.2956226923026466 0.84375 -0.29419812422198527
v 0.22871482957515124 1.08125 -0.28680976139666087
v 0.23539578897710764 1.08125 -0.31090052272687635
v 0.22871482957515124 0.84375 -0.28680976139666087
v 0.23539578897710764 0.8437500000000001 -0.31090052272687635
v 0.22070305500607362 1.0875000000000001 -0.28429104249648357
v 0.23197952248748388 1.0875 -0.32005542814954213
v 0.22070305500607362 1.0812500000000003 -0.2842910424964836
v 0.23197952248748388 1.0812500000000003 -0.32005542814954213
v 0.16109574558430945 1.0875000000000001 -0.3030851549655007
v 0.1723722130657197 1.0875 -0.33884954061855915
v 0.16109574558430945 1.0812500000000003 -0.3030851549655007
v 0.1723722130657197 1.0812500000000003 -0.3388495406185592
v 0.23134522119165454 0.8958593749999999 -0.3180436814565575
v 0.23134522119165454 1.0833593750000001 -0.3180436814565576
v 0.23322463243855615 0.8958593749999999 -0.3240044123987336
v 0.23322463243855615 1.0833593750000001 -0.3240044123987337
v 0.17173791176989037 0.8958593749999999 -0.33683779392557456
v 0.17173791176989037 1.0833593750000001 -0.33683779392557467
v 0.17361732301679195 0.8958593749999999 -0.34279852486775064
v 0.17361732301679195 1.0833593750000001 -0.34279852486775075
v 0.2969132615555951 0.895859375 -0.29737015774063874
v 0.2969132615555951 1.0833593750000001 -0.29737015774063885
v 0.2987926728024967 0.8958593749999999 -0.30333088868281477
v 0.2987926728024967 1.0833593750000001 -0.3033308886828149
v 0.23730595213383093 0.8958593749999999 -0.3161642702096558
v 0.23730595213383093 1.0833593750000001 -0.31616427020965593
v 0.23918536338073254 0.895859375 -0.32212500115183185
v 0.23918536338073254 1.0833593750000001 -0.32212500115183196
v 0.2862710953700142 1.0875 -0.26361751878056483
v 0.2975475628514245 1.0875 -0.2993819044336233
v 0.2862710953700142 1.0812500000000003 -0.26361751878056483
v 0.2975475628514245 1.0812500000000003 -0.29938190443362334
v 0.22666378594825004 1.0875 -0.28241163124958185
v 0.23794025342966027 1.0875 -0.3181760169026404
v 0.22666378594825004 1.0812500000000003 -0.28241163124958185
v 0.23794025342966027 1.0812500000000003 -0.31817601690264036
v 0.22269213924259737 1.08125 -0.28848000124714995
v 0.22937309864455377 1.08125 -0.3125707625773655
v 0.22269213924259737 0.84375 -0.2884800012471499
v 0.22937309864455377 0.8437500000000001 -0.31257076257736544
v 0.16246523591705841 1.0812499999999998 -0.3051823997520411
v 0.1691461953190148 1.08125 -0.32927316108225657
v 0.16246523591705841 0.8437500000000001 -0.305182399752041
v 0.1691461953190148 0.84375 -0.32927316108225646
v 0.2672286148443318 1.08125 -0.1918123885685691
v 0.28894173290069014 1.08125 -0.27010736289176984
v 0.2672286148443318 0.8437500000000001 -0.1918123885685691
v 0.28894173290069014 0.8437500000000001 -0.2701073628917698
v 0.14075211786070005 1.08125 -0.22688742542884033
v 0.16246523591705841 1.0812499999999998 -0.3051823997520411
v 0.14075211786070005 0.8437500000000001 -0.22688742542884033
v 0.16246523591705841 0.8437500000000001 -0.305182399752041
v 0.2884646477297148 1.1540672270410925 -0.1941320094463606
v 0.3067378792748859 1.1540672270410928 -0.2539010566940504
v 0.24271939942984058 1.0385822854771818 -0.20811773538257686
v 0.26099263097501163 1.0385822854771818 -0.2678867826302665
v 0.1945916686989858 1.1947273417298838 -0.22283185929597998
v 0.21286490024415686 1.1947273417298838 -0.28260090654366965
v 0.14884642039911156 1.0792424001659726 -0.23681758523219618
v 0.1671196519442826 1.0792424001659724 -0.2965866324798859
v -0.057415699498267414 1.1947273417298838 -0.24999999999999994
v -0.057415699498267414 1.1947273417298838 -0.31249999999999994
v -0.009580270452631198 1.0792424001659726 -0.25
v -0.009580270452631198 1.0792424001659726 -0.3125
v -0.15557789982759163 1.1540672270410928 -0.24999999999999997
v -0.15557789982759163 1.1540672270410928 -0.31249999999999994
v -0.10774247078195541 1.0385822854771818 -0.24999999999999997
v -0.10774247078195541 1.0385822854771818 -0.3125
v 0.08008430050173258 1.1947273417298838 -0.24999999999999994
v 0.08008430050173258 1.1947273417298838 -0.31249999999999994
v 0.1279197295473688 1.0792424001659726 -0.25
v 0.1279197295473688 1.0792424001659726 -0.3125
v -0.018077899827591642 1.1540672270410928 -0.24999999999999997
v -0.018077899827591642 1.1540672270410928 -0.31249999999999994
v 0.029757529218044573 1.0385822854771818 -0.24999999999999997
v 0.029757529218044573 1.0385822854771818 -0.3125
v -0.1945916686989858 1.1947273417298838 -0.22283185929597998
v -0.21286490024415686 1.1947273417298838 -0.28260090654366965
v -0.14884642039911156 1.0792424001659726 -0.23681758523219618
v -0.1671196519442826 1.0792424001659724 -0.2965866324798859
v -0.2884646477297148 1.1540672270410925 -0.1941320094463606
v -0.3067378792748859 1.1540672270410928 -0.2539010566940504
v -0.24271939942984058 1.0385822854771818 -0.20811773538257686
v -0.26099263097501163 1.0385822854771818 -0.2678867826302665
v 0.159375 1.2541424657741707 -0.3128716655847478
v 0.159375 1.376179466664162 -0.28581671384248497
v 0.159375 1.2554952133612836 -0.31897351562924753
v 0.159375 1.3775322142512754 -0.29191856388698456
v -0.059375 1.2541424657741707 -0.3128716655847478
v -0.059375 1.376179466664162 -0.28581671384248497
v -0.059375 1.2554952133612836 -0.31897351562924753
v -0.059375 1.3775322142512754 -0.29191856388698456
v 0.159375 1.3450757821650718 -0.16421688091656236
v 0.159375 1.361391556192578 -0.2881474885882886
v 0.159375 1.2025555833425867 -0.18298002104819472
v 0.159375 1.2188713573700931 -0.306910628719921
v -0.059375 1.3450757821650718 -0.16421688091656236
v -0.059375 1.361391556192578 -0.2881474885882886
v -0.059375 1.2025555833425867 -0.18298002104819472
v -0.059375 1.2188713573700931 -0.306910628719921
v 0.159375 1.349124477005707 -0.1637798135715339
v 0.159375 1.3761794287479696 -0.2858168144615256
v 0.159375 1.343022626961207 -0.16513256115864708
v 0.159375 1.37007757870347 -0.28716956204863875
v -0.059375 1.349124477005707 -0.1637798135715339
v -0.059375 1.3761794287479696 -0.2858168144615256
v -0.059375 1.343022626961207 -0.16513256115864708
v -0.059375 1.37007757870347 -0.28716956204863875
v -0.07619088732337866 1.344035297499936 -0.20419672508925427
v -0.09306221639916853 1.3535738585776578 -0.27664928962483837
v -0.07619088732337866 1.2077116290610368 -0.2221440765195114
v -0.09306221639916853 1.2172501901387585 -0.2945966410550954
v -0.16144826799208678 1.3414661221009891 -0.1846819004863927
v -0.17831959706787665 1.3510046831787108 -0.2571344650219768
v -0.16144826799208678 1.20514245366209 -0.20262925191664988
v -0.17831959706787665 1.2146810147398117 -0.27508181645223395
v -0.10345059308835534 1.252957080816007 -0.31335564686581174
v -0.09779811389339162 1.3675183141429306 -0.2826093333052452
v -0.10556741704424777 1.2545785968910668 -0.3190082782847248
v -0.09991493784928404 1.3691398302179905 -0.28826196472415827
v -0.1915467701722057 1.2487718406128683 -0.28156555646561143
v -0.18589429097724197 1.3633330739397915 -0.25081924290504487
v -0.19366359412809814 1.250393356687928 -0.2872181878845244
v -0.1880111149331344 1.3649545900148516 -0.2564718743239579
v -0.06415484159673988 1.3420885105012443 -0.18940922085529802
v -0.1001408601933094 1.3696543016865095 -0.28550394559030995
v -0.0644523383571716 1.3360589723176421 -0.19102744981623493
v -0.1004383569537411 1.363624763502907 -0.2871221745512468
v -0.15225101670163005 1.337903228405451 -0.15761913048632983
v -0.18823703529819957 1.3654690195907158 -0.2537138552213418
v -0.15254851346206175 1.3318736902218484 -0.15923735944726677
v -0.18853453205863124 1.3594394814071138 -0.2553320841822786
v -0.11836582838174553 1.611404874351898 0.18250390979032188
v -0.17098480033194535 1.6399811796541033 0.05872633279764028
v -0.11836582838174553 1.4408901130144818 0.1431374752801456
v -0.17098480033194535 1.4694664183166875 0.019359898287463956
v -0.18188254624189648 1.6054865277425538 0.20813908534434622
v -0.2345015181920963 1.6340628330447595 0.08436150835166462
v -0.18188254624189648 1.434971766405138 0.16877265083416987
v -0.2345015181920963 1.4635480717073435 0.04499507384148829
v 0.18188254624189648 1.6054865277425538 0.20813908534434622
v 0.2345015181920963 1.6340628330447595 0.08436150835166462
v 0.18188254624189648 1.434971766405138 0.16877265083416987
v 0.2345015181920963 1.4635480717073435 0.04499507384148829
v 0.11836582838174553 1.611404874351898 0.18250390979032188
v 0.17098480033194535 1.6399811796541033 0.05872633279764028
v 0.11836582838174553 1.4408901130144818 0.1431374752801456
v 0.17098480033194535 1.4694664183166875 0.019359898287463956
v -0.16455495174226287 1.6537547917936786 0.05145679020146371
v -0.109092300670624 1.6017403074390772 -0.19325211902219028
v -0.16455495174226287 1.4642386941515038 0.09173968029740459
v -0.109092300670624 1.4122242097969022 -0.15296922892624942
v -0.2255734521872587 1.6509422714128155 0.03822492213413209
v -0.17011080111561985 1.598927787058214 -0.20648398708952198
v -0.2255734521872587 1.4614261737706404 0.07850781223007292
v -0.17011080111561985 1.409411689416039 -0.1662010969935811
v 0.2255734521872587 1.6509422714128155 0.03822492213413209
v 0.17011080111561985 1.598927787058214 -0.20648398708952198
v 0.2255734521872587 1.4614261737706404 0.07850781223007292
v 0.17011080111561985 1.409411689416039 -0.1662010969935811
v 0.16455495174226287 1.6537547917936786 0.05145679020146371
v 0.109092300670624 1.6017403074390772 -0.19325211902219028
v 0.16455495174226287 1.4642386941515038 0.09173968029740459
v 0.109092300670624 1.4122242097969022 -0.15296922892624942
v 0.1375 1.6112984425856056 0.21910951787581245
v 0.1375 1.622151453689789 0.1575590333125495
v 0.1375 1.426646988895817 0.186550484563263
v 0.1375 1.4375 0.125
v -0.1375 1.6112984425856056 0.21910951787581245
v -0.1375 1.622151453689789 0.1575590333125495
v -0.1375 1.426646988895817 0.186550484563263
v -0.1375 1.4375 0.125
v 0.11875 1.6060812292843751 -0.16011548490211253
v 0.11875 1.6011787187548194 -0.21615143666977327
v 0.11875 1.4192947233921727 -0.14377378313692663
v 0.11875 1.414392212862617 -0.19980973490458728
v -0.11875 1.6060812292843751 -0.16011548490211253
v -0.11875 1.6011787187548194 -0.21615143666977327
v -0.11875 1.4192947233921727 -0.14377378313692663
v -0.11875 1.414392212862617 -0.19980973490458728
vt 0.078125 0.7265625
vt 0.078125 0.7578125
vt 0.046875 0.7578125
vt 0.046875 0.7265625
vt 0.4140625 0.8046875
vt 0.4140625 0.8203125
vt 0.390625 0.8203125
vt 0.390625 0.8046875
vt 0.4140625 0.8046875
vt 0.4140625 0.8203125
vt 0.390625 0.8203125
vt 0.390625 0.8046875
vt 0.390625 0.8203125
vt 0.4140625 0.8203125
vt 0.4140625 0.8046875
vt 0.390625 0.8046875
vt 0.390625 0.8203125
vt 0.4140625 0.8203125
vt 0.4140625 0.8046875
vt 0.390625 0.8046875
vt 0.171875 0.6953125
vt 0.171875 0.7109375
vt 0.15625 0.7109375
vt 0.15625 0.6953125
vt 0.15625 0.7109375
vt 0.171875 0.7109375
vt 0.171875 0.6953125
vt 0.15625 0.6953125
vt 0.2421875 0.8671875
vt 0.2421875 0.8828125
vt 0.2109375 0.8828125
vt 0.2109375 0.8671875
vt 0.345703125 0.7734375
vt 0.345703125 0.796875
vt 0.3203125 0.796875
vt 0.3203125 0.7734375
vt 0.234371484375 1
vt 0.18782109375 1
vt 0.188479375 0.96875
vt 0.23503046875 0.96875
vt 0.188479375 0.96875
vt 0.18782109375 1
vt 0.234371484375 1
vt 0.23503046875 0.96875
vt 0.353515625 0.8984375
vt 0.353515625 0.921875
vt 0.328125 0.921875
vt 0.328125 0.8984375
vt 0.3203125 0.796875
vt 0.345703125 0.796875
vt 0.345703125 0.7734375
vt 0.3203125 0.7734375
vt 0.188479375 0.96875
vt 0.18782109375 1
vt 0.234371484375 1
vt 0.23503046875 0.96875
vt 0.234371484375 1
vt 0.18782109375 1
vt 0.188479375 0.96875
vt 0.23503046875 0.96875
vt 0.328125 0.921875
vt 0.353515625 0.921875
vt 0.353515625 0.8984375
vt 0.328125 0.8984375
vt 0.4892578125 0.720703125
vt 0.4892578125 0.734375
vt 0.4765625 0.734375
vt 0.4765625 0.720703125
vt 0.4345703125 0.931640625
vt 0.4345703125 0.9453125
vt 0.4140625 0.9453125
vt 0.4140625 0.931640625
vt 0.265625 0.580078125
vt 0.265625 0.6328125
vt 0.2578125 0.6328125
vt 0.2578125 0.580078125
vt 0.28125 0.580078125
vt 0.28125 0.6328125
vt 0.2734375 0.6328125
vt 0.2734375 0.580078125
vt 0.3125 0.71875
vt 0.3125 0.7109375
vt 0.375 0.7109375
vt 0.375 0.71875
vt 0.3203125 0.7578125
vt 0.3203125 0.765625
vt 0.3828125 0.765625
vt 0.3828125 0.7578125
vt 0.1328125 0.869140625
vt 0.1328125 0.921875
vt 0.0703125 0.921875
vt 0.0703125 0.869140625
vt 0.0625 0.869140625
vt 0.0625 0.921875
vt 0 0.921875
vt 0 0.869140625
vt 0.3828125 0.615234375
vt 0.3828125 0.6640625
vt 0.375 0.6640625
vt 0.375 0.615234375
vt 0.359375 0.576171875
vt 0.359375 0.625
vt 0.3515625 0.625
vt 0.3515625 0.576171875
vt 0.328125 0.8515625
vt 0.328125 0.84375
vt 0.390625 0.84375
vt 0.390625 0.8515625
vt 0.328125 0.6953125
vt 0.328125 0.703125
vt 0.390625 0.703125
vt 0.390625 0.6953125
vt 0.203125 0.873046875
vt 0.203125 0.921875
vt 0.140625 0.921875
vt 0.140625 0.873046875
vt 0.125 0.810546875
vt 0.125 0.859375
vt 0.0625 0.859375
vt 0.0625 0.810546875
vt 0.037109375 0.5576171875
vt 0.037109375 0.625
vt 0.03125 0.625
vt 0.03125 0.5576171875
vt 0.185546875 0.5576171875
vt 0.185546875 0.625
vt 0.1796875 0.625
vt 0.1796875 0.5576171875
vt 0.3984375 0.7109375
vt 0.3984375 0.705078125
vt 0.44921875 0.705078125
vt 0.44921875 0.7109375
vt 0.1953125 0.587890625
vt 0.1953125 0.59375
vt 0.24609375 0.59375
vt 0.24609375 0.587890625
vt 0.11328125 0.9326171875
vt 0.11328125 1
vt 0.0625 1
vt 0.0625 0.9326171875
vt 0.05078125 0.9326171875
vt 0.05078125 1
vt 0 1
vt 0 0.9326171875
vt 0.396484375 0.6240234375
vt 0.396484375 0.6875
vt 0.390625 0.6875
vt 0.390625 0.6240234375
vt 0.396484375 0.5458984375
vt 0.396484375 0.609375
vt 0.390625 0.609375
vt 0.390625 0.5458984375
vt 0.2890625 0.59375
vt 0.2890625 0.587890625
vt 0.33984375 0.587890625
vt 0.33984375 0.59375
vt 0.40625 0.689453125
vt 0.40625 0.6953125
vt 0.45703125 0.6953125
vt 0.45703125 0.689453125
vt 0.05078125 0.7958984375
vt 0.05078125 0.859375
vt 0 0.859375
vt 0 0.7958984375
vt 0.17578125 0.9365234375
vt 0.17578125 1
vt 0.125 1
vt 0.125 0.9365234375
vt 0.21875 0.521484375
vt 0.21875 0.546875
vt 0.2109375 0.546875
vt 0.2109375 0.521484375
vt 0.234375 0.521484375
vt 0.234375 0.546875
vt 0.2265625 0.546875
vt 0.2265625 0.521484375
vt 0.359375 0.8671875
vt 0.359375 0.859375
vt 0.40625 0.859375
vt 0.40625 0.8671875
vt 0.3828125 0.71875
vt 0.3828125 0.7265625
vt 0.4296875 0.7265625
vt 0.4296875 0.71875
vt 0.2109375 0.755859375
vt 0.2109375 0.78125
vt 0.1640625 0.78125
vt 0.1640625 0.755859375
vt 0.15625 0.755859375
vt 0.15625 0.78125
vt 0.109375 0.78125
vt 0.109375 0.755859375
vt 0.453125 0.77734375
vt 0.453125 0.8046875
vt 0.4453125 0.8046875
vt 0.4453125 0.77734375
vt 0.453125 0.73828125
vt 0.453125 0.765625
vt 0.4453125 0.765625
vt 0.4453125 0.73828125
vt 0.390625 0.9609375
vt 0.390625 0.953125
vt 0.4375 0.953125
vt 0.4375 0.9609375
vt 0.390625 0.828125
vt 0.390625 0.8359375
vt 0.4375 0.8359375
vt 0.4375 0.828125
vt 0.2421875 0.83203125
vt 0.2421875 0.859375
vt 0.1953125 0.859375
vt 0.1953125 0.83203125
vt 0.234375 0.93359375
vt 0.234375 0.9609375
vt 0.1875 0.9609375
vt 0.1875 0.93359375
vt 0.326171875 0.533203125
vt 0.326171875 0.578125
vt 0.3203125 0.578125
vt 0.3203125 0.533203125
vt 0.341796875 0.533203125
vt 0.341796875 0.578125
vt 0.3359375 0.578125
vt 0.3359375 0.533203125
vt 0.515625 0.7578125
vt 0.515625 0.751953125
vt 0.533203125 0.751953125
vt 0.533203125 0.7578125
vt 0.515625 0.705078125
vt 0.515625 0.7109375
vt 0.533203125 0.7109375
vt 0.533203125 0.705078125
vt 0.080078125 0.666015625
vt 0.080078125 0.7109375
vt 0.0625 0.7109375
vt 0.0625 0.666015625
vt 0.298828125 0.705078125
vt 0.298828125 0.75
vt 0.28125 0.75
vt 0.28125 0.705078125
vt 0.4765625 0.4794921875
vt 0.4765625 0.4921875
vt 0.46875 0.4921875
vt 0.46875 0.4794921875
vt 0.53125 0.9716796875
vt 0.53125 0.984375
vt 0.5234375 0.984375
vt 0.5234375 0.9716796875
vt 0.4921875 0.59375
vt 0.4921875 0.5859375
vt 0.5087890625 0.5859375
vt 0.5087890625 0.59375
vt 0.5 0.8203125
vt 0.5 0.828125
vt 0.5166015625 0.828125
vt 0.5166015625 0.8203125
vt 0.4619140625 0.5888671875
vt 0.4619140625 0.6015625
vt 0.4453125 0.6015625
vt 0.4453125 0.5888671875
vt 0.4619140625 0.8388671875
vt 0.4619140625 0.8515625
vt 0.4453125 0.8515625
vt 0.4453125 0.8388671875
vt 0.3056640625 0.458984375
vt 0.3056640625 0.46875
vt 0.296875 0.46875
vt 0.296875 0.458984375
vt 0.4541015625 0.458984375
vt 0.4541015625 0.46875
vt 0.4453125 0.46875
vt 0.4453125 0.458984375
vt 0.484375 0.7109375
vt 0.484375 0.7021484375
vt 0.50390625 0.7021484375
vt 0.50390625 0.7109375
vt 0.484375 0.5693359375
vt 0.484375 0.578125
vt 0.50390625 0.578125
vt 0.50390625 0.5693359375
vt 0.01953125 0.529296875
vt 0.01953125 0.5390625
vt 0 0.5390625
vt 0 0.529296875
vt 0.47265625 0.552734375
vt 0.47265625 0.5625
vt 0.453125 0.5625
vt 0.453125 0.552734375
vt 0.5087890625 0.458984375
vt 0.5087890625 0.46875
vt 0.5 0.46875
vt 0.5 0.458984375
vt 0.5400390625 0.482421875
vt 0.5400390625 0.4921875
vt 0.53125 0.4921875
vt 0.53125 0.482421875
vt 0.484375 0.5546875
vt 0.484375 0.5458984375
vt 0.50390625 0.5458984375
vt 0.50390625 0.5546875
vt 0.453125 0.5068359375
vt 0.453125 0.515625
vt 0.47265625 0.515625
vt 0.47265625 0.5068359375
vt 0.48046875 0.919921875
vt 0.48046875 0.9296875
vt 0.4609375 0.9296875
vt 0.4609375 0.919921875
vt 0.48046875 0.974609375
vt 0.48046875 0.984375
vt 0.4609375 0.984375
vt 0.4609375 0.974609375
vt 0.3125 0.5078125
vt 0.3125 0.53125
vt 0.3046875 0.53125
vt 0.3046875 0.5078125
vt 0.0625 0.5
vt 0.0625 0.5234375
vt 0.0546875 0.5234375
vt 0.0546875 0.5
vt 0.0625 0.484375
vt 0.0625 0.4765625
vt 0.0791015625 0.4765625
vt 0.0791015625 0.484375
vt 0.515625 0.8984375
vt 0.515625 0.90625
vt 0.5322265625 0.90625
vt 0.5322265625 0.8984375
vt 0.2431640625 0.6015625
vt 0.2431640625 0.625
vt 0.2265625 0.625
vt 0.2265625 0.6015625
vt 0.2119140625 0.6015625
vt 0.2119140625 0.625
vt 0.1953125 0.625
vt 0.1953125 0.6015625
vt 0.005859375 0.546875
vt 0.005859375 0.6015625
vt 0 0.6015625
vt 0 0.546875
vt 0.021484375 0.546875
vt 0.021484375 0.6015625
vt 0.015625 0.6015625
vt 0.015625 0.546875
vt 0.515625 0.578125
vt 0.515625 0.572265625
vt 0.533203125 0.572265625
vt 0.533203125 0.578125
vt 0.515625 0.556640625
vt 0.515625 0.5625
vt 0.533203125 0.5625
vt 0.533203125 0.556640625
vt 0.236328125 0.6953125
vt 0.236328125 0.75
vt 0.21875 0.75
vt 0.21875 0.6953125
vt 0.267578125 0.828125
vt 0.267578125 0.8828125
vt 0.25 0.8828125
vt 0.25 0.828125
vt 0.076171875 0.525390625
vt 0.076171875 0.5703125
vt 0.0703125 0.5703125
vt 0.0703125 0.525390625
vt 0.091796875 0.525390625
vt 0.091796875 0.5703125
vt 0.0859375 0.5703125
vt 0.0859375 0.525390625
vt 0.515625 0.546875
vt 0.515625 0.541015625
vt 0.533203125 0.541015625
vt 0.533203125 0.546875
vt 0.515625 0.525390625
vt 0.515625 0.53125
vt 0.533203125 0.53125
vt 0.533203125 0.525390625
vt 0.142578125 0.666015625
vt 0.142578125 0.7109375
vt 0.125 0.7109375
vt 0.125 0.666015625
vt 0.111328125 0.666015625
vt 0.111328125 0.7109375
vt 0.09375 0.7109375
vt 0.09375 0.666015625
vt 0.53125 0.9482421875
vt 0.53125 0.9609375
vt 0.5234375 0.9609375
vt 0.5234375 0.9482421875
vt 0.53125 0.9248046875
vt 0.53125 0.9375
vt 0.5234375 0.9375
vt 0.5234375 0.9248046875
vt 0.515625 0.890625
vt 0.515625 0.8828125
vt 0.5322265625 0.8828125
vt 0.5322265625 0.890625
vt 0.171875 0.4765625
vt 0.171875 0.484375
vt 0.1884765625 0.484375
vt 0.1884765625 0.4765625
vt 0.1962890625 0.5341796875
vt 0.1962890625 0.546875
vt 0.1796875 0.546875
vt 0.1796875 0.5341796875
vt 0.0478515625 0.5341796875
vt 0.0478515625 0.546875
vt 0.03125 0.546875
vt 0.03125 0.5341796875
vt 0.5322265625 0.458984375
vt 0.5322265625 0.46875
vt 0.5234375 0.46875
vt 0.5234375 0.458984375
vt 0.0087890625 0.451171875
vt 0.0087890625 0.4609375
vt 0 0.4609375
vt 0 0.451171875
vt 0.484375 0.53125
vt 0.484375 0.5224609375
vt 0.50390625 0.5224609375
vt 0.50390625 0.53125
vt 0.4921875 0.9912109375
vt 0.4921875 1
vt 0.51171875 1
vt 0.51171875 0.9912109375
vt 0.48046875 0.771484375
vt 0.48046875 0.78125
vt 0.4609375 0.78125
vt 0.4609375 0.771484375
vt 0.48046875 0.794921875
vt 0.48046875 0.8046875
vt 0.4609375 0.8046875
vt 0.4609375 0.794921875
vt 0.484375 0.8359375
vt 0.484375 0.859375
vt 0.4765625 0.859375
vt 0.4765625 0.8359375
vt 0.15625 0.5
vt 0.15625 0.5234375
vt 0.1484375 0.5234375
vt 0.1484375 0.5
vt 0.515625 0.8125
vt 0.515625 0.8046875
vt 0.5322265625 0.8046875
vt 0.5322265625 0.8125
vt 0.515625 0.7890625
vt 0.515625 0.796875
vt 0.5322265625 0.796875
vt 0.5322265625 0.7890625
vt 0.3369140625 0.6015625
vt 0.3369140625 0.625
vt 0.3203125 0.625
vt 0.3203125 0.6015625
vt 0.3056640625 0.6015625
vt 0.3056640625 0.625
vt 0.2890625 0.625
vt 0.2890625 0.6015625
vt 0.5478515625 0.974609375
vt 0.5478515625 0.984375
vt 0.5390625 0.984375
vt 0.5390625 0.974609375
vt 0.0322265625 0.451171875
vt 0.0322265625 0.4609375
vt 0.0234375 0.4609375
vt 0.0234375 0.451171875
vt 0.4921875 0.9765625
vt 0.4921875 0.9677734375
vt 0.51171875 0.9677734375
vt 0.51171875 0.9765625
vt 0.4921875 0.9443359375
vt 0.4921875 0.953125
vt 0.51171875 0.953125
vt 0.51171875 0.9443359375
vt 0.47265625 0.529296875
vt 0.47265625 0.5390625
vt 0.453125 0.5390625
vt 0.453125 0.529296875
vt 0.48046875 0.748046875
vt 0.48046875 0.7578125
vt 0.4609375 0.7578125
vt 0.4609375 0.748046875
vt 0.404296875 0.890625
vt 0.404296875 0.9453125
vt 0.3984375 0.9453125
vt 0.3984375 0.890625
vt 0.373046875 0.546875
vt 0.373046875 0.6015625
vt 0.3671875 0.6015625
vt 0.3671875 0.546875
vt 0.5 0.484375
vt 0.5 0.478515625
vt 0.517578125 0.478515625
vt 0.517578125 0.484375
vt 0.5234375 0.994140625
vt 0.5234375 1
vt 0.541015625 1
vt 0.541015625 0.994140625
vt 0.017578125 0.6875
vt 0.017578125 0.7421875
vt 0 0.7421875
vt 0 0.6875
vt 0.267578125 0.6953125
vt 0.267578125 0.75
vt 0.25 0.75
vt 0.25 0.6953125
vt 0.234375 0.7890625
vt 0.234375 0.8203125
vt 0.1953125 0.8203125
vt 0.1953125 0.7890625
vt 0.1015625 0.765625
vt 0.1015625 0.796875
vt 0.0625 0.796875
vt 0.0625 0.765625
vt 0.1640625 0.5390625
vt 0.1640625 0.5
vt 0.1689453125 0.5
vt 0.1689453125 0.5390625
vt 0.3671875 0.5
vt 0.3671875 0.5390625
vt 0.3720703125 0.5390625
vt 0.3720703125 0.5
vt 0.3251953125 0.4609375
vt 0.3251953125 0.4921875
vt 0.3203125 0.4921875
vt 0.3203125 0.4609375
vt 0.2861328125 0.4609375
vt 0.2861328125 0.4921875
vt 0.28125 0.4921875
vt 0.28125 0.4609375
vt 0.25 0.890625
vt 0.25 0.921875
vt 0.2109375 0.921875
vt 0.2109375 0.890625
vt 0.0390625 0.75
vt 0.0390625 0.78125
vt 0 0.78125
vt 0 0.75
vt 0.46875 0.90625
vt 0.46875 0.8671875
vt 0.4736328125 0.8671875
vt 0.4736328125 0.90625
vt 0.2421875 0.4921875
vt 0.2421875 0.53125
vt 0.2470703125 0.53125
vt 0.2470703125 0.4921875
vt 0.3564453125 0.4609375
vt 0.3564453125 0.4921875
vt 0.3515625 0.4921875
vt 0.3515625 0.4609375
vt 0.3408203125 0.4609375
vt 0.3408203125 0.4921875
vt 0.3359375 0.4921875
vt 0.3359375 0.4609375
vt 0.34375 0.65625
vt 0.34375 0.6875
vt 0.328125 0.6875
vt 0.328125 0.65625
vt 0.046875 0.6328125
vt 0.046875 0.6640625
vt 0.03125 0.6640625
vt 0.03125 0.6328125
vt 0.5390625 0.8359375
vt 0.5390625 0.8203125
vt 0.5439453125 0.8203125
vt 0.5439453125 0.8359375
vt 0.5390625 0.765625
vt 0.5390625 0.78125
vt 0.5439453125 0.78125
vt 0.5439453125 0.765625
vt 0.4033203125 0.4609375
vt 0.4033203125 0.4921875
vt 0.3984375 0.4921875
vt 0.3984375 0.4609375
vt 0.3720703125 0.4609375
vt 0.3720703125 0.4921875
vt 0.3671875 0.4921875
vt 0.3671875 0.4609375
vt 0.3515625 0.8046875
vt 0.3515625 0.8359375
vt 0.3359375 0.8359375
vt 0.3359375 0.8046875
vt 0.359375 0.96875
vt 0.359375 1
vt 0.34375 1
vt 0.34375 0.96875
vt 0.234375 0.4609375
vt 0.234375 0.4453125
vt 0.2392578125 0.4453125
vt 0.2392578125 0.4609375
vt 0.25 0.4453125
vt 0.25 0.4609375
vt 0.2548828125 0.4609375
vt 0.2548828125 0.4453125
vt 0.4345703125 0.4609375
vt 0.4345703125 0.4921875
vt 0.4296875 0.4921875
vt 0.4296875 0.4609375
vt 0.4189453125 0.4609375
vt 0.4189453125 0.4921875
vt 0.4140625 0.4921875
vt 0.4140625 0.4609375
vt 0.296875 0.90625
vt 0.296875 0.9296875
vt 0.2578125 0.9296875
vt 0.2578125 0.90625
vt 0.125 0.71875
vt 0.125 0.7421875
vt 0.0859375 0.7421875
vt 0.0859375 0.71875
vt 0.1640625 0.5859375
vt 0.1640625 0.546875
vt 0.1708984375 0.546875
vt 0.1708984375 0.5859375
vt 0.2421875 0.5390625
vt 0.2421875 0.578125
vt 0.2490234375 0.578125
vt 0.2490234375 0.5390625
vt 0.5068359375 0.8828125
vt 0.5068359375 0.90625
vt 0.5 0.90625
vt 0.5 0.8828125
vt 0.4912109375 0.484375
vt 0.4912109375 0.5078125
vt 0.484375 0.5078125
vt 0.484375 0.484375
vt 0.171875 0.71875
vt 0.171875 0.7421875
vt 0.1328125 0.7421875
vt 0.1328125 0.71875
vt 0.3125 0.7578125
vt 0.3125 0.78125
vt 0.2734375 0.78125
vt 0.2734375 0.7578125
vt 0.2890625 0.578125
vt 0.2890625 0.5390625
vt 0.2958984375 0.5390625
vt 0.2958984375 0.578125
vt 0.3046875 0.5390625
vt 0.3046875 0.578125
vt 0.3115234375 0.578125
vt 0.3115234375 0.5390625
vt 0.3896484375 0.4765625
vt 0.3896484375 0.5
vt 0.3828125 0.5
vt 0.3828125 0.4765625
vt 0.3115234375 0.4765625
vt 0.3115234375 0.5
vt 0.3046875 0.5
vt 0.3046875 0.4765625
vt 0.5869140625 0.5078125
vt 0.5869140625 0.515625
vt 0.5859375 0.515625
vt 0.5859375 0.5078125
vt 0.5009765625 0.40625
vt 0.5009765625 0.4140625
vt 0.5 0.4140625
vt 0.5 0.40625
vt 0.5546875 0.5
vt 0.5546875 0.4990234375
vt 0.58984375 0.4990234375
vt 0.58984375 0.5
vt 0.5546875 0.4833984375
vt 0.5546875 0.484375
vt 0.58984375 0.484375
vt 0.58984375 0.4833984375
vt 0.44921875 0.9140625
vt 0.44921875 0.921875
vt 0.4140625 0.921875
vt 0.4140625 0.9140625
vt 0.10546875 0.578125
vt 0.10546875 0.5859375
vt 0.0703125 0.5859375
vt 0.0703125 0.578125
vt 0.5166015625 0.40625
vt 0.5166015625 0.4140625
vt 0.515625 0.4140625
vt 0.515625 0.40625
vt 0.5322265625 0.40625
vt 0.5322265625 0.4140625
vt 0.53125 0.4140625
vt 0.53125 0.40625
vt 0.5703125 0.8515625
vt 0.5703125 0.8505859375
vt 0.59375 0.8505859375
vt 0.59375 0.8515625
vt 0.1875 0.4287109375
vt 0.1875 0.4296875
vt 0.2109375 0.4296875
vt 0.2109375 0.4287109375
vt 0.484375 0.953125
vt 0.484375 0.9609375
vt 0.4609375 0.9609375
vt 0.4609375 0.953125
vt 0.3125 0.7890625
vt 0.3125 0.796875
vt 0.2890625 0.796875
vt 0.2890625 0.7890625
vt 0.0009765625 0.3984375
vt 0.0009765625 0.40625
vt 0 0.40625
vt 0 0.3984375
vt 0.0166015625 0.3984375
vt 0.0166015625 0.40625
vt 0.015625 0.40625
vt 0.015625 0.3984375
vt 0.28125 0.4296875
vt 0.28125 0.4287109375
vt 0.3046875 0.4287109375
vt 0.3046875 0.4296875
vt 0.3125 0.4287109375
vt 0.3125 0.4296875
vt 0.3359375 0.4296875
vt 0.3359375 0.4287109375
vt 0.203125 0.515625
vt 0.203125 0.5234375
vt 0.1796875 0.5234375
vt 0.1796875 0.515625
vt 0.4921875 0.8203125
vt 0.4921875 0.828125
vt 0.46875 0.828125
vt 0.46875 0.8203125
vt 0.0322265625 0.3984375
vt 0.0322265625 0.40625
vt 0.03125 0.40625
vt 0.03125 0.3984375
vt 0.0478515625 0.3984375
vt 0.0478515625 0.40625
vt 0.046875 0.40625
vt 0.046875 0.3984375
vt 0 0.4375
vt 0 0.4365234375
vt 0.03515625 0.4365234375
vt 0.03515625 0.4375
vt 0.5625 0.9833984375
vt 0.5625 0.984375
vt 0.59765625 0.984375
vt 0.59765625 0.9833984375
vt 0.15234375 0.578125
vt 0.15234375 0.5859375
vt 0.1171875 0.5859375
vt 0.1171875 0.578125
vt 0.44921875 0.8984375
vt 0.44921875 0.90625
vt 0.4140625 0.90625
vt 0.4140625 0.8984375
vt 0.2353515625 0.40625
vt 0.2353515625 0.4375
vt 0.234375 0.4375
vt 0.234375 0.40625
vt 0.2509765625 0.40625
vt 0.2509765625 0.4375
vt 0.25 0.4375
vt 0.25 0.40625
vt 0.546875 0.578125
vt 0.546875 0.5771484375
vt 0.6015625 0.5771484375
vt 0.6015625 0.578125
vt 0.546875 0.5615234375
vt 0.546875 0.5625
vt 0.6015625 0.5625
vt 0.6015625 0.5615234375
vt 0.1875 0.7890625
vt 0.1875 0.8203125
vt 0.1328125 0.8203125
vt 0.1328125 0.7890625
vt 0.1875 0.828125
vt 0.1875 0.859375
vt 0.1328125 0.859375
vt 0.1328125 0.828125
vt 0.580078125 0.810546875
vt 0.580078125 0.8203125
vt 0.578125 0.8203125
vt 0.578125 0.810546875
vt 0.267578125 0.412109375
vt 0.267578125 0.421875
vt 0.265625 0.421875
vt 0.265625 0.412109375
vt 0.1875 0.4140625
vt 0.1875 0.412109375
vt 0.193359375 0.412109375
vt 0.193359375 0.4140625
vt 0.203125 0.412109375
vt 0.203125 0.4140625
vt 0.208984375 0.4140625
vt 0.208984375 0.412109375
vt 0.357421875 0.443359375
vt 0.357421875 0.453125
vt 0.3515625 0.453125
vt 0.3515625 0.443359375
vt 0.341796875 0.443359375
vt 0.341796875 0.453125
vt 0.3359375 0.453125
vt 0.3359375 0.443359375
vt 0.580078125 0.716796875
vt 0.580078125 0.7265625
vt 0.578125 0.7265625
vt 0.578125 0.716796875
vt 0.408203125 0.412109375
vt 0.408203125 0.421875
vt 0.40625 0.421875
vt 0.40625 0.412109375
vt 0.5859375 0.796875
vt 0.5859375 0.794921875
vt 0.591796875 0.794921875
vt 0.591796875 0.796875
vt 0.21875 0.412109375
vt 0.21875 0.4140625
vt 0.224609375 0.4140625
vt 0.224609375 0.412109375
vt 0.404296875 0.443359375
vt 0.404296875 0.453125
vt 0.3984375 0.453125
vt 0.3984375 0.443359375
vt 0.373046875 0.443359375
vt 0.373046875 0.453125
vt 0.3671875 0.453125
vt 0.3671875 0.443359375
vt 0.0634765625 0.3984375
vt 0.0634765625 0.40625
vt 0.0625 0.40625
vt 0.0625 0.3984375
vt 0.5947265625 0.9296875
vt 0.5947265625 0.9375
vt 0.59375 0.9375
vt 0.59375 0.9296875
vt 0.5546875 0.7734375
vt 0.5546875 0.7724609375
vt 0.59375 0.7724609375
vt 0.59375 0.7734375
vt 0.5546875 0.7412109375
vt 0.5546875 0.7421875
vt 0.59375 0.7421875
vt 0.59375 0.7412109375
vt 0.4375 0.875
vt 0.4375 0.8828125
vt 0.3984375 0.8828125
vt 0.3984375 0.875
vt 0.4375 0.9765625
vt 0.4375 0.984375
vt 0.3984375 0.984375
vt 0.3984375 0.9765625
vt 0.0791015625 0.3984375
vt 0.0791015625 0.40625
vt 0.078125 0.40625
vt 0.078125 0.3984375
vt 0.5947265625 0.9140625
vt 0.5947265625 0.921875
vt 0.59375 0.921875
vt 0.59375 0.9140625
vt 0.5546875 0.6953125
vt 0.5546875 0.6943359375
vt 0.59375 0.6943359375
vt 0.59375 0.6953125
vt 0.5546875 0.6787109375
vt 0.5546875 0.6796875
vt 0.59375 0.6796875
vt 0.59375 0.6787109375
vt 0.4375 0.7890625
vt 0.4375 0.796875
vt 0.3984375 0.796875
vt 0.3984375 0.7890625
vt 0.4375 0.84375
vt 0.4375 0.8515625
vt 0.3984375 0.8515625
vt 0.3984375 0.84375
vt 0.0947265625 0.3984375
vt 0.0947265625 0.40625
vt 0.09375 0.40625
vt 0.09375 0.3984375
vt 0.5947265625 0.8984375
vt 0.5947265625 0.90625
vt 0.59375 0.90625
vt 0.59375 0.8984375
vt 0.5546875 0.6640625
vt 0.5546875 0.6630859375
vt 0.59375 0.6630859375
vt 0.59375 0.6640625
vt 0.5546875 0.6474609375
vt 0.5546875 0.6484375
vt 0.59375 0.6484375
vt 0.59375 0.6474609375
vt 0.4375 0.734375
vt 0.4375 0.7421875
vt 0.3984375 0.7421875
vt 0.3984375 0.734375
vt 0.4375 0.75
vt 0.4375 0.7578125
vt 0.3984375 0.7578125
vt 0.3984375 0.75
vt 0.529296875 0.859375
vt 0.529296875 0.875
vt 0.5234375 0.875
vt 0.5234375 0.859375
vt 0.529296875 0.8359375
vt 0.529296875 0.8515625
vt 0.5234375 0.8515625
vt 0.5234375 0.8359375
vt 0.5625 0.8203125
vt 0.5625 0.814453125
vt 0.5673828125 0.814453125
vt 0.5673828125 0.8203125
vt 0.5625 0.798828125
vt 0.5625 0.8046875
vt 0.5673828125 0.8046875
vt 0.5673828125 0.798828125
vt 0.2705078125 0.4453125
vt 0.2705078125 0.4609375
vt 0.265625 0.4609375
vt 0.265625 0.4453125
vt 0.5439453125 0.7265625
vt 0.5439453125 0.7421875
vt 0.5390625 0.7421875
vt 0.5390625 0.7265625
vt 0.064453125 0.419921875
vt 0.064453125 0.4453125
vt 0.0625 0.4453125
vt 0.0625 0.419921875
vt 0.080078125 0.419921875
vt 0.080078125 0.4453125
vt 0.078125 0.4453125
vt 0.078125 0.419921875
vt 0.515625 0.4453125
vt 0.515625 0.443359375
vt 0.5322265625 0.443359375
vt 0.5322265625 0.4453125
vt 0.5625 0.927734375
vt 0.5625 0.9296875
vt 0.5791015625 0.9296875
vt 0.5791015625 0.927734375
vt 0.3759765625 0.810546875
vt 0.3759765625 0.8359375
vt 0.359375 0.8359375
vt 0.359375 0.810546875
vt 0.0166015625 0.615234375
vt 0.0166015625 0.640625
vt 0 0.640625
vt 0 0.615234375
vt 0.208984375 0.4609375
vt 0.208984375 0.4765625
vt 0.203125 0.4765625
vt 0.203125 0.4609375
vt 0.224609375 0.4609375
vt 0.224609375 0.4765625
vt 0.21875 0.4765625
vt 0.21875 0.4609375
vt 0.5625 0.7578125
vt 0.5625 0.751953125
vt 0.5673828125 0.751953125
vt 0.5673828125 0.7578125
vt 0.265625 0.431640625
vt 0.265625 0.4375
vt 0.2705078125 0.4375
vt 0.2705078125 0.431640625
vt 0.5439453125 0.65625
vt 0.5439453125 0.671875
vt 0.5390625 0.671875
vt 0.5390625 0.65625
vt 0.5439453125 0.6796875
vt 0.5439453125 0.6953125
vt 0.5390625 0.6953125
vt 0.5390625 0.6796875
vt 0.529296875 0.7265625
vt 0.529296875 0.7421875
vt 0.5234375 0.7421875
vt 0.5234375 0.7265625
vt 0.529296875 0.6796875
vt 0.529296875 0.6953125
vt 0.5234375 0.6953125
vt 0.5234375 0.6796875
vt 0.5625 0.7265625
vt 0.5625 0.720703125
vt 0.5673828125 0.720703125
vt 0.5673828125 0.7265625
vt 0.5625 0.705078125
vt 0.5625 0.7109375
vt 0.5673828125 0.7109375
vt 0.5673828125 0.705078125
vt 0.5439453125 0.609375
vt 0.5439453125 0.625
vt 0.5390625 0.625
vt 0.5390625 0.609375
vt 0.5439453125 0.6328125
vt 0.5439453125 0.6484375
vt 0.5390625 0.6484375
vt 0.5390625 0.6328125
vt 0.3759765625 0.404296875
vt 0.3759765625 0.4140625
vt 0.375 0.4140625
vt 0.375 0.404296875
vt 0.3916015625 0.404296875
vt 0.3916015625 0.4140625
vt 0.390625 0.4140625
vt 0.390625 0.404296875
vt 0.578125 0.7578125
vt 0.578125 0.7568359375
vt 0.595703125 0.7568359375
vt 0.595703125 0.7578125
vt 0.578125 0.5458984375
vt 0.578125 0.546875
vt 0.595703125 0.546875
vt 0.595703125 0.5458984375
vt 0.509765625 0.865234375
vt 0.509765625 0.875
vt 0.4921875 0.875
vt 0.4921875 0.865234375
vt 0.509765625 0.919921875
vt 0.509765625 0.9296875
vt 0.4921875 0.9296875
vt 0.4921875 0.919921875
vt 0.529296875 0.65625
vt 0.529296875 0.671875
vt 0.5234375 0.671875
vt 0.5234375 0.65625
vt 0.529296875 0.6328125
vt 0.529296875 0.6484375
vt 0.5234375 0.6484375
vt 0.5234375 0.6328125
vt 0.4140625 0.4375
vt 0.4140625 0.431640625
vt 0.4189453125 0.431640625
vt 0.4189453125 0.4375
vt 0.4296875 0.431640625
vt 0.4296875 0.4375
vt 0.4345703125 0.4375
vt 0.4345703125 0.431640625
vt 0.5439453125 0.5
vt 0.5439453125 0.515625
vt 0.5390625 0.515625
vt 0.5390625 0.5
vt 0.5439453125 0.5859375
vt 0.5439453125 0.6015625
vt 0.5390625 0.6015625
vt 0.5390625 0.5859375
vt 0.142578125 0.41796875
vt 0.142578125 0.4609375
vt 0.140625 0.4609375
vt 0.140625 0.41796875
vt 0.158203125 0.41796875
vt 0.158203125 0.4609375
vt 0.15625 0.4609375
vt 0.15625 0.41796875
vt 0.5546875 0.8359375
vt 0.5546875 0.833984375
vt 0.5751953125 0.833984375
vt 0.5751953125 0.8359375
vt 0.5546875 0.787109375
vt 0.5546875 0.7890625
vt 0.5751953125 0.7890625
vt 0.5751953125 0.787109375
vt 0.0517578125 0.67578125
vt 0.0517578125 0.71875
vt 0.03125 0.71875
vt 0.03125 0.67578125
vt 0.2001953125 0.69921875
vt 0.2001953125 0.7421875
vt 0.1796875 0.7421875
vt 0.1796875 0.69921875
vt 0.529296875 0.609375
vt 0.529296875 0.625
vt 0.5234375 0.625
vt 0.5234375 0.609375
vt 0.529296875 0.5859375
vt 0.529296875 0.6015625
vt 0.5234375 0.6015625
vt 0.5234375 0.5859375
vt 0.5625 0.546875
vt 0.5625 0.541015625
vt 0.5673828125 0.541015625
vt 0.5673828125 0.546875
vt 0.5625 0.525390625
vt 0.5625 0.53125
vt 0.5673828125 0.53125
vt 0.5673828125 0.525390625
vt 0.5517578125 0.8828125
vt 0.5517578125 0.8984375
vt 0.546875 0.8984375
vt 0.546875 0.8828125
vt 0.5517578125 0.90625
vt 0.5517578125 0.921875
vt 0.546875 0.921875
vt 0.546875 0.90625
vt 0.490234375 0.4609375
vt 0.490234375 0.4765625
vt 0.484375 0.4765625
vt 0.484375 0.4609375
vt 0.529296875 0.5
vt 0.529296875 0.515625
vt 0.5234375 0.515625
vt 0.5234375 0.5
vt 0.484375 0.4375
vt 0.484375 0.431640625
vt 0.4892578125 0.431640625
vt 0.4892578125 0.4375
vt 0.5625 0.462890625
vt 0.5625 0.46875
vt 0.5673828125 0.46875
vt 0.5673828125 0.462890625
vt 0.2080078125 0.4375
vt 0.2080078125 0.453125
vt 0.203125 0.453125
vt 0.203125 0.4375
vt 0.5517578125 0.796875
vt 0.5517578125 0.8125
vt 0.546875 0.8125
vt 0.546875 0.796875
vt 0.4462890625 0.404296875
vt 0.4462890625 0.4140625
vt 0.4453125 0.4140625
vt 0.4453125 0.404296875
vt 0.4619140625 0.404296875
vt 0.4619140625 0.4140625
vt 0.4609375 0.4140625
vt 0.4609375 0.404296875
vt 0.578125 0.53125
vt 0.578125 0.5302734375
vt 0.595703125 0.5302734375
vt 0.595703125 0.53125
vt 0.578125 0.4677734375
vt 0.578125 0.46875
vt 0.595703125 0.46875
vt 0.595703125 0.4677734375
vt 0.197265625 0.498046875
vt 0.197265625 0.5078125
vt 0.1796875 0.5078125
vt 0.1796875 0.498046875
vt 0.509765625 0.841796875
vt 0.509765625 0.8515625
vt 0.4921875 0.8515625
vt 0.4921875 0.841796875
vt 0.068359375 0.453125
vt 0.068359375 0.46875
vt 0.0625 0.46875
vt 0.0625 0.453125
vt 0.083984375 0.453125
vt 0.083984375 0.46875
vt 0.078125 0.46875
vt 0.078125 0.453125
vt 0.546875 0.4375
vt 0.546875 0.431640625
vt 0.5517578125 0.431640625
vt 0.5517578125 0.4375
vt 0.5625 0.447265625
vt 0.5625 0.453125
vt 0.5673828125 0.453125
vt 0.5673828125 0.447265625
vt 0.2861328125 0.4375
vt 0.2861328125 0.453125
vt 0.28125 0.453125
vt 0.28125 0.4375
vt 0.2236328125 0.4375
vt 0.2236328125 0.453125
vt 0.21875 0.453125
vt 0.21875 0.4375
vt 0.556640625 0.849609375
vt 0.556640625 0.875
vt 0.5546875 0.875
vt 0.5546875 0.849609375
vt 0.173828125 0.419921875
vt 0.173828125 0.4453125
vt 0.171875 0.4453125
vt 0.171875 0.419921875
vt 0.5625 0.9140625
vt 0.5625 0.912109375
vt 0.5791015625 0.912109375
vt 0.5791015625 0.9140625
vt 0.5625 0.896484375
vt 0.5625 0.8984375
vt 0.5791015625 0.8984375
vt 0.5791015625 0.896484375
vt 0.3837890625 0.912109375
vt 0.3837890625 0.9375
vt 0.3671875 0.9375
vt 0.3671875 0.912109375
vt 0.3837890625 0.974609375
vt 0.3837890625 1
vt 0.3671875 1
vt 0.3671875 0.974609375
vt 0.177734375 0.453125
vt 0.177734375 0.46875
vt 0.171875 0.46875
vt 0.171875 0.453125
vt 0.193359375 0.453125
vt 0.193359375 0.46875
vt 0.1875 0.46875
vt 0.1875 0.453125
vt 0.5625 0.4375
vt 0.5625 0.431640625
vt 0.5673828125 0.431640625
vt 0.5673828125 0.4375
vt 0.5703125 0.994140625
vt 0.5703125 1
vt 0.5751953125 1
vt 0.5751953125 0.994140625
vt 0.3251953125 0.4375
vt 0.3251953125 0.453125
vt 0.3203125 0.453125
vt 0.3203125 0.4375
vt 0.5517578125 0.703125
vt 0.5517578125 0.71875
vt 0.546875 0.71875
vt 0.546875 0.703125
vt 0.4208984375 0.4453125
vt 0.4208984375 0.453125
vt 0.4140625 0.453125
vt 0.4140625 0.4453125
vt 0.4365234375 0.4453125
vt 0.4365234375 0.453125
vt 0.4296875 0.453125
vt 0.4296875 0.4453125
vt 0.4375 0.7265625
vt 0.4375 0.7197265625
vt 0.46875 0.7197265625
vt 0.46875 0.7265625
vt 0.4453125 0.9384765625
vt 0.4453125 0.9453125
vt 0.4765625 0.9453125
vt 0.4765625 0.9384765625
vt 0.4609375 0.65625
vt 0.4609375 0.6640625
vt 0.4296875 0.6640625
vt 0.4296875 0.65625
vt 0.4609375 0.671875
vt 0.4609375 0.6796875
vt 0.4296875 0.6796875
vt 0.4296875 0.671875
vt 0.5537109375 0.5390625
vt 0.5537109375 0.546875
vt 0.546875 0.546875
vt 0.546875 0.5390625
vt 0.5537109375 0.5234375
vt 0.5537109375 0.53125
vt 0.546875 0.53125
vt 0.546875 0.5234375
vt 0.484375 0.453125
vt 0.484375 0.4462890625
vt 0.4921875 0.4462890625
vt 0.4921875 0.453125
vt 0.546875 0.4619140625
vt 0.546875 0.46875
vt 0.5546875 0.46875
vt 0.5546875 0.4619140625
vt 0.359375 0.9296875
vt 0.359375 0.9375
vt 0.3515625 0.9375
vt 0.3515625 0.9296875
vt 0.265625 0.890625
vt 0.265625 0.8984375
vt 0.2578125 0.8984375
vt 0.2578125 0.890625
vt 0.5537109375 0.4453125
vt 0.5537109375 0.453125
vt 0.546875 0.453125
vt 0.546875 0.4453125
vt 0.5615234375 0.9921875
vt 0.5615234375 1
vt 0.5546875 1
vt 0.5546875 0.9921875
vt 0.5546875 0.9609375
vt 0.5546875 0.9541015625
vt 0.5625 0.9541015625
vt 0.5625 0.9609375
vt 0.5546875 0.9384765625
vt 0.5546875 0.9453125
vt 0.5625 0.9453125
vt 0.5625 0.9384765625
vt 0.5546875 0.75
vt 0.5546875 0.7578125
vt 0.546875 0.7578125
vt 0.546875 0.75
vt 0.359375 0.65625
vt 0.359375 0.6640625
vt 0.3515625 0.6640625
vt 0.3515625 0.65625
vt 0.328125 0.5
vt 0.328125 0.5234375
vt 0.3203125 0.5234375
vt 0.3203125 0.5
vt 0.34375 0.5
vt 0.34375 0.5234375
vt 0.3359375 0.5234375
vt 0.3359375 0.5
vt 0.390625 0.7734375
vt 0.390625 0.765625
vt 0.4326171875 0.765625
vt 0.4326171875 0.7734375
vt 0.3984375 0.9921875
vt 0.3984375 1
vt 0.4404296875 1
vt 0.4404296875 0.9921875
vt 0.2841796875 0.9375
vt 0.2841796875 0.9609375
vt 0.2421875 0.9609375
vt 0.2421875 0.9375
vt 0.2607421875 0.7578125
vt 0.2607421875 0.78125
vt 0.21875 0.78125
vt 0.21875 0.7578125
vt 0.4541015625 0.4765625
vt 0.4541015625 0.4921875
vt 0.4453125 0.4921875
vt 0.4453125 0.4765625
vt 0.0087890625 0.46875
vt 0.0087890625 0.484375
vt 0 0.484375
vt 0 0.46875
vt 0.4296875 0.6484375
vt 0.4296875 0.6396484375
vt 0.4560546875 0.6396484375
vt 0.4560546875 0.6484375
vt 0.4296875 0.6162109375
vt 0.4296875 0.625
vt 0.4560546875 0.625
vt 0.4560546875 0.6162109375
vt 0.3857421875 0.734375
vt 0.3857421875 0.75
vt 0.359375 0.75
vt 0.359375 0.734375
vt 0.3857421875 0.78125
vt 0.3857421875 0.796875
vt 0.359375 0.796875
vt 0.359375 0.78125
vt 0.0185546875 0.650390625
vt 0.0185546875 0.6796875
vt 0 0.6796875
vt 0 0.650390625
vt 0.3466796875 0.861328125
vt 0.3466796875 0.890625
vt 0.328125 0.890625
vt 0.328125 0.861328125
vt 0.234375 0.6875
vt 0.234375 0.6689453125
vt 0.267578125 0.6689453125
vt 0.267578125 0.6875
vt 0.3125 0.7314453125
vt 0.3125 0.75
vt 0.345703125 0.75
vt 0.345703125 0.7314453125
vt 0.283203125 0.970703125
vt 0.283203125 1
vt 0.25 1
vt 0.25 0.970703125
vt 0.275390625 0.791015625
vt 0.275390625 0.8203125
vt 0.2421875 0.8203125
vt 0.2421875 0.791015625
vt 0.3857421875 0.439453125
vt 0.3857421875 0.46875
vt 0.3828125 0.46875
vt 0.3828125 0.439453125
vt 0.4716796875 0.439453125
vt 0.4716796875 0.46875
vt 0.46875 0.46875
vt 0.46875 0.439453125
vt 0.21875 0.4296875
vt 0.21875 0.4267578125
vt 0.2265625 0.4267578125
vt 0.2265625 0.4296875
vt 0.34375 0.4267578125
vt 0.34375 0.4296875
vt 0.3515625 0.4296875
vt 0.3515625 0.4267578125
vt 0.28125 0.541015625
vt 0.28125 0.5703125
vt 0.2734375 0.5703125
vt 0.2734375 0.541015625
vt 0.265625 0.541015625
vt 0.265625 0.5703125
vt 0.2578125 0.5703125
vt 0.2578125 0.541015625
vt 0.1923828125 0.3974609375
vt 0.1923828125 0.3984375
vt 0.1875 0.3984375
vt 0.1875 0.3974609375
vt 0.6064453125 0.8037109375
vt 0.6064453125 0.8046875
vt 0.6015625 0.8046875
vt 0.6015625 0.8037109375
vt 0.1875 0.4453125
vt 0.1875 0.4404296875
vt 0.1953125 0.4404296875
vt 0.1953125 0.4453125
vt 0.296875 0.4404296875
vt 0.296875 0.4453125
vt 0.3046875 0.4453125
vt 0.3046875 0.4404296875
vt 0.1328125 0.4052734375
vt 0.1328125 0.40625
vt 0.125 0.40625
vt 0.125 0.4052734375
vt 0.1171875 0.4052734375
vt 0.1171875 0.40625
vt 0.109375 0.40625
vt 0.109375 0.4052734375
vt 0.3828125 0.4287109375
vt 0.3828125 0.4296875
vt 0.359375 0.4296875
vt 0.359375 0.4287109375
vt 0.59375 0.6318359375
vt 0.59375 0.6328125
vt 0.5703125 0.6328125
vt 0.5703125 0.6318359375
vt 0.3515625 0.5234375
vt 0.3515625 0.5
vt 0.359375 0.5
vt 0.359375 0.5234375
vt 0.4765625 0.5859375
vt 0.4765625 0.609375
vt 0.484375 0.609375
vt 0.484375 0.5859375
vt 0.1640625 0.4052734375
vt 0.1640625 0.40625
vt 0.15625 0.40625
vt 0.15625 0.4052734375
vt 0.1484375 0.4052734375
vt 0.1484375 0.40625
vt 0.140625 0.40625
vt 0.140625 0.4052734375
vt 0.59375 0.6162109375
vt 0.59375 0.6171875
vt 0.5703125 0.6171875
vt 0.5703125 0.6162109375
vt 0.59375 0.6005859375
vt 0.59375 0.6015625
vt 0.5703125 0.6015625
vt 0.5703125 0.6005859375
vt 0.40625 0.5234375
vt 0.40625 0.5
vt 0.4140625 0.5
vt 0.4140625 0.5234375
vt 0.421875 0.5
vt 0.421875 0.5234375
vt 0.4296875 0.5234375
vt 0.4296875 0.5
vt 0.6015625 0.8193359375
vt 0.6015625 0.8203125
vt 0.59375 0.8203125
vt 0.59375 0.8193359375
vt 0.1796875 0.4052734375
vt 0.1796875 0.40625
vt 0.171875 0.40625
vt 0.171875 0.4052734375
vt 0.2080078125 0.3974609375
vt 0.2080078125 0.3984375
vt 0.203125 0.3984375
vt 0.203125 0.3974609375
vt 0.6064453125 0.7880859375
vt 0.6064453125 0.7890625
vt 0.6015625 0.7890625
vt 0.6015625 0.7880859375
vt 0.5546875 0.6328125
vt 0.5546875 0.6279296875
vt 0.5625 0.6279296875
vt 0.5625 0.6328125
vt 0.5546875 0.6123046875
vt 0.5546875 0.6171875
vt 0.5625 0.6171875
vt 0.5625 0.6123046875
vt 0.6015625 0.7099609375
vt 0.6015625 0.7109375
vt 0.59375 0.7109375
vt 0.59375 0.7099609375
vt 0.6015625 0.7255859375
vt 0.6015625 0.7265625
vt 0.59375 0.7265625
vt 0.59375 0.7255859375
vt 0.5419921875 0.931640625
vt 0.5419921875 0.9609375
vt 0.5390625 0.9609375
vt 0.5390625 0.931640625
vt 0.0498046875 0.431640625
vt 0.0498046875 0.4609375
vt 0.046875 0.4609375
vt 0.046875 0.431640625
vt 0.390625 0.4296875
vt 0.390625 0.4267578125
vt 0.3984375 0.4267578125
vt 0.3984375 0.4296875
vt 0.4453125 0.4267578125
vt 0.4453125 0.4296875
vt 0.453125 0.4296875
vt 0.453125 0.4267578125
vt 0.359375 0.533203125
vt 0.359375 0.5625
vt 0.3515625 0.5625
vt 0.3515625 0.533203125
vt 0.4375 0.572265625
vt 0.4375 0.6015625
vt 0.4296875 0.6015625
vt 0.4296875 0.572265625
vt 0.416015625 0.650390625
vt 0.416015625 0.6796875
vt 0.40625 0.6796875
vt 0.40625 0.650390625
vt 0.416015625 0.611328125
vt 0.416015625 0.640625
vt 0.40625 0.640625
vt 0.40625 0.611328125
vt 0.4921875 0.6875
vt 0.4921875 0.677734375
vt 0.5087890625 0.677734375
vt 0.5087890625 0.6875
vt 0.4921875 0.654296875
vt 0.4921875 0.6640625
vt 0.5087890625 0.6640625
vt 0.5087890625 0.654296875
vt 0.1025390625 0.626953125
vt 0.1025390625 0.65625
vt 0.0859375 0.65625
vt 0.0859375 0.626953125
vt 0.0712890625 0.626953125
vt 0.0712890625 0.65625
vt 0.0546875 0.65625
vt 0.0546875 0.626953125
vt 0.0966796875 0.431640625
vt 0.0966796875 0.4609375
vt 0.09375 0.4609375
vt 0.09375 0.431640625
vt 0.1123046875 0.431640625
vt 0.1123046875 0.4609375
vt 0.109375 0.4609375
vt 0.109375 0.431640625
vt 0.4609375 0.4296875
vt 0.4609375 0.4267578125
vt 0.46875 0.4267578125
vt 0.46875 0.4296875
vt 0.5703125 0.5126953125
vt 0.5703125 0.515625
vt 0.578125 0.515625
vt 0.578125 0.5126953125
vt 0.4296875 0.533203125
vt 0.4296875 0.5625
vt 0.421875 0.5625
vt 0.421875 0.533203125
vt 0.4140625 0.533203125
vt 0.4140625 0.5625
vt 0.40625 0.5625
vt 0.40625 0.533203125
vt 0.2236328125 0.3974609375
vt 0.2236328125 0.3984375
vt 0.21875 0.3984375
vt 0.21875 0.3974609375
vt 0.6064453125 0.7724609375
vt 0.6064453125 0.7734375
vt 0.6015625 0.7734375
vt 0.6015625 0.7724609375
vt 0.5546875 0.6015625
vt 0.5546875 0.5966796875
vt 0.5625 0.5966796875
vt 0.5625 0.6015625
vt 0.4453125 0.4404296875
vt 0.4453125 0.4453125
vt 0.453125 0.4453125
vt 0.453125 0.4404296875
vt 0.484375 0.4052734375
vt 0.484375 0.40625
vt 0.4765625 0.40625
vt 0.4765625 0.4052734375
vt 0.4296875 0.4052734375
vt 0.4296875 0.40625
vt 0.421875 0.40625
vt 0.421875 0.4052734375
vt 0.5234375 0.4287109375
vt 0.5234375 0.4296875
vt 0.5 0.4296875
vt 0.5 0.4287109375
vt 0.0234375 0.4208984375
vt 0.0234375 0.421875
vt 0 0.421875
vt 0 0.4208984375
vt 0.4375 0.5234375
vt 0.4375 0.5
vt 0.4453125 0.5
vt 0.4453125 0.5234375
vt 0 0.4921875
vt 0 0.515625
vt 0.0078125 0.515625
vt 0.0078125 0.4921875
vt 0.5703125 0.4052734375
vt 0.5703125 0.40625
vt 0.5625 0.40625
vt 0.5625 0.4052734375
vt 0.5546875 0.4052734375
vt 0.5546875 0.40625
vt 0.546875 0.40625
vt 0.546875 0.4052734375
vt 0.0546875 0.4208984375
vt 0.0546875 0.421875
vt 0.03125 0.421875
vt 0.03125 0.4208984375
vt 0.1171875 0.4208984375
vt 0.1171875 0.421875
vt 0.09375 0.421875
vt 0.09375 0.4208984375
vt 0.015625 0.515625
vt 0.015625 0.4921875
vt 0.0234375 0.4921875
vt 0.0234375 0.515625
vt 0.0703125 0.4921875
vt 0.0703125 0.515625
vt 0.078125 0.515625
vt 0.078125 0.4921875
vt 0.6015625 0.4208984375
vt 0.6015625 0.421875
vt 0.59375 0.421875
vt 0.59375 0.4208984375
vt 0.5859375 0.4052734375
vt 0.5859375 0.40625
vt 0.578125 0.40625
vt 0.578125 0.4052734375
vt 0.2392578125 0.3974609375
vt 0.2392578125 0.3984375
vt 0.234375 0.3984375
vt 0.234375 0.3974609375
vt 0.2548828125 0.3974609375
vt 0.2548828125 0.3984375
vt 0.25 0.3984375
vt 0.25 0.3974609375
vt 0.5546875 0.515625
vt 0.5546875 0.5107421875
vt 0.5625 0.5107421875
vt 0.5625 0.515625
vt 0.5 0.4404296875
vt 0.5 0.4453125
vt 0.5078125 0.4453125
vt 0.5078125 0.4404296875
vt 0.609375 0.8505859375
vt 0.609375 0.8515625
vt 0.6015625 0.8515625
vt 0.6015625 0.8505859375
vt 0.6015625 0.4052734375
vt 0.6015625 0.40625
vt 0.59375 0.40625
vt 0.59375 0.4052734375
vt 0.1279296875 0.431640625
vt 0.1279296875 0.4609375
vt 0.125 0.4609375
vt 0.125 0.431640625
vt 0.5419921875 0.845703125
vt 0.5419921875 0.875
vt 0.5390625 0.875
vt 0.5390625 0.845703125
vt 0.53125 0.4296875
vt 0.53125 0.4267578125
vt 0.5390625 0.4267578125
vt 0.5390625 0.4296875
vt 0.125 0.4189453125
vt 0.125 0.421875
vt 0.1328125 0.421875
vt 0.1328125 0.4189453125
vt 0.453125 0.955078125
vt 0.453125 0.984375
vt 0.4453125 0.984375
vt 0.4453125 0.955078125
vt 0.4453125 0.533203125
vt 0.4453125 0.5625
vt 0.4375 0.5625
vt 0.4375 0.533203125
vt 0.416015625 0.572265625
vt 0.416015625 0.6015625
vt 0.40625 0.6015625
vt 0.40625 0.572265625
vt 0.056640625 0.556640625
vt 0.056640625 0.5859375
vt 0.046875 0.5859375
vt 0.046875 0.556640625
vt 0.4921875 0.640625
vt 0.4921875 0.630859375
vt 0.5087890625 0.630859375
vt 0.5087890625 0.640625
vt 0.4921875 0.607421875
vt 0.4921875 0.6171875
vt 0.5087890625 0.6171875
vt 0.5087890625 0.607421875
vt 0.1650390625 0.626953125
vt 0.1650390625 0.65625
vt 0.1484375 0.65625
vt 0.1484375 0.626953125
vt 0.1337890625 0.626953125
vt 0.1337890625 0.65625
vt 0.1171875 0.65625
vt 0.1171875 0.626953125
vt 0.0546875 0.765625
vt 0.0546875 0.78125
vt 0.046875 0.78125
vt 0.046875 0.765625
vt 0.0390625 0.7265625
vt 0.0390625 0.7421875
vt 0.03125 0.7421875
vt 0.03125 0.7265625
vt 0.109375 0.796875
vt 0.109375 0.7890625
vt 0.123046875 0.7890625
vt 0.123046875 0.796875
vt 0.0859375 0.75
vt 0.0859375 0.7578125
vt 0.099609375 0.7578125
vt 0.099609375 0.75
vt 0.458984375 0.875
vt 0.458984375 0.890625
vt 0.4453125 0.890625
vt 0.4453125 0.875
vt 0.318359375 0.90625
vt 0.318359375 0.921875
vt 0.3046875 0.921875
vt 0.3046875 0.90625
vt 0.0390625 0.7265625
vt 0.0390625 0.7421875
vt 0.03125 0.7421875
vt 0.03125 0.7265625
vt 0.0546875 0.765625
vt 0.0546875 0.78125
vt 0.046875 0.78125
vt 0.046875 0.765625
vt 0.123046875 0.7890625
vt 0.123046875 0.796875
vt 0.109375 0.796875
vt 0.109375 0.7890625
vt 0.099609375 0.75
vt 0.099609375 0.7578125
vt 0.0859375 0.7578125
vt 0.0859375 0.75
vt 0.458984375 0.875
vt 0.458984375 0.890625
vt 0.4453125 0.890625
vt 0.4453125 0.875
vt 0.318359375 0.90625
vt 0.318359375 0.921875
vt 0.3046875 0.921875
vt 0.3046875 0.90625
vt 0.0390625 0.7265625
vt 0.0390625 0.7421875
vt 0.03125 0.7421875
vt 0.03125 0.7265625
vt 0.0546875 0.765625
vt 0.0546875 0.78125
vt 0.046875 0.78125
vt 0.046875 0.765625
vt 0.123046875 0.7890625
vt 0.123046875 0.796875
vt 0.109375 0.796875
vt 0.109375 0.7890625
vt 0.099609375 0.75
vt 0.099609375 0.7578125
vt 0.0859375 0.7578125
vt 0.0859375 0.75
vt 0.458984375 0.875
vt 0.458984375 0.890625
vt 0.4453125 0.890625
vt 0.4453125 0.875
vt 0.318359375 0.90625
vt 0.318359375 0.921875
vt 0.3046875 0.921875
vt 0.3046875 0.90625
vt 0.0390625 0.7265625
vt 0.0390625 0.7421875
vt 0.03125 0.7421875
vt 0.03125 0.7265625
vt 0.0546875 0.765625
vt 0.0546875 0.78125
vt 0.046875 0.78125
vt 0.046875 0.765625
vt 0.123046875 0.7890625
vt 0.123046875 0.796875
vt 0.109375 0.796875
vt 0.109375 0.7890625
vt 0.099609375 0.75
vt 0.099609375 0.7578125
vt 0.0859375 0.7578125
vt 0.0859375 0.75
vt 0.458984375 0.875
vt 0.458984375 0.890625
vt 0.4453125 0.890625
vt 0.4453125 0.875
vt 0.318359375 0.90625
vt 0.318359375 0.921875
vt 0.3046875 0.921875
vt 0.3046875 0.90625
vt 0.4375 0.4208984375
vt 0.4375 0.421875
vt 0.421875 0.421875
vt 0.421875 0.4208984375
vt 0.4921875 0.4208984375
vt 0.4921875 0.421875
vt 0.4765625 0.421875
vt 0.4765625 0.4208984375
vt 0.2578125 0.65625
vt 0.2578125 0.640625
vt 0.28515625 0.640625
vt 0.28515625 0.65625
vt 0.3515625 0.9453125
vt 0.3515625 0.9609375
vt 0.37890625 0.9609375
vt 0.37890625 0.9453125
vt 0.59765625 0.9521484375
vt 0.59765625 0.953125
vt 0.5703125 0.953125
vt 0.5703125 0.9521484375
vt 0.59765625 0.9677734375
vt 0.59765625 0.96875
vt 0.5703125 0.96875
vt 0.5703125 0.9677734375
vt 0.2109375 0.560546875
vt 0.2109375 0.578125
vt 0.1953125 0.578125
vt 0.1953125 0.560546875
vt 0.234375 0.560546875
vt 0.234375 0.578125
vt 0.21875 0.578125
vt 0.21875 0.560546875
vt 0.296875 0.6484375
vt 0.296875 0.6328125
vt 0.32421875 0.6328125
vt 0.32421875 0.6484375
vt 0.3515625 0.671875
vt 0.3515625 0.6875
vt 0.37890625 0.6875
vt 0.37890625 0.671875
vt 0.24609375 0.638671875
vt 0.24609375 0.65625
vt 0.21875 0.65625
vt 0.21875 0.638671875
vt 0.20703125 0.638671875
vt 0.20703125 0.65625
vt 0.1796875 0.65625
vt 0.1796875 0.638671875
vt 0.5625 0.4208984375
vt 0.5625 0.421875
vt 0.546875 0.421875
vt 0.546875 0.4208984375
vt 0.59375 0.4521484375
vt 0.59375 0.453125
vt 0.578125 0.453125
vt 0.578125 0.4521484375
vt 0.3359375 0.6484375
vt 0.3359375 0.6328125
vt 0.36328125 0.6328125
vt 0.36328125 0.6484375
vt 0.359375 0.875
vt 0.359375 0.890625
vt 0.38671875 0.890625
vt 0.38671875 0.875
vt 0.59765625 0.8662109375
vt 0.59765625 0.8671875
vt 0.5703125 0.8671875
vt 0.5703125 0.8662109375
vt 0.59765625 0.8818359375
vt 0.59765625 0.8828125
vt 0.5703125 0.8828125
vt 0.5703125 0.8818359375
vt 0.501953125 0.794921875
vt 0.501953125 0.8125
vt 0.4921875 0.8125
vt 0.4921875 0.794921875
vt 0.220703125 0.490234375
vt 0.220703125 0.5078125
vt 0.2109375 0.5078125
vt 0.2109375 0.490234375
vt 0.515625 0.78125
vt 0.515625 0.771484375
vt 0.5263671875 0.771484375
vt 0.5263671875 0.78125
vt 0.234375 0.474609375
vt 0.234375 0.484375
vt 0.2451171875 0.484375
vt 0.2451171875 0.474609375
vt 0.4794921875 0.623046875
vt 0.4794921875 0.640625
vt 0.46875 0.640625
vt 0.46875 0.623046875
vt 0.4794921875 0.654296875
vt 0.4794921875 0.671875
vt 0.46875 0.671875
vt 0.46875 0.654296875
vt 0.5927734375 0.4365234375
vt 0.5927734375 0.4375
vt 0.578125 0.4375
vt 0.578125 0.4365234375
vt 0.5849609375 0.4208984375
vt 0.5849609375 0.421875
vt 0.5703125 0.421875
vt 0.5703125 0.4208984375
vt 0.4921875 0.78125
vt 0.4921875 0.7666015625
vt 0.50390625 0.7666015625
vt 0.50390625 0.78125
vt 0.4921875 0.7431640625
vt 0.4921875 0.7578125
vt 0.50390625 0.7578125
vt 0.50390625 0.7431640625
vt 0.31640625 0.4130859375
vt 0.31640625 0.4140625
vt 0.3046875 0.4140625
vt 0.3046875 0.4130859375
vt 0.29296875 0.4130859375
vt 0.29296875 0.4140625
vt 0.28125 0.4140625
vt 0.28125 0.4130859375
vt 0.599609375 0.9990234375
vt 0.599609375 1
vt 0.5859375 1
vt 0.5859375 0.9990234375
vt 0.599609375 0.8349609375
vt 0.599609375 0.8359375
vt 0.5859375 0.8359375
vt 0.5859375 0.8349609375
vt 0.5 0.734375
vt 0.5 0.720703125
vt 0.51171875 0.720703125
vt 0.51171875 0.734375
vt 0.5 0.494140625
vt 0.5 0.5078125
vt 0.51171875 0.5078125
vt 0.51171875 0.494140625
vt 0.36328125 0.4130859375
vt 0.36328125 0.4140625
vt 0.3515625 0.4140625
vt 0.3515625 0.4130859375
vt 0.33984375 0.4130859375
vt 0.33984375 0.4140625
vt 0.328125 0.4140625
vt 0.328125 0.4130859375
vt 0.064453125 0.595703125
vt 0.064453125 0.6171875
vt 0.046875 0.6171875
vt 0.046875 0.595703125
vt 0.095703125 0.595703125
vt 0.095703125 0.6171875
vt 0.078125 0.6171875
vt 0.078125 0.595703125
vt 0.1015625 0.4921875
vt 0.1015625 0.474609375
vt 0.1103515625 0.474609375
vt 0.1103515625 0.4921875
vt 0.125 0.474609375
vt 0.125 0.4921875
vt 0.1337890625 0.4921875
vt 0.1337890625 0.474609375
vt 0.0400390625 0.501953125
vt 0.0400390625 0.5234375
vt 0.03125 0.5234375
vt 0.03125 0.501953125
vt 0.3916015625 0.509765625
vt 0.3916015625 0.53125
vt 0.3828125 0.53125
vt 0.3828125 0.509765625
vt 0.126953125 0.595703125
vt 0.126953125 0.6171875
vt 0.109375 0.6171875
vt 0.109375 0.595703125
vt 0.158203125 0.595703125
vt 0.158203125 0.6171875
vt 0.140625 0.6171875
vt 0.140625 0.595703125
vt 0.1484375 0.4921875
vt 0.1484375 0.474609375
vt 0.1572265625 0.474609375
vt 0.1572265625 0.4921875
vt 0.2578125 0.474609375
vt 0.2578125 0.4921875
vt 0.2666015625 0.4921875
vt 0.2666015625 0.474609375
vt 0.1337890625 0.501953125
vt 0.1337890625 0.5234375
vt 0.125 0.5234375
vt 0.125 0.501953125
vt 0.1103515625 0.501953125
vt 0.1103515625 0.5234375
vt 0.1015625 0.5234375
vt 0.1015625 0.501953125
vt 0.3212890625 0.8115234375
vt 0.3212890625 0.8359375
vt 0.2890625 0.8359375
vt 0.2890625 0.8115234375
vt 0.3291015625 0.9755859375
vt 0.3291015625 1
vt 0.296875 1
vt 0.296875 0.9755859375
vt 0.1015625 0.5703125
vt 0.1015625 0.5380859375
vt 0.109375 0.5380859375
vt 0.109375 0.5703125
vt 0.1171875 0.5380859375
vt 0.1171875 0.5703125
vt 0.125 0.5703125
vt 0.125 0.5380859375
vt 0.28125 0.5068359375
vt 0.28125 0.53125
vt 0.2734375 0.53125
vt 0.2734375 0.5068359375
vt 0.265625 0.5068359375
vt 0.265625 0.53125
vt 0.2578125 0.53125
vt 0.2578125 0.5068359375
vt 0.3369140625 0.9365234375
vt 0.3369140625 0.9609375
vt 0.3046875 0.9609375
vt 0.3046875 0.9365234375
vt 0.3134765625 0.6708984375
vt 0.3134765625 0.6953125
vt 0.28125 0.6953125
vt 0.28125 0.6708984375
vt 0.1328125 0.5703125
vt 0.1328125 0.5380859375
vt 0.140625 0.5380859375
vt 0.140625 0.5703125
vt 0.1484375 0.5380859375
vt 0.1484375 0.5703125
vt 0.15625 0.5703125
vt 0.15625 0.5380859375
vt 0.4765625 0.6865234375
vt 0.4765625 0.7109375
vt 0.46875 0.7109375
vt 0.46875 0.6865234375
vt 0.296875 0.5068359375
vt 0.296875 0.53125
vt 0.2890625 0.53125
vt 0.2890625 0.5068359375
vt 0.09375 0.4921875
vt 0.09375 0.515625
vt 0.0859375 0.515625
vt 0.0859375 0.4921875
vt 0.4921875 0.8828125
vt 0.4921875 0.90625
vt 0.484375 0.90625
vt 0.484375 0.8828125
vt 0.4140625 0.8671875
vt 0.4140625 0.859375
vt 0.4482421875 0.859375
vt 0.4482421875 0.8671875
vt 0.421875 0.8125
vt 0.421875 0.8203125
vt 0.4560546875 0.8203125
vt 0.4560546875 0.8125
vt 0.3154296875 0.84375
vt 0.3154296875 0.8671875
vt 0.28125 0.8671875
vt 0.28125 0.84375
vt 0.3154296875 0.875
vt 0.3154296875 0.8984375
vt 0.28125 0.8984375
vt 0.28125 0.875
vt 0.0380859375 0.46875
vt 0.0380859375 0.4921875
vt 0.03125 0.4921875
vt 0.03125 0.46875
vt 0.0537109375 0.46875
vt 0.0537109375 0.4921875
vt 0.046875 0.4921875
vt 0.046875 0.46875
vt 0.4453125 0.578125
vt 0.4453125 0.5712890625
vt 0.474609375 0.5712890625
vt 0.474609375 0.578125
vt 0.453125 0.9931640625
vt 0.453125 1
vt 0.482421875 1
vt 0.482421875 0.9931640625
vt 0.224609375 0.6640625
vt 0.224609375 0.6875
vt 0.1953125 0.6875
vt 0.1953125 0.6640625
vt 0.185546875 0.6640625
vt 0.185546875 0.6875
vt 0.15625 0.6875
vt 0.15625 0.6640625
vn 0 -0.08715574274765836 0.9961946980917455
vn -1.570092458683774e-16 -0.08715574274765851 0.9961946980917455
vn -3.2039499044674816e-17 -0.08715574274765822 0.9961946980917455
vn 1.570092458683774e-16 -0.08715574274765851 0.9961946980917455
vn 3.2039499044674816e-17 -0.08715574274765822 0.9961946980917455
vn -0.29777940309278494 0.18023640550790254 -0.9374658741646523
vn 0.29777940309278494 0.18023640550790254 -0.9374658741646523
vn 0 0.08715574274765836 -0.9961946980917455
vn -0.07338682675649438 0.9749063444521808 0.21017134249344804
vn 0.08974117391324538 0.20886360584087538 -0.9738185230625983
vn 0.09786108314176305 0.1406704222601689 0.9852081205042247
vn -0.0075744461364779265 0.9846643337100328 -0.17429508795460394
vn 0.07338682675649438 0.9749063444521808 0.21017134249344804
vn -0.08974117391324542 0.2088636058408754 -0.9738185230625983
vn -0.09786108314176307 0.14067042226016885 0.9852081205042247
vn 0.007574446136477914 0.9846643337100328 -0.17429508795460394
vn -0.3007057995042736 0.22264080058296493 -0.927365675480968
vn 3.3909526770225323e-16 0.23344536385590542 -0.9723699203976767
vn 1 0 0
vn -1 0 0
vn 0 1 2.0816681711721685e-16
vn 0 -1 -2.3592239273284576e-16
vn 0 0 1
vn 0 5.551115123125783e-17 -1
vn 1 0 0
vn -1 0 0
vn 0 1 2.0816681711721685e-16
vn 0 -1 -2.0816681711721685e-16
vn 0 1.249000902703301e-16 1
vn 0 -1.249000902703301e-16 -1
vn 1 0 0
vn -1 0 0
vn 0 1 -1.8041124150158794e-16
vn 0 -1 2.498001805406602e-16
vn 0 0 1
vn 0 -5.551115123125783e-17 -1
vn 1 0 0
vn -1 0 0
vn 0 0.9993908270190958 0.0348994967025013
vn 0 -0.9993908270190958 -0.03489949670250354
vn 0 -0.034899496702500934 0.9993908270190958
vn 0 0.03489949670250093 -0.9993908270190958
vn 1 0 0
vn -1 0 0
vn 0 0.9781476007338055 0.20791169081776004
vn 0 -0.9781476007338055 -0.20791169081776004
vn 0 -0.20791169081775934 0.9781476007338057
vn 0 0.20791169081775934 -0.9781476007338057
vn 1 0 0
vn -1 0 0
vn 0 0.9975640502598241 -0.06975647374412898
vn 0 -0.9975640502598245 0.06975647374412199
vn 0 0.069756473744125 0.9975640502598243
vn 0 -0.06975647374412534 -0.9975640502598244
vn 0.9574818564260026 0.28128275914722295 0.06409761322811873
vn -0.9574818564260026 -0.281282759147223 -0.0640976132281165
vn -0.27505634437783266 0.9570859180594432 -0.09127186242109839
vn 0.27505634437782933 -0.9570859180594438 0.09127186242110251
vn -0.08702012429616521 0.06976069709254291 0.9937610090502861
vn 0.08702012429616506 -0.06976069709254291 -0.9937610090502861
vn 0.9574817175661281 0.28128323424922147 0.06409760258321008
vn -0.9574817175661278 -0.2812832342492224 -0.06409760258320937
vn 0.002799135397814537 0.21311175450296713 -0.9770238200441644
vn -0.0027991353978151523 -0.21311175450296735 0.9770238200441644
vn -0.28848037258649323 0.9356618631872121 0.20326325887723296
vn 0.28848037258649334 -0.9356618631872121 -0.20326325887723296
vn 0.9579455165477694 0.27569901139932856 0.07956407756934349
vn -0.9579455165477694 -0.27569901139932856 -0.07956407756934317
vn -0.1318030867310536 0.17646028545825626 0.975443342272711
vn 0.1318030867310536 -0.17646028545825637 -0.975443342272711
vn 0.25488886530053406 -0.9449083673930634 0.20537732001460593
vn -0.254888865300534 0.9449083673930634 -0.20537732001460599
vn 0.957945516547769 0.2756990113993293 0.07956407756934225
vn -0.9579455165477693 -0.2756990113993293 -0.07956407756934226
vn -0.13180308673105393 0.17646028545825745 0.9754433422727108
vn 0.13180308673105384 -0.1764602854582571 -0.9754433422727109
vn 0.2548888653005337 -0.9449083673930629 0.20537732001460848
vn -0.254888865300534 0.9449083673930633 -0.20537732001460632
vn 0.9579455165477694 0.2756990113993284 0.07956407756934333
vn -0.9579455165477694 -0.27569901139932884 -0.07956407756934313
vn -0.1318030867310535 0.17646028545825582 0.975443342272711
vn 0.13180308673105287 -0.17646028545825507 -0.9754433422727112
vn 0.2548888653005345 -0.944908367393063 0.20537732001460707
vn -0.2548888653005344 0.9449083673930629 -0.20537732001460712
vn 0.9579455504865694 0.2756986864317565 0.07956479499620323
vn -0.9579455504865694 -0.27569868643175616 -0.07956479499620432
vn -0.28612585428506854 0.9387411480584384 0.1920860548076434
vn 0.28612585428506976 -0.9387411480584389 -0.19208605480763832
vn -0.021732874007444926 -0.20677352645280492 0.9781474280217927
vn 0.021732874007444707 0.20677352645280495 -0.9781474280217926
vn 0.9574818564260027 -0.28128275914722317 -0.06409761322811651
vn -0.9574818564260025 0.28128275914722317 0.06409761322811877
vn 0.2750563443778324 0.9570859180594431 -0.09127186242110247
vn -0.27505634437782933 -0.9570859180594438 0.09127186242110251
vn 0.08702012429616526 0.06976069709254289 0.9937610090502861
vn -0.08702012429616517 -0.06976069709254305 -0.9937610090502861
vn 0.9574817175661279 -0.28128323424922225 -0.0640976025832105
vn -0.9574817175661281 0.2812832342492214 0.06409760258321033
vn -0.002799135397814543 0.21311175450296715 -0.9770238200441644
vn 0.002799135397815534 -0.21311175450296613 0.9770238200441648
vn 0.2884803725864932 0.9356618631872125 0.2032632588772311
vn -0.28848037258649334 -0.9356618631872121 -0.203263258877233
vn 0.9579455165477693 -0.27569901139932856 -0.0795640775693432
vn -0.9579455165477694 0.27569901139932856 0.07956407756934317
vn 0.1318030867310536 0.17646028545825626 0.975443342272711
vn -0.1318030867310535 -0.17646028545825593 -0.9754433422727111
vn -0.25488886530053406 -0.9449083673930634 0.20537732001460593
vn 0.25488886530053406 0.9449083673930634 -0.20537732001460604
vn 0.9579455165477694 -0.27569901139932884 -0.07956407756934308
vn -0.9579455165477694 0.27569901139932834 0.07956407756934303
vn 0.13180308673105345 0.17646028545825576 0.975443342272711
vn -0.13180308673105323 -0.17646028545825648 -0.975443342272711
vn -0.2548888653005346 -0.9449083673930633 0.20537732001460607
vn 0.25488886530053456 0.9449083673930634 -0.20537732001460607
vn 0.9579455165477692 -0.27569901139932945 -0.07956407756934307
vn -0.9579455165477693 0.2756990113993293 0.07956407756934224
vn 0.13180308673105384 0.1764602854582571 0.9754433422727109
vn -0.1318030867310534 -0.17646028545825557 -0.9754433422727112
vn -0.25488886530053373 -0.9449083673930629 0.20537732001460868
vn 0.2548888653005338 0.9449083673930629 -0.20537732001460862
vn 0.9579455504865694 -0.2756986864317562 -0.07956479499620436
vn -0.9579455504865694 0.2756986864317565 0.07956479499620325
vn 0.28612585428506854 0.9387411480584386 0.19208605480764313
vn -0.28612585428507 -0.938741148058437 -0.1920860548076478
vn 0.021732874007444912 -0.20677352645280495 0.9781474280217927
vn -0.021732874007444756 0.20677352645280483 -0.9781474280217927
vn 0.9961946980917455 1.734723475976807e-18 0.08715574274765821
vn -0.9961946980917455 -5.204170427930421e-18 -0.08715574274765822
vn 2.392399783704042e-15 1 2.7755575615628914e-17
vn 7.476249324075135e-16 -1 2.636779683484747e-16
vn -0.08715574274765925 -2.0816681711721685e-16 0.9961946980917455
vn 0.08715574274765873 2.775557561562892e-17 -0.9961946980917457
vn 0.9961946980917455 1.734723475976807e-18 -0.08715574274765822
vn -0.9961946980917455 -1.734723475976807e-17 0.08715574274765822
vn -2.2428747972225395e-15 1 7.355227538141662e-16
vn -7.476249324075133e-16 -1 2.3592239273284576e-16
vn 0.08715574274765926 5.551115123125783e-17 0.9961946980917454
vn -0.08715574274765878 -2.775557561562892e-17 -0.9961946980917457
vn 0.8703556959398998 -4.85722573273506e-17 -0.49242356010346716
vn -0.8703556959398997 -1.3877787807814457e-17 0.4924235601034673
vn -8.123583107013344e-16 1 1.1102230246251565e-16
vn 7.672272934401497e-16 -1 -2.7755575615628914e-17
vn 0.4924235601034664 -1.3877787807814457e-17 0.8703556959399001
vn -0.49242356010346683 -1.3877787807814457e-17 -0.8703556959398998
vn 0.8703556959398997 0 0.4924235601034673
vn -0.8703556959398997 1.3877787807814457e-17 -0.49242356010346716
vn 8.123583107013347e-16 1 5.551115123125783e-17
vn -3.3848262945888954e-16 -1 -7.910339050454238e-16
vn -0.4924235601034663 -1.3877787807814457e-17 0.8703556959399001
vn 0.49242356010346694 -8.326672684688674e-17 -0.8703556959398998
vn 1 0 0
vn -1 0 0
vn 0 1 2.220446049250313e-16
vn 0 -1 1.249000902703301e-16
vn 0 4.163336342344337e-17 1
vn 0 1.52655665885959e-16 -1
vn 1 0 0
vn -1 0 0
vn 0 1 2.220446049250313e-16
vn 0 -1 1.249000902703301e-16
vn 0 4.163336342344337e-17 1
vn 0 1.52655665885959e-16 -1
vn 1 0 0
vn -1 0 0
vn 0 1 -1.1352030426792229e-14
vn 0 -1 1.0560996521746802e-14
vn 0 6.800116025829082e-16 1
vn 0 2.0816681711721685e-16 -1
vn 1 0 0
vn -1 0 0
vn 0 0.9781476007338031 0.20791169081777144
vn 0 -0.9781476007338031 -0.20791169081777144
vn 0 -0.20791169081775943 0.9781476007338057
vn 0 0.20791169081775943 -0.9781476007338057
vn 1 0 0
vn -1 0 0
vn 0 0.9781476007338031 0.20791169081777144
vn 0 -0.9781476007338107 -0.20791169081773592
vn 0 -0.2079116908177598 0.9781476007338055
vn 0 0.2079116908177603 -0.9781476007338056
vn 1 0 0
vn -1 0 0
vn 0 1 -1.0560996521746802e-14
vn 0 -1 1.0560996521746802e-14
vn 0 -2.0816681711721685e-16 1
vn 0 2.0816681711721685e-16 -1
vn 1 0 0
vn -1 0 0
vn 0 1 -1.0560996521746802e-14
vn 0 -1 -7.13318293321663e-15
vn 0 -2.7755575615628914e-17 1
vn 0 -2.7755575615628914e-17 -1
vn 1 0 0
vn -1 0 0
vn 0 1 -1.0560996521746802e-14
vn 0 -1 1.0560996521746802e-14
vn 0 0 1
vn 0 0 -1
vn 1 0 0
vn -1 0 0
vn 0 1 -1.0560996521746802e-14
vn 0 -1 1.0560996521746802e-14
vn 0 0 1
vn 0 0 -1
vn 1 0 0
vn -1 0 0
vn 0 1 -1.0560996521746802e-14
vn 0 -1 1.0560996521746802e-14
vn 0 -2.0816681711721685e-16 1
vn 0 2.0816681711721685e-16 -1
vn 1 0 0
vn -1 0 0
vn 0 0.9975640502598224 -0.0697564737441515
vn 0 -0.9975640502598226 0.06975647374415014
vn 0 0.06975647374412534 0.9975640502598244
vn 0 -0.06975647374412446 -0.9975640502598243
vn 1 0 0
vn -1 0 0
vn 0 0.9975640502598249 -0.06975647374411652
vn 0 -0.9975640502598226 0.06975647374415014
vn 0 0.06975647374412679 0.9975640502598243
vn 0 -0.06975647374412534 -0.9975640502598244
vn 1 0 0
vn -1 0 0
vn 0 0.9945218953682732 0.10452846326765625
vn 0 -0.9945218953682732 -0.10452846326765625
vn 0 -0.10452846326765355 0.9945218953682735
vn 0 0.10452846326765355 -0.9945218953682735
vn 1 0 0
vn -1 0 0
vn 0 0.9961946980917455 0.08715574274765836
vn 0 -0.9961946980917448 -0.08715574274766721
vn 0 -0.08715574274765836 0.9961946980917455
vn 0 0.0871557427476581 -0.9961946980917455
vn 0.9238795325112868 0.378959183507573 0.05325923996829152
vn -0.923879532511287 -0.3789591835075728 -0.05325923996829153
vn -0.38268343236508984 0.9148884004098166 0.12857917945313269
vn 0.38268343236508956 -0.9148884004098167 -0.1285791794531327
vn -2.5442610980993194e-16 -0.13917310096006563 0.9902680687415704
vn -4.857225732735061e-16 0.13917310096006552 -0.9902680687415704
vn 0.7071067811865474 0.7002252665996709 0.09841024344762156
vn -0.7071067811865477 -0.7002252665996703 -0.09841024344762321
vn -0.7071067811865471 0.7002252665996711 0.09841024344762156
vn 0.7071067811865487 -0.7002252665996694 -0.09841024344762311
vn 9.251858538542964e-17 -0.13917310096006502 0.9902680687415705
vn 3.932039878880768e-16 0.13917310096006583 -0.9902680687415704
vn 0.7071067811865481 -0.7044160264027571 -0.06162841671623143
vn -0.7071067811865468 0.7044160264027595 0.06162841671621956
vn 0.7071067811865474 0.7044160264027579 0.06162841671623204
vn -0.7071067811865481 -0.7044160264027582 -0.06162841671621946
vn 2.6168207644729526e-16 -0.0871557427476581 0.9961946980917455
vn 1.365297790159805e-16 0.08715574274765822 -0.9961946980917455
vn 0.38268343236509106 0.9148884004098161 0.12857917945313274
vn -0.3826834323650899 -0.9148884004098166 -0.1285791794531328
vn -0.9238795325112874 0.37895918350757174 0.053259239968291426
vn 0.9238795325112871 -0.3789591835075724 -0.0532592399682905
vn -8.673617379884015e-17 -0.13917310096006522 0.9902680687415705
vn -3.238150488490032e-16 0.13917310096006538 -0.9902680687415703
vn 1 0 0
vn -1 0 0
vn 0 0.9961946980917455 0.08715574274765836
vn 0 -0.9961946980917448 -0.08715574274766721
vn 0 -0.08715574274765828 0.9961946980917455
vn 0 0.0871557427476582 -0.9961946980917455
vn 0.3826834323650903 -0.9148884004098163 -0.12857917945313277
vn -0.3826834323650902 0.9148884004098163 0.12857917945313263
vn 0.9238795325112874 0.37895918350757174 0.053259239968291426
vn -0.9238795325112871 -0.37895918350757235 -0.05325923996829099
vn 6.938893903907214e-17 -0.13917310096006524 0.9902680687415705
vn 2.7900135905293565e-16 0.13917310096006535 -0.9902680687415703
vn 0.7071067811865477 -0.7002252665996703 -0.09841024344762321
vn -0.7071067811865478 0.7002252665996705 0.09841024344762136
vn 0.7071067811865471 0.7002252665996708 0.09841024344762331
vn -0.7071067811865487 -0.7002252665996694 -0.09841024344762311
vn -2.544261098099315e-16 -0.1391731009600652 0.9902680687415705
vn -3.4694469519536206e-16 0.13917310096006585 -0.9902680687415704
vn 0.7071067811865476 0.7044160264027587 0.06162841671621949
vn -0.7071067811865474 -0.7044160264027578 -0.06162841671623148
vn -0.7071067811865472 0.704416026402759 0.06162841671621952
vn 0.7071067811865481 -0.7044160264027594 -0.061628416716206946
vn 0 -0.08715574274765836 0.9961946980917455
vn -1.3652977901598061e-16 0.08715574274765822 -0.9961946980917455
vn 0.923879532511287 -0.37895918350757246 -0.053259239968291634
vn -0.9238795325112868 0.378959183507573 0.05325923996829168
vn 0.3826834323650899 0.9148884004098167 0.1285791794531327
vn -0.3826834323650896 -0.914888400409817 -0.12857917945313035
vn 3.469446951953617e-16 -0.1391731009600654 0.9902680687415703
vn 3.238150488490043e-16 0.13917310096006513 -0.9902680687415705
vn 1 0 0
vn -1 0 0
vn 0 0.9961946980917455 0.08715574274765836
vn 0 -0.9961946980917448 -0.08715574274766721
vn 0 -0.08715574274765836 0.9961946980917455
vn 0 0.0871557427476581 -0.9961946980917455
vn 1 0 0
vn -1 0 0
vn 0 0.995396198367179 0.09584575252022336
vn 0 -0.995396198367179 -0.09584575252022337
vn 0 -0.09584575252022433 0.9953961983671787
vn 0 0.09584575252022368 -0.9953961983671789
vn 1 0 0
vn -1 0 0
vn 0 0.9612616959383193 0.27563735581699744
vn 0 -0.961261695938319 -0.2756373558169994
vn 0 -0.275637355816999 0.961261695938319
vn 0 0.2756373558169994 -0.961261695938319
vn 0.707106781186546 -0.6797146636928678 -0.19490504344652992
vn -0.7071067811865468 0.679714663692867 0.19490504344652987
vn 0.7071067811865478 0.6797146636928663 0.19490504344652945
vn -0.7071067811865476 -0.6797146636928659 -0.1949050434465308
vn -2.220446049250315e-16 -0.2756373558169994 0.961261695938319
vn 2.396702117517937e-16 0.27563735581700055 -0.9612616959383187
vn 0.7071067811865469 -0.679714663692867 -0.19490504344652967
vn -0.7071067811865469 0.6797146636928669 0.1949050434465298
vn 0.707106781186547 0.6797146636928669 0.19490504344652965
vn -0.7071067811865478 -0.6797146636928658 -0.19490504344653076
vn 2.498001805406604e-16 -0.2756373558169994 0.961261695938319
vn 0 0.2756373558170007 -0.9612616959383185
vn 1 0 0
vn -1 0 0
vn 0 0.9612616959383185 0.2756373558170007
vn 0 -0.961261695938319 -0.275637355816999
vn 0 -0.27563735581699933 0.9612616959383189
vn 0 0.2756373558169993 -0.961261695938319
vn 1 0 0
vn -1 0 0
vn 0 0.9612616959383194 0.27563735581699705
vn 0 -0.9612616959383187 -0.27563735581699994
vn 0 -0.2756373558169991 0.9612616959383189
vn 0 0.27563735581699983 -0.9612616959383187
vn 1 0 0
vn -1 0 0
vn 0 1 -5.551115123125783e-17
vn 0 -1 5.551115123125783e-17
vn 0 1.6653345369377348e-16 1
vn 0 -1.6653345369377348e-16 -1
vn 0.9636304532086232 1.7347234759768074e-17 -0.2672383760782569
vn -0.9636304532086226 5.551115123125784e-17 0.267238376078259
vn 1.886511780124784e-16 1 3.649858193455202e-15
vn -1.821459649775654e-15 -1 -3.1918911957973243e-15
vn 0.26723837607825646 -6.938893903907228e-17 0.9636304532086232
vn -0.26723837607825623 -1.3877787807814457e-16 -0.9636304532086232
vn 0.9537169507482268 9.81853487402873e-16 -0.30070579950427406
vn -0.953716950748227 -9.818534874028728e-16 0.30070579950427295
vn -2.5066754227864906e-15 1 8.465450562766819e-16
vn -8.326672684688673e-16 -1 9.71445146547012e-17
vn 0.3007057995042741 5.329070518200751e-15 0.9537169507482266
vn -0.30070579950427223 -5.329070518200751e-15 -0.9537169507482273
vn 0.9537169507482277 -1.9081958235744878e-16 -0.3007057995042706
vn -0.9537169507482267 1.0408340855860843e-16 0.3007057995042741
vn 0.30070579950427334 6.106226635438361e-16 0.9537169507482268
vn -0.30070579950427234 -6.106226635438362e-16 -0.9537169507482274
vn -3.022755656889766e-15 -1 -6.5641936330962365e-15
vn 2.946861504815772e-15 1 6.6058269965196814e-15
vn 0.9537169507482257 -1.8388068845354155e-16 -0.30070579950427717
vn -0.9537169507482267 1.9081958235744878e-16 0.3007057995042741
vn 0.30070579950427334 6.106226635438361e-16 0.9537169507482268
vn -0.30070579950427323 -3.191891195797325e-16 -0.9537169507482269
vn -2.949029909160743e-15 -1 -6.6058269965196814e-15
vn 2.946861504815772e-15 1 6.6058269965196814e-15
vn 0.9537169507482272 -1.6826817716975029e-15 -0.30070579950427245
vn -0.9537169507482268 1.6792123247455497e-15 0.30070579950427406
vn -2.5760643618255538e-15 1 1.1379786002407855e-15
vn 2.544261098099318e-15 -1 -9.71445146547012e-16
vn 0.3007057995042723 -3.108624468950439e-15 0.9537169507482273
vn -0.30070579950427373 3.1225022567582536e-15 -0.9537169507482268
vn 0.9636304532086232 -4.5102810375396997e-17 -0.2672383760782569
vn -0.9636304532086232 3.469446951953615e-17 0.2672383760782567
vn 1.1492543028346384e-16 1 3.6637359812630166e-15
vn 1.0668549377257393e-15 -1 5.967448757360216e-16
vn 0.26723837607825734 1.8041124150158799e-16 0.9636304532086231
vn -0.267238376078257 -1.6653345369377348e-16 -0.963630453208623
vn 0.9636304532086233 -5.2041704279304225e-17 -0.26723837607825646
vn -0.9636304532086232 -6.938893903907228e-18 0.2672383760782561
vn -2.541719378720594e-17 1 -1.249000902703301e-16
vn 4.0667510059529516e-17 -1 1.8041124150158794e-16
vn 0.2672383760782569 -4.163336342344337e-17 0.9636304532086231
vn -0.26723837607825696 -1.8041124150158794e-16 -0.9636304532086231
vn 0.9636304532086226 4.5102810375396997e-17 0.267238376078259
vn -0.9636304532086232 1.7347234759768074e-17 -0.26723837607825696
vn -1.908195823574493e-16 1 3.6637359812630166e-15
vn 6.375108774214785e-16 -1 1.0824674490095276e-15
vn -0.2672383760782565 1.9428902930940244e-16 0.9636304532086232
vn 0.26723837607825623 8.326672684688674e-17 -0.9636304532086233
vn 0.953716950748227 1.6757428777935957e-15 0.30070579950427306
vn -0.9537169507482268 -1.6792123247455497e-15 -0.30070579950427406
vn 4.198030811863866e-15 1 -4.565792188770956e-15
vn -9.396418828207699e-16 -1 5.7176485768195546e-15
vn -0.3007057995042741 -3.1225022567582528e-15 0.9537169507482266
vn 0.3007057995042723 3.108624468950439e-15 -0.9537169507482273
vn 0.9537169507482266 1.0061396160665484e-16 0.3007057995042746
vn -0.9537169507482277 -1.942890293094024e-16 -0.30070579950427057
vn -0.30070579950427334 3.191891195797325e-16 0.9537169507482269
vn 0.3007057995042723 -2.6367796834847473e-16 -0.9537169507482274
vn -2.3006770100143714e-15 -1 1.0297318553398327e-14
vn -2.9490299091607476e-15 1 6.5919492087118685e-15
vn 0.9537169507482266 1.9428902930940244e-16 0.3007057995042747
vn -0.9537169507482266 -1.9428902930940244e-16 -0.3007057995042747
vn -0.30070579950427334 6.106226635438361e-16 0.9537169507482268
vn 0.3007057995042732 -5.551115123125784e-16 -0.953716950748227
vn -2.3744027577433892e-15 -1 1.0269562977782698e-14
vn -2.7148422399038834e-15 1 5.856426454897701e-15
vn 0.9537169507482268 -9.81853487402873e-16 0.30070579950427406
vn -0.9537169507482272 9.783840404509192e-16 -0.30070579950427245
vn 2.6483445066579276e-15 1 8.743006318923108e-16
vn -2.5413698923060224e-15 -1 -9.853229343548264e-16
vn -0.30070579950427223 5.329070518200751e-15 0.9537169507482273
vn 0.30070579950427373 -5.315192730392937e-15 -0.9537169507482268
vn 0.9636304532086232 5.898059818321145e-17 0.2672383760782567
vn -0.9636304532086232 -5.551115123125784e-17 -0.2672383760782569
vn 2.2551405187698547e-15 1 -4.857225732735061e-15
vn 1.1492543028346384e-16 -1 -3.6637359812630166e-15
vn -0.26723837607825734 9.714451465470122e-17 0.9636304532086231
vn 0.26723837607825707 -1.3877787807814457e-16 -0.963630453208623
vn 0.9636304532086234 5.898059818321145e-17 0.2672383760782561
vn -0.9636304532086233 6.93889390390723e-18 -0.2672383760782565
vn 3.050063254464713e-17 1 -1.1102230246251565e-16
vn -4.0667510059529516e-17 -1 1.8041124150158794e-16
vn -0.2672383760782569 -4.163336342344337e-17 0.9636304532086231
vn 0.26723837607825696 -1.8041124150158794e-16 -0.9636304532086231
vn 0.8835103908774493 -0.3826834323650897 0.2701162338787701
vn -0.8835103908774498 0.38268343236508934 -0.2701162338787701
vn 0.36596198639899546 0.9238795325112861 0.1118858074897304
vn -0.3659619863989938 -0.9238795325112868 -0.11188580748972979
vn -0.29237170472273727 -3.0531133177191805e-16 0.9563047559630354
vn 0.29237170472273666 3.469446951953614e-16 -0.9563047559630355
vn 0.9238795325112872 0.38268343236508884 6.245004513516506e-17
vn -0.9238795325112868 -0.3826834323650895 -5.551115123125783e-17
vn -0.38268343236509095 0.9238795325112864 1.8041124150158794e-16
vn 0.38268343236508917 -0.9238795325112871 -1.6653345369377348e-16
vn 6.530723674265608e-17 -2.3592239273284576e-16 1
vn 0 8.326672684688674e-17 -1
vn 0.9238795325112872 0.38268343236508884 6.245004513516506e-17
vn -0.9238795325112868 -0.3826834323650895 -5.551115123125783e-17
vn -0.3826834323650909 0.9238795325112864 1.942890293094024e-16
vn 0.3826834323650891 -0.9238795325112871 -1.8041124150158794e-16
vn 6.530723674265607e-17 -2.3592239273284576e-16 1
vn 0 9.71445146547012e-17 -1
vn 0.8835103908774499 0.38268343236508867 -0.2701162338787701
vn -0.8835103908774493 -0.3826834323650898 0.27011623387877004
vn -0.3659619863989955 0.9238795325112861 0.11188580748973027
vn 0.36596198639899474 -0.9238795325112868 -0.11188580748972658
vn 0.29237170472273716 0 0.9563047559630354
vn -0.2923717047227365 -3.1918911957973255e-16 -0.9563047559630358
vn 1 0 0
vn -1 0 0
vn 0 -0.2164396139381032 0.9762960071199333
vn 0 0.21643961393810346 -0.9762960071199334
vn 0 -0.9762960071199411 -0.21643961393806782
vn 0 0.9762960071199333 0.21643961393810338
vn 1 0 0
vn -1 0 0
vn 0 0.9914448613738106 0.13052619222004994
vn 0 -0.9914448613738104 -0.13052619222005168
vn 0 -0.1305261922200513 0.9914448613738106
vn 0 0.13052619222005174 -0.9914448613738105
vn 1 0 0
vn -1 0 0
vn 0 0.9762960071199338 0.21643961393810088
vn 0 -0.976296007119933 -0.21643961393810435
vn 0 -0.21643961393809658 0.9762960071199349
vn 0 0.2164396139381057 -0.9762960071199329
vn 0.9743700647852352 0.029362004559390524 -0.22302656688984582
vn -0.9743700647852352 -0.02936200455939061 0.22302656688984576
vn -1.2349579031358693e-15 0.9914448613738103 0.13052619222005296
vn 1.2556093730879751e-15 -0.9914448613738104 -0.130526192220053
vn 0.22495105434386534 -0.12718081436962175 0.9660341938077881
vn -0.22495105434386603 0.12718081436962217 -0.9660341938077881
vn 0.939692555561071 0.04464256216681412 -0.33909429760213544
vn -0.9396925555610681 -0.044642562166816405 0.3390942976021433
vn 0.3386918329427843 -0.2594425720095807 0.9044210270260807
vn -0.3386918329427848 0.2594425720095802 -0.9044210270260806
vn -0.047599824799693 -0.9647261753846211 -0.25891632472055487
vn 0.0475998247997026 0.964726175384612 0.2589163247205872
vn 0.9396925344521617 0.044643009021794834 -0.3390942972689944
vn -0.939692534452162 -0.044643009021802176 0.3390942972689924
vn 0.047599481669071776 0.9647261093763659 0.2589166337498926
vn -0.047599481669069056 -0.9647261093763663 -0.25891663374989166
vn 0.3386919397324181 -0.2594427405672152 0.9044209386824617
vn -0.33869193973241885 0.2594427405671972 -0.9044209386824664
vn 0.9238795325112868 0.08608504159045613 -0.3728752807858086
vn -0.9238795325112868 -0.0860850415904561 0.3728752807858085
vn -1.6056944571024997e-16 0.9743700647852355 0.22495105434386367
vn -4.03717463500057e-15 -0.9743700647852351 -0.2249510543438654
vn 0.38268343236508995 -0.20782767492513082 0.9002005599467753
vn -0.38268343236508945 0.20782767492513088 -0.9002005599467755
vn 0.9238795325112868 -0.08608504159045596 0.3728752807858085
vn -0.923879532511287 0.086085041590456 -0.37287528078580867
vn -4.587698448864284e-16 0.9743700647852352 0.22495105434386511
vn 2.798496053807215e-15 -0.9743700647852358 -0.22495105434386253
vn -0.38268343236508984 -0.20782767492513113 0.9002005599467752
vn 0.3826834323650895 0.20782767492513116 -0.9002005599467753
vn 0.9762960071199335 0.04500032609381395 0.21170988907730662
vn -0.9762960071199334 -0.045000326093813964 -0.21170988907730645
vn -1.0831444142684458e-15 0.9781476007338059 -0.20791169081775887
vn 6.498866485610671e-16 -0.9781476007338055 0.2079116908177603
vn -0.21643961393810193 0.20298335357893293 0.9549615969703574
vn 0.21643961393810324 -0.20298335357893238 -0.9549615969703572
vn 0.9762960071199334 -0.04500032609381398 -0.21170988907730642
vn -0.9762960071199335 0.04500032609381415 0.21170988907730662
vn 8.66515531414756e-16 0.9781476007338056 -0.2079116908177595
vn -6.498866485610673e-16 -0.9781476007338056 0.2079116908177595
vn 0.21643961393810202 0.20298335357893238 0.9549615969703577
vn -0.21643961393810315 -0.2029833535789321 -0.9549615969703573
vn 1 0 0
vn -1 0 0
vn 0 0.9848077530122076 0.17364817766693402
vn 0 -0.9848077530122087 -0.17364817766692703
vn 0 -0.17364817766693064 0.9848077530122081
vn 0 0.1736481776669304 -0.984807753012208
vn 1 0 0
vn -1 0 0
vn 0 0.9961946980917458 -0.0871557427476564
vn 0 -0.9961946980917453 0.08715574274766061
vn 0 0.08715574274765804 0.9961946980917455
vn 0 -0.08715574274765843 -0.9961946980917457
usemtl m_172d3e91-dd94-2bbe-ce2d-8cd9bd74ad83
f 1/1/1 2/2/1 4/3/1 3/4/1
f 5/5/2 6/6/2 8/7/2 7/8/2
f 9/9/3 10/10/3 12/11/3 11/12/3
f 16/13/4 14/14/4 13/15/4 15/16/4
f 20/17/5 18/18/5 17/19/5 19/20/5
f 21/21/6 22/22/6 24/23/6 23/24/6
f 28/25/7 26/26/7 25/27/7 27/28/7
f 29/29/8 30/30/8 32/31/8 31/32/8
f 33/33/9 34/34/9 36/35/9 35/36/9
f 37/37/10 38/38/10 40/39/10 39/40/10
f 44/41/11 42/42/11 41/43/11 43/44/11
f 45/45/12 46/46/12 48/47/12 47/48/12
f 52/49/13 50/50/13 49/51/13 51/52/13
f 56/53/14 54/54/14 53/55/14 55/56/14
f 57/57/15 58/58/15 60/59/15 59/60/15
f 64/61/16 62/62/16 61/63/16 63/64/16
f 65/65/17 66/66/17 68/67/17 67/68/17
f 69/69/18 70/70/18 72/71/18 71/72/18
f 76/73/19 74/74/19 73/75/19 75/76/19
f 79/77/20 77/78/20 78/79/20 80/80/20
f 73/81/21 74/82/21 78/83/21 77/84/21
f 76/85/22 75/86/22 79/87/22 80/88/22
f 75/89/23 73/90/23 77/91/23 79/92/23
f 80/93/24 78/94/24 74/95/24 76/96/24
f 84/97/25 82/98/25 81/99/25 83/100/25
f 87/101/26 85/102/26 86/103/26 88/104/26
f 81/105/27 82/106/27 86/107/27 85/108/27
f 84/109/28 83/110/28 87/111/28 88/112/28
f 83/113/29 81/114/29 85/115/29 87/116/29
f 88/117/30 86/118/30 82/119/30 84/120/30
f 92/121/31 90/122/31 89/123/31 91/124/31
f 95/125/32 93/126/32 94/127/32 96/128/32
f 89/129/33 90/130/33 94/131/33 93/132/33
f 92/133/34 91/134/34 95/135/34 96/136/34
f 91/137/35 89/138/35 93/139/35 95/140/35
f 96/141/36 94/142/36 90/143/36 92/144/36
f 100/145/37 98/146/37 97/147/37 99/148/37
f 103/149/38 101/150/38 102/151/38 104/152/38
f 97/153/39 98/154/39 102/155/39 101/156/39
f 100/157/40 99/158/40 103/159/40 104/160/40
f 99/161/41 97/162/41 101/163/41 103/164/41
f 104/165/42 102/166/42 98/167/42 100/168/42
f 108/169/43 106/170/43 105/171/43 107/172/43
f 111/173/44 109/174/44 110/175/44 112/176/44
f 105/177/45 106/178/45 110/179/45 109/180/45
f 108/181/46 107/182/46 111/183/46 112/184/46
f 107/185/47 105/186/47 109/187/47 111/188/47
f 112/189/48 110/190/48 106/191/48 108/192/48
f 116/193/49 114/194/49 113/195/49 115/196/49
f 119/197/50 117/198/50 118/199/50 120/200/50
f 113/201/51 114/202/51 118/203/51 117/204/51
f 116/205/52 115/206/52 119/207/52 120/208/52
f 115/209/53 113/210/53 117/211/53 119/212/53
f 120/213/54 118/214/54 114/215/54 116/216/54
f 124/217/55 122/218/55 121/219/55 123/220/55
f 127/221/56 125/222/56 126/223/56 128/224/56
f 121/225/57 122/226/57 126/227/57 125/228/57
f 124/229/58 123/230/58 127/231/58 128/232/58
f 123/233/59 121/234/59 125/235/59 127/236/59
f 128/237/60 126/238/60 122/239/60 124/240/60
f 132/241/61 130/242/61 129/243/61 131/244/61
f 135/245/62 133/246/62 134/247/62 136/248/62
f 129/249/63 130/250/63 134/251/63 133/252/63
f 132/253/64 131/254/64 135/255/64 136/256/64
f 131/257/65 129/258/65 133/259/65 135/260/65
f 136/261/66 134/262/66 130/263/66 132/264/66
f 140/265/67 138/266/67 137/267/67 139/268/67
f 143/269/68 141/270/68 142/271/68 144/272/68
f 137/273/69 138/274/69 142/275/69 141/276/69
f 140/277/70 139/278/70 143/279/70 144/280/70
f 139/281/71 137/282/71 141/283/71 143/284/71
f 144/285/72 142/286/72 138/287/72 140/288/72
f 148/289/73 146/290/73 145/291/73 147/292/73
f 151/293/74 149/294/74 150/295/74 152/296/74
f 145/297/75 146/298/75 150/299/75 149/300/75
f 148/301/76 147/302/76 151/303/76 152/304/76
f 147/305/77 145/306/77 149/307/77 151/308/77
f 152/309/78 150/310/78 146/311/78 148/312/78
f 156/313/79 154/314/79 153/315/79 155/316/79
f 159/317/80 157/318/80 158/319/80 160/320/80
f 153/321/81 154/322/81 158/323/81 157/324/81
f 156/325/82 155/326/82 159/327/82 160/328/82
f 155/329/83 153/330/83 157/331/83 159/332/83
f 160/333/84 158/334/84 154/335/84 156/336/84
f 164/337/85 162/338/85 161/339/85 163/340/85
f 167/341/86 165/342/86 166/343/86 168/344/86
f 161/345/87 162/346/87 166/347/87 165/348/87
f 164/349/88 163/350/88 167/351/88 168/352/88
f 163/353/89 161/354/89 165/355/89 167/356/89
f 168/357/90 166/358/90 162/359/90 164/360/90
f 172/361/91 170/362/91 169/363/91 171/364/91
f 175/365/92 173/366/92 174/367/92 176/368/92
f 169/369/93 170/370/93 174/371/93 173/372/93
f 172/373/94 171/374/94 175/375/94 176/376/94
f 171/377/95 169/378/95 173/379/95 175/380/95
f 176/381/96 174/382/96 170/383/96 172/384/96
f 180/385/97 178/386/97 177/387/97 179/388/97
f 183/389/98 181/390/98 182/391/98 184/392/98
f 177/393/99 178/394/99 182/395/99 181/396/99
f 180/397/100 179/398/100 183/399/100 184/400/100
f 179/401/101 177/402/101 181/403/101 183/404/101
f 184/405/102 182/406/102 178/407/102 180/408/102
f 188/409/103 186/410/103 185/411/103 187/412/103
f 191/413/104 189/414/104 190/415/104 192/416/104
f 185/417/105 186/418/105 190/419/105 189/420/105
f 188/421/106 187/422/106 191/423/106 192/424/106
f 187/425/107 185/426/107 189/427/107 191/428/107
f 192/429/108 190/430/108 186/431/108 188/432/108
f 196/433/109 194/434/109 193/435/109 195/436/109
f 199/437/110 197/438/110 198/439/110 200/440/110
f 193/441/111 194/442/111 198/443/111 197/444/111
f 196/445/112 195/446/112 199/447/112 200/448/112
f 195/449/113 193/450/113 197/451/113 199/452/113
f 200/453/114 198/454/114 194/455/114 196/456/114
f 204/457/115 202/458/115 201/459/115 203/460/115
f 207/461/116 205/462/116 206/463/116 208/464/116
f 201/465/117 202/466/117 206/467/117 205/468/117
f 204/469/118 203/470/118 207/471/118 208/472/118
f 203/473/119 201/474/119 205/475/119 207/476/119
f 208/477/120 206/478/120 202/479/120 204/480/120
f 212/481/121 210/482/121 209/483/121 211/484/121
f 215/485/122 213/486/122 214/487/122 216/488/122
f 209/489/123 210/490/123 214/491/123 213/492/123
f 212/493/124 211/494/124 215/495/124 216/496/124
f 211/497/125 209/498/125 213/499/125 215/500/125
f 216/501/126 214/502/126 210/503/126 212/504/126
f 220/505/127 218/506/127 217/507/127 219/508/127
f 223/509/128 221/510/128 222/511/128 224/512/128
f 217/513/129 218/514/129 222/515/129 221/516/129
f 220/517/130 219/518/130 223/519/130 224/520/130
f 219/521/131 217/522/131 221/523/131 223/524/131
f 224/525/132 222/526/132 218/527/132 220/528/132
f 228/529/133 226/530/133 225/531/133 227/532/133
f 231/533/134 229/534/134 230/535/134 232/536/134
f 225/537/135 226/538/135 230/539/135 229/540/135
f 228/541/136 227/542/136 231/543/136 232/544/136
f 227/545/137 225/546/137 229/547/137 231/548/137
f 232/549/138 230/550/138 226/551/138 228/552/138
f 236/553/139 234/554/139 233/555/139 235/556/139
f 239/557/140 237/558/140 238/559/140 240/560/140
f 233/561/141 234/562/141 238/563/141 237/564/141
f 236/565/142 235/566/142 239/567/142 240/568/142
f 235/569/143 233/570/143 237/571/143 239/572/143
f 240/573/144 238/574/144 234/575/144 236/576/144
f 244/577/145 242/578/145 241/579/145 243/580/145
f 247/581/146 245/582/146 246/583/146 248/584/146
f 241/585/147 242/586/147 246/587/147 245/588/147
f 244/589/148 243/590/148 247/591/148 248/592/148
f 243/593/149 241/594/149 245/595/149 247/596/149
f 248/597/150 246/598/150 242/599/150 244/600/150
f 252/601/151 250/602/151 249/603/151 251/604/151
f 255/605/152 253/606/152 254/607/152 256/608/152
f 249/609/153 250/610/153 254/611/153 253/612/153
f 252/613/154 251/614/154 255/615/154 256/616/154
f 251/617/155 249/618/155 253/619/155 255/620/155
f 256/621/156 254/622/156 250/623/156 252/624/156
f 260/625/157 258/626/157 257/627/157 259/628/157
f 263/629/158 261/630/158 262/631/158 264/632/158
f 257/633/159 258/634/159 262/635/159 261/636/159
f 260/637/160 259/638/160 263/639/160 264/640/160
f 259/641/161 257/642/161 261/643/161 263/644/161
f 264/645/162 262/646/162 258/647/162 260/648/162
f 268/649/163 266/650/163 265/651/163 267/652/163
f 271/653/164 269/654/164 270/655/164 272/656/164
f 265/657/165 266/658/165 270/659/165 269/660/165
f 268/661/166 267/662/166 271/663/166 272/664/166
f 267/665/167 265/666/167 269/667/167 271/668/167
f 272/669/168 270/670/168 266/671/168 268/672/168
f 276/673/169 274/674/169 273/675/169 275/676/169
f 279/677/170 277/678/170 278/679/170 280/680/170
f 273/681/171 274/682/171 278/683/171 277/684/171
f 276/685/172 275/686/172 279/687/172 280/688/172
f 275/689/173 273/690/173 277/691/173 279/692/173
f 280/693/174 278/694/174 274/695/174 276/696/174
f 284/697/175 282/698/175 281/699/175 283/700/175
f 287/701/176 285/702/176 286/703/176 288/704/176
f 281/705/177 282/706/177 286/707/177 285/708/177
f 284/709/178 283/710/178 287/711/178 288/712/178
f 283/713/179 281/714/179 285/715/179 287/716/179
f 288/717/180 286/718/180 282/719/180 284/720/180
f 292/721/181 290/722/181 289/723/181 291/724/181
f 295/725/182 293/726/182 294/727/182 296/728/182
f 289/729/183 290/730/183 294/731/183 293/732/183
f 292/733/184 291/734/184 295/735/184 296/736/184
f 291/737/185 289/738/185 293/739/185 295/740/185
f 296/741/186 294/742/186 290/743/186 292/744/186
f 300/745/187 298/746/187 297/747/187 299/748/187
f 303/749/188 301/750/188 302/751/188 304/752/188
f 297/753/189 298/754/189 302/755/189 301/756/189
f 300/757/190 299/758/190 303/759/190 304/760/190
f 299/761/191 297/762/191 301/763/191 303/764/191
f 304/765/192 302/766/192 298/767/192 300/768/192
f 308/769/193 306/770/193 305/771/193 307/772/193
f 311/773/194 309/774/194 310/775/194 312/776/194
f 305/777/195 306/778/195 310/779/195 309/780/195
f 308/781/196 307/782/196 311/783/196 312/784/196
f 307/785/197 305/786/197 309/787/197 311/788/197
f 312/789/198 310/790/198 306/791/198 308/792/198
f 316/793/199 314/794/199 313/795/199 315/796/199
f 319/797/200 317/798/200 318/799/200 320/800/200
f 313/801/201 314/802/201 318/803/201 317/804/201
f 316/805/202 315/806/202 319/807/202 320/808/202
f 315/809/203 313/810/203 317/811/203 319/812/203
f 320/813/204 318/814/204 314/815/204 316/816/204
f 324/817/205 322/818/205 321/819/205 323/820/205
f 327/821/206 325/822/206 326/823/206 328/824/206
f 321/825/207 322/826/207 326/827/207 325/828/207
f 324/829/208 323/830/208 327/831/208 328/832/208
f 323/833/209 321/834/209 325/835/209 327/836/209
f 328/837/210 326/838/210 322/839/210 324/840/210
f 332/841/211 330/842/211 329/843/211 331/844/211
f 335/845/212 333/846/212 334/847/212 336/848/212
f 329/849/213 330/850/213 334/851/213 333/852/213
f 332/853/214 331/854/214 335/855/214 336/856/214
f 331/857/215 329/858/215 333/859/215 335/860/215
f 336/861/216 334/862/216 330/863/216 332/864/216
f 340/865/217 338/866/217 337/867/217 339/868/217
f 343/869/218 341/870/218 342/871/218 344/872/218
f 337/873/219 338/874/219 342/875/219 341/876/219
f 340/877/220 339/878/220 343/879/220 344/880/220
f 339/881/221 337/882/221 341/883/221 343/884/221
f 344/885/222 342/886/222 338/887/222 340/888/222
f 348/889/223 346/890/223 345/891/223 347/892/223
f 351/893/224 349/894/224 350/895/224 352/896/224
f 345/897/225 346/898/225 350/899/225 349/900/225
f 348/901/226 347/902/226 351/903/226 352/904/226
f 347/905/227 345/906/227 349/907/227 351/908/227
f 352/909/228 350/910/228 346/911/228 348/912/228
f 356/913/229 354/914/229 353/915/229 355/916/229
f 359/917/230 357/918/230 358/919/230 360/920/230
f 353/921/231 354/922/231 358/923/231 357/924/231
f 356/925/232 355/926/232 359/927/232 360/928/232
f 355/929/233 353/930/233 357/931/233 359/932/233
f 360/933/234 358/934/234 354/935/234 356/936/234
f 364/937/235 362/938/235 361/939/235 363/940/235
f 367/941/236 365/942/236 366/943/236 368/944/236
f 361/945/237 362/946/237 366/947/237 365/948/237
f 364/949/238 363/950/238 367/951/238 368/952/238
f 363/953/239 361/954/239 365/955/239 367/956/239
f 368/957/240 366/958/240 362/959/240 364/960/240
f 372/961/241 370/962/241 369/963/241 371/964/241
f 375/965/242 373/966/242 374/967/242 376/968/242
f 369/969/243 370/970/243 374/971/243 373/972/243
f 372/973/244 371/974/244 375/975/244 376/976/244
f 371/977/245 369/978/245 373/979/245 375/980/245
f 376/981/246 374/982/246 370/983/246 372/984/246
f 380/985/247 378/986/247 377/987/247 379/988/247
f 383/989/248 381/990/248 382/991/248 384/992/248
f 377/993/249 378/994/249 382/995/249 381/996/249
f 380/997/250 379/998/250 383/999/250 384/1000/250
f 379/1001/251 377/1002/251 381/1003/251 383/1004/251
f 384/1005/252 382/1006/252 378/1007/252 380/1008/252
f 388/1009/253 386/1010/253 385/1011/253 387/1012/253
f 391/1013/254 389/1014/254 390/1015/254 392/1016/254
f 385/1017/255 386/1018/255 390/1019/255 389/1020/255
f 388/1021/256 387/1022/256 391/1023/256 392/1024/256
f 387/1025/257 385/1026/257 389/1027/257 391/1028/257
f 392/1029/258 390/1030/258 386/1031/258 388/1032/258
f 396/1033/259 394/1034/259 393/1035/259 395/1036/259
f 399/1037/260 397/1038/260 398/1039/260 400/1040/260
f 393/1041/261 394/1042/261 398/1043/261 397/1044/261
f 396/1045/262 395/1046/262 399/1047/262 400/1048/262
f 395/1049/263 393/1050/263 397/1051/263 399/1052/263
f 400/1053/264 398/1054/264 394/1055/264 396/1056/264
f 404/1057/265 402/1058/265 401/1059/265 403/1060/265
f 407/1061/266 405/1062/266 406/1063/266 408/1064/266
f 401/1065/267 402/1066/267 406/1067/267 405/1068/267
f 404/1069/268 403/1070/268 407/1071/268 408/1072/268
f 403/1073/269 401/1074/269 405/1075/269 407/1076/269
f 408/1077/270 406/1078/270 402/1079/270 404/1080/270
f 412/1081/271 410/1082/271 409/1083/271 411/1084/271
f 415/1085/272 413/1086/272 414/1087/272 416/1088/272
f 409/1089/273 410/1090/273 414/1091/273 413/1092/273
f 412/1093/274 411/1094/274 415/1095/274 416/1096/274
f 411/1097/275 409/1098/275 413/1099/275 415/1100/275
f 416/1101/276 414/1102/276 410/1103/276 412/1104/276
f 420/1105/277 418/1106/277 417/1107/277 419/1108/277
f 423/1109/278 421/1110/278 422/1111/278 424/1112/278
f 417/1113/279 418/1114/279 422/1115/279 421/1116/279
f 420/1117/280 419/1118/280 423/1119/280 424/1120/280
f 419/1121/281 417/1122/281 421/1123/281 423/1124/281
f 424/1125/282 422/1126/282 418/1127/282 420/1128/282
f 428/1129/283 426/1130/283 425/1131/283 427/1132/283
f 431/1133/284 429/1134/284 430/1135/284 432/1136/284
f 425/1137/285 426/1138/285 430/1139/285 429/1140/285
f 428/1141/286 427/1142/286 431/1143/286 432/1144/286
f 427/1145/287 425/1146/287 429/1147/287 431/1148/287
f 432/1149/288 430/1150/288 426/1151/288 428/1152/288
f 436/1153/289 434/1154/289 433/1155/289 435/1156/289
f 439/1157/290 437/1158/290 438/1159/290 440/1160/290
f 433/1161/291 434/1162/291 438/1163/291 437/1164/291
f 436/1165/292 435/1166/292 439/1167/292 440/1168/292
f 435/1169/293 433/1170/293 437/1171/293 439/1172/293
f 440/1173/294 438/1174/294 434/1175/294 436/1176/294
f 444/1177/295 442/1178/295 441/1179/295 443/1180/295
f 447/1181/296 445/1182/296 446/1183/296 448/1184/296
f 441/1185/297 442/1186/297 446/1187/297 445/1188/297
f 444/1189/298 443/1190/298 447/1191/298 448/1192/298
f 443/1193/299 441/1194/299 445/1195/299 447/1196/299
f 448/1197/300 446/1198/300 442/1199/300 444/1200/300
f 452/1201/301 450/1202/301 449/1203/301 451/1204/301
f 455/1205/302 453/1206/302 454/1207/302 456/1208/302
f 449/1209/303 450/1210/303 454/1211/303 453/1212/303
f 452/1213/304 451/1214/304 455/1215/304 456/1216/304
f 451/1217/305 449/1218/305 453/1219/305 455/1220/305
f 456/1221/306 454/1222/306 450/1223/306 452/1224/306
f 460/1225/307 458/1226/307 457/1227/307 459/1228/307
f 463/1229/308 461/1230/308 462/1231/308 464/1232/308
f 457/1233/309 458/1234/309 462/1235/309 461/1236/309
f 460/1237/310 459/1238/310 463/1239/310 464/1240/310
f 459/1241/311 457/1242/311 461/1243/311 463/1244/311
f 464/1245/312 462/1246/312 458/1247/312 460/1248/312
f 468/1249/313 466/1250/313 465/1251/313 467/1252/313
f 471/1253/314 469/1254/314 470/1255/314 472/1256/314
f 465/1257/315 466/1258/315 470/1259/315 469/1260/315
f 468/1261/316 467/1262/316 471/1263/316 472/1264/316
f 467/1265/317 465/1266/317 469/1267/317 471/1268/317
f 472/1269/318 470/1270/318 466/1271/318 468/1272/318
f 476/1273/319 474/1274/319 473/1275/319 475/1276/319
f 479/1277/320 477/1278/320 478/1279/320 480/1280/320
f 473/1281/321 474/1282/321 478/1283/321 477/1284/321
f 476/1285/322 475/1286/322 479/1287/322 480/1288/322
f 475/1289/323 473/1290/323 477/1291/323 479/1292/323
f 480/1293/324 478/1294/324 474/1295/324 476/1296/324
f 484/1297/325 482/1298/325 481/1299/325 483/1300/325
f 487/1301/326 485/1302/326 486/1303/326 488/1304/326
f 481/1305/327 482/1306/327 486/1307/327 485/1308/327
f 484/1309/328 483/1310/328 487/1311/328 488/1312/328
f 483/1313/329 481/1314/329 485/1315/329 487/1316/329
f 488/1317/330 486/1318/330 482/1319/330 484/1320/330
f 492/1321/331 490/1322/331 489/1323/331 491/1324/331
f 495/1325/332 493/1326/332 494/1327/332 496/1328/332
f 489/1329/333 490/1330/333 494/1331/333 493/1332/333
f 492/1333/334 491/1334/334 495/1335/334 496/1336/334
f 491/1337/335 489/1338/335 493/1339/335 495/1340/335
f 496/1341/336 494/1342/336 490/1343/336 492/1344/336
f 500/1345/337 498/1346/337 497/1347/337 499/1348/337
f 503/1349/338 501/1350/338 502/1351/338 504/1352/338
f 497/1353/339 498/1354/339 502/1355/339 501/1356/339
f 500/1357/340 499/1358/340 503/1359/340 504/1360/340
f 499/1361/341 497/1362/341 501/1363/341 503/1364/341
f 504/1365/342 502/1366/342 498/1367/342 500/1368/342
f 508/1369/343 506/1370/343 505/1371/343 507/1372/343
f 511/1373/344 509/1374/344 510/1375/344 512/1376/344
f 505/1377/345 506/1378/345 510/1379/345 509/1380/345
f 508/1381/346 507/1382/346 511/1383/346 512/1384/346
f 507/1385/347 505/1386/347 509/1387/347 511/1388/347
f 512/1389/348 510/1390/348 506/1391/348 508/1392/348
f 516/1393/349 514/1394/349 513/1395/349 515/1396/349
f 519/1397/350 517/1398/350 518/1399/350 520/1400/350
f 513/1401/351 514/1402/351 518/1403/351 517/1404/351
f 516/1405/352 515/1406/352 519/1407/352 520/1408/352
f 515/1409/353 513/1410/353 517/1411/353 519/1412/353
f 520/1413/354 518/1414/354 514/1415/354 516/1416/354
f 524/1417/355 522/1418/355 521/1419/355 523/1420/355
f 527/1421/356 525/1422/356 526/1423/356 528/1424/356
f 521/1425/357 522/1426/357 526/1427/357 525/1428/357
f 524/1429/358 523/1430/358 527/1431/358 528/1432/358
f 523/1433/359 521/1434/359 525/1435/359 527/1436/359
f 528/1437/360 526/1438/360 522/1439/360 524/1440/360
f 532/1441/361 530/1442/361 529/1443/361 531/1444/361
f 535/1445/362 533/1446/362 534/1447/362 536/1448/362
f 529/1449/363 530/1450/363 534/1451/363 533/1452/363
f 532/1453/364 531/1454/364 535/1455/364 536/1456/364
f 531/1457/365 529/1458/365 533/1459/365 535/1460/365
f 536/1461/366 534/1462/366 530/1463/366 532/1464/366
f 540/1465/367 538/1466/367 537/1467/367 539/1468/367
f 543/1469/368 541/1470/368 542/1471/368 544/1472/368
f 537/1473/369 538/1474/369 542/1475/369 541/1476/369
f 540/1477/370 539/1478/370 543/1479/370 544/1480/370
f 539/1481/371 537/1482/371 541/1483/371 543/1484/371
f 544/1485/372 542/1486/372 538/1487/372 540/1488/372
f 548/1489/373 546/1490/373 545/1491/373 547/1492/373
f 551/1493/374 549/1494/374 550/1495/374 552/1496/374
f 545/1497/375 546/1498/375 550/1499/375 549/1500/375
f 548/1501/376 547/1502/376 551/1503/376 552/1504/376
f 547/1505/377 545/1506/377 549/1507/377 551/1508/377
f 552/1509/378 550/1510/378 546/1511/378 548/1512/378
f 556/1513/379 554/1514/379 553/1515/379 555/1516/379
f 559/1517/380 557/1518/380 558/1519/380 560/1520/380
f 553/1521/381 554/1522/381 558/1523/381 557/1524/381
f 556/1525/382 555/1526/382 559/1527/382 560/1528/382
f 555/1529/383 553/1530/383 557/1531/383 559/1532/383
f 560/1533/384 558/1534/384 554/1535/384 556/1536/384
f 564/1537/385 562/1538/385 561/1539/385 563/1540/385
f 567/1541/386 565/1542/386 566/1543/386 568/1544/386
f 561/1545/387 562/1546/387 566/1547/387 565/1548/387
f 564/1549/388 563/1550/388 567/1551/388 568/1552/388
f 563/1553/389 561/1554/389 565/1555/389 567/1556/389
f 568/1557/390 566/1558/390 562/1559/390 564/1560/390
f 572/1561/391 570/1562/391 569/1563/391 571/1564/391
f 575/1565/392 573/1566/392 574/1567/392 576/1568/392
f 569/1569/393 570/1570/393 574/1571/393 573/1572/393
f 572/1573/394 571/1574/394 575/1575/394 576/1576/394
f 571/1577/395 569/1578/395 573/1579/395 575/1580/395
f 576/1581/396 574/1582/396 570/1583/396 572/1584/396
f 580/1585/397 578/1586/397 577/1587/397 579/1588/397
f 583/1589/398 581/1590/398 582/1591/398 584/1592/398
f 577/1593/399 578/1594/399 582/1595/399 581/1596/399
f 580/1597/400 579/1598/400 583/1599/400 584/1600/400
f 579/1601/401 577/1602/401 581/1603/401 583/1604/401
f 584/1605/402 582/1606/402 578/1607/402 580/1608/402
f 588/1609/403 586/1610/403 585/1611/403 587/1612/403
f 591/1613/404 589/1614/404 590/1615/404 592/1616/404
f 585/1617/405 586/1618/405 590/1619/405 589/1620/405
f 588/1621/406 587/1622/406 591/1623/406 592/1624/406
f 587/1625/407 585/1626/407 589/1627/407 591/1628/407
f 592/1629/408 590/1630/408 586/1631/408 588/1632/408
f 596/1633/409 594/1634/409 593/1635/409 595/1636/409
f 599/1637/410 597/1638/410 598/1639/410 600/1640/410
f 593/1641/411 594/1642/411 598/1643/411 597/1644/411
f 596/1645/412 595/1646/412 599/1647/412 600/1648/412
f 595/1649/413 593/1650/413 597/1651/413 599/1652/413
f 600/1653/414 598/1654/414 594/1655/414 596/1656/414
f 604/1657/415 602/1658/415 601/1659/415 603/1660/415
f 607/1661/416 605/1662/416 606/1663/416 608/1664/416
f 601/1665/417 602/1666/417 606/1667/417 605/1668/417
f 604/1669/418 603/1670/418 607/1671/418 608/1672/418
f 603/1673/419 601/1674/419 605/1675/419 607/1676/419
f 608/1677/420 606/1678/420 602/1679/420 604/1680/420
f 612/1681/421 610/1682/421 609/1683/421 611/1684/421
f 615/1685/422 613/1686/422 614/1687/422 616/1688/422
f 609/1689/423 610/1690/423 614/1691/423 613/1692/423
f 612/1693/424 611/1694/424 615/1695/424 616/1696/424
f 611/1697/425 609/1698/425 613/1699/425 615/1700/425
f 616/1701/426 614/1702/426 610/1703/426 612/1704/426
f 620/1705/427 618/1706/427 617/1707/427 619/1708/427
f 623/1709/428 621/1710/428 622/1711/428 624/1712/428
f 617/1713/429 618/1714/429 622/1715/429 621/1716/429
f 620/1717/430 619/1718/430 623/1719/430 624/1720/430
f 619/1721/431 617/1722/431 621/1723/431 623/1724/431
f 624/1725/432 622/1726/432 618/1727/432 620/1728/432
f 628/1729/433 626/1730/433 625/1731/433 627/1732/433
f 631/1733/434 629/1734/434 630/1735/434 632/1736/434
f 625/1737/435 626/1738/435 630/1739/435 629/1740/435
f 628/1741/436 627/1742/436 631/1743/436 632/1744/436
f 627/1745/437 625/1746/437 629/1747/437 631/1748/437
f 632/1749/438 630/1750/438 626/1751/438 628/1752/438
f 636/1753/439 634/1754/439 633/1755/439 635/1756/439
f 639/1757/440 637/1758/440 638/1759/440 640/1760/440
f 633/1761/441 634/1762/441 638/1763/441 637/1764/441
f 636/1765/442 635/1766/442 639/1767/442 640/1768/442
f 635/1769/443 633/1770/443 637/1771/443 639/1772/443
f 640/1773/444 638/1774/444 634/1775/444 636/1776/444
f 644/1777/445 642/1778/445 641/1779/445 643/1780/445
f 647/1781/446 645/1782/446 646/1783/446 648/1784/446
f 641/1785/447 642/1786/447 646/1787/447 645/1788/447
f 644/1789/448 643/1790/448 647/1791/448 648/1792/448
f 643/1793/449 641/1794/449 645/1795/449 647/1796/449
f 648/1797/450 646/1798/450 642/1799/450 644/1800/450
f 652/1801/451 650/1802/451 649/1803/451 651/1804/451
f 655/1805/452 653/1806/452 654/1807/452 656/1808/452
f 649/1809/453 650/1810/453 654/1811/453 653/1812/453
f 652/1813/454 651/1814/454 655/1815/454 656/1816/454
f 651/1817/455 649/1818/455 653/1819/455 655/1820/455
f 656/1821/456 654/1822/456 650/1823/456 652/1824/456
f 660/1825/457 658/1826/457 657/1827/457 659/1828/457
f 663/1829/458 661/1830/458 662/1831/458 664/1832/458
f 657/1833/459 658/1834/459 662/1835/459 661/1836/459
f 660/1837/460 659/1838/460 663/1839/460 664/1840/460
f 659/1841/461 657/1842/461 661/1843/461 663/1844/461
f 664/1845/462 662/1846/462 658/1847/462 660/1848/462
f 668/1849/463 666/1850/463 665/1851/463 667/1852/463
f 671/1853/464 669/1854/464 670/1855/464 672/1856/464
f 665/1857/465 666/1858/465 670/1859/465 669/1860/465
f 668/1861/466 667/1862/466 671/1863/466 672/1864/466
f 667/1865/467 665/1866/467 669/1867/467 671/1868/467
f 672/1869/468 670/1870/468 666/1871/468 668/1872/468
f 676/1873/469 674/1874/469 673/1875/469 675/1876/469
f 679/1877/470 677/1878/470 678/1879/470 680/1880/470
f 673/1881/471 674/1882/471 678/1883/471 677/1884/471
f 676/1885/472 675/1886/472 679/1887/472 680/1888/472
f 675/1889/473 673/1890/473 677/1891/473 679/1892/473
f 680/1893/474 678/1894/474 674/1895/474 676/1896/474
f 684/1897/475 682/1898/475 681/1899/475 683/1900/475
f 687/1901/476 685/1902/476 686/1903/476 688/1904/476
f 681/1905/477 682/1906/477 686/1907/477 685/1908/477
f 684/1909/478 683/1910/478 687/1911/478 688/1912/478
f 683/1913/479 681/1914/479 685/1915/479 687/1916/479
f 688/1917/480 686/1918/480 682/1919/480 684/1920/480
f 692/1921/481 690/1922/481 689/1923/481 691/1924/481
f 695/1925/482 693/1926/482 694/1927/482 696/1928/482
f 689/1929/483 690/1930/483 694/1931/483 693/1932/483
f 692/1933/484 691/1934/484 695/1935/484 696/1936/484
f 691/1937/485 689/1938/485 693/1939/485 695/1940/485
f 696/1941/486 694/1942/486 690/1943/486 692/1944/486
f 700/1945/487 698/1946/487 697/1947/487 699/1948/487
f 703/1949/488 701/1950/488 702/1951/488 704/1952/488
f 697/1953/489 698/1954/489 702/1955/489 701/1956/489
f 700/1957/490 699/1958/490 703/1959/490 704/1960/490
f 699/1961/491 697/1962/491 701/1963/491 703/1964/491
f 704/1965/492 702/1966/492 698/1967/492 700/1968/492
f 708/1969/493 706/1970/493 705/1971/493 707/1972/493
f 711/1973/494 709/1974/494 710/1975/494 712/1976/494
f 705/1977/495 706/1978/495 710/1979/495 709/1980/495
f 708/1981/496 707/1982/496 711/1983/496 712/1984/496
f 707/1985/497 705/1986/497 709/1987/497 711/1988/497
f 712/1989/498 710/1990/498 706/1991/498 708/1992/498
f 716/1993/499 714/1994/499 713/1995/499 715/1996/499
f 719/1997/500 717/1998/500 718/1999/500 720/2000/500
f 713/2001/501 714/2002/501 718/2003/501 717/2004/501
f 716/2005/502 715/2006/502 719/2007/502 720/2008/502
f 715/2009/503 713/2010/503 717/2011/503 719/2012/503
f 720/2013/504 718/2014/504 714/2015/504 716/2016/504
f 724/2017/505 722/2018/505 721/2019/505 723/2020/505
f 727/2021/506 725/2022/506 726/2023/506 728/2024/506
f 721/2025/507 722/2026/507 726/2027/507 725/2028/507
f 724/2029/508 723/2030/508 727/2031/508 728/2032/508
f 723/2033/509 721/2034/509 725/2035/509 727/2036/509
f 728/2037/510 726/2038/510 722/2039/510 724/2040/510
f 732/2041/511 730/2042/511 729/2043/511 731/2044/511
f 735/2045/512 733/2046/512 734/2047/512 736/2048/512
f 729/2049/513 730/2050/513 734/2051/513 733/2052/513
f 732/2053/514 731/2054/514 735/2055/514 736/2056/514
f 731/2057/515 729/2058/515 733/2059/515 735/2060/515
f 736/2061/516 734/2062/516 730/2063/516 732/2064/516
