# Made in Blockbench 5.1.6
mtllib ratnik_veteran.mtl

o mesh
v 0.07742812500000004 0.878146607819182 -0.2113487168799012
v 0.2767726027268197 1.4857490164155185 -0.13976696530608146
v 0.2767726027268197 1.5032383297924554 -0.199770081205202
v 0.23698928919748602 1.3098382823916006 -0.19104026849393146
v 0.23698928919748602 1.3273275957685375 -0.251043384393052
v 0.3378495468807371 1.4730176949619096 -0.14347780710601454
v 0.3378495468807371 1.4905070083388465 -0.2034809230051351
v 0.2980662333514035 1.2971069609379917 -0.19475111029386455
v 0.2980662333514035 1.3145962743149289 -0.2547542261929851
v -0.2767726027268196 1.4857490164155187 -0.13976696530608124
v -0.2767726027268198 1.5032383297924556 -0.19977008120520195
v -0.23698928919748596 1.3098382823916008 -0.1910402684939313
v -0.23698928919748602 1.3273275957685378 -0.2510433843930519
v -0.3378495468807371 1.47301769496191 -0.14347780710601432
v -0.3378495468807372 1.4905070083388468 -0.20348092300513493
v -0.2980662333514035 1.297106960937992 -0.19475111029386444
v -0.2980662333514035 1.314596274314929 -0.25475422619298493
v 0.13177298627035727 1.4603983842658534 -0.11391434090859667
v 0.1435055711483746 1.482056293556446 -0.18475417022262436
v 0.13177298627035733 1.2213221952750946 -0.18700726708928078
v 0.1435055711483746 1.2429801045656872 -0.2578470964033085
v 0.2614070809734692 1.4543954015430707 -0.09427946915106766
v 0.2731396658514864 1.4760533108336635 -0.16511929846509546
v 0.26140708097346915 1.2153192125523118 -0.1673723953317519
v 0.2730966237996603 1.2434312325064372 -0.2383946866357265
v -0.13177298627035727 1.4603983842658534 -0.11391434090859667
v -0.14350557114837464 1.4820562935564463 -0.1847541702226243
v -0.13177298627035733 1.2213221952750946 -0.18700726708928078
v -0.1435055711483746 1.2429801045656874 -0.25784709640330844
v -0.2614070809734691 1.4543954015430707 -0.09427946915106766
v -0.2731396658514864 1.4760533108336635 -0.16511929846509543
v -0.26140708097346915 1.2153192125523118 -0.1673723953317519
v -0.27309662379966015 1.2434312325064372 -0.23839468663572652
v -0.03353252748671742 1.4073702484730632 -0.3229790635671199
v -0.023810419057129495 1.3893983962592469 -0.19966039857398898
v 0.0910821246883265 1.4100545195715775 -0.3324121517127114
v 0.10080423311791456 1.3920826673577613 -0.20909348671958028
v -0.03159463953940567 1.2218619838660176 -0.35016689821400127
v -0.021872531109817517 1.203890131652202 -0.2268482332208703
v 0.09302001263563836 1.2245462549645323 -0.35959998635959267
v 0.10274212106522643 1.2065744027507164 -0.2362813213664616
v 0.09162494790019224 1.4100874536978625 -0.332510515024946
v 0.07522577137755387 1.3919502330307898 -0.2099254089318596
v 0.21553781215455511 1.4089765136804702 -0.3160980842312579
v 0.19913863563191672 1.3908392930133977 -0.1935129781381713
v 0.09356284204930987 1.2245791901698153 -0.35969835659200605
v 0.07716366552667156 1.206441969502743 -0.23711325049891963
v 0.2174757063036728 1.2234682501524237 -0.3432859257983179
v 0.20107652978103438 1.205331029485351 -0.22070081970523148
v 0.19374999999999998 1.371637168630734 -0.35857223392172866
v 0.19375000000000003 1.247112831369266 -0.3476777660782712
v 0.13125000000000003 1.3716371686307343 -0.3585722339217286
v 0.1312500000000001 1.2471128313692663 -0.34767776607827117
v 0.25036856719435296 1.3884527966847982 -0.3600434107465277
v 0.22047142404083042 1.3165493676251712 -0.3537526758351697
v 0.13488362563044215 1.4361061974810045 -0.364212543094653
v 0.10498648247691955 1.364202768421378 -0.3579218081832951
v -0.03883249999999999 0.8763315614373559 -0.2571791533772672
v -0.03883249999999999 0.8704652689983472 -0.29421746614958494
v -0.03883250000000005 0.7868223055709214 -0.24300227998299628
v -0.03883249999999999 0.7809560131319128 -0.28004059275531396
v -0.090395 0.8763315614373559 -0.2571791533772672
v -0.09039499999999995 0.8704652689983473 -0.2942174661495849
v -0.090395 0.7868223055709216 -0.24300227998299628
v -0.090395 0.7809560131319129 -0.2800405927553139
v 0.1361675 0.8701585093086363 -0.2562014379707658
v 0.13616750000000002 0.8672253630891318 -0.27472059435692464
v 0.13616750000000002 0.792995357699641 -0.24397999538949777
v 0.13616750000000005 0.7900622114801368 -0.2624991517756565
v -0.140395 0.8701585093086363 -0.2562014379707658
v -0.140395 0.867225363089132 -0.27472059435692464
v -0.14039500000000005 0.7929953576996409 -0.24397999538949777
v -0.140395 0.7900622114801368 -0.2624991517756565
v 0.11563374740059139 0.8496908790523625 -0.26877945139829384
v 0.1156337474005914 0.8467577328328582 -0.2872986077844527
v 0.11985695362032713 0.8300668716333992 -0.26567131396631677
v 0.11985695362032714 0.8271337254138948 -0.28419047035247563
v -0.12431808590442034 0.7993154781080233 -0.26080077171360055
v -0.12431808590442034 0.7963823318885189 -0.2793199280997594
v -0.12009487968468457 0.7796914706890599 -0.2576926342816235
v -0.12009487968468469 0.7767583244695556 -0.27621179066778234
v -0.29435121298570355 1.125 -0.23453203916154425
v -0.26783470869120796 1.1250000000000002 -0.20801553486704868
v -0.29435121298570344 0.8437500000000001 -0.2345320391615442
v -0.26783470869120796 0.8437500000000002 -0.2080155348670486
v -0.2501570391615443 1.1250000000000002 -0.2787262129857034
v -0.22364053486704866 1.1250000000000002 -0.25220970869120785
v -0.25015703916154436 0.8437500000000002 -0.2787262129857033
v -0.2236405348670487 0.8437500000000001 -0.25220970869120785
v -0.33302111508184284 1.1406250000000002 -0.20691068052144462
v -0.2965609216769113 1.1406250000000002 -0.17045048711651328
v -0.33302111508184273 1.1250000000000002 -0.20691068052144462
v -0.2965609216769114 1.1250000000000002 -0.1704504871165133
v -0.24463276743352436 1.1406250000000002 -0.29529902816976306
v -0.20817257402859302 1.1406250000000002 -0.25883883476483177
v -0.24463276743352436 1.125 -0.29529902816976306
v -0.20817257402859302 1.125 -0.25883883476483177
v -0.2783145630368119 1.3125000000000002 -0.2251895630368118
v -0.24081456303681192 1.3125000000000002 -0.2251895630368118
v -0.2783145630368118 1.1406250000000002 -0.2251895630368118
v -0.24081456303681187 1.1406250000000002 -0.2251895630368118
v -0.2783145630368119 1.3125000000000002 -0.26268956303681185
v -0.24081456303681198 1.3125000000000002 -0.26268956303681185
v -0.278314563036812 1.1406250000000002 -0.26268956303681185
v -0.24081456303681192 1.1406250000000002 -0.2626895630368119
v 0.14375 1.2434318750000002 -0.1827599999999999
v 0.14375 1.2434318750000002 -0.2577599999999999
v 0.14375000000000002 0.8684318750000002 -0.1827599999999999
v 0.14375000000000004 0.8684318750000002 -0.2577599999999999
v -0.14375 1.2434318750000002 -0.18275999999999992
v -0.14374999999999993 1.2434318750000002 -0.2577599999999999
v -0.14374999999999993 0.8684318750000002 -0.1827599999999999
v -0.14374999999999993 0.8684318750000002 -0.2577599999999999
v 0.14375 1.4601233553479243 -0.11301249094089585
v 0.14375 1.4820512332021298 -0.1847353476381235
v 0.14375 1.2210471663571656 -0.1861054171215799
v 0.14375000000000004 1.242975044211371 -0.25782827381880763
v -0.14375000000000004 1.4601233553479243 -0.11301249094089588
v -0.14374999999999993 1.4820512332021298 -0.1847353476381235
v -0.14375 1.2210471663571656 -0.18610541712157994
v -0.14374999999999993 1.242975044211371 -0.25782827381880763
v -0.13220238975549914 1.2434318750000002 -0.18361813567485014
v -0.14328809559021993 1.2434318750000002 -0.2577943254269939
v -0.13220238975549908 0.8684318750000002 -0.18361813567485014
v -0.14328809559021988 0.8684318750000002 -0.2577943254269939
v -0.2620107218217507 1.2434318750000002 -0.16421815046408877
v -0.27309642765647146 1.2434318750000002 -0.2383943402162325
v -0.2620107218217508 0.8684318750000002 -0.16421815046408875
v -0.2730964276564716 0.8684318750000003 -0.23839434021623246
v 0.2620107218217508 1.2434318750000002 -0.16421815046408877
v 0.2730964276564716 1.2434318750000002 -0.2383943402162325
v 0.2620107218217508 0.8684318750000001 -0.16421815046408877
v 0.27309642765647163 0.8684318750000002 -0.23839434021623246
v 0.1322023897554992 1.2434318750000002 -0.18361813567485016
v 0.14328809559021996 1.2434318750000002 -0.2577943254269939
v 0.1322023897554992 0.8684318750000002 -0.1836181356748501
v 0.14328809559022002 0.8684318750000002 -0.2577943254269938
v -0.24224379217535041 1.2206790950707866 0.1572952967794043
v -0.28418134923912997 1.2208597049646315 0.16975608277341336
v -0.2778483279348535 1.2178148606954666 0.037507512782898544
v -0.3197858849986328 1.2179954705893112 0.049968298776907616
v -0.24134422400664512 0.8707739733163962 0.16539446631431293
v -0.28328178107042445 0.8709545832102412 0.17785525230832205
v -0.27694875976614797 0.8679097389410763 0.04560668231780718
v -0.3188863168299274 0.8680903488349212 0.058067468311816306
v -0.2794432131408062 1.2182928885764335 0.057386455171806905
v -0.3223963981128012 1.2179902076748281 0.04908014521892262
v -0.2289831919940079 1.2123881156845135 -0.20333477631492786
v -0.2719363769660029 1.212085434782908 -0.21164108626781217
v -0.27854364529674525 0.8683877559104431 0.0654851533196466
v -0.3214968302687402 0.868085075008838 0.05717884336676232
v -0.22808362414994682 0.8624829830185232 -0.1952360781670882
v -0.27103680912194184 0.8621803021169181 -0.2035423881199725
v 0.24134422400664512 0.8707739733163963 0.16539446631431293
v 0.28328178107042457 0.8709545832102413 0.1778552523083221
v 0.276948759766148 0.8679097389410763 0.04560668231780718
v 0.3188863168299274 0.8680903488349212 0.058067468311816306
v 0.24224379217535053 1.2206790950707866 0.15729529677940424
v 0.2841813492391299 1.2208597049646317 0.16975608277341342
v 0.2778483279348534 1.2178148606954666 0.037507512782898544
v 0.3197858849986328 1.2179954705893115 0.04996829877690767
v 0.27854364529674513 0.8683877559104433 0.06548515331964666
v 0.3214968302687402 0.868085075008838 0.057178843366762266
v 0.22808362414994676 0.8624829830185234 -0.19523607816708816
v 0.2710368091219418 0.8621803021169181 -0.2035423881199725
v 0.2794432131408063 1.2182928885764335 0.057386455171806905
v 0.32239639811280135 1.2179902076748281 0.04908014521892268
v 0.22898319199400785 1.2123881156845135 -0.20333477631492783
v 0.27193637696600287 1.2120854347829082 -0.2116410862678121
v 0.26875 1.2434318750000002 0.19526000000000016
v 0.26875 1.2434318750000002 0.12026000000000014
v 0.26875000000000004 0.8684318750000002 0.1952600000000002
v 0.26875000000000004 0.8684318750000003 0.1202600000000002
v -0.26874999999999993 1.243431875 0.1952600000000001
v -0.2687499999999998 1.2434318750000002 0.12026000000000014
v -0.26875000000000004 0.8684318750000001 0.19526000000000016
v -0.26874999999999993 0.8684318750000002 0.12026000000000014
v 0.26875000000000004 1.4913779920612604 0.16480431078677377
v 0.26875 1.482237791305874 0.09036334941367463
v 0.26875000000000004 1.2432414541509298 0.19527164663806063
v 0.26875 1.2341012533955436 0.12083068526496149
v -0.26874999999999993 1.4913779920612602 0.1648043107867737
v -0.26874999999999993 1.4822377913058737 0.09036334941367452
v -0.26874999999999993 1.2432414541509296 0.19527164663806063
v -0.26874999999999993 1.2341012533955436 0.12083068526496143
v -0.11238994094414928 1.3153948616190807 0.11905119108582318
v -0.11155463348873329 1.3160208629835142 0.16278873655589554
v -0.18897966939972854 1.5533659463372138 0.11710791211054788
v -0.1881443619443125 1.5539919477016477 0.1608454575806203
v -0.2670451857878675 1.2656498268295318 0.12271680919415817
v -0.2662098783324516 1.2662758281939657 0.16645435466423064
v -0.3436349142434467 1.503620911547665 0.12077353021888287
v -0.3427996067880308 1.504246912912099 0.16451107568895534
v -0.2079258211200169 1.5849408006139565 -0.10164048939851325
v -0.2105875487783841 1.5913347963906812 -0.14483880561430934
v -0.05338770691198447 1.2147772911912469 -0.16595230828811225
v -0.05604943457035161 1.2211712869679716 -0.2091506245039083
v -0.3578837624225505 1.5223399606409307 -0.10166646972711221
v -0.36054549008091763 1.5287339564176556 -0.14486478594290822
v -0.20334564821451806 1.1521764512182204 -0.16597828861671132
v -0.2060073758728851 1.1585704469949456 -0.2091766048325073
v -0.1943113996472814 1.5614987174246866 0.0494053677780375
v -0.20773826807992235 1.603076718404529 0.04715780496182875
v -0.19547141346544727 1.5501611738763095 -0.1533996619900387
v -0.2088982818980883 1.5917391748561516 -0.15564722480624762
v -0.3489666603141698 1.5117537254566906 0.053070899412172134
v -0.3623935287468105 1.5533317264365327 0.050823336595963275
v -0.35012667413233556 1.5004161819083135 -0.14973413035590416
v -0.36355354256497663 1.5419941828881554 -0.15198169317211324
v -0.17705036467267 1.5181984303026257 0.14316518741106188
v -0.18884480148856958 1.5562061172870965 0.16134125657593557
v -0.19539747484060366 1.5668628732707903 0.02949832531359764
v -0.2071919116565032 1.6048705602552609 0.047674394478471216
v -0.3317055791932836 1.4684532998707303 0.14683078693866164
v -0.3435000160091831 1.5064609868552008 0.16500685610353527
v -0.35005268936121714 1.517117742838895 0.033163924841197456
v -0.36184712617711656 1.5551254298233654 0.05133999400607103
v 0.33170557919328364 1.4684532998707303 0.1468307869386617
v 0.3435000160091831 1.5064609868552008 0.16500685610353533
v 0.35005268936121725 1.5171177428388951 0.03316392484119757
v 0.3618471261771167 1.5551254298233652 0.05133999400607098
v 0.17705036467267005 1.5181984303026257 0.14316518741106182
v 0.18884480148856952 1.5562061172870965 0.16134125657593557
v 0.19539747484060363 1.5668628732707903 0.02949832531359764
v 0.2071919116565032 1.6048705602552609 0.04767439447847127
v 0.26704518578786757 1.2656498268295315 0.12271680919415817
v 0.2662098783324516 1.266275828193966 0.1664543546642307
v 0.3436349142434468 1.503620911547665 0.12077353021888282
v 0.3427996067880308 1.504246912912099 0.1645110756889554
v 0.11238994094414932 1.3153948616190805 0.11905119108582318
v 0.11155463348873326 1.3160208629835144 0.1627887365558956
v 0.1889796693997285 1.5533659463372138 0.11710791211054783
v 0.18814436194431247 1.5539919477016477 0.1608454575806204
v 0.3489666603141697 1.5117537254566906 0.053070899412172134
v 0.3623935287468106 1.553331726436533 0.050823336595963275
v 0.35012667413233567 1.5004161819083137 -0.14973413035590413
v 0.3635535425649764 1.5419941828881554 -0.15198169317211324
v 0.1943113996472814 1.5614987174246868 0.04940536777803761
v 0.2077382680799223 1.6030767184045287 0.0471578049618287
v 0.19547141346544736 1.5501611738763095 -0.15339966199003874
v 0.20889828189808826 1.5917391748561516 -0.15564722480624762
v 0.35788376242255043 1.5223399606409305 -0.10166646972711224
v 0.36054549008091763 1.5287339564176554 -0.14486478594290825
v 0.20334564821451798 1.1521764512182207 -0.16597828861671127
v 0.20600737587288515 1.1585704469949456 -0.20917660483250727
v 0.20792582112001692 1.5849408006139565 -0.10164048939851325
v 0.21058754877838404 1.5913347963906812 -0.1448388056143093
v 0.05338770691198452 1.2147772911912469 -0.16595230828811222
v 0.056049434570351664 1.2211712869679716 -0.20915062450390828
v -0.16572570268752662 1.6245962856943577 -0.1718224999999998
v -0.2087431048934496 1.6166234814540763 -0.17182249999999988
v -0.1315565416577491 1.440235990526116 -0.17182249999999977
v -0.1745739438636721 1.4322631862858342 -0.17182249999999982
v -0.16572570268752668 1.6245962856943579 0.1781775000000002
v -0.20874310489344977 1.6166234814540763 0.1781775000000001
v -0.1315565416577491 1.4402359905261162 0.17817750000000016
v -0.1745739438636721 1.4322631862858346 0.1781775000000001
v 0.16572570268752673 1.6245962856943574 0.1781775000000002
v 0.20874310489344983 1.6166234814540763 0.17817750000000016
v 0.13155654165774913 1.4402359905261157 0.1781775000000001
v 0.1745739438636722 1.4322631862858346 0.17817750000000016
v 0.16572570268752673 1.6245962856943574 -0.17182249999999982
v 0.2087431048934498 1.6166234814540763 -0.17182249999999982
v 0.1315565416577491 1.4402359905261157 -0.17182249999999982
v 0.1745739438636721 1.4322631862858344 -0.17182249999999977
v 0.17500000000000004 1.6245962856943574 -0.16254820268752657
v 0.17500000000000004 1.616623481454076 -0.20556560489344963
v 0.175 1.4402359905261157 -0.12837904165774897
v 0.17500000000000004 1.4322631862858346 -0.171396443863672
v -0.17499999999999993 1.6245962856943577 -0.16254820268752657
v -0.17499999999999988 1.6166234814540763 -0.2055656048934496
v -0.175 1.440235990526116 -0.12837904165774894
v -0.17499999999999993 1.4322631862858346 -0.17139644386367195
v 0.17500000000000002 1.6166234814540763 0.20556560489344988
v 0.175 1.6245962856943574 0.16254820268752695
v 0.175 1.4322631862858344 0.17139644386367225
v 0.175 1.440235990526116 0.12837904165774927
v -0.17499999999999977 1.6166234814540763 0.20556560489344988
v -0.17499999999999993 1.6245962856943577 0.162548202687527
v -0.175 1.4322631862858346 0.17139644386367225
v -0.17499999999999993 1.440235990526116 0.12837904165774927
v 0.07742812500000004 1.1876053793009227 -0.2548403109299216
v 0.07742812500000013 1.1702087416809146 -0.37862381952261787
v 0.07742812500000004 0.8607499701991738 -0.33513222547259736
v -0.07882187499999999 1.1876053793009225 -0.25484031092992165
v -0.07882187499999999 1.1702087416809144 -0.3786238195226179
v -0.07882187499999993 0.8781466078191819 -0.21134871687990123
v -0.07882187499999999 0.8607499701991737 -0.3351322254725974
v 0.0774281250000001 1.2061729055898271 -0.25744980657292277
v 0.07742812500000004 1.1861667723268174 -0.39980084145452366
v 0.07742812500000004 1.1876053793009227 -0.2548403109299216
v 0.07742812500000001 1.1675992460379132 -0.3971913458115224
v -0.07882187499999993 1.2061729055898271 -0.2574498065729228
v -0.07882187499999999 1.1861667723268174 -0.39980084145452377
v -0.07882187499999999 1.1876053793009225 -0.25484031092992165
v -0.07882187499999999 1.167599246037913 -0.3971913458115224
v 0.06492812500000006 1.039105410969779 -0.3891399195395301
v 0.064928125 1.1825872882429225 -0.3803641919813945
v 0.06492812500000006 1.0402500710860576 -0.40785494700994
v 0.064928125 1.1837319483592008 -0.39907921945180436
v -0.06632187499999997 1.039105410969779 -0.3891399195395301
v -0.06632187499999997 1.1825872882429225 -0.3803641919813945
v -0.06632187499999997 1.0402500710860576 -0.40785494700994
v -0.06632187499999997 1.183731948359201 -0.3990792194518043
v -0.08507187499999996 1.1849639019042 -0.2298379084301845
v -0.08507187499999996 1.1827823510995394 -0.3548188703247335
v -0.08507187499999996 0.8725114971678277 -0.22438403141853347
v -0.08507187499999996 0.8703299463631672 -0.3493649933130823
v -0.24132187499999996 1.1849639019042 -0.22983790843018456
v -0.24132187500000002 1.1827823510995394 -0.3548188703247336
v -0.24132187500000002 0.8725114971678276 -0.22438403141853347
v -0.24132187500000002 0.8703299463631671 -0.3493649933130823
v -0.08507187499999996 1.2037110461883822 -0.2301651410508836
v -0.08507187499999996 1.2012022627630226 -0.3738932472296148
v -0.08507187499999996 1.1849639019042 -0.2298379084301845
v -0.08507187499999996 1.1824551184788406 -0.3735660146089158
v -0.24132187499999996 1.2037110461883822 -0.23016514105088365
v -0.2413218749999999 1.2012022627630226 -0.3738932472296148
v -0.24132187499999996 1.1849639019042 -0.22983790843018456
v -0.24132187500000002 1.1824551184788406 -0.3735660146089158
v -0.09757187499999997 1.0539374498647 -0.38123417213713023
v -0.09757187500000003 1.1952803428270184 -0.35503781534763423
v -0.09757187500000009 1.0573543659676776 -0.39967020165395434
v -0.09757187499999997 1.1986972589299962 -0.3734738448644581
v -0.228821875 1.0539374498647 -0.38123417213713023
v -0.228821875 1.1952803428270184 -0.3550378153476342
v -0.228821875 1.0573543659676776 -0.39967020165395434
v -0.228821875 1.1986972589299965 -0.3734738448644581
v 0.24132187500000007 1.1849639019042 -0.22983790843018453
v 0.24132187500000007 1.1827823510995394 -0.3548188703247335
v 0.24132187500000007 0.8725114971678278 -0.22438403141853344
v 0.24132187500000007 0.8703299463631673 -0.3493649933130823
v 0.08507187500000007 1.1849639019042 -0.2298379084301845
v 0.08507187500000013 1.1827823510995394 -0.3548188703247335
v 0.08507187500000007 0.8725114971678276 -0.22438403141853347
v 0.08507187500000007 0.8703299463631673 -0.3493649933130823
v 0.24132187500000007 1.2037110461883822 -0.23016514105088362
v 0.24132187500000007 1.2012022627630226 -0.3738932472296148
v 0.24132187500000007 1.1849639019042 -0.22983790843018453
v 0.24132187500000007 1.1824551184788406 -0.3735660146089158
v 0.08507187500000007 1.2037110461883822 -0.2301651410508836
v 0.0850718750000001 1.2012022627630226 -0.3738932472296148
v 0.08507187500000007 1.1849639019042 -0.2298379084301845
v 0.0850718750000001 1.1824551184788406 -0.3735660146089158
v 0.22882187500000006 1.0539374498647 -0.38123417213713023
v 0.22882187500000004 1.1952803428270182 -0.35503781534763423
v 0.22882187500000004 1.0573543659676776 -0.3996702016539544
v 0.22882187500000006 1.1986972589299962 -0.3734738448644581
v 0.09757187500000003 1.0539374498647 -0.3812341721371303
v 0.09757187500000006 1.1952803428270184 -0.35503781534763423
v 0.09757187500000003 1.0573543659676776 -0.39967020165395434
v 0.09757187500000009 1.1986972589299962 -0.3734738448644581
v -0.08582948765838139 1.4009563693681506 -0.21963869662380978
v -0.09191553286702892 1.4284087280531002 -0.34143495295523885
v -0.046287173747871835 1.2225925738899404 -0.26181703079207486
v -0.052373218956519474 1.2500449325748897 -0.38361328712350395
v -0.2383757364092584 1.367137669037779 -0.21963869436939498
v -0.24446178161790627 1.3945900277227286 -0.3414349507008241
v -0.19883342249874897 1.1887738735595685 -0.2618170285376601
v -0.20491946770739666 1.216226232244518 -0.38361328486908924
v -0.08978371904943211 1.4187927489159717 -0.21542086320698328
v -0.09678267103937704 1.4503629614036633 -0.3554865579881265
v -0.08582948765838139 1.4009563693681506 -0.21963869662380978
v -0.09282843964832616 1.4325265818558428 -0.35970439140495303
v -0.2423299678003094 1.3849740485856 -0.21542086095256863
v -0.2493289197902543 1.4165442610732917 -0.3554865557337118
v -0.2383757364092584 1.367137669037779 -0.21963869436939498
v -0.24537468839920323 1.3987078815254708 -0.35970438915053826
v -0.07844376637255385 1.3098887219122433 -0.3982352992892237
v -0.10675557565163157 1.437595002552054 -0.33862313743871675
v -0.08012669322520433 1.3174799107314974 -0.4152970726296199
v -0.108438502504282 1.4451861913713084 -0.3556849107791129
v -0.2065826153232908 1.2814810136347308 -0.39823529739551533
v -0.23489442460236842 1.4091872942745416 -0.33862313554500845
v -0.20826554217594123 1.2890722024539851 -0.4152970707359115
v -0.23657735145501885 1.416778483093796 -0.3556849088854045
v 0.12505416913769773 1.3062933296141113 -0.33357712300072845
v 0.1250886018360382 1.3070754150457864 -0.4023226658145491
v 0.12499846307146752 1.2312982035969675 -0.3344303348776595
v 0.12503289576980808 1.2320802890286429 -0.4031758776914801
v 0.0625541942162614 1.3063401044280287 -0.33360789533585933
v 0.06258862691460187 1.3071221898597039 -0.40235343814968
v 0.06249848815003117 1.2313449784108852 -0.33446110721279043
v 0.06253292084837159 1.2321270638425599 -0.40320665002661116
v 0.2177354950298781 1.3000888765138459 -0.34366743021441387
v 0.20960864594574602 1.3007998860180068 -0.4056327333238859
v 0.21768907330801957 1.237592938166226 -0.3443784401118565
v 0.2095622242238876 1.2383039476703874 -0.4063437432213283
v 0.09379676550617383 1.2999960210236694 -0.32741373211496544
v 0.08566991642204178 1.3007070305278303 -0.3893790352244374
v 0.0937503437843153 1.2375000826760496 -0.32812474201240793
v 0.08562349470018332 1.2382110921802112 -0.39009004512187984
v 0.09379640465335287 1.2999960252076341 -0.3274140763146724
v 0.1019853230499084 1.3006948240350904 -0.38937134623268366
v 0.09374998293149436 1.2375000868600148 -0.328125086212115
v 0.10193890132804992 1.238198885687471 -0.3900823561301262
v -0.030125981710343197 1.3002743792934115 -0.3437898107082732
v -0.02193706331378764 1.300973178120868 -0.4057470806262844
v -0.03017240343220179 1.237778440945792 -0.34450082060571574
v -0.021983485035646178 1.2384772397732484 -0.406458090523727
v -0.2124999999999999 0.8710801826274632 -0.13770542892368962
v -0.21249999999999997 0.8756533028954231 -0.18121576184605154
v -0.21249999999999997 0.746764945706429 -0.1507714868321463
v -0.2124999999999999 0.7513380659743889 -0.19428181975450826
v -0.24999999999999994 0.8710801826274632 -0.13770542892368962
v -0.25 0.8756533028954231 -0.18121576184605154
v -0.2499999999999999 0.746764945706429 -0.1507714868321463
v -0.2499999999999999 0.7513380659743889 -0.19428181975450826
v -0.2124999999999999 0.8721766729771521 -0.1665851798021365
v -0.08124999999999993 0.8721766729771521 -0.16658517980213647
v -0.08125000000000004 0.8732661197614978 -0.17903761352828323
v -0.08124999999999999 0.6667115164957296 -0.184561051743841
v -0.08124999999999999 0.6678009632800752 -0.19701348546998776
v -0.21249999999999997 0.8732661197614977 -0.17903761352828323
v -0.2124999999999999 0.6667115164957296 -0.184561051743841
v -0.2124999999999999 0.6678009632800753 -0.19701348546998773
v -0.21440311269504486 0.7546017418548207 -0.14774091539874787
v -0.21440311269504492 0.7606905650218236 -0.19106514340619157
v -0.16656768364940872 0.6402406918035936 -0.16381331283038933
v -0.16656768364940866 0.6463295149705965 -0.207137540837833
v -0.24904859516421812 0.7403907724732868 -0.14973813689755877
v -0.24904859516421812 0.7464795956402897 -0.19306236490500245
v -0.20121316611858187 0.6260297224220597 -0.16581053432920023
v -0.20121316611858187 0.6321185455890624 -0.2091347623366439
v -0.17562808871894697 0.6532229761662589 -0.1619887717497165
v -0.17562808871894697 0.6593117993332619 -0.20531299975716016
v -0.0872397410706286 0.5656948178413 -0.17429005218066934
v -0.0872397410706286 0.5717836410083028 -0.21761428018811296
v -0.20214459301344245 0.6269645286687715 -0.1656791558790023
v -0.2021445930134425 0.6330533518357743 -0.209003383886446
v -0.11375624536512408 0.5394363703438125 -0.17798043630995505
v -0.11375624536512408 0.5455251935108153 -0.22130466431739876
v -0.030935921676911393 0.6180996319687057 -0.18881404055258685
v -0.030935921676911338 0.6186443553608787 -0.1950402574156602
v -0.08396893026590257 0.5652684299884987 -0.1934361718063033
v -0.08396893026590257 0.5658131533806714 -0.19966238866937677
v -0.13258252147247762 0.7193594357641022 -0.1799549556496303
v -0.13258252147247762 0.7199041591562751 -0.18618117251270372
v -0.1856155300614688 0.6665282337838954 -0.18457708690334673
v -0.1856155300614688 0.6670729571760681 -0.19080330376642013
v -0.10324182561109696 0.572822542469594 -0.17328831581188012
v -0.10324182561109696 0.5789113656365968 -0.21661254381932374
v 0.012243115952813854 0.5254526445311473 -0.17994572080791646
v 0.012243115952813854 0.5315414676981501 -0.22326994881536022
v -0.11759245432478782 0.5385142274542258 -0.17811003504137254
v -0.11759245432478777 0.5446030506212287 -0.22143426304881622
v -0.002107512760877006 0.49114432951577913 -0.1847674400374089
v -0.0021075127608769506 0.4972331526827821 -0.2280916680448525
v 0.08125000000000004 0.8721766729771521 -0.16658517980213647
v 0.08125000000000004 0.8732661197614978 -0.17903761352828323
v 0.08125000000000004 0.5297347455081145 -0.19654496637164395
v 0.08125000000000002 0.5308241922924601 -0.20899740009779075
v -0.08124999999999993 0.8721766729771521 -0.16658517980213647
v -0.08124999999999993 0.8732661197614978 -0.17903761352828323
v -0.08124999999999999 0.5297347455081145 -0.19654496637164398
v -0.08124999999999993 0.5308241922924604 -0.20899740009779072
v 0.11759245432478789 0.5385142274542258 -0.1781100350413725
v 0.11759245432478786 0.5446030506212287 -0.22143426304881617
v 0.0021075127608770616 0.49114432951577913 -0.1847674400374089
v 0.002107512760877034 0.4972331526827821 -0.22809166804485254
v 0.10324182561109699 0.572822542469594 -0.1732883158118801
v 0.10324182561109699 0.578911365636597 -0.2166125438193237
v -0.012243115952813799 0.5254526445311474 -0.1799457208079164
v -0.012243115952813827 0.5315414676981501 -0.2232699488153602
v 0.20214459301344256 0.6269645286687714 -0.1656791558790023
v 0.20214459301344254 0.6330533518357742 -0.20900338388644601
v 0.11375624536512412 0.5394363703438124 -0.17798043630995508
v 0.1137562453651241 0.5455251935108153 -0.22130466431739879
v 0.17562808871894703 0.6532229761662589 -0.16198877174971651
v 0.17562808871894703 0.6593117993332618 -0.2053129997571602
v 0.08723974107062862 0.5656948178413002 -0.1742900521806693
v 0.08723974107062862 0.5717836410083029 -0.21761428018811294
v 0.13258252147247765 0.7193594357641022 -0.1799549556496303
v 0.13258252147247762 0.7199041591562751 -0.18618117251270372
v 0.18561553006146886 0.6665282337838954 -0.18457708690334673
v 0.18561553006146886 0.6670729571760682 -0.19080330376642013
v 0.03093592167691145 0.6180996319687058 -0.18881404055258685
v 0.03093592167691145 0.6186443553608788 -0.1950402574156602
v 0.08396893026590263 0.5652684299884987 -0.1934361718063033
v 0.08396893026590263 0.5658131533806714 -0.19966238866937677
v 0.24904859516421818 0.7403907724732867 -0.14973813689755877
v 0.2490485951642182 0.7464795956402895 -0.19306236490500245
v 0.20121316611858198 0.6260297224220596 -0.1658105343292002
v 0.20121316611858198 0.6321185455890624 -0.20913476233664394
v 0.21440311269504497 0.7546017418548208 -0.14774091539874784
v 0.21440311269504497 0.7606905650218236 -0.19106514340619155
v 0.16656768364940877 0.6402406918035937 -0.16381331283038927
v 0.16656768364940877 0.6463295149705965 -0.20713754083783295
v 0.2125 0.8721766729771521 -0.16658517980213647
v 0.21249999999999997 0.8732661197614978 -0.17903761352828323
v 0.2125 0.6667115164957296 -0.18456105174384096
v 0.2125 0.6678009632800754 -0.19701348546998773
v 0.08125000000000004 0.8721766729771521 -0.16658517980213647
v 0.08125000000000002 0.8732661197614978 -0.17903761352828323
v 0.08125000000000004 0.6667115164957296 -0.18456105174384096
v 0.08125000000000004 0.6678009632800752 -0.19701348546998776
v 0.25 0.8720048202337431 -0.14389386880102553
v 0.25 0.876198071906503 -0.18744245247958963
v 0.25 0.7475802954378459 -0.15587458786605357
v 0.25 0.7517735471106055 -0.19942317154461758
v 0.21250000000000002 0.8720048202337431 -0.1438938688010255
v 0.21250000000000005 0.876198071906503 -0.18744245247958963
v 0.21250000000000002 0.7475802954378459 -0.15587458786605357
v 0.21250000000000002 0.7517735471106055 -0.19942317154461758
v 0.12500000000000006 0.6997353890380903 -0.2157254828654861
v 0.12500000000000006 0.7095030990318552 -0.2711209189724228
v 0.12500000000000006 0.6381849044748275 -0.22657849396966923
v 0.12500000000000006 0.6479526144685922 -0.2819739300766059
v -0.125 0.6997353890380903 -0.21572548286548615
v -0.125 0.709503099031855 -0.27112091897242285
v -0.12499999999999994 0.6381849044748273 -0.22657849396966923
v -0.12499999999999994 0.6479526144685922 -0.281973930076606
v -0.08169417382415917 0.6825825211462627 -0.2187499962713432
v -0.08169417382415922 0.6923502311400276 -0.27414543237828
v -0.12588834764831847 0.6390597561262614 -0.226424234019404
v -0.1258883476483184 0.6488274661200264 -0.2818196701263408
v -0.12588834764831847 0.7261052861662638 -0.21107575852328242
v -0.12588834764831847 0.7358729961600288 -0.2664711946302191
v -0.1700825214724776 0.6825825211462627 -0.2187499962713432
v -0.17008252147247754 0.6923502311400276 -0.27414543237828
v 0.16830582617584083 0.6825825211462626 -0.21874999627134323
v 0.16830582617584083 0.6923502311400276 -0.27414543237828
v 0.12411165235168158 0.6390597561262614 -0.22642423401940404
v 0.12411165235168159 0.6488274661200264 -0.2818196701263408
v 0.12411165235168158 0.7261052861662638 -0.21107575852328242
v 0.12411165235168159 0.7358729961600288 -0.2664711946302191
v 0.07991747852752237 0.6825825211462626 -0.21874999627134323
v 0.0799174785275224 0.6923502311400276 -0.27414543237828
v 0.16741750000000005 0.8672339536897892 -0.18619096668745044
v 0.16741750000000005 0.8780869647939724 -0.24774145125071345
v 0.16741750000000005 0.6825825000000001 -0.21874999999999986
v 0.16741750000000002 0.6934355111041832 -0.2803004845632629
v -0.17008249999999997 0.8672339536897892 -0.18619096668745047
v -0.17008250000000003 0.8780869647939723 -0.24774145125071345
v -0.17008250000000003 0.6825825000000001 -0.2187499999999999
v -0.17008249999999991 0.6934355111041832 -0.28030048456326295
vt 0.1015625 0.7265625
vt 0.1015625 0.75
vt 0.09375 0.75
vt 0.09375 0.7265625
vt 0.203125 0.703125
vt 0.1953125 0.703125
vt 0.1953125 0.6796875
vt 0.203125 0.6796875
vt 0.3671875 0.8359375
vt 0.3671875 0.828125
vt 0.375 0.828125
vt 0.375 0.8359375
vt 0.375 0.453125
vt 0.3671875 0.453125
vt 0.3671875 0.4453125
vt 0.375 0.4453125
vt 0.265625 0.671875
vt 0.2578125 0.671875
vt 0.2578125 0.6484375
vt 0.265625 0.6484375
vt 0.3984375 0.5
vt 0.3984375 0.5234375
vt 0.390625 0.5234375
vt 0.390625 0.5
vt 0.0234375 0.515625
vt 0.015625 0.515625
vt 0.015625 0.4921875
vt 0.0234375 0.4921875
vt 0.0390625 0.4921875
vt 0.0390625 0.515625
vt 0.03125 0.515625
vt 0.03125 0.4921875
vt 0.546875 0.59375
vt 0.5546875 0.59375
vt 0.5546875 0.6015625
vt 0.546875 0.6015625
vt 0.5546875 0.5078125
vt 0.5546875 0.515625
vt 0.546875 0.515625
vt 0.546875 0.5078125
vt 0.078125 0.4921875
vt 0.078125 0.515625
vt 0.0703125 0.515625
vt 0.0703125 0.4921875
vt 0.140625 0.515625
vt 0.1328125 0.515625
vt 0.1328125 0.4921875
vt 0.140625 0.4921875
vt 0.416015625 1
vt 0.40625 1
vt 0.40625 0.96875
vt 0.416015625 0.96875
vt 0.009443359375 0.578125
vt 0.000068359375 0.578125
vt 0.000068359375 0.546875
vt 0.009697265625 0.5476398437500001
vt 0.5078125 0.8203125
vt 0.4921875 0.8203125
vt 0.4921875 0.810546875
vt 0.5078125 0.810546875
vt 0.05657203125 0.49033851562499997
vt 0.056317421875 0.506742734375
vt 0.04694359375 0.506597265625
vt 0.04694359375 0.490234375
vt 0.1171875 0.8671875
vt 0.1015625 0.8671875
vt 0.1015625 0.8359375
vt 0.1171875 0.8359375
vt 0.34375 0.71875
vt 0.328125 0.71875
vt 0.3281703125 0.6882640625
vt 0.34375 0.68750078125
vt 0.416015625 0.9296875
vt 0.416015625 0.9609375
vt 0.40625 0.9609375
vt 0.40625 0.9296875
vt 0.416015625 0.890625
vt 0.416015625 0.921875
vt 0.40650390625 0.921875
vt 0.40625 0.89138984375
vt 0.234375 0.498046875
vt 0.234375 0.5078125
vt 0.21875 0.5078125
vt 0.21875 0.498046875
vt 0.5234375 0.88111328125
vt 0.5234375 0.89048828125
vt 0.5078125 0.89048828125
vt 0.5078578125 0.880859375
vt 0.15625 0.640625
vt 0.15625 0.671875
vt 0.140625 0.671875
vt 0.140625 0.640625
vt 0.290384375 0.6492015625
vt 0.2904296875 0.6796875
vt 0.2740234375 0.6796875
vt 0.2740234375 0.64843828125
vt 0.3515625 0.8046875
vt 0.3515625 0.8203125
vt 0.3359375 0.8203125
vt 0.3359375 0.8046875
vt 0.46875 0.9375
vt 0.453125 0.9375
vt 0.453125 0.921875
vt 0.46875 0.921875
vt 0.046875 0.890625
vt 0.046875 0.875
vt 0.0703125 0.875
vt 0.0703125 0.890625
vt 0.390625 0.859375
vt 0.3671875 0.859375
vt 0.3671875 0.84375
vt 0.390625 0.84375
vt 0.21875 0.6328125
vt 0.1953125 0.6328125
vt 0.1953125 0.6171875
vt 0.21875 0.6171875
vt 0.25 0.6171875
vt 0.25 0.6328125
vt 0.2265625 0.6328125
vt 0.2265625 0.6171875
vt 0.46875 0.8984375
vt 0.46875 0.9140625
vt 0.453125 0.9140625
vt 0.453125 0.8984375
vt 0.46875 0.890625
vt 0.453125 0.890625
vt 0.453125 0.875
vt 0.46875 0.875
vt 0.375 1
vt 0.375 0.984375
vt 0.3984375 0.984375
vt 0.3984375 1
vt 0.3984375 0.9765625
vt 0.375 0.9765625
vt 0.375 0.9609375
vt 0.3984375 0.9609375
vt 0.3984375 0.953125
vt 0.375 0.953125
vt 0.375 0.9375
vt 0.3984375 0.9375
vt 0.3984375 0.9140625
vt 0.3984375 0.9296875
vt 0.375 0.9296875
vt 0.375 0.9140625
vt 0.0859375 0.6875
vt 0.0859375 0.703125
vt 0.078125 0.703125
vt 0.078125 0.6875
vt 0.5078125 0.552734375
vt 0.5078125 0.5625
vt 0.4921875 0.5625
vt 0.4921875 0.552734375
vt 0.57421875 0.625
vt 0.5703125 0.625
vt 0.5703125 0.61328125
vt 0.57421875 0.61328125
vt 0.57421875 0.57421875
vt 0.57421875 0.5859375
vt 0.5703125 0.5859375
vt 0.5703125 0.57421875
vt 0.4375 0.40234375
vt 0.443359375 0.40234375
vt 0.443359375 0.40625
vt 0.4375 0.40625
vt 0.458984375 0.40234375
vt 0.458984375 0.40625
vt 0.453125 0.40625
vt 0.453125 0.40234375
vt 0.107421875 0.44140625
vt 0.107421875 0.453125
vt 0.1015625 0.453125
vt 0.1015625 0.44140625
vt 0.138671875 0.453125
vt 0.1328125 0.453125
vt 0.1328125 0.44140625
vt 0.138671875 0.44140625
vt 0.595703125 0.421875
vt 0.59375 0.421875
vt 0.59375 0.412109375
vt 0.595703125 0.412109375
vt 0.001953125 0.388671875
vt 0.001953125 0.3984375
vt 0 0.3984375
vt 0 0.388671875
vt 0.546875 0.951171875
vt 0.58203125 0.951171875
vt 0.58203125 0.953125
vt 0.546875 0.953125
vt 0.58203125 0.724609375
vt 0.58203125 0.7265625
vt 0.546875 0.7265625
vt 0.546875 0.724609375
vt 0.33984375 0.599609375
vt 0.33984375 0.609375
vt 0.3046875 0.609375
vt 0.3046875 0.599609375
vt 0.42578125 0.6171875
vt 0.390625 0.6171875
vt 0.390625 0.607421875
vt 0.42578125 0.607421875
vt 0.603515625 0.6640625
vt 0.6015625 0.6640625
vt 0.6015625 0.662109375
vt 0.603515625 0.662109375
vt 0.603515625 0.568359375
vt 0.603515625 0.5703125
vt 0.6015625 0.5703125
vt 0.6015625 0.568359375
vt 0.5625 0.771484375
vt 0.59375 0.771484375
vt 0.59375 0.7734375
vt 0.5625 0.7734375
vt 0.59375 0.755859375
vt 0.59375 0.7578125
vt 0.5625 0.7578125
vt 0.5625 0.755859375
vt 0.59375 0.740234375
vt 0.59375 0.7421875
vt 0.5625 0.7421875
vt 0.5625 0.740234375
vt 0.3828125 0.4375
vt 0.3515625 0.4375
vt 0.3515625 0.435546875
vt 0.3828125 0.435546875
vt 0.51953125 0.9375
vt 0.515625 0.9375
vt 0.515625 0.90234375
vt 0.51953125 0.90234375
vt 0.07421875 0.44921875
vt 0.07421875 0.484375
vt 0.0703125 0.484375
vt 0.0703125 0.44921875
vt 0.2890625 0.41796875
vt 0.296875 0.41796875
vt 0.296875 0.421875
vt 0.2890625 0.421875
vt 0.5234375 0.41015625
vt 0.5234375 0.4140625
vt 0.515625 0.4140625
vt 0.515625 0.41015625
vt 0.390625 0.53515625
vt 0.390625 0.5703125
vt 0.3828125 0.5703125
vt 0.3828125 0.53515625
vt 0.40625 0.5703125
vt 0.3984375 0.5703125
vt 0.3984375 0.53515625
vt 0.40625 0.53515625
vt 0.607421875 0.765625
vt 0.6015625 0.765625
vt 0.6015625 0.763671875
vt 0.607421875 0.763671875
vt 0.607421875 0.748046875
vt 0.607421875 0.75
vt 0.6015625 0.75
vt 0.6015625 0.748046875
vt 0.53125 0.697265625
vt 0.546875 0.697265625
vt 0.546875 0.703125
vt 0.53125 0.703125
vt 0.546875 0.580078125
vt 0.546875 0.5859375
vt 0.53125 0.5859375
vt 0.53125 0.580078125
vt 0.609375 0.841796875
vt 0.609375 0.84375
vt 0.59375 0.84375
vt 0.59375 0.841796875
vt 0.609375 0.828125
vt 0.59375 0.828125
vt 0.59375 0.826171875
vt 0.609375 0.826171875
vt 0.47265625 0.4609375
vt 0.46875 0.4609375
vt 0.46875 0.439453125
vt 0.47265625 0.439453125
vt 0.48828125 0.439453125
vt 0.48828125 0.4609375
vt 0.484375 0.4609375
vt 0.484375 0.439453125
vt 0.015625 0.39453125
vt 0.01953125 0.39453125
vt 0.01953125 0.3984375
vt 0.015625 0.3984375
vt 0.03515625 0.39453125
vt 0.03515625 0.3984375
vt 0.03125 0.3984375
vt 0.03125 0.39453125
vt 0.50390625 0.439453125
vt 0.50390625 0.4609375
vt 0.5 0.4609375
vt 0.5 0.439453125
vt 0.51953125 0.4609375
vt 0.515625 0.4609375
vt 0.515625 0.439453125
vt 0.51953125 0.439453125
vt 0.314453125 0.6171875
vt 0.314453125 0.6640625
vt 0.3046875 0.6640625
vt 0.3046875 0.6171875
vt 0.103515625 0.6015625
vt 0.103515625 0.6484375
vt 0.09375 0.6484375
vt 0.09375 0.6015625
vt 0.3828125 0.8359375
vt 0.3828125 0.826171875
vt 0.41796875 0.826171875
vt 0.41796875 0.8359375
vt 0.3828125 0.802734375
vt 0.3828125 0.8125
vt 0.41796875 0.8125
vt 0.41796875 0.802734375
vt 0.03515625 0.84375
vt 0.03515625 0.890625
vt 0 0.890625
vt 0 0.84375
vt 0.11328125 0.875
vt 0.11328125 0.921875
vt 0.078125 0.921875
vt 0.078125 0.875
vt 0.080078125 0.5703125
vt 0.080078125 0.6015625
vt 0.0703125 0.6015625
vt 0.0703125 0.5703125
vt 0.150390625 0.5703125
vt 0.150390625 0.6015625
vt 0.140625 0.6015625
vt 0.140625 0.5703125
vt 0.3828125 0.7890625
vt 0.3828125 0.779296875
vt 0.41796875 0.779296875
vt 0.41796875 0.7890625
vt 0.3828125 0.755859375
vt 0.3828125 0.765625
vt 0.41796875 0.765625
vt 0.41796875 0.755859375
vt 0.08203125 0.7890625
vt 0.08203125 0.8203125
vt 0.046875 0.8203125
vt 0.046875 0.7890625
vt 0.18359375 0.796875
vt 0.18359375 0.828125
vt 0.1484375 0.828125
vt 0.1484375 0.796875
vt 0.126953125 0.6015625
vt 0.126953125 0.6484375
vt 0.1171875 0.6484375
vt 0.1171875 0.6015625
vt 0.369140625 0.7734375
vt 0.369140625 0.8203125
vt 0.359375 0.8203125
vt 0.359375 0.7734375
vt 0.4921875 0.9375
vt 0.4921875 0.927734375
vt 0.5078125 0.927734375
vt 0.5078125 0.9375
vt 0.4921875 0.904296875
vt 0.4921875 0.9140625
vt 0.5078125 0.9140625
vt 0.5078125 0.904296875
vt 0.28125 0.8515625
vt 0.28125 0.8984375
vt 0.265625 0.8984375
vt 0.265625 0.8515625
vt 0.28125 0.90625
vt 0.28125 0.953125
vt 0.265625 0.953125
vt 0.265625 0.90625
vt 0.369140625 0.71875
vt 0.369140625 0.765625
vt 0.359375 0.765625
vt 0.359375 0.71875
vt 0.267578125 0.59375
vt 0.267578125 0.640625
vt 0.2578125 0.640625
vt 0.2578125 0.59375
vt 0.4921875 0.8671875
vt 0.4921875 0.857421875
vt 0.5078125 0.857421875
vt 0.5078125 0.8671875
vt 0.4921875 0.833984375
vt 0.4921875 0.84375
vt 0.5078125 0.84375
vt 0.5078125 0.833984375
vt 0.2890625 0.734375
vt 0.2890625 0.78125
vt 0.2734375 0.78125
vt 0.2734375 0.734375
vt 0.15625 0.6796875
vt 0.15625 0.7265625
vt 0.140625 0.7265625
vt 0.140625 0.6796875
vt 0.052734375 0.4609375
vt 0.052734375 0.4765625
vt 0.046875 0.4765625
vt 0.046875 0.4609375
vt 0.373046875 0.4609375
vt 0.373046875 0.4765625
vt 0.3671875 0.4765625
vt 0.3671875 0.4609375
vt 0.4140625 0.5625
vt 0.4140625 0.556640625
vt 0.45703125 0.556640625
vt 0.45703125 0.5625
vt 0.0859375 0.548828125
vt 0.0859375 0.5546875
vt 0.12890625 0.5546875
vt 0.12890625 0.548828125
vt 0.32421875 0.8046875
vt 0.32421875 0.8203125
vt 0.28125 0.8203125
vt 0.28125 0.8046875
vt 0.32421875 0.828125
vt 0.32421875 0.84375
vt 0.28125 0.84375
vt 0.28125 0.828125
vt 0.458984375 0.498046875
vt 0.458984375 0.53125
vt 0.453125 0.53125
vt 0.453125 0.498046875
vt 0.474609375 0.498046875
vt 0.474609375 0.53125
vt 0.46875 0.53125
vt 0.46875 0.498046875
vt 0.4453125 0.75
vt 0.4453125 0.744140625
vt 0.48828125 0.744140625
vt 0.48828125 0.75
vt 0.4453125 0.728515625
vt 0.4453125 0.734375
vt 0.48828125 0.734375
vt 0.48828125 0.728515625
vt 0.16796875 0.841796875
vt 0.16796875 0.875
vt 0.125 0.875
vt 0.125 0.841796875
vt 0.16796875 0.888671875
vt 0.16796875 0.921875
vt 0.125 0.921875
vt 0.125 0.888671875
vt 0.154296875 0.453125
vt 0.154296875 0.46875
vt 0.1484375 0.46875
vt 0.1484375 0.453125
vt 0.224609375 0.453125
vt 0.224609375 0.46875
vt 0.21875 0.46875
vt 0.21875 0.453125
vt 0.4453125 0.71875
vt 0.4453125 0.712890625
vt 0.48828125 0.712890625
vt 0.48828125 0.71875
vt 0.4453125 0.697265625
vt 0.4453125 0.703125
vt 0.48828125 0.703125
vt 0.48828125 0.697265625
vt 0.33203125 0.9140625
vt 0.33203125 0.9296875
vt 0.2890625 0.9296875
vt 0.2890625 0.9140625
vt 0.33203125 0.9375
vt 0.33203125 0.953125
vt 0.2890625 0.953125
vt 0.2890625 0.9375
vt 0.482421875 0.904296875
vt 0.482421875 0.9375
vt 0.4765625 0.9375
vt 0.4765625 0.904296875
vt 0.380859375 0.490234375
vt 0.380859375 0.5234375
vt 0.375 0.5234375
vt 0.375 0.490234375
vt 0.4453125 0.6875
vt 0.4453125 0.681640625
vt 0.48828125 0.681640625
vt 0.48828125 0.6875
vt 0.4453125 0.666015625
vt 0.4453125 0.671875
vt 0.48828125 0.671875
vt 0.48828125 0.666015625
vt 0.19921875 0.966796875
vt 0.19921875 1
vt 0.15625 1
vt 0.15625 0.966796875
vt 0.08984375 0.833984375
vt 0.08984375 0.8671875
vt 0.046875 0.8671875
vt 0.046875 0.833984375
vt 0.291015625 0.59375
vt 0.291015625 0.640625
vt 0.28125 0.640625
vt 0.28125 0.59375
vt 0.369140625 0.6640625
vt 0.369140625 0.7109375
vt 0.359375 0.7109375
vt 0.359375 0.6640625
vt 0.2890625 0.90625
vt 0.2890625 0.896484375
vt 0.35546875 0.896484375
vt 0.35546875 0.90625
vt 0.2890625 0.873046875
vt 0.2890625 0.8828125
vt 0.35546875 0.8828125
vt 0.35546875 0.873046875
vt 0.06640625 0.8984375
vt 0.06640625 0.9453125
vt 0 0.9453125
vt 0 0.8984375
vt 0.06640625 0.953125
vt 0.06640625 1
vt 0 1
vt 0 0.953125
vt 0.103515625 0.5625
vt 0.103515625 0.59375
vt 0.09375 0.59375
vt 0.09375 0.5625
vt 0.126953125 0.5625
vt 0.126953125 0.59375
vt 0.1171875 0.59375
vt 0.1171875 0.5625
vt 0 0.703125
vt 0 0.693359375
vt 0.06640625 0.693359375
vt 0.06640625 0.703125
vt 0.296875 0.990234375
vt 0.296875 1
vt 0.36328125 1
vt 0.36328125 0.990234375
vt 0.14453125 0.9296875
vt 0.14453125 0.9609375
vt 0.078125 0.9609375
vt 0.078125 0.9296875
vt 0.14453125 0.96875
vt 0.14453125 1
vt 0.078125 1
vt 0.078125 0.96875
vt 0.193359375 0.484375
vt 0.193359375 0.515625
vt 0.1875 0.515625
vt 0.1875 0.484375
vt 0.208984375 0.484375
vt 0.208984375 0.515625
vt 0.203125 0.515625
vt 0.203125 0.484375
vt 0.1875 0.4765625
vt 0.1875 0.470703125
vt 0.20703125 0.470703125
vt 0.20703125 0.4765625
vt 0.2421875 0.470703125
vt 0.2421875 0.4765625
vt 0.26171875 0.4765625
vt 0.26171875 0.470703125
vt 0.26171875 0.6796875
vt 0.26171875 0.7109375
vt 0.2421875 0.7109375
vt 0.2421875 0.6796875
vt 0.23046875 0.6796875
vt 0.23046875 0.7109375
vt 0.2109375 0.7109375
vt 0.2109375 0.6796875
vt 0.029296875 0.52734375
vt 0.029296875 0.578125
vt 0.0234375 0.578125
vt 0.0234375 0.52734375
vt 0.044921875 0.52734375
vt 0.044921875 0.578125
vt 0.0390625 0.578125
vt 0.0390625 0.52734375
vt 0.5234375 0.6875
vt 0.5234375 0.681640625
vt 0.54296875 0.681640625
vt 0.54296875 0.6875
vt 0.5234375 0.666015625
vt 0.5234375 0.671875
vt 0.54296875 0.671875
vt 0.54296875 0.666015625
vt 0.12890625 0.73046875
vt 0.12890625 0.78125
vt 0.109375 0.78125
vt 0.109375 0.73046875
vt 0.16796875 0.73828125
vt 0.16796875 0.7890625
vt 0.1484375 0.7890625
vt 0.1484375 0.73828125
vt 0.005859375 0.474609375
vt 0.005859375 0.5
vt 0 0.5
vt 0 0.474609375
vt 0.123046875 0.474609375
vt 0.123046875 0.5
vt 0.1171875 0.5
vt 0.1171875 0.474609375
vt 0.5234375 0.65625
vt 0.5234375 0.650390625
vt 0.54296875 0.650390625
vt 0.54296875 0.65625
vt 0.53125 0.931640625
vt 0.53125 0.9375
vt 0.55078125 0.9375
vt 0.55078125 0.931640625
vt 0.34765625 0.771484375
vt 0.34765625 0.796875
vt 0.328125 0.796875
vt 0.328125 0.771484375
vt 0.21484375 0.646484375
vt 0.21484375 0.671875
vt 0.1953125 0.671875
vt 0.1953125 0.646484375
vt 0.279296875 0.453125
vt 0.279296875 0.46875
vt 0.2734375 0.46875
vt 0.2734375 0.453125
vt 0.537109375 0.7109375
vt 0.537109375 0.7265625
vt 0.53125 0.7265625
vt 0.53125 0.7109375
vt 0.53125 0.921875
vt 0.53125 0.916015625
vt 0.55078125 0.916015625
vt 0.55078125 0.921875
vt 0.53125 0.900390625
vt 0.53125 0.90625
vt 0.55078125 0.90625
vt 0.55078125 0.900390625
vt 0.18359375 0.578125
vt 0.18359375 0.59375
vt 0.1640625 0.59375
vt 0.1640625 0.578125
vt 0.42578125 0.8671875
vt 0.42578125 0.8828125
vt 0.40625 0.8828125
vt 0.40625 0.8671875
vt 0.294921875 0.453125
vt 0.294921875 0.46875
vt 0.2890625 0.46875
vt 0.2890625 0.453125
vt 0.443359375 0.453125
vt 0.443359375 0.46875
vt 0.4375 0.46875
vt 0.4375 0.453125
vt 0.53125 0.890625
vt 0.53125 0.884765625
vt 0.55078125 0.884765625
vt 0.55078125 0.890625
vt 0.53125 0.869140625
vt 0.53125 0.875
vt 0.55078125 0.875
vt 0.55078125 0.869140625
vt 0.27734375 0.5703125
vt 0.27734375 0.5859375
vt 0.2578125 0.5859375
vt 0.2578125 0.5703125
vt 0.41015625 0.578125
vt 0.41015625 0.59375
vt 0.390625 0.59375
vt 0.390625 0.578125
vt 0.248046875 0.484375
vt 0.248046875 0.515625
vt 0.2421875 0.515625
vt 0.2421875 0.484375
vt 0.263671875 0.484375
vt 0.263671875 0.515625
vt 0.2578125 0.515625
vt 0.2578125 0.484375
vt 0.53125 0.859375
vt 0.53125 0.853515625
vt 0.55078125 0.853515625
vt 0.55078125 0.859375
vt 0.53125 0.798828125
vt 0.53125 0.8046875
vt 0.55078125 0.8046875
vt 0.55078125 0.798828125
vt 0.31640625 0.765625
vt 0.31640625 0.796875
vt 0.296875 0.796875
vt 0.296875 0.765625
vt 0.18359375 0.671875
vt 0.18359375 0.703125
vt 0.1640625 0.703125
vt 0.1640625 0.671875
vt 0.310546875 0.466796875
vt 0.310546875 0.4921875
vt 0.3046875 0.4921875
vt 0.3046875 0.466796875
vt 0.326171875 0.466796875
vt 0.326171875 0.4921875
vt 0.3203125 0.4921875
vt 0.3203125 0.466796875
vt 0.53125 0.7890625
vt 0.53125 0.783203125
vt 0.55078125 0.783203125
vt 0.55078125 0.7890625
vt 0.53125 0.767578125
vt 0.53125 0.7734375
vt 0.55078125 0.7734375
vt 0.55078125 0.767578125
vt 0.34765625 0.732421875
vt 0.34765625 0.7578125
vt 0.328125 0.7578125
vt 0.328125 0.732421875
vt 0.24609375 0.646484375
vt 0.24609375 0.671875
vt 0.2265625 0.671875
vt 0.2265625 0.646484375
vt 0.201171875 0.52734375
vt 0.201171875 0.578125
vt 0.1953125 0.578125
vt 0.1953125 0.52734375
vt 0.216796875 0.52734375
vt 0.216796875 0.578125
vt 0.2109375 0.578125
vt 0.2109375 0.52734375
vt 0.53125 0.7578125
vt 0.53125 0.751953125
vt 0.55078125 0.751953125
vt 0.55078125 0.7578125
vt 0.53125 0.736328125
vt 0.53125 0.7421875
vt 0.55078125 0.7421875
vt 0.55078125 0.736328125
vt 0.19921875 0.71484375
vt 0.19921875 0.765625
vt 0.1796875 0.765625
vt 0.1796875 0.71484375
vt 0.25390625 0.88671875
vt 0.25390625 0.9375
vt 0.234375 0.9375
vt 0.234375 0.88671875
vt 0.357421875 0.46875
vt 0.357421875 0.4921875
vt 0.3515625 0.4921875
vt 0.3515625 0.46875
vt 0.396484375 0.46875
vt 0.396484375 0.4921875
vt 0.390625 0.4921875
vt 0.390625 0.46875
vt 0.4453125 0.65625
vt 0.4453125 0.650390625
vt 0.48828125 0.650390625
vt 0.48828125 0.65625
vt 0.4453125 0.634765625
vt 0.4453125 0.640625
vt 0.48828125 0.640625
vt 0.48828125 0.634765625
vt 0.22265625 0.8984375
vt 0.22265625 0.921875
vt 0.1796875 0.921875
vt 0.1796875 0.8984375
vt 0.19921875 0.9296875
vt 0.19921875 0.953125
vt 0.15625 0.953125
vt 0.15625 0.9296875
vt 0.412109375 0.46875
vt 0.412109375 0.4921875
vt 0.40625 0.4921875
vt 0.40625 0.46875
vt 0.427734375 0.46875
vt 0.427734375 0.4921875
vt 0.421875 0.4921875
vt 0.421875 0.46875
vt 0.4453125 0.59375
vt 0.4453125 0.587890625
vt 0.48828125 0.587890625
vt 0.48828125 0.59375
vt 0.4453125 0.572265625
vt 0.4453125 0.578125
vt 0.48828125 0.578125
vt 0.48828125 0.572265625
vt 0.22265625 0.8359375
vt 0.22265625 0.859375
vt 0.1796875 0.859375
vt 0.1796875 0.8359375
vt 0.22265625 0.8671875
vt 0.22265625 0.890625
vt 0.1796875 0.890625
vt 0.1796875 0.8671875
vt 0.490234375 0.46875
vt 0.490234375 0.4921875
vt 0.484375 0.4921875
vt 0.484375 0.46875
vt 0.505859375 0.46875
vt 0.505859375 0.4921875
vt 0.5 0.4921875
vt 0.5 0.46875
vt 0.453125 1
vt 0.453125 0.994140625
vt 0.49609375 0.994140625
vt 0.49609375 1
vt 0.453125 0.978515625
vt 0.453125 0.984375
vt 0.49609375 0.984375
vt 0.49609375 0.978515625
vt 0.23828125 0.7734375
vt 0.23828125 0.796875
vt 0.1953125 0.796875
vt 0.1953125 0.7734375
vt 0.23828125 0.8046875
vt 0.23828125 0.828125
vt 0.1953125 0.828125
vt 0.1953125 0.8046875
vt 0.021484375 0.4609375
vt 0.021484375 0.484375
vt 0.015625 0.484375
vt 0.015625 0.4609375
vt 0.037109375 0.4609375
vt 0.037109375 0.484375
vt 0.03125 0.484375
vt 0.03125 0.4609375
vt 0.453125 0.96875
vt 0.453125 0.962890625
vt 0.49609375 0.962890625
vt 0.49609375 0.96875
vt 0.453125 0.947265625
vt 0.453125 0.953125
vt 0.49609375 0.953125
vt 0.49609375 0.947265625
vt 0.25390625 0.9453125
vt 0.25390625 0.96875
vt 0.2109375 0.96875
vt 0.2109375 0.9453125
vt 0.25390625 0.9765625
vt 0.25390625 1
vt 0.2109375 1
vt 0.2109375 0.9765625
vt 0.3203125 0.71875
vt 0.3203125 0.7578125
vt 0.3046875 0.7578125
vt 0.3046875 0.71875
vt 0.3203125 0.671875
vt 0.3203125 0.7109375
vt 0.3046875 0.7109375
vt 0.3046875 0.671875
vt 0.4140625 0.7421875
vt 0.4140625 0.7265625
vt 0.43359375 0.7265625
vt 0.43359375 0.7421875
vt 0.4140625 0.703125
vt 0.4140625 0.71875
vt 0.43359375 0.71875
vt 0.43359375 0.703125
vt 0.01953125 0.7109375
vt 0.01953125 0.75
vt 0 0.75
vt 0 0.7109375
vt 0.25390625 0.8359375
vt 0.25390625 0.875
vt 0.234375 0.875
vt 0.234375 0.8359375
vt 0.595703125 0.810546875
vt 0.595703125 0.8125
vt 0.578125 0.8125
vt 0.578125 0.810546875
vt 0.212890625 0.419921875
vt 0.212890625 0.421875
vt 0.1953125 0.421875
vt 0.1953125 0.419921875
vt 0.1640625 0.625
vt 0.1640625 0.607421875
vt 0.18359375 0.607421875
vt 0.18359375 0.625
vt 0.3828125 0.724609375
vt 0.3828125 0.7421875
vt 0.40234375 0.7421875
vt 0.40234375 0.724609375
vt 0.58984375 0.560546875
vt 0.58984375 0.5625
vt 0.5703125 0.5625
vt 0.5703125 0.560546875
vt 0.58984375 0.654296875
vt 0.58984375 0.65625
vt 0.5703125 0.65625
vt 0.5703125 0.654296875
vt 0.595703125 0.794921875
vt 0.595703125 0.796875
vt 0.578125 0.796875
vt 0.578125 0.794921875
vt 0.244140625 0.419921875
vt 0.244140625 0.421875
vt 0.2265625 0.421875
vt 0.2265625 0.419921875
vt 0.2265625 0.578125
vt 0.2265625 0.560546875
vt 0.2421875 0.560546875
vt 0.2421875 0.578125
vt 0.421875 0.576171875
vt 0.421875 0.59375
vt 0.4375 0.59375
vt 0.4375 0.576171875
vt 0.046875 0.412109375
vt 0.046875 0.4140625
vt 0.03125 0.4140625
vt 0.03125 0.412109375
vt 0.6015625 0.982421875
vt 0.6015625 0.984375
vt 0.5859375 0.984375
vt 0.5859375 0.982421875
vt 0.015625 0.640625
vt 0.015625 0.6796875
vt 0 0.6796875
vt 0 0.640625
vt 0.0390625 0.640625
vt 0.0390625 0.6796875
vt 0.0234375 0.6796875
vt 0.0234375 0.640625
vt 0.2890625 0.5859375
vt 0.2890625 0.5703125
vt 0.30859375 0.5703125
vt 0.30859375 0.5859375
vt 0.4140625 0.6796875
vt 0.4140625 0.6953125
vt 0.43359375 0.6953125
vt 0.43359375 0.6796875
vt 0.08203125 0.7109375
vt 0.08203125 0.75
vt 0.0625 0.75
vt 0.0625 0.7109375
vt 0.05078125 0.7109375
vt 0.05078125 0.75
vt 0.03125 0.75
vt 0.03125 0.7109375
vt 0.275390625 0.419921875
vt 0.275390625 0.421875
vt 0.2578125 0.421875
vt 0.2578125 0.419921875
vt 0.353515625 0.419921875
vt 0.353515625 0.421875
vt 0.3359375 0.421875
vt 0.3359375 0.419921875
vt 0.3828125 0.7109375
vt 0.3828125 0.693359375
vt 0.40234375 0.693359375
vt 0.40234375 0.7109375
vt 0.3828125 0.662109375
vt 0.3828125 0.6796875
vt 0.40234375 0.6796875
vt 0.40234375 0.662109375
vt 0.48828125 0.427734375
vt 0.48828125 0.4296875
vt 0.46875 0.4296875
vt 0.46875 0.427734375
vt 0.58984375 0.544921875
vt 0.58984375 0.546875
vt 0.5703125 0.546875
vt 0.5703125 0.544921875
vt 0.595703125 0.638671875
vt 0.595703125 0.640625
vt 0.578125 0.640625
vt 0.578125 0.638671875
vt 0.384765625 0.419921875
vt 0.384765625 0.421875
vt 0.3671875 0.421875
vt 0.3671875 0.419921875
vt 0.4296875 1
vt 0.4296875 0.982421875
vt 0.4453125 0.982421875
vt 0.4453125 1
vt 0.4296875 0.951171875
vt 0.4296875 0.96875
vt 0.4453125 0.96875
vt 0.4453125 0.951171875
vt 0.0703125 0.412109375
vt 0.0703125 0.4140625
vt 0.0546875 0.4140625
vt 0.0546875 0.412109375
vt 0.6015625 0.966796875
vt 0.6015625 0.96875
vt 0.5859375 0.96875
vt 0.5859375 0.966796875
vt 0.0625 0.640625
vt 0.0625 0.6796875
vt 0.046875 0.6796875
vt 0.046875 0.640625
vt 0.0859375 0.640625
vt 0.0859375 0.6796875
vt 0.0703125 0.6796875
vt 0.0703125 0.640625
vt 0.3203125 0.5859375
vt 0.3203125 0.5703125
vt 0.33984375 0.5703125
vt 0.33984375 0.5859375
vt 0.4140625 0.65625
vt 0.4140625 0.671875
vt 0.43359375 0.671875
vt 0.43359375 0.65625
vt 0.28515625 0.9609375
vt 0.28515625 1
vt 0.265625 1
vt 0.265625 0.9609375
vt 0.26953125 0.7890625
vt 0.26953125 0.828125
vt 0.25 0.828125
vt 0.25 0.7890625
vt 0.595703125 0.599609375
vt 0.595703125 0.6015625
vt 0.578125 0.6015625
vt 0.578125 0.599609375
vt 0.439453125 0.419921875
vt 0.439453125 0.421875
vt 0.421875 0.421875
vt 0.421875 0.419921875
vt 0.3828125 0.6484375
vt 0.3828125 0.630859375
vt 0.40234375 0.630859375
vt 0.40234375 0.6484375
vt 0.359375 0.599609375
vt 0.359375 0.6171875
vt 0.37890625 0.6171875
vt 0.37890625 0.599609375
vt 0.51953125 0.427734375
vt 0.51953125 0.4296875
vt 0.5 0.4296875
vt 0.5 0.427734375
vt 0.58984375 0.529296875
vt 0.58984375 0.53125
vt 0.5703125 0.53125
vt 0.5703125 0.529296875
vt 0.595703125 0.513671875
vt 0.595703125 0.515625
vt 0.578125 0.515625
vt 0.578125 0.513671875
vt 0.595703125 0.498046875
vt 0.595703125 0.5
vt 0.578125 0.5
vt 0.578125 0.498046875
vt 0.4296875 0.9375
vt 0.4296875 0.919921875
vt 0.4453125 0.919921875
vt 0.4453125 0.9375
vt 0.4296875 0.826171875
vt 0.4296875 0.84375
vt 0.4453125 0.84375
vt 0.4453125 0.826171875
vt 0.6015625 0.693359375
vt 0.6015625 0.6953125
vt 0.5859375 0.6953125
vt 0.5859375 0.693359375
vt 0.09375 0.412109375
vt 0.09375 0.4140625
vt 0.078125 0.4140625
vt 0.078125 0.412109375
vt 0.0859375 0.609375
vt 0.0859375 0.6328125
vt 0.0703125 0.6328125
vt 0.0703125 0.609375
vt 0.15625 0.609375
vt 0.15625 0.6328125
vt 0.140625 0.6328125
vt 0.140625 0.609375
vt 0.3515625 0.5859375
vt 0.3515625 0.5703125
vt 0.37109375 0.5703125
vt 0.37109375 0.5859375
vt 0.4140625 0.6328125
vt 0.4140625 0.6484375
vt 0.43359375 0.6484375
vt 0.43359375 0.6328125
vt 0.34765625 0.6171875
vt 0.34765625 0.640625
vt 0.328125 0.640625
vt 0.328125 0.6171875
vt 0.36328125 0.9140625
vt 0.36328125 0.9375
vt 0.34375 0.9375
vt 0.34375 0.9140625
vt 0.595703125 0.482421875
vt 0.595703125 0.484375
vt 0.578125 0.484375
vt 0.578125 0.482421875
vt 0.548828125 0.419921875
vt 0.548828125 0.421875
vt 0.53125 0.421875
vt 0.53125 0.419921875
vt 0.1953125 0.609375
vt 0.1953125 0.591796875
vt 0.21484375 0.591796875
vt 0.21484375 0.609375
vt 0.2265625 0.591796875
vt 0.2265625 0.609375
vt 0.24609375 0.609375
vt 0.24609375 0.591796875
vt 0.59765625 0.919921875
vt 0.59765625 0.921875
vt 0.578125 0.921875
vt 0.578125 0.919921875
vt 0.59765625 0.935546875
vt 0.59765625 0.9375
vt 0.578125 0.9375
vt 0.578125 0.935546875
vt 0.595703125 0.466796875
vt 0.595703125 0.46875
vt 0.578125 0.46875
vt 0.578125 0.466796875
vt 0.595703125 0.451171875
vt 0.595703125 0.453125
vt 0.578125 0.453125
vt 0.578125 0.451171875
vt 0.1640625 0.5703125
vt 0.1640625 0.552734375
vt 0.1796875 0.552734375
vt 0.1796875 0.5703125
vt 0.4296875 0.794921875
vt 0.4296875 0.8125
vt 0.4453125 0.8125
vt 0.4453125 0.794921875
vt 0.6015625 0.623046875
vt 0.6015625 0.625
vt 0.5859375 0.625
vt 0.5859375 0.623046875
vt 0.6015625 0.677734375
vt 0.6015625 0.6796875
vt 0.5859375 0.6796875
vt 0.5859375 0.677734375
vt 0.0390625 0.443359375
vt 0.0390625 0.453125
vt 0.03125 0.453125
vt 0.03125 0.443359375
vt 0.09375 0.443359375
vt 0.09375 0.453125
vt 0.0859375 0.453125
vt 0.0859375 0.443359375
vt 0.546875 0.5
vt 0.546875 0.4921875
vt 0.5546875 0.4921875
vt 0.5546875 0.5
vt 0.546875 0.4765625
vt 0.546875 0.484375
vt 0.5546875 0.484375
vt 0.5546875 0.4765625
vt 0.0546875 0.443359375
vt 0.0546875 0.453125
vt 0.046875 0.453125
vt 0.046875 0.443359375
vt 0.0234375 0.443359375
vt 0.0234375 0.453125
vt 0.015625 0.453125
vt 0.015625 0.443359375
vt 0.5546875 0.4609375
vt 0.5546875 0.46875
vt 0.546875 0.46875
vt 0.546875 0.4609375
vt 0.5546875 0.4453125
vt 0.5546875 0.453125
vt 0.546875 0.453125
vt 0.546875 0.4453125
vt 0.515625 0.8359375
vt 0.515625 0.828125
vt 0.53125 0.828125
vt 0.53125 0.8359375
vt 0.515625 0.8125
vt 0.515625 0.8203125
vt 0.53125 0.8203125
vt 0.53125 0.8125
vt 0.1640625 0.4765625
vt 0.1640625 0.484375
vt 0.1484375 0.484375
vt 0.1484375 0.4765625
vt 0.484375 0.5546875
vt 0.484375 0.5625
vt 0.46875 0.5625
vt 0.46875 0.5546875
vt 0.5625 0.9921875
vt 0.5625 1
vt 0.5546875 1
vt 0.5546875 0.9921875
vt 0.5625 0.9765625
vt 0.5625 0.984375
vt 0.5546875 0.984375
vt 0.5546875 0.9765625
vt 0.515625 0.625
vt 0.515625 0.6171875
vt 0.53125 0.6171875
vt 0.53125 0.625
vt 0.515625 0.5625
vt 0.515625 0.5703125
vt 0.53125 0.5703125
vt 0.53125 0.5625
vt 0.2890625 0.4765625
vt 0.2890625 0.484375
vt 0.2734375 0.484375
vt 0.2734375 0.4765625
vt 0.234375 0.4765625
vt 0.234375 0.484375
vt 0.21875 0.484375
vt 0.21875 0.4765625
vt 0.537109375 0.4765625
vt 0.537109375 0.4921875
vt 0.53125 0.4921875
vt 0.53125 0.4765625
vt 0.537109375 0.453125
vt 0.537109375 0.46875
vt 0.53125 0.46875
vt 0.53125 0.453125
vt 0.1953125 0.40625
vt 0.1953125 0.400390625
vt 0.19921875 0.400390625
vt 0.19921875 0.40625
vt 0.2109375 0.400390625
vt 0.2109375 0.40625
vt 0.21484375 0.40625
vt 0.21484375 0.400390625
vt 0.55859375 0.828125
vt 0.55859375 0.84375
vt 0.5546875 0.84375
vt 0.5546875 0.828125
vt 0.15234375 0.4296875
vt 0.15234375 0.4453125
vt 0.1484375 0.4453125
vt 0.1484375 0.4296875
vt 0.103515625 0.404296875
vt 0.103515625 0.4296875
vt 0.1015625 0.4296875
vt 0.1015625 0.404296875
vt 0.134765625 0.404296875
vt 0.134765625 0.4296875
vt 0.1328125 0.4296875
vt 0.1328125 0.404296875
vt 0.5859375 0.5859375
vt 0.5859375 0.583984375
vt 0.6015625 0.583984375
vt 0.6015625 0.5859375
vt 0.46875 0.412109375
vt 0.46875 0.4140625
vt 0.484375 0.4140625
vt 0.484375 0.412109375
vt 0.015625 0.607421875
vt 0.015625 0.6328125
vt 0 0.6328125
vt 0 0.607421875
vt 0.375 0.630859375
vt 0.375 0.65625
vt 0.359375 0.65625
vt 0.359375 0.630859375
vt 0.005859375 0.4453125
vt 0.005859375 0.4609375
vt 0 0.4609375
vt 0 0.4453125
vt 0.544921875 0.984375
vt 0.544921875 1
vt 0.5390625 1
vt 0.5390625 0.984375
vt 0.2265625 0.40625
vt 0.2265625 0.400390625
vt 0.23046875 0.400390625
vt 0.23046875 0.40625
vt 0.2421875 0.400390625
vt 0.2421875 0.40625
vt 0.24609375 0.40625
vt 0.24609375 0.400390625
vt 0.26953125 0.4296875
vt 0.26953125 0.4453125
vt 0.265625 0.4453125
vt 0.265625 0.4296875
vt 0.21484375 0.4296875
vt 0.21484375 0.4453125
vt 0.2109375 0.4453125
vt 0.2109375 0.4296875
vt 0.544921875 0.9609375
vt 0.544921875 0.9765625
vt 0.5390625 0.9765625
vt 0.5390625 0.9609375
vt 0.123046875 0.4453125
vt 0.123046875 0.4609375
vt 0.1171875 0.4609375
vt 0.1171875 0.4453125
vt 0.2578125 0.40625
vt 0.2578125 0.400390625
vt 0.26171875 0.400390625
vt 0.26171875 0.40625
vt 0.2734375 0.400390625
vt 0.2734375 0.40625
vt 0.27734375 0.40625
vt 0.27734375 0.400390625
vt 0.55859375 0.6953125
vt 0.55859375 0.7109375
vt 0.5546875 0.7109375
vt 0.5546875 0.6953125
vt 0.28515625 0.4296875
vt 0.28515625 0.4453125
vt 0.28125 0.4453125
vt 0.28125 0.4296875
vt 0.533203125 0.396484375
vt 0.533203125 0.40625
vt 0.53125 0.40625
vt 0.53125 0.396484375
vt 0.548828125 0.396484375
vt 0.548828125 0.40625
vt 0.546875 0.40625
vt 0.546875 0.396484375
vt 0.5625 0.421875
vt 0.5625 0.419921875
vt 0.580078125 0.419921875
vt 0.580078125 0.421875
vt 0.578125 0.435546875
vt 0.578125 0.4375
vt 0.595703125 0.4375
vt 0.595703125 0.435546875
vt 0.501953125 0.615234375
vt 0.501953125 0.625
vt 0.484375 0.625
vt 0.484375 0.615234375
vt 0.353515625 0.505859375
vt 0.353515625 0.515625
vt 0.3359375 0.515625
vt 0.3359375 0.505859375
vt 0.544921875 0.828125
vt 0.544921875 0.84375
vt 0.5390625 0.84375
vt 0.5390625 0.828125
vt 0.169921875 0.4453125
vt 0.169921875 0.4609375
vt 0.1640625 0.4609375
vt 0.1640625 0.4453125
vt 0.59375 0.7265625
vt 0.59375 0.720703125
vt 0.59765625 0.720703125
vt 0.59765625 0.7265625
vt 0.2890625 0.400390625
vt 0.2890625 0.40625
vt 0.29296875 0.40625
vt 0.29296875 0.400390625
vt 0.55859375 0.6484375
vt 0.55859375 0.6640625
vt 0.5546875 0.6640625
vt 0.5546875 0.6484375
vt 0.55859375 0.671875
vt 0.55859375 0.6875
vt 0.5546875 0.6875
vt 0.5546875 0.671875
vt 0.541015625 0.52734375
vt 0.541015625 0.5703125
vt 0.5390625 0.5703125
vt 0.5390625 0.52734375
vt 0.455078125 0.41796875
vt 0.455078125 0.4609375
vt 0.453125 0.4609375
vt 0.453125 0.41796875
vt 0.578125 0.90625
vt 0.578125 0.904296875
vt 0.59765625 0.904296875
vt 0.59765625 0.90625
vt 0.578125 0.888671875
vt 0.578125 0.890625
vt 0.59765625 0.890625
vt 0.59765625 0.888671875
vt 0.26171875 0.72265625
vt 0.26171875 0.765625
vt 0.2421875 0.765625
vt 0.2421875 0.72265625
vt 0.23046875 0.72265625
vt 0.23046875 0.765625
vt 0.2109375 0.765625
vt 0.2109375 0.72265625
vt 0.185546875 0.4453125
vt 0.185546875 0.4609375
vt 0.1796875 0.4609375
vt 0.1796875 0.4453125
vt 0.201171875 0.4453125
vt 0.201171875 0.4609375
vt 0.1953125 0.4609375
vt 0.1953125 0.4453125
vt 0.59375 0.7109375
vt 0.59375 0.705078125
vt 0.59765625 0.705078125
vt 0.59765625 0.7109375
vt 0.3046875 0.400390625
vt 0.3046875 0.40625
vt 0.30859375 0.40625
vt 0.30859375 0.400390625
vt 0.55859375 0.5703125
vt 0.55859375 0.5859375
vt 0.5546875 0.5859375
vt 0.5546875 0.5703125
vt 0.55859375 0.609375
vt 0.55859375 0.625
vt 0.5546875 0.625
vt 0.5546875 0.609375
vt 0.240234375 0.4453125
vt 0.240234375 0.4609375
vt 0.234375 0.4609375
vt 0.234375 0.4453125
vt 0.255859375 0.4453125
vt 0.255859375 0.4609375
vt 0.25 0.4609375
vt 0.25 0.4453125
vt 0.3203125 0.40625
vt 0.3203125 0.400390625
vt 0.32421875 0.400390625
vt 0.32421875 0.40625
vt 0.3359375 0.400390625
vt 0.3359375 0.40625
vt 0.33984375 0.40625
vt 0.33984375 0.400390625
vt 0.55859375 0.546875
vt 0.55859375 0.5625
vt 0.5546875 0.5625
vt 0.5546875 0.546875
vt 0.43359375 0.4296875
vt 0.43359375 0.4453125
vt 0.4296875 0.4453125
vt 0.4296875 0.4296875
vt 0.564453125 0.396484375
vt 0.564453125 0.40625
vt 0.5625 0.40625
vt 0.5625 0.396484375
vt 0.580078125 0.396484375
vt 0.580078125 0.40625
vt 0.578125 0.40625
vt 0.578125 0.396484375
vt 0 0.4140625
vt 0 0.412109375
vt 0.017578125 0.412109375
vt 0.017578125 0.4140625
vt 0.5859375 0.998046875
vt 0.5859375 1
vt 0.603515625 1
vt 0.603515625 0.998046875
vt 0.501953125 0.521484375
vt 0.501953125 0.53125
vt 0.484375 0.53125
vt 0.484375 0.521484375
vt 0.423828125 0.505859375
vt 0.423828125 0.515625
vt 0.40625 0.515625
vt 0.40625 0.505859375
vt 0.357421875 0.4453125
vt 0.357421875 0.4609375
vt 0.3515625 0.4609375
vt 0.3515625 0.4453125
vt 0.544921875 0.609375
vt 0.544921875 0.625
vt 0.5390625 0.625
vt 0.5390625 0.609375
vt 0.3515625 0.40625
vt 0.3515625 0.400390625
vt 0.35546875 0.400390625
vt 0.35546875 0.40625
vt 0.3671875 0.400390625
vt 0.3671875 0.40625
vt 0.37109375 0.40625
vt 0.37109375 0.400390625
vt 0.53515625 0.4296875
vt 0.53515625 0.4453125
vt 0.53125 0.4453125
vt 0.53125 0.4296875
vt 0.55859375 0.5234375
vt 0.55859375 0.5390625
vt 0.5546875 0.5390625
vt 0.5546875 0.5234375
vt 0.572265625 0.669921875
vt 0.572265625 0.6953125
vt 0.5703125 0.6953125
vt 0.5703125 0.669921875
vt 0.408203125 0.404296875
vt 0.408203125 0.4296875
vt 0.40625 0.4296875
vt 0.40625 0.404296875
vt 0.4921875 0.4140625
vt 0.4921875 0.412109375
vt 0.5078125 0.412109375
vt 0.5078125 0.4140625
vt 0.59375 0.951171875
vt 0.59375 0.953125
vt 0.609375 0.953125
vt 0.609375 0.951171875
vt 0.0625 0.607421875
vt 0.0625 0.6328125
vt 0.046875 0.6328125
vt 0.046875 0.607421875
vt 0.0390625 0.607421875
vt 0.0390625 0.6328125
vt 0.0234375 0.6328125
vt 0.0234375 0.607421875
vt 0.388671875 0.4453125
vt 0.388671875 0.4609375
vt 0.3828125 0.4609375
vt 0.3828125 0.4453125
vt 0.404296875 0.4453125
vt 0.404296875 0.4609375
vt 0.3984375 0.4609375
vt 0.3984375 0.4453125
vt 0.3828125 0.40625
vt 0.3828125 0.400390625
vt 0.38671875 0.400390625
vt 0.38671875 0.40625
vt 0.421875 0.400390625
vt 0.421875 0.40625
vt 0.42578125 0.40625
vt 0.42578125 0.400390625
vt 0.06640625 0.421875
vt 0.06640625 0.4375
vt 0.0625 0.4375
vt 0.0625 0.421875
vt 0.00390625 0.421875
vt 0.00390625 0.4375
vt 0 0.4375
vt 0 0.421875
vt 0.5625 0.9609375
vt 0.5625 0.96875
vt 0.5546875 0.96875
vt 0.5546875 0.9609375
vt 0.5703125 0.9296875
vt 0.5703125 0.9375
vt 0.5625 0.9375
vt 0.5625 0.9296875
vt 0.453125 0.8359375
vt 0.453125 0.828125
vt 0.484375 0.828125
vt 0.484375 0.8359375
vt 0.453125 0.8125
vt 0.453125 0.8203125
vt 0.484375 0.8203125
vt 0.484375 0.8125
vt 0.484375 0.84375
vt 0.484375 0.8515625
vt 0.453125 0.8515625
vt 0.453125 0.84375
vt 0.484375 0.859375
vt 0.484375 0.8671875
vt 0.453125 0.8671875
vt 0.453125 0.859375
vt 0.5703125 0.8984375
vt 0.5703125 0.90625
vt 0.5625 0.90625
vt 0.5625 0.8984375
vt 0.125 0.4296875
vt 0.125 0.4375
vt 0.1171875 0.4375
vt 0.1171875 0.4296875
vt 0.5625 0.875
vt 0.5625 0.8671875
vt 0.5703125 0.8671875
vt 0.5703125 0.875
vt 0.5625 0.8515625
vt 0.5625 0.859375
vt 0.5703125 0.859375
vt 0.5703125 0.8515625
vt 0.5703125 0.8828125
vt 0.5703125 0.890625
vt 0.5625 0.890625
vt 0.5625 0.8828125
vt 0.5703125 0.9140625
vt 0.5703125 0.921875
vt 0.5625 0.921875
vt 0.5625 0.9140625
vt 0.1875 0.4296875
vt 0.1875 0.4375
vt 0.1796875 0.4375
vt 0.1796875 0.4296875
vt 0.5703125 0.796875
vt 0.5703125 0.8046875
vt 0.5625 0.8046875
vt 0.5625 0.796875
vt 0.5625 0.7890625
vt 0.5625 0.78125
vt 0.5703125 0.78125
vt 0.5703125 0.7890625
vt 0.2265625 0.4296875
vt 0.2265625 0.4375
vt 0.234375 0.4375
vt 0.234375 0.4296875
vt 0.203125 0.4296875
vt 0.203125 0.4375
vt 0.1953125 0.4375
vt 0.1953125 0.4296875
vt 0.171875 0.4296875
vt 0.171875 0.4375
vt 0.1640625 0.4375
vt 0.1640625 0.4296875
vt 0.28125 0.4921875
vt 0.28125 0.515625
vt 0.2734375 0.515625
vt 0.2734375 0.4921875
vt 0.296875 0.4921875
vt 0.296875 0.515625
vt 0.2890625 0.515625
vt 0.2890625 0.4921875
vt 0.3984375 0.859375
vt 0.3984375 0.8515625
vt 0.44140625 0.8515625
vt 0.44140625 0.859375
vt 0 0.5859375
vt 0 0.59375
vt 0.04296875 0.59375
vt 0.04296875 0.5859375
vt 0.09765625 0.7578125
vt 0.09765625 0.78125
vt 0.0546875 0.78125
vt 0.0546875 0.7578125
vt 0.04296875 0.7578125
vt 0.04296875 0.78125
vt 0 0.78125
vt 0 0.7578125
vn -0.9772311064626789 0.20370114325774155 0.05937346879892943
vn 0.9772311064626789 -0.20370114325774155 -0.05937346879892943
vn 0.21217767215644628 0.9381905814608948 0.2734576170018668
vn -0.21217767215644628 -0.9381905814608948 -0.2734576170018668
vn -1.3877787807814457e-17 -0.2798290140309921 0.9600498543859287
vn 1.3877787807814457e-17 0.2798290140309921 -0.9600498543859287
vn 0.977231106462679 0.2037011432577422 0.059373468798926396
vn -0.9772311064626791 -0.20370114325774152 -0.059373468798926174
vn -0.21217767215644515 0.9381905814608957 0.2734576170018645
vn 0.212177672156448 -0.9381905814608954 -0.2734576170018636
vn -1.3877787807814457e-17 -0.2798290140309921 0.9600498543859287
vn -1.5963989521307982e-15 0.27982901403099114 -0.9600498543859289
vn -0.9876883405951378 0.045737011221201496 -0.1495990229145058
vn 0.9876883405951381 -0.04573701122120147 0.14959902291450497
vn -1.944706839392316e-16 0.9563047559630361 0.2923717047227349
vn 2.7773741078611836e-16 -0.9563047559630361 -0.29237170472273494
vn -0.1564344650402313 -0.2887721238745712 0.9445310575203688
vn 0.15642904942650496 0.2967194166388545 -0.9420655711175407
vn 0.9876883405951379 0.04573701122120205 -0.14959902291450636
vn -0.987688340595138 -0.04573701122120143 0.1495990229145057
vn -1.816546298292277e-19 0.9563047559630354 0.2923717047227368
vn 5.569280586108706e-17 -0.9563047559630358 -0.29237170472273644
vn 0.15643446504023142 -0.2887721238745712 0.9445310575203686
vn -0.15642904942650507 0.2967194166388545 -0.9420655711175407
vn -0.010335402385661578 0.9893774112375741 0.14500178478337067
vn 0.010335402385663437 -0.9893774112375745 -0.14500178478336737
vn -0.9969172174003518 -0.021474168788115564 0.07546470516473013
vn 0.9969172174003516 0.02147416878811609 -0.07546470516473103
vn -0.07777686743670495 0.1437748177105259 -0.986549319945049
vn 0.07777686743670378 -0.1437748177105261 0.986549319945049
vn -0.010335435461958224 0.9893774054829161 0.1450018216909882
vn 0.010335435461963109 -0.9893774054829167 -0.1450018216909839
vn -0.9913029140349028 0.008887520139135442 -0.13129944634950538
vn 0.9913029140349028 -0.008887520139135208 0.13129944634950555
vn 0.13119341218110667 0.145097765336581 -0.9806808487446916
vn -0.13119341218110783 -0.14509776533658125 0.9806808487446915
vn -1.0695332415644079e-15 -0.08715574274765976 -0.9961946980917455
vn -1.1196588282521018e-16 -0.08715574274765936 -0.9961946980917455
vn 1 -2.9249014303609756e-16 2.8140160694115994e-16
vn -1 -1.2871075964916914e-16 -9.004226551479594e-16
vn 1.8100322454736786e-15 0.987688340595138 -0.15643446504022945
vn -1.699009943011163e-15 -0.987688340595138 0.15643446504023006
vn 9.033821587254525e-16 0.15643446504023067 0.9876883405951378
vn -8.062376440707514e-16 -0.1564344650402312 -0.9876883405951379
vn 1 3.7978644488765226e-16 6.520047622175113e-16
vn -1 -8.537020863416959e-17 -1.5599371489145258e-15
vn -7.73468963890875e-17 0.9876883405951377 -0.15643446504023203
vn 2.1835745157829715e-17 -0.9876883405951382 0.15643446504022795
vn -4.03074122059306e-17 0.15643446504023087 0.9876883405951379
vn -1.262260414878429e-16 -0.15643446504023206 -0.9876883405951375
vn 0.9781476007338058 0.20535195289412198 -0.03252455412868566
vn -0.9781476007338056 -0.20535195289412253 0.03252455412868606
vn -0.2079116908177591 0.9661049806258877 -0.1530159966511795
vn 0.20791169081775912 -0.9661049806258885 0.15301599665117435
vn 2.908152683314169e-17 0.156434465040231 0.9876883405951378
vn 4.705188342481787e-16 -0.15643446504023334 -0.9876883405951373
vn -0.7071067811865465 -2.2204460492503136e-16 0.7071067811865487
vn 0.7071067811865462 -2.7755575615628914e-17 -0.7071067811865488
vn -2.6606518514211834e-15 1 1.221245327087672e-15
vn 2.6606518514211842e-15 -1 5.551115123125784e-17
vn -0.7071067811865462 -6.106226635438362e-16 -0.7071067811865489
vn 0.7071067811865468 1.1102230246251565e-16 0.7071067811865485
vn -0.7071067811865467 -1.5820678100908485e-15 0.7071067811865485
vn 0.7071067811865471 -3.4416913763379853e-15 -0.7071067811865479
vn 8.087951005324304e-16 1 3.885780586188047e-16
vn -1.9817243698859445e-16 -1 5.551115123125783e-17
vn -0.7071067811865477 -2.192690473634684e-15 -0.7071067811865475
vn 0.7071067811865482 -4.968248035197576e-15 0.7071067811865469
vn 2.572934940882908e-16 -5.551115123125783e-17 1
vn -1.2545450991405348e-16 1.6653345369377348e-16 -1
vn 9.475729786105751e-16 1 9.992007221626409e-16
vn -6.422616468386571e-16 -1 6.661338147750939e-16
vn -1 -7.971134636700457e-16 -1.91117805118832e-15
vn 1 5.049616436447657e-16 -1.0103583018960286e-15
vn 1 1.1102230246251565e-16 2.7755575615628914e-17
vn -1 -9.073149119761461e-17 -4.038620750364464e-16
vn -1.3489447039895254e-16 1 9.992007221626409e-16
vn 7.938331916769471e-17 -1 -9.43689570931383e-16
vn -8.271230720316337e-17 0 1
vn 3.414004987581277e-17 0 -1
vn 1 9.073149119761469e-17 4.0386207503644605e-16
vn -1 -1.4929528701455686e-17 -7.730296805533567e-16
vn -1.9447068393923167e-16 0.9563047559630345 0.29237170472274
vn 1.667151083236027e-16 -0.9563047559630354 -0.2923717047227371
vn -1.2575556257082941e-17 -0.2923717047227365 0.9563047559630358
vn 1.214187538808874e-17 0.2923717047227365 -0.9563047559630357
vn 0.9890158633619169 9.71445146547012e-17 -0.1478094111296106
vn -0.9890158633619167 1.8041124150158794e-16 0.14780941112961118
vn -1.0508284657147066e-15 1 5.551115123125783e-17
vn 1.3489447039895252e-16 -1 5.551115123125783e-17
vn 0.14780941112961044 -5.551115123125783e-17 0.9890158633619169
vn -0.1478094111296102 -1.6653345369377348e-16 -0.9890158633619169
vn 0.9890158633619168 8.326672684688674e-17 0.1478094111296111
vn -0.9890158633619168 -1.8735013540549517e-16 -0.14780941112961063
vn 3.36950315066739e-16 1 -1.6653345369377348e-16
vn -8.365506761480594e-16 -1 -1.4432899320127035e-15
vn -0.1478094111296105 -5.551115123125783e-17 0.9890158633619169
vn 0.14780941112961055 -5.551115123125783e-17 -0.9890158633619169
vn -0.0025701947677314553 0.9997289192982578 -0.02314048438545485
vn 0.0025701947677265148 -0.9997289192982579 0.02314048438545252
vn 0.28483628607602074 0.022913875002561035 0.9583022719720466
vn -0.28483628607602124 -0.02291387500256098 -0.9583022719720464
vn 0.9585727328863852 -0.0041282261450269475 -0.2848179655773532
vn -0.9585727328863856 0.004128226145026559 0.2848179655773524
vn -0.0025701938401766163 0.9997289504742572 -0.023139137565257702
vn 0.002570193840173786 -0.9997289504742576 0.023139137565255933
vn -0.18996713843500523 0.02222973324016919 0.9815387538324132
vn 0.1899671384350068 -0.022229733240169136 -0.9815387538324128
vn 0.9817870850741719 0.006918420608118141 0.1898585132087835
vn -0.981787085074172 -0.00691842060811803 -0.18985851320878377
vn -0.002570194767725913 -0.9997289192982578 0.023140484385454352
vn 0.0025701947677254965 0.9997289192982578 -0.02314048438545363
vn -0.2848362860760228 0.022913875002561035 0.958302271972046
vn 0.2848362860760234 -0.022913875002560924 -0.9583022719720458
vn -0.9585727328863856 -0.004128226145026712 -0.28481796557735206
vn 0.9585727328863856 0.004128226145026864 0.2848179655773523
vn -0.0025701938401765144 -0.9997289504742574 0.023139137565256207
vn 0.0025701938401749605 0.9997289504742576 -0.023139137565255933
vn 0.1899671384350073 0.022229733240168914 0.9815387538324127
vn -0.1899671384350064 -0.022229733240169195 -0.9815387538324131
vn -0.9817870850741721 0.0069184206081184686 0.18985851320878347
vn 0.981787085074172 -0.0069184206081184755 -0.18985851320878397
vn 1 1.1102230246251565e-16 2.7755575615628914e-17
vn -1 1.9358786871364162e-16 -4.5290307523373935e-16
vn -1.6265004601458145e-16 1 9.992007221626409e-16
vn 1.6265004601458145e-16 -1 -9.992007221626409e-16
vn -7.577341329925613e-17 5.5511151231257815e-17 1
vn 5.495673158753446e-17 0 -1
vn 1 -1.8146298239522926e-16 -8.285408317846139e-16
vn -1 -3.2933452521218297e-16 1.0131707591156804e-16
vn -2.44322009063321e-16 0.9925461516413217 -0.12186934340515196
vn 2.44322009063321e-16 -0.992546151641322 0.12186934340514871
vn -9.601751630101821e-17 0.12186934340514755 0.992546151641322
vn 1.2377309191664712e-16 -0.12186934340514749 -0.992546151641322
vn 0.9517245836536509 0.30612329101260716 -0.022557649897441523
vn -0.9517245836536509 -0.3061232910126072 0.0225576498974443
vn 0.30635891382231506 -0.9518843388725331 0.0077731159010945294
vn -0.3063589138223166 0.9518843388725328 -0.007773115901097194
vn -0.019092741838081028 -0.014308602615632719 -0.9997153250302271
vn 0.019092741838081975 0.01430860261563327 0.999715325030227
vn 0.9228181003232832 0.38523593829554625 0.00015987894522087598
vn -0.9228181003232837 -0.3852359382955451 -0.00015987894522545568
vn -0.38040151189669313 0.9111717155020559 0.15830601572824196
vn 0.3804015118966966 -0.911171715502055 -0.15830601572824057
vn 0.060839489334106406 -0.14614847489656954 0.9873900849324811
vn -0.06083948933410663 0.14614847489656954 -0.9873900849324811
vn 0.9517246810270048 0.3061230274953608 -0.022557117748520206
vn -0.9517246810270064 -0.30612302749535636 0.02255711774851896
vn 0.005710837258663797 0.05581559900739287 0.9984247619351452
vn -0.005710837258663241 -0.05581559900739563 -0.9984247619351448
vn 0.3068998498889346 -0.9503543081106756 0.051372864370488824
vn -0.3068998498889351 0.9503543081106753 -0.05137286437049017
vn 0.9517243970499291 0.30612387958089476 -0.022557535554461244
vn -0.951724397049929 -0.30612387958089543 0.02255753555445919
vn 0.1467768813434691 -0.38931554374531663 0.9093348967797144
vn -0.14677688134346906 0.38931554374531685 -0.9093348967797144
vn 0.2695871272205598 -0.8687471310736113 -0.41545300948282377
vn -0.26958712722056083 0.8687471310736108 0.41545300948282465
vn 0.9517243970499294 -0.3061238795808946 0.02255753555446047
vn -0.9517243970499298 0.3061238795808927 -0.02255753555446133
vn -0.14677688134346947 -0.38931554374531807 0.9093348967797136
vn 0.1467768813434689 0.3893155437453173 -0.909334896779714
vn -0.26958712722055883 -0.868747131073611 -0.41545300948282565
vn 0.2695871272205603 0.8687471310736111 0.41545300948282404
vn 0.9517245836536508 -0.3061232910126073 0.022557649897446717
vn -0.9517245836536506 0.3061232910126074 -0.022557649897446158
vn -0.30635891382231595 -0.9518843388725329 0.007773115901108574
vn 0.30635891382231695 0.9518843388725327 -0.0077731159011036905
vn 0.01909274183808079 -0.014308602615632604 -0.999715325030227
vn -0.019092741838082072 0.014308602615632715 0.9997153250302271
vn 0.9517246810270055 -0.3061230274953589 0.022557117748519904
vn -0.9517246810270049 0.3061230274953609 -0.022557117748520417
vn -0.005710837258663891 0.055815599007394245 0.998424761935145
vn 0.005710837258662351 -0.05581559900740002 -0.9984247619351447
vn -0.3068998498889362 -0.9503543081106752 0.05137286437048812
vn 0.3068998498889336 0.950354308110676 -0.05137286437048923
vn 0.9228181003232835 -0.38523593829554575 -0.00015987894522354054
vn -0.9228181003232835 0.3852359382955455 0.00015987894522430382
vn 0.38040151189669347 0.9111717155020553 0.1583060157282453
vn -0.380401511896696 -0.9111717155020543 -0.1583060157282451
vn -0.06083948933410632 -0.14614847489656965 0.9873900849324811
vn 0.06083948933410646 0.14614847489656954 -0.9873900849324811
vn 2.1921360539909606e-15 1.6653345369377348e-16 -1
vn -1.9839692368737437e-15 -6.106226635438361e-16 1
vn -0.182235525492149 0.9832549075639545 -1.6653345369377353e-16
vn 0.18223552549215402 -0.9832549075639535 5.551115123125783e-17
vn 0.9832549075639548 0.18223552549214678 6.245004513516507e-17
vn -0.9832549075639548 -0.18223552549214708 -3.955169525227121e-16
vn 2.919879636078269e-16 0 1
vn -2.781101758000125e-16 5.551115123125783e-17 -1
vn 0.18223552549214178 0.9832549075639557 -5.551115123125783e-17
vn -0.18223552549214211 -0.9832549075639556 1.1102230246251565e-16
vn -0.9832549075639547 0.18223552549214717 4.85722573273506e-17
vn 0.9832549075639547 -0.18223552549214744 -2.7755575615628914e-17
vn 1 -8.693131167950756e-17 1.8914496516881128e-16
vn -1 2.9221409548677216e-16 -7.912743301947804e-16
vn 3.9482442927615037e-16 0.983254907563955 -0.18223552549214628
vn -4.503355805074082e-16 -0.9832549075639557 0.18223552549214195
vn 2.096520326315252e-16 0.18223552549214692 0.9832549075639547
vn -1.9577424482371079e-16 -0.1822355254921475 -0.9832549075639547
vn 1 2.9404638790308374e-16 -9.13602388394819e-16
vn -1 3.074148135592003e-16 1.6293260879536003e-15
vn 4.454795985099913e-16 0.9832549075639554 0.1822355254921439
vn -5.287463253568779e-16 -0.9832549075639544 -0.18223552549214883
vn 2.7825401451701654e-17 -0.1822355254921474 0.9832549075639546
vn -1.7417060595840808e-17 0.18223552549214755 -0.9832549075639547
vn 1 -1.7397666402780353e-16 5.899479998473736e-16
vn -1 -1.570083155891588e-16 -1.834154856065324e-16
vn -8.269673993836285e-16 0.9902680687415704 -0.1391731009600654
vn 2.996114626866792e-16 -0.9902680687415704 0.13917310096006552
vn -4.1510908659860135e-16 0.1391731009600653 0.9902680687415704
vn 3.4572014755952907e-16 -0.13917310096006558 -0.9902680687415704
vn 1 -1.616991751741111e-15 -3.1656502256424695e-17
vn -1 2.6539304790896593e-15 -1.1981395769648479e-16
vn -8.824785506148864e-16 0.9902680687415701 -0.13917310096006696
vn 9.379897018461443e-16 -0.9902680687415704 0.1391731009600661
vn -4.151090865986014e-16 0.13917310096006108 0.9902680687415709
vn 4.2898687440641576e-16 -0.13917310096007118 -0.9902680687415695
vn 1 2.816582061099599e-16 -6.598336484103277e-16
vn -1 1.9659938775441382e-16 -5.653990888917995e-16
vn -6.596699860091269e-18 -0.061048539534856394 0.9981347984218671
vn -2.809776965944487e-17 0.06104853953485699 -0.9981347984218669
vn -1.1408509463547296e-16 -0.9981347984218669 -0.06104853953485753
vn 8.632951901984403e-17 0.9981347984218669 0.06104853953485685
vn 1 -5.841291770005769e-17 -1.130251318658118e-16
vn -1 1.6943522016257333e-16 1.4078070748144075e-16
vn -9.95085381108935e-16 0.9998476951563914 -0.017452406437283855
vn 1.901736882556963e-16 -0.9998476951563913 0.017452406437284296
vn -3.116260020094184e-16 0.017452406437283352 0.9998476951563913
vn 2.838704263937895e-16 -0.017452406437283963 -0.9998476951563913
vn 1 1.3604082649066524e-15 2.850930185982937e-16
vn -1 -1.708567461999419e-15 -4.3262219290937455e-16
vn -2.7344041510258306e-16 0.9998476951563913 -0.01745240643728435
vn 9.67329805493306e-16 -0.9998476951563913 0.01745240643728274
vn -3.1162600200941838e-16 0.017452406437284795 0.9998476951563913
vn 9.652029098829433e-17 -0.017452406437281243 -0.9998476951563913
vn 1 -4.899134695935187e-16 2.505067541885228e-15
vn -1 -4.2658247819574985e-16 1.1570463009108285e-15
vn 8.33365526829595e-17 -0.18223552549214642 0.983254907563955
vn 3.115519673150979e-17 0.1822355254921474 -0.9832549075639547
vn -2.9145964275557663e-17 -0.9832549075639561 -0.18223552549213945
vn 9.450799595913116e-16 0.9832549075639531 0.18223552549215583
vn 1 8.036496037808689e-17 -7.833066234627567e-17
vn -1 -1.1972760186891526e-16 -3.043809260778993e-16
vn 4.482045509037687e-16 0.9998476951563913 -0.017452406437283796
vn 2.7344041510258306e-16 -0.9998476951563913 0.017452406437284296
vn 1.25524313936737e-16 0.017452406437283408 0.9998476951563913
vn -1.25524313936737e-16 -0.017452406437283796 -0.9998476951563913
vn 1 -1.1422142573899782e-16 7.844518511263539e-17
vn -1 -1.878907827564389e-16 -2.81790460495598e-16
vn 4.2044897528813977e-16 0.9998476951563914 -0.01745240643728435
vn -3.9269339967251086e-16 -0.9998476951563913 0.01745240643728263
vn 1.1858542003282976e-16 0.01745240643728485 0.9998476951563913
vn -1.0470763222501529e-16 -0.017452406437282852 -0.9998476951563914
vn 1 -1.3029482637467323e-18 1.857299278953684e-15
vn -1 -4.4254897088672144e-17 -4.555735235054824e-17
vn 6.598931792319142e-17 -0.18223552549214636 0.983254907563955
vn -6.945876487514502e-17 0.1822355254921474 -0.9832549075639547
vn 7.20254577346423e-16 -0.9832549075639572 -0.1822355254921337
vn 8.895688083600538e-16 0.9832549075639531 0.18223552549215583
vn 0.9762959920056145 0.21643968211437853 -1.4428253036768979e-8
vn -0.9762959920056142 -0.2164396821143789 1.4428255666609768e-8
vn -0.2108923408560506 0.951273575883789 0.22495111556408137
vn 0.21089234085605113 -0.9512735758837891 -0.22495111556407996
vn 0.04868836166918186 -0.21961886947959508 0.9743700506514327
vn -0.048688361669181834 0.21961886947959575 -0.9743700506514327
vn 0.9762959920056137 0.2164396821143821 -1.4428254160869791e-8
vn -0.9762959920056125 -0.21643968211438697 1.4428252717579859e-8
vn -0.2108923408560493 0.9512735758837897 0.22495111556407957
vn 0.21089234085604994 -0.9512735758837888 -0.22495111556408234
vn 0.04868836166918167 -0.2196188694795982 0.974370050651432
vn -0.04868836166918039 0.21961886947959203 -0.9743700506514337
vn 0.9762959920056141 0.21643968211437956 -1.4428254861698075e-8
vn -0.9762959920056149 -0.21643968211437678 1.4428250247333633e-8
vn 0.08975609880802315 -0.4048634036935643 0.9099612448211333
vn -0.08975609880802295 0.4048634036935642 -0.9099612448211333
vn 0.19695171672402026 -0.8883915174943376 -0.41469329982960823
vn -0.19695171672401984 0.8883915174943338 0.41469329982961667
vn 0.9999995987429817 -0.0007483970226798109 0.00049235736209492
vn -0.9999995987429817 0.0007483970226807803 -0.00049235736209454
vn 0.0007427475497359707 0.9999350135619147 0.01137615835907968
vn -0.0007427475497359709 -0.9999350135619148 -0.011376158359082735
vn -0.0005008392485889643 -0.011375788097092887 0.9999351682010275
vn 0.0005008392485889365 0.01137578809709372 -0.9999351682010276
vn 0.9915098361896342 0.0007428439214125018 -0.1300295847955889
vn -0.9915098361896343 -0.0007428439214111765 0.1300295847955884
vn 0.0007427475497355544 0.9999350135619148 0.011376158359075794
vn -0.0007427475497362758 -0.9999350135619146 -0.01137615835908251
vn 0.13002958534611211 -0.011376152066580159 0.9914448497515514
vn -0.13002958534611217 0.011376152066577107 -0.9914448497515516
vn 0.9913790909095689 -0.0022268326862195653 0.13100587514880513
vn -0.9913790909095688 0.002226832686220634 -0.13100587514880602
vn 0.0007427475497372197 0.9999350135619147 0.011376158359080235
vn -0.0007427475497337225 -0.9999350135619148 -0.011376158359079624
vn -0.13102269434488978 -0.011180781239301163 0.9913163186881796
vn 0.13102269434488936 0.011180781239302051 -0.9913163186881797
vn 1 7.103800221375171e-16 -7.887022981244879e-16
vn -1 5.903661305388871e-18 2.152944189119787e-15
vn 9.73914609312868e-16 0.9945218953682734 0.10452846326765405
vn -6.408477019253212e-16 -0.9945218953682734 -0.10452846326765372
vn 1.5981603960149178e-16 -0.10452846326765325 0.9945218953682735
vn -1.3206046398586286e-16 0.10452846326765367 -0.9945218953682734
vn 1 7.29135346206582e-16 -5.396835392779438e-15
vn -1 -5.626018925128085e-16 5.445407650106789e-15
vn 3.046299770792693e-17 0.9961946980917457 0.08715574274765885
vn 1.0831488037021765e-16 -0.9961946980917458 -0.08715574274765746
vn -1.3611130006463835e-17 -0.0871557427476582 0.9961946980917455
vn 1.3611130006463835e-17 0.08715574274765811 -0.9961946980917457
vn 0.923879532511287 0.3789591835075729 0.05325923996829065
vn -0.9238795325112866 -0.3789591835075732 -0.05325923996829172
vn -0.3826834323650896 0.9148884004098168 0.12857917945313244
vn 0.3826834323650904 -0.9148884004098167 -0.12857917945313171
vn 1.4361585782176674e-19 -0.13917310096006558 0.9902680687415703
vn 5.189808842148245e-17 0.13917310096006566 -0.9902680687415704
vn 0.7071067811865483 0.7002252665996699 0.09841024344762223
vn -0.7071067811865483 -0.7002252665996701 -0.0984102434476202
vn -0.7071067811865469 0.700225266599671 0.09841024344762349
vn 0.7071067811865464 -0.7002252665996717 -0.09841024344762293
vn 3.748438866688122e-16 -0.13917310096006547 0.9902680687415705
vn 3.25984397625818e-16 0.13917310096006535 -0.9902680687415705
vn 0.707106781186548 -0.7044160264027575 -0.06162841671622875
vn -0.7071067811865462 0.7044160264027602 0.06162841671621737
vn 0.707106781186547 0.704416026402758 0.06162841671623323
vn -0.7071067811865477 -0.7044160264027596 -0.06162841671620753
vn 6.247671091530012e-16 -0.08715574274765792 0.9961946980917455
vn -2.292501566302892e-16 0.08715574274765761 -0.9961946980917457
vn 0.3826834323650902 0.9148884004098166 0.12857917945313171
vn -0.3826834323650904 -0.9148884004098166 -0.12857917945313205
vn -0.9238795325112872 0.37895918350757185 0.053259239968291204
vn 0.9238795325112871 -0.3789591835075725 -0.05325923996829145
vn -1.3516481526836918e-16 -0.13917310096006497 0.9902680687415704
vn 8.255847587071385e-16 0.13917310096006627 -0.9902680687415703
vn 1 -1.4657610726133962e-16 1.6336222950320375e-15
vn -1 2.1814549033343393e-16 9.070167682668123e-16
vn 3.046299770792695e-17 0.9961946980917458 0.08715574274765746
vn -3.0462997707926937e-17 -0.9961946980917455 -0.08715574274765797
vn -4.136670562209274e-17 -0.08715574274765815 0.9961946980917455
vn -2.10833395130723e-17 0.08715574274765812 -0.9961946980917455
vn 0.3826834323650903 -0.9148884004098166 -0.12857917945313196
vn -0.3826834323650904 0.9148884004098167 0.12857917945313174
vn 0.9238795325112868 0.37895918350757285 0.05325923996829127
vn -0.923879532511287 -0.3789591835075724 -0.0532592399682911
vn 1.4932983479182718e-16 -0.13917310096006502 0.9902680687415704
vn 2.2537043601916315e-16 0.1391731009600667 -0.9902680687415703
vn 0.707106781186548 -0.7002252665996704 -0.09841024344762159
vn -0.7071067811865475 0.7002252665996707 0.09841024344762273
vn 0.7071067811865475 0.700225266599671 0.09841024344762062
vn -0.7071067811865491 -0.700225266599669 -0.09841024344762254
vn -1.5251205002813723e-16 -0.1391731009600652 0.9902680687415704
vn -3.470883110531833e-16 0.1391731009600653 -0.9902680687415705
vn 0.7071067811865472 0.704416026402759 0.06162841671622013
vn -0.7071067811865476 -0.7044160264027577 -0.06162841671623134
vn -0.7071067811865474 0.7044160264027588 0.0616284167162222
vn 0.7071067811865479 -0.7044160264027595 -0.06162841671620764
vn -2.8422799225884577e-16 -0.08715574274765842 0.9961946980917455
vn -7.149727299037951e-16 0.08715574274765861 -0.9961946980917455
vn 0.923879532511287 -0.3789591835075726 -0.05325923996829078
vn -0.9238795325112867 0.37895918350757285 0.053259239968291475
vn 0.38268343236509195 0.9148884004098159 0.128579179453132
vn -0.38268343236509195 -0.9148884004098163 -0.1285791794531295
vn 3.991300153324874e-16 -0.13917310096006577 0.9902680687415704
vn -4.3035503790007003e-16 0.13917310096006572 -0.9902680687415704
vn 1 1.8828643293052402e-16 -6.5292038064772e-16
vn -1 3.375817199450741e-17 7.084315318789774e-16
vn 3.0462997707926937e-17 0.9961946980917455 0.08715574274765778
vn 2.5048153523331004e-17 -0.9961946980917449 -0.08715574274766638
vn -1.3611130006463835e-17 -0.0871557427476582 0.9961946980917455
vn 1.3611130006463835e-17 0.0871557427476582 -0.9961946980917455
vn 1 -2.94114185245826e-16 4.913013631401993e-16
vn -1 9.426048134474941e-17 -6.298849406415996e-16
vn 8.075002338460248e-16 0.9953961983671787 0.09584575252022515
vn -8.630113850772827e-16 -0.9953961983671791 -0.09584575252022223
vn 1.3208253383071426e-16 -0.09584575252022454 0.9953961983671789
vn -1.4596032163852871e-16 0.09584575252022376 -0.9953961983671789
vn 1 4.02105266128739e-16 -1.4665425772193714e-16
vn -1 -6.40244430247147e-16 -2.831114837366764e-16
vn -2.2053377353653583e-16 0.9848077530122085 0.173648177666929
vn 3.038005003834226e-16 -0.984807753012208 -0.17364817766693094
vn -4.1550878546491304e-17 -0.1736481776669299 0.9848077530122081
vn 3.808143159453769e-17 0.17364817766693053 -0.984807753012208
vn 0.7071067811865476 -0.696364240320019 -0.12278780396897329
vn -0.7071067811865481 0.6963642403200183 0.12278780396897351
vn 0.707106781186547 0.6963642403200194 0.12278780396897353
vn -0.7071067811865478 -0.6963642403200185 -0.12278780396897362
vn 3.551931828905682e-18 -0.17364817766693022 0.9848077530122082
vn 4.155087854649131e-17 0.17364817766693147 -0.9848077530122079
vn 0.7071067811865472 -0.6963642403200192 -0.12278780396897335
vn -0.7071067811865478 0.6963642403200186 0.12278780396897318
vn 0.7071067811865472 0.6963642403200191 0.1227878039689735
vn -0.7071067811865477 -0.6963642403200188 -0.12278780396897347
vn 3.551931828905682e-18 -0.17364817766693022 0.9848077530122082
vn 2.767309073867685e-17 0.17364817766693147 -0.9848077530122079
vn 1 -7.664335521107194e-17 -2.5480725404890057e-16
vn -1 -1.2826046914173181e-17 7.66090786649449e-16
vn -2.6244744227133473e-17 0.9848077530122079 0.17364817766693147
vn 8.175589545839129e-17 -0.9848077530122084 -0.17364817766692972
vn -2.7673090738676853e-17 -0.17364817766693022 0.9848077530122081
vn 2.420364378672324e-17 0.17364817766693036 -0.9848077530122082
usemtl m_07d6b57f-da6f-f83c-355e-02382a05f8a7
f 4/1/1 2/2/1 3/3/1 5/4/1
f 7/5/2 6/6/2 8/7/2 9/8/2
f 3/9/3 2/10/3 6/11/3 7/12/3
f 8/13/4 4/14/4 5/15/4 9/16/4
f 6/17/5 2/18/5 4/19/5 8/20/5
f 5/21/6 3/22/6 7/23/6 9/24/6
f 11/25/7 10/26/7 12/27/7 13/28/7
f 16/29/8 14/30/8 15/31/8 17/32/8
f 14/33/9 10/34/9 11/35/9 15/36/9
f 13/37/10 12/38/10 16/39/10 17/40/10
f 12/41/11 10/42/11 14/43/11 16/44/11
f 15/45/12 11/46/12 13/47/12 17/48/12
f 18/49/13 19/50/13 21/51/13 20/52/13
f 23/53/14 22/54/14 24/55/14 25/56/14
f 23/57/15 19/58/15 18/59/15 22/60/15
f 24/61/16 20/62/16 21/63/16 25/64/16
f 22/65/17 18/66/17 20/67/17 24/68/17
f 19/69/18 23/70/18 25/71/18 21/72/18
f 29/73/19 27/74/19 26/75/19 28/76/19
f 32/77/20 30/78/20 31/79/20 33/80/20
f 26/81/21 27/82/21 31/83/21 30/84/21
f 29/85/22 28/86/22 32/87/22 33/88/22
f 28/89/23 26/90/23 30/91/23 32/92/23
f 33/93/24 31/94/24 27/95/24 29/96/24
f 36/97/25 34/98/25 35/99/25 37/100/25
f 39/101/26 38/102/26 40/103/26 41/104/26
f 35/105/27 34/106/27 38/107/27 39/108/27
f 40/109/28 36/110/28 37/111/28 41/112/28
f 38/113/29 34/114/29 36/115/29 40/116/29
f 37/117/30 35/118/30 39/119/30 41/120/30
f 44/121/31 42/122/31 43/123/31 45/124/31
f 47/125/32 46/126/32 48/127/32 49/128/32
f 43/129/33 42/130/33 46/131/33 47/132/33
f 48/133/34 44/134/34 45/135/34 49/136/34
f 46/137/35 42/138/35 44/139/35 48/140/35
f 45/141/36 43/142/36 47/143/36 49/144/36
f 50/145/37 51/146/37 53/147/37 52/148/37
f 54/149/38 55/150/38 57/151/38 56/152/38
f 59/153/39 58/154/39 60/155/39 61/156/39
f 64/157/40 62/158/40 63/159/40 65/160/40
f 62/161/41 58/162/41 59/163/41 63/164/41
f 61/165/42 60/166/42 64/167/42 65/168/42
f 60/169/43 58/170/43 62/171/43 64/172/43
f 63/173/44 59/174/44 61/175/44 65/176/44
f 67/177/45 66/178/45 68/179/45 69/180/45
f 72/181/46 70/182/46 71/183/46 73/184/46
f 70/185/47 66/186/47 67/187/47 71/188/47
f 69/189/48 68/190/48 72/191/48 73/192/48
f 68/193/49 66/194/49 70/195/49 72/196/49
f 71/197/50 67/198/50 69/199/50 73/200/50
f 75/201/51 74/202/51 76/203/51 77/204/51
f 80/205/52 78/206/52 79/207/52 81/208/52
f 78/209/53 74/210/53 75/211/53 79/212/53
f 77/213/54 76/214/54 80/215/54 81/216/54
f 76/217/55 74/218/55 78/219/55 80/220/55
f 79/221/56 75/222/56 77/223/56 81/224/56
f 83/225/57 82/226/57 84/227/57 85/228/57
f 88/229/58 86/230/58 87/231/58 89/232/58
f 86/233/59 82/234/59 83/235/59 87/236/59
f 85/237/60 84/238/60 88/239/60 89/240/60
f 84/241/61 82/242/61 86/243/61 88/244/61
f 87/245/62 83/246/62 85/247/62 89/248/62
f 91/249/63 90/250/63 92/251/63 93/252/63
f 96/253/64 94/254/64 95/255/64 97/256/64
f 94/257/65 90/258/65 91/259/65 95/260/65
f 93/261/66 92/262/66 96/263/66 97/264/66
f 92/265/67 90/266/67 94/267/67 96/268/67
f 95/269/68 91/270/68 93/271/68 97/272/68
f 99/273/69 98/274/69 100/275/69 101/276/69
f 104/277/70 102/278/70 103/279/70 105/280/70
f 102/281/71 98/282/71 99/283/71 103/284/71
f 101/285/72 100/286/72 104/287/72 105/288/72
f 100/289/73 98/290/73 102/291/73 104/292/73
f 103/293/74 99/294/74 101/295/74 105/296/74
f 109/297/75 107/298/75 106/299/75 108/300/75
f 112/301/76 110/302/76 111/303/76 113/304/76
f 106/305/77 107/306/77 111/307/77 110/308/77
f 109/309/78 108/310/78 112/311/78 113/312/78
f 108/313/79 106/314/79 110/315/79 112/316/79
f 113/317/80 111/318/80 107/319/80 109/320/80
f 117/321/81 115/322/81 114/323/81 116/324/81
f 120/325/82 118/326/82 119/327/82 121/328/82
f 114/329/83 115/330/83 119/331/83 118/332/83
f 117/333/84 116/334/84 120/335/84 121/336/84
f 116/337/85 114/338/85 118/339/85 120/340/85
f 121/341/86 119/342/86 115/343/86 117/344/86
f 125/345/87 123/346/87 122/347/87 124/348/87
f 128/349/88 126/350/88 127/351/88 129/352/88
f 122/353/89 123/354/89 127/355/89 126/356/89
f 125/357/90 124/358/90 128/359/90 129/360/90
f 124/361/91 122/362/91 126/363/91 128/364/91
f 129/365/92 127/366/92 123/367/92 125/368/92
f 133/369/93 131/370/93 130/371/93 132/372/93
f 136/373/94 134/374/94 135/375/94 137/376/94
f 130/377/95 131/378/95 135/379/95 134/380/95
f 133/381/96 132/382/96 136/383/96 137/384/96
f 132/385/97 130/386/97 134/387/97 136/388/97
f 137/389/98 135/390/98 131/391/98 133/392/98
f 141/393/99 139/394/99 138/395/99 140/396/99
f 144/397/100 142/398/100 143/399/100 145/400/100
f 138/401/101 139/402/101 143/403/101 142/404/101
f 141/405/102 140/406/102 144/407/102 145/408/102
f 140/409/103 138/410/103 142/411/103 144/412/103
f 145/413/104 143/414/104 139/415/104 141/416/104
f 149/417/105 147/418/105 146/419/105 148/420/105
f 152/421/106 150/422/106 151/423/106 153/424/106
f 146/425/107 147/426/107 151/427/107 150/428/107
f 149/429/108 148/430/108 152/431/108 153/432/108
f 148/433/109 146/434/109 150/435/109 152/436/109
f 153/437/110 151/438/110 147/439/110 149/440/110
f 157/441/111 155/442/111 154/443/111 156/444/111
f 160/445/112 158/446/112 159/447/112 161/448/112
f 154/449/113 155/450/113 159/451/113 158/452/113
f 157/453/114 156/454/114 160/455/114 161/456/114
f 156/457/115 154/458/115 158/459/115 160/460/115
f 161/461/116 159/462/116 155/463/116 157/464/116
f 165/465/117 163/466/117 162/467/117 164/468/117
f 168/469/118 166/470/118 167/471/118 169/472/118
f 162/473/119 163/474/119 167/475/119 166/476/119
f 165/477/120 164/478/120 168/479/120 169/480/120
f 164/481/121 162/482/121 166/483/121 168/484/121
f 169/485/122 167/486/122 163/487/122 165/488/122
f 173/489/123 171/490/123 170/491/123 172/492/123
f 176/493/124 174/494/124 175/495/124 177/496/124
f 170/497/125 171/498/125 175/499/125 174/500/125
f 173/501/126 172/502/126 176/503/126 177/504/126
f 172/505/127 170/506/127 174/507/127 176/508/127
f 177/509/128 175/510/128 171/511/128 173/512/128
f 181/513/129 179/514/129 178/515/129 180/516/129
f 184/517/130 182/518/130 183/519/130 185/520/130
f 178/521/131 179/522/131 183/523/131 182/524/131
f 181/525/132 180/526/132 184/527/132 185/528/132
f 180/529/133 178/530/133 182/531/133 184/532/133
f 185/533/134 183/534/134 179/535/134 181/536/134
f 189/537/135 187/538/135 186/539/135 188/540/135
f 192/541/136 190/542/136 191/543/136 193/544/136
f 186/545/137 187/546/137 191/547/137 190/548/137
f 189/549/138 188/550/138 192/551/138 193/552/138
f 188/553/139 186/554/139 190/555/139 192/556/139
f 193/557/140 191/558/140 187/559/140 189/560/140
f 197/561/141 195/562/141 194/563/141 196/564/141
f 200/565/142 198/566/142 199/567/142 201/568/142
f 194/569/143 195/570/143 199/571/143 198/572/143
f 197/573/144 196/574/144 200/575/144 201/576/144
f 196/577/145 194/578/145 198/579/145 200/580/145
f 201/581/146 199/582/146 195/583/146 197/584/146
f 205/585/147 203/586/147 202/587/147 204/588/147
f 208/589/148 206/590/148 207/591/148 209/592/148
f 202/593/149 203/594/149 207/595/149 206/596/149
f 205/597/150 204/598/150 208/599/150 209/600/150
f 204/601/151 202/602/151 206/603/151 208/604/151
f 209/605/152 207/606/152 203/607/152 205/608/152
f 213/609/153 211/610/153 210/611/153 212/612/153
f 216/613/154 214/614/154 215/615/154 217/616/154
f 210/617/155 211/618/155 215/619/155 214/620/155
f 213/621/156 212/622/156 216/623/156 217/624/156
f 212/625/157 210/626/157 214/627/157 216/628/157
f 217/629/158 215/630/158 211/631/158 213/632/158
f 221/633/159 219/634/159 218/635/159 220/636/159
f 224/637/160 222/638/160 223/639/160 225/640/160
f 218/641/161 219/642/161 223/643/161 222/644/161
f 221/645/162 220/646/162 224/647/162 225/648/162
f 220/649/163 218/650/163 222/651/163 224/652/163
f 225/653/164 223/654/164 219/655/164 221/656/164
f 229/657/165 227/658/165 226/659/165 228/660/165
f 232/661/166 230/662/166 231/663/166 233/664/166
f 226/665/167 227/666/167 231/667/167 230/668/167
f 229/669/168 228/670/168 232/671/168 233/672/168
f 228/673/169 226/674/169 230/675/169 232/676/169
f 233/677/170 231/678/170 227/679/170 229/680/170
f 237/681/171 235/682/171 234/683/171 236/684/171
f 240/685/172 238/686/172 239/687/172 241/688/172
f 234/689/173 235/690/173 239/691/173 238/692/173
f 237/693/174 236/694/174 240/695/174 241/696/174
f 236/697/175 234/698/175 238/699/175 240/700/175
f 241/701/176 239/702/176 235/703/176 237/704/176
f 245/705/177 243/706/177 242/707/177 244/708/177
f 248/709/178 246/710/178 247/711/178 249/712/178
f 242/713/179 243/714/179 247/715/179 246/716/179
f 245/717/180 244/718/180 248/719/180 249/720/180
f 244/721/181 242/722/181 246/723/181 248/724/181
f 249/725/182 247/726/182 243/727/182 245/728/182
f 253/729/183 251/730/183 250/731/183 252/732/183
f 256/733/184 254/734/184 255/735/184 257/736/184
f 250/737/185 251/738/185 255/739/185 254/740/185
f 253/741/186 252/742/186 256/743/186 257/744/186
f 252/745/187 250/746/187 254/747/187 256/748/187
f 257/749/188 255/750/188 251/751/188 253/752/188
f 261/753/189 259/754/189 258/755/189 260/756/189
f 264/757/190 262/758/190 263/759/190 265/760/190
f 258/761/191 259/762/191 263/763/191 262/764/191
f 261/765/192 260/766/192 264/767/192 265/768/192
f 260/769/193 258/770/193 262/771/193 264/772/193
f 265/773/194 263/774/194 259/775/194 261/776/194
f 269/777/195 267/778/195 266/779/195 268/780/195
f 272/781/196 270/782/196 271/783/196 273/784/196
f 266/785/197 267/786/197 271/787/197 270/788/197
f 269/789/198 268/790/198 272/791/198 273/792/198
f 268/793/199 266/794/199 270/795/199 272/796/199
f 273/797/200 271/798/200 267/799/200 269/800/200
f 277/801/201 275/802/201 274/803/201 276/804/201
f 280/805/202 278/806/202 279/807/202 281/808/202
f 274/809/203 275/810/203 279/811/203 278/812/203
f 277/813/204 276/814/204 280/815/204 281/816/204
f 276/817/205 274/818/205 278/819/205 280/820/205
f 281/821/206 279/822/206 275/823/206 277/824/206
f 284/825/207 283/826/207 282/827/207 1/828/207
f 287/829/208 285/830/208 286/831/208 288/832/208
f 282/833/209 283/834/209 286/835/209 285/836/209
f 284/837/210 1/838/210 287/839/210 288/840/210
f 1/841/211 282/842/211 285/843/211 287/844/211
f 288/845/212 286/846/212 283/847/212 284/848/212
f 292/849/213 290/850/213 289/851/213 291/852/213
f 295/853/214 293/854/214 294/855/214 296/856/214
f 289/857/215 290/858/215 294/859/215 293/860/215
f 292/861/216 291/862/216 295/863/216 296/864/216
f 291/865/217 289/866/217 293/867/217 295/868/217
f 296/869/218 294/870/218 290/871/218 292/872/218
f 300/873/219 298/874/219 297/875/219 299/876/219
f 303/877/220 301/878/220 302/879/220 304/880/220
f 297/881/221 298/882/221 302/883/221 301/884/221
f 300/885/222 299/886/222 303/887/222 304/888/222
f 299/889/223 297/890/223 301/891/223 303/892/223
f 304/893/224 302/894/224 298/895/224 300/896/224
f 308/897/225 306/898/225 305/899/225 307/900/225
f 311/901/226 309/902/226 310/903/226 312/904/226
f 305/905/227 306/906/227 310/907/227 309/908/227
f 308/909/228 307/910/228 311/911/228 312/912/228
f 307/913/229 305/914/229 309/915/229 311/916/229
f 312/917/230 310/918/230 306/919/230 308/920/230
f 316/921/231 314/922/231 313/923/231 315/924/231
f 319/925/232 317/926/232 318/927/232 320/928/232
f 313/929/233 314/930/233 318/931/233 317/932/233
f 316/933/234 315/934/234 319/935/234 320/936/234
f 315/937/235 313/938/235 317/939/235 319/940/235
f 320/941/236 318/942/236 314/943/236 316/944/236
f 324/945/237 322/946/237 321/947/237 323/948/237
f 327/949/238 325/950/238 326/951/238 328/952/238
f 321/953/239 322/954/239 326/955/239 325/956/239
f 324/957/240 323/958/240 327/959/240 328/960/240
f 323/961/241 321/962/241 325/963/241 327/964/241
f 328/965/242 326/966/242 322/967/242 324/968/242
f 332/969/243 330/970/243 329/971/243 331/972/243
f 335/973/244 333/974/244 334/975/244 336/976/244
f 329/977/245 330/978/245 334/979/245 333/980/245
f 332/981/246 331/982/246 335/983/246 336/984/246
f 331/985/247 329/986/247 333/987/247 335/988/247
f 336/989/248 334/990/248 330/991/248 332/992/248
f 340/993/249 338/994/249 337/995/249 339/996/249
f 343/997/250 341/998/250 342/999/250 344/1000/250
f 337/1001/251 338/1002/251 342/1003/251 341/1004/251
f 340/1005/252 339/1006/252 343/1007/252 344/1008/252
f 339/1009/253 337/1010/253 341/1011/253 343/1012/253
f 344/1013/254 342/1014/254 338/1015/254 340/1016/254
f 348/1017/255 346/1018/255 345/1019/255 347/1020/255
f 351/1021/256 349/1022/256 350/1023/256 352/1024/256
f 345/1025/257 346/1026/257 350/1027/257 349/1028/257
f 348/1029/258 347/1030/258 351/1031/258 352/1032/258
f 347/1033/259 345/1034/259 349/1035/259 351/1036/259
f 352/1037/260 350/1038/260 346/1039/260 348/1040/260
f 356/1041/261 354/1042/261 353/1043/261 355/1044/261
f 359/1045/262 357/1046/262 358/1047/262 360/1048/262
f 353/1049/263 354/1050/263 358/1051/263 357/1052/263
f 356/1053/264 355/1054/264 359/1055/264 360/1056/264
f 355/1057/265 353/1058/265 357/1059/265 359/1060/265
f 360/1061/266 358/1062/266 354/1063/266 356/1064/266
f 364/1065/267 362/1066/267 361/1067/267 363/1068/267
f 367/1069/268 365/1070/268 366/1071/268 368/1072/268
f 361/1073/269 362/1074/269 366/1075/269 365/1076/269
f 364/1077/270 363/1078/270 367/1079/270 368/1080/270
f 363/1081/271 361/1082/271 365/1083/271 367/1084/271
f 368/1085/272 366/1086/272 362/1087/272 364/1088/272
f 372/1089/273 370/1090/273 369/1091/273 371/1092/273
f 375/1093/274 373/1094/274 374/1095/274 376/1096/274
f 369/1097/275 370/1098/275 374/1099/275 373/1100/275
f 372/1101/276 371/1102/276 375/1103/276 376/1104/276
f 371/1105/277 369/1106/277 373/1107/277 375/1108/277
f 376/1109/278 374/1110/278 370/1111/278 372/1112/278
f 380/1113/279 378/1114/279 377/1115/279 379/1116/279
f 383/1117/280 381/1118/280 382/1119/280 384/1120/280
f 377/1121/281 378/1122/281 382/1123/281 381/1124/281
f 380/1125/282 379/1126/282 383/1127/282 384/1128/282
f 379/1129/283 377/1130/283 381/1131/283 383/1132/283
f 384/1133/284 382/1134/284 378/1135/284 380/1136/284
f 388/1137/285 386/1138/285 385/1139/285 387/1140/285
f 391/1141/286 389/1142/286 390/1143/286 392/1144/286
f 385/1145/287 386/1146/287 390/1147/287 389/1148/287
f 388/1149/288 387/1150/288 391/1151/288 392/1152/288
f 387/1153/289 385/1154/289 389/1155/289 391/1156/289
f 392/1157/290 390/1158/290 386/1159/290 388/1160/290
f 396/1161/291 394/1162/291 393/1163/291 395/1164/291
f 399/1165/292 397/1166/292 398/1167/292 400/1168/292
f 393/1169/293 394/1170/293 398/1171/293 397/1172/293
f 396/1173/294 395/1174/294 399/1175/294 400/1176/294
f 395/1177/295 393/1178/295 397/1179/295 399/1180/295
f 400/1181/296 398/1182/296 394/1183/296 396/1184/296
f 404/1185/297 402/1186/297 401/1187/297 403/1188/297
f 407/1189/298 405/1190/298 406/1191/298 408/1192/298
f 401/1193/299 402/1194/299 406/1195/299 405/1196/299
f 404/1197/300 403/1198/300 407/1199/300 408/1200/300
f 403/1201/301 401/1202/301 405/1203/301 407/1204/301
f 408/1205/302 406/1206/302 402/1207/302 404/1208/302
f 413/1209/303 411/1210/303 410/1211/303 412/1212/303
f 415/1213/304 409/1214/304 414/1215/304 416/1216/304
f 410/1217/305 411/1218/305 414/1219/305 409/1220/305
f 413/1221/306 412/1222/306 415/1223/306 416/1224/306
f 412/1225/307 410/1226/307 409/1227/307 415/1228/307
f 416/1229/308 414/1230/308 411/1231/308 413/1232/308
f 420/1233/309 418/1234/309 417/1235/309 419/1236/309
f 423/1237/310 421/1238/310 422/1239/310 424/1240/310
f 417/1241/311 418/1242/311 422/1243/311 421/1244/311
f 420/1245/312 419/1246/312 423/1247/312 424/1248/312
f 419/1249/313 417/1250/313 421/1251/313 423/1252/313
f 424/1253/314 422/1254/314 418/1255/314 420/1256/314
f 428/1257/315 426/1258/315 425/1259/315 427/1260/315
f 431/1261/316 429/1262/316 430/1263/316 432/1264/316
f 425/1265/317 426/1266/317 430/1267/317 429/1268/317
f 428/1269/318 427/1270/318 431/1271/318 432/1272/318
f 427/1273/319 425/1274/319 429/1275/319 431/1276/319
f 432/1277/320 430/1278/320 426/1279/320 428/1280/320
f 436/1281/321 434/1282/321 433/1283/321 435/1284/321
f 439/1285/322 437/1286/322 438/1287/322 440/1288/322
f 433/1289/323 434/1290/323 438/1291/323 437/1292/323
f 436/1293/324 435/1294/324 439/1295/324 440/1296/324
f 435/1297/325 433/1298/325 437/1299/325 439/1300/325
f 440/1301/326 438/1302/326 434/1303/326 436/1304/326
f 444/1305/327 442/1306/327 441/1307/327 443/1308/327
f 447/1309/328 445/1310/328 446/1311/328 448/1312/328
f 441/1313/329 442/1314/329 446/1315/329 445/1316/329
f 444/1317/330 443/1318/330 447/1319/330 448/1320/330
f 443/1321/331 441/1322/331 445/1323/331 447/1324/331
f 448/1325/332 446/1326/332 442/1327/332 444/1328/332
f 452/1329/333 450/1330/333 449/1331/333 451/1332/333
f 455/1333/334 453/1334/334 454/1335/334 456/1336/334
f 449/1337/335 450/1338/335 454/1339/335 453/1340/335
f 452/1341/336 451/1342/336 455/1343/336 456/1344/336
f 451/1345/337 449/1346/337 453/1347/337 455/1348/337
f 456/1349/338 454/1350/338 450/1351/338 452/1352/338
f 460/1353/339 458/1354/339 457/1355/339 459/1356/339
f 463/1357/340 461/1358/340 462/1359/340 464/1360/340
f 457/1361/341 458/1362/341 462/1363/341 461/1364/341
f 460/1365/342 459/1366/342 463/1367/342 464/1368/342
f 459/1369/343 457/1370/343 461/1371/343 463/1372/343
f 464/1373/344 462/1374/344 458/1375/344 460/1376/344
f 468/1377/345 466/1378/345 465/1379/345 467/1380/345
f 471/1381/346 469/1382/346 470/1383/346 472/1384/346
f 465/1385/347 466/1386/347 470/1387/347 469/1388/347
f 468/1389/348 467/1390/348 471/1391/348 472/1392/348
f 467/1393/349 465/1394/349 469/1395/349 471/1396/349
f 472/1397/350 470/1398/350 466/1399/350 468/1400/350
f 476/1401/351 474/1402/351 473/1403/351 475/1404/351
f 479/1405/352 477/1406/352 478/1407/352 480/1408/352
f 473/1409/353 474/1410/353 478/1411/353 477/1412/353
f 476/1413/354 475/1414/354 479/1415/354 480/1416/354
f 475/1417/355 473/1418/355 477/1419/355 479/1420/355
f 480/1421/356 478/1422/356 474/1423/356 476/1424/356
f 484/1425/357 482/1426/357 481/1427/357 483/1428/357
f 487/1429/358 485/1430/358 486/1431/358 488/1432/358
f 481/1433/359 482/1434/359 486/1435/359 485/1436/359
f 484/1437/360 483/1438/360 487/1439/360 488/1440/360
f 483/1441/361 481/1442/361 485/1443/361 487/1444/361
f 488/1445/362 486/1446/362 482/1447/362 484/1448/362
f 492/1449/363 490/1450/363 489/1451/363 491/1452/363
f 495/1453/364 493/1454/364 494/1455/364 496/1456/364
f 489/1457/365 490/1458/365 494/1459/365 493/1460/365
f 492/1461/366 491/1462/366 495/1463/366 496/1464/366
f 491/1465/367 489/1466/367 493/1467/367 495/1468/367
f 496/1469/368 494/1470/368 490/1471/368 492/1472/368
f 500/1473/369 498/1474/369 497/1475/369 499/1476/369
f 503/1477/370 501/1478/370 502/1479/370 504/1480/370
f 497/1481/371 498/1482/371 502/1483/371 501/1484/371
f 500/1485/372 499/1486/372 503/1487/372 504/1488/372
f 499/1489/373 497/1490/373 501/1491/373 503/1492/373
f 504/1493/374 502/1494/374 498/1495/374 500/1496/374
f 508/1497/375 506/1498/375 505/1499/375 507/1500/375
f 511/1501/376 509/1502/376 510/1503/376 512/1504/376
f 505/1505/377 506/1506/377 510/1507/377 509/1508/377
f 508/1509/378 507/1510/378 511/1511/378 512/1512/378
f 507/1513/379 505/1514/379 509/1515/379 511/1516/379
f 512/1517/380 510/1518/380 506/1519/380 508/1520/380
f 516/1521/381 514/1522/381 513/1523/381 515/1524/381
f 519/1525/382 517/1526/382 518/1527/382 520/1528/382
f 513/1529/383 514/1530/383 518/1531/383 517/1532/383
f 516/1533/384 515/1534/384 519/1535/384 520/1536/384
f 515/1537/385 513/1538/385 517/1539/385 519/1540/385
f 520/1541/386 518/1542/386 514/1543/386 516/1544/386
f 524/1545/387 522/1546/387 521/1547/387 523/1548/387
f 527/1549/388 525/1550/388 526/1551/388 528/1552/388
f 521/1553/389 522/1554/389 526/1555/389 525/1556/389
f 524/1557/390 523/1558/390 527/1559/390 528/1560/390
f 523/1561/391 521/1562/391 525/1563/391 527/1564/391
f 528/1565/392 526/1566/392 522/1567/392 524/1568/392
f 532/1569/393 530/1570/393 529/1571/393 531/1572/393
f 535/1573/394 533/1574/394 534/1575/394 536/1576/394
f 529/1577/395 530/1578/395 534/1579/395 533/1580/395
f 532/1581/396 531/1582/396 535/1583/396 536/1584/396
f 531/1585/397 529/1586/397 533/1587/397 535/1588/397
f 536/1589/398 534/1590/398 530/1591/398 532/1592/398
