# Made in Blockbench 5.1.6
mtllib taro.mtl

o mesh
v -0.30426456211436353 1.0965447204114622 -0.16988976329020442
v -0.2777604253604493 1.0953995261660938 -0.14338562653629017
v -0.31033787173943184 0.8154258979886366 -0.1759630729152727
v -0.2838337349855176 0.8142807037432683 -0.14945893616135847
v -0.26007038829020435 1.0965447204114622 -0.21408393711436363
v -0.2335662515362901 1.0953995261660938 -0.18757980036044938
v -0.26614369791527265 0.8154258979886366 -0.2201572467394319
v -0.23963956116135843 0.8142807037432683 -0.19365310998551769
v -0.34259448154926686 1.1124010149027375 -0.14192842198886885
v -0.3061512935126348 1.1108263728153562 -0.10548523395223676
v -0.3429318876395485 1.096783302545914 -0.1422658280791505
v -0.30648869960291636 1.0952086604585325 -0.10582264004251833
v -0.2542061339009484 1.1124010149027375 -0.2303167696371873
v -0.21776294586431633 1.1108263728153562 -0.1938735816005552
v -0.25454353999123 1.096783302545914 -0.23065417572746885
v -0.2181003519545979 1.0952086604585325 -0.19421098769083678
v -0.2841849576105716 1.2834092321043369 -0.15650433261057167
v -0.24669370278238326 1.282599457487661 -0.1565130777823833
v -0.28789642460366893 1.111614396179277 -0.16021579960366894
v -0.25040516977548055 1.1108046215626013 -0.16022454477548062
v -0.28417621243876 1.2842190067210124 -0.19399558743876003
v -0.24668495761057166 1.2834092321043369 -0.1940043326105717
v -0.2878876794318573 1.1124241707959528 -0.19770705443185735
v -0.25039642460366895 1.111614396179277 -0.197715799603669
v -0.03883249999999999 0.8233390614373557 -0.26992165337726715
v -0.038832499999999964 0.817472768998347 -0.3069599661495849
v -0.038832499999999964 0.7338298055709214 -0.2557447799829962
v -0.038832499999999937 0.7279635131319127 -0.2927830927553139
v -0.09039499999999995 0.8233390614373557 -0.2699216533772672
v -0.09039499999999998 0.817472768998347 -0.3069599661495849
v -0.09039499999999995 0.7338298055709214 -0.2557447799829963
v -0.09039499999999998 0.7279635131319125 -0.2927830927553139
v 0.13616750000000005 0.8171660093086363 -0.26894393797076577
v 0.1361675000000001 0.8142328630891319 -0.2874630943569245
v 0.1361675000000001 0.7400028576996409 -0.25672249538949765
v 0.13616750000000005 0.7370697114801366 -0.2752416517756565
v -0.14039499999999996 0.8171660093086363 -0.26894393797076577
v -0.14039499999999996 0.8142328630891319 -0.2874630943569245
v -0.14039499999999996 0.7400028576996409 -0.2567224953894977
v -0.14039499999999996 0.7370697114801366 -0.2752416517756565
v 0.1156337474005914 0.7966983790523623 -0.28152195139829383
v 0.11563374740059146 0.7937652328328579 -0.3000411077844527
v 0.11985695362032717 0.777074371633399 -0.2784138139663167
v 0.11985695362032717 0.7741412254138947 -0.29693297035247557
v -0.12431808590442034 0.7463229781080231 -0.2735432717136005
v -0.12431808590442037 0.7433898318885187 -0.29206242809975935
v -0.1200948796846846 0.7266989706890598 -0.27043513428162347
v -0.1200948796846846 0.7237658244695554 -0.28895429066778233
v 0.32912446920913613 1.5219888562420332 -0.1436236102133997
v 0.24947227894343166 1.2247228434323278 -0.19788866539715655
v 0.17895815910970936 1.557831609129613 -0.1195520735660919
v 0.09930596884400483 1.2605655963199078 -0.17381712874984884
v -0.3457408602491024 1.5062715299609573 0.14110651482387682
v -0.23495208101118878 1.218991427301846 0.19451287222768499
v -0.1997056748363939 1.5615658432299766 0.1355996062915535
v -0.08891689559848032 1.274285740570865 0.18900596369536177
v -0.3291244692091361 1.5219888562420334 -0.14362361021339962
v -0.24947227894343157 1.2247228434323278 -0.19788866539715655
v -0.17895815910970925 1.5578316091296127 -0.11955207356609192
v -0.09930596884400472 1.2605655963199078 -0.17381712874984878
v 0.3457408602491023 1.5062715299609573 0.14110651482387682
v 0.23495208101118886 1.2189914273018458 0.19451287222768499
v 0.19970567483639395 1.5615658432299768 0.13559960629155354
v 0.08891689559848032 1.274285740570865 0.1890059636953617
v 0.292061376097098 1.1249999999999998 0.08762801046052454
v 0.2512719410283319 1.1249999999999996 -0.22219850871879124
v 0.29206137609709787 0.8749999999999996 0.0876280104605246
v 0.2512719410283318 0.8749999999999996 -0.22219850871879118
v -0.2920613760970979 1.1249999999999996 0.08762801046052449
v -0.25127194102833184 1.1249999999999996 -0.22219850871879124
v -0.2920613760970978 0.8749999999999996 0.08762801046052449
v -0.2512719410283317 0.8749999999999996 -0.22219850871879124
v 0.12500000000000006 1.2345194999812599 -0.3161777701122427
v 0.125 1.3435573333583206 -0.30759630651700964
v -0.031249999999999944 1.2345194999812599 -0.3161777701122427
v -0.031249999999999944 1.3435573333583206 -0.30759630651700964
v 0.3460037971738668 0.9966931691475365 -0.28407214713347273
v 0.33407136420350786 1.1399370295028786 -0.2857680285878066
v 0.3542422536315874 0.9971801209262714 -0.30090821594894807
v 0.34230982066122845 1.1404239812816135 -0.30260409740328187
v 0.22860648416570434 0.9862300946640026 -0.341821237782725
v 0.21667405119534533 1.1294739550193444 -0.34351711923705874
v 0.23684494062342493 0.9867170464427376 -0.3586573065982003
v 0.22491250765306586 1.1299609067980796 -0.36035318805253413
v 0.30308488236810266 1.157151691779467 -0.18047219352221489
v 0.350920311413739 1.1351161260985383 -0.2938353514402147
v 0.30308488236810266 0.850393196952072 -0.1208443824670446
v 0.350920311413739 0.828357631271143 -0.23420754038504443
v 0.16450295249140978 1.1461987755879424 -0.236820062501909
v 0.21233838153704593 1.1241632099070133 -0.3501832204199089
v 0.16450295249140973 0.8394402807605474 -0.17719225144673878
v 0.21233838153704598 0.8174047150796188 -0.29055540936473856
v 0.29499241942086757 1.1692189229419356 -0.16901606985544054
v 0.3592646722632255 1.1443190986984155 -0.29516335982716296
v 0.29487509926561256 1.150812943300758 -0.16544274515291119
v 0.3591473521079706 1.1259131190572376 -0.2915900351246337
v 0.15523360156189198 1.1567629224129878 -0.2377647671629863
v 0.21950585440425002 1.131863098169468 -0.3639120571347087
v 0.15511628140663708 1.13835694277181 -0.2341914424604569
v 0.21938853424899513 1.1134571185282898 -0.36033873243217934
v 0.18055312500000004 1.1676180516548187 -0.22489324724603124
v 0.1805531250000001 1.1401892585694402 -0.36600215486663296
v 0.18055312500000004 1.1492125419651749 -0.2213155785827211
v 0.18055312500000004 1.1217837488797966 -0.3624244862033228
v 0.024303125000000037 1.1676180516548185 -0.2248932472460312
v 0.024303125000000092 1.14018925856944 -0.3660021548666329
v 0.024303125000000037 1.1492125419651749 -0.22131557858272108
v 0.024303125000000037 1.1217837488797966 -0.3624244862033228
v 0.16805312500000008 0.9938875086277544 -0.3476588658029075
v 0.16805312500000008 1.1376320350682287 -0.34640442632501633
v 0.16805312500000008 0.9940511311683489 -0.3664081518603606
v 0.16805312500000014 1.1377956576088235 -0.36515371238246935
v 0.0368031250000001 0.9938875086277543 -0.3476588658029075
v 0.0368031250000001 1.1376320350682287 -0.34640442632501633
v 0.03680312500000005 0.9940511311683489 -0.3664081518603606
v 0.0368031250000001 1.1377956576088235 -0.36515371238246935
v 0.18055312500000004 1.1492125419651749 -0.2213155785827211
v 0.18055312500000004 1.125361417543107 -0.3440189765136791
v 0.18055312500000004 0.8424540471377799 -0.1616877675275508
v 0.18055312500000004 0.8186029227157119 -0.28439116545850884
v 0.024303125000000037 1.1492125419651749 -0.22131557858272108
v 0.024303125000000037 1.1253614175431068 -0.3440189765136791
v 0.024303125000000037 0.8424540471377799 -0.1616877675275508
v 0.024303125000000037 0.8186029227157119 -0.28439116545850884
v -0.0006968749999999302 0.9962051443756181 -0.3795822645740393
v -0.0006968749999999302 1.1383761747338936 -0.3583346617241578
v -0.0006968749999999302 0.9989765708342984 -0.3981263120120751
v -0.0006968749999999857 1.1411476011925739 -0.37687870916219357
v -0.13194687499999996 0.9962051443756181 -0.3795822645740393
v -0.13194687499999994 1.1383761747338936 -0.35833466172415784
v -0.13194687499999994 0.9989765708342984 -0.39812631201207505
v -0.13194687499999996 1.1411476011925739 -0.3768787091621935
v 0.011803125000000081 1.1676180516548187 -0.22489324724603124
v 0.011803125000000025 1.14018925856944 -0.36600215486663296
v 0.011803125000000025 1.1492125419651749 -0.22131557858272108
v 0.011803125000000025 1.1217837488797966 -0.3624244862033228
v -0.14444687499999997 1.1676180516548185 -0.22489324724603124
v -0.14444687499999997 1.14018925856944 -0.366002154866633
v -0.144446875 1.1492125419651749 -0.2213155785827211
v -0.14444687500000003 1.1217837488797966 -0.3624244862033228
v 0.016498006458843528 1.146791356038485 -0.23720139179567895
v 0.013225887920359336 1.1229484048010612 -0.3598627423367518
v 0.016498006458843528 0.84003286121109 -0.17757358074050875
v 0.013225887920359336 0.8161899099736662 -0.3002349312815816
v -0.13345059228749015 1.1475405756197823 -0.23334699118987207
v -0.13672271082597423 1.1236976243823587 -0.35600834173094487
v -0.13345059228749012 0.8407820807923873 -0.1737191801347018
v -0.1367227108259743 0.8169391295549635 -0.29638053067577463
v -0.16520474552071973 1.0547441115487266 -0.35148002145044704
v -0.15684913570686426 1.1475105864395665 -0.3150854487648692
v -0.1647085886832947 1.0592670460551883 -0.3631224821801614
v -0.15635297886943927 1.1520335209460277 -0.3267279094945835
v -0.22743676100062654 1.0605109753094135 -0.3518917636930115
v -0.21908115118677113 1.1532774502002532 -0.3154971910074337
v -0.22694060416320158 1.0650339098158752 -0.36353422442272587
v -0.21858499434934617 1.1578003847067149 -0.327139651737148
v -0.15619050332598516 1.1625 -0.22701685905866503
v -0.15444526268225678 1.1625000000000003 -0.3270016285743041
v -0.15619050332598514 1.15 -0.22701685905866503
v -0.15444526268225678 1.15 -0.32700162857430415
v -0.2186809842732596 1.1625 -0.22810763446099525
v -0.21693574362953127 1.1625 -0.32809240397663436
v -0.2186809842732596 1.1499999999999997 -0.22810763446099525
v -0.21693574362953127 1.1499999999999997 -0.3280924039766344
v -0.15625 1.14375 -0.22499999999999998
v -0.15625 1.1437500000000003 -0.32499999999999996
v -0.15625000000000003 0.8499999999999998 -0.225
v -0.15624999999999997 0.8499999999999998 -0.32499999999999996
v -0.21875 1.14375 -0.22499999999999995
v -0.21875 1.14375 -0.32499999999999996
v -0.21875000000000006 0.8499999999999998 -0.22499999999999998
v -0.21875 0.8499999999999998 -0.32499999999999996
v -0.26321949190699256 1.0541976117021004 -0.3416378656170378
v -0.2513939994546943 1.146585566738616 -0.30524248826727807
v -0.26678818245100155 1.0589811540678586 -0.3526211333564723
v -0.2549626899987033 1.151369109104374 -0.3162257560067126
v -0.3226605156837525 1.0541975472401266 -0.322324277334005
v -0.3108350232314543 1.1465855022766427 -0.2859288999842453
v -0.3262292062277615 1.0589810896058847 -0.33330754507343957
v -0.3144037137754632 1.1513690446424008 -0.29691216772367984
v -0.22469410322684472 1.1625 -0.22306864378515656
v -0.25559580266433946 1.1625000000000003 -0.3181742954146719
v -0.22469410322684474 1.1499999999999997 -0.2230686437851566
v -0.25559580266433946 1.15 -0.3181742954146719
v -0.28413513549529185 1.1625000000000003 -0.20375508163672237
v -0.31503683493278656 1.1625000000000003 -0.29886073326623763
v -0.2841351354952919 1.15 -0.2037550816367224
v -0.31503683493278656 1.15 -0.2988607332662377
v -0.2246941032268447 1.14375 -0.22306864378515653
v -0.25559580266433946 1.1437500000000003 -0.3181742954146719
v -0.2246941032268447 0.8499999999999999 -0.22306864378515656
v -0.25559580266433946 0.8499999999999998 -0.3181742954146719
v -0.28413513549529185 1.1437500000000003 -0.20375508163672235
v -0.3150368349327866 1.1437500000000003 -0.29886073326623774
v -0.28413513549529185 0.8499999999999998 -0.20375508163672235
v -0.31503683493278656 0.8499999999999999 -0.2988607332662377
v -0.040624999999999994 1.021875 -0.38749999999999996
v -0.04062499999999997 1.021875 -0.40624999999999994
v -0.040624999999999994 0.946875 -0.38749999999999996
v -0.04062499999999997 0.946875 -0.40624999999999994
v -0.09062499999999998 1.021875 -0.38749999999999996
v -0.09062499999999996 1.021875 -0.40625
v -0.09062499999999998 0.9468749999999999 -0.38749999999999996
v -0.09062499999999998 0.9468749999999999 -0.40625
v 0.128125 1.021875 -0.35624999999999996
v 0.128125 1.021875 -0.375
v 0.128125 0.9468749999999999 -0.35624999999999996
v 0.12812500000000004 0.9468749999999999 -0.375
v 0.07812499999999994 1.021875 -0.3562499999999999
v 0.07812499999999994 1.021875 -0.37499999999999994
v 0.078125 0.9468749999999999 -0.35624999999999996
v 0.07812499999999994 0.9468749999999999 -0.37499999999999994
v 0.3168667213892164 1.0218750000000003 -0.3121736041570186
v 0.3256693131914517 1.021875 -0.32872887152312347
v 0.3168667213892164 0.946875 -0.3121736041570186
v 0.3256693131914517 0.9468749999999999 -0.32872887152312347
v 0.27271934174626994 1.021875 -0.33564718229631313
v 0.28152193354850547 1.021875 -0.3522024496624181
v 0.27271934174627005 0.946875 -0.3356471822963132
v 0.28152193354850547 0.9468749999999999 -0.3522024496624181
v 0.15937500000000004 1.2279412877385318 -0.3042638428434572
v 0.1593750000000001 1.3524656250000002 -0.29336937499999993
v 0.15937500000000004 1.2284860111307045 -0.3104900597065307
v 0.15937500000000004 1.353010348392173 -0.29959559186307344
v -0.059374999999999956 1.2279412877385318 -0.3042638428434572
v -0.05937500000000001 1.3524656250000002 -0.29336937499999993
v -0.059374999999999956 1.2284860111307045 -0.31049005970653065
v -0.05937499999999998 1.3530103483921727 -0.2995955918630734
v 0.159375 1.3375 -0.16874999999999993
v 0.159375 1.3375 -0.29374999999999996
v 0.15937500000000004 1.19375 -0.1687499999999999
v 0.159375 1.19375 -0.29374999999999996
v -0.059374999999999956 1.3375 -0.16874999999999993
v -0.05937499999999993 1.3375 -0.2937499999999999
v -0.05937499999999998 1.19375 -0.16874999999999993
v -0.05937499999999998 1.19375 -0.2937499999999999
v 0.159375 1.3415711064313085 -0.1688451325477063
v 0.15937500000000004 1.3524655742747655 -0.29336946980917455
v 0.159375 1.335344889568235 -0.16938985593987918
v 0.159375 1.3462393574116924 -0.2939141932013474
v -0.059374999999999956 1.3415711064313085 -0.1688451325477063
v -0.059374999999999956 1.3524655742747655 -0.2933694698091745
v -0.059374999999999956 1.335344889568235 -0.16938985593987918
v -0.05937500000000001 1.3462393574116924 -0.29391419320134743
v -0.07619088732337864 1.3312500000000003 -0.2082520005621375
v -0.09306221639916851 1.3312500000000005 -0.28132975542103006
v -0.07619088732337864 1.1937500000000003 -0.2082520005621375
v -0.09306221639916853 1.1937500000000003 -0.28132975542103006
v -0.1614482679920868 1.3312500000000003 -0.18856878330704932
v -0.17831959706787665 1.3312500000000003 -0.26164653816594186
v -0.1614482679920868 1.1937500000000003 -0.1885687833070493
v -0.17831959706787665 1.1937500000000003 -0.26164653816594186
v -0.10345059308835536 1.2267028716792883 -0.3045889598126652
v -0.09779811389339158 1.3442972170077772 -0.28905892678904976
v -0.10556741704424755 1.227572699004407 -0.3104048825050874
v -0.09991493784928387 1.345167044332896 -0.294874849481472
v -0.19154677017220567 1.2267028762365402 -0.2725245545755356
v -0.18589429097724197 1.3442972215650293 -0.2569945215519202
v -0.19366359412809797 1.2275727035616595 -0.27834047726795796
v -0.18801111493313422 1.3451670488901484 -0.26281044424434247
v -0.06415484159673984 1.3312500246540542 -0.19333689878283547
v -0.1001408601933094 1.346037108162294 -0.29220757758543947
v -0.06445233835717157 1.3250608487410533 -0.19415427091073156
v -0.10043835695374106 1.339847932249293 -0.2930249497133356
v -0.15225101670163002 1.3312499876729724 -0.16127248810858225
v -0.18823703529819957 1.346037071181212 -0.26014316691118633
v -0.15254851346206177 1.3250608117599716 -0.16208986023647834
v -0.1885345320586313 1.339847895268211 -0.26096053903908245
v 0.12812500000000004 0.6555752755890056 -0.22019908635505736
v 0.128125 0.6710798768537118 -0.27427005675158783
v 0.128125 0.5954964195928607 -0.2374264210936198
v 0.1281250000000001 0.6110010208575669 -0.2914973914901503
v -0.12187499999999996 0.6555752755890056 -0.22019908635505733
v -0.12187499999999998 0.6710798768537118 -0.2742700567515878
v -0.12187499999999998 0.5954964195928607 -0.23742642109361978
v -0.12187499999999996 0.6110010208575669 -0.29149739149015025
v -0.07856917382415918 0.6388325206406702 -0.224999994081383
v -0.07856917382415918 0.6543371219053764 -0.27907096447791346
v -0.1227633476483184 0.5963503541598661 -0.23718155929679108
v -0.12276334764831842 0.6118549554245725 -0.2912525296933215
v -0.12276334764831845 0.6813146871214744 -0.2128184288659749
v -0.12276334764831842 0.6968192883861806 -0.2668893992625053
v -0.1669575214724776 0.6388325206406703 -0.22499999408138294
v -0.1669575214724776 0.6543371219053765 -0.2790709644779134
v 0.17143082617584088 0.6388325206406703 -0.22499999408138296
v 0.17143082617584088 0.6543371219053765 -0.27907096447791346
v 0.12723665235168163 0.5963503541598661 -0.23718155929679105
v 0.12723665235168158 0.6118549554245725 -0.2912525296933216
v 0.12723665235168158 0.6813146871214744 -0.2128184288659749
v 0.12723665235168163 0.6968192883861806 -0.2668893992625053
v 0.08304247852752245 0.6388325206406703 -0.224999994081383
v 0.08304247852752239 0.6543371219053765 -0.27907096447791346
v 0.1705425000000001 0.8190690679884348 -0.17331799578431253
v 0.17054250000000004 0.8362964027269972 -0.23339685178045755
v 0.1705425000000001 0.6388325000000001 -0.22499999999999995
v 0.1705425000000001 0.6560598347385624 -0.2850788559961449
v -0.1669575 0.8190690679884348 -0.17331799578431256
v -0.16695749999999998 0.8362964027269972 -0.2333968517804575
v -0.1669575 0.6388325 -0.22499999999999992
v -0.16695750000000004 0.6560598347385623 -0.2850788559961449
v 0.10804250000000004 0.783452437759212 -0.1851563680273537
v 0.10804250000000004 0.8024025059716307 -0.2512431096231131
v 0.10804250000000004 0.663294725766922 -0.21961103750447855
v 0.1080425000000001 0.6822447939793408 -0.28569777910023797
v -0.10445749999999995 0.783452437759212 -0.1851563680273537
v -0.10445749999999998 0.8024025059716307 -0.2512431096231131
v -0.10445749999999995 0.663294725766922 -0.21961103750447858
v -0.10445749999999998 0.6822447939793408 -0.28569777910023797
v 0.25000000000000006 1.25 -0.16249999999999998
v 0.25000000000000017 1.2499999999999998 -0.22499999999999995
v 0.25000000000000006 0.8312499999999999 -0.16249999999999995
v 0.25000000000000006 0.8312499999999999 -0.22499999999999995
v -0.25 1.25 -0.16249999999999992
v -0.25 1.25 -0.22499999999999995
v -0.25 0.83125 -0.16249999999999992
v -0.25 0.8312499999999999 -0.22499999999999995
v 0.25000000000000006 1.25 0.21250000000000008
v 0.25000000000000006 1.25 0.15000000000000013
v 0.25000000000000006 0.8624999999999999 0.21250000000000008
v 0.25000000000000006 0.8624999999999999 0.15000000000000013
v -0.25 1.25 0.21250000000000013
v -0.25 1.25 0.15000000000000013
v -0.24999999999999997 0.8625 0.21250000000000013
v -0.24999999999999997 0.8624999999999999 0.15000000000000013
v 0.20312500000000006 1.4375 0.15000000000000008
v 0.203125 1.4375 0.10625000000000007
v 0.20312500000000006 0.8999999999999999 0.15000000000000013
v 0.20312500000000006 0.8999999999999999 0.10625000000000012
v -0.20312499999999994 1.4375 0.15000000000000013
v -0.203125 1.4375 0.10625000000000007
v -0.20312500000000003 0.8999999999999999 0.15000000000000013
v -0.20312499999999994 0.8999999999999999 0.10625000000000007
v 0.20312500000000006 1.403450889832985 -0.11151408593142081
v 0.20312500000000006 1.4051958646681098 -0.1614836272823756
v 0.20312500000000006 0.8975092836545673 -0.12918195613706188
v 0.20312500000000006 0.8992542584896925 -0.17915149748801673
v -0.20312499999999994 1.403450889832985 -0.11151408593142077
v -0.203125 1.40519586466811 -0.16148362728237564
v -0.203125 0.8975092836545674 -0.12918195613706193
v -0.20312499999999997 0.8992542584896925 -0.17915149748801673
v 0.18750000000000006 1.4373828369752375 -0.12048961372297426
v 0.18750000000000006 1.4503773176513473 -0.18162383876883714
v 0.18750000000000006 1.2356398943238902 -0.16337139995413705
v 0.1875000000000001 1.248634375 -0.2245056249999999
v -0.18749999999999997 1.437382836975237 -0.12048961372297426
v -0.18749999999999997 1.450377317651347 -0.18162383876883714
v -0.1875 1.23563989432389 -0.16337139995413708
v -0.1875 1.2486343749999997 -0.22450562499999993
v 0.18750000000000006 1.4587417399750966 0.1953298554315132
v 0.18750000000000006 1.454381960366089 0.13298210229027424
v 0.1875 1.2405246039807603 0.21058908406304067
v 0.1875 1.2361648243717522 0.14824133092180164
v -0.18749999999999994 1.4587417399750964 0.1953298554315132
v -0.1875 1.4543819603660886 0.13298210229027424
v -0.1875 1.24052460398076 0.21058908406304067
v -0.18749999999999997 1.236164824371752 0.1482413309218017
v -0.21600336458145306 1.6073169544796153 0.05687468802115975
v -0.1979733412947972 1.5488380880304145 0.04417073434133273
v -0.2162832781212345 1.5860057790293185 0.15457707002557586
v -0.19825325483457867 1.527526912580118 0.14187311634574884
v -0.3416728400120074 1.5703985299844048 0.04846187768211346
v -0.3236428167253515 1.5119196635352044 0.03575792400228642
v -0.3419527535517889 1.5490873545341082 0.14616425968652957
v -0.3239227302651331 1.4906084880849075 0.13346030600670256
v -0.1888381235539545 1.551796696603705 0.0796046140248805
v -0.20636173304336616 1.6167591468619782 0.06548492327387623
v -0.17812912275705645 1.5374592984102216 0.00034984246522290485
v -0.19565273224646812 1.6024217486684948 -0.013769848285781372
v -0.33851711051454336 1.50871872607256 0.06717272690467069
v -0.35604072000395515 1.573681176330833 0.05305303615366641
v -0.3278081097176454 1.4943813278790765 -0.012082044654986968
v -0.3453317192070571 1.5593437781373498 -0.02620173540599119
v -0.17236273771257277 1.5297391609214233 -0.042325803759208386
v -0.18988634720198452 1.594701611179696 -0.05644549451021269
v -0.16165373691567467 1.5154017627279397 -0.12158057531886599
v -0.17917734640508642 1.5803642129862128 -0.13570026606987023
v -0.3220417246731617 1.486661190390278 -0.0547576908794182
v -0.3395653341625735 1.5516236406485513 -0.0688773816304225
v -0.31133272387626365 1.4723237921967949 -0.13401246243907577
v -0.3288563333656754 1.5372862424550675 -0.14813215319008002
v -0.1999886732187325 1.5472475821770992 0.07251354216605943
v -0.2159192273000159 1.6063043551391658 0.059677459665146426
v -0.17527559445665997 1.5141612786536762 -0.11038208451007393
v -0.19120614853794332 1.5732180516157426 -0.12321816701098688
v -0.3257190222656272 1.5110620869309375 0.062070756985083186
v -0.3416495763469106 1.5701188598930038 0.04923467448417024
v -0.30100594350355475 1.4779757834075142 -0.12082486969105016
v -0.31693649758483805 1.5370325563695808 -0.13366095219196314
v 0.34167284001200743 1.5703985299844048 0.04846187768211349
v 0.3236428167253516 1.5119196635352041 0.03575792400228639
v 0.34195275355178895 1.5490873545341084 0.14616425968652957
v 0.323922730265133 1.4906084880849075 0.1334603060067025
v 0.21600336458145303 1.6073169544796153 0.05687468802115969
v 0.1979733412947972 1.5488380880304147 0.044170734341332674
v 0.21628327812123455 1.5860057790293185 0.15457707002557575
v 0.19825325483457873 1.5275269125801179 0.14187311634574884
v 0.3385171105145434 1.5087187260725599 0.06717272690467063
v 0.3560407200039552 1.573681176330833 0.05305303615366633
v 0.32780810971764546 1.494381327879077 -0.012082044654986968
v 0.34533171920705713 1.55934377813735 -0.026201735405991217
v 0.18883812355395452 1.551796696603705 0.0796046140248805
v 0.2063617330433662 1.616759146861978 0.06548492327387617
v 0.17812912275705645 1.5374592984102216 0.0003498424652228771
v 0.19565273224646812 1.6024217486684948 -0.013769848285781372
v 0.32571902226562727 1.5110620869309375 0.06207075698508313
v 0.3416495763469107 1.570118859893004 0.04923467448417018
v 0.30100594350355475 1.4779757834075145 -0.12082486969105022
v 0.31693649758483816 1.5370325563695808 -0.13366095219196317
v 0.19998867321873254 1.5472475821770995 0.07251354216605937
v 0.215919227300016 1.6063043551391658 0.05967745966514648
v 0.17527559445666002 1.5141612786536762 -0.11038208451007397
v 0.19120614853794343 1.5732180516157428 -0.12321816701098692
v 0.3220417246731618 1.486661190390278 -0.05475769087941823
v 0.33956533416257345 1.5516236406485513 -0.06887738163042251
v 0.3113327238762637 1.4723237921967947 -0.13401246243907583
v 0.3288563333656755 1.537286242455068 -0.14813215319008005
v 0.17236273771257288 1.529739160921423 -0.042325803759208386
v 0.18988634720198455 1.5947016111796959 -0.05644549451021272
v 0.16165373691567475 1.5154017627279397 -0.12158057531886599
v 0.17917734640508648 1.580364212986213 -0.13570026606987023
v 0.2491909449594895 1.1250000000000002 0.20858083204617972
v 0.31228271359774634 1.125 0.09706650850388004
v 0.24919094495948962 0.8749999999999999 0.20858083204617978
v 0.31228271359774634 0.8749999999999999 0.09706650850388016
v 0.21655260636174334 1.125 0.1901149485422997
v 0.2796443750000001 1.1250000000000002 0.07860062500000009
v 0.21655260636174334 0.875 0.19011494854229977
v 0.2796443750000001 0.8749999999999999 0.07860062500000015
v -0.21655260636174328 1.125 0.1901149485422997
v -0.279644375 1.125 0.07860062500000009
v -0.21655260636174328 0.875 0.1901149485422997
v -0.27964437500000006 0.875 0.07860062500000009
v -0.24919094495948954 1.125 0.20858083204617972
v -0.3122827135977462 1.1250000000000002 0.0970665085038801
v -0.24919094495948954 0.875 0.20858083204617978
v -0.3122827135977462 0.8749999999999999 0.0970665085038801
v 0.14062500000000006 1.25 -0.225
v 0.140625 1.2500000000000002 -0.23124999999999996
v 0.14062500000000006 1.1875 -0.22499999999999998
v 0.14062500000000006 1.1875 -0.23124999999999996
v -0.140625 1.2499999999999998 -0.225
v -0.14062499999999997 1.25 -0.2312499999999999
v -0.140625 1.1874999999999998 -0.22499999999999998
v -0.14062499999999994 1.1875 -0.23124999999999993
v 0.09375000000000006 1.3205775137935696 -0.20640524335769547
v 0.09375000000000006 1.3218769618611805 -0.21251866586228174
v 0.09375000000000006 1.259443288747707 -0.21939972403380548
v 0.09375000000000006 1.2607427368153177 -0.22551314653839172
v -0.09375 1.3205775137935694 -0.2064052433576955
v -0.09374999999999994 1.3218769618611805 -0.21251866586228174
v -0.09375 1.2594432887477067 -0.21939972403380545
v -0.09374999999999994 1.2607427368153177 -0.22551314653839172
v 0.09375000000000006 1.387825161344019 -0.1921113146139745
v 0.09375000000000006 1.38912460941163 -0.19822473711856078
v 0.09375000000000006 1.326690936298156 -0.2051057952900845
v 0.09375000000000006 1.327990384365767 -0.21121921779467073
v -0.09375 1.387825161344019 -0.1921113146139745
v -0.09374999999999997 1.3891246094116299 -0.19822473711856076
v -0.09374999999999994 1.326690936298156 -0.20510579529008446
v -0.09374999999999994 1.327990384365767 -0.21121921779467073
v 0.14062500000000006 1.1812499999999997 -0.225
v 0.14062500000000006 1.18125 -0.23124999999999998
v 0.14062500000000006 1.11875 -0.22499999999999995
v 0.14062500000000006 1.11875 -0.23124999999999996
v -0.14062499999999994 1.1812499999999997 -0.22499999999999995
v -0.140625 1.18125 -0.23124999999999996
v -0.14062499999999997 1.1187499999999997 -0.22499999999999998
v -0.14062499999999997 1.11875 -0.23124999999999996
v 0.21875000000000017 1.103125 -0.22499999999999995
v 0.21875000000000017 1.1031250000000001 -0.23124999999999996
v 0.21875000000000006 0.8531249999999999 -0.22499999999999998
v 0.21875000000000006 0.8531249999999999 -0.23124999999999993
v -0.21874999999999994 1.103125 -0.22499999999999998
v -0.21875 1.103125 -0.23124999999999996
v -0.21875 0.8531249999999999 -0.22499999999999998
v -0.21875 0.8531249999999998 -0.23124999999999996
v -0.14687499999999998 1.1406249999999998 -0.22499999999999995
v -0.146875 1.1406249999999998 -0.24374999999999994
v -0.146875 1.0656249999999996 -0.22499999999999995
v -0.146875 1.0656249999999998 -0.24374999999999994
v -0.19687499999999997 1.140625 -0.22499999999999995
v -0.196875 1.140625 -0.24374999999999997
v -0.19687499999999997 1.0656249999999998 -0.22499999999999995
v -0.19687499999999997 1.0656249999999998 -0.24374999999999997
v 0.19687500000000008 1.1406249999999998 -0.2249999999999999
v 0.19687500000000008 1.1406249999999998 -0.2437499999999999
v 0.19687500000000008 1.0656249999999996 -0.2249999999999999
v 0.19687500000000008 1.0656249999999998 -0.24374999999999994
v 0.14687500000000003 1.140625 -0.22499999999999992
v 0.1468750000000001 1.140625 -0.24374999999999997
v 0.1468750000000001 1.0656249999999998 -0.22499999999999992
v 0.1468750000000001 1.0656249999999998 -0.24374999999999994
v 0.15625 1.25 0.2187500000000001
v 0.15625000000000006 1.25 0.21250000000000013
v 0.15625000000000006 1.1875 0.2187500000000001
v 0.15625000000000006 1.1875 0.21250000000000013
v -0.15625000000000006 1.25 0.2187500000000001
v -0.15625000000000003 1.25 0.2125000000000002
v -0.15625 1.1875 0.2187500000000001
v -0.15624999999999997 1.1875 0.21250000000000013
v 0.15625000000000006 1.387165056910726 0.20290848486018287
v 0.15625000000000006 1.3867290789498248 0.19667370954605895
v 0.1562500000000001 1.3248173037694868 0.20726826446919072
v 0.15625000000000006 1.3243813258085857 0.20103348915506686
v -0.15624999999999994 1.387165056910726 0.20290848486018287
v -0.15625 1.386729078949825 0.196673709546059
v -0.15624999999999997 1.3248173037694868 0.20726826446919067
v -0.15624999999999997 1.324381325808586 0.2010334891550668
v 0.15625 1.3185825284553627 0.20770424243009133
v 0.15625 1.318146550494462 0.20146946711596753
v 0.15625000000000006 1.256234775314124 0.21206402203909924
v 0.15625000000000006 1.2557987973532232 0.20582924672497538
v -0.15625000000000006 1.318582528455363 0.2077042424300915
v -0.15625 1.318146550494462 0.20146946711596758
v -0.15625 1.256234775314124 0.21206402203909935
v -0.15625000000000003 1.2557987973532234 0.20582924672497543
vt 0.3642578125 0.5859375
vt 0.359375 0.5859375
vt 0.359375 0.55078125
vt 0.3642578125 0.55078125
vt 0.0517578125 0.54296875
vt 0.0517578125 0.578125
vt 0.046875 0.578125
vt 0.046875 0.54296875
vt 0.2578125 0.5263671875
vt 0.265625 0.5263671875
vt 0.265625 0.53125
vt 0.2578125 0.53125
vt 0.28125 0.5263671875
vt 0.28125 0.53125
vt 0.2734375 0.53125
vt 0.2734375 0.5263671875
vt 0.2890625 0.58984375
vt 0.2890625 0.625
vt 0.28125 0.625
vt 0.28125 0.58984375
vt 0.3046875 0.625
vt 0.296875 0.625
vt 0.296875 0.58984375
vt 0.3046875 0.58984375
vt 0.5146484375 0.7578125
vt 0.5078125 0.7578125
vt 0.5078125 0.755859375
vt 0.5146484375 0.755859375
vt 0.5146484375 0.740234375
vt 0.5146484375 0.7421875
vt 0.5078125 0.7421875
vt 0.5078125 0.740234375
vt 0.171875 0.7744140625
vt 0.1875 0.7744140625
vt 0.1875 0.78125
vt 0.171875 0.78125
vt 0.015625 0.5556640625
vt 0.015625 0.5625
vt 0 0.5625
vt 0 0.5556640625
vt 0.3046875 0.513671875
vt 0.3046875 0.515625
vt 0.2890625 0.515625
vt 0.2890625 0.513671875
vt 0.328125 0.515625
vt 0.3125 0.515625
vt 0.3125 0.513671875
vt 0.328125 0.513671875
vt 0.1767578125 0.5625
vt 0.171875 0.5625
vt 0.171875 0.541015625
vt 0.1767578125 0.541015625
vt 0.2236328125 0.541015625
vt 0.2236328125 0.5625
vt 0.21875 0.5625
vt 0.21875 0.541015625
vt 0.5 0.8623046875
vt 0.5048828125 0.8623046875
vt 0.5048828125 0.8671875
vt 0.5 0.8671875
vt 0.1533203125 0.4951171875
vt 0.1533203125 0.5
vt 0.1484375 0.5
vt 0.1484375 0.4951171875
vt 0.3798828125 0.541015625
vt 0.3798828125 0.5625
vt 0.375 0.5625
vt 0.375 0.541015625
vt 0.3955078125 0.5625
vt 0.390625 0.5625
vt 0.390625 0.541015625
vt 0.3955078125 0.541015625
vt 0.4658203125 0.625
vt 0.4609375 0.625
vt 0.4609375 0.61328125
vt 0.4658203125 0.61328125
vt 0.4111328125 0.52734375
vt 0.4111328125 0.5390625
vt 0.40625 0.5390625
vt 0.40625 0.52734375
vt 0 0.5185546875
vt 0.0068359375 0.5185546875
vt 0.0068359375 0.5234375
vt 0 0.5234375
vt 0.4912109375 0.8623046875
vt 0.4912109375 0.8671875
vt 0.484375 0.8671875
vt 0.484375 0.8623046875
vt 0.0927734375 0.53515625
vt 0.0927734375 0.546875
vt 0.0859375 0.546875
vt 0.0859375 0.53515625
vt 0.4599609375 0.8671875
vt 0.453125 0.8671875
vt 0.453125 0.85546875
vt 0.4599609375 0.85546875
vt 0.369140625 0.5
vt 0.3671875 0.5
vt 0.3671875 0.490234375
vt 0.369140625 0.490234375
vt 0.384765625 0.490234375
vt 0.384765625 0.5
vt 0.3828125 0.5
vt 0.3828125 0.490234375
vt 0.453125 0.638671875
vt 0.4873046875 0.638671875
vt 0.4873046875 0.640625
vt 0.453125 0.640625
vt 0.4873046875 0.568359375
vt 0.4873046875 0.5703125
vt 0.453125 0.5703125
vt 0.453125 0.568359375
vt 0.3623046875 0.787109375
vt 0.3623046875 0.796875
vt 0.328125 0.796875
vt 0.328125 0.787109375
vt 0.3701171875 1
vt 0.3359375 1
vt 0.3359375 0.990234375
vt 0.3701171875 0.990234375
vt 0.517578125 0.53125
vt 0.515625 0.53125
vt 0.515625 0.5283203125
vt 0.517578125 0.5283203125
vt 0.517578125 0.5126953125
vt 0.517578125 0.515625
vt 0.515625 0.515625
vt 0.515625 0.5126953125
vt 0.4609375 0.974609375
vt 0.4912109375 0.974609375
vt 0.4912109375 0.9765625
vt 0.4609375 0.9765625
vt 0.4912109375 0.958984375
vt 0.4912109375 0.9609375
vt 0.4609375 0.9609375
vt 0.4609375 0.958984375
vt 0.4677734375 0.6533203125
vt 0.4677734375 0.65625
vt 0.4375 0.65625
vt 0.4375 0.6533203125
vt 0.4755859375 0.8828125
vt 0.4453125 0.8828125
vt 0.4453125 0.8798828125
vt 0.4755859375 0.8798828125
vt 0.19140625 0.7265625
vt 0.19140625 0.765625
vt 0.171875 0.765625
vt 0.171875 0.7265625
vt 0.203125 0.765625
vt 0.203125 0.7265625
vt 0.22265625 0.7265625
vt 0.22265625 0.765625
vt 0.25390625 0.7890625
vt 0.234375 0.7890625
vt 0.234375 0.75
vt 0.25390625 0.75
vt 0.2421875 0.9609375
vt 0.26171875 0.9609375
vt 0.26171875 1
vt 0.2421875 1
vt 0.2265625 0.8203125
vt 0.2265625 0.859375
vt 0.1953125 0.859375
vt 0.1953125 0.8203125
vt 0.2265625 0.8125
vt 0.1953125 0.8125
vt 0.1953125 0.7734375
vt 0.2265625 0.7734375
vt 0.19140625 0.603515625
vt 0.19140625 0.6171875
vt 0.171875 0.6171875
vt 0.171875 0.603515625
vt 0.494140625 0.943359375
vt 0.494140625 0.9453125
vt 0.4765625 0.9453125
vt 0.4765625 0.943359375
vt 0.494140625 0.927734375
vt 0.494140625 0.9296875
vt 0.4765625 0.9296875
vt 0.4765625 0.927734375
vt 0.171875 0.6484375
vt 0.171875 0.630859375
vt 0.1884765625 0.630859375
vt 0.1884765625 0.6484375
vt 0.3125 0.623046875
vt 0.3125 0.640625
vt 0.3291015625 0.640625
vt 0.3291015625 0.623046875
vt 0.1806640625 0.513671875
vt 0.1806640625 0.515625
vt 0.1640625 0.515625
vt 0.1640625 0.513671875
vt 0.5009765625 0.849609375
vt 0.5009765625 0.8515625
vt 0.484375 0.8515625
vt 0.484375 0.849609375
vt 0.046875 0.7109375
vt 0.046875 0.75
vt 0.03125 0.75
vt 0.03125 0.7109375
vt 0.1640625 0.7109375
vt 0.1640625 0.75
vt 0.1484375 0.75
vt 0.1484375 0.7109375
vt 0.3671875 0.84375
vt 0.3671875 0.828125
vt 0.3857421875 0.828125
vt 0.3857421875 0.84375
vt 0.3671875 0.8046875
vt 0.3671875 0.8203125
vt 0.3857421875 0.8203125
vt 0.3857421875 0.8046875
vt 0.1044921875 0.71875
vt 0.1044921875 0.7578125
vt 0.0859375 0.7578125
vt 0.0859375 0.71875
vt 0.0732421875 0.71875
vt 0.0732421875 0.7578125
vt 0.0546875 0.7578125
vt 0.0546875 0.71875
vt 0.494140625 0.912109375
vt 0.494140625 0.9140625
vt 0.4765625 0.9140625
vt 0.4765625 0.912109375
vt 0.494140625 0.896484375
vt 0.494140625 0.8984375
vt 0.4765625 0.8984375
vt 0.4765625 0.896484375
vt 0.25 0.671875
vt 0.25 0.654296875
vt 0.26953125 0.654296875
vt 0.26953125 0.671875
vt 0.28125 0.654296875
vt 0.28125 0.671875
vt 0.30078125 0.671875
vt 0.30078125 0.654296875
vt 0.48828125 0.708984375
vt 0.48828125 0.7109375
vt 0.46875 0.7109375
vt 0.46875 0.708984375
vt 0.30859375 0.529296875
vt 0.30859375 0.53125
vt 0.2890625 0.53125
vt 0.2890625 0.529296875
vt 0.494140625 0.818359375
vt 0.494140625 0.8203125
vt 0.4765625 0.8203125
vt 0.4765625 0.818359375
vt 0.494140625 0.787109375
vt 0.494140625 0.7890625
vt 0.4765625 0.7890625
vt 0.4765625 0.787109375
vt 0.3125 0.671875
vt 0.3125 0.654296875
vt 0.33203125 0.654296875
vt 0.33203125 0.671875
vt 0.0546875 0.646484375
vt 0.0546875 0.6640625
vt 0.07421875 0.6640625
vt 0.07421875 0.646484375
vt 0.33984375 0.529296875
vt 0.33984375 0.53125
vt 0.3203125 0.53125
vt 0.3203125 0.529296875
vt 0.48828125 0.693359375
vt 0.48828125 0.6953125
vt 0.46875 0.6953125
vt 0.46875 0.693359375
vt 0.494140625 0.771484375
vt 0.494140625 0.7734375
vt 0.4765625 0.7734375
vt 0.4765625 0.771484375
vt 0.494140625 0.755859375
vt 0.494140625 0.7578125
vt 0.4765625 0.7578125
vt 0.4765625 0.755859375
vt 0.0625 0.6328125
vt 0.0625 0.615234375
vt 0.0791015625 0.615234375
vt 0.0791015625 0.6328125
vt 0.09375 0.615234375
vt 0.09375 0.6328125
vt 0.1103515625 0.6328125
vt 0.1103515625 0.615234375
vt 0.2119140625 0.513671875
vt 0.2119140625 0.515625
vt 0.1953125 0.515625
vt 0.1953125 0.513671875
vt 0.5009765625 0.833984375
vt 0.5009765625 0.8359375
vt 0.484375 0.8359375
vt 0.484375 0.833984375
vt 0.25 0.703125
vt 0.25 0.7421875
vt 0.234375 0.7421875
vt 0.234375 0.703125
vt 0.2734375 0.703125
vt 0.2734375 0.7421875
vt 0.2578125 0.7421875
vt 0.2578125 0.703125
vt 0.34375 0.953125
vt 0.34375 0.9375
vt 0.36328125 0.9375
vt 0.36328125 0.953125
vt 0.34375 0.9140625
vt 0.34375 0.9296875
vt 0.36328125 0.9296875
vt 0.36328125 0.9140625
vt 0.25390625 0.796875
vt 0.25390625 0.8359375
vt 0.234375 0.8359375
vt 0.234375 0.796875
vt 0.25390625 0.84375
vt 0.25390625 0.8828125
vt 0.234375 0.8828125
vt 0.234375 0.84375
vt 0.494140625 0.740234375
vt 0.494140625 0.7421875
vt 0.4765625 0.7421875
vt 0.4765625 0.740234375
vt 0.494140625 0.724609375
vt 0.494140625 0.7265625
vt 0.4765625 0.7265625
vt 0.4765625 0.724609375
vt 0.125 0.6328125
vt 0.125 0.615234375
vt 0.1416015625 0.615234375
vt 0.1416015625 0.6328125
vt 0.3671875 0.857421875
vt 0.3671875 0.875
vt 0.3837890625 0.875
vt 0.3837890625 0.857421875
vt 0.2744140625 0.513671875
vt 0.2744140625 0.515625
vt 0.2578125 0.515625
vt 0.2578125 0.513671875
vt 0.2431640625 0.513671875
vt 0.2431640625 0.515625
vt 0.2265625 0.515625
vt 0.2265625 0.513671875
vt 0.494140625 0.662109375
vt 0.494140625 0.6640625
vt 0.4765625 0.6640625
vt 0.4765625 0.662109375
vt 0.494140625 0.623046875
vt 0.494140625 0.625
vt 0.4765625 0.625
vt 0.4765625 0.623046875
vt 0.3359375 0.859375
vt 0.3359375 0.841796875
vt 0.35546875 0.841796875
vt 0.35546875 0.859375
vt 0.3359375 0.810546875
vt 0.3359375 0.828125
vt 0.35546875 0.828125
vt 0.35546875 0.810546875
vt 0.38671875 0.529296875
vt 0.38671875 0.53125
vt 0.3671875 0.53125
vt 0.3671875 0.529296875
vt 0.48828125 0.677734375
vt 0.48828125 0.6796875
vt 0.46875 0.6796875
vt 0.46875 0.677734375
vt 0.28125 0.9140625
vt 0.28125 0.953125
vt 0.265625 0.953125
vt 0.265625 0.9140625
vt 0.28125 0.8671875
vt 0.28125 0.90625
vt 0.265625 0.90625
vt 0.265625 0.8671875
vt 0.34375 0.6328125
vt 0.34375 0.6171875
vt 0.3623046875 0.6171875
vt 0.3623046875 0.6328125
vt 0.375 0.9453125
vt 0.375 0.9609375
vt 0.3935546875 0.9609375
vt 0.3935546875 0.9453125
vt 0.1357421875 0.7109375
vt 0.1357421875 0.75
vt 0.1171875 0.75
vt 0.1171875 0.7109375
vt 0.0185546875 0.7109375
vt 0.0185546875 0.75
vt 0 0.75
vt 0 0.7109375
vt 0.4580078125 0.513671875
vt 0.4580078125 0.515625
vt 0.4453125 0.515625
vt 0.4453125 0.513671875
vt 0.0908203125 0.505859375
vt 0.0908203125 0.5078125
vt 0.078125 0.5078125
vt 0.078125 0.505859375
vt 0.21875 0.71875
vt 0.21875 0.7060546875
vt 0.2265625 0.7060546875
vt 0.2265625 0.71875
vt 0.3984375 0.7685546875
vt 0.3984375 0.78125
vt 0.40625 0.78125
vt 0.40625 0.7685546875
vt 0.0078125 0.490234375
vt 0.0078125 0.4921875
vt 0 0.4921875
vt 0 0.490234375
vt 0.5078125 0.568359375
vt 0.5078125 0.5703125
vt 0.5 0.5703125
vt 0.5 0.568359375
vt 0.4814453125 0.505859375
vt 0.4814453125 0.5078125
vt 0.46875 0.5078125
vt 0.46875 0.505859375
vt 0.5048828125 0.505859375
vt 0.5048828125 0.5078125
vt 0.4921875 0.5078125
vt 0.4921875 0.505859375
vt 0.40625 0.5625
vt 0.40625 0.5498046875
vt 0.4140625 0.5498046875
vt 0.4140625 0.5625
vt 0.4453125 0.9638671875
vt 0.4453125 0.9765625
vt 0.453125 0.9765625
vt 0.453125 0.9638671875
vt 0.0390625 0.490234375
vt 0.0390625 0.4921875
vt 0.03125 0.4921875
vt 0.03125 0.490234375
vt 0.0234375 0.490234375
vt 0.0234375 0.4921875
vt 0.015625 0.4921875
vt 0.015625 0.490234375
vt 0.3017578125 0.923828125
vt 0.3017578125 0.9609375
vt 0.2890625 0.9609375
vt 0.2890625 0.923828125
vt 0.0673828125 0.673828125
vt 0.0673828125 0.7109375
vt 0.0546875 0.7109375
vt 0.0546875 0.673828125
vt 0.4453125 0.953125
vt 0.4453125 0.9404296875
vt 0.453125 0.9404296875
vt 0.453125 0.953125
vt 0.4453125 0.9169921875
vt 0.4453125 0.9296875
vt 0.453125 0.9296875
vt 0.453125 0.9169921875
vt 0.2578125 0.587890625
vt 0.2578125 0.625
vt 0.25 0.625
vt 0.25 0.587890625
vt 0.1640625 0.587890625
vt 0.1640625 0.625
vt 0.15625 0.625
vt 0.15625 0.587890625
vt 0.5126953125 0.982421875
vt 0.5126953125 0.984375
vt 0.5 0.984375
vt 0.5 0.982421875
vt 0.5126953125 0.966796875
vt 0.5126953125 0.96875
vt 0.5 0.96875
vt 0.5 0.966796875
vt 0.4453125 0.90625
vt 0.4453125 0.8935546875
vt 0.453125 0.8935546875
vt 0.453125 0.90625
vt 0.109375 0.5419921875
vt 0.109375 0.5546875
vt 0.1171875 0.5546875
vt 0.1171875 0.5419921875
vt 0.515625 0.951171875
vt 0.515625 0.953125
vt 0.5078125 0.953125
vt 0.5078125 0.951171875
vt 0.0546875 0.490234375
vt 0.0546875 0.4921875
vt 0.046875 0.4921875
vt 0.046875 0.490234375
vt 0.1142578125 0.498046875
vt 0.1142578125 0.5
vt 0.1015625 0.5
vt 0.1015625 0.498046875
vt 0.1376953125 0.498046875
vt 0.1376953125 0.5
vt 0.125 0.5
vt 0.125 0.498046875
vt 0.125 0.5546875
vt 0.125 0.5419921875
vt 0.1328125 0.5419921875
vt 0.1328125 0.5546875
vt 0.140625 0.5419921875
vt 0.140625 0.5546875
vt 0.1484375 0.5546875
vt 0.1484375 0.5419921875
vt 0.515625 0.935546875
vt 0.515625 0.9375
vt 0.5078125 0.9375
vt 0.5078125 0.935546875
vt 0.0703125 0.490234375
vt 0.0703125 0.4921875
vt 0.0625 0.4921875
vt 0.0625 0.490234375
vt 0.0908203125 0.673828125
vt 0.0908203125 0.7109375
vt 0.078125 0.7109375
vt 0.078125 0.673828125
vt 0.3017578125 0.876953125
vt 0.3017578125 0.9140625
vt 0.2890625 0.9140625
vt 0.2890625 0.876953125
vt 0.15625 0.5546875
vt 0.15625 0.5419921875
vt 0.1640625 0.5419921875
vt 0.1640625 0.5546875
vt 0.1875 0.5419921875
vt 0.1875 0.5546875
vt 0.1953125 0.5546875
vt 0.1953125 0.5419921875
vt 0.2734375 0.587890625
vt 0.2734375 0.625
vt 0.265625 0.625
vt 0.265625 0.587890625
vt 0.3828125 0.705078125
vt 0.3828125 0.7421875
vt 0.375 0.7421875
vt 0.375 0.705078125
vt 0.291015625 0.490234375
vt 0.291015625 0.5
vt 0.2890625 0.5
vt 0.2890625 0.490234375
vt 0.501953125 0.701171875
vt 0.501953125 0.7109375
vt 0.5 0.7109375
vt 0.5 0.701171875
vt 0.5078125 0.625
vt 0.5078125 0.623046875
vt 0.513671875 0.623046875
vt 0.513671875 0.625
vt 0.4609375 0.490234375
vt 0.4609375 0.4921875
vt 0.466796875 0.4921875
vt 0.466796875 0.490234375
vt 0.466796875 0.912109375
vt 0.466796875 0.921875
vt 0.4609375 0.921875
vt 0.4609375 0.912109375
vt 0.466796875 0.935546875
vt 0.466796875 0.9453125
vt 0.4609375 0.9453125
vt 0.4609375 0.935546875
vt 0.306640625 0.490234375
vt 0.306640625 0.5
vt 0.3046875 0.5
vt 0.3046875 0.490234375
vt 0.501953125 0.677734375
vt 0.501953125 0.6875
vt 0.5 0.6875
vt 0.5 0.677734375
vt 0.4765625 0.4921875
vt 0.4765625 0.490234375
vt 0.482421875 0.490234375
vt 0.482421875 0.4921875
vt 0.4921875 0.490234375
vt 0.4921875 0.4921875
vt 0.498046875 0.4921875
vt 0.498046875 0.490234375
vt 0.466796875 0.748046875
vt 0.466796875 0.7578125
vt 0.4609375 0.7578125
vt 0.4609375 0.748046875
vt 0.466796875 0.771484375
vt 0.466796875 0.78125
vt 0.4609375 0.78125
vt 0.4609375 0.771484375
vt 0.322265625 0.490234375
vt 0.322265625 0.5
vt 0.3203125 0.5
vt 0.3203125 0.490234375
vt 0.501953125 0.638671875
vt 0.501953125 0.6484375
vt 0.5 0.6484375
vt 0.5 0.638671875
vt 0.5078125 0.4921875
vt 0.5078125 0.490234375
vt 0.513671875 0.490234375
vt 0.513671875 0.4921875
vt 0.1015625 0.482421875
vt 0.1015625 0.484375
vt 0.107421875 0.484375
vt 0.107421875 0.482421875
vt 0.357421875 0.529296875
vt 0.357421875 0.5390625
vt 0.3515625 0.5390625
vt 0.3515625 0.529296875
vt 0.466796875 0.724609375
vt 0.466796875 0.734375
vt 0.4609375 0.734375
vt 0.4609375 0.724609375
vt 0.09375 0.4912109375
vt 0.09375 0.4921875
vt 0.078125 0.4921875
vt 0.078125 0.4912109375
vt 0.5234375 0.9208984375
vt 0.5234375 0.921875
vt 0.5078125 0.921875
vt 0.5078125 0.9208984375
vt 0.2890625 0.796875
vt 0.2890625 0.78125
vt 0.31640625 0.78125
vt 0.31640625 0.796875
vt 0 0.6875
vt 0 0.703125
vt 0.02734375 0.703125
vt 0.02734375 0.6875
vt 0.43359375 0.5146484375
vt 0.43359375 0.515625
vt 0.40625 0.515625
vt 0.40625 0.5146484375
vt 0.39453125 0.5146484375
vt 0.39453125 0.515625
vt 0.3671875 0.515625
vt 0.3671875 0.5146484375
vt 0.2578125 0.935546875
vt 0.2578125 0.953125
vt 0.2421875 0.953125
vt 0.2421875 0.935546875
vt 0.390625 0.919921875
vt 0.390625 0.9375
vt 0.375 0.9375
vt 0.375 0.919921875
vt 0.296875 1
vt 0.296875 0.984375
vt 0.32421875 0.984375
vt 0.32421875 1
vt 0.1015625 0.6875
vt 0.1015625 0.703125
vt 0.12890625 0.703125
vt 0.12890625 0.6875
vt 0.30859375 0.708984375
vt 0.30859375 0.7265625
vt 0.28125 0.7265625
vt 0.28125 0.708984375
vt 0.30859375 0.740234375
vt 0.30859375 0.7578125
vt 0.28125 0.7578125
vt 0.28125 0.740234375
vt 0.5234375 0.9052734375
vt 0.5234375 0.90625
vt 0.5078125 0.90625
vt 0.5078125 0.9052734375
vt 0.5234375 0.8193359375
vt 0.5234375 0.8203125
vt 0.5078125 0.8203125
vt 0.5078125 0.8193359375
vt 0.21875 0.6953125
vt 0.21875 0.6796875
vt 0.24609375 0.6796875
vt 0.24609375 0.6953125
vt 0.2578125 0.6796875
vt 0.2578125 0.6953125
vt 0.28515625 0.6953125
vt 0.28515625 0.6796875
vt 0.06640625 0.5068359375
vt 0.06640625 0.5078125
vt 0.0390625 0.5078125
vt 0.0390625 0.5068359375
vt 0.02734375 0.5068359375
vt 0.02734375 0.5078125
vt 0 0.5078125
vt 0 0.5068359375
vt 0.072265625 0.560546875
vt 0.072265625 0.578125
vt 0.0625 0.578125
vt 0.0625 0.560546875
vt 0.095703125 0.560546875
vt 0.095703125 0.578125
vt 0.0859375 0.578125
vt 0.0859375 0.560546875
vt 0.4375 0.6171875
vt 0.4375 0.607421875
vt 0.4482421875 0.607421875
vt 0.4482421875 0.6171875
vt 0.4453125 0.990234375
vt 0.4453125 1
vt 0.4560546875 1
vt 0.4560546875 0.990234375
vt 0.2294921875 0.576171875
vt 0.2294921875 0.59375
vt 0.21875 0.59375
vt 0.21875 0.576171875
vt 0.1826171875 0.576171875
vt 0.1826171875 0.59375
vt 0.171875 0.59375
vt 0.171875 0.576171875
vt 0.5224609375 0.7880859375
vt 0.5224609375 0.7890625
vt 0.5078125 0.7890625
vt 0.5078125 0.7880859375
vt 0.5224609375 0.7724609375
vt 0.5224609375 0.7734375
vt 0.5078125 0.7734375
vt 0.5078125 0.7724609375
vt 0.2109375 0.8828125
vt 0.2109375 0.8681640625
vt 0.22265625 0.8681640625
vt 0.22265625 0.8828125
vt 0.4140625 0.6025390625
vt 0.4140625 0.6171875
vt 0.42578125 0.6171875
vt 0.42578125 0.6025390625
vt 0.52734375 0.8662109375
vt 0.52734375 0.8671875
vt 0.515625 0.8671875
vt 0.515625 0.8662109375
vt 0.12890625 0.4833984375
vt 0.12890625 0.484375
vt 0.1171875 0.484375
vt 0.1171875 0.4833984375
vt 0.521484375 0.7255859375
vt 0.521484375 0.7265625
vt 0.5078125 0.7265625
vt 0.5078125 0.7255859375
vt 0.521484375 0.6630859375
vt 0.521484375 0.6640625
vt 0.5078125 0.6640625
vt 0.5078125 0.6630859375
vt 0.1953125 0.578125
vt 0.1953125 0.564453125
vt 0.20703125 0.564453125
vt 0.20703125 0.578125
vt 0.421875 0.580078125
vt 0.421875 0.59375
vt 0.43359375 0.59375
vt 0.43359375 0.580078125
vt 0.52734375 0.8505859375
vt 0.52734375 0.8515625
vt 0.515625 0.8515625
vt 0.515625 0.8505859375
vt 0.15234375 0.4833984375
vt 0.15234375 0.484375
vt 0.140625 0.484375
vt 0.140625 0.4833984375
vt 0.4677734375 0.890625
vt 0.4677734375 0.8984375
vt 0.4609375 0.8984375
vt 0.4609375 0.890625
vt 0.4677734375 0.8125
vt 0.4677734375 0.8203125
vt 0.4609375 0.8203125
vt 0.4609375 0.8125
vt 0.390625 0.90625
vt 0.390625 0.8994140625
vt 0.421875 0.8994140625
vt 0.421875 0.90625
vt 0.390625 0.7119140625
vt 0.390625 0.71875
vt 0.421875 0.71875
vt 0.421875 0.7119140625
vt 0.4140625 0.8828125
vt 0.4140625 0.890625
vt 0.3828125 0.890625
vt 0.3828125 0.8828125
vt 0.03125 0.640625
vt 0.03125 0.6484375
vt 0 0.6484375
vt 0 0.640625
vt 0.1240234375 0.5234375
vt 0.1240234375 0.53125
vt 0.1171875 0.53125
vt 0.1171875 0.5234375
vt 0.1396484375 0.5234375
vt 0.1396484375 0.53125
vt 0.1328125 0.53125
vt 0.1328125 0.5234375
vt 0.46875 0.8671875
vt 0.46875 0.8603515625
vt 0.4765625 0.8603515625
vt 0.4765625 0.8671875
vt 0.1484375 0.5244140625
vt 0.1484375 0.53125
vt 0.15625 0.53125
vt 0.15625 0.5244140625
vt 0.2734375 0.75
vt 0.2734375 0.7578125
vt 0.265625 0.7578125
vt 0.265625 0.75
vt 0.125 0.7890625
vt 0.125 0.796875
vt 0.1171875 0.796875
vt 0.1171875 0.7890625
vt 0.4755859375 0.84375
vt 0.4755859375 0.8515625
vt 0.46875 0.8515625
vt 0.46875 0.84375
vt 0.1708984375 0.5234375
vt 0.1708984375 0.53125
vt 0.1640625 0.53125
vt 0.1640625 0.5234375
vt 0.46875 0.8359375
vt 0.46875 0.8291015625
vt 0.4765625 0.8291015625
vt 0.4765625 0.8359375
vt 0.1796875 0.5244140625
vt 0.1796875 0.53125
vt 0.1875 0.53125
vt 0.1875 0.5244140625
vt 0.09375 0.65625
vt 0.09375 0.6640625
vt 0.0859375 0.6640625
vt 0.0859375 0.65625
vt 0.3046875 0.96875
vt 0.3046875 0.9765625
vt 0.296875 0.9765625
vt 0.296875 0.96875
vt 0.0390625 0.578125
vt 0.0390625 0.6015625
vt 0.03125 0.6015625
vt 0.03125 0.578125
vt 0.3828125 0.5703125
vt 0.3828125 0.59375
vt 0.375 0.59375
vt 0.375 0.5703125
vt 0.328125 0.890625
vt 0.328125 0.8828125
vt 0.3701171875 0.8828125
vt 0.3701171875 0.890625
vt 0.3359375 0.6875
vt 0.3359375 0.6953125
vt 0.3779296875 0.6953125
vt 0.3779296875 0.6875
vt 0.1591796875 0.7578125
vt 0.1591796875 0.78125
vt 0.1171875 0.78125
vt 0.1171875 0.7578125
vt 0.0419921875 0.7578125
vt 0.0419921875 0.78125
vt 0 0.78125
vt 0 0.7578125
vt 0.4384765625 0.8515625
vt 0.4384765625 0.8671875
vt 0.4296875 0.8671875
vt 0.4296875 0.8515625
vt 0.4384765625 0.828125
vt 0.4384765625 0.84375
vt 0.4296875 0.84375
vt 0.4296875 0.828125
vt 0.375 0.6171875
vt 0.375 0.6083984375
vt 0.4013671875 0.6083984375
vt 0.4013671875 0.6171875
vt 0.390625 0.7333984375
vt 0.390625 0.7421875
vt 0.4169921875 0.7421875
vt 0.4169921875 0.7333984375
vt 0.3388671875 0.9609375
vt 0.3388671875 0.9765625
vt 0.3125 0.9765625
vt 0.3125 0.9609375
vt 0.3232421875 0.6796875
vt 0.3232421875 0.6953125
vt 0.296875 0.6953125
vt 0.296875 0.6796875
vt 0.046875 0.650390625
vt 0.046875 0.703125
vt 0.0390625 0.703125
vt 0.0390625 0.650390625
vt 0.1484375 0.650390625
vt 0.1484375 0.703125
vt 0.140625 0.703125
vt 0.140625 0.650390625
vt 0.265625 0.859375
vt 0.265625 0.8515625
vt 0.328125 0.8515625
vt 0.328125 0.859375
vt 0.265625 0.8359375
vt 0.265625 0.84375
vt 0.328125 0.84375
vt 0.328125 0.8359375
vt 0.1328125 0.869140625
vt 0.1328125 0.921875
vt 0.0703125 0.921875
vt 0.0703125 0.869140625
vt 0.0625 0.869140625
vt 0.0625 0.921875
vt 0 0.921875
vt 0 0.869140625
vt 0.2109375 0.630859375
vt 0.2109375 0.6796875
vt 0.203125 0.6796875
vt 0.203125 0.630859375
vt 0.3359375 0.904296875
vt 0.3359375 0.953125
vt 0.328125 0.953125
vt 0.328125 0.904296875
vt 0.265625 0.828125
vt 0.265625 0.8203125
vt 0.328125 0.8203125
vt 0.328125 0.828125
vt 0.265625 0.8046875
vt 0.265625 0.8125
vt 0.328125 0.8125
vt 0.328125 0.8046875
vt 0.203125 0.873046875
vt 0.203125 0.921875
vt 0.140625 0.921875
vt 0.140625 0.873046875
vt 0.125 0.810546875
vt 0.125 0.859375
vt 0.0625 0.859375
vt 0.0625 0.810546875
vt 0.162109375 0.6357421875
vt 0.162109375 0.703125
vt 0.15625 0.703125
vt 0.15625 0.6357421875
vt 0.318359375 0.8857421875
vt 0.318359375 0.953125
vt 0.3125 0.953125
vt 0.3125 0.8857421875
vt 0.3515625 0.7578125
vt 0.3515625 0.751953125
vt 0.40234375 0.751953125
vt 0.40234375 0.7578125
vt 0.34375 0.642578125
vt 0.34375 0.6484375
vt 0.39453125 0.6484375
vt 0.39453125 0.642578125
vt 0.11328125 0.9326171875
vt 0.11328125 1
vt 0.0625 1
vt 0.0625 0.9326171875
vt 0.05078125 0.9326171875
vt 0.05078125 1
vt 0 1
vt 0 0.9326171875
vt 0.224609375 0.6083984375
vt 0.224609375 0.671875
vt 0.21875 0.671875
vt 0.21875 0.6083984375
vt 0.240234375 0.6083984375
vt 0.240234375 0.671875
vt 0.234375 0.671875
vt 0.234375 0.6083984375
vt 0.25 0.640625
vt 0.25 0.634765625
vt 0.30078125 0.634765625
vt 0.30078125 0.640625
vt 0 0.626953125
vt 0 0.6328125
vt 0.05078125 0.6328125
vt 0.05078125 0.626953125
vt 0.05078125 0.7958984375
vt 0.05078125 0.859375
vt 0 0.859375
vt 0 0.7958984375
vt 0.17578125 0.9365234375
vt 0.17578125 1
vt 0.125 1
vt 0.125 0.9365234375
vt 0.0078125 0.576171875
vt 0.0078125 0.6015625
vt 0 0.6015625
vt 0 0.576171875
vt 0.0234375 0.576171875
vt 0.0234375 0.6015625
vt 0.015625 0.6015625
vt 0.015625 0.576171875
vt 0.3125 0.875
vt 0.3125 0.8671875
vt 0.359375 0.8671875
vt 0.359375 0.875
vt 0.3203125 0.734375
vt 0.3203125 0.7421875
vt 0.3671875 0.7421875
vt 0.3671875 0.734375
vt 0.2578125 0.896484375
vt 0.2578125 0.921875
vt 0.2109375 0.921875
vt 0.2109375 0.896484375
vt 0.109375 0.771484375
vt 0.109375 0.796875
vt 0.0625 0.796875
vt 0.0625 0.771484375
vt 0.0546875 0.58984375
vt 0.0546875 0.6171875
vt 0.046875 0.6171875
vt 0.046875 0.58984375
vt 0.2109375 0.58984375
vt 0.2109375 0.6171875
vt 0.203125 0.6171875
vt 0.203125 0.58984375
vt 0.3203125 0.7265625
vt 0.3203125 0.71875
vt 0.3671875 0.71875
vt 0.3671875 0.7265625
vt 0.3203125 0.703125
vt 0.3203125 0.7109375
vt 0.3671875 0.7109375
vt 0.3671875 0.703125
vt 0.234375 0.93359375
vt 0.234375 0.9609375
vt 0.1875 0.9609375
vt 0.1875 0.93359375
vt 0.234375 0.97265625
vt 0.234375 1
vt 0.1875 1
vt 0.1875 0.97265625
vt 0.2109375 0.5419921875
vt 0.2109375 0.5546875
vt 0.203125 0.5546875
vt 0.203125 0.5419921875
vt 0.2421875 0.5419921875
vt 0.2421875 0.5546875
vt 0.234375 0.5546875
vt 0.234375 0.5419921875
vt 0.4296875 0.8203125
vt 0.4296875 0.8125
vt 0.4462890625 0.8125
vt 0.4462890625 0.8203125
vt 0.4296875 0.7734375
vt 0.4296875 0.78125
vt 0.4462890625 0.78125
vt 0.4462890625 0.7734375
vt 0.3291015625 0.5966796875
vt 0.3291015625 0.609375
vt 0.3125 0.609375
vt 0.3125 0.5966796875
vt 0.4072265625 0.6904296875
vt 0.4072265625 0.703125
vt 0.390625 0.703125
vt 0.390625 0.6904296875
vt 0.2900390625 0.544921875
vt 0.2900390625 0.5546875
vt 0.28125 0.5546875
vt 0.28125 0.544921875
vt 0.3134765625 0.544921875
vt 0.3134765625 0.5546875
vt 0.3046875 0.5546875
vt 0.3046875 0.544921875
vt 0.109375 0.578125
vt 0.109375 0.5693359375
vt 0.12890625 0.5693359375
vt 0.12890625 0.578125
vt 0.140625 0.5693359375
vt 0.140625 0.578125
vt 0.16015625 0.578125
vt 0.16015625 0.5693359375
vt 0.08203125 0.591796875
vt 0.08203125 0.6015625
vt 0.0625 0.6015625
vt 0.0625 0.591796875
vt 0.41796875 0.974609375
vt 0.41796875 0.984375
vt 0.3984375 0.984375
vt 0.3984375 0.974609375
vt 0.3369140625 0.544921875
vt 0.3369140625 0.5546875
vt 0.328125 0.5546875
vt 0.328125 0.544921875
vt 0.4541015625 0.583984375
vt 0.4541015625 0.59375
vt 0.4453125 0.59375
vt 0.4453125 0.583984375
vt 0.421875 0.8046875
vt 0.421875 0.7958984375
vt 0.44140625 0.7958984375
vt 0.44140625 0.8046875
vt 0.2421875 0.5693359375
vt 0.2421875 0.578125
vt 0.26171875 0.578125
vt 0.26171875 0.5693359375
vt 0.11328125 0.591796875
vt 0.11328125 0.6015625
vt 0.09375 0.6015625
vt 0.09375 0.591796875
vt 0.41796875 0.927734375
vt 0.41796875 0.9375
vt 0.3984375 0.9375
vt 0.3984375 0.927734375
vt 0.3984375 0.5703125
vt 0.3984375 0.59375
vt 0.390625 0.59375
vt 0.390625 0.5703125
vt 0.4140625 0.5703125
vt 0.4140625 0.59375
vt 0.40625 0.59375
vt 0.40625 0.5703125
vt 0.4296875 0.765625
vt 0.4296875 0.7578125
vt 0.4462890625 0.7578125
vt 0.4462890625 0.765625
vt 0.4296875 0.7421875
vt 0.4296875 0.75
vt 0.4462890625 0.75
vt 0.4462890625 0.7421875
vt 0.1181640625 0.65625
vt 0.1181640625 0.6796875
vt 0.1015625 0.6796875
vt 0.1015625 0.65625
vt 0.0166015625 0.65625
vt 0.0166015625 0.6796875
vt 0 0.6796875
vt 0 0.65625
vt 0.2578125 0.5419921875
vt 0.2578125 0.5546875
vt 0.25 0.5546875
vt 0.25 0.5419921875
vt 0.2734375 0.5419921875
vt 0.2734375 0.5546875
vt 0.265625 0.5546875
vt 0.265625 0.5419921875
vt 0.4296875 0.734375
vt 0.4296875 0.7265625
vt 0.4462890625 0.7265625
vt 0.4462890625 0.734375
vt 0.4296875 0.7109375
vt 0.4296875 0.71875
vt 0.4462890625 0.71875
vt 0.4462890625 0.7109375
vt 0.3603515625 0.5966796875
vt 0.3603515625 0.609375
vt 0.34375 0.609375
vt 0.34375 0.5966796875
vt 0.4072265625 0.6669921875
vt 0.4072265625 0.6796875
vt 0.390625 0.6796875
vt 0.390625 0.6669921875
vt 0.4306640625 0.544921875
vt 0.4306640625 0.5546875
vt 0.421875 0.5546875
vt 0.421875 0.544921875
vt 0.4541015625 0.544921875
vt 0.4541015625 0.5546875
vt 0.4453125 0.5546875
vt 0.4453125 0.544921875
vt 0.2734375 0.578125
vt 0.2734375 0.5693359375
vt 0.29296875 0.5693359375
vt 0.29296875 0.578125
vt 0.421875 0.6943359375
vt 0.421875 0.703125
vt 0.44140625 0.703125
vt 0.44140625 0.6943359375
vt 0.41796875 0.865234375
vt 0.41796875 0.875
vt 0.3984375 0.875
vt 0.3984375 0.865234375
vt 0.14453125 0.591796875
vt 0.14453125 0.6015625
vt 0.125 0.6015625
vt 0.125 0.591796875
vt 0.421875 0.7578125
vt 0.421875 0.78125
vt 0.4140625 0.78125
vt 0.4140625 0.7578125
vt 0.3203125 0.5625
vt 0.3203125 0.5859375
vt 0.3125 0.5859375
vt 0.3125 0.5625
vt 0.328125 0.5703125
vt 0.328125 0.5625
vt 0.3447265625 0.5625
vt 0.3447265625 0.5703125
vt 0.421875 0.5625
vt 0.421875 0.5703125
vt 0.4384765625 0.5703125
vt 0.4384765625 0.5625
vt 0.3369140625 0.75
vt 0.3369140625 0.7734375
vt 0.3203125 0.7734375
vt 0.3203125 0.75
vt 0.1884765625 0.65625
vt 0.1884765625 0.6796875
vt 0.171875 0.6796875
vt 0.171875 0.65625
vt 0.0087890625 0.537109375
vt 0.0087890625 0.546875
vt 0 0.546875
vt 0 0.537109375
vt 0.0712890625 0.537109375
vt 0.0712890625 0.546875
vt 0.0625 0.546875
vt 0.0625 0.537109375
vt 0.421875 0.6796875
vt 0.421875 0.6708984375
vt 0.44140625 0.6708984375
vt 0.44140625 0.6796875
vt 0.421875 0.6318359375
vt 0.421875 0.640625
vt 0.44140625 0.640625
vt 0.44140625 0.6318359375
vt 0.41796875 0.818359375
vt 0.41796875 0.828125
vt 0.3984375 0.828125
vt 0.3984375 0.818359375
vt 0.41796875 0.841796875
vt 0.41796875 0.8515625
vt 0.3984375 0.8515625
vt 0.3984375 0.841796875
vt 0.28125 0.765625
vt 0.28125 0.796875
vt 0.265625 0.796875
vt 0.265625 0.765625
vt 0.2890625 0.96875
vt 0.2890625 1
vt 0.2734375 1
vt 0.2734375 0.96875
vt 0.453125 0.84375
vt 0.453125 0.828125
vt 0.4580078125 0.828125
vt 0.4580078125 0.84375
vt 0.453125 0.7890625
vt 0.453125 0.8046875
vt 0.4580078125 0.8046875
vt 0.4580078125 0.7890625
vt 0.0361328125 0.5390625
vt 0.0361328125 0.5703125
vt 0.03125 0.5703125
vt 0.03125 0.5390625
vt 0.4345703125 0.96875
vt 0.4345703125 1
vt 0.4296875 1
vt 0.4296875 0.96875
vt 0.1875 0.6875
vt 0.1875 0.71875
vt 0.171875 0.71875
vt 0.171875 0.6875
vt 0.2109375 0.6875
vt 0.2109375 0.71875
vt 0.1953125 0.71875
vt 0.1953125 0.6875
vt 0.453125 0.703125
vt 0.453125 0.6875
vt 0.4580078125 0.6875
vt 0.4580078125 0.703125
vt 0.453125 0.6640625
vt 0.453125 0.6796875
vt 0.4580078125 0.6796875
vt 0.4580078125 0.6640625
vt 0.4345703125 0.875
vt 0.4345703125 0.90625
vt 0.4296875 0.90625
vt 0.4296875 0.875
vt 0.4345703125 0.9140625
vt 0.4345703125 0.9453125
vt 0.4296875 0.9453125
vt 0.4296875 0.9140625
vt 0.2119140625 0.4765625
vt 0.2119140625 0.484375
vt 0.2109375 0.484375
vt 0.2109375 0.4765625
vt 0.2275390625 0.4765625
vt 0.2275390625 0.484375
vt 0.2265625 0.484375
vt 0.2265625 0.4765625
vt 0.46875 0.5234375
vt 0.46875 0.5224609375
vt 0.50390625 0.5224609375
vt 0.50390625 0.5234375
vt 0.484375 0.9990234375
vt 0.484375 1
vt 0.51953125 1
vt 0.51953125 0.9990234375
vt 0.41015625 0.625
vt 0.41015625 0.6328125
vt 0.375 0.6328125
vt 0.375 0.625
vt 0.41015625 0.7890625
vt 0.41015625 0.796875
vt 0.375 0.796875
vt 0.375 0.7890625
vt 0.2431640625 0.4765625
vt 0.2431640625 0.484375
vt 0.2421875 0.484375
vt 0.2421875 0.4765625
vt 0.2587890625 0.4765625
vt 0.2587890625 0.484375
vt 0.2578125 0.484375
vt 0.2578125 0.4765625
vt 0.1640625 0.5
vt 0.1640625 0.4990234375
vt 0.1875 0.4990234375
vt 0.1875 0.5
vt 0.1953125 0.4990234375
vt 0.1953125 0.5
vt 0.21875 0.5
vt 0.21875 0.4990234375
vt 0.4296875 0.953125
vt 0.4296875 0.9609375
vt 0.40625 0.9609375
vt 0.40625 0.953125
vt 0.3125 0.765625
vt 0.3125 0.7734375
vt 0.2890625 0.7734375
vt 0.2890625 0.765625
vt 0.2744140625 0.4765625
vt 0.2744140625 0.484375
vt 0.2734375 0.484375
vt 0.2734375 0.4765625
vt 0.5166015625 0.703125
vt 0.5166015625 0.7109375
vt 0.515625 0.7109375
vt 0.515625 0.703125
vt 0.2265625 0.5
vt 0.2265625 0.4990234375
vt 0.25 0.4990234375
vt 0.25 0.5
vt 0.2578125 0.4990234375
vt 0.2578125 0.5
vt 0.28125 0.5
vt 0.28125 0.4990234375
vt 0.3515625 0.578125
vt 0.3515625 0.5859375
vt 0.328125 0.5859375
vt 0.328125 0.578125
vt 0.4296875 0.6484375
vt 0.4296875 0.65625
vt 0.40625 0.65625
vt 0.40625 0.6484375
vt 0.5166015625 0.6875
vt 0.5166015625 0.6953125
vt 0.515625 0.6953125
vt 0.515625 0.6875
vt 0.5166015625 0.671875
vt 0.5166015625 0.6796875
vt 0.515625 0.6796875
vt 0.515625 0.671875
vt 0.1171875 0.515625
vt 0.1171875 0.5146484375
vt 0.15234375 0.5146484375
vt 0.15234375 0.515625
vt 0.484375 0.8818359375
vt 0.484375 0.8828125
vt 0.51953125 0.8828125
vt 0.51953125 0.8818359375
vt 0.41796875 0.9921875
vt 0.41796875 1
vt 0.3828125 1
vt 0.3828125 0.9921875
vt 0.03515625 0.609375
vt 0.03515625 0.6171875
vt 0 0.6171875
vt 0 0.609375
vt 0.3369140625 0.484375
vt 0.3369140625 0.515625
vt 0.3359375 0.515625
vt 0.3359375 0.484375
vt 0.3525390625 0.484375
vt 0.3525390625 0.515625
vt 0.3515625 0.515625
vt 0.3515625 0.484375
vt 0.1953125 0.53125
vt 0.1953125 0.5302734375
vt 0.25 0.5302734375
vt 0.25 0.53125
vt 0.46875 0.8037109375
vt 0.46875 0.8046875
vt 0.5234375 0.8046875
vt 0.5234375 0.8037109375
vt 0.1875 0.7890625
vt 0.1875 0.8203125
vt 0.1328125 0.8203125
vt 0.1328125 0.7890625
vt 0.1875 0.828125
vt 0.1875 0.859375
vt 0.1328125 0.859375
vt 0.1328125 0.828125
vt 0.400390625 0.490234375
vt 0.400390625 0.5
vt 0.3984375 0.5
vt 0.3984375 0.490234375
vt 0.416015625 0.490234375
vt 0.416015625 0.5
vt 0.4140625 0.5
vt 0.4140625 0.490234375
vt 0.1640625 0.484375
vt 0.1640625 0.482421875
vt 0.169921875 0.482421875
vt 0.169921875 0.484375
vt 0.515625 0.833984375
vt 0.515625 0.8359375
vt 0.521484375 0.8359375
vt 0.521484375 0.833984375
vt 0.029296875 0.521484375
vt 0.029296875 0.53125
vt 0.0234375 0.53125
vt 0.0234375 0.521484375
vt 0.474609375 0.990234375
vt 0.474609375 1
vt 0.46875 1
vt 0.46875 0.990234375
vt 0.431640625 0.490234375
vt 0.431640625 0.5
vt 0.4296875 0.5
vt 0.4296875 0.490234375
vt 0.447265625 0.490234375
vt 0.447265625 0.5
vt 0.4453125 0.5
vt 0.4453125 0.490234375
vt 0.1796875 0.484375
vt 0.1796875 0.482421875
vt 0.185546875 0.482421875
vt 0.185546875 0.484375
vt 0.1953125 0.482421875
vt 0.1953125 0.484375
vt 0.201171875 0.484375
vt 0.201171875 0.482421875
vt 0.107421875 0.521484375
vt 0.107421875 0.53125
vt 0.1015625 0.53125
vt 0.1015625 0.521484375
vt 0.044921875 0.521484375
vt 0.044921875 0.53125
vt 0.0390625 0.53125
vt 0.0390625 0.521484375
vt 0.5166015625 0.640625
vt 0.5166015625 0.6484375
vt 0.515625 0.6484375
vt 0.515625 0.640625
vt 0.5166015625 0.6015625
vt 0.5166015625 0.609375
vt 0.515625 0.609375
vt 0.515625 0.6015625
vt 0.46875 0.6015625
vt 0.46875 0.6005859375
vt 0.5078125 0.6005859375
vt 0.5078125 0.6015625
vt 0.46875 0.5849609375
vt 0.46875 0.5859375
vt 0.5078125 0.5859375
vt 0.5078125 0.5849609375
vt 0.3828125 0.671875
vt 0.3828125 0.6796875
vt 0.34375 0.6796875
vt 0.34375 0.671875
vt 0.3828125 0.8984375
vt 0.3828125 0.90625
vt 0.34375 0.90625
vt 0.34375 0.8984375
vt 0.5166015625 0.5859375
vt 0.5166015625 0.59375
vt 0.515625 0.59375
vt 0.515625 0.5859375
vt 0.5166015625 0.5703125
vt 0.5166015625 0.578125
vt 0.515625 0.578125
vt 0.515625 0.5703125
vt 0.421875 0.53125
vt 0.421875 0.5302734375
vt 0.4609375 0.5302734375
vt 0.4609375 0.53125
vt 0.46875 0.5537109375
vt 0.46875 0.5546875
vt 0.5078125 0.5546875
vt 0.5078125 0.5537109375
vt 0.390625 0.96875
vt 0.390625 0.9765625
vt 0.3515625 0.9765625
vt 0.3515625 0.96875
vt 0.3828125 0.65625
vt 0.3828125 0.6640625
vt 0.34375 0.6640625
vt 0.34375 0.65625
vt 0.5166015625 0.5546875
vt 0.5166015625 0.5625
vt 0.515625 0.5625
vt 0.515625 0.5546875
vt 0.5166015625 0.5390625
vt 0.5166015625 0.546875
vt 0.515625 0.546875
vt 0.515625 0.5390625
vt 0.46875 0.5390625
vt 0.46875 0.5380859375
vt 0.5078125 0.5380859375
vt 0.5078125 0.5390625
vt 0.0546875 0.5224609375
vt 0.0546875 0.5234375
vt 0.09375 0.5234375
vt 0.09375 0.5224609375
vt 0.390625 0.765625
vt 0.390625 0.7734375
vt 0.3515625 0.7734375
vt 0.3515625 0.765625
vt 0.125 0.640625
vt 0.125 0.6484375
vt 0.0859375 0.6484375
vt 0.0859375 0.640625
vn -0.7071067811865476 8.500145032286356e-17 0.7071067811865477
vn 0.7071067811865476 -8.500145032286356e-17 -0.7071067811865477
vn 0.021593989778020687 0.999533590836713 0.021593989778020566
vn -0.021593989778020687 -0.999533590836713 -0.021593989778020566
vn -0.7067769801043797 0.030538513209822746 -0.7067769801043798
vn 0.7067769801043797 -0.030538513209822746 0.7067769801043798
vn -0.7071067811865479 1.8769683554054896e-15 0.7071067811865474
vn 0.7071067811865479 -1.8769683554054857e-15 -0.7071067811865474
vn 0.021593989778017644 0.9995335908367131 0.021593989778017523
vn -0.021593989778020687 -0.999533590836713 -0.021593989778020566
vn -0.7067769801043796 0.030538513209829848 -0.7067769801043797
vn 0.7067769801043797 -0.030538513209822746 0.7067769801043798
vn -0.000233204581643831 -0.02159398977802049 0.9997667954183566
vn 0.0002332045816425542 0.021593989778020805 -0.9997667954183564
vn 0.021593989778020687 0.999533590836713 0.021593989778020566
vn -0.021593989778020687 -0.999533590836713 -0.021593989778020566
vn -0.9997667954183564 0.021593989778020732 0.00023320458164405306
vn 0.9997667954183564 -0.02159398977802049 -0.00023320458164494123
vn 1 1.942890293094024e-16 0
vn -1 9.71445146547012e-17 5.551115123125783e-16
vn -9.159339953157541e-16 0.9876883405951379 -0.1564344650402309
vn 8.465450562766819e-16 -0.9876883405951373 0.1564344650402335
vn -2.775557561562891e-16 0.15643446504023148 0.9876883405951378
vn 7.216449660063515e-16 -0.15643446504023065 -0.9876883405951378
vn 1 -1.3877787807814454e-16 -1.4432899320127031e-15
vn -1 1.9081958235744873e-16 6.661338147750937e-16
vn -8.326672684688674e-17 0.9876883405951379 -0.1564344650402311
vn 5.551115123125783e-17 -0.9876883405951379 0.15643446504023095
vn 1.1102230246251563e-16 0.15643446504023095 0.9876883405951378
vn -1.1102230246251563e-16 -0.15643446504023104 -0.9876883405951378
vn 0.9781476007338056 0.20535195289412309 -0.03252455412868565
vn -0.9781476007338057 -0.20535195289412222 0.03252455412868648
vn -0.20791169081775898 0.966104980625888 -0.1530159966511781
vn 0.20791169081775907 -0.9661049806258889 0.15301599665117202
vn -4.996003610813202e-16 0.15643446504023348 0.9876883405951373
vn 4.996003610813203e-16 -0.1564344650402336 -0.9876883405951373
vn -0.10671392272313508 0.20615441861234207 -0.9726831418214505
vn -0.02807895261886883 0.17222268885715905 0.9846577668726519
vn 0.10671392272313526 0.20615441861234227 -0.9726831418214505
vn 0.028078952618868717 0.17222268885715902 0.9846577668726519
vn -0.9914448613738105 3.3306690738754686e-16 0.13052619222005166
vn 0.9914448613738105 3.7816971776294395e-16 0.13052619222005157
vn 0 -0.07845909572784479 0.9969173337331281
vn 0.8944557181574281 0.07971866273168605 0.4399930716133508
vn -0.8944557181574277 -0.07971866273168626 -0.43999307161335166
vn -0.43938434441176777 -0.025970761532539775 0.897923670158695
vn 0.43938434441176877 0.02597076153253998 -0.8979236701586947
vn 0.0830082293590165 -0.9964790285589016 0.01179743620406791
vn -0.08300822935901885 0.9964790285589014 -0.011797436204063011
vn 0.9238795325112866 0.07301944127683066 0.37565245986462786
vn -0.9238795325112867 -0.07301944127683059 -0.3756524598646277
vn -1.6237011735142914e-15 0.9816271834476639 -0.19080899537654566
vn -9.575673587391975e-16 -0.9816271834476638 0.19080899537654628
vn -0.38268343236509 0.17628452544743056 0.9069052633439989
vn 0.38268343236509056 -0.17628452544743073 -0.9069052633439985
vn 0.8944564342974439 0.07971840338526405 0.43999166276829244
vn -0.8944564342974435 -0.07971840338526508 -0.43999166276829305
vn 0.006257074946928509 0.9816522475295005 -0.19057731746823564
vn -0.006257074946927206 -0.9816522475295006 0.19057731746823614
vn -0.4471113241207513 0.17321616865057765 0.8775463650206771
vn 0.4471113241207513 -0.1732161686505728 -0.877546365020678
vn 1 -1.987993103469421e-15 7.771561172376096e-16
vn -1 -7.979727989493311e-16 0
vn -1.0269562977782698e-15 0.9816271834476639 -0.1908089953765459
vn 1.0269562977782698e-15 -0.9816271834476641 0.19080899537654447
vn -2.7755575615628904e-16 0.19080899537654103 0.9816271834476646
vn 0 -0.19080899537654555 -0.981627183447664
vn 1 1.7347234759768068e-17 2.3314683517128283e-15
vn -1 -5.20417042793042e-17 2.0539125955565392e-15
vn -2.775557561562891e-16 -0.008726535498373624 0.9999619230641713
vn -1.1102230246251563e-16 0.008726535498373367 -0.9999619230641714
vn 1.942890293094024e-16 -0.9999619230641714 -0.008726535498371962
vn -1.97758476261356e-16 0.9999619230641713 0.008726535498377878
vn 1 9.367506770274756e-17 1.1102230246251563e-16
vn -1 -1.734723475976807e-17 1.1102230246251565e-16
vn -1.0130785099704553e-15 0.9816271834476642 -0.19080899537654372
vn 2.7755575615628914e-16 -0.9816271834476641 0.1908089953765445
vn -5.55111512312578e-17 0.19080899537654494 0.981627183447664
vn 2.775557561562891e-16 -0.19080899537654467 -0.981627183447664
vn 1 4.3368086899420167e-16 -2.5535129566378596e-15
vn -1 4.475586568020162e-16 -1.4988010832439613e-15
vn -2.220446049250312e-16 -0.14780941112961066 0.9890158633619168
vn -3.330669073875468e-16 0.14780941112961093 -0.9890158633619168
vn 1.8041124150158794e-16 -0.9890158633619167 -0.1478094111296115
vn -2.2898349882893854e-16 0.9890158633619166 0.147809411129612
vn 1 6.938893903907227e-18 0
vn -1 2.4633073358870656e-16 -1.1102230246251563e-16
vn -9.853229343548264e-16 0.9816271834476638 -0.1908089953765459
vn 9.992007221626409e-16 -0.9816271834476641 0.19080899537654455
vn -2.7755575615628904e-16 0.19080899537654106 0.9816271834476646
vn 2.775557561562891e-16 -0.19080899537654555 -0.981627183447664
vn 0.9996573249755574 -0.00499479720864904 -0.0256960040387128
vn -0.9996573249755574 0.004994797208648912 0.025696004038712243
vn 2.7755575615628914e-17 0.9816271834476641 -0.1908089953765444
vn 7.216449660063518e-16 -0.9816271834476641 0.1908089953765444
vn 0.02617694830787281 0.19074360989939018 0.9812908043285825
vn -0.02617694830787314 -0.1907436098993902 -0.9812908043285824
vn 0.9957122476785096 -0.09226982017098975 0.006587875881032101
vn -0.9957122476785096 0.09226982017098868 -0.006587875881029435
vn -0.03969254699399819 -0.3618347605169161 0.931396858377134
vn 0.03969254699400004 0.3618347605169171 -0.9313968583771337
vn -0.08355609813855595 -0.9276647489083977 -0.36394572685577636
vn 0.08355609813855208 0.9276647489083921 0.36394572685579146
vn 0.9998476951563913 -1.741662369880714e-15 0.017452406437284015
vn -0.9998476951563913 1.741662369880714e-15 -0.017452406437283404
vn -1.870031907102998e-15 1 5.516420653606247e-16
vn 1.8908485888147197e-15 -1 -5.724587470723463e-16
vn -0.017452406437282957 1.5161483180037288e-15 0.9998476951563913
vn 0.01745240643728457 1.5577816814271724e-15 -0.9998476951563914
vn 1 -1.3877787807814454e-17 1.6653345369377343e-16
vn -1 1.283695372222837e-16 -1.1102230246251563e-16
vn -1.7243151351209463e-15 1 1.2663481374630692e-15
vn -4.510281037539697e-17 -1 -1.4224732503009816e-16
vn 4.440892098500624e-16 -1.5265566588595895e-16 1
vn -4.440892098500624e-16 1.7347234759768065e-17 -1
vn 0.9510563804281592 0.0000010313915777705044 -0.3090174125285251
vn -0.9510563804281588 -0.0000010313915791860388 0.30901741252852666
vn 0.28549524352071126 -0.3826833892606428 0.8786614191547488
vn -0.2854952435207154 0.3826833892606436 -0.878661419154747
vn -0.11825492452298476 -0.9238795503651515 -0.36395377349760927
vn 0.11825492452298628 0.9238795503651571 0.363953773497594
vn 0.9510565162951536 -1.1379786002407853e-15 -0.30901699437494745
vn -0.9510565162951538 1.139713323716762e-15 0.3090169943749471
vn -1.2836953722228375e-16 1 2.161465451067102e-15
vn -3.264749581788351e-15 -1 -1.0581813203458523e-15
vn 0.309016994374947 -2.050443148604585e-15 0.9510565162951536
vn -0.3090169943749477 2.046973701652632e-15 -0.9510565162951536
vn 0.9510565162951536 -1.734723475976807e-18 -0.3090169943749477
vn -0.9510565162951535 3.4694469519536134e-18 0.30901699437494756
vn -1.0061396160665479e-16 1 2.1753432388749157e-15
vn 2.8206603719382883e-15 -1 4.40619762898109e-16
vn 0.30901699437494695 -3.4694469519536126e-18 0.9510565162951536
vn -0.3090169943749469 -1.4918621893400539e-16 -0.9510565162951538
vn 1 -1.2490009027033009e-16 5.551115123125782e-16
vn -1 9.71445146547012e-17 -6.106226635438361e-16
vn -8.257283745649602e-16 1 6.467049118441537e-15
vn 8.257283745649602e-16 -1 -5.551115123125783e-16
vn -4.440892098500625e-16 2.4286128663675293e-17 1
vn 4.440892098500625e-16 6.938893903907227e-18 -1
vn 1 -1.249000902703301e-16 -1.8318679906315083e-15
vn -1 1.5959455978986623e-16 -2.2204460492503126e-16
vn -8.291978215169138e-16 1 -5.367234434672241e-15
vn 8.257283745649602e-16 -1 -5.551115123125783e-16
vn 4.440892098500624e-16 -4.163336342344335e-17 1
vn 4.440892098500625e-16 6.938893903907227e-18 -1
vn 0.8829475928589287 -1.1796119636642283e-16 0.4694715627858874
vn -0.8829475928589274 7.285838599102589e-17 -0.46947156278588975
vn 4.3021142204224826e-16 1 -3.934352843515399e-15
vn -2.3869795029440866e-15 -1 2.8935187579293142e-15
vn -0.46947156278589075 5.377642775528101e-17 0.8829475928589271
vn 0.4694715627858934 -6.591949208711864e-17 -0.8829475928589254
vn 1 1.8735013540549512e-16 2.2204460492503126e-16
vn -1 2.393918396847994e-16 -3.3861802251067274e-15
vn -5.5511151231257815e-17 -0.08715574274765803 0.9961946980917455
vn -5.5511151231257815e-17 0.08715574274765818 -0.9961946980917455
vn 1.97758476261356e-16 -0.9961946980917471 -0.08715574274764024
vn -2.0469737016526324e-16 0.9961946980917471 0.08715574274764051
vn 1 1.0408340855860843e-17 -1.1102230246251565e-16
vn -1 1.3183898417423731e-16 -2.2204460492503126e-16
vn -1.97758476261356e-16 1 -6.591949208711867e-17
vn 1.9081958235744878e-16 -1 6.591949208711867e-17
vn -5.5511151231257815e-17 1.283695372222837e-16 1
vn 0 1.4571677198205177e-16 -1
vn 1 -1.984523656517467e-15 -1.6653345369377343e-16
vn -1 -3.851086116668511e-16 2.775557561562891e-16
vn -1.9081958235744878e-16 0.9961946980917457 0.08715574274765725
vn 2.0122792321330962e-16 -0.9961946980917455 -0.08715574274765903
vn 5.5511151231257815e-17 -0.08715574274765664 0.9961946980917458
vn 0 0.08715574274766832 -0.9961946980917448
vn 0.9743700647852351 -2.289834988289385e-16 -0.2249510543438653
vn -0.9743700647852354 -7.63278329429795e-17 0.22495105434386464
vn -7.320533068622126e-16 1 1.1483869410966463e-15
vn 7.251144129583054e-16 -1 -1.169203622808368e-15
vn 0.2249510543438648 1.3530843112619093e-16 0.9743700647852354
vn -0.22495105434386453 -1.3530843112619093e-16 -0.9743700647852355
vn 0.9396925555610703 -4.86106908007683e-8 -0.34202032252938225
vn -0.9396925555610707 4.861069052321254e-8 0.3420203225293814
vn 0.3386918329427844 -0.13917237201904115 0.9305476307876189
vn -0.3386918329427835 0.13917237201904062 -0.9305476307876194
vn -0.0475998247996796 -0.9902681711872808 -0.13077922546199083
vn 0.04759982479969342 0.990268171187276 0.13077922546202211
vn 0.939692534452162 3.9446488023925353e-7 -0.34202038052536693
vn -0.9396925344521614 -3.944648645053116e-7 0.3420203805253689
vn 0.047599481669069556 0.9902681460801533 0.13077954046337653
vn -0.04759948166907184 -0.9902681460801535 -0.13077954046337573
vn 0.338691939732419 -0.13917255066578596 0.9305475652009793
vn -0.33869193973241896 0.13917255066578962 -0.9305475652009787
vn 1 4.857225732735059e-16 3.3306690738754686e-16
vn -1 3.8163916471489756e-17 2.7755575615628914e-16
vn 4.163336342344337e-17 0.9612616959383189 0.2756373558169991
vn -5.551115123125784e-17 -0.9612616959383191 -0.275637355816999
vn 5.5511151231257815e-17 -0.27563735581699905 0.961261695938319
vn 5.5511151231257815e-17 0.27563735581699933 -0.9612616959383189
vn 0.7071067811865458 -0.6797146636928681 -0.19490504344652976
vn -0.7071067811865475 0.6797146636928668 0.19490504344652915
vn 0.7071067811865474 0.6797146636928667 0.1949050434465294
vn -0.7071067811865478 -0.679714663692866 -0.19490504344653029
vn -7.216449660063515e-16 -0.27563735581699955 0.9612616959383188
vn 2.775557561562891e-16 0.27563735581699955 -0.9612616959383189
vn 0.7071067811865469 -0.6797146636928671 -0.1949050434465297
vn -0.7071067811865475 0.6797146636928669 0.19490504344652848
vn 0.7071067811865471 0.6797146636928669 0.1949050434465293
vn -0.7071067811865478 -0.6797146636928659 -0.19490504344653045
vn 6.10622663543836e-16 -0.2756373558169994 0.9612616959383189
vn 0 0.2756373558169999 -0.9612616959383187
vn 1 -9.367506770274756e-17 1.1102230246251563e-16
vn -1 4.510281037539697e-17 -1.1102230246251563e-16
vn 2.7755575615628914e-17 0.9612616959383191 0.27563735581699844
vn 0 -0.9612616959383196 -0.2756373558169971
vn -2.2204460492503126e-16 -0.2756373558169996 0.9612616959383189
vn -1.1102230246251563e-16 0.27563735581699933 -0.9612616959383189
vn 1 2.9837243786801077e-16 -1.1102230246251563e-16
vn -1 -9.020562075079394e-17 3.885780586188047e-16
vn -1.3877787807814457e-17 0.9612616959383191 0.27563735581699833
vn 8.326672684688674e-17 -0.9612616959383188 -0.27563735581699966
vn 0 -0.2756373558169988 0.961261695938319
vn -5.55111512312578e-17 0.2756373558169993 -0.9612616959383188
vn 1 -7.632783294297951e-17 -2.7755575615628914e-16
vn -1 3.4694469519536136e-17 2.775557561562891e-16
vn 6.245004513516506e-17 1 -1.824929096727601e-15
vn -6.245004513516504e-17 -1 4.8572257327350586e-17
vn 0 3.4694469519536136e-17 1
vn 0 6.938893903907225e-18 -1
vn 1 6.938893903907227e-18 1.1102230246251563e-16
vn -1 -1.0061396160665481e-16 2.7755575615628914e-16
vn 6.245004513516506e-17 1 -1.85268467234323e-15
vn -5.20417042793042e-17 -1 7.979727989493311e-17
vn 0 -3.816391647148974e-17 1
vn 5.5511151231257815e-17 -2.081668171172168e-17 -1
vn 1 1.2143064331837647e-16 -1.3322676295501875e-15
vn -1 9.714451465470117e-17 3.885780586188047e-16
vn 1.9081958235744878e-16 1 -2.671474153004283e-16
vn -1.942890293094024e-16 -1 3.469446951953614e-16
vn -5.5511151231257815e-17 -1.040834085586084e-17 1
vn 0 -2.081668171172168e-17 -1
vn 1 -7.285838599102589e-17 5.551115123125782e-16
vn -1 9.71445146547012e-17 7.216449660063518e-16
vn 1.9168694409543723e-16 0.999390827019096 0.0348994967024972
vn -1.8561541192951836e-16 -0.9993908270190957 -0.034899496702503856
vn -1.1102230246251565e-16 -0.03489949670250094 0.9993908270190959
vn 1.1102230246251563e-16 0.034899496702500886 -0.9993908270190959
vn 1 1.9775847626135596e-16 -2.2204460492503126e-16
vn -1 7.285838599102589e-17 0
vn -5.273559366969494e-16 0.9781476007338061 0.20791169081775762
vn 5.551115123125783e-16 -0.9781476007338061 -0.2079116908177576
vn 1.1102230246251563e-16 -0.2079116908177593 0.9781476007338057
vn -1.1102230246251563e-16 0.20791169081775937 -0.9781476007338057
vn 1 4.8572257327350586e-17 1.6653345369377343e-16
vn -1 2.706168622523818e-16 7.771561172376092e-16
vn -5.134781488891349e-16 0.9975640502598244 -0.06975647374412372
vn 5.204170427930421e-16 -0.9975640502598241 0.06975647374412725
vn 1.110223024625156e-16 0.06975647374412551 0.9975640502598242
vn 5.55111512312578e-17 -0.06975647374412533 -0.9975640502598242
vn 0.9574817175661279 0.2812832342492222 0.06409760258321016
vn -0.9574817175661278 -0.2812832342492228 -0.06409760258320973
vn 0.0027991353978147333 0.2131117545029667 -0.9770238200441645
vn -0.0027991353978145668 -0.2131117545029663 0.9770238200441645
vn -0.28848037258649384 0.9356618631872119 0.20326325887723268
vn 0.288480372586494 -0.9356618631872117 -0.2032632588772343
vn 0.9579455165477696 0.27569901139932756 0.07956407756934235
vn -0.9579455165477694 -0.27569901139932923 -0.07956407756934125
vn -0.13180308673105373 0.17646028545825582 0.9754433422727109
vn 0.13180308673105362 -0.17646028545825584 -0.975443342272711
vn 0.25488886530053345 -0.9449083673930628 0.2053773200146088
vn -0.2548888653005349 0.9449083673930632 -0.2053773200146063
vn 0.957945516547769 0.27569901139932973 0.07956407756934225
vn -0.9579455165477693 -0.2756990113993285 -0.0795640775693434
vn -0.13180308673105368 0.17646028545825693 0.9754433422727109
vn 0.1318030867310528 -0.17646028545825587 -0.9754433422727111
vn 0.2548888653005342 -0.944908367393062 0.20537732001461143
vn -0.254888865300533 0.9449083673930625 -0.2053773200146117
vn 0.9579455165477697 0.27569901139932707 0.07956407756934285
vn -0.9579455165477695 -0.2756990113993281 -0.07956407756934247
vn -0.13180308673105318 0.17646028545825515 0.9754433422727111
vn 0.13180308673105368 -0.1764602854582561 -0.9754433422727109
vn 0.25488886530053406 -0.9449083673930633 0.2053773200146069
vn -0.2548888653005354 0.9449083673930625 -0.20537732001460796
vn 0.9574817175661279 -0.2812832342492217 -0.06409760258320989
vn -0.9574817175661281 0.281283234249221 0.06409760258321051
vn -0.002799135397814344 0.21311175450296702 -0.9770238200441644
vn 0.002799135397814677 -0.21311175450296624 0.9770238200441647
vn 0.28848037258649484 0.935661863187212 0.20326325887723068
vn -0.28848037258649495 -0.9356618631872111 -0.20326325887723456
vn 0.9579455165477688 -0.2756990113993301 -0.07956407756934397
vn -0.9579455165477695 0.2756990113993278 0.0795640775693434
vn 0.13180308673105354 0.1764602854582568 0.9754433422727109
vn -0.13180308673105356 -0.17646028545825565 -0.9754433422727111
vn -0.25488886530053306 -0.9449083673930635 0.2053773200146061
vn 0.2548888653005343 0.9449083673930632 -0.20537732001460646
vn 0.9579455165477698 -0.2756990113993264 -0.07956407756934296
vn -0.9579455165477694 0.2756990113993286 0.07956407756934286
vn 0.13180308673105365 0.17646028545825526 0.9754433422727111
vn -0.13180308673105343 -0.1764602854582568 -0.9754433422727109
vn -0.25488886530053506 -0.9449083673930629 0.20537732001460648
vn 0.2548888653005335 0.9449083673930633 -0.20537732001460746
vn 0.9579455165477694 -0.27569901139932823 -0.07956407756934218
vn -0.9579455165477694 0.2756990113993289 0.07956407756934242
vn 0.13180308673105298 0.17646028545825587 0.9754433422727111
vn -0.13180308673105326 -0.17646028545825573 -0.9754433422727111
vn -0.2548888653005341 -0.9449083673930627 0.20537732001460882
vn 0.2548888653005333 0.9449083673930635 -0.20537732001460632
vn 0.8703556959398997 2.3939183968479933e-16 0.49242356010346705
vn -0.8703556959398997 -2.3939183968479933e-16 -0.4924235601034671
vn 4.343747583845925e-15 1 9.992007221626409e-16
vn -3.497202527569243e-15 -1 -2.5118795932144167e-15
vn -0.49242356010346666 1.4745149545802858e-16 0.8703556959399
vn 0.49242356010346655 -1.4745149545802858e-16 -0.8703556959398999
vn 0.8703556959398996 -9.714451465470117e-17 -0.4924235601034673
vn -0.8703556959398997 6.765421556309546e-17 0.4924235601034669
vn 4.4027281820291364e-15 1 -2.931682674400804e-15
vn 7.806255641895632e-16 -1 -3.469446951953614e-18
vn 0.4924235601034677 7.63278329429795e-17 0.8703556959398994
vn -0.49242356010346633 -5.20417042793042e-17 -0.8703556959399003
vn 1 7.80625564189563e-16 -5.162537064506977e-15
vn -1 -3.122502256758253e-16 -4.274358644806853e-15
vn -5.377642775528102e-16 1 3.004888005087025e-14
vn 5.377642775528102e-16 -1 -3.004888005087025e-14
vn -5.5511151231257815e-17 2.7408630920433547e-16 1
vn 0 4.510281037539697e-17 -1
vn 1 -5.20417042793042e-16 3.4416913763379845e-15
vn -1 1.408595462493167e-15 -6.439293542825906e-15
vn -5.134781488891349e-16 0.9781476007338031 0.20791169081777172
vn 5.412337245047638e-16 -0.9781476007338101 -0.20791169081773814
vn -5.55111512312578e-17 -0.2079116908177601 0.9781476007338055
vn -2.775557561562891e-16 0.20791169081775945 -0.9781476007338057
vn 1 7.285838599102589e-17 1.1102230246251563e-16
vn -1 -1.3877787807814457e-16 -3.3306690738754696e-16
vn -5.412337245047638e-16 0.9781476007338031 0.20791169081777128
vn 4.718447854656915e-16 -0.97814760073381 -0.20791169081773941
vn -5.55111512312578e-17 -0.20791169081776031 0.9781476007338055
vn -1.1102230246251563e-16 0.20791169081775818 -0.9781476007338059
vn 1 1.5612511283791261e-16 1.1657341758564142e-15
vn -1 4.787836793695988e-16 6.716849298982197e-15
vn -5.377642775528102e-16 1 3.004888005087025e-14
vn 5.377642775528102e-16 -1 -3.004888005087025e-14
vn 1.110223024625156e-16 2.706168622523818e-16 1
vn 5.5511151231257815e-17 -2.7408630920433547e-16 -1
vn 1 -2.7755575615628907e-17 -1.1601830607332883e-14
vn -1 1.7000290064572705e-16 8.38218383591993e-15
vn -1.942890293094024e-16 1 3.032296636007459e-14
vn 1.942890293094024e-16 -1 5.460909502374989e-15
vn -5.5511151231257815e-17 -4.8572257327350586e-17 1
vn 5.5511151231257815e-17 -8.673617379884033e-17 -1
vn 1 -9.020562075079397e-17 -4.440892098500626e-16
vn -1 9.020562075079397e-17 4.440892098500626e-16
vn 3.6186331708876196e-15 1 6.4705185653934905e-15
vn -3.615163723935666e-15 -1 -6.473988012345444e-15
vn -2.7755575615628904e-16 2.4286128663675287e-17 1
vn 2.7755575615628904e-16 -2.4286128663675287e-17 -1
vn 1 -9.71445146547012e-17 6.106226635438361e-16
vn -1 9.71445146547012e-17 -6.106226635438361e-16
vn 3.615163723935666e-15 1 6.467049118441537e-15
vn -3.6186331708876196e-15 -1 -6.477457459297398e-15
vn -2.7755575615628904e-16 2.4286128663675287e-17 1
vn 2.7755575615628904e-16 -2.4286128663675287e-17 -1
vn 1 3.087807787238716e-16 6.661338147750938e-15
vn -1 -7.771561172376094e-16 -6.661338147750938e-15
vn 4.163336342344337e-16 1 -5.7245874707234634e-15
vn -4.128641872824801e-16 -1 5.728056917675417e-15
vn 1.665334536937734e-16 1.110223024625156e-16 1
vn -5.55111512312578e-17 9.85322934354826e-16 -1
vn 1 7.840950111415168e-16 -6.106226635438361e-16
vn -1 6.591949208711866e-17 3.608224830031758e-15
vn 4.163336342344337e-16 0.9975640502598232 -0.06975647374414186
vn -4.3021142204224816e-16 -0.9975640502598232 0.06975647374414187
vn -5.55111512312578e-17 0.06975647374412587 0.9975640502598242
vn -5.5511151231257815e-17 -0.06975647374412494 -0.9975640502598244
vn 1 9.089951014118467e-16 2.775557561562891e-16
vn -1 -3.5735303605122216e-16 -1.6653345369377343e-16
vn 4.0245584642661925e-16 0.9975640502598256 -0.06975647374410658
vn -4.0939474033052647e-16 -0.9975640502598232 0.06975647374414165
vn 2.220446049250312e-16 0.06975647374412682 0.9975640502598241
vn -2.775557561562891e-16 -0.06975647374412557 -0.9975640502598242
usemtl m_aaf15c17-ed9e-d539-adef-10b7202c71ce
f 2/1/1 1/2/1 3/3/1 4/4/1
f 7/5/2 5/6/2 6/7/2 8/8/2
f 5/9/3 1/10/3 2/11/3 6/12/3
f 4/13/4 3/14/4 7/15/4 8/16/4
f 3/17/5 1/18/5 5/19/5 7/20/5
f 6/21/6 2/22/6 4/23/6 8/24/6
f 10/25/7 9/26/7 11/27/7 12/28/7
f 15/29/8 13/30/8 14/31/8 16/32/8
f 13/33/9 9/34/9 10/35/9 14/36/9
f 12/37/10 11/38/10 15/39/10 16/40/10
f 11/41/11 9/42/11 13/43/11 15/44/11
f 14/45/12 10/46/12 12/47/12 16/48/12
f 18/49/13 17/50/13 19/51/13 20/52/13
f 23/53/14 21/54/14 22/55/14 24/56/14
f 21/57/15 17/58/15 18/59/15 22/60/15
f 20/61/16 19/62/16 23/63/16 24/64/16
f 19/65/17 17/66/17 21/67/17 23/68/17
f 22/69/18 18/70/18 20/71/18 24/72/18
f 26/73/19 25/74/19 27/75/19 28/76/19
f 31/77/20 29/78/20 30/79/20 32/80/20
f 29/81/21 25/82/21 26/83/21 30/84/21
f 28/85/22 27/86/22 31/87/22 32/88/22
f 27/89/23 25/90/23 29/91/23 31/92/23
f 30/93/24 26/94/24 28/95/24 32/96/24
f 34/97/25 33/98/25 35/99/25 36/100/25
f 39/101/26 37/102/26 38/103/26 40/104/26
f 37/105/27 33/106/27 34/107/27 38/108/27
f 36/109/28 35/110/28 39/111/28 40/112/28
f 35/113/29 33/114/29 37/115/29 39/116/29
f 38/117/30 34/118/30 36/119/30 40/120/30
f 42/121/31 41/122/31 43/123/31 44/124/31
f 47/125/32 45/126/32 46/127/32 48/128/32
f 45/129/33 41/130/33 42/131/33 46/132/33
f 44/133/34 43/134/34 47/135/34 48/136/34
f 43/137/35 41/138/35 45/139/35 47/140/35
f 46/141/36 42/142/36 44/143/36 48/144/36
f 49/145/37 50/146/37 52/147/37 51/148/37
f 53/149/38 54/150/38 56/151/38 55/152/38
f 60/153/39 58/154/39 57/155/39 59/156/39
f 64/157/40 62/158/40 61/159/40 63/160/40
f 65/161/41 66/162/41 68/163/41 67/164/41
f 72/165/42 70/166/42 69/167/42 71/168/42
f 73/169/43 74/170/43 76/171/43 75/172/43
f 80/173/44 78/174/44 77/175/44 79/176/44
f 83/177/45 81/178/45 82/179/45 84/180/45
f 77/181/46 78/182/46 82/183/46 81/184/46
f 80/185/47 79/186/47 83/187/47 84/188/47
f 79/189/48 77/190/48 81/191/48 83/192/48
f 84/193/49 82/194/49 78/195/49 80/196/49
f 88/197/50 86/198/50 85/199/50 87/200/50
f 91/201/51 89/202/51 90/203/51 92/204/51
f 85/205/52 86/206/52 90/207/52 89/208/52
f 88/209/53 87/210/53 91/211/53 92/212/53
f 87/213/54 85/214/54 89/215/54 91/216/54
f 92/217/55 90/218/55 86/219/55 88/220/55
f 96/221/56 94/222/56 93/223/56 95/224/56
f 99/225/57 97/226/57 98/227/57 100/228/57
f 93/229/58 94/230/58 98/231/58 97/232/58
f 96/233/59 95/234/59 99/235/59 100/236/59
f 95/237/60 93/238/60 97/239/60 99/240/60
f 100/241/61 98/242/61 94/243/61 96/244/61
f 104/245/62 102/246/62 101/247/62 103/248/62
f 107/249/63 105/250/63 106/251/63 108/252/63
f 101/253/64 102/254/64 106/255/64 105/256/64
f 104/257/65 103/258/65 107/259/65 108/260/65
f 103/261/66 101/262/66 105/263/66 107/264/66
f 108/265/67 106/266/67 102/267/67 104/268/67
f 112/269/68 110/270/68 109/271/68 111/272/68
f 115/273/69 113/274/69 114/275/69 116/276/69
f 109/277/70 110/278/70 114/279/70 113/280/70
f 112/281/71 111/282/71 115/283/71 116/284/71
f 111/285/72 109/286/72 113/287/72 115/288/72
f 116/289/73 114/290/73 110/291/73 112/292/73
f 120/293/74 118/294/74 117/295/74 119/296/74
f 123/297/75 121/298/75 122/299/75 124/300/75
f 117/301/76 118/302/76 122/303/76 121/304/76
f 120/305/77 119/306/77 123/307/77 124/308/77
f 119/309/78 117/310/78 121/311/78 123/312/78
f 124/313/79 122/314/79 118/315/79 120/316/79
f 128/317/80 126/318/80 125/319/80 127/320/80
f 131/321/81 129/322/81 130/323/81 132/324/81
f 125/325/82 126/326/82 130/327/82 129/328/82
f 128/329/83 127/330/83 131/331/83 132/332/83
f 127/333/84 125/334/84 129/335/84 131/336/84
f 132/337/85 130/338/85 126/339/85 128/340/85
f 136/341/86 134/342/86 133/343/86 135/344/86
f 139/345/87 137/346/87 138/347/87 140/348/87
f 133/349/88 134/350/88 138/351/88 137/352/88
f 136/353/89 135/354/89 139/355/89 140/356/89
f 135/357/90 133/358/90 137/359/90 139/360/90
f 140/361/91 138/362/91 134/363/91 136/364/91
f 144/365/92 142/366/92 141/367/92 143/368/92
f 147/369/93 145/370/93 146/371/93 148/372/93
f 141/373/94 142/374/94 146/375/94 145/376/94
f 144/377/95 143/378/95 147/379/95 148/380/95
f 143/381/96 141/382/96 145/383/96 147/384/96
f 148/385/97 146/386/97 142/387/97 144/388/97
f 152/389/98 150/390/98 149/391/98 151/392/98
f 155/393/99 153/394/99 154/395/99 156/396/99
f 149/397/100 150/398/100 154/399/100 153/400/100
f 152/401/101 151/402/101 155/403/101 156/404/101
f 151/405/102 149/406/102 153/407/102 155/408/102
f 156/409/103 154/410/103 150/411/103 152/412/103
f 160/413/104 158/414/104 157/415/104 159/416/104
f 163/417/105 161/418/105 162/419/105 164/420/105
f 157/421/106 158/422/106 162/423/106 161/424/106
f 160/425/107 159/426/107 163/427/107 164/428/107
f 159/429/108 157/430/108 161/431/108 163/432/108
f 164/433/109 162/434/109 158/435/109 160/436/109
f 168/437/110 166/438/110 165/439/110 167/440/110
f 171/441/111 169/442/111 170/443/111 172/444/111
f 165/445/112 166/446/112 170/447/112 169/448/112
f 168/449/113 167/450/113 171/451/113 172/452/113
f 167/453/114 165/454/114 169/455/114 171/456/114
f 172/457/115 170/458/115 166/459/115 168/460/115
f 176/461/116 174/462/116 173/463/116 175/464/116
f 179/465/117 177/466/117 178/467/117 180/468/117
f 173/469/118 174/470/118 178/471/118 177/472/118
f 176/473/119 175/474/119 179/475/119 180/476/119
f 175/477/120 173/478/120 177/479/120 179/480/120
f 180/481/121 178/482/121 174/483/121 176/484/121
f 184/485/122 182/486/122 181/487/122 183/488/122
f 187/489/123 185/490/123 186/491/123 188/492/123
f 181/493/124 182/494/124 186/495/124 185/496/124
f 184/497/125 183/498/125 187/499/125 188/500/125
f 183/501/126 181/502/126 185/503/126 187/504/126
f 188/505/127 186/506/127 182/507/127 184/508/127
f 192/509/128 190/510/128 189/511/128 191/512/128
f 195/513/129 193/514/129 194/515/129 196/516/129
f 189/517/130 190/518/130 194/519/130 193/520/130
f 192/521/131 191/522/131 195/523/131 196/524/131
f 191/525/132 189/526/132 193/527/132 195/528/132
f 196/529/133 194/530/133 190/531/133 192/532/133
f 200/533/134 198/534/134 197/535/134 199/536/134
f 203/537/135 201/538/135 202/539/135 204/540/135
f 197/541/136 198/542/136 202/543/136 201/544/136
f 200/545/137 199/546/137 203/547/137 204/548/137
f 199/549/138 197/550/138 201/551/138 203/552/138
f 204/553/139 202/554/139 198/555/139 200/556/139
f 208/557/140 206/558/140 205/559/140 207/560/140
f 211/561/141 209/562/141 210/563/141 212/564/141
f 205/565/142 206/566/142 210/567/142 209/568/142
f 208/569/143 207/570/143 211/571/143 212/572/143
f 207/573/144 205/574/144 209/575/144 211/576/144
f 212/577/145 210/578/145 206/579/145 208/580/145
f 216/581/146 214/582/146 213/583/146 215/584/146
f 219/585/147 217/586/147 218/587/147 220/588/147
f 213/589/148 214/590/148 218/591/148 217/592/148
f 216/593/149 215/594/149 219/595/149 220/596/149
f 215/597/150 213/598/150 217/599/150 219/600/150
f 220/601/151 218/602/151 214/603/151 216/604/151
f 224/605/152 222/606/152 221/607/152 223/608/152
f 227/609/153 225/610/153 226/611/153 228/612/153
f 221/613/154 222/614/154 226/615/154 225/616/154
f 224/617/155 223/618/155 227/619/155 228/620/155
f 223/621/156 221/622/156 225/623/156 227/624/156
f 228/625/157 226/626/157 222/627/157 224/628/157
f 232/629/158 230/630/158 229/631/158 231/632/158
f 235/633/159 233/634/159 234/635/159 236/636/159
f 229/637/160 230/638/160 234/639/160 233/640/160
f 232/641/161 231/642/161 235/643/161 236/644/161
f 231/645/162 229/646/162 233/647/162 235/648/162
f 236/649/163 234/650/163 230/651/163 232/652/163
f 240/653/164 238/654/164 237/655/164 239/656/164
f 243/657/165 241/658/165 242/659/165 244/660/165
f 237/661/166 238/662/166 242/663/166 241/664/166
f 240/665/167 239/666/167 243/667/167 244/668/167
f 239/669/168 237/670/168 241/671/168 243/672/168
f 244/673/169 242/674/169 238/675/169 240/676/169
f 248/677/170 246/678/170 245/679/170 247/680/170
f 251/681/171 249/682/171 250/683/171 252/684/171
f 245/685/172 246/686/172 250/687/172 249/688/172
f 248/689/173 247/690/173 251/691/173 252/692/173
f 247/693/174 245/694/174 249/695/174 251/696/174
f 252/697/175 250/698/175 246/699/175 248/700/175
f 256/701/176 254/702/176 253/703/176 255/704/176
f 259/705/177 257/706/177 258/707/177 260/708/177
f 253/709/178 254/710/178 258/711/178 257/712/178
f 256/713/179 255/714/179 259/715/179 260/716/179
f 255/717/180 253/718/180 257/719/180 259/720/180
f 260/721/181 258/722/181 254/723/181 256/724/181
f 264/725/182 262/726/182 261/727/182 263/728/182
f 267/729/183 265/730/183 266/731/183 268/732/183
f 261/733/184 262/734/184 266/735/184 265/736/184
f 264/737/185 263/738/185 267/739/185 268/740/185
f 263/741/186 261/742/186 265/743/186 267/744/186
f 268/745/187 266/746/187 262/747/187 264/748/187
f 272/749/188 270/750/188 269/751/188 271/752/188
f 275/753/189 273/754/189 274/755/189 276/756/189
f 269/757/190 270/758/190 274/759/190 273/760/190
f 272/761/191 271/762/191 275/763/191 276/764/191
f 271/765/192 269/766/192 273/767/192 275/768/192
f 276/769/193 274/770/193 270/771/193 272/772/193
f 280/773/194 278/774/194 277/775/194 279/776/194
f 283/777/195 281/778/195 282/779/195 284/780/195
f 277/781/196 278/782/196 282/783/196 281/784/196
f 280/785/197 279/786/197 283/787/197 284/788/197
f 279/789/198 277/790/198 281/791/198 283/792/198
f 284/793/199 282/794/199 278/795/199 280/796/199
f 288/797/200 286/798/200 285/799/200 287/800/200
f 291/801/201 289/802/201 290/803/201 292/804/201
f 285/805/202 286/806/202 290/807/202 289/808/202
f 288/809/203 287/810/203 291/811/203 292/812/203
f 287/813/204 285/814/204 289/815/204 291/816/204
f 292/817/205 290/818/205 286/819/205 288/820/205
f 296/821/206 294/822/206 293/823/206 295/824/206
f 299/825/207 297/826/207 298/827/207 300/828/207
f 293/829/208 294/830/208 298/831/208 297/832/208
f 296/833/209 295/834/209 299/835/209 300/836/209
f 295/837/210 293/838/210 297/839/210 299/840/210
f 300/841/211 298/842/211 294/843/211 296/844/211
f 304/845/212 302/846/212 301/847/212 303/848/212
f 307/849/213 305/850/213 306/851/213 308/852/213
f 301/853/214 302/854/214 306/855/214 305/856/214
f 304/857/215 303/858/215 307/859/215 308/860/215
f 303/861/216 301/862/216 305/863/216 307/864/216
f 308/865/217 306/866/217 302/867/217 304/868/217
f 312/869/218 310/870/218 309/871/218 311/872/218
f 315/873/219 313/874/219 314/875/219 316/876/219
f 309/877/220 310/878/220 314/879/220 313/880/220
f 312/881/221 311/882/221 315/883/221 316/884/221
f 311/885/222 309/886/222 313/887/222 315/888/222
f 316/889/223 314/890/223 310/891/223 312/892/223
f 320/893/224 318/894/224 317/895/224 319/896/224
f 323/897/225 321/898/225 322/899/225 324/900/225
f 317/901/226 318/902/226 322/903/226 321/904/226
f 320/905/227 319/906/227 323/907/227 324/908/227
f 319/909/228 317/910/228 321/911/228 323/912/228
f 324/913/229 322/914/229 318/915/229 320/916/229
f 328/917/230 326/918/230 325/919/230 327/920/230
f 331/921/231 329/922/231 330/923/231 332/924/231
f 325/925/232 326/926/232 330/927/232 329/928/232
f 328/929/233 327/930/233 331/931/233 332/932/233
f 327/933/234 325/934/234 329/935/234 331/936/234
f 332/937/235 330/938/235 326/939/235 328/940/235
f 336/941/236 334/942/236 333/943/236 335/944/236
f 339/945/237 337/946/237 338/947/237 340/948/237
f 333/949/238 334/950/238 338/951/238 337/952/238
f 336/953/239 335/954/239 339/955/239 340/956/239
f 335/957/240 333/958/240 337/959/240 339/960/240
f 340/961/241 338/962/241 334/963/241 336/964/241
f 344/965/242 342/966/242 341/967/242 343/968/242
f 347/969/243 345/970/243 346/971/243 348/972/243
f 341/973/244 342/974/244 346/975/244 345/976/244
f 344/977/245 343/978/245 347/979/245 348/980/245
f 343/981/246 341/982/246 345/983/246 347/984/246
f 348/985/247 346/986/247 342/987/247 344/988/247
f 352/989/248 350/990/248 349/991/248 351/992/248
f 355/993/249 353/994/249 354/995/249 356/996/249
f 349/997/250 350/998/250 354/999/250 353/1000/250
f 352/1001/251 351/1002/251 355/1003/251 356/1004/251
f 351/1005/252 349/1006/252 353/1007/252 355/1008/252
f 356/1009/253 354/1010/253 350/1011/253 352/1012/253
f 360/1013/254 358/1014/254 357/1015/254 359/1016/254
f 363/1017/255 361/1018/255 362/1019/255 364/1020/255
f 357/1021/256 358/1022/256 362/1023/256 361/1024/256
f 360/1025/257 359/1026/257 363/1027/257 364/1028/257
f 359/1029/258 357/1030/258 361/1031/258 363/1032/258
f 364/1033/259 362/1034/259 358/1035/259 360/1036/259
f 368/1037/260 366/1038/260 365/1039/260 367/1040/260
f 371/1041/261 369/1042/261 370/1043/261 372/1044/261
f 365/1045/262 366/1046/262 370/1047/262 369/1048/262
f 368/1049/263 367/1050/263 371/1051/263 372/1052/263
f 367/1053/264 365/1054/264 369/1055/264 371/1056/264
f 372/1057/265 370/1058/265 366/1059/265 368/1060/265
f 376/1061/266 374/1062/266 373/1063/266 375/1064/266
f 379/1065/267 377/1066/267 378/1067/267 380/1068/267
f 373/1069/268 374/1070/268 378/1071/268 377/1072/268
f 376/1073/269 375/1074/269 379/1075/269 380/1076/269
f 375/1077/270 373/1078/270 377/1079/270 379/1080/270
f 380/1081/271 378/1082/271 374/1083/271 376/1084/271
f 384/1085/272 382/1086/272 381/1087/272 383/1088/272
f 387/1089/273 385/1090/273 386/1091/273 388/1092/273
f 381/1093/274 382/1094/274 386/1095/274 385/1096/274
f 384/1097/275 383/1098/275 387/1099/275 388/1100/275
f 383/1101/276 381/1102/276 385/1103/276 387/1104/276
f 388/1105/277 386/1106/277 382/1107/277 384/1108/277
f 392/1109/278 390/1110/278 389/1111/278 391/1112/278
f 395/1113/279 393/1114/279 394/1115/279 396/1116/279
f 389/1117/280 390/1118/280 394/1119/280 393/1120/280
f 392/1121/281 391/1122/281 395/1123/281 396/1124/281
f 391/1125/282 389/1126/282 393/1127/282 395/1128/282
f 396/1129/283 394/1130/283 390/1131/283 392/1132/283
f 400/1133/284 398/1134/284 397/1135/284 399/1136/284
f 403/1137/285 401/1138/285 402/1139/285 404/1140/285
f 397/1141/286 398/1142/286 402/1143/286 401/1144/286
f 400/1145/287 399/1146/287 403/1147/287 404/1148/287
f 399/1149/288 397/1150/288 401/1151/288 403/1152/288
f 404/1153/289 402/1154/289 398/1155/289 400/1156/289
f 408/1157/290 406/1158/290 405/1159/290 407/1160/290
f 411/1161/291 409/1162/291 410/1163/291 412/1164/291
f 405/1165/292 406/1166/292 410/1167/292 409/1168/292
f 408/1169/293 407/1170/293 411/1171/293 412/1172/293
f 407/1173/294 405/1174/294 409/1175/294 411/1176/294
f 412/1177/295 410/1178/295 406/1179/295 408/1180/295
f 416/1181/296 414/1182/296 413/1183/296 415/1184/296
f 419/1185/297 417/1186/297 418/1187/297 420/1188/297
f 413/1189/298 414/1190/298 418/1191/298 417/1192/298
f 416/1193/299 415/1194/299 419/1195/299 420/1196/299
f 415/1197/300 413/1198/300 417/1199/300 419/1200/300
f 420/1201/301 418/1202/301 414/1203/301 416/1204/301
f 424/1205/302 422/1206/302 421/1207/302 423/1208/302
f 427/1209/303 425/1210/303 426/1211/303 428/1212/303
f 421/1213/304 422/1214/304 426/1215/304 425/1216/304
f 424/1217/305 423/1218/305 427/1219/305 428/1220/305
f 423/1221/306 421/1222/306 425/1223/306 427/1224/306
f 428/1225/307 426/1226/307 422/1227/307 424/1228/307
f 432/1229/308 430/1230/308 429/1231/308 431/1232/308
f 435/1233/309 433/1234/309 434/1235/309 436/1236/309
f 429/1237/310 430/1238/310 434/1239/310 433/1240/310
f 432/1241/311 431/1242/311 435/1243/311 436/1244/311
f 431/1245/312 429/1246/312 433/1247/312 435/1248/312
f 436/1249/313 434/1250/313 430/1251/313 432/1252/313
f 440/1253/314 438/1254/314 437/1255/314 439/1256/314
f 443/1257/315 441/1258/315 442/1259/315 444/1260/315
f 437/1261/316 438/1262/316 442/1263/316 441/1264/316
f 440/1265/317 439/1266/317 443/1267/317 444/1268/317
f 439/1269/318 437/1270/318 441/1271/318 443/1272/318
f 444/1273/319 442/1274/319 438/1275/319 440/1276/319
f 448/1277/320 446/1278/320 445/1279/320 447/1280/320
f 451/1281/321 449/1282/321 450/1283/321 452/1284/321
f 445/1285/322 446/1286/322 450/1287/322 449/1288/322
f 448/1289/323 447/1290/323 451/1291/323 452/1292/323
f 447/1293/324 445/1294/324 449/1295/324 451/1296/324
f 452/1297/325 450/1298/325 446/1299/325 448/1300/325
f 456/1301/326 454/1302/326 453/1303/326 455/1304/326
f 459/1305/327 457/1306/327 458/1307/327 460/1308/327
f 453/1309/328 454/1310/328 458/1311/328 457/1312/328
f 456/1313/329 455/1314/329 459/1315/329 460/1316/329
f 455/1317/330 453/1318/330 457/1319/330 459/1320/330
f 460/1321/331 458/1322/331 454/1323/331 456/1324/331
f 464/1325/332 462/1326/332 461/1327/332 463/1328/332
f 467/1329/333 465/1330/333 466/1331/333 468/1332/333
f 461/1333/334 462/1334/334 466/1335/334 465/1336/334
f 464/1337/335 463/1338/335 467/1339/335 468/1340/335
f 463/1341/336 461/1342/336 465/1343/336 467/1344/336
f 468/1345/337 466/1346/337 462/1347/337 464/1348/337
f 472/1349/338 470/1350/338 469/1351/338 471/1352/338
f 475/1353/339 473/1354/339 474/1355/339 476/1356/339
f 469/1357/340 470/1358/340 474/1359/340 473/1360/340
f 472/1361/341 471/1362/341 475/1363/341 476/1364/341
f 471/1365/342 469/1366/342 473/1367/342 475/1368/342
f 476/1369/343 474/1370/343 470/1371/343 472/1372/343
f 480/1373/344 478/1374/344 477/1375/344 479/1376/344
f 483/1377/345 481/1378/345 482/1379/345 484/1380/345
f 477/1381/346 478/1382/346 482/1383/346 481/1384/346
f 480/1385/347 479/1386/347 483/1387/347 484/1388/347
f 479/1389/348 477/1390/348 481/1391/348 483/1392/348
f 484/1393/349 482/1394/349 478/1395/349 480/1396/349
f 488/1397/350 486/1398/350 485/1399/350 487/1400/350
f 491/1401/351 489/1402/351 490/1403/351 492/1404/351
f 485/1405/352 486/1406/352 490/1407/352 489/1408/352
f 488/1409/353 487/1410/353 491/1411/353 492/1412/353
f 487/1413/354 485/1414/354 489/1415/354 491/1416/354
f 492/1417/355 490/1418/355 486/1419/355 488/1420/355
f 496/1421/356 494/1422/356 493/1423/356 495/1424/356
f 499/1425/357 497/1426/357 498/1427/357 500/1428/357
f 493/1429/358 494/1430/358 498/1431/358 497/1432/358
f 496/1433/359 495/1434/359 499/1435/359 500/1436/359
f 495/1437/360 493/1438/360 497/1439/360 499/1440/360
f 500/1441/361 498/1442/361 494/1443/361 496/1444/361
f 504/1445/362 502/1446/362 501/1447/362 503/1448/362
f 507/1449/363 505/1450/363 506/1451/363 508/1452/363
f 501/1453/364 502/1454/364 506/1455/364 505/1456/364
f 504/1457/365 503/1458/365 507/1459/365 508/1460/365
f 503/1461/366 501/1462/366 505/1463/366 507/1464/366
f 508/1465/367 506/1466/367 502/1467/367 504/1468/367
f 512/1469/368 510/1470/368 509/1471/368 511/1472/368
f 515/1473/369 513/1474/369 514/1475/369 516/1476/369
f 509/1477/370 510/1478/370 514/1479/370 513/1480/370
f 512/1481/371 511/1482/371 515/1483/371 516/1484/371
f 511/1485/372 509/1486/372 513/1487/372 515/1488/372
f 516/1489/373 514/1490/373 510/1491/373 512/1492/373
