# Made in Blockbench 5.2.1
mtllib us_mobilized.mtl

o mesh
v 0.1875 1.25625 0.221875
v 0.1875 1.25625 0.190625
v 0.1875 0.896875 0.221875
v 0.1875 0.896875 0.190625
v -0.1875 1.25625 0.221875
v -0.1875 1.25625 0.190625
v -0.1875 0.896875 0.221875
v -0.1875 0.896875 0.190625
v 0.1875 1.4897330658456849 0.20144778995120113
v 0.1875 1.4870094488848207 0.17031670563583406
v 0.1875 1.256249933480432 0.2218749171576835
v 0.1875 1.2535263165195678 0.19074383284231647
v -0.1875 1.4897330658456849 0.20144778995120113
v -0.1875 1.4870094488848207 0.17031670563583406
v -0.1875 1.256249933480432 0.2218749171576835
v -0.1875 1.2535263165195678 0.19074383284231647
v 0.14374999999999996 1.243431875 -0.18276
v 0.14374999999999996 1.243431875 -0.25776000000000004
v 0.14374999999999996 0.8684318750000001 -0.18276
v 0.14374999999999996 0.8684318750000001 -0.25776000000000004
v -0.14375000000000002 1.243431875 -0.18276
v -0.14375000000000002 1.243431875 -0.25776000000000004
v -0.14375000000000002 0.8684318750000001 -0.18276
v -0.14375000000000002 0.8684318750000001 -0.25776000000000004
v 0.14374999999999996 1.4674326479659927 -0.1369201098399718
v 0.14374999999999996 1.4820512332021296 -0.18473534763812358
v 0.14374999999999996 1.2210471663571654 -0.1861054171215801
v 0.14374999999999996 1.2429750442113707 -0.2578282738188078
v -0.14375000000000002 1.4674326479659927 -0.1369201098399718
v -0.14375000000000002 1.4820512332021296 -0.18473534763812358
v -0.14375000000000002 1.2210471663571654 -0.1861054171215801
v -0.14375000000000002 1.2429750442113707 -0.2578282738188078
v -0.1322023897554992 1.2434318750000002 -0.18361813567485022
v -0.14328809559022 1.2434318750000002 -0.257794325426994
v -0.1322023897554992 0.8684318750000001 -0.18361813567485022
v -0.14328809559022 0.8684318750000001 -0.257794325426994
v -0.2620109864631974 1.2434318750000002 -0.1267180804546713
v -0.2730966922979182 1.2434318750000002 -0.20089427020681508
v -0.2620109864631974 0.8684318750000001 -0.1267180804546713
v -0.2730966922979182 0.8684318750000001 -0.20089427020681508
v 0.2620109864631973 1.2434318750000002 -0.1267180804546713
v 0.2730966922979181 1.2434318750000002 -0.20089427020681508
v 0.2620109864631973 0.8684318750000001 -0.1267180804546713
v 0.2730966922979181 0.8684318750000001 -0.20089427020681508
v 0.13220238975549914 1.2434318750000002 -0.18361813567485022
v 0.14328809559021993 1.2434318750000002 -0.257794325426994
v 0.13220238975549914 0.8684318750000001 -0.18361813567485022
v 0.14328809559021993 0.8684318750000001 -0.257794325426994
v 0.13275070167685873 1.4622032100400693 -0.11981766001809907
v 0.1435055711483746 1.482056293556446 -0.18475417022262444
v 0.13177298627035727 1.2213221952750943 -0.18700726708928095
v 0.1435055711483746 1.2429801045656872 -0.2578470964033086
v 0.2623847963799706 1.4562002273172865 -0.10018278826057017
v 0.26727337341247775 1.4652243561883669 -0.12969938380808171
v 0.25554078853446044 1.2044902579070151 -0.13195248067473822
v 0.26723033136065155 1.2326022778611405 -0.20297477197871283
v -0.13177298627035733 1.4603983842658532 -0.11391434090859676
v -0.14350557114837464 1.482056293556446 -0.18475417022262444
v -0.13177298627035733 1.2213221952750943 -0.18700726708928095
v -0.14350557114837464 1.2429801045656872 -0.2578470964033086
v -0.2623847963799706 1.4562002273172865 -0.10018278826057017
v -0.2672733734124778 1.4652243561883669 -0.12969938380808171
v -0.2555407885344605 1.2044902579070151 -0.13195248067473822
v -0.2672303313606516 1.2326022778611405 -0.20297477197871283
v -0.24224379217535053 1.2206790950707864 0.15729529677940413
v -0.2841813492391299 1.2208597049646315 0.16975608277341328
v -0.2778483279348535 1.2178148606954664 0.03750751278289835
v -0.31978588499863286 1.2179954705893112 0.049968298776907505
v -0.24134422400664518 0.870773973316396 0.16539446631431273
v -0.28328178107042457 0.870954583210241 0.1778552523083219
v -0.2769487597661481 0.867909738941076 0.04560668231780696
v -0.31888631682992746 0.868090348834921 0.05806746831181614
v -0.27944321314080633 1.2182928885764333 0.05738645517180682
v -0.32239639811280135 1.217990207674828 0.049080145218922566
v -0.24204343276141455 1.2139164098447748 -0.13585398698894952
v -0.27906014465731566 1.2129190497794144 -0.1748333829990967
v -0.27854364529674525 0.868387755910443 0.06548515331964644
v -0.32149683026874026 0.8680850750088378 0.057178843366762155
v -0.24114386491735346 0.8640112771787848 -0.1277552888411099
v -0.27816057681325457 0.8630139171134243 -0.1667346848512571
v -0.2575835521713181 1.2130703902302171 -0.17068022802265456
v -0.25668398432725703 0.8631652575642269 -0.16258152987481495
v -0.3000202377827428 0.8682364154596405 0.0613319983432043
v -0.3009198056268038 1.2181415481256306 0.05323330019536468
v 0.24134422400664507 0.870773973316396 0.16539446631431273
v 0.28328178107042445 0.870954583210241 0.1778552523083219
v 0.27694875976614797 0.867909738941076 0.04560668231780696
v 0.31888631682992735 0.868090348834921 0.05806746831181614
v 0.24224379217535041 1.2206790950707864 0.15729529677940413
v 0.2841813492391298 1.2208597049646315 0.16975608277341328
v 0.27784832793485337 1.2178148606954664 0.03750751278289835
v 0.31978588499863275 1.2179954705893112 0.049968298776907505
v 0.27854364529674513 0.868387755910443 0.06548515331964644
v 0.32149683026874015 0.8680850750088378 0.057178843366762155
v 0.2352073918412594 0.8633165980150295 -0.1584283748983728
v 0.27816057681325446 0.8630139171134243 -0.1667346848512571
v 0.2794432131408062 1.2182928885764333 0.05738645517180682
v 0.32239639811280124 1.217990207674828 0.049080145218922566
v 0.2361069596853205 1.2132217306810196 -0.16652707304621242
v 0.27906014465731555 1.2129190497794144 -0.1748333829990967
v -0.11238994094414931 1.3153948616190803 0.11905119108582299
v -0.11155463348873326 1.3160208629835142 0.16278873655589543
v -0.18897966939972852 1.5533659463372134 0.11710791211054775
v -0.18814436194431247 1.5539919477016473 0.1608454575806202
v -0.2670451857878675 1.2656498268295315 0.122716809194158
v -0.26620987833245147 1.2662758281939654 0.16645435466423045
v -0.31389352100427015 1.5131872643918087 0.12006860365958755
v -0.3130582135488541 1.5138132657562426 0.16380614912966
v -0.17332014235789384 1.5993871483000393 -0.10163449393806744
v -0.175981870016261 1.6057811440767642 -0.14483281015386348
v -0.01878202814986135 1.2292236388773294 -0.16594631282766648
v -0.021443755808228493 1.2356176346540544 -0.2091446290434625
v -0.3290456967874479 1.534378583712666 -0.10166147351007405
v -0.3317074244458151 1.540772579489391 -0.1448597897258701
v -0.20334564821451803 1.1521764512182204 -0.16597828861671135
v -0.2060073758728852 1.1585704469949454 -0.20917660483250738
v -0.1586217241087687 1.5729783309557626 0.04855947586246809
v -0.1720485925414096 1.6145563319356047 0.04631191304625917
v -0.15978173792693465 1.5616407874073854 -0.1542455539056082
v -0.17320860635957555 1.6032187883872275 -0.15649311672181712
v -0.3192252640320758 1.5213200700659204 0.05236598948253085
v -0.3326521324647167 1.5628980710457625 0.050118426666321936
v -0.32038527785024173 1.5099825265175433 -0.15043904028554544
v -0.33381214628288264 1.5515605274973854 -0.15268660310175436
v -0.165153809709546 1.5220249787973865 0.14288321821663105
v -0.17694824652544547 1.560032665781857 0.16105928738150466
v -0.18350091987747963 1.5706894217655514 0.029216356119166814
v -0.1952953566933791 1.6086971087500217 0.04739242528404042
v -0.3019641917854733 1.478019671107633 0.1461258639525847
v -0.31375862860137277 1.5160273580921035 0.1643019331174583
v -0.3203113019534069 1.5266841140757976 0.03245900185512046
v -0.3321057387693064 1.5646918010602682 0.05063507101999408
v 0.17332014235789367 1.5993871483000393 -0.10163449393806744
v 0.17598187001626084 1.6057811440767642 -0.14483281015386348
v 0.018782028149861185 1.2292236388773294 -0.16594631282766648
v 0.021443755808228326 1.2356176346540544 -0.2091446290434625
v 0.3290456967874477 1.534378583712666 -0.10166147351007405
v 0.3317074244458149 1.540772579489391 -0.1448597897258701
v 0.20334564821451787 1.1521764512182204 -0.16597828861671135
v 0.20600737587288503 1.1585704469949454 -0.20917660483250738
v 0.15862172410876865 1.5729783309557626 0.04855947586246809
v 0.17204859254140956 1.6145563319356047 0.04631191304625917
v 0.1597817379269346 1.5616407874073854 -0.1542455539056082
v 0.1732086063595755 1.6032187883872275 -0.15649311672181712
v 0.31922526403207574 1.5213200700659204 0.05236598948253085
v 0.33265213246471664 1.5628980710457625 0.050118426666321936
v 0.3203852778502417 1.5099825265175433 -0.15043904028554544
v 0.3338121462828826 1.5515605274973854 -0.15268660310175436
v 0.16515380970954588 1.5220249787973865 0.14288321821663105
v 0.17694824652544536 1.560032665781857 0.16105928738150466
v 0.18350091987747952 1.5706894217655514 0.029216356119166814
v 0.195295356693379 1.6086971087500217 0.04739242528404042
v 0.3019641917854732 1.478019671107633 0.1461258639525847
v 0.31375862860137266 1.5160273580921035 0.1643019331174583
v 0.3203113019534068 1.5266841140757976 0.03245900185512046
v 0.33210573876930627 1.5646918010602682 0.05063507101999408
v 0.1123899409441492 1.3153948616190803 0.11905119108582299
v 0.11155463348873315 1.3160208629835142 0.16278873655589543
v 0.1889796693997284 1.5533659463372134 0.11710791211054775
v 0.18814436194431236 1.5539919477016473 0.1608454575806202
v 0.2670451857878674 1.2656498268295315 0.122716809194158
v 0.26620987833245136 1.2662758281939654 0.16645435466423045
v 0.31389352100427004 1.5131872643918087 0.12006860365958755
v 0.313058213548854 1.5138132657562426 0.16380614912966
v -0.1578377472628369 1.6572601009670092 0.06241985657219615
v -0.20001286315343528 1.6469508814209435 0.06780892810313868
v -0.13306210575934735 1.539055042937197 0.03019049349658917
v -0.17523722164994573 1.5287458233911313 0.03557956502753171
v -0.13235965910875952 1.6250401391091212 0.20017617614371094
v -0.17453477499935788 1.6147309195630557 0.20556524767465348
v -0.10758401760526995 1.506835081079309 0.16794681306810397
v -0.14975913349586834 1.4965258615332435 0.17333588459904647
v -0.14080732337526053 1.6139786352447703 -0.2180420959512976
v -0.18366103623007685 1.6060361915476793 -0.22185515019632096
v -0.1186026337847616 1.4726002005425243 -0.1731078110306227
v -0.16145634663957792 1.4646577568454333 -0.1769208652756461
v -0.16043336945039982 1.6543038399312144 -0.08146699323322197
v -0.20328708230521614 1.6463613962341233 -0.08528004747824536
v -0.1382286798599009 1.5129254052289685 -0.036532708312547124
v -0.1810823927147172 1.5049829615318775 -0.0403457625575705
v 0.13235965910875946 1.6250401391091212 0.20017617614371094
v 0.17453477499935782 1.6147309195630557 0.20556524767465348
v 0.1075840176052699 1.506835081079309 0.16794681306810397
v 0.14975913349586828 1.4965258615332435 0.17333588459904647
v 0.15783774726283684 1.6572601009670092 0.06241985657219615
v 0.20001286315343522 1.6469508814209435 0.06780892810313868
v 0.1330621057593473 1.539055042937197 0.03019049349658917
v 0.17523722164994568 1.5287458233911313 0.03557956502753171
v 0.15697827795882 1.6547741812590928 0.0668586519971881
v 0.2000125591386217 1.6469505181981108 0.0678091464190492
v 0.1346197776949759 1.5317900463307697 0.06685397399748702
v 0.17765405887477762 1.5239663832697876 0.06780446841934812
v 0.16025238329178673 1.6541847724271237 -0.08623020604446507
v 0.20328666447158844 1.6463611093661417 -0.085279711622604
v 0.13789388302794264 1.5312006374988005 -0.08623488404416614
v 0.18092816420774435 1.5233769744378185 -0.08528438962230507
v 0.16043336945039977 1.6543038399312144 -0.08146699323322197
v 0.20328708230521608 1.6463613962341233 -0.08528004747824536
v 0.13822867985990084 1.5129254052289685 -0.036532708312547124
v 0.18108239271471716 1.5049829615318775 -0.0403457625575705
v 0.14080732337526047 1.6139786352447703 -0.2180420959512976
v 0.1836610362300768 1.6060361915476793 -0.22185515019632096
v 0.11860263378476155 1.4726002005425243 -0.1731078110306227
v 0.16145634663957786 1.4646577568454333 -0.1769208652756461
v -0.1602523832917868 1.6541847724271237 -0.08623020604446507
v -0.2032866644715885 1.6463611093661417 -0.085279711622604
v -0.1378938830279427 1.5312006374988005 -0.08623488404416614
v -0.1809281642077444 1.5233769744378185 -0.08528438962230507
v -0.15697827795882005 1.6547741812590928 0.0668586519971881
v -0.20001255913862176 1.6469505181981108 0.0678091464190492
v -0.13461977769497596 1.5317900463307697 0.06685397399748702
v -0.17765405887477767 1.5239663832697876 0.06780446841934812
v 0.14374999999999996 1.6165562230786643 -0.17530397339401527
v 0.14374999999999996 1.6180830760593987 -0.2190273220761007
v 0.14374999999999996 1.4135549613404104 -0.18239293366171078
v 0.14374999999999996 1.4150818143211448 -0.22611628234379622
v -0.14375000000000002 1.6165562230786643 -0.17530397339401527
v -0.14375000000000002 1.6180830760593987 -0.2190273220761007
v -0.14375000000000002 1.4135549613404104 -0.18239293366171078
v -0.14375000000000002 1.4150818143211448 -0.22611628234379622
v 0.17546562499999996 1.6147303564540758 0.20556497989344977
v 0.17546562499999996 1.6227031606943572 0.16254757768752676
v 0.17546562499999996 1.4303700612858343 0.17139581886367214
v 0.17546562499999996 1.4383428655261157 0.12837841665774913
v -0.17453437500000002 1.6147303564540758 0.20556497989344977
v -0.17453437500000002 1.6227031606943572 0.16254757768752676
v -0.17453437500000002 1.4303700612858343 0.17139581886367214
v -0.17453437500000002 1.4383428655261157 0.12837841665774913
v 0.09375 1.125 -0.259375
v 0.09375 1.125 -0.353125
v 0.09375 0.859375 -0.259375
v 0.09375 0.859375 -0.353125
v -0.09375 1.125 -0.259375
v -0.09375 1.125 -0.353125
v -0.09375 0.859375 -0.259375
v -0.09375 0.859375 -0.353125
v 0.2565142875282903 1.125 -0.221014821719112
v 0.2768055013349875 1.125 -0.3125425723866057
v 0.2565142875282903 0.859375 -0.221014821719112
v 0.2768055013349875 0.859375 -0.3125425723866057
v 0.07345878619330286 1.125 -0.2615972493325063
v 0.09375 1.125 -0.353125
v 0.07345878619330286 0.859375 -0.2615972493325063
v 0.09375 0.859375 -0.353125
v -0.25651428752829036 1.125 -0.221014821719112
v -0.2768055013349875 1.125 -0.3125425723866057
v -0.25651428752829036 0.859375 -0.221014821719112
v -0.2768055013349875 0.859375 -0.3125425723866057
v -0.07345878619330289 1.125 -0.2615972493325063
v -0.09375000000000003 1.125 -0.353125
v -0.07345878619330289 0.859375 -0.2615972493325063
v -0.09375000000000003 0.859375 -0.353125
v 0.25445799941730135 1.231758441975837 -0.24258198111884693
v 0.26798547528843275 1.231758441975837 -0.3036004815638428
v 0.22796862090169556 1.0778822305676796 -0.24845453495248532
v 0.24149609677282702 1.0778822305676796 -0.30947303539748117
v 0.14929788786533252 1.2507512114081576 -0.2658954165728546
v 0.16282536373646395 1.2507512114081576 -0.32691391701785044
v 0.12280850934972674 1.096875 -0.271767970406493
v 0.13633598522085819 1.096875 -0.3327864708514888
v 0.22959088512846945 1.096875 -0.24809488763201298
v 0.24311836099960088 1.096875 -0.3091133880770088
v 0.22959088512846945 0.940625 -0.24809488763201298
v 0.24311836099960088 0.940625 -0.3091133880770088
v 0.12280850934972676 1.096875 -0.271767970406493
v 0.13633598522085819 1.096875 -0.33278647085148877
v 0.12280850934972676 0.940625 -0.271767970406493
v 0.13633598522085819 0.940625 -0.33278647085148877
v -0.11709866791152157 1.231758441975837 -0.2726634088201375
v -0.1279516790157047 1.231758441975837 -0.3342138933834005
v -0.14381899160883943 1.0778822305676796 -0.2679518948190366
v -0.15467200271302256 1.0778822305676796 -0.3295023793822996
v -0.22317560811075093 1.2507512114081576 -0.25395918223201497
v -0.23402861921493406 1.2507512114081576 -0.315509666795278
v -0.2498959318080688 1.096875 -0.2492476682309141
v -0.2607489429122519 1.096875 -0.3107981527941771
v -0.14218258382235857 1.096875 -0.2682404376632346
v -0.15303559492654173 1.096875 -0.3297909222264976
v -0.14218258382235857 0.940625 -0.2682404376632346
v -0.15303559492654173 0.940625 -0.3297909222264976
v -0.24989593180806882 1.096875 -0.2492476682309141
v -0.260748942912252 1.096875 -0.3107981527941771
v -0.24989593180806882 0.940625 -0.2492476682309141
v -0.260748942912252 0.940625 -0.3107981527941771
v 0.00801374903834387 1.231758441975837 -0.27824845586876645
v 0.005287537328010378 1.231758441975837 -0.3406889697176326
v -0.019092954567761944 1.0778822305676796 -0.2770649516301823
v -0.021819166278095437 1.0778822305676796 -0.3395054654790484
v -0.09959707970740775 1.2507512114081576 -0.27355006561856055
v -0.10232329141774124 1.2507512114081576 -0.33599057946742666
v -0.12670378331351356 1.096875 -0.2723665613799764
v -0.12942999502384706 1.096875 -0.3348070752288425
v -0.017432884077997868 1.096875 -0.27713743187306
v -0.020159095788331367 1.096875 -0.3395779457219261
v -0.017432884077997868 0.940625 -0.27713743187306
v -0.020159095788331367 0.940625 -0.3395779457219261
v -0.12670378331351356 1.096875 -0.2723665613799764
v -0.12942999502384706 1.096875 -0.3348070752288425
v -0.12670378331351356 0.940625 -0.2723665613799764
v -0.12942999502384706 0.940625 -0.3348070752288425
v 0.13497503732801036 1.231758441975837 -0.2671235302823675
v 0.13770124903834385 1.231758441975837 -0.32956404413123364
v 0.10786833372190456 1.0778822305676796 -0.2683070345209516
v 0.11059454543223805 1.0778822305676796 -0.33074754836981773
v 0.02736420858225875 1.2507512114081576 -0.2718219205325734
v 0.030090420292592252 1.2507512114081576 -0.33426243438143954
v 0.00025750497615293624 1.096875 -0.2730054247711576
v 0.0029837166864864362 1.096875 -0.3354459386200237
v 0.10952840421166864 1.096875 -0.2682345542780739
v 0.11225461592200214 1.096875 -0.33067506812694003
v 0.10952840421166864 0.940625 -0.2682345542780739
v 0.11225461592200214 0.940625 -0.33067506812694003
v 0.0002575049761529419 1.096875 -0.2730054247711575
v 0.0029837166864864414 1.096875 -0.33544593862002364
v 0.0002575049761529419 0.940625 -0.2730054247711575
v 0.0029837166864864414 0.940625 -0.33544593862002364
v 0.26874999999999993 1.243431875 0.19525999999999996
v 0.26874999999999993 1.243431875 0.12026
v 0.26874999999999993 0.868431875 0.19525999999999996
v 0.26874999999999993 0.868431875 0.12026
v -0.26875000000000004 1.243431875 0.19525999999999996
v -0.26875000000000004 1.243431875 0.12026
v -0.26875000000000004 0.868431875 0.19525999999999996
v -0.26875000000000004 0.868431875 0.12026
v 0.26874999999999993 1.49137799206126 0.16480431078677354
v 0.26874999999999993 1.4822377913058737 0.09036334941367441
v 0.26874999999999993 1.2432414541509293 0.1952716466380604
v 0.26874999999999993 1.2341012533955433 0.12083068526496128
v -0.26875000000000004 1.49137799206126 0.16480431078677354
v -0.26875000000000004 1.4822377913058737 0.09036334941367441
v -0.26875000000000004 1.2432414541509293 0.1952716466380604
v -0.26875000000000004 1.2341012533955433 0.12083068526496128
v -0.3555015246991862 0.9787952774949916 -0.18903798043293465
v -0.3733583953191966 0.9776641414630215 -0.1946429070994833
v -0.3513091519623011 0.9039330276951437 -0.18728653367661421
v -0.3691660225823115 0.9028018916631736 -0.19289146034316285
v -0.370490984068258 0.9790718078550403 -0.14133850833121306
v -0.3883478546882684 0.9779406718230702 -0.1469434349977617
v -0.36629861133137287 0.9042095580551924 -0.13958706157489262
v -0.38415548195138327 0.9030784220232223 -0.14519198824144125
v -0.2366142655288352 1.1385212559209277 -0.22734749092274675
v -0.34370729912232756 1.1316532952232563 -0.26111379471215124
v -0.22114877398918087 0.8733917000901192 -0.2224712401708756
v -0.3282418075826733 0.8665237393924479 -0.25623754396028003
v -0.29487601418278814 1.1385212559209277 -0.04256483171527781
v -0.4019690477762805 1.1316532952232563 -0.07633113550468226
v -0.2794105226431338 0.8733917000901192 -0.03768858096340663
v -0.3865035562366262 0.8665237393924479 -0.07145488475281109
v 0.37049098406825803 0.9790718078550403 -0.14133850833121306
v 0.38834785468826843 0.9779406718230702 -0.1469434349977617
v 0.3662986113313729 0.9042095580551924 -0.13958706157489262
v 0.3841554819513833 0.9030784220232223 -0.14519198824144125
v 0.3555015246991863 0.9787952774949916 -0.18903798043293465
v 0.3733583953191967 0.9776641414630215 -0.1946429070994833
v 0.35130915196230117 0.9039330276951437 -0.18728653367661421
v 0.36916602258231157 0.9028018916631736 -0.19289146034316285
v 0.29487601418278814 1.1385212559209277 -0.04256483171527781
v 0.4019690477762805 1.1316532952232563 -0.07633113550468226
v 0.2794105226431338 0.8733917000901192 -0.03768858096340663
v 0.3865035562366262 0.8665237393924479 -0.07145488475281109
v 0.2366142655288352 1.1385212559209277 -0.22734749092274675
v 0.34370729912232756 1.1316532952232563 -0.26111379471215124
v 0.22114877398918087 0.8733917000901192 -0.2224712401708756
v 0.3282418075826733 0.8665237393924479 -0.25623754396028003
v 0.125 0.8733335962024322 -0.1698174406650141
v 0.125 0.8779324767617535 -0.2101812973018755
v 0.125 0.6001013358913707 -0.20094832445118846
v 0.125 0.6047002164506919 -0.24131218108804986
v -0.125 0.8733335962024322 -0.1698174406650141
v -0.125 0.8779324767617535 -0.2101812973018755
v -0.125 0.6001013358913707 -0.20094832445118846
v -0.125 0.6047002164506919 -0.24131218108804986
v -0.09375 0.8726260761163829 -0.16360761656703546
v -0.09375 0.8786399968478029 -0.21639112139985417
v -0.09375 0.6180232880992571 -0.19261594009506156
v -0.09375 0.6240372088306771 -0.2453994449278803
v -0.15 0.8726260761163829 -0.16360761656703546
v -0.15 0.8786399968478029 -0.21639112139985417
v -0.15 0.6180232880992571 -0.19261594009506156
v -0.15 0.6240372088306771 -0.2453994449278803
v 0.15 0.8726260761163829 -0.16360761656703546
v 0.15 0.8786399968478029 -0.21639112139985417
v 0.15 0.6180232880992571 -0.19261594009506156
v 0.15 0.6240372088306771 -0.2453994449278803
v 0.09375 0.8726260761163829 -0.16360761656703546
v 0.09375 0.8786399968478029 -0.21639112139985417
v 0.09375 0.6180232880992571 -0.19261594009506156
v 0.09375 0.6240372088306771 -0.2453994449278803
v 0.10625 0.6001013358913706 -0.20094832445118846
v 0.10625 0.6047002164506918 -0.24131218108804986
v 0.10625 0.5442129190095627 -0.2073160052256332
v 0.10625 0.5488117995688839 -0.24767986186249463
v -0.10625 0.6001013358913706 -0.20094832445118846
v -0.10625 0.6047002164506918 -0.24131218108804986
v -0.10625 0.5442129190095627 -0.2073160052256332
v -0.10625 0.5488117995688839 -0.24767986186249463
v 0.1125 0.5442129190095628 -0.2073160052256332
v 0.1125 0.548811799568884 -0.24767986186249458
v 0.1125 0.46969502983381856 -0.2158062462582262
v 0.1125 0.4742939103931398 -0.25617010289508757
v -0.1125 0.5442129190095628 -0.2073160052256332
v -0.1125 0.548811799568884 -0.24767986186249458
v -0.1125 0.46969502983381856 -0.2158062462582262
v -0.1125 0.4742939103931398 -0.25617010289508757
v -0.09547154943862365 0.6491941530110132 -0.19467456744847242
v -0.09547154943862365 0.6545005536563839 -0.24124824818331242
v -0.06868109367138173 0.47108733130496094 -0.21496727652222422
v -0.06868109367138173 0.4763937319503315 -0.2615409572570643
v -0.15110369175273144 0.6409333190227471 -0.19561577059400442
v -0.15110369175273144 0.6462397196681177 -0.24218945132884445
v -0.12431323598548952 0.4628264973166947 -0.21590847966775623
v -0.12431323598548952 0.4681328979620653 -0.26248216040259625
v -0.11249999999999993 0.5190200666897383 -0.2070413163000543
v -0.11249999999999993 0.5250339874211584 -0.259824821132873
v 0.11250000000000004 0.5190200666897383 -0.2070413163000543
v 0.11250000000000004 0.5250339874211584 -0.259824821132873
v -0.11249999999999993 0.4631316498079303 -0.21340899707449906
v -0.11249999999999993 0.46914557053935035 -0.26619250190731775
v 0.11250000000000004 0.46313164980793026 -0.21340899707449906
v 0.11250000000000004 0.4691455705393503 -0.26619250190731775
v 0.15110369175273144 0.6409333190227471 -0.19561577059400442
v 0.15110369175273144 0.6462397196681177 -0.24218945132884445
v 0.12431323598548952 0.4628264973166947 -0.21590847966775623
v 0.12431323598548952 0.4681328979620653 -0.26248216040259625
v 0.09547154943862365 0.6491941530110132 -0.19467456744847242
v 0.09547154943862365 0.6545005536563839 -0.24124824818331242
v 0.06868109367138173 0.47108733130496094 -0.21496727652222422
v 0.06868109367138173 0.4763937319503315 -0.2615409572570643
vt 0.5955882352941176 0.19117647058823528
vt 0.5882352941176471 0.19117647058823528
vt 0.5882352941176471 0.10661764705882348
vt 0.5955882352941176 0.10661764705882348
vt 0.7279411764705882 0.10661764705882348
vt 0.7279411764705882 0.19117647058823528
vt 0.7205882352941176 0.19117647058823528
vt 0.7205882352941176 0.10661764705882348
vt 0.7794117647058824 0.375
vt 0.8676470588235294 0.375
vt 0.8676470588235294 0.38235294117647056
vt 0.7794117647058824 0.38235294117647056
vt 0.8088235294117647 0.21323529411764708
vt 0.8088235294117647 0.22058823529411764
vt 0.7205882352941176 0.22058823529411764
vt 0.7205882352941176 0.21323529411764708
vt 0.23529411764705882 0.9154411764705882
vt 0.23529411764705882 1
vt 0.14705882352941177 1
vt 0.14705882352941177 0.9154411764705882
vt 0.23529411764705882 0.8970588235294118
vt 0.14705882352941177 0.8970588235294118
vt 0.14705882352941177 0.8125
vt 0.23529411764705882 0.8125
vt 0.875 0.9117647058823529
vt 0.8676470588235294 0.9117647058823529
vt 0.8676470588235294 0.8566176470588236
vt 0.875 0.8566176470588236
vt 0.11029411764705882 0.07720588235294112
vt 0.11029411764705882 0.13235294117647056
vt 0.10294117647058823 0.13235294117647056
vt 0.10294117647058823 0.07720588235294112
vt 0 0.19852941176470584
vt 0.08823529411764706 0.19852941176470584
vt 0.08823529411764706 0.20588235294117652
vt 0 0.20588235294117652
vt 0.8823529411764706 0.6838235294117647
vt 0.8823529411764706 0.6911764705882353
vt 0.7941176470588235 0.6911764705882353
vt 0.7941176470588235 0.6838235294117647
vt 0.08823529411764706 0.6654411764705883
vt 0.08823529411764706 0.7205882352941176
vt 0 0.7205882352941176
vt 0 0.6654411764705883
vt 0.19117647058823528 0.7205882352941176
vt 0.10294117647058823 0.7205882352941176
vt 0.10294117647058823 0.6654411764705883
vt 0.19117647058823528 0.6654411764705883
vt 0.1213235294117647 0.32352941176470584
vt 0.1213235294117647 0.4117647058823529
vt 0.10294117647058823 0.4117647058823529
vt 0.10294117647058823 0.32352941176470584
vt 0.5477941176470589 0.32352941176470584
vt 0.5477941176470589 0.4117647058823529
vt 0.5294117647058824 0.4117647058823529
vt 0.5294117647058824 0.32352941176470584
vt 0.6838235294117647 0.6139705882352942
vt 0.6838235294117647 0.6323529411764706
vt 0.6176470588235294 0.6323529411764706
vt 0.6176470588235294 0.6139705882352942
vt 0.7132352941176471 0.5698529411764706
vt 0.7132352941176471 0.5882352941176471
vt 0.6470588235294118 0.5882352941176471
vt 0.6470588235294118 0.5698529411764706
vt 0.3161764705882353 0.9117647058823529
vt 0.3161764705882353 1
vt 0.25 1
vt 0.25 0.9117647058823529
vt 0.3161764705882353 0.8088235294117647
vt 0.3161764705882353 0.8970588235294118
vt 0.25 0.8970588235294118
vt 0.25 0.8088235294117647
vt 0.6801470588235294 0.4411764705882353
vt 0.6801470588235294 0.5
vt 0.6676470588235294 0.5
vt 0.6617647058823529 0.4411764705882353
vt 0.018014705882352943 0.22058823529411764
vt 0.012132352941176469 0.27941176470588236
vt 0.0003676470588235281 0.27941176470588236
vt 0.0003676470588235281 0.22058823529411764
vt 0.8455882352941176 0.9007352941176471
vt 0.8455882352941176 0.9117647058823529
vt 0.7794117647058824 0.9117647058823529
vt 0.7794117647058824 0.9007352941176471
vt 0.7132352941176471 0.5257352941176471
vt 0.7132352941176471 0.5441176470588236
vt 0.6470588235294118 0.5441176470588236
vt 0.6470588235294118 0.5257352941176471
vt 0.41911764705882354 0.5588235294117647
vt 0.41911764705882354 0.6176470588235294
vt 0.35294117647058826 0.6176470588235294
vt 0.35294117647058826 0.5588235294117647
vt 0.41911764705882354 0.6323529411764706
vt 0.41911764705882354 0.6911764705882353
vt 0.35294117647058826 0.6911764705882353
vt 0.35294117647058826 0.6323529411764706
vt 0.5919117647058824 0.32352941176470584
vt 0.5919117647058824 0.4117647058823529
vt 0.5735294117647058 0.4117647058823529
vt 0.5735294117647058 0.32352941176470584
vt 0.6213235294117647 0.5
vt 0.6213235294117647 0.5882352941176471
vt 0.6029411764705882 0.5882352941176471
vt 0.6029411764705882 0.5
vt 0.8139978475699408 0.4522058823529411
vt 0.818615608081469 0.47058823529411764
vt 0.7852668583124122 0.47058823529411764
vt 0.7806490978008839 0.4522058823529411
vt 0.23529411764705882 0.18014705882352944
vt 0.2536764705882353 0.18476481933505762
vt 0.2536764705882353 0.2181135691041146
vt 0.23529411764705882 0.2134958085925862
vt 0.4742647058823529 0.6029411764705883
vt 0.4742647058823529 0.6911764705882353
vt 0.4411764705882353 0.6911764705882353
vt 0.4411764705882353 0.6029411764705883
vt 0.4742647058823529 0.5
vt 0.4742647058823529 0.5882352941176471
vt 0.4411764705882353 0.5882352941176471
vt 0.4411764705882353 0.5
vt 0.6360294117647058 0.9117647058823529
vt 0.6360294117647058 1
vt 0.6176470588235294 1
vt 0.6176470588235294 0.9117647058823529
vt 0.6360294117647058 0.6470588235294117
vt 0.6360294117647058 0.7352941176470589
vt 0.6176470588235294 0.7352941176470589
vt 0.6176470588235294 0.6470588235294117
vt 0.27941176470588236 0.18262172501353247
vt 0.2977941176470588 0.18723948552506087
vt 0.2977941176470588 0.22058823529411764
vt 0.27941176470588236 0.21597047478258946
vt 0.8139978475699408 0.40808823529411764
vt 0.818615608081469 0.42647058823529416
vt 0.7852668583124122 0.42647058823529416
vt 0.7806490978008839 0.40808823529411764
vt 0.4889705882352941 0.7205882352941176
vt 0.4889705882352941 0.8088235294117647
vt 0.45588235294117646 0.8088235294117647
vt 0.45588235294117646 0.7205882352941176
vt 0.3860294117647059 0.4558823529411765
vt 0.3860294117647059 0.5441176470588236
vt 0.35294117647058826 0.5441176470588236
vt 0.35294117647058826 0.4558823529411765
vt 0.7371323529411765 1
vt 0.7209558823529412 1
vt 0.7209558823529412 0.9411764705882353
vt 0.7386029411764706 0.9411764705882353
vt 0.12071691176470589 0.3088235294117647
vt 0.1133639705882353 0.3088235294117647
vt 0.10306985294117647 0.25
vt 0.12119485294117649 0.251439705882353
vt 0.4411764705882353 0.8
vt 0.4117647058823529 0.8088235294117647
vt 0.4117647058823529 0.7941176470588236
vt 0.4411764705882353 0.7941176470588236
vt 0.847527193531331 0.35196301298419874
vt 0.8154090616668581 0.35196301298419874
vt 0.8105610417627866 0.33499494331994883
vt 0.8424658607514804 0.3345588235294118
vt 0.08823529411764706 0.4117647058823529
vt 0.058823529411764705 0.4117647058823529
vt 0.058823529411764705 0.35292205882352945
vt 0.08823529411764706 0.3527014705882353
vt 0.5036764705882353 0.4411764705882353
vt 0.47058823529411764 0.4411764705882353
vt 0.4708014705882353 0.38379117647058825
vt 0.5036764705882353 0.38235441176470597
vt 0.6801470588235294 0.36764705882352944
vt 0.6801470588235294 0.42647058823529416
vt 0.6617647058823529 0.42647058823529416
vt 0.6617647058823529 0.36764705882352944
vt 0.6801470588235294 0.6743091431363895
vt 0.6801470588235294 0.734026615207704
vt 0.6721273350398972 0.7352941176470589
vt 0.6617647058823529 0.6788516908072599
vt 0.8394269325277878 0.17420840092398548
vt 0.8442749524318591 0.19117647058823528
vt 0.8121568205673863 0.19117647058823528
vt 0.8101368122740231 0.1841064415614645
vt 0.6769067080258312 0.18014705882352944
vt 0.6948529411764706 0.1849950787276008
vt 0.6948529411764706 0.21711321059207367
vt 0.6764705882352942 0.21205187781222312
vt 0.3235294117647059 0.7352941176470589
vt 0.3235294117647059 0.7941176470588236
vt 0.29411764705882354 0.7941176470588236
vt 0.29460735294117646 0.7352941176470589
vt 0.032875 0.3543794117647059
vt 0.03308823529411765 0.4117647058823529
vt 0.0009705882352941152 0.4117647058823529
vt 0.0009705882352941152 0.3529426470588236
vt 0.5551470588235294 0.08823529411764708
vt 0.5551470588235294 0.11764705882352944
vt 0.5441176470588235 0.11764705882352944
vt 0.5441176470588235 0.08823529411764708
vt 0.06985294117647059 0.07352941176470584
vt 0.06985294117647059 0.1029411764705882
vt 0.058823529411764705 0.1029411764705882
vt 0.058823529411764705 0.07352941176470584
vt 0.8161764705882353 0.2977941176470589
vt 0.8161764705882353 0.3088235294117647
vt 0.7352941176470589 0.3088235294117647
vt 0.7352941176470589 0.2977941176470589
vt 0.8308823529411765 0.2683823529411765
vt 0.8308823529411765 0.27941176470588236
vt 0.75 0.27941176470588236
vt 0.75 0.2683823529411765
vt 0.5808823529411765 0.5
vt 0.5808823529411765 0.5294117647058824
vt 0.5 0.5294117647058824
vt 0.5 0.5
vt 0.5955882352941176 0.9705882352941176
vt 0.5955882352941176 1
vt 0.5147058823529411 1
vt 0.5147058823529411 0.9705882352941176
vt 0.7058823529411765 0.041911764705882315
vt 0.7095588235294118 0.03455882352941164
vt 0.7095588235294118 0.08823529411764708
vt 0.7058823529411765 0.08823529411764708
vt 0.7389705882352942 0.08823529411764708
vt 0.7352941176470589 0.08823529411764708
vt 0.7352941176470589 0.03455882352941164
vt 0.7389705882352942 0.041911764705882315
vt 0.9926470588235294 0.9375
vt 0.9926470588235294 0.9411764705882353
vt 0.9117647058823529 0.9411764705882353
vt 0.9117647058823529 0.9375
vt 0.8088235294117647 0.7794117647058824
vt 0.8088235294117647 0.7720588235294118
vt 0.8897058823529411 0.7720588235294118
vt 0.8897058823529411 0.7794117647058824
vt 0.49264705882352944 0.9522058823529411
vt 0.49264705882352944 1
vt 0.4117647058823529 1
vt 0.4117647058823529 0.9522058823529411
vt 0.08088235294117647 0.5919117647058824
vt 0.08088235294117647 0.6470588235294117
vt 0 0.6470588235294117
vt 0 0.5919117647058824
vt 0.9926470588235294 0.7757352941176471
vt 0.9926470588235294 0.7794117647058824
vt 0.9117647058823529 0.7794117647058824
vt 0.9117647058823529 0.7757352941176471
vt 0.1323529411764706 0.03308823529411764
vt 0.13602941176470587 0.03308823529411764
vt 0.13602941176470587 0.08823529411764708
vt 0.1323529411764706 0.08823529411764708
vt 0.5735294117647058 0.08823529411764708
vt 0.5735294117647058 0.0845588235294118
vt 0.6544117647058824 0.0845588235294118
vt 0.6544117647058824 0.08823529411764708
vt 0.16544117647058823 0.08823529411764708
vt 0.16176470588235295 0.08823529411764708
vt 0.16176470588235295 0.03308823529411764
vt 0.16544117647058823 0.03308823529411764
vt 0.23161764705882354 0.07352941176470584
vt 0.23161764705882354 0.1029411764705882
vt 0.22058823529411764 0.1029411764705882
vt 0.22058823529411764 0.07352941176470584
vt 0.9080882352941176 0.6617647058823529
vt 0.9080882352941176 0.6911764705882353
vt 0.8970588235294118 0.6911764705882353
vt 0.8970588235294118 0.6617647058823529
vt 0.8308823529411765 0.23897058823529416
vt 0.8308823529411765 0.25
vt 0.75 0.25
vt 0.75 0.23897058823529416
vt 0.8455882352941176 0.9889705882352942
vt 0.8455882352941176 1
vt 0.7647058823529411 1
vt 0.7647058823529411 0.9889705882352942
vt 0.5955882352941176 0.9264705882352942
vt 0.5955882352941176 0.9558823529411765
vt 0.5147058823529411 0.9558823529411765
vt 0.5147058823529411 0.9264705882352942
vt 0.5955882352941176 0.8823529411764706
vt 0.5955882352941176 0.9117647058823529
vt 0.5147058823529411 0.9117647058823529
vt 0.5147058823529411 0.8823529411764706
vt 0.7610294117647058 0.13602941176470584
vt 0.7610294117647058 0.19117647058823528
vt 0.75 0.19117647058823528
vt 0.75 0.13602941176470584
vt 0.7904411764705882 0.13602941176470584
vt 0.7904411764705882 0.19117647058823528
vt 0.7794117647058824 0.19117647058823528
vt 0.7794117647058824 0.13602941176470584
vt 0.8455882352941176 0.9595588235294118
vt 0.8455882352941176 0.9705882352941176
vt 0.7647058823529411 0.9705882352941176
vt 0.7647058823529411 0.9595588235294118
vt 0.125 0.22426470588235292
vt 0.125 0.23529411764705888
vt 0.04411764705882353 0.23529411764705888
vt 0.04411764705882353 0.22426470588235292
vt 0.18382352941176472 0.5919117647058824
vt 0.18382352941176472 0.6470588235294117
vt 0.10294117647058823 0.6470588235294117
vt 0.10294117647058823 0.5919117647058824
vt 0.4338235294117647 0.7095588235294117
vt 0.4338235294117647 0.7647058823529411
vt 0.35294117647058826 0.7647058823529411
vt 0.35294117647058826 0.7095588235294117
vt 0.11397058823529412 0.1470588235294118
vt 0.11397058823529412 0.20588235294117652
vt 0.10294117647058823 0.20588235294117652
vt 0.10294117647058823 0.1470588235294118
vt 0.8051470588235294 0.6029411764705883
vt 0.8051470588235294 0.6617647058823529
vt 0.7941176470588235 0.6617647058823529
vt 0.7941176470588235 0.6029411764705883
vt 0.9044117647058824 0.8272058823529411
vt 0.9044117647058824 0.8382352941176471
vt 0.8676470588235294 0.8382352941176471
vt 0.8676470588235294 0.8272058823529411
vt 0.9264705882352942 0.6360294117647058
vt 0.9264705882352942 0.6470588235294117
vt 0.8970588235294118 0.6470588235294117
vt 0.8970588235294118 0.6360294117647058
vt 0.3897058823529412 0.38235294117647056
vt 0.3897058823529412 0.4411764705882353
vt 0.35294117647058826 0.4411764705882353
vt 0.3602941176470588 0.38235294117647056
vt 0.5908088235294118 0.6764705882352942
vt 0.5981617647058823 0.7352941176470589
vt 0.5599264705882353 0.7352941176470589
vt 0.5599264705882353 0.6764705882352942
vt 0.33455882352941174 0.25735294117647056
vt 0.33455882352941174 0.3529411764705882
vt 0.3235294117647059 0.3529411764705882
vt 0.3235294117647059 0.25735294117647056
vt 0.5992647058823529 0.21323529411764708
vt 0.5992647058823529 0.3088235294117647
vt 0.5882352941176471 0.3088235294117647
vt 0.5882352941176471 0.21323529411764708
vt 0.8786764705882353 0.4007352941176471
vt 0.8786764705882353 0.4117647058823529
vt 0.8382352941176471 0.4117647058823529
vt 0.8382352941176471 0.4007352941176471
vt 0.8713235294117647 0.2095588235294118
vt 0.8713235294117647 0.22058823529411764
vt 0.8235294117647058 0.22058823529411764
vt 0.8235294117647058 0.2095588235294118
vt 0.2536764705882353 0.625
vt 0.2536764705882353 0.7205882352941176
vt 0.21323529411764705 0.7205882352941176
vt 0.20588235294117646 0.625
vt 0.38566176470588237 0.9044117647058824
vt 0.3783088235294118 1
vt 0.33860294117647055 1
vt 0.33860294117647055 0.9044117647058824
vt 0.2610294117647059 0.11397058823529416
vt 0.2610294117647059 0.16176470588235292
vt 0.25 0.16176470588235292
vt 0.25 0.11397058823529416
vt 0.29044117647058826 0.11397058823529416
vt 0.29044117647058826 0.16176470588235292
vt 0.27941176470588236 0.16176470588235292
vt 0.27941176470588236 0.11397058823529416
vt 0.8933823529411765 0.9301470588235294
vt 0.8933823529411765 0.9411764705882353
vt 0.8529411764705882 0.9411764705882353
vt 0.8529411764705882 0.9301470588235294
vt 0.8933823529411765 0.23897058823529416
vt 0.8933823529411765 0.25
vt 0.8529411764705882 0.25
vt 0.8529411764705882 0.23897058823529416
vt 0.5992647058823529 0.4375
vt 0.5992647058823529 0.4852941176470589
vt 0.5588235294117647 0.4852941176470589
vt 0.5588235294117647 0.4375
vt 0.21691176470588236 0.3786764705882353
vt 0.21691176470588236 0.42647058823529416
vt 0.17647058823529413 0.42647058823529416
vt 0.17647058823529413 0.3786764705882353
vt 0.9080882352941176 0.5882352941176471
vt 0.9080882352941176 0.6176470588235294
vt 0.8970588235294118 0.6176470588235294
vt 0.8970588235294118 0.5882352941176471
vt 0.4227941176470588 0.07352941176470584
vt 0.4227941176470588 0.1029411764705882
vt 0.4117647058823529 0.1029411764705882
vt 0.4117647058823529 0.07352941176470584
vt 0.9154411764705882 0.5625
vt 0.9154411764705882 0.5735294117647058
vt 0.8823529411764706 0.5735294117647058
vt 0.8823529411764706 0.5625
vt 0.9154411764705882 0.5330882352941176
vt 0.9154411764705882 0.5441176470588236
vt 0.8823529411764706 0.5441176470588236
vt 0.8823529411764706 0.5330882352941176
vt 0.7536764705882353 0.8970588235294118
vt 0.7536764705882353 0.9264705882352942
vt 0.7205882352941176 0.9264705882352942
vt 0.7205882352941176 0.8970588235294118
vt 0.7536764705882353 0.8529411764705882
vt 0.7536764705882353 0.8823529411764706
vt 0.7205882352941176 0.8823529411764706
vt 0.7205882352941176 0.8529411764705882
vt 0.7169117647058824 0.5
vt 0.7058823529411765 0.5
vt 0.7058823529411765 0.40441176470588236
vt 0.7169117647058824 0.40441176470588236
vt 0.7169117647058824 0.38235294117647056
vt 0.7058823529411765 0.38235294117647056
vt 0.7058823529411765 0.2867647058823529
vt 0.7169117647058824 0.2867647058823529
vt 0.8492647058823529 0.1470588235294118
vt 0.8088235294117647 0.1470588235294118
vt 0.8088235294117647 0.13602941176470584
vt 0.8492647058823529 0.13602941176470584
vt 0.35661764705882354 0.16176470588235292
vt 0.3088235294117647 0.16176470588235292
vt 0.3088235294117647 0.15073529411764708
vt 0.35661764705882354 0.15073529411764708
vt 0.3783088235294118 0.8823529411764706
vt 0.33860294117647055 0.8823529411764706
vt 0.33860294117647055 0.7867647058823529
vt 0.38566176470588237 0.7867647058823529
vt 0.3272058823529412 0.7205882352941176
vt 0.2867647058823529 0.7205882352941176
vt 0.27941176470588236 0.625
vt 0.3272058823529412 0.625
vt 0.39338235294117646 0.16176470588235292
vt 0.38235294117647056 0.16176470588235292
vt 0.38235294117647056 0.11397058823529416
vt 0.39338235294117646 0.11397058823529416
vt 0.48161764705882354 0.16176470588235292
vt 0.47058823529411764 0.16176470588235292
vt 0.47058823529411764 0.11397058823529416
vt 0.48161764705882354 0.11397058823529416
vt 0.9080882352941176 1
vt 0.8676470588235294 1
vt 0.8676470588235294 0.9889705882352942
vt 0.9080882352941176 0.9889705882352942
vt 0.9080882352941176 0.9705882352941176
vt 0.8676470588235294 0.9705882352941176
vt 0.8676470588235294 0.9595588235294118
vt 0.9080882352941176 0.9595588235294118
vt 0.2757352941176471 0.42647058823529416
vt 0.23529411764705882 0.42647058823529416
vt 0.23529411764705882 0.3786764705882353
vt 0.2757352941176471 0.3786764705882353
vt 0.33455882352941174 0.42647058823529416
vt 0.29411764705882354 0.42647058823529416
vt 0.29411764705882354 0.3786764705882353
vt 0.33455882352941174 0.3786764705882353
vt 0.4522058823529412 0.1029411764705882
vt 0.4411764705882353 0.1029411764705882
vt 0.4411764705882353 0.07352941176470584
vt 0.4522058823529412 0.07352941176470584
vt 0.9080882352941176 0.5147058823529411
vt 0.8970588235294118 0.5147058823529411
vt 0.8970588235294118 0.4852941176470589
vt 0.9080882352941176 0.4852941176470589
vt 0.9154411764705882 0.38235294117647056
vt 0.8823529411764706 0.38235294117647056
vt 0.8823529411764706 0.3713235294117647
vt 0.9154411764705882 0.3713235294117647
vt 0.9154411764705882 0.32352941176470584
vt 0.8823529411764706 0.32352941176470584
vt 0.8823529411764706 0.3125
vt 0.9154411764705882 0.3125
vt 0.7536764705882353 0.8382352941176471
vt 0.7205882352941176 0.8382352941176471
vt 0.7205882352941176 0.8088235294117647
vt 0.7536764705882353 0.8088235294117647
vt 0.7536764705882353 0.7941176470588236
vt 0.7205882352941176 0.7941176470588236
vt 0.7205882352941176 0.7647058823529411
vt 0.7536764705882353 0.7647058823529411
vt 0.4227941176470588 0.20588235294117652
vt 0.4117647058823529 0.20588235294117652
vt 0.4117647058823529 0.1470588235294118
vt 0.4227941176470588 0.1470588235294118
vt 0.8051470588235294 0.5882352941176471
vt 0.7941176470588235 0.5882352941176471
vt 0.7941176470588235 0.5294117647058824
vt 0.8051470588235294 0.5294117647058824
vt 0.9044117647058824 0.8088235294117647
vt 0.8676470588235294 0.8088235294117647
vt 0.8676470588235294 0.7977941176470589
vt 0.9044117647058824 0.7977941176470589
vt 0.5294117647058824 0.1029411764705882
vt 0.5 0.1029411764705882
vt 0.5 0.09191176470588236
vt 0.5294117647058824 0.09191176470588236
vt 0.5981617647058823 0.6617647058823529
vt 0.5599264705882353 0.6617647058823529
vt 0.5599264705882353 0.6029411764705883
vt 0.5908088235294118 0.6029411764705883
vt 0.4485294117647059 0.4411764705882353
vt 0.4117647058823529 0.4411764705882353
vt 0.41911764705882354 0.38235294117647056
vt 0.4485294117647059 0.38235294117647056
vt 0.9080882352941176 0.3970588235294118
vt 0.9080882352941176 0.42647058823529416
vt 0.8970588235294118 0.42647058823529416
vt 0.8970588235294118 0.3970588235294118
vt 0.6875 0.07352941176470584
vt 0.6875 0.1029411764705882
vt 0.6764705882352942 0.1029411764705882
vt 0.6764705882352942 0.07352941176470584
vt 0.9154411764705882 0.28308823529411764
vt 0.9154411764705882 0.2941176470588235
vt 0.8823529411764706 0.2941176470588235
vt 0.8823529411764706 0.28308823529411764
vt 0.7830882352941176 0.10661764705882348
vt 0.7830882352941176 0.11764705882352944
vt 0.75 0.11764705882352944
vt 0.75 0.10661764705882348
vt 0.3860294117647059 0.25
vt 0.3860294117647059 0.27941176470588236
vt 0.35294117647058826 0.27941176470588236
vt 0.35294117647058826 0.25
vt 0.44485294117647056 0.25
vt 0.44485294117647056 0.27941176470588236
vt 0.4117647058823529 0.27941176470588236
vt 0.4117647058823529 0.25
vt 0.20220588235294118 0.09558823529411764
vt 0.20220588235294118 0.13235294117647056
vt 0.19117647058823528 0.13235294117647056
vt 0.19117647058823528 0.09558823529411764
vt 0.8786764705882353 0.7132352941176471
vt 0.8786764705882353 0.75
vt 0.8676470588235294 0.75
vt 0.8676470588235294 0.7132352941176471
vt 0.8419117647058824 0.10661764705882348
vt 0.8419117647058824 0.11764705882352944
vt 0.8088235294117647 0.11764705882352944
vt 0.8088235294117647 0.10661764705882348
vt 0.9301470588235294 0.9007352941176471
vt 0.9301470588235294 0.9117647058823529
vt 0.8970588235294118 0.9117647058823529
vt 0.8970588235294118 0.9007352941176471
vt 0.03308823529411765 0.30147058823529416
vt 0.03308823529411765 0.3382352941176471
vt 0 0.3382352941176471
vt 0 0.30147058823529416
vt 0.6948529411764706 0.9632352941176471
vt 0.6948529411764706 1
vt 0.6617647058823529 1
vt 0.6617647058823529 0.9632352941176471
vt 0.9080882352941176 0.19117647058823528
vt 0.9080882352941176 0.22058823529411764
vt 0.8970588235294118 0.22058823529411764
vt 0.8970588235294118 0.19117647058823528
vt 0.9080882352941176 0.1470588235294118
vt 0.9080882352941176 0.17647058823529416
vt 0.8970588235294118 0.17647058823529416
vt 0.8970588235294118 0.1470588235294118
vt 0.9301470588235294 0.8713235294117647
vt 0.9301470588235294 0.8823529411764706
vt 0.8970588235294118 0.8823529411764706
vt 0.8970588235294118 0.8713235294117647
vt 0.9301470588235294 0.7389705882352942
vt 0.9301470588235294 0.75
vt 0.8970588235294118 0.75
vt 0.8970588235294118 0.7389705882352942
vt 0.5036764705882353 0.25
vt 0.5036764705882353 0.27941176470588236
vt 0.47058823529411764 0.27941176470588236
vt 0.47058823529411764 0.25
vt 0.6507352941176471 0.25
vt 0.6507352941176471 0.27941176470588236
vt 0.6176470588235294 0.27941176470588236
vt 0.6176470588235294 0.25
vt 0.8786764705882353 0.07352941176470584
vt 0.8786764705882353 0.1029411764705882
vt 0.8676470588235294 0.1029411764705882
vt 0.8676470588235294 0.07352941176470584
vt 0.9080882352941176 0.07352941176470584
vt 0.9080882352941176 0.1029411764705882
vt 0.8970588235294118 0.1029411764705882
vt 0.8970588235294118 0.07352941176470584
vt 0.34558823529411764 0.12132352941176472
vt 0.34558823529411764 0.13235294117647056
vt 0.3088235294117647 0.13235294117647056
vt 0.3088235294117647 0.12132352941176472
vt 0.4485294117647059 0.12132352941176472
vt 0.4485294117647059 0.13235294117647056
vt 0.4117647058823529 0.13235294117647056
vt 0.4117647058823529 0.12132352941176472
vt 0.5661764705882353 0.27941176470588236
vt 0.5661764705882353 0.3088235294117647
vt 0.5294117647058824 0.3088235294117647
vt 0.5294117647058824 0.27941176470588236
vt 0.7426470588235294 0.7058823529411764
vt 0.7426470588235294 0.7352941176470589
vt 0.7058823529411765 0.7352941176470589
vt 0.7058823529411765 0.7058823529411764
vt 0.8786764705882353 0.4779411764705882
vt 0.8786764705882353 0.5147058823529411
vt 0.8676470588235294 0.5147058823529411
vt 0.8676470588235294 0.4779411764705882
vt 0.8786764705882353 0.15441176470588236
vt 0.8786764705882353 0.19117647058823528
vt 0.8676470588235294 0.19117647058823528
vt 0.8676470588235294 0.15441176470588236
vt 0.9301470588235294 0.7095588235294117
vt 0.9301470588235294 0.7205882352941176
vt 0.8970588235294118 0.7205882352941176
vt 0.8970588235294118 0.7095588235294117
vt 0.34191176470588236 0.09191176470588236
vt 0.34191176470588236 0.1029411764705882
vt 0.3088235294117647 0.1029411764705882
vt 0.3088235294117647 0.09191176470588236
vt 0.6948529411764706 0.9044117647058824
vt 0.6948529411764706 0.9411764705882353
vt 0.6617647058823529 0.9411764705882353
vt 0.6617647058823529 0.9044117647058824
vt 0.6948529411764706 0.8455882352941176
vt 0.6948529411764706 0.8823529411764706
vt 0.6617647058823529 0.8823529411764706
vt 0.6617647058823529 0.8455882352941176
vt 0.011029411764705883 0.05882352941176472
vt 0.011029411764705883 0.08823529411764708
vt 0 0.08823529411764708
vt 0 0.05882352941176472
vt 0.04044117647058824 0.05882352941176472
vt 0.04044117647058824 0.08823529411764708
vt 0.029411764705882353 0.08823529411764708
vt 0.029411764705882353 0.05882352941176472
vt 0.9044117647058824 0.44485294117647056
vt 0.9044117647058824 0.4558823529411765
vt 0.8676470588235294 0.4558823529411765
vt 0.8676470588235294 0.44485294117647056
vt 0.9044117647058824 0.34191176470588236
vt 0.9044117647058824 0.3529411764705882
vt 0.8676470588235294 0.3529411764705882
vt 0.8676470588235294 0.34191176470588236
vt 0.7426470588235294 0.6617647058823529
vt 0.7426470588235294 0.6911764705882353
vt 0.7058823529411765 0.6911764705882353
vt 0.7058823529411765 0.6617647058823529
vt 0.7426470588235294 0.6176470588235294
vt 0.7426470588235294 0.6470588235294117
vt 0.7058823529411765 0.6470588235294117
vt 0.7058823529411765 0.6176470588235294
vt 0.8492647058823529 0.4375
vt 0.8492647058823529 0.4852941176470589
vt 0.8382352941176471 0.4852941176470589
vt 0.8382352941176471 0.4375
vt 0.6286764705882353 0.11397058823529416
vt 0.6286764705882353 0.16176470588235292
vt 0.6176470588235294 0.16176470588235292
vt 0.6176470588235294 0.11397058823529416
vt 0.8455882352941176 0.8713235294117647
vt 0.8455882352941176 0.8823529411764706
vt 0.7794117647058824 0.8823529411764706
vt 0.7794117647058824 0.8713235294117647
vt 0.21323529411764705 0.2095588235294118
vt 0.21323529411764705 0.22058823529411764
vt 0.14705882352941177 0.22058823529411764
vt 0.14705882352941177 0.2095588235294118
vt 0.0661764705882353 0.5257352941176471
vt 0.0661764705882353 0.5735294117647058
vt 0 0.5735294117647058
vt 0 0.5257352941176471
vt 0.15441176470588236 0.5257352941176471
vt 0.15441176470588236 0.5735294117647058
vt 0.08823529411764706 0.5735294117647058
vt 0.08823529411764706 0.5257352941176471
vt 0.6875 0.11764705882352944
vt 0.6875 0.16176470588235292
vt 0.6764705882352942 0.16176470588235292
vt 0.6764705882352942 0.11764705882352944
vt 0.011029411764705883 0.1029411764705882
vt 0.011029411764705883 0.1470588235294118
vt 0 0.1470588235294118
vt 0 0.1029411764705882
vt 0.8455882352941176 0.7389705882352942
vt 0.8455882352941176 0.75
vt 0.7647058823529411 0.75
vt 0.7647058823529411 0.7389705882352942
vt 0.8455882352941176 0.7095588235294117
vt 0.8455882352941176 0.7205882352941176
vt 0.7647058823529411 0.7205882352941176
vt 0.7647058823529411 0.7095588235294117
vt 0.49264705882352944 0.8823529411764706
vt 0.49264705882352944 0.9264705882352942
vt 0.4117647058823529 0.9264705882352942
vt 0.4117647058823529 0.8823529411764706
vt 0.49264705882352944 0.8235294117647058
vt 0.49264705882352944 0.8676470588235294
vt 0.4117647058823529 0.8676470588235294
vt 0.4117647058823529 0.8235294117647058
vt 0.4632352941176471 0.36764705882352944
vt 0.4411764705882353 0.36764705882352944
vt 0.4411764705882353 0.30514705882352944
vt 0.4632352941176471 0.30514705882352944
vt 0.5073529411764706 0.30514705882352944
vt 0.5073529411764706 0.36764705882352944
vt 0.4852941176470588 0.36764705882352944
vt 0.4852941176470588 0.30514705882352944
vt 0.14705882352941177 0.24264705882352944
vt 0.19117647058823528 0.24264705882352944
vt 0.19117647058823528 0.2647058823529411
vt 0.14705882352941177 0.2647058823529411
vt 0.25 0.24264705882352944
vt 0.25 0.2647058823529411
vt 0.20588235294117646 0.2647058823529411
vt 0.20588235294117646 0.24264705882352944
vt 0.22058823529411764 0.4522058823529411
vt 0.22058823529411764 0.5147058823529411
vt 0.17647058823529413 0.5147058823529411
vt 0.17647058823529413 0.4522058823529411
vt 0.27941176470588236 0.5147058823529411
vt 0.23529411764705882 0.5147058823529411
vt 0.23529411764705882 0.4522058823529411
vt 0.27941176470588236 0.4522058823529411
vt 0.16911764705882354 0.3529411764705882
vt 0.14705882352941177 0.3529411764705882
vt 0.14705882352941177 0.2904411764705882
vt 0.16911764705882354 0.2904411764705882
vt 0.21323529411764705 0.2904411764705882
vt 0.21323529411764705 0.3529411764705882
vt 0.19117647058823528 0.3529411764705882
vt 0.19117647058823528 0.2904411764705882
vt 0.2647058823529412 0.24264705882352944
vt 0.3088235294117647 0.24264705882352944
vt 0.3088235294117647 0.2647058823529411
vt 0.2647058823529412 0.2647058823529411
vt 0.7794117647058824 0.5808823529411764
vt 0.7794117647058824 0.6029411764705883
vt 0.7352941176470589 0.6029411764705883
vt 0.7352941176470589 0.5808823529411764
vt 0.3382352941176471 0.4522058823529411
vt 0.3382352941176471 0.5147058823529411
vt 0.29411764705882354 0.5147058823529411
vt 0.29411764705882354 0.4522058823529411
vt 0.04411764705882353 0.5
vt 0 0.5
vt 0 0.4375
vt 0.04411764705882353 0.4375
vt 0.25735294117647056 0.2904411764705882
vt 0.25735294117647056 0.3529411764705882
vt 0.23529411764705882 0.3529411764705882
vt 0.23529411764705882 0.2904411764705882
vt 0.3014705882352941 0.3529411764705882
vt 0.27941176470588236 0.3529411764705882
vt 0.27941176470588236 0.2904411764705882
vt 0.3014705882352941 0.2904411764705882
vt 0.7352941176470589 0.5588235294117647
vt 0.7352941176470589 0.5367647058823529
vt 0.7794117647058824 0.5367647058823529
vt 0.7794117647058824 0.5588235294117647
vt 0.7794117647058824 0.5147058823529411
vt 0.7352941176470589 0.5147058823529411
vt 0.7352941176470589 0.49264705882352944
vt 0.7794117647058824 0.49264705882352944
vt 0.10294117647058823 0.5
vt 0.058823529411764705 0.5
vt 0.058823529411764705 0.4375
vt 0.10294117647058823 0.4375
vt 0.16176470588235295 0.4375
vt 0.16176470588235295 0.5
vt 0.11764705882352941 0.5
vt 0.11764705882352941 0.4375
vt 0.8382352941176471 0.5735294117647058
vt 0.8235294117647058 0.5735294117647058
vt 0.8235294117647058 0.5367647058823529
vt 0.8382352941176471 0.5367647058823529
vt 0.5588235294117647 0.13970588235294112
vt 0.5588235294117647 0.17647058823529416
vt 0.5441176470588235 0.17647058823529416
vt 0.5441176470588235 0.13970588235294112
vt 0.5147058823529411 0.7205882352941176
vt 0.5404411764705882 0.7205882352941176
vt 0.5404411764705882 0.7352941176470589
vt 0.5147058823529411 0.7352941176470589
vt 0.6433823529411765 0.8823529411764706
vt 0.6433823529411765 0.8970588235294118
vt 0.6176470588235294 0.8970588235294118
vt 0.6176470588235294 0.8823529411764706
vt 0.5845588235294118 0.5514705882352942
vt 0.5845588235294118 0.5882352941176471
vt 0.5588235294117647 0.5882352941176471
vt 0.5588235294117647 0.5514705882352942
vt 0.5551470588235294 0.2647058823529411
vt 0.5294117647058824 0.2647058823529411
vt 0.5294117647058824 0.2279411764705882
vt 0.5551470588235294 0.2279411764705882
vt 0.8529411764705882 0.8529411764705882
vt 0.8382352941176471 0.8529411764705882
vt 0.8382352941176471 0.8161764705882353
vt 0.8529411764705882 0.8161764705882353
vt 0.23529411764705882 0.125
vt 0.23529411764705882 0.16176470588235292
vt 0.22058823529411764 0.16176470588235292
vt 0.22058823529411764 0.125
vt 0.8676470588235294 0.11764705882352944
vt 0.8933823529411765 0.11764705882352944
vt 0.8933823529411765 0.13235294117647056
vt 0.8676470588235294 0.13235294117647056
vt 0.15808823529411764 0.1029411764705882
vt 0.15808823529411764 0.11764705882352944
vt 0.1323529411764706 0.11764705882352944
vt 0.1323529411764706 0.1029411764705882
vt 0.7610294117647058 0.4338235294117647
vt 0.7610294117647058 0.47058823529411764
vt 0.7352941176470589 0.47058823529411764
vt 0.7352941176470589 0.4338235294117647
vt 0.7610294117647058 0.4117647058823529
vt 0.7352941176470589 0.4117647058823529
vt 0.7352941176470589 0.375
vt 0.7610294117647058 0.375
vt 0.8382352941176471 0.5735294117647058
vt 0.8235294117647058 0.5735294117647058
vt 0.8235294117647058 0.5367647058823529
vt 0.8382352941176471 0.5367647058823529
vt 0.5588235294117647 0.13970588235294112
vt 0.5588235294117647 0.17647058823529416
vt 0.5441176470588235 0.17647058823529416
vt 0.5441176470588235 0.13970588235294112
vt 0.5147058823529411 0.7205882352941176
vt 0.5404411764705882 0.7205882352941176
vt 0.5404411764705882 0.7352941176470589
vt 0.5147058823529411 0.7352941176470589
vt 0.6433823529411765 0.8823529411764706
vt 0.6433823529411765 0.8970588235294118
vt 0.6176470588235294 0.8970588235294118
vt 0.6176470588235294 0.8823529411764706
vt 0.5845588235294118 0.5514705882352942
vt 0.5845588235294118 0.5882352941176471
vt 0.5588235294117647 0.5882352941176471
vt 0.5588235294117647 0.5514705882352942
vt 0.5551470588235294 0.2647058823529411
vt 0.5294117647058824 0.2647058823529411
vt 0.5294117647058824 0.2279411764705882
vt 0.5551470588235294 0.2279411764705882
vt 0.8529411764705882 0.8529411764705882
vt 0.8382352941176471 0.8529411764705882
vt 0.8382352941176471 0.8161764705882353
vt 0.8529411764705882 0.8161764705882353
vt 0.23529411764705882 0.125
vt 0.23529411764705882 0.16176470588235292
vt 0.22058823529411764 0.16176470588235292
vt 0.22058823529411764 0.125
vt 0.8676470588235294 0.11764705882352944
vt 0.8933823529411765 0.11764705882352944
vt 0.8933823529411765 0.13235294117647056
vt 0.8676470588235294 0.13235294117647056
vt 0.15808823529411764 0.1029411764705882
vt 0.15808823529411764 0.11764705882352944
vt 0.1323529411764706 0.11764705882352944
vt 0.1323529411764706 0.1029411764705882
vt 0.7610294117647058 0.4338235294117647
vt 0.7610294117647058 0.47058823529411764
vt 0.7352941176470589 0.47058823529411764
vt 0.7352941176470589 0.4338235294117647
vt 0.7610294117647058 0.4117647058823529
vt 0.7352941176470589 0.4117647058823529
vt 0.7352941176470589 0.375
vt 0.7610294117647058 0.375
vt 0.8382352941176471 0.5735294117647058
vt 0.8235294117647058 0.5735294117647058
vt 0.8235294117647058 0.5367647058823529
vt 0.8382352941176471 0.5367647058823529
vt 0.5588235294117647 0.13970588235294112
vt 0.5588235294117647 0.17647058823529416
vt 0.5441176470588235 0.17647058823529416
vt 0.5441176470588235 0.13970588235294112
vt 0.5147058823529411 0.7205882352941176
vt 0.5404411764705882 0.7205882352941176
vt 0.5404411764705882 0.7352941176470589
vt 0.5147058823529411 0.7352941176470589
vt 0.6433823529411765 0.8823529411764706
vt 0.6433823529411765 0.8970588235294118
vt 0.6176470588235294 0.8970588235294118
vt 0.6176470588235294 0.8823529411764706
vt 0.5845588235294118 0.5514705882352942
vt 0.5845588235294118 0.5882352941176471
vt 0.5588235294117647 0.5882352941176471
vt 0.5588235294117647 0.5514705882352942
vt 0.5551470588235294 0.2647058823529411
vt 0.5294117647058824 0.2647058823529411
vt 0.5294117647058824 0.2279411764705882
vt 0.5551470588235294 0.2279411764705882
vt 0.8529411764705882 0.8529411764705882
vt 0.8382352941176471 0.8529411764705882
vt 0.8382352941176471 0.8161764705882353
vt 0.8529411764705882 0.8161764705882353
vt 0.23529411764705882 0.125
vt 0.23529411764705882 0.16176470588235292
vt 0.22058823529411764 0.16176470588235292
vt 0.22058823529411764 0.125
vt 0.8676470588235294 0.11764705882352944
vt 0.8933823529411765 0.11764705882352944
vt 0.8933823529411765 0.13235294117647056
vt 0.8676470588235294 0.13235294117647056
vt 0.15808823529411764 0.1029411764705882
vt 0.15808823529411764 0.11764705882352944
vt 0.1323529411764706 0.11764705882352944
vt 0.1323529411764706 0.1029411764705882
vt 0.7610294117647058 0.4338235294117647
vt 0.7610294117647058 0.47058823529411764
vt 0.7352941176470589 0.47058823529411764
vt 0.7352941176470589 0.4338235294117647
vt 0.7610294117647058 0.4117647058823529
vt 0.7352941176470589 0.4117647058823529
vt 0.7352941176470589 0.375
vt 0.7610294117647058 0.375
vt 0.8382352941176471 0.5735294117647058
vt 0.8235294117647058 0.5735294117647058
vt 0.8235294117647058 0.5367647058823529
vt 0.8382352941176471 0.5367647058823529
vt 0.5588235294117647 0.13970588235294112
vt 0.5588235294117647 0.17647058823529416
vt 0.5441176470588235 0.17647058823529416
vt 0.5441176470588235 0.13970588235294112
vt 0.5147058823529411 0.7205882352941176
vt 0.5404411764705882 0.7205882352941176
vt 0.5404411764705882 0.7352941176470589
vt 0.5147058823529411 0.7352941176470589
vt 0.6433823529411765 0.8823529411764706
vt 0.6433823529411765 0.8970588235294118
vt 0.6176470588235294 0.8970588235294118
vt 0.6176470588235294 0.8823529411764706
vt 0.5845588235294118 0.5514705882352942
vt 0.5845588235294118 0.5882352941176471
vt 0.5588235294117647 0.5882352941176471
vt 0.5588235294117647 0.5514705882352942
vt 0.5551470588235294 0.2647058823529411
vt 0.5294117647058824 0.2647058823529411
vt 0.5294117647058824 0.2279411764705882
vt 0.5551470588235294 0.2279411764705882
vt 0.8529411764705882 0.8529411764705882
vt 0.8382352941176471 0.8529411764705882
vt 0.8382352941176471 0.8161764705882353
vt 0.8529411764705882 0.8161764705882353
vt 0.23529411764705882 0.125
vt 0.23529411764705882 0.16176470588235292
vt 0.22058823529411764 0.16176470588235292
vt 0.22058823529411764 0.125
vt 0.8676470588235294 0.11764705882352944
vt 0.8933823529411765 0.11764705882352944
vt 0.8933823529411765 0.13235294117647056
vt 0.8676470588235294 0.13235294117647056
vt 0.15808823529411764 0.1029411764705882
vt 0.15808823529411764 0.11764705882352944
vt 0.1323529411764706 0.11764705882352944
vt 0.1323529411764706 0.1029411764705882
vt 0.7610294117647058 0.4338235294117647
vt 0.7610294117647058 0.47058823529411764
vt 0.7352941176470589 0.47058823529411764
vt 0.7352941176470589 0.4338235294117647
vt 0.7610294117647058 0.4117647058823529
vt 0.7352941176470589 0.4117647058823529
vt 0.7352941176470589 0.375
vt 0.7610294117647058 0.375
vt 0.6360294117647058 0.3970588235294118
vt 0.6360294117647058 0.4852941176470589
vt 0.6176470588235294 0.4852941176470589
vt 0.6176470588235294 0.3970588235294118
vt 0.6360294117647058 0.2941176470588235
vt 0.6360294117647058 0.38235294117647056
vt 0.6176470588235294 0.38235294117647056
vt 0.6176470588235294 0.2941176470588235
vt 0.6397058823529411 0.8492647058823529
vt 0.6397058823529411 0.8676470588235294
vt 0.5147058823529411 0.8676470588235294
vt 0.5147058823529411 0.8492647058823529
vt 0.6397058823529411 0.8051470588235294
vt 0.6397058823529411 0.8235294117647058
vt 0.5147058823529411 0.8235294117647058
vt 0.5147058823529411 0.8051470588235294
vt 0.125 0.8088235294117647
vt 0.125 0.8970588235294118
vt 0 0.8970588235294118
vt 0 0.8088235294117647
vt 0.125 0.9117647058823529
vt 0.125 1
vt 0 1
vt 0 0.9117647058823529
vt 0.6801470588235294 0.2941176470588235
vt 0.6801470588235294 0.3529411764705882
vt 0.6617647058823529 0.3529411764705882
vt 0.6617647058823529 0.2941176470588235
vt 0.07720588235294118 0.2647058823529411
vt 0.07720588235294118 0.32352941176470584
vt 0.058823529411764705 0.32352941176470584
vt 0.058823529411764705 0.2647058823529411
vt 0.6397058823529411 0.7610294117647058
vt 0.6397058823529411 0.7794117647058824
vt 0.5147058823529411 0.7794117647058824
vt 0.5147058823529411 0.7610294117647058
vt 0.5367647058823529 0.46691176470588236
vt 0.5367647058823529 0.4852941176470589
vt 0.4117647058823529 0.4852941176470589
vt 0.4117647058823529 0.46691176470588236
vt 0.27205882352941174 0.7352941176470589
vt 0.27205882352941174 0.7941176470588236
vt 0.14705882352941177 0.7941176470588236
vt 0.14705882352941177 0.7352941176470589
vt 0.125 0.7352941176470589
vt 0.125 0.7941176470588236
vt 0 0.7941176470588236
vt 0 0.7352941176470589
vt 0.9301470588235294 0.6727941176470589
vt 0.9301470588235294 0.6911764705882353
vt 0.9264705882352942 0.6911764705882353
vt 0.9264705882352942 0.6727941176470589
vt 0.34191176470588236 0.05514705882352944
vt 0.34191176470588236 0.07352941176470584
vt 0.3382352941176471 0.07352941176470584
vt 0.3382352941176471 0.05514705882352944
vt 0.9375 0.6139705882352942
vt 0.9375 0.6176470588235294
vt 0.9264705882352942 0.6176470588235294
vt 0.9264705882352942 0.6139705882352942
vt 0.9375 0.5110294117647058
vt 0.9375 0.5147058823529411
vt 0.9264705882352942 0.5147058823529411
vt 0.9264705882352942 0.5110294117647058
vt 0.29044117647058826 0.06985294117647056
vt 0.29044117647058826 0.08823529411764708
vt 0.27941176470588236 0.08823529411764708
vt 0.27941176470588236 0.06985294117647056
vt 0.2610294117647059 0.06985294117647056
vt 0.2610294117647059 0.08823529411764708
vt 0.25 0.08823529411764708
vt 0.25 0.06985294117647056
vt 0.3786764705882353 0.30514705882352944
vt 0.3786764705882353 0.36764705882352944
vt 0.35294117647058826 0.36764705882352944
vt 0.35294117647058826 0.30514705882352944
vt 0.4227941176470588 0.30514705882352944
vt 0.4227941176470588 0.36764705882352944
vt 0.39705882352941174 0.36764705882352944
vt 0.39705882352941174 0.30514705882352944
vt 0.7058823529411765 0.7977941176470589
vt 0.7058823529411765 0.8235294117647058
vt 0.6617647058823529 0.8235294117647058
vt 0.6617647058823529 0.7977941176470589
vt 0.7058823529411765 0.7536764705882353
vt 0.7058823529411765 0.7794117647058824
vt 0.6617647058823529 0.7794117647058824
vt 0.6617647058823529 0.7536764705882353
vt 0.5441176470588235 0.5551470588235294
vt 0.5441176470588235 0.6176470588235294
vt 0.5 0.6176470588235294
vt 0.5 0.5551470588235294
vt 0.5441176470588235 0.6433823529411764
vt 0.5441176470588235 0.7058823529411764
vt 0.5 0.7058823529411764
vt 0.5 0.6433823529411764
vt 0.3382352941176471 0.05514705882352944
vt 0.3382352941176471 0.07352941176470584
vt 0.34191176470588236 0.07352941176470584
vt 0.34191176470588236 0.05514705882352944
vt 0.9264705882352942 0.6727941176470589
vt 0.9264705882352942 0.6911764705882353
vt 0.9301470588235294 0.6911764705882353
vt 0.9301470588235294 0.6727941176470589
vt 0.9375 0.6176470588235294
vt 0.9375 0.6139705882352942
vt 0.9264705882352942 0.6139705882352942
vt 0.9264705882352942 0.6176470588235294
vt 0.9375 0.5110294117647058
vt 0.9375 0.5147058823529411
vt 0.9264705882352942 0.5147058823529411
vt 0.9264705882352942 0.5110294117647058
vt 0.27941176470588236 0.06985294117647056
vt 0.27941176470588236 0.08823529411764708
vt 0.29044117647058826 0.08823529411764708
vt 0.29044117647058826 0.06985294117647056
vt 0.25 0.06985294117647056
vt 0.25 0.08823529411764708
vt 0.2610294117647059 0.08823529411764708
vt 0.2610294117647059 0.06985294117647056
vt 0.39705882352941174 0.30514705882352944
vt 0.39705882352941174 0.36764705882352944
vt 0.4227941176470588 0.36764705882352944
vt 0.4227941176470588 0.30514705882352944
vt 0.35294117647058826 0.30514705882352944
vt 0.35294117647058826 0.36764705882352944
vt 0.3786764705882353 0.36764705882352944
vt 0.3786764705882353 0.30514705882352944
vt 0.7058823529411765 0.8235294117647058
vt 0.7058823529411765 0.7977941176470589
vt 0.6617647058823529 0.7977941176470589
vt 0.6617647058823529 0.8235294117647058
vt 0.7058823529411765 0.7536764705882353
vt 0.7058823529411765 0.7794117647058824
vt 0.6617647058823529 0.7794117647058824
vt 0.6617647058823529 0.7536764705882353
vt 0.5 0.5551470588235294
vt 0.5 0.6176470588235294
vt 0.5441176470588235 0.6176470588235294
vt 0.5441176470588235 0.5551470588235294
vt 0.5 0.6433823529411764
vt 0.5 0.7058823529411764
vt 0.5441176470588235 0.7058823529411764
vt 0.5441176470588235 0.6433823529411764
vt 0.6580882352941176 0.16911764705882348
vt 0.6580882352941176 0.23529411764705888
vt 0.6470588235294118 0.23529411764705888
vt 0.6470588235294118 0.16911764705882348
vt 0.7904411764705882 0.7867647058823529
vt 0.7904411764705882 0.8529411764705882
vt 0.7794117647058824 0.8529411764705882
vt 0.7794117647058824 0.7867647058823529
vt 0.8529411764705882 0.5036764705882353
vt 0.8529411764705882 0.5147058823529411
vt 0.7941176470588235 0.5147058823529411
vt 0.7941176470588235 0.5036764705882353
vt 0.5735294117647058 0.19485294117647056
vt 0.5735294117647058 0.20588235294117652
vt 0.5147058823529411 0.20588235294117652
vt 0.5147058823529411 0.19485294117647056
vt 0.3382352941176471 0.5367647058823529
vt 0.3382352941176471 0.6029411764705883
vt 0.27941176470588236 0.6029411764705883
vt 0.27941176470588236 0.5367647058823529
vt 0.2647058823529412 0.5367647058823529
vt 0.2647058823529412 0.6029411764705883
vt 0.20588235294117646 0.6029411764705883
vt 0.20588235294117646 0.5367647058823529
vt 0.4522058823529412 0.1470588235294118
vt 0.4522058823529412 0.20588235294117652
vt 0.4411764705882353 0.20588235294117652
vt 0.4411764705882353 0.1470588235294118
vt 0.14338235294117646 0.13235294117647056
vt 0.14338235294117646 0.19117647058823528
vt 0.1323529411764706 0.19117647058823528
vt 0.1323529411764706 0.13235294117647056
vt 0.5441176470588235 0.43014705882352944
vt 0.5441176470588235 0.4411764705882353
vt 0.5294117647058824 0.4411764705882353
vt 0.5294117647058824 0.43014705882352944
vt 0.9264705882352942 0.2536764705882353
vt 0.9264705882352942 0.2647058823529411
vt 0.9117647058823529 0.2647058823529411
vt 0.9117647058823529 0.2536764705882353
vt 0.3382352941176471 0.17647058823529416
vt 0.3382352941176471 0.23529411764705888
vt 0.3235294117647059 0.23529411764705888
vt 0.3235294117647059 0.17647058823529416
vt 0.7794117647058824 0.6323529411764706
vt 0.7794117647058824 0.6911764705882353
vt 0.7647058823529411 0.6911764705882353
vt 0.7647058823529411 0.6323529411764706
vt 0.8198529411764706 0.7941176470588236
vt 0.8198529411764706 0.8529411764705882
vt 0.8088235294117647 0.8529411764705882
vt 0.8088235294117647 0.7941176470588236
vt 0.17279411764705882 0.13235294117647056
vt 0.17279411764705882 0.19117647058823528
vt 0.16176470588235295 0.19117647058823528
vt 0.16176470588235295 0.13235294117647056
vt 0.7794117647058824 0.07720588235294112
vt 0.7794117647058824 0.08823529411764708
vt 0.7647058823529411 0.08823529411764708
vt 0.7647058823529411 0.07720588235294112
vt 0.8088235294117647 0.07720588235294112
vt 0.8088235294117647 0.08823529411764708
vt 0.7941176470588235 0.08823529411764708
vt 0.7941176470588235 0.07720588235294112
vt 0.39705882352941174 0.17647058823529416
vt 0.39705882352941174 0.23529411764705888
vt 0.38235294117647056 0.23529411764705888
vt 0.38235294117647056 0.17647058823529416
vt 0.36764705882352944 0.17647058823529416
vt 0.36764705882352944 0.23529411764705888
vt 0.35294117647058826 0.23529411764705888
vt 0.35294117647058826 0.17647058823529416
vt 0.8345588235294118 0.07352941176470584
vt 0.8345588235294118 0.08823529411764708
vt 0.8235294117647058 0.08823529411764708
vt 0.8235294117647058 0.07352941176470584
vt 0.9227941176470589 0.11764705882352944
vt 0.9227941176470589 0.13235294117647056
vt 0.9117647058823529 0.13235294117647056
vt 0.9117647058823529 0.11764705882352944
vt 0.051470588235294115 0.1654411764705882
vt 0.051470588235294115 0.17647058823529416
vt 0 0.17647058823529416
vt 0 0.1654411764705882
vt 0.875 0.6507352941176471
vt 0.875 0.6617647058823529
vt 0.8235294117647058 0.6617647058823529
vt 0.8235294117647058 0.6507352941176471
vt 0.8308823529411765 0.9264705882352942
vt 0.8308823529411765 0.9411764705882353
vt 0.7794117647058824 0.9411764705882353
vt 0.7794117647058824 0.9264705882352942
vt 0.4632352941176471 0.22058823529411764
vt 0.4632352941176471 0.23529411764705888
vt 0.4117647058823529 0.23529411764705888
vt 0.4117647058823529 0.22058823529411764
vt 0.3786764705882353 0.06985294117647056
vt 0.3786764705882353 0.08823529411764708
vt 0.36764705882352944 0.08823529411764708
vt 0.36764705882352944 0.06985294117647056
vt 0.48161764705882354 0.06985294117647056
vt 0.48161764705882354 0.08823529411764708
vt 0.47058823529411764 0.08823529411764708
vt 0.47058823529411764 0.06985294117647056
vt 0.875 0.6213235294117647
vt 0.875 0.6323529411764706
vt 0.8235294117647058 0.6323529411764706
vt 0.8235294117647058 0.6213235294117647
vt 0.875 0.5919117647058824
vt 0.875 0.6029411764705883
vt 0.8235294117647058 0.6029411764705883
vt 0.8235294117647058 0.5919117647058824
vt 0.7279411764705882 0.24632352941176472
vt 0.7279411764705882 0.2647058823529411
vt 0.6764705882352942 0.2647058823529411
vt 0.6764705882352942 0.24632352941176472
vt 0.7867647058823529 0.3345588235294118
vt 0.7867647058823529 0.3529411764705882
vt 0.7352941176470589 0.3529411764705882
vt 0.7352941176470589 0.3345588235294118
vt 0.04044117647058824 0.1029411764705882
vt 0.04044117647058824 0.1470588235294118
vt 0.029411764705882353 0.1470588235294118
vt 0.029411764705882353 0.1029411764705882
vt 0.8639705882352942 0.5294117647058824
vt 0.8639705882352942 0.5735294117647058
vt 0.8529411764705882 0.5735294117647058
vt 0.8529411764705882 0.5294117647058824
vt 0.9411764705882353 0.9889705882352942
vt 0.9411764705882353 1
vt 0.9264705882352942 1
vt 0.9264705882352942 0.9889705882352942
vt 0.9411764705882353 0.9595588235294118
vt 0.9411764705882353 0.9705882352941176
vt 0.9264705882352942 0.9705882352941176
vt 0.9264705882352942 0.9595588235294118
vt 0.4264705882352941 0.5
vt 0.4264705882352941 0.5441176470588236
vt 0.4117647058823529 0.5441176470588236
vt 0.4117647058823529 0.5
vt 0.19117647058823528 0.5294117647058824
vt 0.19117647058823528 0.5735294117647058
vt 0.17647058823529413 0.5735294117647058
vt 0.17647058823529413 0.5294117647058824
vt 0.08455882352941177 0.125
vt 0.08455882352941177 0.17647058823529416
vt 0.07352941176470588 0.17647058823529416
vt 0.07352941176470588 0.125
vt 0.5257352941176471 0.125
vt 0.5257352941176471 0.17647058823529416
vt 0.5147058823529411 0.17647058823529416
vt 0.5147058823529411 0.125
vt 0.9411764705882353 0.8419117647058824
vt 0.9411764705882353 0.8529411764705882
vt 0.9264705882352942 0.8529411764705882
vt 0.9264705882352942 0.8419117647058824
vt 0.9411764705882353 0.8125
vt 0.9411764705882353 0.8235294117647058
vt 0.9264705882352942 0.8235294117647058
vt 0.9264705882352942 0.8125
vt 0.6323529411764706 0.18382352941176472
vt 0.6323529411764706 0.23529411764705888
vt 0.6176470588235294 0.23529411764705888
vt 0.6176470588235294 0.18382352941176472
vt 0.5 0.18382352941176472
vt 0.5 0.23529411764705888
vt 0.4852941176470588 0.23529411764705888
vt 0.4852941176470588 0.18382352941176472
vt 0.6580882352941176 0.1029411764705882
vt 0.6580882352941176 0.1470588235294118
vt 0.6470588235294118 0.1470588235294118
vt 0.6470588235294118 0.1029411764705882
vt 0.8639705882352942 0.2647058823529411
vt 0.8639705882352942 0.3088235294117647
vt 0.8529411764705882 0.3088235294117647
vt 0.8529411764705882 0.2647058823529411
vt 0.20588235294117646 0.0625
vt 0.20588235294117646 0.07352941176470584
vt 0.19117647058823528 0.07352941176470584
vt 0.19117647058823528 0.0625
vt 0.3235294117647059 0.0625
vt 0.3235294117647059 0.07352941176470584
vt 0.3088235294117647 0.07352941176470584
vt 0.3088235294117647 0.0625
vt 0.20588235294117646 0.1470588235294118
vt 0.20588235294117646 0.19117647058823528
vt 0.19117647058823528 0.19117647058823528
vt 0.19117647058823528 0.1470588235294118
vt 0.16176470588235295 0.36764705882352944
vt 0.16176470588235295 0.4117647058823529
vt 0.14705882352941177 0.4117647058823529
vt 0.14705882352941177 0.36764705882352944
vn 1 0 0
vn -1 0 0
vn 0 1 0
vn 0 -1 0
vn 0 0 1
vn 0 0 -1
vn 1 0 0
vn -1 0 0
vn 0 0.9961946980917459 -0.08715574274765456
vn 0 -0.9961946980917459 0.08715574274765464
vn 0 0.08715574274765814 0.9961946980917455
vn 0 -0.08715574274765826 -0.9961946980917455
vn 1 0 0
vn -1 0 0
vn 0 1 0
vn 0 -1 0
vn 0 0 1
vn 0 0 -1
vn 1 0 0
vn -1 0 0
vn 0 0.9563047559630351 0.292371704722738
vn 0 -0.9563047559630352 -0.2923717047227378
vn 0 -0.19576483982842574 0.98065086931433
vn 0 0.2923717047227368 -0.9563047559630354
vn 0.9890158633619168 0 -0.14780941112961057
vn -0.9890158633619168 0 0.14780941112961057
vn 0 1 0
vn 0 -1 0
vn 0.4014630207235683 0 0.9158752333104699
vn -0.4014630207235683 0 -0.9158752333104699
vn 0.9890158633619168 0 0.14780941112961057
vn -0.9890158633619168 0 -0.14780941112961057
vn 0 1 0
vn 0 -1 0
vn -0.4014630207235685 0 0.9158752333104698
vn 0.4014630207235685 0 -0.9158752333104698
vn -0.987688340595138 0.04573701122120155 -0.1495990229145057
vn 0.9876883405951381 -0.04573701122120164 0.14959902291450433
vn 1.9825411154020644e-16 0.9563047559630354 0.2923717047227371
vn -3.9650822308041297e-16 -0.9563047559630354 -0.2923717047227367
vn -0.15638560217318218 -0.26478177359600574 0.9515430393861778
vn 0.42174219211870023 0.2723467442018011 -0.8648472549008828
vn 0.9876883405951378 0.04573701122120162 -0.1495990229145059
vn -0.9876883405951378 -0.045737011221201655 0.14959902291450614
vn -4.3505763365767536e-16 0.9563047559630357 0.2923717047227367
vn 3.52451753849256e-16 -0.9563047559630354 -0.29237170472273677
vn 0.109277859274349 -0.2906207613738763 0.950577678325598
vn -0.4217421921187002 0.27234674420180116 -0.8648472549008828
vn -0.002570194767727017 0.9997289192982578 -0.023140484385455025
vn 0.00257019476772894 -0.9997289192982579 0.023140484385452596
vn 0.28483628607602324 0.02291387500256084 0.9583022719720459
vn -0.28483628607602307 -0.022913875002560893 -0.9583022719720459
vn 0.9585727328863854 -0.0041282261450267975 -0.2848179655773524
vn -0.9585727328863856 0.0041282261450267775 0.284817965577352
vn -0.0025701938401657665 0.9997289504742576 -0.023139137565253837
vn 0.0025701938401733733 -0.9997289504742576 0.0231391375652558
vn -0.18996713843500612 0.022229733240169122 0.9815387538324131
vn 0.913250319805036 -0.007080123936731504 -0.40733736045327384
vn 0.981787085074172 0.006918420608118299 0.18985851320878383
vn -0.9817870850741719 -0.00691842060811829 -0.1898585132087837
vn 0.1899671384350056 -0.02222973324016909 -0.9815387538324131
vn 0.0025701938401733733 -0.9997289504742576 0.0231391375652558
vn -0.18996713843500612 0.022229733240169122 0.9815387538324131
vn -0.0025701938401784764 0.9997289504742574 -0.023139137565256283
vn -0.0025701947677289412 -0.9997289192982579 0.02314048438545261
vn 0.002570194767726511 0.9997289192982578 -0.023140484385453314
vn -0.2848362860760232 0.022913875002560844 0.9583022719720459
vn 0.28483628607602374 -0.022913875002560893 -0.9583022719720458
vn -0.9585727328863858 -0.004128226145026779 -0.284817965577352
vn 0.9585727328863856 0.004128226145026797 0.28481796557735234
vn -0.00257019384017596 -0.9997289504742574 0.0231391375652558
vn 0.002570193840178286 0.9997289504742575 -0.023139137565257248
vn 0.1899671384350058 0.022229733240169015 0.9815387538324132
vn -0.1899671384350056 -0.022229733240169098 -0.9815387538324132
vn -0.9817870850741719 0.006918420608118286 0.18985851320878377
vn 0.9817870850741719 -0.006918420608118288 -0.1898585132087836
vn 0.9517245836536506 0.30612329101260766 -0.02255764989744589
vn -0.9823743956490331 -0.18569264788691167 0.021419320576163754
vn 0.30635891382231684 -0.9518843388725325 0.007773115901100746
vn -0.3063589138223162 0.9518843388725329 -0.007773115901100764
vn -0.01909274183808123 -0.014308602615632625 -0.999715325030227
vn 0.01909274183808121 0.014308602615632701 0.999715325030227
vn 0.9228181003232834 0.38523593829554564 0.0001598789452246278
vn -0.9492753903623155 -0.31421753979217704 0.011982109139275747
vn -0.38040151189669497 0.9111717155020548 0.15830601572824443
vn 0.38040151189669485 -0.911171715502055 -0.1583060157282442
vn 0.06083948933410656 -0.1461484748965696 0.9873900849324811
vn -0.060839489334106545 0.14614847489656954 -0.9873900849324811
vn 0.9517246810270051 0.30612302749535997 -0.022557117748519942
vn -0.9517246810270051 -0.30612302749536 0.022557117748519942
vn 0.0057108372586630535 0.05581559900739545 0.9984247619351451
vn -0.0057108372586630535 -0.05581559900739545 -0.9984247619351451
vn 0.3068998498889355 -0.9503543081106753 0.051372864370489046
vn -0.3068998498889355 0.9503543081106753 -0.05137286437048904
vn 0.9517243970499293 0.30612387958089443 -0.022557535554460703
vn -0.9517243970499293 -0.3061238795808944 0.022557535554460516
vn 0.14677688134346853 -0.38931554374531724 0.9093348967797141
vn -0.14677688134346967 0.3893155437453189 -0.9093348967797135
vn 0.26958712722055883 -0.8687471310736107 -0.41545300948282615
vn -0.26958712722055905 0.8687471310736113 0.41545300948282476
vn -0.9228181003232836 0.38523593829554564 0.0001598789452245607
vn 0.9492753903623155 -0.314217539792177 0.011982109139275662
vn 0.380401511896695 0.9111717155020548 0.15830601572824446
vn -0.38040151189669497 -0.911171715502055 -0.1583060157282443
vn -0.06083948933410657 -0.14614847489656957 0.9873900849324811
vn 0.060839489334106545 0.14614847489656954 -0.9873900849324811
vn -0.9517246810270051 0.3061230274953601 -0.022557117748519945
vn 0.9517246810270051 -0.3061230274953601 0.022557117748519945
vn -0.005710837258663054 0.05581559900739547 0.9984247619351451
vn 0.005710837258663058 -0.05581559900739547 -0.9984247619351451
vn -0.30689984988893554 -0.9503543081106752 0.05137286437048906
vn 0.30689984988893554 0.9503543081106752 -0.05137286437048903
vn -0.9517243970499293 0.30612387958089443 -0.022557535554460703
vn 0.9517243970499293 -0.30612387958089443 0.022557535554460516
vn -0.14677688134346853 -0.3893155437453173 0.9093348967797141
vn 0.14677688134346967 0.3893155437453189 -0.9093348967797135
vn -0.26958712722055883 -0.8687471310736106 -0.41545300948282604
vn 0.26958712722055905 0.8687471310736112 0.41545300948282465
vn -0.9517245836536506 0.3061232910126076 -0.022557649897445995
vn 0.9823743956490331 -0.18569264788691164 0.021419320576163803
vn -0.3063589138223168 -0.9518843388725325 0.007773115901100854
vn 0.3063589138223161 0.9518843388725329 -0.007773115901100695
vn 0.019092741838081226 -0.014308602615632623 -0.999715325030227
vn -0.0190927418380812 0.014308602615632696 0.999715325030227
vn -0.17723887411532166 0.22413886509835013 -0.9583048318018421
vn 0.17723887411532063 -0.2241388650983504 0.9583048318018421
vn -0.19820513202791856 0.9456404642384972 0.25783490460485575
vn 0.1982051320279183 -0.9456404642384968 -0.2578349046048571
vn 0.9640026489279633 0.23563930391007007 -0.12317877785011457
vn -0.9640026489279631 -0.2356393039100702 0.12317877785011508
vn 0.13652901617488178 -0.28052316303613317 -0.950087671082265
vn -0.1365290161748835 0.2805231630361327 0.9500876710822648
vn -0.1480312639366597 0.942522898014973 -0.29956189947116446
vn 0.1480312639366593 -0.9425228980149726 0.2995618994711658
vn 0.979513436681516 0.18154157021922193 0.08715552560053445
vn -0.9795134366815158 -0.1815415702192223 -0.08715552560053462
vn -0.1772388741153208 -0.2241388650983506 0.9583048318018421
vn 0.1772388741153217 0.22413886509835015 -0.9583048318018421
vn 0.19820513202791407 0.9456404642384983 0.25783490460485514
vn -0.1982051320279139 -0.945640464238498 -0.2578349046048566
vn -0.9640026489279633 0.23563930391007032 -0.12317877785011452
vn 0.9640026489279631 -0.23563930391007018 0.12317877785011509
vn -0.021381912378558982 0.0038492005353085025 0.9997639708842656
vn 0.02138191237855834 -0.003849200535308498 -0.9997639708842656
vn 0.17886800211075163 0.9838730794265859 0.00003742399760847007
vn -0.17886800211075163 -0.9838730794265859 -0.000037423997608470086
vn -0.9836407126811819 0.17882658425101908 -0.021725586785395844
vn 0.9836407126811819 -0.1788265842510191 0.02172558678539584
vn 0.13652901617488356 0.2805231630361333 0.9500876710822648
vn -0.13652901617488192 -0.2805231630361334 -0.9500876710822649
vn 0.14803126393666424 0.942522898014972 -0.2995618994711648
vn -0.1480312639366595 -0.9425228980149727 0.29956189947116585
vn -0.9795134366815158 0.18154157021922196 0.08715552560053445
vn 0.9795134366815158 -0.18154157021922201 -0.0871555256005347
vn -0.02138191237855834 -0.003849200535308499 -0.9997639708842656
vn 0.021381912378558982 0.0038492005353085034 0.9997639708842656
vn -0.1788680021107516 0.9838730794265859 0.000037423997608470066
vn 0.1788680021107516 -0.9838730794265859 -0.00003742399760847007
vn 0.9836407126811819 0.1788265842510191 -0.021725586785395847
vn -0.9836407126811819 -0.17882658425101913 0.021725586785395844
vn 1 0 0
vn -1 0 0
vn 0 0.9993908270190958 0.0348994967025007
vn 0 -0.9993908270190958 -0.0348994967025007
vn 0 -0.03489949670250095 0.9993908270190959
vn 0 0.03489949670250095 -0.9993908270190959
vn 1 0 0
vn -1 0 0
vn 0 0.9832549075639551 0.18223552549214522
vn 0 -0.9832549075639551 -0.18223552549214522
vn 0 -0.18223552549214736 0.9832549075639547
vn 0 0.18223552549214736 -0.9832549075639547
vn 1 0 0
vn -1 0 0
vn 0 1 0
vn 0 -1 0
vn 0 0 1
vn 0 0 -1
vn 0.9762960071199334 0 0.21643961393810338
vn -0.9762960071199334 0 -0.21643961393810288
vn 0 1 0
vn 0 -1 0
vn -0.21643961393810293 0 0.9762960071199334
vn 0.21643961393810304 0 -0.9762960071199334
vn -0.9762960071199335 0 0.21643961393810282
vn 0.9762960071199334 0 -0.21643961393810288
vn 0 1 0
vn 0 -1 0
vn 0.21643961393810288 0 0.9762960071199334
vn -0.21643961393810307 0 -0.9762960071199334
vn 0.9614638770465724 -0.17364817766693072 0.2131514098652124
vn -0.9614638770465723 0.1736481776669304 -0.21315140986521272
vn 0.16953202249987814 0.9848077530122079 0.037584344535285724
vn -0.16953202249987617 -0.9848077530122084 -0.03758434453528541
vn -0.2164396139381029 -1.0785023667787246e-16 0.9762960071199335
vn 0.21643961393810301 1.776356839400253e-16 -0.9762960071199335
vn 0.9762960071199334 0 0.21643961393810301
vn -0.9762960071199334 0 -0.21643961393810301
vn 0 1 0
vn 0 -1 0
vn -0.21643961393810285 0 0.9762960071199335
vn 0.21643961393810285 0 -0.9762960071199335
vn 0.9698463103929542 -0.1736481776669305 -0.17101007166283408
vn -0.9698463103929544 0.17364817766693022 0.1710100716628341
vn 0.1710100716628356 0.9848077530122079 -0.030153689607045973
vn -0.17101007166283363 -0.9848077530122084 0.030153689607045633
vn 0.17364817766693066 6.978544726215277e-17 0.9848077530122081
vn -0.17364817766693066 -6.344131569286616e-17 -0.9848077530122081
vn 0.9848077530122081 0 -0.17364817766693053
vn -0.9848077530122081 0 0.17364817766693053
vn 0 1 0
vn 0 -1 0
vn 0.1736481776669301 0 0.9848077530122081
vn -0.1736481776669301 0 -0.9848077530122081
vn 0.9838704342468718 -0.1736481776669305 -0.04295671085902551
vn -0.983870434246872 0.17364817766693028 0.04295671085902553
vn 0.17348290307907843 0.9848077530122079 -0.007574427126938546
vn -0.1734829030790765 -0.9848077530122084 0.007574427126938469
vn 0.04361938736533581 9.912705577010334e-17 0.9990482215818578
vn -0.04361938736533582 -9.833403932394253e-17 -0.9990482215818578
vn 0.9990482215818579 0 -0.04361938736533599
vn -0.9990482215818579 0 0.04361938736533588
vn 0 1 0
vn 0 -1 0
vn 0.04361938736533588 0 0.9990482215818578
vn -0.04361938736533588 0 -0.9990482215818578
vn 0.983870434246872 -0.17364817766693044 0.04295671085902552
vn -0.983870434246872 0.1736481776669303 -0.04295671085902572
vn 0.17348290307907843 0.9848077530122079 0.007574427126938546
vn -0.1734829030790765 -0.9848077530122084 -0.007574427126938469
vn -0.04361938736533576 2.4662811475601717e-16 0.9990482215818578
vn 0.043619387365335764 -2.4742113120217805e-16 -0.9990482215818578
vn 0.9990482215818579 0 0.043619387365336104
vn -0.9990482215818579 0 -0.04361938736533599
vn 0 1 0
vn 0 -1 0
vn -0.04361938736533588 0 0.9990482215818578
vn 0.04361938736533588 0 -0.9990482215818578
vn 1 0 0
vn -1 0 0
vn 0 1 0
vn 0 -1 0
vn 0 0 1
vn 0 0 -1
vn 1 0 0
vn -1 0 0
vn 0 0.9925461516413218 -0.12186934340514986
vn 0 -0.9925461516413221 0.12186934340514698
vn 0 0.12186934340514738 0.9925461516413222
vn 0 -0.1218693434051475 -0.992546151641322
vn 0.2997891873814349 -0.0055306072009757585 -0.9539894420344324
vn -0.2997891873814349 0.005530607200975759 0.9539894420344324
vn -0.05589830315846807 0.998163330664636 -0.02335262341760424
vn 0.05589830315846806 -0.998163330664636 0.023352623417604242
vn 0.9523664330672216 0.06032725503840711 0.29892942221592755
vn -0.9523664330672218 -0.060327255038407114 -0.2989294222159276
vn 0.30070579950427345 -1.4694128267097662e-16 -0.9537169507482268
vn -0.3007057995042733 -3.62817981903646e-18 0.9537169507482269
vn -0.05822302697281607 0.9981347984218671 -0.018357649889397303
vn 0.05822302697281605 -0.9981347984218671 0.0183576498893973
vn 0.9519380763865991 0.061048539534856824 0.30014492257248415
vn -0.9519380763865991 -0.061048539534856845 -0.3001449225724841
vn 0.2997891873814349 0.0055306072009757585 0.9539894420344324
vn -0.2997891873814349 -0.005530607200975759 -0.9539894420344324
vn 0.05589830315846806 0.998163330664636 -0.023352623417604242
vn -0.05589830315846807 -0.998163330664636 0.02335262341760424
vn -0.9523664330672218 0.060327255038407114 0.2989294222159276
vn 0.9523664330672216 -0.06032725503840711 -0.29892942221592755
vn 0.3007057995042733 0 0.9537169507482269
vn -0.30070579950427345 1.161017542091667e-16 -0.9537169507482268
vn 0.058223026972816075 0.9981347984218671 -0.018357649889397306
vn -0.05822302697281607 -0.9981347984218671 0.018357649889397306
vn -0.9519380763865991 0.061048539534856845 0.30014492257248415
vn 0.9519380763865991 -0.061048539534856686 -0.30014492257248415
vn 1 0 0
vn -1 0 0
vn 0 0.9935718556765875 0.11320321376790704
vn 0 -0.9935718556765875 -0.11320321376790704
vn 0 -0.11320321376790672 0.9935718556765875
vn 0 0.11320321376790672 -0.9935718556765875
vn 1 0 0
vn -1 0 0
vn 0 0.9935718556765876 0.11320321376790667
vn 0 -0.9935718556765876 -0.11320321376790662
vn 0 -0.11320321376790662 0.9935718556765876
vn 0 0.11320321376790672 -0.9935718556765875
vn 1 0 0
vn -1 0 0
vn 0 0.9935718556765876 0.11320321376790667
vn 0 -0.9935718556765876 -0.11320321376790662
vn 0 -0.11320321376790662 0.9935718556765876
vn 0 0.11320321376790672 -0.9935718556765875
vn 1 0 0
vn -1 0 0
vn 0 0.9935718556765875 0.11320321376790707
vn 0 -0.9935718556765875 -0.11320321376790697
vn 0 -0.11320321376790687 0.9935718556765875
vn 0 0.11320321376790736 -0.9935718556765875
vn 1 0 0
vn -1 0 0
vn 0 0.9935718556765875 0.11320321376790712
vn 0 -0.9935718556765875 -0.11320321376790712
vn 0 -0.11320321376790629 0.9935718556765877
vn 0 0.11320321376790629 -0.9935718556765877
vn 0.9890158633619169 0.14685927090251083 0.01673250036501392
vn -0.9890158633619169 -0.14685927090251086 -0.016732500365013604
vn -0.14780941112961132 0.9826583266540819 0.1119597742000113
vn 0.14780941112961127 -0.982658326654082 -0.11195977420000884
vn 1.7014912254791691e-16 -0.1132032137679068 0.9935718556765876
vn 8.507456127395841e-17 0.11320321376790679 -0.9935718556765875
vn 0 0.9935718556765876 0.11320321376790674
vn -2.4513030017593126e-16 -0.9935718556765876 -0.11320321376790674
vn -1 0 0
vn 1 0 0
vn 0 -0.11320321376790714 0.9935718556765875
vn 2.792906986370979e-17 0.11320321376790714 -0.9935718556765875
vn 0.9890158633619169 -0.1468592709025109 -0.01673250036501361
vn -0.9890158633619169 0.14685927090251094 0.01673250036501393
vn 0.1478094111296113 0.982658326654082 0.1119597742000089
vn -0.14780941112961124 -0.982658326654082 -0.11195977420001008
vn -1.2761184191093757e-16 -0.11320321376790671 0.9935718556765875
vn -8.507456127395837e-17 0.11320321376790705 -0.9935718556765875
usemtl m_ba6110ae-a8e5-5ff2-e694-9ce6482c8f7b
f 2/1/1 1/2/1 3/3/1 4/4/1
f 7/5/2 5/6/2 6/7/2 8/8/2
f 5/9/3 1/10/3 2/11/3 6/12/3
f 4/13/4 3/14/4 7/15/4 8/16/4
f 3/17/5 1/18/5 5/19/5 7/20/5
f 6/21/6 2/22/6 4/23/6 8/24/6
f 10/25/7 9/26/7 11/27/7 12/28/7
f 15/29/8 13/30/8 14/31/8 16/32/8
f 13/33/9 9/34/9 10/35/9 14/36/9
f 12/37/10 11/38/10 15/39/10 16/40/10
f 11/41/11 9/42/11 13/43/11 15/44/11
f 14/45/12 10/46/12 12/47/12 16/48/12
f 20/49/13 18/50/13 17/51/13 19/52/13
f 23/53/14 21/54/14 22/55/14 24/56/14
f 17/57/15 18/58/15 22/59/15 21/60/15
f 20/61/16 19/62/16 23/63/16 24/64/16
f 19/65/17 17/66/17 21/67/17 23/68/17
f 24/69/18 22/70/18 18/71/18 20/72/18
f 28/73/19 26/74/19 25/75/19 27/76/19
f 31/77/20 29/78/20 30/79/20 32/80/20
f 25/81/21 26/82/21 30/83/21 29/84/21
f 28/85/22 27/86/22 31/87/22 32/88/22
f 27/89/23 25/90/23 29/91/23 31/92/23
f 32/93/24 30/94/24 26/95/24 28/96/24
f 36/97/25 34/98/25 33/99/25 35/100/25
f 39/101/26 37/102/26 38/103/26 40/104/26
f 33/105/27 34/106/27 38/107/27 37/108/27
f 36/109/28 35/110/28 39/111/28 40/112/28
f 35/113/29 33/114/29 37/115/29 39/116/29
f 40/117/30 38/118/30 34/119/30 36/120/30
f 44/121/31 42/122/31 41/123/31 43/124/31
f 47/125/32 45/126/32 46/127/32 48/128/32
f 41/129/33 42/130/33 46/131/33 45/132/33
f 44/133/34 43/134/34 47/135/34 48/136/34
f 43/137/35 41/138/35 45/139/35 47/140/35
f 48/141/36 46/142/36 42/143/36 44/144/36
f 49/145/37 50/146/37 52/147/37 51/148/37
f 54/149/38 53/150/38 55/151/38 56/152/38
f 54/153/39 50/154/39 49/155/39 53/156/39
f 55/157/40 51/158/40 52/159/40 56/160/40
f 53/161/41 49/162/41 51/163/41 55/164/41
f 50/165/42 54/166/42 56/167/42 52/168/42
f 60/169/43 58/170/43 57/171/43 59/172/43
f 63/173/44 61/174/44 62/175/44 64/176/44
f 57/177/45 58/178/45 62/179/45 61/180/45
f 60/181/46 59/182/46 63/183/46 64/184/46
f 59/185/47 57/186/47 61/187/47 63/188/47
f 64/189/48 62/190/48 58/191/48 60/192/48
f 68/193/49 66/194/49 65/195/49 67/196/49
f 71/197/50 69/198/50 70/199/50 72/200/50
f 65/201/51 66/202/51 70/203/51 69/204/51
f 68/205/52 67/206/52 71/207/52 72/208/52
f 67/209/53 65/210/53 69/211/53 71/212/53
f 72/213/54 70/214/54 66/215/54 68/216/54
f 75/217/55 81/218/55 84/219/55 73/220/55
f 77/221/56 83/222/56 82/223/56 79/224/56
f 73/225/57 84/226/57 83/227/57 77/228/57
f 79/229/58 82/230/58 81/231/58 75/232/58
f 75/233/59 73/234/59 77/235/59 79/236/59
f 80/237/60 78/238/60 74/239/60 76/240/60
f 76/241/61 81/242/61 82/243/61 80/244/61
f 80/245/62 82/246/62 83/247/62 78/248/62
f 78/249/63 83/250/63 84/251/63 74/252/63
f 74/253/64 84/254/64 81/255/64 76/256/64
f 88/257/65 86/258/65 85/259/65 87/260/65
f 91/261/66 89/262/66 90/263/66 92/264/66
f 85/265/67 86/266/67 90/267/67 89/268/67
f 88/269/68 87/270/68 91/271/68 92/272/68
f 87/273/69 85/274/69 89/275/69 91/276/69
f 92/277/70 90/278/70 86/279/70 88/280/70
f 96/281/71 94/282/71 93/283/71 95/284/71
f 99/285/72 97/286/72 98/287/72 100/288/72
f 93/289/73 94/290/73 98/291/73 97/292/73
f 96/293/74 95/294/74 99/295/74 100/296/74
f 95/297/75 93/298/75 97/299/75 99/300/75
f 100/301/76 98/302/76 94/303/76 96/304/76
f 104/305/77 102/306/77 101/307/77 103/308/77
f 107/309/78 105/310/78 106/311/78 108/312/78
f 101/313/79 102/314/79 106/315/79 105/316/79
f 104/317/80 103/318/80 107/319/80 108/320/80
f 103/321/81 101/322/81 105/323/81 107/324/81
f 108/325/82 106/326/82 102/327/82 104/328/82
f 112/329/83 110/330/83 109/331/83 111/332/83
f 115/333/84 113/334/84 114/335/84 116/336/84
f 109/337/85 110/338/85 114/339/85 113/340/85
f 112/341/86 111/342/86 115/343/86 116/344/86
f 111/345/87 109/346/87 113/347/87 115/348/87
f 116/349/88 114/350/88 110/351/88 112/352/88
f 120/353/89 118/354/89 117/355/89 119/356/89
f 123/357/90 121/358/90 122/359/90 124/360/90
f 117/361/91 118/362/91 122/363/91 121/364/91
f 120/365/92 119/366/92 123/367/92 124/368/92
f 119/369/93 117/370/93 121/371/93 123/372/93
f 124/373/94 122/374/94 118/375/94 120/376/94
f 128/377/95 126/378/95 125/379/95 127/380/95
f 131/381/96 129/382/96 130/383/96 132/384/96
f 125/385/97 126/386/97 130/387/97 129/388/97
f 128/389/98 127/390/98 131/391/98 132/392/98
f 127/393/99 125/394/99 129/395/99 131/396/99
f 132/397/100 130/398/100 126/399/100 128/400/100
f 133/401/101 134/402/101 136/403/101 135/404/101
f 138/405/102 137/406/102 139/407/102 140/408/102
f 138/409/103 134/410/103 133/411/103 137/412/103
f 139/413/104 135/414/104 136/415/104 140/416/104
f 137/417/105 133/418/105 135/419/105 139/420/105
f 134/421/106 138/422/106 140/423/106 136/424/106
f 141/425/107 142/426/107 144/427/107 143/428/107
f 146/429/108 145/430/108 147/431/108 148/432/108
f 146/433/109 142/434/109 141/435/109 145/436/109
f 147/437/110 143/438/110 144/439/110 148/440/110
f 145/441/111 141/442/111 143/443/111 147/444/111
f 142/445/112 146/446/112 148/447/112 144/448/112
f 149/449/113 150/450/113 152/451/113 151/452/113
f 154/453/114 153/454/114 155/455/114 156/456/114
f 154/457/115 150/458/115 149/459/115 153/460/115
f 155/461/116 151/462/116 152/463/116 156/464/116
f 153/465/117 149/466/117 151/467/117 155/468/117
f 150/469/118 154/470/118 156/471/118 152/472/118
f 157/473/119 158/474/119 160/475/119 159/476/119
f 162/477/120 161/478/120 163/479/120 164/480/120
f 162/481/121 158/482/121 157/483/121 161/484/121
f 163/485/122 159/486/122 160/487/122 164/488/122
f 161/489/123 157/490/123 159/491/123 163/492/123
f 158/493/124 162/494/124 164/495/124 160/496/124
f 168/497/125 166/498/125 165/499/125 167/500/125
f 171/501/126 169/502/126 170/503/126 172/504/126
f 165/505/127 166/506/127 170/507/127 169/508/127
f 168/509/128 167/510/128 171/511/128 172/512/128
f 167/513/129 165/514/129 169/515/129 171/516/129
f 172/517/130 170/518/130 166/519/130 168/520/130
f 176/521/131 174/522/131 173/523/131 175/524/131
f 179/525/132 177/526/132 178/527/132 180/528/132
f 173/529/133 174/530/133 178/531/133 177/532/133
f 176/533/134 175/534/134 179/535/134 180/536/134
f 175/537/135 173/538/135 177/539/135 179/540/135
f 180/541/136 178/542/136 174/543/136 176/544/136
f 184/545/137 182/546/137 181/547/137 183/548/137
f 187/549/138 185/550/138 186/551/138 188/552/138
f 181/553/139 182/554/139 186/555/139 185/556/139
f 184/557/140 183/558/140 187/559/140 188/560/140
f 183/561/141 181/562/141 185/563/141 187/564/141
f 188/565/142 186/566/142 182/567/142 184/568/142
f 192/569/143 190/570/143 189/571/143 191/572/143
f 195/573/144 193/574/144 194/575/144 196/576/144
f 189/577/145 190/578/145 194/579/145 193/580/145
f 192/581/146 191/582/146 195/583/146 196/584/146
f 191/585/147 189/586/147 193/587/147 195/588/147
f 196/589/148 194/590/148 190/591/148 192/592/148
f 200/593/149 198/594/149 197/595/149 199/596/149
f 203/597/150 201/598/150 202/599/150 204/600/150
f 197/601/151 198/602/151 202/603/151 201/604/151
f 200/605/152 199/606/152 203/607/152 204/608/152
f 199/609/153 197/610/153 201/611/153 203/612/153
f 204/613/154 202/614/154 198/615/154 200/616/154
f 208/617/155 206/618/155 205/619/155 207/620/155
f 211/621/156 209/622/156 210/623/156 212/624/156
f 205/625/157 206/626/157 210/627/157 209/628/157
f 208/629/158 207/630/158 211/631/158 212/632/158
f 207/633/159 205/634/159 209/635/159 211/636/159
f 212/637/160 210/638/160 206/639/160 208/640/160
f 216/641/161 214/642/161 213/643/161 215/644/161
f 219/645/162 217/646/162 218/647/162 220/648/162
f 213/649/163 214/650/163 218/651/163 217/652/163
f 216/653/164 215/654/164 219/655/164 220/656/164
f 215/657/165 213/658/165 217/659/165 219/660/165
f 220/661/166 218/662/166 214/663/166 216/664/166
f 224/665/167 222/666/167 221/667/167 223/668/167
f 227/669/168 225/670/168 226/671/168 228/672/168
f 221/673/169 222/674/169 226/675/169 225/676/169
f 224/677/170 223/678/170 227/679/170 228/680/170
f 223/681/171 221/682/171 225/683/171 227/684/171
f 228/685/172 226/686/172 222/687/172 224/688/172
f 230/689/173 229/690/173 231/691/173 232/692/173
f 235/693/174 233/694/174 234/695/174 236/696/174
f 233/697/175 229/698/175 230/699/175 234/700/175
f 232/701/176 231/702/176 235/703/176 236/704/176
f 231/705/177 229/706/177 233/707/177 235/708/177
f 234/709/178 230/710/178 232/711/178 236/712/178
f 238/713/179 237/714/179 239/715/179 240/716/179
f 243/717/180 241/718/180 242/719/180 244/720/180
f 241/721/181 237/722/181 238/723/181 242/724/181
f 240/725/182 239/726/182 243/727/182 244/728/182
f 239/729/183 237/730/183 241/731/183 243/732/183
f 242/733/184 238/734/184 240/735/184 244/736/184
f 247/737/185 245/738/185 246/739/185 248/740/185
f 250/741/186 249/742/186 251/743/186 252/744/186
f 246/745/187 245/746/187 249/747/187 250/748/187
f 251/749/188 247/750/188 248/751/188 252/752/188
f 249/753/189 245/754/189 247/755/189 251/756/189
f 248/757/190 246/758/190 250/759/190 252/760/190
f 254/761/191 253/762/191 255/763/191 256/764/191
f 259/765/192 257/766/192 258/767/192 260/768/192
f 257/769/193 253/770/193 254/771/193 258/772/193
f 256/773/194 255/774/194 259/775/194 260/776/194
f 255/777/195 253/778/195 257/779/195 259/780/195
f 258/781/196 254/782/196 256/783/196 260/784/196
f 262/785/197 261/786/197 263/787/197 264/788/197
f 267/789/198 265/790/198 266/791/198 268/792/198
f 265/793/199 261/794/199 262/795/199 266/796/199
f 264/797/200 263/798/200 267/799/200 268/800/200
f 263/801/201 261/802/201 265/803/201 267/804/201
f 266/805/202 262/806/202 264/807/202 268/808/202
f 270/809/203 269/810/203 271/811/203 272/812/203
f 275/813/204 273/814/204 274/815/204 276/816/204
f 273/817/205 269/818/205 270/819/205 274/820/205
f 272/821/206 271/822/206 275/823/206 276/824/206
f 271/825/207 269/826/207 273/827/207 275/828/207
f 274/829/208 270/830/208 272/831/208 276/832/208
f 278/833/209 277/834/209 279/835/209 280/836/209
f 283/837/210 281/838/210 282/839/210 284/840/210
f 281/841/211 277/842/211 278/843/211 282/844/211
f 280/845/212 279/846/212 283/847/212 284/848/212
f 279/849/213 277/850/213 281/851/213 283/852/213
f 282/853/214 278/854/214 280/855/214 284/856/214
f 286/857/215 285/858/215 287/859/215 288/860/215
f 291/861/216 289/862/216 290/863/216 292/864/216
f 289/865/217 285/866/217 286/867/217 290/868/217
f 288/869/218 287/870/218 291/871/218 292/872/218
f 287/873/219 285/874/219 289/875/219 291/876/219
f 290/877/220 286/878/220 288/879/220 292/880/220
f 294/881/221 293/882/221 295/883/221 296/884/221
f 299/885/222 297/886/222 298/887/222 300/888/222
f 297/889/223 293/890/223 294/891/223 298/892/223
f 296/893/224 295/894/224 299/895/224 300/896/224
f 295/897/225 293/898/225 297/899/225 299/900/225
f 298/901/226 294/902/226 296/903/226 300/904/226
f 302/905/227 301/906/227 303/907/227 304/908/227
f 307/909/228 305/910/228 306/911/228 308/912/228
f 305/913/229 301/914/229 302/915/229 306/916/229
f 304/917/230 303/918/230 307/919/230 308/920/230
f 303/921/231 301/922/231 305/923/231 307/924/231
f 306/925/232 302/926/232 304/927/232 308/928/232
f 310/929/233 309/930/233 311/931/233 312/932/233
f 315/933/234 313/934/234 314/935/234 316/936/234
f 313/937/235 309/938/235 310/939/235 314/940/235
f 312/941/236 311/942/236 315/943/236 316/944/236
f 311/945/237 309/946/237 313/947/237 315/948/237
f 314/949/238 310/950/238 312/951/238 316/952/238
f 320/953/239 318/954/239 317/955/239 319/956/239
f 323/957/240 321/958/240 322/959/240 324/960/240
f 317/961/241 318/962/241 322/963/241 321/964/241
f 320/965/242 319/966/242 323/967/242 324/968/242
f 319/969/243 317/970/243 321/971/243 323/972/243
f 324/973/244 322/974/244 318/975/244 320/976/244
f 328/977/245 326/978/245 325/979/245 327/980/245
f 331/981/246 329/982/246 330/983/246 332/984/246
f 325/985/247 326/986/247 330/987/247 329/988/247
f 328/989/248 327/990/248 331/991/248 332/992/248
f 327/993/249 325/994/249 329/995/249 331/996/249
f 332/997/250 330/998/250 326/999/250 328/1000/250
f 336/1001/251 334/1002/251 333/1003/251 335/1004/251
f 339/1005/252 337/1006/252 338/1007/252 340/1008/252
f 333/1009/253 334/1010/253 338/1011/253 337/1012/253
f 336/1013/254 335/1014/254 339/1015/254 340/1016/254
f 335/1017/255 333/1018/255 337/1019/255 339/1020/255
f 340/1021/256 338/1022/256 334/1023/256 336/1024/256
f 344/1025/257 342/1026/257 341/1027/257 343/1028/257
f 347/1029/258 345/1030/258 346/1031/258 348/1032/258
f 341/1033/259 342/1034/259 346/1035/259 345/1036/259
f 344/1037/260 343/1038/260 347/1039/260 348/1040/260
f 343/1041/261 341/1042/261 345/1043/261 347/1044/261
f 348/1045/262 346/1046/262 342/1047/262 344/1048/262
f 352/1049/263 350/1050/263 349/1051/263 351/1052/263
f 355/1053/264 353/1054/264 354/1055/264 356/1056/264
f 349/1057/265 350/1058/265 354/1059/265 353/1060/265
f 352/1061/266 351/1062/266 355/1063/266 356/1064/266
f 351/1065/267 349/1066/267 353/1067/267 355/1068/267
f 356/1069/268 354/1070/268 350/1071/268 352/1072/268
f 360/1073/269 358/1074/269 357/1075/269 359/1076/269
f 363/1077/270 361/1078/270 362/1079/270 364/1080/270
f 357/1081/271 358/1082/271 362/1083/271 361/1084/271
f 360/1085/272 359/1086/272 363/1087/272 364/1088/272
f 359/1089/273 357/1090/273 361/1091/273 363/1092/273
f 364/1093/274 362/1094/274 358/1095/274 360/1096/274
f 368/1097/275 366/1098/275 365/1099/275 367/1100/275
f 371/1101/276 369/1102/276 370/1103/276 372/1104/276
f 365/1105/277 366/1106/277 370/1107/277 369/1108/277
f 368/1109/278 367/1110/278 371/1111/278 372/1112/278
f 367/1113/279 365/1114/279 369/1115/279 371/1116/279
f 372/1117/280 370/1118/280 366/1119/280 368/1120/280
f 376/1121/281 374/1122/281 373/1123/281 375/1124/281
f 379/1125/282 377/1126/282 378/1127/282 380/1128/282
f 373/1129/283 374/1130/283 378/1131/283 377/1132/283
f 376/1133/284 375/1134/284 379/1135/284 380/1136/284
f 375/1137/285 373/1138/285 377/1139/285 379/1140/285
f 380/1141/286 378/1142/286 374/1143/286 376/1144/286
f 384/1145/287 382/1146/287 381/1147/287 383/1148/287
f 387/1149/288 385/1150/288 386/1151/288 388/1152/288
f 381/1153/289 382/1154/289 386/1155/289 385/1156/289
f 384/1157/290 383/1158/290 387/1159/290 388/1160/290
f 383/1161/291 381/1162/291 385/1163/291 387/1164/291
f 388/1165/292 386/1166/292 382/1167/292 384/1168/292
f 392/1169/293 390/1170/293 389/1171/293 391/1172/293
f 395/1173/294 393/1174/294 394/1175/294 396/1176/294
f 389/1177/295 390/1178/295 394/1179/295 393/1180/295
f 392/1181/296 391/1182/296 395/1183/296 396/1184/296
f 391/1185/297 389/1186/297 393/1187/297 395/1188/297
f 396/1189/298 394/1190/298 390/1191/298 392/1192/298
f 400/1193/299 398/1194/299 397/1195/299 399/1196/299
f 403/1197/300 401/1198/300 402/1199/300 404/1200/300
f 397/1201/301 398/1202/301 402/1203/301 401/1204/301
f 400/1205/302 399/1206/302 403/1207/302 404/1208/302
f 399/1209/303 397/1210/303 401/1211/303 403/1212/303
f 404/1213/304 402/1214/304 398/1215/304 400/1216/304
f 408/1217/305 406/1218/305 405/1219/305 407/1220/305
f 411/1221/306 409/1222/306 410/1223/306 412/1224/306
f 405/1225/307 406/1226/307 410/1227/307 409/1228/307
f 408/1229/308 407/1230/308 411/1231/308 412/1232/308
f 407/1233/309 405/1234/309 409/1235/309 411/1236/309
f 412/1237/310 410/1238/310 406/1239/310 408/1240/310
f 416/1241/311 414/1242/311 413/1243/311 415/1244/311
f 419/1245/312 417/1246/312 418/1247/312 420/1248/312
f 413/1249/313 414/1250/313 418/1251/313 417/1252/313
f 416/1253/314 415/1254/314 419/1255/314 420/1256/314
f 415/1257/315 413/1258/315 417/1259/315 419/1260/315
f 420/1261/316 418/1262/316 414/1263/316 416/1264/316
f 424/1265/317 422/1266/317 421/1267/317 423/1268/317
f 427/1269/318 425/1270/318 426/1271/318 428/1272/318
f 421/1273/319 422/1274/319 426/1275/319 425/1276/319
f 424/1277/320 423/1278/320 427/1279/320 428/1280/320
f 423/1281/321 421/1282/321 425/1283/321 427/1284/321
f 428/1285/322 426/1286/322 422/1287/322 424/1288/322
