# Made in Blockbench 5.2.1
mtllib us_veteran.mtl

o plane
v -0.07812499999999997 0.859375 -0.1953125
v -0.07812499999999997 0.859375 -0.2890625
v -0.07812500000000003 1.109375 -0.1953125
v -0.07812500000000003 1.109375 -0.2890625
v 0.06250000000000003 0.859375 -0.1953125
v 0.06250000000000003 0.859375 -0.2890625
v 0.06249999999999997 1.109375 -0.1953125
v 0.06249999999999997 1.109375 -0.2890625
v -0.28302785734361285 1.037235659590161 0.15691841358776454
v -0.29654662505354473 1.038773607092538 0.14923607917140141
v -0.3268125709511926 1.9992042817696305 0.42654643289665495
v -0.34033133866112447 2.0007422292720074 0.4188640984802918
v 0.11543462258679121 1.3950022376427391 -0.22787195012907066
v 0.11543462258679121 1.2592360741526234 -0.2579705839423382
v -0.04076183444063961 1.3958875077342756 -0.23186514545900214
v -0.04076183444063962 1.2601213442441601 -0.26196377927226966
v 0.0746240871049075 0.7246552578812933 -0.31435815839742015
v 0.07466576338420775 0.8110807139561063 -0.30068743034993417
v -0.08161941629166357 0.7245064553194007 -0.3129411177617071
v -0.0815777400123633 0.8109319113942137 -0.2992703897142211
v -0.04136912034774163 1.2355797715053987 -0.26640845443486116
v -0.04100583393414706 1.3482826434518058 -0.2405807308996085
v -0.1538505371002284 1.2354743852258117 -0.2643664507410686
v -0.15348725068663382 1.3481772571722188 -0.23853872720581595
v 0.3291244692091361 1.530704271951822 -0.13386445744552689
v 0.2494722789434316 1.2344305899941161 -0.1933092550740863
v 0.17895815910970925 1.5661214595733894 -0.10917104471861844
v 0.09930596884400478 1.269847777615684 -0.16861584234717786
v -0.3457408602491024 1.5100201136285776 0.15054799664822038
v -0.23495208101118883 1.2218516956648275 0.19893249089216508
v -0.19970567483639384 1.565402114111781 0.14600694567358125
v -0.08891689559848033 1.277233696148031 0.19439143991752594
v -0.3291244692091361 1.5307042719518216 -0.13386445744552689
v -0.2494722789434316 1.2344305899941161 -0.1933092550740863
v -0.17895815910970925 1.5661214595733894 -0.10917104471861844
v -0.0993059688440048 1.269847777615684 -0.16861584234717786
v 0.3457408602491024 1.5100201136285776 0.15054799664822038
v 0.23495208101118886 1.2218516956648275 0.19893249089216508
v 0.1997056748363939 1.565402114111781 0.14600694567358125
v 0.08891689559848032 1.277233696148031 0.19439143991752594
v 0.2920613760970979 1.1297399817621703 0.09042353161626804
v 0.25127194102833184 1.1351472000999365 -0.21935579948349831
v 0.2920613760970978 0.8797780579730726 0.08606043000694713
v 0.2512719410283317 0.8851852763108389 -0.2237189010928192
v -0.2920613760970979 1.1297399817621703 0.09042353161626804
v -0.25127194102833184 1.1351472000999365 -0.21935579948349831
v -0.2920613760970978 0.8797780579730727 0.08606043000694713
v -0.2512719410283317 0.885185276310839 -0.2237189010928192
v 0.36289044265890014 1.103125 -0.027163665296391637
v 0.3398960398622942 1.103125 -0.22898294848069847
v 0.36289044265890014 0.8374999999999999 -0.027163665296391637
v 0.3398960398622942 0.8374999999999999 -0.22898294848069847
v 0.2697430811892202 1.103125 -0.016550864005650395
v 0.24674867839261416 1.103125 -0.2183701471899572
v 0.2697430811892202 0.8374999999999999 -0.016550864005650395
v 0.24674867839261422 0.8375 -0.2183701471899572
v 0.33145433799357543 1.1630442339434237 0.18635922910799185
v 0.3702124157545901 1.1370182056255795 -0.011327955310396542
v 0.33145434495238946 0.8996916957048634 0.22103027218874716
v 0.37021242271340404 0.8736656673870192 0.02334308777035876
v 0.23942678959695635 1.1607093326129805 0.16862392330614495
v 0.278184867357971 1.1346833042951363 -0.029063261112243444
v 0.23942679655577032 0.8973567943744204 0.20329496638690026
v 0.27818487431678496 0.8713307660565761 0.00560778196851186
v -0.3731998080583112 1.165625 0.0010873851271374635
v -0.33444173087245055 1.165625 -0.19830563651066926
v -0.3731998080583112 0.8999999999999999 0.0010873851271374635
v -0.33444173087245055 0.8999999999999999 -0.19830563651066926
v -0.28117225961009273 1.165625 0.018975728443688555
v -0.24241418242423207 1.165625 -0.1804172931941182
v -0.28117225961009273 0.9 0.018975728443688555
v -0.24241418242423207 0.8999999999999999 -0.1804172931941182
v 0.07135689628379183 1.203633441975837 -0.21807382884827528
v 0.07326555335940571 1.203633441975837 -0.28054467827556984
v 0.044237023382904556 1.0497572305676797 -0.21890241590570392
v 0.04614568045851848 1.0497572305676797 -0.28137326533299845
v -0.03630621320940959 1.2226262114081576 -0.22136323434861113
v -0.03439755613379567 1.2226262114081576 -0.2838340837759057
v -0.06342608611029683 1.06875 -0.22219182140603974
v -0.06151742903468292 1.06875 -0.2846626708333343
v 0.04589790038746863 1.09375 -0.21885167152371537
v 0.04780655746308257 1.09375 -0.28132252095100996
v 0.045897900387468646 0.9375 -0.21885167152371537
v 0.047806557463082544 0.9375 -0.28132252095100996
v -0.06342608611029682 1.09375 -0.2221918214060397
v -0.06151742903468291 1.09375 -0.2846626708333343
v -0.06342608611029682 0.9375 -0.2221918214060397
v -0.06151742903468291 0.9375 -0.2846626708333343
v 0.23560044438046251 1.197383441975837 -0.22134064443762927
v 0.2375091014560764 1.197383441975837 -0.2838114938649238
v 0.20848057147957522 1.0435072305676796 -0.2221692314950579
v 0.21038922855518916 1.0435072305676796 -0.28464008092235243
v 0.12793733488726108 1.2163762114081575 -0.22463004993796512
v 0.129845991962875 1.2163762114081575 -0.2871008993652597
v 0.10081746198637381 1.0625 -0.22545863699539373
v 0.10272611906198773 1.0625 -0.2879294864226883
v 0.2101414484841393 1.0875 -0.22211848711306942
v 0.21205010555975323 1.0875 -0.284589336540364
v 0.2101414484841393 0.9312500000000001 -0.22211848711306942
v 0.21205010555975318 0.9312500000000001 -0.284589336540364
v 0.10081746198637379 1.0875 -0.22545863699539376
v 0.10272611906198773 1.0875 -0.28792948642268834
v 0.10081746198637381 0.93125 -0.22545863699539376
v 0.1027261190619877 0.93125 -0.28792948642268834
v -0.09426810371620817 1.200508441975837 -0.21807382884827528
v -0.09235944664059426 1.200508441975837 -0.28054467827556984
v -0.12138797661709544 1.0466322305676796 -0.21890241590570392
v -0.11947931954148151 1.0466322305676796 -0.28137326533299845
v -0.20193121320940957 1.2195012114081576 -0.22136323434861113
v -0.20002255613379566 1.2195012114081576 -0.2838340837759057
v -0.22905108611029681 1.065625 -0.22219182140603974
v -0.2271424290346829 1.065625 -0.2846626708333343
v -0.11972709961253133 1.065625 -0.21885167152371537
v -0.11781844253691742 1.065625 -0.28132252095100996
v -0.11972709961253133 0.909375 -0.21885167152371537
v -0.11781844253691742 0.909375 -0.28132252095100996
v -0.22905108611029681 1.065625 -0.2221918214060397
v -0.2271424290346829 1.065625 -0.2846626708333343
v -0.22905108611029681 0.909375 -0.2221918214060397
v -0.2271424290346829 0.909375 -0.2846626708333343
v 0.25083137294176694 1.15625 -0.19617020456518175
v 0.25083137294176694 1.15625 -0.28992020456518175
v 0.25083137294176694 0.859375 -0.19617020456518175
v 0.25083137294176694 0.859375 -0.28992020456518175
v -0.2522936270582332 1.15625 -0.19617020456518175
v -0.2522936270582332 1.15625 -0.28992020456518175
v -0.2522936270582332 0.8593750000000001 -0.19617020456518175
v -0.2522936270582332 0.8593750000000001 -0.28992020456518175
v -0.033147617184025924 1.030464375 -0.3040538832696112
v -0.03901390962303458 1.030464375 -0.34109219604192886
v -0.12265687305046033 1.030464375 -0.28987700987534026
v -0.128523165489469 1.030464375 -0.32691532264765794
v -0.033147617184025924 1.082026875 -0.3040538832696112
v -0.03901390962303458 1.082026875 -0.34109219604192886
v -0.12265687305046033 1.082026875 -0.28987700987534026
v -0.128523165489469 1.082026875 -0.32691532264765794
v -0.03932066931274548 0.8554643749999999 -0.30307616786310976
v -0.042253815532249835 0.8554643749999999 -0.32159532424926857
v -0.11648382092174064 0.8554643749999999 -0.2908547252818417
v -0.11941696714124497 0.8554643749999999 -0.3093738816680005
v -0.03932066931274553 1.132026875 -0.30307616786310976
v -0.04225381553224989 1.132026875 -0.32159532424926857
v -0.1164838209217407 1.132026875 -0.2908547252818417
v -0.11941696714124503 1.132026875 -0.3093738816680005
v -0.059788299569019265 0.8759981275994086 -0.31565418129063777
v -0.06272144578852362 0.8759981275994086 -0.3341733376767966
v -0.07941230698798257 0.8717749213796728 -0.3125460438586607
v -0.0823454532074869 0.8717749213796728 -0.33106520024481956
v -0.11016370051335861 1.1159499609044203 -0.3076755016059445
v -0.11309684673286294 1.1159499609044203 -0.3261946579921033
v -0.12978770793232194 1.1117267546846845 -0.3045673641739674
v -0.13272085415182627 1.1117267546846845 -0.32308652056012627
v 0.1697461029870248 1.4522581929426626 0.22228789727891818
v 0.20780118876100645 1.3010080702662092 0.23173635414195803
v 0.06678555032697714 1.4248117054509013 0.1976159385949759
v 0.10484063610095884 1.2735615827744482 0.2070643954580157
v -0.2663523911686931 1.2252220584850817 0.09608114951233404
v -0.3414176031852351 1.2252220584850817 0.12717417839199752
v -0.2763384986627477 1.0395467955960374 0.07197255336487185
v -0.35140371067928966 1.0395467955960374 0.10306558224453533
v -0.22845647281793582 1.2113047483890753 0.18756998955331566
v -0.30352168483447783 1.2113047483890753 0.2186630184329792
v -0.23844258031199042 1.0256294855000307 0.16346139340585342
v -0.31350779232853243 1.0256294855000307 0.194554422285517
v 0.12133743868069788 1.2393973304751995 -0.21072300114302753
v 0.12151685263558484 1.2495712956933163 -0.256480228630861
v -0.13177945832253873 1.2413438251095215 -0.21128267523691865
v -0.13160004436765177 1.251517790327638 -0.25703990272475213
v 0.12243534278633453 1.3919178618402597 -0.17680627048256264
v 0.12261475674122149 1.4020918270583764 -0.22256349797039612
v -0.13068155421690208 1.3938643564745816 -0.17736594457645377
v -0.13050214026201512 1.4040383216926982 -0.22312317206428728
v 0.21875 1.2590862793566258 -0.15748483233208066
v 0.21875 1.2601770547589561 -0.2199753132793551
v 0.21875000000000006 0.8404000570098871 -0.16479302752769312
v 0.21875000000000006 0.8414908324122172 -0.2272835084749676
v -0.21875 1.2590862793566258 -0.15748483233208066
v -0.21875 1.2601770547589561 -0.2199753132793551
v -0.21875 0.8404000570098871 -0.16479302752769312
v -0.21875 0.8414908324122172 -0.2272835084749676
v 0.21875 1.2525416269426446 0.2174580533515661
v 0.21875 1.2536324023449748 0.15496757240429165
v 0.21875 0.8651006450695431 0.21069524585711874
v 0.21875 0.8661914204718733 0.14820476490984436
v -0.21875 1.2525416269426446 0.2174580533515661
v -0.21875 1.2536324023449748 0.15496757240429165
v -0.21875 0.865100645069543 0.21069524585711874
v -0.21875 0.8661914204718731 0.14820476490984436
v 0.203125 1.4411038451867981 0.1582398986112823
v 0.203125 1.4418673879684292 0.11449656194819013
v 0.203125 0.9036857090402377 0.14885923015124242
v 0.203125 0.904449251821869 0.10511589348815026
v -0.203125 1.4411038451867981 0.1582398986112823
v -0.203125 1.4418673879684292 0.11449656194819013
v -0.203125 0.9036857090402377 0.14885923015124242
v -0.203125 0.904449251821869 0.10511589348815026
v 0.203125 1.4114058159004657 -0.09133050017818706
v 0.203125 1.4140226137126128 -0.14126197691591574
v 0.203125 0.9058496139309624 -0.11782557802617737
v 0.203125 0.9084664117431096 -0.16775705476390607
v -0.203125 1.4114058159004657 -0.09133050017818706
v -0.203125 1.4140226137126128 -0.14126197691591574
v -0.203125 0.9058496139309624 -0.11782557802617737
v -0.203125 0.9084664117431096 -0.16775705476390607
v 0.21875 1.4457073946822887 -0.11221056301010375
v 0.21875 1.4597668355787803 -0.17310869205918095
v 0.21875 1.244743568820334 -0.15860671796852585
v 0.21875 1.2588030097168257 -0.21950484701760306
v -0.21875 1.4457073946822887 -0.11221056301010375
v -0.21875 1.4597668355787803 -0.17310869205918095
v -0.21875 1.244743568820334 -0.15860671796852585
v -0.21875 1.2588030097168257 -0.21950484701760306
v 0.21875 1.4615512348812758 0.2039335695657336
v 0.21875 1.4582802376160917 0.14151922364357278
v 0.21875 1.2431010241537126 0.2153820599938776
v 0.21875 1.2398300268885287 0.15296771407171672
v -0.21875 1.4615512348812758 0.2039335695657336
v -0.21875 1.4582802376160917 0.14151922364357278
v -0.21875 1.2431010241537126 0.2153820599938776
v -0.21875 1.2398300268885287 0.15296771407171672
v -0.21600336458145303 1.6125201965159728 0.06809248457803874
v -0.1979733412947972 1.554271951244362 0.05436986882662709
v -0.21628327812123455 1.5895071251802886 0.16540805474082865
v -0.19825325483457873 1.5312588799086775 0.15168543898941694
v -0.3416728400120074 1.5757542186609483 0.05903664020144089
v -0.3236428167253515 1.5175059733893375 0.04531402445002919
v -0.34195275355178884 1.5527411473252641 0.1563522103642308
v -0.323922730265133 1.494492902053653 0.1426295946128191
v -0.18883812355395446 1.5566117027373492 0.0898499865979811
v -0.2063617330433662 1.6218106814815505 0.07686619742933765
v -0.1781291227570564 1.5436596746844087 0.010357063823385304
v -0.1956527322464681 1.60885865342861 -0.002626725345258124
v -0.3385171105145434 1.5137572595365731 0.07666817866419207
v -0.35604072000395515 1.5789562382807745 0.06368438949554861
v -0.32780810971764535 1.5008052314836329 -0.0028247441104037596
v -0.3453317192070571 1.5660042102278342 -0.015808533279047188
v -0.17236273771257277 1.5366855057328255 -0.03244681767062807
v -0.1898863472019845 1.6018844844770268 -0.04543060683927147
v -0.1616537369156747 1.523733477679885 -0.11193974044522385
v -0.17917734640508642 1.5889324564240863 -0.12492352961386728
v -0.3220417246731617 1.4938310625320494 -0.045628625604417106
v -0.33956533416257345 1.5590300412762508 -0.05861241477306056
v -0.31133272387626365 1.480879034479109 -0.12512154837901293
v -0.3288563333656754 1.54607801322331 -0.13810533754765636
v -0.19998867321873254 1.552187037431061 0.0826806017498477
v -0.2159192273000159 1.6114588362894258 0.07087715705108094
v -0.17527559445665997 1.5222977419242751 -0.10076460465306611
v -0.19120614853794335 1.58156954078264 -0.11256804935183286
v -0.3257190222656272 1.5161893051424091 0.07160788308546484
v -0.3416495763469106 1.575461104000774 0.05980443838669813
v -0.3010059435035547 1.4863000096356234 -0.11183732331744893
v -0.31693649758483805 1.5455718084939882 -0.12364076801621568
v 0.3416728400120074 1.5757542186609483 0.05903664020144089
v 0.3236428167253515 1.5175059733893375 0.04531402445002919
v 0.34195275355178884 1.5527411473252641 0.1563522103642308
v 0.323922730265133 1.4944929020536533 0.1426295946128191
v 0.21600336458145303 1.6125201965159728 0.06809248457803874
v 0.1979733412947972 1.554271951244362 0.05436986882662709
v 0.2162832781212346 1.5895071251802886 0.16540805474082865
v 0.19825325483457867 1.5312588799086777 0.15168543898941694
v 0.3385171105145434 1.5137572595365731 0.07666817866419207
v 0.35604072000395515 1.5789562382807745 0.06368438949554861
v 0.32780810971764535 1.5008052314836329 -0.0028247441104037596
v 0.3453317192070571 1.5660042102278342 -0.015808533279047188
v 0.18883812355395446 1.5566117027373494 0.0898499865979811
v 0.2063617330433662 1.6218106814815507 0.07686619742933765
v 0.1781291227570564 1.5436596746844087 0.010357063823385304
v 0.19565273224646812 1.60885865342861 -0.002626725345258124
v 0.3257190222656272 1.5161893051424093 0.07160788308546484
v 0.3416495763469106 1.575461104000774 0.05980443838669813
v 0.3010059435035547 1.4863000096356234 -0.11183732331744893
v 0.31693649758483805 1.5455718084939885 -0.12364076801621568
v 0.19998867321873248 1.552187037431061 0.0826806017498477
v 0.21591922730001584 1.611458836289426 0.07087715705108094
v 0.17527559445665997 1.5222977419242754 -0.10076460465306611
v 0.19120614853794338 1.58156954078264 -0.11256804935183286
v 0.3220417246731617 1.4938310625320494 -0.045628625604417106
v 0.33956533416257345 1.5590300412762508 -0.05861241477306056
v 0.31133272387626365 1.4808790344791092 -0.12512154837901293
v 0.3288563333656754 1.5460780132233105 -0.13810533754765636
v 0.17236273771257277 1.5366855057328257 -0.03244681767062807
v 0.1898863472019845 1.601884484477027 -0.04543060683927147
v 0.1616537369156747 1.523733477679885 -0.11193974044522385
v 0.17917734640508642 1.5889324564240863 -0.12492352961386728
v 0.2491909449594895 1.1276290639601216 0.21135793150134763
v 0.31228271359774623 1.1295752572581605 0.09986059213065523
v 0.24919094495948946 0.877667140171024 0.20699482989202678
v 0.31228271359774623 0.8796133334690628 0.09549749052133438
v 0.21655260636174328 1.127951338064255 0.19289486044096676
v 0.279644375 1.1298975313622939 0.08139752107027437
v 0.21655260636174323 0.8779894142751572 0.1885317588316459
v 0.279644375 0.879935607573196 0.07703441946095352
v -0.21655260636174328 1.127951338064255 0.19289486044096676
v -0.27964437499999995 1.1298975313622939 0.08139752107027437
v -0.21655260636174328 0.8779894142751571 0.1885317588316459
v -0.27964437499999995 0.8799356075731961 0.07703441946095352
v -0.2491909449594895 1.1276290639601216 0.21135793150134763
v -0.3122827135977462 1.1295752572581605 0.09986059213065523
v -0.2491909449594895 0.8776671401710239 0.20699482989202678
v -0.3122827135977462 0.8796133334690628 0.09549749052133438
v 0.140625 1.260177054758956 -0.21997531327935513
v 0.140625 1.260286132299189 -0.22622436137408253
v 0.140625 1.1976865738116815 -0.22106608868168537
v 0.140625 1.1977956513519146 -0.22731513677641274
v -0.140625 1.260177054758956 -0.21997531327935513
v -0.140625 1.260286132299189 -0.22622436137408253
v -0.140625 1.1976865738116815 -0.22106608868168537
v -0.140625 1.1977956513519146 -0.22731513677641274
v 0.140625 1.3340336585399442 -0.2000275030644561
v 0.140625 1.3354396026295934 -0.20611731596936378
v 0.140625 1.273135529490867 -0.21408694396094766
v 0.140625 1.274541473580516 -0.22017675686585533
v -0.140625 1.3340336585399442 -0.2000275030644561
v -0.140625 1.3354396026295934 -0.20611731596936378
v -0.140625 1.273135529490867 -0.21408694396094766
v -0.140625 1.274541473580516 -0.22017675686585533
v 0.140625 1.4101563198512908 -0.18245320194384163
v 0.140625 1.4115622639409398 -0.18854301484874933
v 0.140625 1.3492581908022134 -0.1965126428403332
v 0.140625 1.3506641348918627 -0.20260245574524088
v -0.140625 1.4101563198512908 -0.18245320194384163
v -0.140625 1.4115622639409398 -0.18854301484874933
v -0.140625 1.3492581908022134 -0.1965126428403332
v -0.140625 1.3506641348918627 -0.20260245574524088
v 0.140625 1.191437525716954 -0.22117516622191838
v 0.140625 1.191546603257187 -0.22742421431664578
v 0.140625 1.1289470447696794 -0.2222659416242486
v 0.140625 1.1290561223099125 -0.228514989718976
v -0.140625 1.191437525716954 -0.22117516622191838
v -0.140625 1.191546603257187 -0.22742421431664578
v -0.140625 1.1289470447696794 -0.2222659416242486
v -0.140625 1.1290561223099125 -0.228514989718976
v 0.21874999999999994 1.1133244245328608 -0.22253863547483116
v 0.21874999999999994 1.1134335020730939 -0.22878768356955856
v 0.21875 0.8633625007437634 -0.22690173708415204
v 0.21875 0.8634715782839965 -0.23315078517887944
v -0.21875 1.1133244245328608 -0.22253863547483116
v -0.21875 1.1134335020730939 -0.22878768356955856
v -0.21875 0.8633625007437633 -0.22690173708415204
v -0.21875 0.8634715782839963 -0.23315078517887944
v -0.14687500000000003 1.1508187131012257 -0.221884170233433
v -0.14687500000000003 1.1511459457219249 -0.2406313145176153
v -0.14687499999999998 1.0758301359644964 -0.22319310071622925
v -0.14687499999999998 1.0761573685851955 -0.24194024500041156
v -0.19687500000000002 1.1508187131012257 -0.221884170233433
v -0.19687500000000002 1.1511459457219249 -0.2406313145176153
v -0.19687499999999997 1.0758301359644964 -0.22319310071622925
v -0.19687499999999997 1.0761573685851955 -0.24194024500041156
v 0.19687499999999997 1.1508187131012257 -0.221884170233433
v 0.19687499999999997 1.1511459457219249 -0.2406313145176153
v 0.19687500000000002 1.0758301359644964 -0.22319310071622925
v 0.19687500000000002 1.0761573685851955 -0.24194024500041156
v 0.146875 1.1508187131012257 -0.221884170233433
v 0.146875 1.1511459457219249 -0.2406313145176153
v 0.146875 1.0758301359644964 -0.22319310071622925
v 0.146875 1.0761573685851955 -0.24194024500041156
v 0.15625 1.2524325494024116 0.22370710144629358
v 0.15625 1.2525416269426444 0.2174580533515661
v 0.15625 1.1899420684551372 0.2226163260439633
v 0.15625 1.19005114599537 0.21636727794923588
v -0.15625 1.2524325494024116 0.22370710144629358
v -0.15625 1.2525416269426444 0.2174580533515661
v -0.15625 1.1899420684551372 0.2226163260439633
v -0.15625 1.19005114599537 0.21636727794923588
v 0.15625 1.3898531879713985 0.21026185936816122
v 0.15625 1.38952608824488 0.20402042477594517
v 0.15625 1.3274388420492376 0.21353285663334526
v 0.15625 1.3271117423227192 0.20729142204112916
v -0.15625 1.3898531879713985 0.21026185936816122
v -0.15625 1.38952608824488 0.20402042477594517
v -0.15625 1.3274388420492376 0.21353285663334526
v -0.15625 1.3271117423227192 0.20729142204112916
v 0.15625 1.3211974074570216 0.21385995635986366
v 0.15625 1.3208703077305033 0.2076185217676476
v 0.15625 1.2587830615348607 0.21713095362504764
v 0.15625 1.2584559618083424 0.2108895190328316
v -0.15625 1.3211974074570216 0.21385995635986366
v -0.15625 1.3208703077305033 0.2076185217676476
v -0.15625 1.2587830615348607 0.21713095362504764
v -0.15625 1.2584559618083424 0.2108895190328316
v -0.270614310621612 1.12329836221475 0.04872997968401316
v -0.3848523766171373 1.1193512020183094 0.09931737143319969
v -0.2762806564311583 0.8754371300418758 0.016594296854623408
v -0.3905187224266836 0.871489969845435 0.06718168860380991
v -0.20728682092403758 1.1035095426591053 0.19019408880430472
v -0.3215248869195628 1.0995623824626646 0.24078148055349125
v -0.21295316673358394 0.8556483104862309 0.15805840597491494
v -0.3271912327291092 0.8517011502897902 0.20864579772410147
v 0.12812500000000004 0.6890955588001062 -0.24175177958165
v 0.12812500000000004 0.6974098381761469 -0.29738392189575785
v 0.12812500000000004 0.6272820673399864 -0.2509898677772507
v 0.12812500000000004 0.635596346716027 -0.3066220100913585
v -0.12187499999999996 0.6890955588001062 -0.24175177958165
v -0.12187499999999996 0.6974098381761468 -0.29738392189575785
v -0.12187499999999996 0.6272820673399864 -0.2509898677772507
v -0.12187499999999996 0.6355963467160269 -0.3066220100913585
v -0.07856917382415915 0.6718693962366211 -0.2443262468261657
v -0.07856917382415915 0.6801836756126617 -0.2999583891402735
v -0.12276334764831837 0.6281606572563536 -0.2508585616344743
v -0.12276334764831837 0.6364749366323942 -0.30649070394858213
v -0.1227633476483184 0.7155781352168886 -0.23779393201785706
v -0.1227633476483184 0.7238924145929292 -0.2934260743319649
v -0.1669575214724776 0.6718693962366211 -0.2443262468261657
v -0.1669575214724776 0.6801836756126617 -0.2999583891402735
v 0.17143082617584085 0.6718693962366211 -0.2443262468261657
v 0.17143082617584082 0.6801836756126618 -0.2999583891402735
v 0.12723665235168163 0.6281606572563536 -0.2508585616344743
v 0.12723665235168163 0.6364749366323943 -0.30649070394858213
v 0.12723665235168163 0.7155781352168886 -0.23779393201785706
v 0.12723665235168163 0.7238924145929293 -0.2934260743319649
v 0.08304247852752242 0.6718693962366211 -0.2443262468261657
v 0.08304247852752239 0.6801836756126618 -0.2999583891402735
v 0.17054250000000004 0.8573098493803595 -0.21661198541319804
v 0.17054250000000004 0.8665479375759602 -0.2784254768733178
v 0.17054250000000004 0.671869375 -0.24432625000000002
v 0.1705425 0.6811074631956007 -0.3061397414601198
v -0.16695749999999998 0.8573098493803594 -0.21661198541319804
v -0.16695749999999998 0.86654793757596 -0.2784254768733178
v -0.16695749999999998 0.671869375 -0.24432625000000002
v -0.16695749999999998 0.6811074631956007 -0.3061397414601198
v 0.10804250000000001 0.8204527067091776 -0.22370017561706143
v 0.10804250000000001 0.8306146037243383 -0.29169501622319327
v 0.10804250000000004 0.6968257237889379 -0.24217635200826274
v 0.10804250000000004 0.7069876208040988 -0.3101711926143946
v -0.10445749999999995 0.8204527067091776 -0.22370017561706143
v -0.10445749999999995 0.8306146037243383 -0.29169501622319327
v -0.10445749999999995 0.6968257237889379 -0.24217635200826274
v -0.10445749999999995 0.7069876208040987 -0.3101711926143946
v 0.20313991795481035 1.083811794359233 -0.2865133141825271
v 0.20399473099117105 1.0847363537429093 -0.3333713989664673
v 0.20212246752176577 0.8682315219799404 -0.2907855010331172
v 0.20297728055812647 0.8691560813636166 -0.33764358581705733
v 0.12815322478780033 1.084192660768369 -0.287873751117886
v 0.12900803782416106 1.0851172201520451 -0.33473183590182615
v 0.12713577435475582 0.8686123883890762 -0.292145937968476
v 0.12799058739111654 0.8695369477727525 -0.33900402275241615
v 0.19811850081078924 1.0867853875034217 -0.33226184612979
v 0.19845649076375638 1.087249439324622 -0.3447486559184806
v 0.19763727400217096 0.9774873812148982 -0.33633675313640193
v 0.1979752639551381 0.9779514330360985 -0.34882356292509253
v 0.13564195759590836 1.0871230453435106 -0.3339403976190658
v 0.13597994754887544 1.0875870971647108 -0.3464272074077564
v 0.13516073078729007 0.977825039054987 -0.33801530462567775
v 0.13549872074025715 0.9782890908761873 -0.35050211441436835
v 0.18227605792829615 1.0229638635462073 -0.33811218143823185
v 0.18243217211074997 1.0237537242171455 -0.3568448867549378
v 0.18189031502161335 0.9667652564467936 -0.34048499885549005
v 0.1820464292040671 0.9675551171177317 -0.359217704172196
v 0.15102787596800382 1.0231889432099142 -0.33836310637012174
v 0.1511839901504576 1.0239788038808524 -0.3570958116868277
v 0.150642133061321 0.9669903361105003 -0.34073592378737994
v 0.15079824724377477 0.9677801967814385 -0.3594686291040859
v 0.03907741795481029 1.083811794359233 -0.2865133141825271
v 0.03993223099117102 1.0847363537429093 -0.3333713989664673
v 0.03805996752176577 0.8682315219799402 -0.2907855010331172
v 0.03891478055812651 0.8691560813636166 -0.33764358581705733
v -0.03590927521219969 1.084192660768369 -0.287873751117886
v -0.03505446217583896 1.0851172201520451 -0.33473183590182615
v -0.03692672564524421 0.8686123883890762 -0.29214593796847604
v -0.03607191260888348 0.8695369477727525 -0.3390040227524162
v 0.034056000810789244 1.0867853875034217 -0.33226184612978993
v 0.03439399076375638 1.087249439324622 -0.3447486559184806
v 0.03357477400217099 0.9774873812148981 -0.33633675313640193
v 0.03391276395513812 0.9779514330360984 -0.34882356292509253
v -0.028420542404091587 1.0871230453435106 -0.3339403976190658
v -0.02808255245112451 1.0875870971647108 -0.3464272074077564
v -0.02890176921270987 0.977825039054987 -0.33801530462567775
v -0.028563779259742794 0.9782890908761873 -0.35050211441436835
v 0.018213557928296167 1.0229638635462073 -0.33811218143823185
v 0.01836967211074997 1.0237537242171455 -0.3568448867549378
v 0.017827815021613347 0.9667652564467935 -0.34048499885549005
v 0.017983929204067134 0.9675551171177316 -0.359217704172196
v -0.013034624031996192 1.0231889432099142 -0.33836310637012174
v -0.012878509849542405 1.0239788038808524 -0.3570958116868277
v -0.013420366938679026 0.9669903361105003 -0.34073592378737994
v -0.01326425275622524 0.9677801967814385 -0.3594686291040859
v -0.1281100820451897 1.083811794359233 -0.2865133141825271
v -0.12725526900882894 1.0847363537429093 -0.3333713989664673
v -0.12912753247823422 0.8682315219799402 -0.2907855010331172
v -0.12827271944187346 0.8691560813636166 -0.33764358581705733
v -0.2030967752121997 1.084192660768369 -0.287873751117886
v -0.20224196217583898 1.0851172201520451 -0.33473183590182615
v -0.20411422564524423 0.8686123883890762 -0.29214593796847604
v -0.2032594126088835 0.8695369477727525 -0.3390040227524162
v -0.13313149918921077 1.0867853875034217 -0.33226184612979
v -0.13279350923624364 1.087249439324622 -0.3447486559184806
v -0.13361272599782903 0.9774873812148981 -0.33633675313640193
v -0.1332747360448619 0.9779514330360984 -0.34882356292509253
v -0.19560804240409163 1.0871230453435106 -0.3339403976190658
v -0.19527005245112455 1.0875870971647108 -0.3464272074077564
v -0.19608926921270992 0.977825039054987 -0.33801530462567775
v -0.19575127925974284 0.9782890908761873 -0.35050211441436835
v -0.14897394207170384 1.0229638635462073 -0.33811218143823185
v -0.14881782788925008 1.0237537242171455 -0.3568448867549378
v -0.14935968497838667 0.9667652564467935 -0.34048499885549005
v -0.14920357079593288 0.9675551171177316 -0.359217704172196
v -0.18022212403199622 1.0231889432099142 -0.33836310637012174
v -0.1800660098495424 1.0239788038808524 -0.3570958116868277
v -0.18060786693867903 0.9669903361105003 -0.34073592378737994
v -0.18045175275622524 0.9677801967814385 -0.3594686291040859
vt 0.6515151515151515 0.7196969696969697
vt 0.6515151515151515 0.7424242424242424
vt 0.5909090909090909 0.7424242424242424
vt 0.5909090909090909 0.7196969696969697
vt 0.6515151515151515 0.7196969696969697
vt 0.6515151515151515 0.7424242424242424
vt 0.5909090909090909 0.7424242424242424
vt 0.5909090909090909 0.7196969696969697
vt 0.9242424242424242 0.9356060606060606
vt 0.9242424242424242 0.9393939393939394
vt 0.6818181818181818 0.9393939393939394
vt 0.6818181818181818 0.9356060606060606
vt 0.20454545454545456 0.3446969696969697
vt 0.20454545454545456 0.3787878787878788
vt 0.16666666666666666 0.3787878787878788
vt 0.16666666666666666 0.3446969696969697
vt 0.4318181818181818 0.2367424242424242
vt 0.4318181818181818 0.25757575757575757
vt 0.3939393939393939 0.25757575757575757
vt 0.3939393939393939 0.2367424242424242
vt 0.5265151515151515 0.8352272727272727
vt 0.5265151515151515 0.8636363636363636
vt 0.5 0.8636363636363636
vt 0.5 0.8352272727272727
vt 0.4772727272727273 0.4545454545454546
vt 0.4772727272727273 0.5303030303030303
vt 0.4393939393939394 0.5303030303030303
vt 0.4393939393939394 0.4545454545454546
vt 0.48484848484848486 0.8181818181818181
vt 0.48484848484848486 0.7424242424242424
vt 0.5227272727272727 0.7424242424242424
vt 0.5227272727272727 0.8181818181818181
vt 0.5227272727272727 0.7272727272727273
vt 0.48484848484848486 0.7272727272727273
vt 0.48484848484848486 0.6515151515151515
vt 0.5227272727272727 0.6515151515151515
vt 0.5 0.9242424242424242
vt 0.5378787878787878 0.9242424242424242
vt 0.5378787878787878 1
vt 0.5 1
vt 0.42424242424242425 0.5151515151515151
vt 0.42424242424242425 0.5909090909090908
vt 0.36363636363636365 0.5909090909090908
vt 0.36363636363636365 0.5151515151515151
vt 0.06060606060606061 0.5757575757575757
vt 0 0.5757575757575757
vt 0 0.5
vt 0.06060606060606061 0.5
vt 0.125 0.5454545454545454
vt 0.07575757575757576 0.5454545454545454
vt 0.07575757575757576 0.4810606060606061
vt 0.125 0.4810606060606061
vt 0.20075757575757575 0.4810606060606061
vt 0.20075757575757575 0.5454545454545454
vt 0.15151515151515152 0.5454545454545454
vt 0.15151515151515152 0.4810606060606061
vt 0.3333333333333333 0.28409090909090906
vt 0.3560606060606061 0.28409090909090906
vt 0.3560606060606061 0.33333333333333337
vt 0.3333333333333333 0.33333333333333337
vt 0.4015151515151515 0.28409090909090906
vt 0.4015151515151515 0.33333333333333337
vt 0.3787878787878788 0.33333333333333337
vt 0.3787878787878788 0.28409090909090906
vt 0.022727272727272728 0.3446969696969697
vt 0.022727272727272728 0.40909090909090906
vt 0 0.40909090909090906
vt 0 0.3446969696969697
vt 0.6287878787878788 0.4242424242424242
vt 0.6060606060606061 0.4242424242424242
vt 0.6060606060606061 0.35984848484848486
vt 0.6287878787878788 0.35984848484848486
vt 0.125 0.5454545454545454
vt 0.07575757575757576 0.5454545454545454
vt 0.07575757575757576 0.4810606060606061
vt 0.125 0.4810606060606061
vt 0.20075757575757575 0.4810606060606061
vt 0.20075757575757575 0.5454545454545454
vt 0.15151515151515152 0.5454545454545454
vt 0.15151515151515152 0.4810606060606061
vt 0.3333333333333333 0.28409090909090906
vt 0.3560606060606061 0.28409090909090906
vt 0.3560606060606061 0.33333333333333337
vt 0.3333333333333333 0.33333333333333337
vt 0.4015151515151515 0.28409090909090906
vt 0.4015151515151515 0.33333333333333337
vt 0.3787878787878788 0.33333333333333337
vt 0.3787878787878788 0.28409090909090906
vt 0.022727272727272728 0.3446969696969697
vt 0.022727272727272728 0.40909090909090906
vt 0 0.40909090909090906
vt 0 0.3446969696969697
vt 0.6287878787878788 0.4242424242424242
vt 0.6060606060606061 0.4242424242424242
vt 0.6060606060606061 0.35984848484848486
vt 0.6287878787878788 0.35984848484848486
vt 0.07575757575757576 0.4810606060606061
vt 0.07575757575757576 0.5454545454545454
vt 0.125 0.5454545454545454
vt 0.125 0.4810606060606061
vt 0.15151515151515152 0.5454545454545454
vt 0.20075757575757575 0.5454545454545454
vt 0.20075757575757575 0.4810606060606061
vt 0.15151515151515152 0.4810606060606061
vt 0.3560606060606061 0.33333333333333337
vt 0.3560606060606061 0.28409090909090906
vt 0.3333333333333333 0.28409090909090906
vt 0.3333333333333333 0.33333333333333337
vt 0.3787878787878788 0.33333333333333337
vt 0.4015151515151515 0.33333333333333337
vt 0.4015151515151515 0.28409090909090906
vt 0.3787878787878788 0.28409090909090906
vt 0 0.40909090909090906
vt 0.022727272727272728 0.40909090909090906
vt 0.022727272727272728 0.3446969696969697
vt 0 0.3446969696969697
vt 0.6060606060606061 0.35984848484848486
vt 0.6060606060606061 0.4242424242424242
vt 0.6287878787878788 0.4242424242424242
vt 0.6287878787878788 0.35984848484848486
vt 0.803030303030303 0.24242424242424243
vt 0.7878787878787878 0.24242424242424243
vt 0.7878787878787878 0.20454545454545459
vt 0.803030303030303 0.20454545454545459
vt 0.8181818181818182 0.9621212121212122
vt 0.8181818181818182 1
vt 0.803030303030303 1
vt 0.803030303030303 0.9621212121212122
vt 0.07575757575757576 0.5606060606060606
vt 0.10227272727272728 0.5606060606060606
vt 0.10227272727272728 0.5757575757575757
vt 0.07575757575757576 0.5757575757575757
vt 0.7689393939393939 0.7575757575757576
vt 0.7689393939393939 0.7727272727272727
vt 0.7424242424242424 0.7727272727272727
vt 0.7424242424242424 0.7575757575757576
vt 0.6174242424242424 0.2954545454545454
vt 0.6174242424242424 0.33333333333333337
vt 0.5909090909090909 0.33333333333333337
vt 0.5909090909090909 0.2954545454545454
vt 0.026515151515151516 0.31818181818181823
vt 0 0.31818181818181823
vt 0 0.2803030303030303
vt 0.026515151515151516 0.2803030303030303
vt 0.8181818181818182 0.9090909090909091
vt 0.803030303030303 0.9090909090909091
vt 0.803030303030303 0.8712121212121212
vt 0.8181818181818182 0.8712121212121212
vt 0.8181818181818182 0.8106060606060606
vt 0.8181818181818182 0.8484848484848485
vt 0.803030303030303 0.8484848484848485
vt 0.803030303030303 0.8106060606060606
vt 0.7575757575757576 0.5454545454545454
vt 0.7840909090909091 0.5454545454545454
vt 0.7840909090909091 0.5606060606060606
vt 0.7575757575757576 0.5606060606060606
vt 0.8598484848484849 0.9545454545454546
vt 0.8598484848484849 0.9696969696969697
vt 0.8333333333333334 0.9696969696969697
vt 0.8333333333333334 0.9545454545454546
vt 0.7083333333333334 0.9621212121212122
vt 0.7083333333333334 1
vt 0.6818181818181818 1
vt 0.6818181818181818 0.9621212121212122
vt 0.19318181818181818 0.31818181818181823
vt 0.16666666666666666 0.31818181818181823
vt 0.16666666666666666 0.2803030303030303
vt 0.19318181818181818 0.2803030303030303
vt 0.803030303030303 0.24242424242424243
vt 0.7878787878787878 0.24242424242424243
vt 0.7878787878787878 0.20454545454545459
vt 0.803030303030303 0.20454545454545459
vt 0.8181818181818182 0.9621212121212122
vt 0.8181818181818182 1
vt 0.803030303030303 1
vt 0.803030303030303 0.9621212121212122
vt 0.07575757575757576 0.5606060606060606
vt 0.10227272727272728 0.5606060606060606
vt 0.10227272727272728 0.5757575757575757
vt 0.07575757575757576 0.5757575757575757
vt 0.7689393939393939 0.7575757575757576
vt 0.7689393939393939 0.7727272727272727
vt 0.7424242424242424 0.7727272727272727
vt 0.7424242424242424 0.7575757575757576
vt 0.6174242424242424 0.2954545454545454
vt 0.6174242424242424 0.33333333333333337
vt 0.5909090909090909 0.33333333333333337
vt 0.5909090909090909 0.2954545454545454
vt 0.026515151515151516 0.31818181818181823
vt 0 0.31818181818181823
vt 0 0.2803030303030303
vt 0.026515151515151516 0.2803030303030303
vt 0.8181818181818182 0.9090909090909091
vt 0.803030303030303 0.9090909090909091
vt 0.803030303030303 0.8712121212121212
vt 0.8181818181818182 0.8712121212121212
vt 0.8181818181818182 0.8106060606060606
vt 0.8181818181818182 0.8484848484848485
vt 0.803030303030303 0.8484848484848485
vt 0.803030303030303 0.8106060606060606
vt 0.7575757575757576 0.5454545454545454
vt 0.7840909090909091 0.5454545454545454
vt 0.7840909090909091 0.5606060606060606
vt 0.7575757575757576 0.5606060606060606
vt 0.8598484848484849 0.9545454545454546
vt 0.8598484848484849 0.9696969696969697
vt 0.8333333333333334 0.9696969696969697
vt 0.8333333333333334 0.9545454545454546
vt 0.7083333333333334 0.9621212121212122
vt 0.7083333333333334 1
vt 0.6818181818181818 1
vt 0.6818181818181818 0.9621212121212122
vt 0.19318181818181818 0.31818181818181823
vt 0.16666666666666666 0.31818181818181823
vt 0.16666666666666666 0.2803030303030303
vt 0.19318181818181818 0.2803030303030303
vt 0.8181818181818182 0.5606060606060606
vt 0.803030303030303 0.5606060606060606
vt 0.803030303030303 0.5227272727272727
vt 0.8181818181818182 0.5227272727272727
vt 0.07575757575757576 0.14393939393939392
vt 0.07575757575757576 0.18181818181818177
vt 0.06060606060606061 0.18181818181818177
vt 0.06060606060606061 0.14393939393939392
vt 0.09090909090909091 0.1515151515151515
vt 0.11742424242424243 0.1515151515151515
vt 0.11742424242424243 0.16666666666666663
vt 0.09090909090909091 0.16666666666666663
vt 0.8598484848484849 0.8939393939393939
vt 0.8598484848484849 0.9090909090909091
vt 0.8333333333333334 0.9090909090909091
vt 0.8333333333333334 0.8939393939393939
vt 0.45075757575757575 0.2803030303030303
vt 0.45075757575757575 0.31818181818181823
vt 0.42424242424242425 0.31818181818181823
vt 0.42424242424242425 0.2803030303030303
vt 0.6628787878787878 0.31818181818181823
vt 0.6363636363636364 0.31818181818181823
vt 0.6363636363636364 0.2803030303030303
vt 0.6628787878787878 0.2803030303030303
vt 0.16666666666666666 0.18181818181818177
vt 0.15151515151515152 0.18181818181818177
vt 0.15151515151515152 0.14393939393939392
vt 0.16666666666666666 0.14393939393939392
vt 0.8333333333333334 0.6439393939393939
vt 0.8333333333333334 0.6818181818181819
vt 0.8181818181818182 0.6818181818181819
vt 0.8181818181818182 0.6439393939393939
vt 0.8333333333333334 0.8636363636363636
vt 0.8598484848484849 0.8636363636363636
vt 0.8598484848484849 0.8787878787878788
vt 0.8333333333333334 0.8787878787878788
vt 0.8598484848484849 0.8333333333333334
vt 0.8598484848484849 0.8484848484848485
vt 0.8333333333333334 0.8484848484848485
vt 0.8333333333333334 0.8333333333333334
vt 0.7083333333333334 0.2803030303030303
vt 0.7083333333333334 0.31818181818181823
vt 0.6818181818181818 0.31818181818181823
vt 0.6818181818181818 0.2803030303030303
vt 0.5265151515151515 0.303030303030303
vt 0.5 0.303030303030303
vt 0.5 0.26515151515151514
vt 0.5265151515151515 0.26515151515151514
vt 0.5681818181818182 0.7878787878787878
vt 0.5454545454545454 0.7878787878787878
vt 0.5454545454545454 0.7159090909090908
vt 0.5681818181818182 0.7159090909090908
vt 0.5227272727272727 0.38257575757575757
vt 0.5227272727272727 0.4545454545454546
vt 0.5 0.4545454545454546
vt 0.5 0.38257575757575757
vt 0.48484848484848486 0.6136363636363636
vt 0.6060606060606061 0.6136363636363636
vt 0.6060606060606061 0.6363636363636364
vt 0.48484848484848486 0.6363636363636364
vt 0.6212121212121212 0.8863636363636364
vt 0.6212121212121212 0.9090909090909091
vt 0.5 0.9090909090909091
vt 0.5 0.8863636363636364
vt 0.48484848484848486 0.928030303030303
vt 0.48484848484848486 1
vt 0.36363636363636365 1
vt 0.36363636363636365 0.928030303030303
vt 0.48484848484848486 0.9090909090909091
vt 0.36363636363636365 0.9090909090909091
vt 0.36363636363636365 0.8371212121212122
vt 0.48484848484848486 0.8371212121212122
vt 0.054924242424242424 0.12121212121212122
vt 0.045454545454545456 0.12121212121212122
vt 0.045454545454545456 0.09848484848484851
vt 0.054924242424242424 0.09848484848484851
vt 0.8882575757575758 0.8863636363636364
vt 0.8882575757575758 0.9090909090909091
vt 0.8787878787878788 0.9090909090909091
vt 0.8787878787878788 0.8863636363636364
vt 0.7424242424242424 0.1117424242424242
vt 0.7556818181818182 0.1117424242424242
vt 0.7556818181818182 0.12121212121212122
vt 0.7424242424242424 0.12121212121212122
vt 0.9071969696969697 0.7026515151515151
vt 0.9071969696969697 0.7121212121212122
vt 0.8939393939393939 0.7121212121212122
vt 0.8939393939393939 0.7026515151515151
vt 0.5132575757575758 0.14393939393939392
vt 0.5132575757575758 0.16666666666666663
vt 0.5 0.16666666666666663
vt 0.5 0.14393939393939392
vt 0.8768939393939394 0.8181818181818181
vt 0.8636363636363636 0.8181818181818181
vt 0.8636363636363636 0.7954545454545454
vt 0.8768939393939394 0.7954545454545454
vt 0.003787878787878788 0.09090909090909094
vt 0 0.09090909090909094
vt 0 0.07196969696969702
vt 0.003787878787878788 0.07196969696969702
vt 0.07954545454545454 0.07196969696969702
vt 0.07954545454545454 0.09090909090909094
vt 0.07575757575757576 0.09090909090909094
vt 0.07575757575757576 0.07196969696969702
vt 0.8333333333333334 0.35984848484848486
vt 0.8996212121212122 0.35984848484848486
vt 0.8996212121212122 0.36363636363636365
vt 0.8333333333333334 0.36363636363636365
vt 0.9147727272727273 0.5871212121212122
vt 0.9147727272727273 0.5909090909090908
vt 0.8484848484848485 0.5909090909090908
vt 0.8484848484848485 0.5871212121212122
vt 0.6875 0.6174242424242424
vt 0.6875 0.6363636363636364
vt 0.6212121212121212 0.6363636363636364
vt 0.6212121212121212 0.6174242424242424
vt 0.7026515151515151 0.9090909090909091
vt 0.6363636363636364 0.9090909090909091
vt 0.6363636363636364 0.8901515151515151
vt 0.7026515151515151 0.8901515151515151
vt 0.9128787878787878 0.33333333333333337
vt 0.9090909090909091 0.33333333333333337
vt 0.9090909090909091 0.32765151515151514
vt 0.9128787878787878 0.32765151515151514
vt 0.7007575757575758 0.08522727272727271
vt 0.7007575757575758 0.09090909090909094
vt 0.696969696969697 0.09090909090909094
vt 0.696969696969697 0.08522727272727271
vt 0.5303030303030303 0.13257575757575757
vt 0.5890151515151515 0.13257575757575757
vt 0.5890151515151515 0.13636363636363635
vt 0.5303030303030303 0.13636363636363635
vt 0.6647727272727273 0.13257575757575757
vt 0.6647727272727273 0.13636363636363635
vt 0.6060606060606061 0.13636363636363635
vt 0.6060606060606061 0.13257575757575757
vt 0.39204545454545453 0.1609848484848485
vt 0.39204545454545453 0.16666666666666663
vt 0.3333333333333333 0.16666666666666663
vt 0.3333333333333333 0.1609848484848485
vt 0.8920454545454546 0.5606060606060606
vt 0.8333333333333334 0.5606060606060606
vt 0.8333333333333334 0.5549242424242424
vt 0.8920454545454546 0.5549242424242424
vt 0.7386363636363636 0.6136363636363636
vt 0.7386363636363636 0.6515151515151515
vt 0.7121212121212122 0.6515151515151515
vt 0.7121212121212122 0.6136363636363636
vt 0.3068181818181818 0.2272727272727273
vt 0.3068181818181818 0.2727272727272727
vt 0.2878787878787879 0.2727272727272727
vt 0.2878787878787879 0.2272727272727273
vt 0.6098484848484849 0.2272727272727273
vt 0.6098484848484849 0.2727272727272727
vt 0.5909090909090909 0.2727272727272727
vt 0.5909090909090909 0.2272727272727273
vt 0.8125 0.16287878787878785
vt 0.8125 0.18181818181818177
vt 0.7878787878787878 0.18181818181818177
vt 0.7878787878787878 0.16287878787878785
vt 0.02462121212121212 0.1477272727272727
vt 0.02462121212121212 0.16666666666666663
vt 0 0.16666666666666663
vt 0 0.1477272727272727
vt 0.2518939393939394 0.28787878787878785
vt 0.2518939393939394 0.33333333333333337
vt 0.22727272727272727 0.33333333333333337
vt 0.22727272727272727 0.28787878787878785
vt 0.6761363636363636 0.33333333333333337
vt 0.6761363636363636 0.3787878787878788
vt 0.6515151515151515 0.3787878787878788
vt 0.6515151515151515 0.33333333333333337
vt 0.5113636363636364 0.18181818181818177
vt 0.5113636363636364 0.24242424242424243
vt 0.5 0.24242424242424243
vt 0.5 0.18181818181818177
vt 0.7689393939393939 0.18181818181818177
vt 0.7689393939393939 0.24242424242424243
vt 0.7575757575757576 0.24242424242424243
vt 0.7575757575757576 0.18181818181818177
vt 0.8560606060606061 0.2007575757575758
vt 0.8560606060606061 0.21212121212121215
vt 0.8181818181818182 0.21212121212121215
vt 0.8181818181818182 0.2007575757575758
vt 0.8712121212121212 0.9886363636363636
vt 0.8712121212121212 1
vt 0.8333333333333334 1
vt 0.8333333333333334 0.9886363636363636
vt 0.32575757575757575 0.43939393939393945
vt 0.32575757575757575 0.5
vt 0.2878787878787879 0.5
vt 0.2878787878787879 0.43939393939393945
vt 0.26515151515151514 0.43939393939393945
vt 0.26515151515151514 0.5
vt 0.22727272727272727 0.5
vt 0.22727272727272727 0.43939393939393945
vt 0.42424242424242425 0.3977272727272727
vt 0.42424242424242425 0.5
vt 0.4090909090909091 0.5
vt 0.4090909090909091 0.3977272727272727
vt 0.45454545454545453 0.33712121212121215
vt 0.45454545454545453 0.43939393939393945
vt 0.4393939393939394 0.43939393939393945
vt 0.4393939393939394 0.33712121212121215
vt 0.6515151515151515 0.6818181818181819
vt 0.6515151515151515 0.696969696969697
vt 0.5454545454545454 0.696969696969697
vt 0.5454545454545454 0.6818181818181819
vt 0.6515151515151515 0.6515151515151515
vt 0.6515151515151515 0.6666666666666667
vt 0.5454545454545454 0.6666666666666667
vt 0.5454545454545454 0.6515151515151515
vt 0.3484848484848485 0.7765151515151515
vt 0.3484848484848485 0.8787878787878788
vt 0.24242424242424243 0.8787878787878788
vt 0.24242424242424243 0.7765151515151515
vt 0.3484848484848485 0.8977272727272727
vt 0.3484848484848485 1
vt 0.24242424242424243 1
vt 0.24242424242424243 0.8977272727272727
vt 0.06060606060606061 0.28409090909090906
vt 0.06060606060606061 0.3787878787878788
vt 0.045454545454545456 0.3787878787878788
vt 0.045454545454545456 0.28409090909090906
vt 0.09090909090909091 0.28409090909090906
vt 0.09090909090909091 0.3787878787878788
vt 0.07575757575757576 0.3787878787878788
vt 0.07575757575757576 0.28409090909090906
vt 0.6515151515151515 0.5757575757575757
vt 0.6515151515151515 0.5909090909090908
vt 0.5454545454545454 0.5909090909090908
vt 0.5454545454545454 0.5757575757575757
vt 0.6515151515151515 0.5454545454545454
vt 0.6515151515151515 0.5606060606060606
vt 0.5454545454545454 0.5606060606060606
vt 0.5454545454545454 0.5454545454545454
vt 0.10606060606060606 0.6022727272727273
vt 0.10606060606060606 0.696969696969697
vt 0 0.696969696969697
vt 0 0.6022727272727273
vt 0.3484848484848485 0.6628787878787878
vt 0.3484848484848485 0.7575757575757576
vt 0.24242424242424243 0.7575757575757576
vt 0.24242424242424243 0.6628787878787878
vt 0.4810606060606061 0.3087121212121212
vt 0.4810606060606061 0.43939393939393945
vt 0.4696969696969697 0.43939393939393945
vt 0.4696969696969697 0.3087121212121212
vt 0.3143939393939394 0.2935606060606061
vt 0.3143939393939394 0.4242424242424242
vt 0.30303030303030304 0.4242424242424242
vt 0.30303030303030304 0.2935606060606061
vt 0.7651515151515151 0.7310606060606061
vt 0.7651515151515151 0.7424242424242424
vt 0.6666666666666666 0.7424242424242424
vt 0.6666666666666666 0.7310606060606061
vt 0.7651515151515151 0.7007575757575757
vt 0.7651515151515151 0.7121212121212122
vt 0.6666666666666666 0.7121212121212122
vt 0.6666666666666666 0.7007575757575757
vt 0.2196969696969697 0.8693181818181819
vt 0.2196969696969697 1
vt 0.12121212121212122 1
vt 0.12121212121212122 0.8693181818181819
vt 0.09848484848484848 0.8693181818181819
vt 0.09848484848484848 1
vt 0 1
vt 0 0.8693181818181819
vt 0.11742424242424243 0.25568181818181823
vt 0.11742424242424243 0.3787878787878788
vt 0.10606060606060606 0.3787878787878788
vt 0.10606060606060606 0.25568181818181823
vt 0.14772727272727273 0.25568181818181823
vt 0.14772727272727273 0.3787878787878788
vt 0.13636363636363635 0.3787878787878788
vt 0.13636363636363635 0.25568181818181823
vt 0.7651515151515151 0.6704545454545454
vt 0.7651515151515151 0.6818181818181819
vt 0.6666666666666666 0.6818181818181819
vt 0.6666666666666666 0.6704545454545454
vt 0.7651515151515151 0.5795454545454546
vt 0.7651515151515151 0.5909090909090908
vt 0.6666666666666666 0.5909090909090908
vt 0.6666666666666666 0.5795454545454546
vt 0.2196969696969697 0.7253787878787878
vt 0.2196969696969697 0.8484848484848485
vt 0.12121212121212122 0.8484848484848485
vt 0.12121212121212122 0.7253787878787878
vt 0.09848484848484848 0.7253787878787878
vt 0.09848484848484848 0.8484848484848485
vt 0 0.8484848484848485
vt 0 0.7253787878787878
vt 0.07575757575757576 0.20833333333333337
vt 0.07575757575757576 0.25757575757575757
vt 0.06060606060606061 0.25757575757575757
vt 0.06060606060606061 0.20833333333333337
vt 0.18181818181818182 0.20833333333333337
vt 0.18181818181818182 0.25757575757575757
vt 0.16666666666666666 0.25757575757575757
vt 0.16666666666666666 0.20833333333333337
vt 0.6515151515151515 0.43939393939393945
vt 0.6515151515151515 0.4545454545454546
vt 0.5454545454545454 0.4545454545454546
vt 0.5454545454545454 0.43939393939393945
vt 0.6666666666666666 0.9848484848484849
vt 0.6666666666666666 1
vt 0.5606060606060606 1
vt 0.5606060606060606 0.9848484848484849
vt 0.22727272727272727 0.571969696969697
vt 0.22727272727272727 0.6212121212121212
vt 0.12121212121212122 0.6212121212121212
vt 0.12121212121212122 0.571969696969697
vt 0.4696969696969697 0.6174242424242424
vt 0.4696969696969697 0.6666666666666667
vt 0.36363636363636365 0.6666666666666667
vt 0.36363636363636365 0.6174242424242424
vt 0.48484848484848486 0.23484848484848486
vt 0.48484848484848486 0.28787878787878785
vt 0.4696969696969697 0.28787878787878785
vt 0.4696969696969697 0.23484848484848486
vt 0.7424242424242424 0.2803030303030303
vt 0.7424242424242424 0.33333333333333337
vt 0.7272727272727273 0.33333333333333337
vt 0.7272727272727273 0.2803030303030303
vt 0.6666666666666666 0.9545454545454546
vt 0.6666666666666666 0.9696969696969697
vt 0.5606060606060606 0.9696969696969697
vt 0.5606060606060606 0.9545454545454546
vt 0.6666666666666666 0.9242424242424242
vt 0.6666666666666666 0.9393939393939394
vt 0.5606060606060606 0.9393939393939394
vt 0.5606060606060606 0.9242424242424242
vt 0.4696969696969697 0.6893939393939394
vt 0.4696969696969697 0.7424242424242424
vt 0.36363636363636365 0.7424242424242424
vt 0.36363636363636365 0.6893939393939394
vt 0.3484848484848485 0.5833333333333333
vt 0.3484848484848485 0.6363636363636364
vt 0.24242424242424243 0.6363636363636364
vt 0.24242424242424243 0.5833333333333333
vt 0.22727272727272727 0.14204545454545459
vt 0.22727272727272727 0.16666666666666663
vt 0.21212121212121213 0.16666666666666663
vt 0.21212121212121213 0.14204545454545459
vt 0.25757575757575757 0.14204545454545459
vt 0.25757575757575757 0.16666666666666663
vt 0.24242424242424243 0.16666666666666663
vt 0.24242424242424243 0.14204545454545459
vt 0.8049242424242424 0.3484848484848485
vt 0.8049242424242424 0.36363636363636365
vt 0.7727272727272727 0.36363636363636365
vt 0.7727272727272727 0.3484848484848485
vt 0.8503787878787878 0.43939393939393945
vt 0.8503787878787878 0.4545454545454546
vt 0.8181818181818182 0.4545454545454546
vt 0.8181818181818182 0.43939393939393945
vt 0.7746212121212122 0.8390151515151515
vt 0.7746212121212122 0.8636363636363636
vt 0.7424242424242424 0.8636363636363636
vt 0.7424242424242424 0.8390151515151515
vt 0.032196969696969696 0.23295454545454541
vt 0.032196969696969696 0.25757575757575757
vt 0 0.25757575757575757
vt 0 0.23295454545454541
vt 0.42613636363636365 0.1477272727272727
vt 0.42613636363636365 0.16666666666666663
vt 0.4090909090909091 0.16666666666666663
vt 0.4090909090909091 0.1477272727272727
vt 0.759469696969697 0.1477272727272727
vt 0.759469696969697 0.16666666666666663
vt 0.7424242424242424 0.16666666666666663
vt 0.7424242424242424 0.1477272727272727
vt 0.5681818181818182 0.2102272727272727
vt 0.5681818181818182 0.2272727272727273
vt 0.5303030303030303 0.2272727272727273
vt 0.5303030303030303 0.2102272727272727
vt 0.03787878787878788 0.19507575757575757
vt 0.03787878787878788 0.21212121212121215
vt 0 0.21212121212121215
vt 0 0.19507575757575757
vt 0.7348484848484849 0.23863636363636365
vt 0.7348484848484849 0.25757575757575757
vt 0.696969696969697 0.25757575757575757
vt 0.696969696969697 0.23863636363636365
vt 0.6742424242424242 0.23863636363636365
vt 0.6742424242424242 0.25757575757575757
vt 0.6363636363636364 0.25757575757575757
vt 0.6363636363636364 0.23863636363636365
vt 0.8503787878787878 0.16287878787878785
vt 0.8503787878787878 0.18181818181818177
vt 0.8333333333333334 0.18181818181818177
vt 0.8333333333333334 0.16287878787878785
vt 0.865530303030303 0.7537878787878788
vt 0.865530303030303 0.7727272727272727
vt 0.8484848484848485 0.7727272727272727
vt 0.8484848484848485 0.7537878787878788
vt 0.8257575757575758 0.7556818181818181
vt 0.8257575757575758 0.7727272727272727
vt 0.7878787878787878 0.7727272727272727
vt 0.7878787878787878 0.7556818181818181
vt 0.8257575757575758 0.7102272727272727
vt 0.8257575757575758 0.7272727272727273
vt 0.7878787878787878 0.7272727272727273
vt 0.7878787878787878 0.7102272727272727
vt 0.7954545454545454 0.4810606060606061
vt 0.7954545454545454 0.5
vt 0.7575757575757576 0.5
vt 0.7575757575757576 0.4810606060606061
vt 0.7954545454545454 0.6325757575757576
vt 0.7954545454545454 0.6515151515151515
vt 0.7575757575757576 0.6515151515151515
vt 0.7575757575757576 0.6325757575757576
vt 0.2878787878787879 0.28787878787878785
vt 0.2878787878787879 0.33333333333333337
vt 0.2727272727272727 0.33333333333333337
vt 0.2727272727272727 0.28787878787878785
vt 0.10606060606060606 0.18181818181818177
vt 0.10606060606060606 0.2272727272727273
vt 0.09090909090909091 0.2272727272727273
vt 0.09090909090909091 0.18181818181818177
vt 0.8503787878787878 0.40909090909090906
vt 0.8503787878787878 0.4242424242424242
vt 0.8181818181818182 0.4242424242424242
vt 0.8181818181818182 0.40909090909090906
vt 0.8503787878787878 0.3787878787878788
vt 0.8503787878787878 0.3939393939393939
vt 0.8181818181818182 0.3939393939393939
vt 0.8181818181818182 0.3787878787878788
vt 0.5776515151515151 0.3787878787878788
vt 0.5776515151515151 0.4242424242424242
vt 0.5454545454545454 0.4242424242424242
vt 0.5454545454545454 0.3787878787878788
vt 0.36553030303030304 0.3787878787878788
vt 0.36553030303030304 0.4242424242424242
vt 0.3333333333333333 0.4242424242424242
vt 0.3333333333333333 0.3787878787878788
vt 0.2878787878787879 0.14204545454545459
vt 0.2878787878787879 0.16666666666666663
vt 0.2727272727272727 0.16666666666666663
vt 0.2727272727272727 0.14204545454545459
vt 0.3181818181818182 0.14204545454545459
vt 0.3181818181818182 0.16666666666666663
vt 0.30303030303030304 0.16666666666666663
vt 0.30303030303030304 0.14204545454545459
vt 0.8503787878787878 0.31818181818181823
vt 0.8503787878787878 0.33333333333333337
vt 0.8181818181818182 0.33333333333333337
vt 0.8181818181818182 0.31818181818181823
vt 0.8503787878787878 0.28787878787878785
vt 0.8503787878787878 0.303030303030303
vt 0.8181818181818182 0.303030303030303
vt 0.8181818181818182 0.28787878787878785
vt 0.36553030303030304 0.23295454545454541
vt 0.36553030303030304 0.25757575757575757
vt 0.3333333333333333 0.25757575757575757
vt 0.3333333333333333 0.23295454545454541
vt 0.7746212121212122 0.7935606060606061
vt 0.7746212121212122 0.8181818181818181
vt 0.7424242424242424 0.8181818181818181
vt 0.7424242424242424 0.7935606060606061
vt 0.865530303030303 0.7083333333333333
vt 0.865530303030303 0.7272727272727273
vt 0.8484848484848485 0.7272727272727273
vt 0.8484848484848485 0.7083333333333333
vt 0.865530303030303 0.6628787878787878
vt 0.865530303030303 0.6818181818181819
vt 0.8484848484848485 0.6818181818181819
vt 0.8484848484848485 0.6628787878787878
vt 0.32575757575757575 0.19507575757575757
vt 0.32575757575757575 0.21212121212121215
vt 0.2878787878787879 0.21212121212121215
vt 0.2878787878787879 0.19507575757575757
vt 0.38636363636363635 0.19507575757575757
vt 0.38636363636363635 0.21212121212121215
vt 0.3484848484848485 0.21212121212121215
vt 0.3484848484848485 0.19507575757575757
vt 0.7954545454545454 0.39015151515151514
vt 0.7954545454545454 0.40909090909090906
vt 0.7575757575757576 0.40909090909090906
vt 0.7575757575757576 0.39015151515151514
vt 0.7954545454545454 0.43560606060606055
vt 0.7954545454545454 0.4545454545454546
vt 0.7575757575757576 0.4545454545454546
vt 0.7575757575757576 0.43560606060606055
vt 0.13636363636363635 0.18181818181818177
vt 0.13636363636363635 0.2272727272727273
vt 0.12121212121212122 0.2272727272727273
vt 0.12121212121212122 0.18181818181818177
vt 0.21212121212121213 0.18181818181818177
vt 0.21212121212121213 0.2272727272727273
vt 0.19696969696969696 0.2272727272727273
vt 0.19696969696969696 0.18181818181818177
vt 0.8503787878787878 0.25757575757575757
vt 0.8503787878787878 0.2727272727272727
vt 0.8181818181818182 0.2727272727272727
vt 0.8181818181818182 0.25757575757575757
vt 0.8503787878787878 0.2272727272727273
vt 0.8503787878787878 0.24242424242424243
vt 0.8181818181818182 0.24242424242424243
vt 0.8181818181818182 0.2272727272727273
vt 0.6231060606060606 0.7575757575757576
vt 0.6231060606060606 0.803030303030303
vt 0.5909090909090909 0.803030303030303
vt 0.5909090909090909 0.7575757575757576
vt 0.6231060606060606 0.8181818181818181
vt 0.6231060606060606 0.8636363636363636
vt 0.5909090909090909 0.8636363636363636
vt 0.5909090909090909 0.8181818181818181
vt 0.865530303030303 0.6174242424242424
vt 0.865530303030303 0.6363636363636364
vt 0.8484848484848485 0.6363636363636364
vt 0.8484848484848485 0.6174242424242424
vt 0.10795454545454546 0.11742424242424243
vt 0.10795454545454546 0.13636363636363635
vt 0.09090909090909091 0.13636363636363635
vt 0.09090909090909091 0.11742424242424243
vt 0.8257575757575758 0.5890151515151515
vt 0.8257575757575758 0.6060606060606061
vt 0.7878787878787878 0.6060606060606061
vt 0.7878787878787878 0.5890151515151515
vt 0.44696969696969696 0.19507575757575757
vt 0.44696969696969696 0.21212121212121215
vt 0.4090909090909091 0.21212121212121215
vt 0.4090909090909091 0.19507575757575757
vt 0.7954545454545454 0.2689393939393939
vt 0.7954545454545454 0.28787878787878785
vt 0.7575757575757576 0.28787878787878785
vt 0.7575757575757576 0.2689393939393939
vt 0.7954545454545454 0.31439393939393945
vt 0.7954545454545454 0.33333333333333337
vt 0.7575757575757576 0.33333333333333337
vt 0.7575757575757576 0.31439393939393945
vt 0.030303030303030304 0.4242424242424242
vt 0.030303030303030304 0.48484848484848486
vt 0 0.48484848484848486
vt 0 0.4242424242424242
vt 0.07575757575757576 0.3939393939393939
vt 0.07575757575757576 0.4545454545454546
vt 0.045454545454545456 0.4545454545454546
vt 0.045454545454545456 0.3939393939393939
vt 0.3428030303030303 0.10606060606060608
vt 0.3428030303030303 0.13636363636363635
vt 0.3333333333333333 0.13636363636363635
vt 0.3333333333333333 0.10606060606060608
vt 0.3731060606060606 0.10606060606060608
vt 0.3731060606060606 0.13636363636363635
vt 0.36363636363636365 0.13636363636363635
vt 0.36363636363636365 0.10606060606060608
vt 0.6609848484848485 0.1515151515151515
vt 0.6609848484848485 0.21212121212121215
vt 0.6515151515151515 0.21212121212121215
vt 0.6515151515151515 0.1515151515151515
vt 0.6306818181818182 0.1515151515151515
vt 0.6306818181818182 0.21212121212121215
vt 0.6212121212121212 0.21212121212121215
vt 0.6212121212121212 0.1515151515151515
vt 0.12121212121212122 0.3939393939393939
vt 0.12121212121212122 0.4545454545454546
vt 0.09090909090909091 0.4545454545454546
vt 0.09090909090909091 0.3939393939393939
vt 0.16666666666666666 0.3939393939393939
vt 0.16666666666666666 0.4545454545454546
vt 0.13636363636363635 0.4545454545454546
vt 0.13636363636363635 0.3939393939393939
vt 0.4640151515151515 0.10606060606060608
vt 0.4640151515151515 0.13636363636363635
vt 0.45454545454545453 0.13636363636363635
vt 0.45454545454545453 0.10606060606060608
vt 0.8731060606060606 0.5
vt 0.8731060606060606 0.5303030303030303
vt 0.8636363636363636 0.5303030303030303
vt 0.8636363636363636 0.5
vt 0.7215909090909091 0.1515151515151515
vt 0.7215909090909091 0.21212121212121215
vt 0.7121212121212122 0.21212121212121215
vt 0.7121212121212122 0.1515151515151515
vt 0.6912878787878788 0.1515151515151515
vt 0.6912878787878788 0.21212121212121215
vt 0.6818181818181818 0.21212121212121215
vt 0.6818181818181818 0.1515151515151515
vt 0.2897727272727273 0.0757575757575758
vt 0.2897727272727273 0.09090909090909094
vt 0.2878787878787879 0.09090909090909094
vt 0.2878787878787879 0.0757575757575758
vt 0.32007575757575757 0.0757575757575758
vt 0.32007575757575757 0.09090909090909094
vt 0.3181818181818182 0.09090909090909094
vt 0.3181818181818182 0.0757575757575758
vt 0.9621212121212122 0.8314393939393939
vt 0.9621212121212122 0.8333333333333334
vt 0.8939393939393939 0.8333333333333334
vt 0.8939393939393939 0.8314393939393939
vt 0.9621212121212122 0.8011363636363636
vt 0.9621212121212122 0.803030303030303
vt 0.8939393939393939 0.803030303030303
vt 0.8939393939393939 0.8011363636363636
vt 0.5681818181818182 0.31818181818181823
vt 0.5681818181818182 0.33333333333333337
vt 0.5 0.33333333333333337
vt 0.5 0.31818181818181823
vt 0.7348484848484849 0.5454545454545454
vt 0.7348484848484849 0.5606060606060606
vt 0.6666666666666666 0.5606060606060606
vt 0.6666666666666666 0.5454545454545454
vt 0.2897727272727273 0.0757575757575758
vt 0.2897727272727273 0.09090909090909094
vt 0.2878787878787879 0.09090909090909094
vt 0.2878787878787879 0.0757575757575758
vt 0.32007575757575757 0.0757575757575758
vt 0.32007575757575757 0.09090909090909094
vt 0.3181818181818182 0.09090909090909094
vt 0.3181818181818182 0.0757575757575758
vt 0.9621212121212122 0.8314393939393939
vt 0.9621212121212122 0.8333333333333334
vt 0.8939393939393939 0.8333333333333334
vt 0.8939393939393939 0.8314393939393939
vt 0.9621212121212122 0.8011363636363636
vt 0.9621212121212122 0.803030303030303
vt 0.8939393939393939 0.803030303030303
vt 0.8939393939393939 0.8011363636363636
vt 0.5681818181818182 0.31818181818181823
vt 0.5681818181818182 0.33333333333333337
vt 0.5 0.33333333333333337
vt 0.5 0.31818181818181823
vt 0.7348484848484849 0.5454545454545454
vt 0.7348484848484849 0.5606060606060606
vt 0.6666666666666666 0.5606060606060606
vt 0.6666666666666666 0.5454545454545454
vt 0.2897727272727273 0.0757575757575758
vt 0.2897727272727273 0.09090909090909094
vt 0.2878787878787879 0.09090909090909094
vt 0.2878787878787879 0.0757575757575758
vt 0.32007575757575757 0.0757575757575758
vt 0.32007575757575757 0.09090909090909094
vt 0.3181818181818182 0.09090909090909094
vt 0.3181818181818182 0.0757575757575758
vt 0.9621212121212122 0.8314393939393939
vt 0.9621212121212122 0.8333333333333334
vt 0.8939393939393939 0.8333333333333334
vt 0.8939393939393939 0.8314393939393939
vt 0.9621212121212122 0.8011363636363636
vt 0.9621212121212122 0.803030303030303
vt 0.8939393939393939 0.803030303030303
vt 0.8939393939393939 0.8011363636363636
vt 0.5681818181818182 0.31818181818181823
vt 0.5681818181818182 0.33333333333333337
vt 0.5 0.33333333333333337
vt 0.5 0.31818181818181823
vt 0.7348484848484849 0.5454545454545454
vt 0.7348484848484849 0.5606060606060606
vt 0.6666666666666666 0.5606060606060606
vt 0.6666666666666666 0.5454545454545454
vt 0.3503787878787879 0.0757575757575758
vt 0.3503787878787879 0.09090909090909094
vt 0.3484848484848485 0.09090909090909094
vt 0.3484848484848485 0.0757575757575758
vt 0.3806818181818182 0.0757575757575758
vt 0.3806818181818182 0.09090909090909094
vt 0.3787878787878788 0.09090909090909094
vt 0.3787878787878788 0.0757575757575758
vt 0.9621212121212122 0.7708333333333334
vt 0.9621212121212122 0.7727272727272727
vt 0.8939393939393939 0.7727272727272727
vt 0.8939393939393939 0.7708333333333334
vt 0.9621212121212122 0.740530303030303
vt 0.9621212121212122 0.7424242424242424
vt 0.8939393939393939 0.7424242424242424
vt 0.8939393939393939 0.740530303030303
vt 0.7348484848484849 0.4545454545454546
vt 0.7348484848484849 0.4696969696969697
vt 0.6666666666666666 0.4696969696969697
vt 0.6666666666666666 0.4545454545454546
vt 0.7348484848484849 0.48484848484848486
vt 0.7348484848484849 0.5
vt 0.6666666666666666 0.5
vt 0.6666666666666666 0.48484848484848486
vt 0.8958333333333334 0.6212121212121212
vt 0.8958333333333334 0.6818181818181819
vt 0.8939393939393939 0.6818181818181819
vt 0.8939393939393939 0.6212121212121212
vt 0.8958333333333334 0.4696969696969697
vt 0.8958333333333334 0.5303030303030303
vt 0.8939393939393939 0.5303030303030303
vt 0.8939393939393939 0.4696969696969697
vt 0.9848484848484849 0.9678030303030303
vt 0.9848484848484849 0.9696969696969697
vt 0.8787878787878788 0.9696969696969697
vt 0.8787878787878788 0.9678030303030303
vt 0.24242424242424243 0.11931818181818177
vt 0.24242424242424243 0.12121212121212122
vt 0.13636363636363635 0.12121212121212122
vt 0.13636363636363635 0.11931818181818177
vt 0.4696969696969697 0.7575757575757576
vt 0.4696969696969697 0.8181818181818181
vt 0.36363636363636365 0.8181818181818181
vt 0.36363636363636365 0.7575757575757576
vt 0.22727272727272727 0.6363636363636364
vt 0.22727272727272727 0.696969696969697
vt 0.12121212121212122 0.696969696969697
vt 0.12121212121212122 0.6363636363636364
vt 0.6401515151515151 0.08712121212121215
vt 0.6401515151515151 0.10606060606060608
vt 0.6363636363636364 0.10606060606060608
vt 0.6363636363636364 0.08712121212121215
vt 0.8522727272727273 0.08712121212121215
vt 0.8522727272727273 0.10606060606060608
vt 0.8484848484848485 0.10606060606060608
vt 0.8484848484848485 0.08712121212121215
vt 0.17803030303030304 0.08712121212121215
vt 0.17803030303030304 0.09090909090909094
vt 0.16666666666666666 0.09090909090909094
vt 0.16666666666666666 0.08712121212121215
vt 0.20833333333333334 0.08712121212121215
vt 0.20833333333333334 0.09090909090909094
vt 0.19696969696969696 0.09090909090909094
vt 0.19696969696969696 0.08712121212121215
vt 0.7234848484848485 0.11742424242424243
vt 0.7234848484848485 0.13636363636363635
vt 0.7121212121212122 0.13636363636363635
vt 0.7121212121212122 0.11742424242424243
vt 0.6931818181818182 0.11742424242424243
vt 0.6931818181818182 0.13636363636363635
vt 0.6818181818181818 0.13636363636363635
vt 0.6818181818181818 0.11742424242424243
vt 0.8977272727272727 0.13257575757575757
vt 0.8977272727272727 0.1515151515151515
vt 0.8939393939393939 0.1515151515151515
vt 0.8939393939393939 0.13257575757575757
vt 0.8825757575757576 0.08712121212121215
vt 0.8825757575757576 0.10606060606060608
vt 0.8787878787878788 0.10606060606060608
vt 0.8787878787878788 0.08712121212121215
vt 0.23863636363636365 0.08712121212121215
vt 0.23863636363636365 0.09090909090909094
vt 0.22727272727272727 0.09090909090909094
vt 0.22727272727272727 0.08712121212121215
vt 0.2689393939393939 0.08712121212121215
vt 0.2689393939393939 0.09090909090909094
vt 0.25757575757575757 0.09090909090909094
vt 0.25757575757575757 0.08712121212121215
vt 0.8295454545454546 0.11742424242424243
vt 0.8295454545454546 0.13636363636363635
vt 0.8181818181818182 0.13636363636363635
vt 0.8181818181818182 0.11742424242424243
vt 0.7992424242424242 0.11742424242424243
vt 0.7992424242424242 0.13636363636363635
vt 0.7878787878787878 0.13636363636363635
vt 0.7878787878787878 0.11742424242424243
vt 0.4109848484848485 0.0757575757575758
vt 0.4109848484848485 0.09090909090909094
vt 0.4090909090909091 0.09090909090909094
vt 0.4090909090909091 0.0757575757575758
vt 0.4412878787878788 0.0757575757575758
vt 0.4412878787878788 0.09090909090909094
vt 0.4393939393939394 0.09090909090909094
vt 0.4393939393939394 0.0757575757575758
vt 0.9545454545454546 0.30113636363636365
vt 0.9545454545454546 0.303030303030303
vt 0.8787878787878788 0.303030303030303
vt 0.8787878787878788 0.30113636363636365
vt 0.9545454545454546 0.27083333333333337
vt 0.9545454545454546 0.2727272727272727
vt 0.8787878787878788 0.2727272727272727
vt 0.8787878787878788 0.27083333333333337
vt 0.5757575757575758 0.3484848484848485
vt 0.5757575757575758 0.36363636363636365
vt 0.5 0.36363636363636365
vt 0.5 0.3484848484848485
vt 0.7121212121212122 0.5151515151515151
vt 0.7121212121212122 0.5303030303030303
vt 0.6363636363636364 0.5303030303030303
vt 0.6363636363636364 0.5151515151515151
vt 0.9109848484848485 0.5454545454545454
vt 0.9109848484848485 0.5606060606060606
vt 0.9090909090909091 0.5606060606060606
vt 0.9090909090909091 0.5454545454545454
vt 0.4715909090909091 0.0757575757575758
vt 0.4715909090909091 0.09090909090909094
vt 0.4696969696969697 0.09090909090909094
vt 0.4696969696969697 0.0757575757575758
vt 0.9545454545454546 0.24053030303030298
vt 0.9545454545454546 0.24242424242424243
vt 0.8787878787878788 0.24242424242424243
vt 0.8787878787878788 0.24053030303030298
vt 0.9545454545454546 0.2102272727272727
vt 0.9545454545454546 0.21212121212121215
vt 0.8787878787878788 0.21212121212121215
vt 0.8787878787878788 0.2102272727272727
vt 0.7272727272727273 0.8181818181818181
vt 0.7272727272727273 0.8333333333333334
vt 0.6515151515151515 0.8333333333333334
vt 0.6515151515151515 0.8181818181818181
vt 0.7272727272727273 0.8484848484848485
vt 0.7272727272727273 0.8636363636363636
vt 0.6515151515151515 0.8636363636363636
vt 0.6515151515151515 0.8484848484848485
vt 0.9109848484848485 0.43939393939393945
vt 0.9109848484848485 0.4545454545454546
vt 0.9090909090909091 0.4545454545454546
vt 0.9090909090909091 0.43939393939393945
vt 0.9109848484848485 0.40909090909090906
vt 0.9109848484848485 0.4242424242424242
vt 0.9090909090909091 0.4242424242424242
vt 0.9090909090909091 0.40909090909090906
vt 0.9545454545454546 0.17992424242424243
vt 0.9545454545454546 0.18181818181818177
vt 0.8787878787878788 0.18181818181818177
vt 0.8787878787878788 0.17992424242424243
vt 0.9696969696969697 0.9981060606060606
vt 0.9696969696969697 1
vt 0.8939393939393939 1
vt 0.8939393939393939 0.9981060606060606
vt 0.7272727272727273 0.7575757575757576
vt 0.7272727272727273 0.7727272727272727
vt 0.6515151515151515 0.7727272727272727
vt 0.6515151515151515 0.7575757575757576
vt 0.7272727272727273 0.7878787878787878
vt 0.7272727272727273 0.803030303030303
vt 0.6515151515151515 0.803030303030303
vt 0.6515151515151515 0.7878787878787878
vt 0.5757575757575758 0.803030303030303
vt 0.5757575757575758 0.8636363636363636
vt 0.5454545454545454 0.8636363636363636
vt 0.5454545454545454 0.803030303030303
vt 0.21212121212121213 0.3939393939393939
vt 0.21212121212121213 0.4545454545454546
vt 0.18181818181818182 0.4545454545454546
vt 0.18181818181818182 0.3939393939393939
vt 0.26515151515151514 0.3484848484848485
vt 0.26515151515151514 0.3787878787878788
vt 0.22727272727272727 0.3787878787878788
vt 0.22727272727272727 0.3484848484848485
vt 0.6893939393939394 0.3939393939393939
vt 0.6893939393939394 0.4242424242424242
vt 0.6515151515151515 0.4242424242424242
vt 0.6515151515151515 0.3939393939393939
vt 0.5378787878787878 0.4696969696969697
vt 0.5378787878787878 0.5303030303030303
vt 0.5 0.5303030303030303
vt 0.5 0.4696969696969697
vt 0.38636363636363635 0.43939393939393945
vt 0.38636363636363635 0.5
vt 0.3484848484848485 0.5
vt 0.3484848484848485 0.43939393939393945
vt 0.8920454545454546 0.8484848484848485
vt 0.8920454545454546 0.8636363636363636
vt 0.8787878787878788 0.8636363636363636
vt 0.8787878787878788 0.8484848484848485
vt 0.2708333333333333 0.10606060606060608
vt 0.2708333333333333 0.12121212121212122
vt 0.25757575757575757 0.12121212121212122
vt 0.25757575757575757 0.10606060606060608
vt 0.7878787878787878 0.9564393939393939
vt 0.7878787878787878 0.9696969696969697
vt 0.7272727272727273 0.9696969696969697
vt 0.7272727272727273 0.9564393939393939
vt 0.7878787878787878 0.5170454545454546
vt 0.7878787878787878 0.5303030303030303
vt 0.7272727272727273 0.5303030303030303
vt 0.7272727272727273 0.5170454545454546
vt 0.7878787878787878 0.9848484848484849
vt 0.7878787878787878 1
vt 0.7272727272727273 1
vt 0.7272727272727273 0.9848484848484849
vt 0.7575757575757576 0.3484848484848485
vt 0.7575757575757576 0.36363636363636365
vt 0.696969696969697 0.36363636363636365
vt 0.696969696969697 0.3484848484848485
vt 0.30113636363636365 0.10606060606060608
vt 0.30113636363636365 0.12121212121212122
vt 0.2878787878787879 0.12121212121212122
vt 0.2878787878787879 0.10606060606060608
vt 0.4071969696969697 0.10606060606060608
vt 0.4071969696969697 0.12121212121212122
vt 0.3939393939393939 0.12121212121212122
vt 0.3939393939393939 0.10606060606060608
vt 0.4393939393939394 0.10795454545454541
vt 0.4393939393939394 0.12121212121212122
vt 0.42424242424242425 0.12121212121212122
vt 0.42424242424242425 0.10795454545454541
vt 0.5 0.10795454545454541
vt 0.5 0.12121212121212122
vt 0.48484848484848486 0.12121212121212122
vt 0.48484848484848486 0.10795454545454541
vt 0.803030303030303 0.6666666666666667
vt 0.803030303030303 0.6818181818181819
vt 0.7878787878787878 0.6818181818181819
vt 0.7878787878787878 0.6666666666666667
vt 0.06060606060606061 0.4696969696969697
vt 0.06060606060606061 0.48484848484848486
vt 0.045454545454545456 0.48484848484848486
vt 0.045454545454545456 0.4696969696969697
vt 0.8920454545454546 0.43939393939393945
vt 0.8920454545454546 0.4545454545454546
vt 0.8787878787878788 0.4545454545454546
vt 0.8787878787878788 0.43939393939393945
vt 0.8920454545454546 0.40909090909090906
vt 0.8920454545454546 0.4242424242424242
vt 0.8787878787878788 0.4242424242424242
vt 0.8787878787878788 0.40909090909090906
vt 0.8939393939393939 0.38068181818181823
vt 0.8939393939393939 0.3939393939393939
vt 0.8787878787878788 0.3939393939393939
vt 0.8787878787878788 0.38068181818181823
vt 0.8939393939393939 0.32007575757575757
vt 0.8939393939393939 0.33333333333333337
vt 0.8787878787878788 0.33333333333333337
vt 0.8787878787878788 0.32007575757575757
vt 0.8787878787878788 0.4696969696969697
vt 0.8787878787878788 0.48484848484848486
vt 0.8636363636363636 0.48484848484848486
vt 0.8636363636363636 0.4696969696969697
vt 0.8484848484848485 0.5151515151515151
vt 0.8484848484848485 0.5303030303030303
vt 0.8333333333333334 0.5303030303030303
vt 0.8333333333333334 0.5151515151515151
vt 0.24242424242424243 0.18181818181818177
vt 0.24242424242424243 0.2272727272727273
vt 0.22727272727272727 0.2272727272727273
vt 0.22727272727272727 0.18181818181818177
vt 0.2727272727272727 0.18181818181818177
vt 0.2727272727272727 0.2272727272727273
vt 0.25757575757575757 0.2272727272727273
vt 0.25757575757575757 0.18181818181818177
vt 0.6420454545454546 0.4696969696969697
vt 0.6420454545454546 0.48484848484848486
vt 0.5606060606060606 0.48484848484848486
vt 0.5606060606060606 0.4696969696969697
vt 0.4147727272727273 0.3484848484848485
vt 0.4147727272727273 0.36363636363636365
vt 0.3333333333333333 0.36363636363636365
vt 0.3333333333333333 0.3484848484848485
vt 0.5208333333333334 0.5454545454545454
vt 0.5208333333333334 0.5909090909090908
vt 0.4393939393939394 0.5909090909090908
vt 0.4393939393939394 0.5454545454545454
vt 0.32386363636363635 0.5151515151515151
vt 0.32386363636363635 0.5606060606060606
vt 0.24242424242424243 0.5606060606060606
vt 0.24242424242424243 0.5151515151515151
vt 0.8352272727272727 0.4696969696969697
vt 0.8352272727272727 0.5
vt 0.8181818181818182 0.5
vt 0.8181818181818182 0.4696969696969697
vt 0.5473484848484849 0.1515151515151515
vt 0.5473484848484849 0.18181818181818177
vt 0.5303030303030303 0.18181818181818177
vt 0.5303030303030303 0.1515151515151515
vt 0.7784090909090909 0.8920454545454546
vt 0.7784090909090909 0.9090909090909091
vt 0.7272727272727273 0.9090909090909091
vt 0.7272727272727273 0.8920454545454546
vt 0.26325757575757575 0.25568181818181823
vt 0.26325757575757575 0.2727272727272727
vt 0.21212121212121213 0.2727272727272727
vt 0.21212121212121213 0.25568181818181823
vt 0.2784090909090909 0.3939393939393939
vt 0.2784090909090909 0.4242424242424242
vt 0.22727272727272727 0.4242424242424242
vt 0.22727272727272727 0.3939393939393939
vt 0.6117424242424242 0.5
vt 0.6117424242424242 0.5303030303030303
vt 0.5606060606060606 0.5303030303030303
vt 0.5606060606060606 0.5
vt 0.4810606060606061 0.15909090909090906
vt 0.4810606060606061 0.21212121212121215
vt 0.4696969696969697 0.21212121212121215
vt 0.4696969696969697 0.15909090909090906
vt 0.6022727272727273 0.15909090909090906
vt 0.6022727272727273 0.21212121212121215
vt 0.5909090909090909 0.21212121212121215
vt 0.5909090909090909 0.15909090909090906
vt 0.8674242424242424 0.125
vt 0.8674242424242424 0.13636363636363635
vt 0.8484848484848485 0.13636363636363635
vt 0.8484848484848485 0.125
vt 0.01893939393939394 0.10984848484848486
vt 0.01893939393939394 0.12121212121212122
vt 0 0.12121212121212122
vt 0 0.10984848484848486
vt 0.7310606060606061 0.38636363636363635
vt 0.7310606060606061 0.43939393939393945
vt 0.7121212121212122 0.43939393939393945
vt 0.7121212121212122 0.38636363636363635
vt 0.5643939393939394 0.25
vt 0.5643939393939394 0.303030303030303
vt 0.5454545454545454 0.303030303030303
vt 0.5454545454545454 0.25
vt 0.5189393939393939 0.07954545454545459
vt 0.5189393939393939 0.10606060606060608
vt 0.5151515151515151 0.10606060606060608
vt 0.5151515151515151 0.07954545454545459
vt 0.5492424242424242 0.07954545454545459
vt 0.5492424242424242 0.10606060606060608
vt 0.5454545454545454 0.10606060606060608
vt 0.5454545454545454 0.07954545454545459
vt 0.9242424242424242 0.9053030303030303
vt 0.9242424242424242 0.9090909090909091
vt 0.9090909090909091 0.9090909090909091
vt 0.9090909090909091 0.9053030303030303
vt 0.12121212121212122 0.08712121212121215
vt 0.12121212121212122 0.09090909090909094
vt 0.10606060606060606 0.09090909090909094
vt 0.10606060606060606 0.08712121212121215
vt 0.8484848484848485 0.7916666666666666
vt 0.8484848484848485 0.8181818181818181
vt 0.8333333333333334 0.8181818181818181
vt 0.8333333333333334 0.7916666666666666
vt 0.19696969696969696 0.14015151515151514
vt 0.19696969696969696 0.16666666666666663
vt 0.18181818181818182 0.16666666666666663
vt 0.18181818181818182 0.14015151515151514
vt 0.9128787878787878 0.865530303030303
vt 0.9128787878787878 0.8787878787878788
vt 0.9090909090909091 0.8787878787878788
vt 0.9090909090909091 0.865530303030303
vt 0.14015151515151514 0.07765151515151514
vt 0.14015151515151514 0.09090909090909094
vt 0.13636363636363635 0.09090909090909094
vt 0.13636363636363635 0.07765151515151514
vt 0.9166666666666666 0.39015151515151514
vt 0.9166666666666666 0.3939393939393939
vt 0.9090909090909091 0.3939393939393939
vt 0.9090909090909091 0.39015151515151514
vt 0.6742424242424242 0.08712121212121215
vt 0.6742424242424242 0.09090909090909094
vt 0.6666666666666666 0.09090909090909094
vt 0.6666666666666666 0.08712121212121215
vt 0.6136363636363636 0.09280303030303028
vt 0.6136363636363636 0.10606060606060608
vt 0.6060606060606061 0.10606060606060608
vt 0.6060606060606061 0.09280303030303028
vt 0.5833333333333334 0.09280303030303028
vt 0.5833333333333334 0.10606060606060608
vt 0.5757575757575758 0.10606060606060608
vt 0.5757575757575758 0.09280303030303028
vt 0.4810606060606061 0.15909090909090906
vt 0.4810606060606061 0.21212121212121215
vt 0.4696969696969697 0.21212121212121215
vt 0.4696969696969697 0.15909090909090906
vt 0.6022727272727273 0.15909090909090906
vt 0.6022727272727273 0.21212121212121215
vt 0.5909090909090909 0.21212121212121215
vt 0.5909090909090909 0.15909090909090906
vt 0.8674242424242424 0.125
vt 0.8674242424242424 0.13636363636363635
vt 0.8484848484848485 0.13636363636363635
vt 0.8484848484848485 0.125
vt 0.01893939393939394 0.10984848484848486
vt 0.01893939393939394 0.12121212121212122
vt 0 0.12121212121212122
vt 0 0.10984848484848486
vt 0.7310606060606061 0.38636363636363635
vt 0.7310606060606061 0.43939393939393945
vt 0.7121212121212122 0.43939393939393945
vt 0.7121212121212122 0.38636363636363635
vt 0.5643939393939394 0.25
vt 0.5643939393939394 0.303030303030303
vt 0.5454545454545454 0.303030303030303
vt 0.5454545454545454 0.25
vt 0.5189393939393939 0.07954545454545459
vt 0.5189393939393939 0.10606060606060608
vt 0.5151515151515151 0.10606060606060608
vt 0.5151515151515151 0.07954545454545459
vt 0.5492424242424242 0.07954545454545459
vt 0.5492424242424242 0.10606060606060608
vt 0.5454545454545454 0.10606060606060608
vt 0.5454545454545454 0.07954545454545459
vt 0.9242424242424242 0.9053030303030303
vt 0.9242424242424242 0.9090909090909091
vt 0.9090909090909091 0.9090909090909091
vt 0.9090909090909091 0.9053030303030303
vt 0.12121212121212122 0.08712121212121215
vt 0.12121212121212122 0.09090909090909094
vt 0.10606060606060606 0.09090909090909094
vt 0.10606060606060606 0.08712121212121215
vt 0.8484848484848485 0.7916666666666666
vt 0.8484848484848485 0.8181818181818181
vt 0.8333333333333334 0.8181818181818181
vt 0.8333333333333334 0.7916666666666666
vt 0.19696969696969696 0.14015151515151514
vt 0.19696969696969696 0.16666666666666663
vt 0.18181818181818182 0.16666666666666663
vt 0.18181818181818182 0.14015151515151514
vt 0.9128787878787878 0.865530303030303
vt 0.9128787878787878 0.8787878787878788
vt 0.9090909090909091 0.8787878787878788
vt 0.9090909090909091 0.865530303030303
vt 0.14015151515151514 0.07765151515151514
vt 0.14015151515151514 0.09090909090909094
vt 0.13636363636363635 0.09090909090909094
vt 0.13636363636363635 0.07765151515151514
vt 0.9166666666666666 0.39015151515151514
vt 0.9166666666666666 0.3939393939393939
vt 0.9090909090909091 0.3939393939393939
vt 0.9090909090909091 0.39015151515151514
vt 0.6742424242424242 0.08712121212121215
vt 0.6742424242424242 0.09090909090909094
vt 0.6666666666666666 0.09090909090909094
vt 0.6666666666666666 0.08712121212121215
vt 0.6136363636363636 0.09280303030303028
vt 0.6136363636363636 0.10606060606060608
vt 0.6060606060606061 0.10606060606060608
vt 0.6060606060606061 0.09280303030303028
vt 0.5833333333333334 0.09280303030303028
vt 0.5833333333333334 0.10606060606060608
vt 0.5757575757575758 0.10606060606060608
vt 0.5757575757575758 0.09280303030303028
vt 0.4810606060606061 0.15909090909090906
vt 0.4810606060606061 0.21212121212121215
vt 0.4696969696969697 0.21212121212121215
vt 0.4696969696969697 0.15909090909090906
vt 0.6022727272727273 0.15909090909090906
vt 0.6022727272727273 0.21212121212121215
vt 0.5909090909090909 0.21212121212121215
vt 0.5909090909090909 0.15909090909090906
vt 0.8674242424242424 0.125
vt 0.8674242424242424 0.13636363636363635
vt 0.8484848484848485 0.13636363636363635
vt 0.8484848484848485 0.125
vt 0.01893939393939394 0.10984848484848486
vt 0.01893939393939394 0.12121212121212122
vt 0 0.12121212121212122
vt 0 0.10984848484848486
vt 0.7310606060606061 0.38636363636363635
vt 0.7310606060606061 0.43939393939393945
vt 0.7121212121212122 0.43939393939393945
vt 0.7121212121212122 0.38636363636363635
vt 0.5643939393939394 0.25
vt 0.5643939393939394 0.303030303030303
vt 0.5454545454545454 0.303030303030303
vt 0.5454545454545454 0.25
vt 0.5189393939393939 0.07954545454545459
vt 0.5189393939393939 0.10606060606060608
vt 0.5151515151515151 0.10606060606060608
vt 0.5151515151515151 0.07954545454545459
vt 0.5492424242424242 0.07954545454545459
vt 0.5492424242424242 0.10606060606060608
vt 0.5454545454545454 0.10606060606060608
vt 0.5454545454545454 0.07954545454545459
vt 0.9242424242424242 0.9053030303030303
vt 0.9242424242424242 0.9090909090909091
vt 0.9090909090909091 0.9090909090909091
vt 0.9090909090909091 0.9053030303030303
vt 0.12121212121212122 0.08712121212121215
vt 0.12121212121212122 0.09090909090909094
vt 0.10606060606060606 0.09090909090909094
vt 0.10606060606060606 0.08712121212121215
vt 0.8484848484848485 0.7916666666666666
vt 0.8484848484848485 0.8181818181818181
vt 0.8333333333333334 0.8181818181818181
vt 0.8333333333333334 0.7916666666666666
vt 0.19696969696969696 0.14015151515151514
vt 0.19696969696969696 0.16666666666666663
vt 0.18181818181818182 0.16666666666666663
vt 0.18181818181818182 0.14015151515151514
vt 0.9128787878787878 0.865530303030303
vt 0.9128787878787878 0.8787878787878788
vt 0.9090909090909091 0.8787878787878788
vt 0.9090909090909091 0.865530303030303
vt 0.14015151515151514 0.07765151515151514
vt 0.14015151515151514 0.09090909090909094
vt 0.13636363636363635 0.09090909090909094
vt 0.13636363636363635 0.07765151515151514
vt 0.9166666666666666 0.39015151515151514
vt 0.9166666666666666 0.3939393939393939
vt 0.9090909090909091 0.3939393939393939
vt 0.9090909090909091 0.39015151515151514
vt 0.6742424242424242 0.08712121212121215
vt 0.6742424242424242 0.09090909090909094
vt 0.6666666666666666 0.09090909090909094
vt 0.6666666666666666 0.08712121212121215
vt 0.6136363636363636 0.09280303030303028
vt 0.6136363636363636 0.10606060606060608
vt 0.6060606060606061 0.10606060606060608
vt 0.6060606060606061 0.09280303030303028
vt 0.5833333333333334 0.09280303030303028
vt 0.5833333333333334 0.10606060606060608
vt 0.5757575757575758 0.10606060606060608
vt 0.5757575757575758 0.09280303030303028
vn 1 2.220446049250313e-16 0
vn 1 2.220446049250313e-16 0
vn 0.49950965711985074 0.2548100718965772 -0.8279866724193516
vn 0.026176948307873378 0.21636544548810693 -0.9759614548618301
vn 0.009106477536873894 -0.1562347155091959 0.9876779767397019
vn 0.017901670131636165 -0.2233950379385644 0.9745635880900361
vn -0.10671392272313575 0.2230986818216182 -0.96893710676519
vn -0.028078952618868752 0.15501181095837704 0.9875134990891172
vn 0.10671392272313565 0.2230986818216182 -0.96893710676519
vn 0.028078952618868665 0.15501181095837704 0.9875134990891172
vn -0.9914448613738106 -0.002277996157334904 0.13050631244875857
vn 0.9914448613738106 -0.0022779961573348947 0.13050631244875857
vn 0.9935718556765876 1.1634112581838134e-17 -0.11320321376790606
vn -0.9935718556765876 -1.2977486479902343e-17 0.11320321376790662
vn -2.220446049250313e-16 1 0
vn 2.220446049250313e-16 -1 0
vn 0.11320321376790676 1.4785978163140543e-18 0.9935718556765876
vn -0.11320321376790689 9.867318197237506e-19 -0.9935718556765875
vn 0.9816271828972705 0.02490561419139367 0.18917659521969998
vn -0.9816271828972705 -0.024905614191393494 -0.1891765952197
vn -2.6197889007247196e-8 0.9914448498392859 -0.13052627983343196
vn 2.6197886701399367e-8 -0.991444849839286 0.1305262798334315
vn -0.19080899820807257 0.12812813941092502 0.9732292155982198
vn 0.1908089982080726 -0.12812813941092507 -0.9732292155982198
vn -0.9816271834476641 -1.2821471772488599e-17 -0.19080899537654486
vn 0.9816271834476641 8.981862555807679e-18 0.19080899537654464
vn -2.220446049250313e-16 1 0
vn 2.220446049250313e-16 -1 0
vn -0.19080899537654508 -7.53758173177704e-18 0.9816271834476641
vn 0.1908089953765448 2.492241646736862e-18 -0.9816271834476641
vn 0.984348429652127 -0.17364817766693075 0.030074564574498586
vn -0.9843484296521272 0.1736481776669303 -0.030074564574499172
vn 0.17356718656567935 0.9848077530122079 0.005302957167543109
vn -0.17356718656567743 -0.9848077530122082 -0.005302957167543192
vn -0.030538513209822794 -6.387809622425248e-17 0.999533590836713
vn 0.030538513209822777 -1.0424139036184286e-16 -0.9995335908367131
vn 0.999533590836713 4.430535734661085e-17 0.030538513209823027
vn -0.999533590836713 4.4388208257327147e-17 -0.03053851320982247
vn -2.220446049250313e-16 1 0
vn 2.220446049250313e-16 -1 0
vn -0.030538513209822545 -1.3561824201345797e-18 0.9995335908367131
vn 0.03053851320982253 -2.7352852532570197e-18 -0.999533590836713
vn 0.984348429652127 -0.173648177666931 0.030074564574498586
vn -0.9843484296521272 0.17364817766693041 -0.03007456457449899
vn 0.17356718656567932 0.9848077530122079 0.005302957167543108
vn -0.17356718656567746 -0.9848077530122082 -0.005302957167543231
vn -0.03053851320982279 -5.753396465496586e-17 0.999533590836713
vn 0.030538513209822763 -1.1058552193112942e-16 -0.999533590836713
vn 0.999533590836713 2.2194104128663583e-16 0.030538513209823027
vn -0.999533590836713 -2.2194104128663583e-16 -0.030538513209823027
vn -2.220446049250313e-16 1 0
vn 2.220446049250313e-16 -1 0
vn -0.030538513209822534 -6.780912100672894e-18 0.999533590836713
vn 0.030538513209822534 -2.7352852532570267e-18 -0.999533590836713
vn 0.984348429652127 -0.17364817766693066 0.030074564574499023
vn -0.9843484296521272 0.17364817766693022 -0.03007456457449899
vn 0.17356718656567938 0.9848077530122079 0.005302957167543174
vn -0.1735671865656775 -0.9848077530122082 -0.005302957167543193
vn -0.0305385132098228 -6.546412911657415e-17 0.999533590836713
vn 0.03053851320982277 -1.0741345614648613e-16 -0.999533590836713
vn 0.999533590836713 4.430535734661085e-17 0.030538513209822583
vn -0.999533590836713 1.331646247719815e-16 -0.030538513209822583
vn -2.220446049250313e-16 1 0
vn 2.220446049250313e-16 -1 0
vn -0.030538513209822538 -1.356182420134579e-18 0.9995335908367131
vn 0.030538513209822538 3.6088463160295904e-18 -0.9995335908367131
vn 1 -1.519252560013371e-16 0
vn -1 1.5192525600133734e-16 0
vn -2.220446049250313e-16 1 0
vn -2.1928628685142833e-16 -1 0
vn 0 0 1
vn 0 0 -1
vn 2.220446049250313e-16 -1 0
vn -2.220446049250313e-16 1 0
vn 0.9876883405951378 -4.6520487019259315e-17 -0.15643446504023087
vn -0.9876883405951378 4.703051479366949e-17 0.15643446504023087
vn 0.15643446504023084 -1.1668877162915167e-17 0.9876883405951378
vn -0.1564344650402308 7.368121300170243e-18 -0.9876883405951378
vn 2.220446049250313e-16 -1 0
vn -2.220446049250313e-16 1 0
vn 0.9876883405951374 1.9452997840741021e-16 -0.1564344650402325
vn -0.9876883405951379 -2.1931086737650715e-16 0.15643446504023112
vn 0.15643446504023112 3.473542898651674e-17 0.9876883405951379
vn -0.1564344650402312 -3.0810521756401875e-17 -0.9876883405951379
vn 0.20535195289412644 -0.9781476007338047 -0.03252455412868707
vn -0.20535195289412622 0.9781476007338048 0.032524554128686746
vn 0.9661049806258876 0.20791169081775948 -0.15301599665117988
vn -0.9661049806258879 -0.2079116908177596 0.153015996651178
vn 0.15643446504023203 3.0127598854865673e-16 0.9876883405951377
vn -0.1564344650402296 2.2636552731925356e-16 -0.987688340595138
vn 0.23352839201485007 -0.001985087574229384 -0.9723479570350735
vn -0.37895918350757213 0.13917310096006577 -0.914888400409817
vn 0.3789591835075729 -0.139173100960066 0.9148884004098167
vn 0.053259239968290094 0.9902680687415705 0.12857917945312997
vn -0.053259239968291024 -0.9902680687415703 -0.12857917945313213
vn 0.9238795325112867 -1.0710775988103439e-16 -0.3826834323650899
vn -0.9238795325112868 9.554293670785513e-17 0.3826834323650899
vn -0.007026586276073847 -0.9761314007363847 -0.2170670762269777
vn 0.007026586276074703 0.9761314007363847 0.2170670762269777
vn 0.9999679881609355 -0.0076898553454690455 0.0022110581487058416
vn -0.9999679881609355 0.007689855345469052 -0.002211058148705877
vn -0.0038274977042550623 -0.2170445913198216 0.9761541864071145
vn 0.003827497704254979 0.21704459131982165 -0.9761541864071145
vn 1 8.950085181684985e-17 -2.3135598163332888e-18
vn -1 -2.322897526275899e-17 3.470339724499935e-18
vn -2.2201078645620406e-16 0.9998476951563914 0.01745240643728608
vn 2.2201078645620404e-16 -0.9998476951563913 -0.017452406437282516
vn 3.875212692357687e-18 -0.017452406437283494 0.9998476951563913
vn -3.875212692357699e-18 0.01745240643728355 -0.9998476951563913
vn 1 7.881183946941581e-17 -2.5001372208757875e-18
vn -1 -7.195456741608061e-18 3.750205831313936e-18
vn -2.2201078645620404e-16 0.9998476951563913 0.017452406437282523
vn 2.2201078645620404e-16 -0.9998476951563913 -0.01745240643728254
vn 3.875212692357687e-18 -0.017452406437283494 0.9998476951563913
vn -3.875212692357655e-18 0.017452406437283352 -0.9998476951563913
vn 1 1.5522943105306597e-17 -3.6048490161461664e-18
vn -1 3.6107472349624495e-17 4.506061270182969e-18
vn -2.2201078645620404e-16 0.9998476951563913 0.01745240643728098
vn 2.2201078645620404e-16 -0.9998476951563913 -0.017452406437286055
vn 3.875212692357685e-18 -0.017452406437283487 0.9998476951563913
vn -3.875212692357687e-18 0.017452406437283494 -0.9998476951563913
vn 1 3.0418389881946624e-18 -1.147744861959325e-17
vn -1 -3.041838988194687e-18 1.1477448619593249e-17
vn -2.2174030051104722e-16 0.998629534754574 0.05233595624294376
vn 2.2174030051104722e-16 -0.998629534754574 -0.05233595624294374
vn 1.1620916727338185e-17 -0.052335956242943814 0.998629534754574
vn -1.162091672733819e-17 0.052335956242943835 -0.998629534754574
vn 1 -4.020220245195639e-17 -6.054444604757922e-17
vn -1 4.020220245195644e-17 6.054444604757922e-17
vn -2.1635361608601472e-16 0.9743700647852352 0.22495105434386534
vn 2.1635361608601475e-16 -0.9743700647852354 -0.2249510543438653
vn 4.9949167989252734e-17 -0.22495105434386492 0.9743700647852352
vn -4.9949167989252746e-17 0.22495105434386498 -0.9743700647852352
vn 1 -3.1372881373308356e-17 1.3281047688386939e-17
vn -1 3.137288137330806e-17 -1.3281047688386923e-17
vn -2.2174030051104717e-16 0.9986295347545738 -0.05233595624294554
vn 2.2174030051104724e-16 -0.9986295347545742 0.05233595624294196
vn -1.1620916727338217e-17 0.05233595624294396 0.998629534754574
vn 1.1620916727338173e-17 -0.05233595624294376 -0.998629534754574
vn 0.9574817175661281 0.2801217360382816 0.06899690953598411
vn -0.9574817175661278 -0.28012173603828294 -0.06899690953598347
vn 0.0027991353978150816 0.23013071335684382 -0.9731557016279023
vn -0.0027991353978146748 -0.2301307133568438 0.9731557016279024
vn -0.2884803725864935 0.9319719243457766 0.219561852022586
vn 0.28848037258649384 -0.9319719243457762 -0.219561852022588
vn 0.9579455165477693 0.2742684364849665 0.08436357077625034
vn -0.9579455165477693 -0.27426843648496707 -0.08436357077625065
vn -0.13180308673105343 0.1594095760361911 0.9783744341488736
vn 0.1318030867310533 -0.1594095760361908 -0.9783744341488735
vn 0.25488886530053445 -0.9483487817338376 0.18885511518026837
vn -0.25488886530053484 0.948348781733838 -0.18885511518026582
vn 0.9579455165477694 0.27426843648496646 0.08436357077625
vn -0.9579455165477694 -0.2742684364849669 -0.08436357077624991
vn -0.13180308673105356 0.1594095760361903 0.9783744341488737
vn 0.13180308673105356 -0.15940957603619066 -0.9783744341488735
vn 0.2548888653005344 -0.9483487817338374 0.18885511518026835
vn -0.25488886530053434 0.9483487817338374 -0.18885511518026837
vn 0.9579455165477695 0.27426843648496624 0.08436357077625019
vn -0.9579455165477693 -0.27426843648496696 -0.08436357077624992
vn -0.13180308673105337 0.15940957603619085 0.9783744341488735
vn 0.13180308673105343 -0.1594095760361906 -0.9783744341488735
vn 0.2548888653005338 -0.9483487817338376 0.18885511518026807
vn -0.25488886530053384 0.9483487817338377 -0.1888551151802681
vn 0.9574817175661279 -0.2801217360382822 -0.0689969095359846
vn -0.9574817175661279 0.2801217360382824 0.068996909535984
vn -0.0027991353978149376 0.2301307133568446 -0.9731557016279022
vn 0.0027991353978147784 -0.23013071335684376 0.9731557016279024
vn 0.28848037258649323 0.9319719243457768 0.2195618520225861
vn -0.28848037258649334 -0.9319719243457762 -0.21956185202258827
vn 0.9579455165477694 -0.2742684364849665 -0.08436357077625066
vn -0.9579455165477694 0.2742684364849671 0.08436357077624977
vn 0.1318030867310534 0.15940957603619108 0.9783744341488735
vn -0.1318030867310532 -0.15940957603619074 -0.9783744341488735
vn -0.25488886530053434 -0.9483487817338381 0.18885511518026576
vn 0.25488886530053406 0.9483487817338375 -0.1888551151802686
vn 0.9579455165477694 -0.27426843648496646 -0.08436357077625016
vn -0.9579455165477694 0.2742684364849665 0.08436357077624987
vn 0.1318030867310531 0.15940957603618996 0.9783744341488737
vn -0.13180308673105337 -0.15940957603619066 -0.9783744341488735
vn -0.25488886530053334 -0.9483487817338379 0.188855115180268
vn 0.2548888653005334 0.9483487817338379 -0.188855115180268
vn 0.9579455165477694 -0.2742684364849664 -0.08436357077624992
vn -0.9579455165477694 0.2742684364849663 0.08436357077624994
vn 0.1318030867310537 0.15940957603619102 0.9783744341488736
vn -0.1318030867310535 -0.15940957603619066 -0.9783744341488735
vn -0.25488886530053406 -0.9483487817338376 0.18885511518026826
vn 0.25488886530053395 0.9483487817338376 -0.1888551151802683
vn 0.8703556959398997 -0.008593976110219762 0.49234856161015633
vn -0.8703556959398998 0.008593976110219953 -0.49234856161015633
vn 1.797602235981835e-15 0.9998476951563914 0.017452406437284344
vn 3.517624610821116e-16 -0.9998476951563913 -0.017452406437282138
vn -0.49242356010346733 -0.015189801350547679 0.8702231365517457
vn 0.49242356010346733 0.015189801350547772 -0.8702231365517455
vn 0.8703556959398999 0.00859397611021976 -0.4923485616101562
vn -0.8703556959398999 -0.00859397611021976 0.4923485616101562
vn -2.241623808894244e-15 0.9998476951563914 0.017452406437284344
vn -7.708715932898716e-16 -0.9998476951563913 -0.017452406437283647
vn 0.49242356010346733 -0.015189801350547781 0.8702231365517455
vn -0.49242356010346733 0.015189801350547793 -0.8702231365517455
vn 1 2.220446049250313e-16 0
vn -1 -2.220446049250313e-16 0
vn -2.2201078645620406e-16 0.9998476951563914 0.0174524064372862
vn 2.2201078645620401e-16 -0.9998476951563912 -0.017452406437286277
vn 3.875212692357771e-18 -0.017452406437283872 0.9998476951563914
vn -3.875212692357672e-18 0.01745240643728343 -0.9998476951563914
vn 1 -2.1066262724699596e-16 -9.98983359785106e-17
vn -1 2.106626272469976e-16 9.989833597851097e-17
vn -2.163536160860141e-16 0.9743700647852325 0.22495105434387694
vn 2.1635361608601583e-16 -0.9743700647852402 -0.22495105434384322
vn 4.9949167989252814e-17 -0.22495105434386528 0.9743700647852354
vn -4.9949167989252635e-17 0.22495105434386448 -0.9743700647852354
vn 1 2.220446049250313e-16 0
vn -1 -2.220446049250313e-16 0
vn -2.1635361608601588e-16 0.9743700647852405 0.22495105434384224
vn 2.163536160860141e-16 -0.9743700647852325 -0.22495105434387694
vn 4.994916798925272e-17 -0.22495105434386486 0.9743700647852352
vn -4.9949167989252814e-17 0.22495105434386528 -0.9743700647852354
vn 1 -2.2197696798737564e-16 -7.750425384716555e-18
vn -1 2.2197696798737559e-16 7.750425384716554e-18
vn -2.2201078645620406e-16 0.9998476951563914 0.0174524064372862
vn 2.2201078645620406e-16 -0.9998476951563914 -0.0174524064372862
vn 3.875212692357659e-18 -0.01745240643728337 0.9998476951563914
vn -3.8752126923576574e-18 0.017452406437283362 -0.9998476951563914
vn 1 2.220446049250313e-16 0
vn -1 -3.381846882707201e-20 3.8752126923582914e-18
vn -2.2201078645620406e-16 0.9998476951563914 0.0174524064372862
vn 2.2201078645620406e-16 -0.9998476951563914 -0.0174524064372862
vn 3.875212692357697e-18 -0.01745240643728354 0.9998476951563913
vn -3.875212692357697e-18 0.01745240643728354 -0.9998476951563914
vn 1 2.220446049250313e-16 0
vn -1 -2.220446049250313e-16 0
vn -2.2201078645620406e-16 0.9998476951563914 0.017452406437286096
vn 2.2201078645620406e-16 -0.9998476951563914 -0.017452406437286096
vn 3.8752126923576836e-18 -0.01745240643728348 0.9998476951563914
vn -3.8752126923576836e-18 0.01745240643728348 -0.9998476951563914
vn 1 2.220446049250313e-16 0
vn -1 -2.220446049250313e-16 0
vn -2.2201078645620406e-16 0.9998476951563914 0.017452406437286096
vn 2.2201078645620406e-16 -0.9998476951563914 -0.017452406437286096
vn 3.8752126923576836e-18 -0.01745240643728348 0.9998476951563914
vn -3.8752126923576836e-18 0.01745240643728348 -0.9998476951563914
vn 1 2.220446049250313e-16 0
vn -1 -2.220446049250313e-16 0
vn -2.2201078645620419e-16 0.9998476951563919 0.01745240643725045
vn 2.2201078645620416e-16 -0.9998476951563918 -0.017452406437250604
vn 3.8752126923578685e-18 -0.017452406437284313 0.9998476951563913
vn -3.875212692357671e-18 0.017452406437283425 -0.9998476951563913
vn 1 2.220446049250313e-16 0
vn -1 -2.220446049250313e-16 0
vn -2.217403005110473e-16 0.9986295347545744 -0.05233595624293524
vn 2.217403005110473e-16 -0.9986295347545744 0.05233595624293477
vn -1.162091672733836e-17 0.052335956242944605 0.9986295347545738
vn 1.1620916727338167e-17 -0.05233595624294373 -0.998629534754574
vn 1 -2.2143599609706308e-16 2.3241833454672552e-17
vn -1 2.2143599609706313e-16 -2.3241833454672555e-17
vn -2.217403005110473e-16 0.9986295347545744 -0.05233595624293524
vn 2.217403005110473e-16 -0.9986295347545744 0.05233595624293524
vn -1.1620916727338167e-17 0.05233595624294373 0.998629534754574
vn 1.1620916727338167e-17 -0.05233595624294373 -0.998629534754574
vn -0.40529593406447606 0.12664844515612733 -0.9053702983698657
vn 0.40529593406447595 -0.1266484451561273 0.9053702983698656
vn 0.022665383238185174 0.9914449286914973 0.12854273131755858
vn -0.02266538323818544 -0.9914449286914974 -0.12854273131755928
vn 0.9139045279642016 0.03157728157152605 -0.40469913399349217
vn -0.9139045279642016 -0.03157728157152589 0.40469913399349217
vn 1 -2.1716666836453973e-16 -6.564056459695155e-17
vn -1 -2.438968280245814e-18 3.282028229847577e-17
vn -2.1960563664478562e-16 0.989015863361917 0.14780941112961005
vn 2.1960563664478562e-16 -0.989015863361917 -0.1478094111296102
vn 3.282028229847596e-17 -0.14780941112961082 0.9890158633619169
vn -3.282028229847577e-17 0.14780941112960996 -0.989015863361917
vn 0.707106781186548 -0.699339823684279 -0.10451703693293761
vn -0.707106781186548 0.699339823684279 0.10451703693293742
vn 0.7071067811865477 0.6993398236842794 0.10451703693293764
vn -0.7071067811865476 -0.6993398236842794 -0.1045170369329376
vn 3.3813161407039343e-16 -0.14780941112961016 0.9890158633619168
vn -3.282028229847588e-17 0.14780941112961046 -0.9890158633619169
vn 0.7071067811865471 -0.6993398236842797 -0.10451703693293775
vn -0.7071067811865479 0.699339823684279 0.10451703693293767
vn 0.7071067811865481 0.6993398236842789 0.10451703693293758
vn -0.7071067811865478 -0.699339823684279 -0.10451703693293894
vn 3.3813161407039363e-16 -0.14780941112961016 0.9890158633619168
vn -3.282028229847588e-17 0.14780941112961046 -0.9890158633619169
vn 1 -7.076291060134951e-17 -4.376037639796799e-17
vn -1 7.076291060134951e-17 4.376037639796799e-17
vn -2.1960563664478557e-16 0.9890158633619168 0.14780941112961096
vn 2.1960563664478557e-16 -0.9890158633619168 -0.14780941112961096
vn 3.282028229847591e-17 -0.1478094111296106 0.9890158633619168
vn -3.282028229847592e-17 0.14780941112961063 -0.9890158633619168
vn 1 2.220446049250313e-16 0
vn -1 -2.4389682802457895e-18 3.282028229847572e-17
vn -2.1960563664478562e-16 0.989015863361917 0.1478094111296098
vn 2.1960563664478557e-16 -0.9890158633619168 -0.1478094111296114
vn 3.2820282298475856e-17 -0.14780941112961035 0.9890158633619168
vn -3.282028229847589e-17 0.1478094111296105 -0.9890158633619169
vn 0.9998225755601333 -0.005078218788479152 0.018139159138117325
vn -0.9998225755601334 0.00507821878847916 -0.018139159138117946
vn 0.004718610703972726 0.9997925675561391 0.01981304046650721
vn -0.004718610703974261 -0.9997925675561391 -0.01981304046650487
vn -0.018236011442362546 -0.019723933518427533 0.9996391420573901
vn 0.018236011442362494 0.019723933518427276 -0.9996391420573901
vn 0.9996246914380938 -0.005402525441422571 0.026856823828413527
vn -0.9996246914380941 0.0054025254414226545 -0.026856823828409086
vn 0.004399787964509288 0.9992960574950727 0.03725629263187337
vn -0.004399787964509052 -0.9992960574950723 -0.03725629263188224
vn -0.027039196237369664 -0.03712414569602584 0.9989447830952307
vn 0.027039196237369632 0.03712414569602586 -0.9989447830952307
vn 0.9999418227293561 -0.007202549238619827 0.008029597820478537
vn -0.9999418227293561 0.007202549238619286 -0.008029597820477075
vn 0.006857651674362072 0.9990863484340256 0.04218342075126236
vn -0.006857651674362121 -0.9990863484340259 -0.04218342075125643
vn -0.008326089730867839 -0.042125902450033205 0.9990776168909821
vn 0.008326089730867823 0.04212590245003312 -0.9990776168909822
vn 0.9998225755601333 -0.0050782187884790995 0.01813915913811792
vn -0.9998225755601334 0.0050782187884791325 -0.018139159138117943
vn 0.0047186107039727246 0.9997925675561392 0.019813040466507215
vn -0.004718610703974244 -0.9997925675561391 -0.01981304046650487
vn -0.018236011442362546 -0.019723933518427533 0.9996391420573901
vn 0.01823601144236248 0.019723933518427533 -0.9996391420573901
vn 0.999624691438094 -0.005402525441422567 0.02685682382841341
vn -0.9996246914380941 0.005402525441422591 -0.026856823828409086
vn 0.004399787964509297 0.9992960574950728 0.03725629263187321
vn -0.004399787964509054 -0.9992960574950723 -0.03725629263188224
vn -0.027039196237370552 -0.03712414569602633 0.9989447830952305
vn 0.027039196237369643 0.037124145696025866 -0.9989447830952307
vn 0.9999418227293561 -0.007202549238619549 0.008029597820477807
vn -0.9999418227293561 0.007202549238619532 -0.008029597820477068
vn 0.006857651674362069 0.9990863484340256 0.04218342075126236
vn -0.006857651674362118 -0.9990863484340259 -0.042183420751256445
vn -0.008326089730867832 -0.0421259024500332 0.9990776168909821
vn 0.00832608973086782 0.042125902450033115 -0.9990776168909821
vn 0.9998225755601333 -0.005078218788479176 0.01813915913811851
vn -0.9998225755601334 0.005078218788479165 -0.018139159138117946
vn 0.00471861070397272 0.9997925675561391 0.019813040466507212
vn -0.004718610703974243 -0.9997925675561391 -0.019813040466504873
vn -0.01823601144236254 -0.019723933518427533 0.9996391420573901
vn 0.018236011442362466 0.019723933518427533 -0.9996391420573901
vn 0.9996246914380938 -0.005402525441422571 0.026856823828413527
vn -0.9996246914380941 0.0054025254414226545 -0.026856823828409086
vn 0.004399787964509288 0.9992960574950727 0.03725629263187337
vn -0.004399787964509052 -0.9992960574950723 -0.03725629263188224
vn -0.027039196237369664 -0.03712414569602584 0.9989447830952307
vn 0.027039196237369632 0.03712414569602586 -0.9989447830952307
vn 0.9999418227293561 -0.007202549238619271 0.008029597820477078
vn -0.9999418227293561 0.007202549238619286 -0.008029597820477075
vn 0.006857651674362072 0.9990863484340256 0.04218342075126235
vn -0.006857651674362122 -0.9990863484340259 -0.042183420751256445
vn -0.008326089730867832 -0.0421259024500332 0.9990776168909821
vn 0.008326089730867823 0.04212590245003312 -0.9990776168909822
usemtl m_f9399482-807b-fad6-1fff-afd78875da89
f 1/1/1 2/2/1 4/3/1 3/4/1
f 5/5/2 6/6/2 8/7/2 7/8/2
f 9/9/3 10/10/3 12/11/3 11/12/3
f 13/13/4 14/14/4 16/15/4 15/16/4
f 17/17/5 18/18/5 20/19/5 19/20/5
f 21/21/6 22/22/6 24/23/6 23/24/6
f 25/25/7 26/26/7 28/27/7 27/28/7
f 29/29/8 30/30/8 32/31/8 31/32/8
f 36/33/9 34/34/9 33/35/9 35/36/9
f 40/37/10 38/38/10 37/39/10 39/40/10
f 41/41/11 42/42/11 44/43/11 43/44/11
f 48/45/12 46/46/12 45/47/12 47/48/12
f 50/49/13 49/50/13 51/51/13 52/52/13
f 55/53/14 53/54/14 54/55/14 56/56/14
f 53/57/15 49/58/15 50/59/15 54/60/15
f 52/61/16 51/62/16 55/63/16 56/64/16
f 51/65/17 49/66/17 53/67/17 55/68/17
f 54/69/18 50/70/18 52/71/18 56/72/18
f 58/73/19 57/74/19 59/75/19 60/76/19
f 63/77/20 61/78/20 62/79/20 64/80/20
f 61/81/21 57/82/21 58/83/21 62/84/21
f 60/85/22 59/86/22 63/87/22 64/88/22
f 59/89/23 57/90/23 61/91/23 63/92/23
f 62/93/24 58/94/24 60/95/24 64/96/24
f 67/97/25 65/98/25 66/99/25 68/100/25
f 70/101/26 69/102/26 71/103/26 72/104/26
f 66/105/27 65/106/27 69/107/27 70/108/27
f 71/109/28 67/110/28 68/111/28 72/112/28
f 69/113/29 65/114/29 67/115/29 71/116/29
f 68/117/30 66/118/30 70/119/30 72/120/30
f 74/121/31 73/122/31 75/123/31 76/124/31
f 79/125/32 77/126/32 78/127/32 80/128/32
f 77/129/33 73/130/33 74/131/33 78/132/33
f 76/133/34 75/134/34 79/135/34 80/136/34
f 75/137/35 73/138/35 77/139/35 79/140/35
f 78/141/36 74/142/36 76/143/36 80/144/36
f 82/145/37 81/146/37 83/147/37 84/148/37
f 87/149/38 85/150/38 86/151/38 88/152/38
f 85/153/39 81/154/39 82/155/39 86/156/39
f 84/157/40 83/158/40 87/159/40 88/160/40
f 83/161/41 81/162/41 85/163/41 87/164/41
f 86/165/42 82/166/42 84/167/42 88/168/42
f 90/169/43 89/170/43 91/171/43 92/172/43
f 95/173/44 93/174/44 94/175/44 96/176/44
f 93/177/45 89/178/45 90/179/45 94/180/45
f 92/181/46 91/182/46 95/183/46 96/184/46
f 91/185/47 89/186/47 93/187/47 95/188/47
f 94/189/48 90/190/48 92/191/48 96/192/48
f 98/193/49 97/194/49 99/195/49 100/196/49
f 103/197/50 101/198/50 102/199/50 104/200/50
f 101/201/51 97/202/51 98/203/51 102/204/51
f 100/205/52 99/206/52 103/207/52 104/208/52
f 99/209/53 97/210/53 101/211/53 103/212/53
f 102/213/54 98/214/54 100/215/54 104/216/54
f 106/217/55 105/218/55 107/219/55 108/220/55
f 111/221/56 109/222/56 110/223/56 112/224/56
f 109/225/57 105/226/57 106/227/57 110/228/57
f 108/229/58 107/230/58 111/231/58 112/232/58
f 107/233/59 105/234/59 109/235/59 111/236/59
f 110/237/60 106/238/60 108/239/60 112/240/60
f 114/241/61 113/242/61 115/243/61 116/244/61
f 119/245/62 117/246/62 118/247/62 120/248/62
f 117/249/63 113/250/63 114/251/63 118/252/63
f 116/253/64 115/254/64 119/255/64 120/256/64
f 115/257/65 113/258/65 117/259/65 119/260/65
f 118/261/66 114/262/66 116/263/66 120/264/66
f 122/265/67 121/266/67 123/267/67 124/268/67
f 127/269/68 125/270/68 126/271/68 128/272/68
f 125/273/69 121/274/69 122/275/69 126/276/69
f 124/277/70 123/278/70 127/279/70 128/280/70
f 123/281/71 121/282/71 125/283/71 127/284/71
f 126/285/72 122/286/72 124/287/72 128/288/72
f 130/289/73 129/290/73 131/291/73 132/292/73
f 135/293/74 133/294/74 134/295/74 136/296/74
f 133/297/75 129/298/75 130/299/75 134/300/75
f 132/301/76 131/302/76 135/303/76 136/304/76
f 131/305/77 129/306/77 133/307/77 135/308/77
f 134/309/78 130/310/78 132/311/78 136/312/78
f 138/313/79 137/314/79 139/315/79 140/316/79
f 143/317/80 141/318/80 142/319/80 144/320/80
f 141/321/81 137/322/81 138/323/81 142/324/81
f 140/325/82 139/326/82 143/327/82 144/328/82
f 139/329/83 137/330/83 141/331/83 143/332/83
f 142/333/84 138/334/84 140/335/84 144/336/84
f 146/337/85 145/338/85 147/339/85 148/340/85
f 151/341/86 149/342/86 150/343/86 152/344/86
f 149/345/87 145/346/87 146/347/87 150/348/87
f 148/349/88 147/350/88 151/351/88 152/352/88
f 147/353/89 145/354/89 149/355/89 151/356/89
f 150/357/90 146/358/90 148/359/90 152/360/90
f 153/361/91 154/362/91 156/363/91 155/364/91
f 160/365/92 158/366/92 157/367/92 159/368/92
f 163/369/93 161/370/93 162/371/93 164/372/93
f 157/373/94 158/374/94 162/375/94 161/376/94
f 160/377/95 159/378/95 163/379/95 164/380/95
f 159/381/96 157/382/96 161/383/96 163/384/96
f 164/385/97 162/386/97 158/387/97 160/388/97
f 168/389/98 166/390/98 165/391/98 167/392/98
f 171/393/99 169/394/99 170/395/99 172/396/99
f 165/397/100 166/398/100 170/399/100 169/400/100
f 168/401/101 167/402/101 171/403/101 172/404/101
f 167/405/102 165/406/102 169/407/102 171/408/102
f 172/409/103 170/410/103 166/411/103 168/412/103
f 176/413/104 174/414/104 173/415/104 175/416/104
f 179/417/105 177/418/105 178/419/105 180/420/105
f 173/421/106 174/422/106 178/423/106 177/424/106
f 176/425/107 175/426/107 179/427/107 180/428/107
f 175/429/108 173/430/108 177/431/108 179/432/108
f 180/433/109 178/434/109 174/435/109 176/436/109
f 184/437/110 182/438/110 181/439/110 183/440/110
f 187/441/111 185/442/111 186/443/111 188/444/111
f 181/445/112 182/446/112 186/447/112 185/448/112
f 184/449/113 183/450/113 187/451/113 188/452/113
f 183/453/114 181/454/114 185/455/114 187/456/114
f 188/457/115 186/458/115 182/459/115 184/460/115
f 192/461/116 190/462/116 189/463/116 191/464/116
f 195/465/117 193/466/117 194/467/117 196/468/117
f 189/469/118 190/470/118 194/471/118 193/472/118
f 192/473/119 191/474/119 195/475/119 196/476/119
f 191/477/120 189/478/120 193/479/120 195/480/120
f 196/481/121 194/482/121 190/483/121 192/484/121
f 200/485/122 198/486/122 197/487/122 199/488/122
f 203/489/123 201/490/123 202/491/123 204/492/123
f 197/493/124 198/494/124 202/495/124 201/496/124
f 200/497/125 199/498/125 203/499/125 204/500/125
f 199/501/126 197/502/126 201/503/126 203/504/126
f 204/505/127 202/506/127 198/507/127 200/508/127
f 208/509/128 206/510/128 205/511/128 207/512/128
f 211/513/129 209/514/129 210/515/129 212/516/129
f 205/517/130 206/518/130 210/519/130 209/520/130
f 208/521/131 207/522/131 211/523/131 212/524/131
f 207/525/132 205/526/132 209/527/132 211/528/132
f 212/529/133 210/530/133 206/531/133 208/532/133
f 216/533/134 214/534/134 213/535/134 215/536/134
f 219/537/135 217/538/135 218/539/135 220/540/135
f 213/541/136 214/542/136 218/543/136 217/544/136
f 216/545/137 215/546/137 219/547/137 220/548/137
f 215/549/138 213/550/138 217/551/138 219/552/138
f 220/553/139 218/554/139 214/555/139 216/556/139
f 224/557/140 222/558/140 221/559/140 223/560/140
f 227/561/141 225/562/141 226/563/141 228/564/141
f 221/565/142 222/566/142 226/567/142 225/568/142
f 224/569/143 223/570/143 227/571/143 228/572/143
f 223/573/144 221/574/144 225/575/144 227/576/144
f 228/577/145 226/578/145 222/579/145 224/580/145
f 232/581/146 230/582/146 229/583/146 231/584/146
f 235/585/147 233/586/147 234/587/147 236/588/147
f 229/589/148 230/590/148 234/591/148 233/592/148
f 232/593/149 231/594/149 235/595/149 236/596/149
f 231/597/150 229/598/150 233/599/150 235/600/150
f 236/601/151 234/602/151 230/603/151 232/604/151
f 240/605/152 238/606/152 237/607/152 239/608/152
f 243/609/153 241/610/153 242/611/153 244/612/153
f 237/613/154 238/614/154 242/615/154 241/616/154
f 240/617/155 239/618/155 243/619/155 244/620/155
f 239/621/156 237/622/156 241/623/156 243/624/156
f 244/625/157 242/626/157 238/627/157 240/628/157
f 248/629/158 246/630/158 245/631/158 247/632/158
f 251/633/159 249/634/159 250/635/159 252/636/159
f 245/637/160 246/638/160 250/639/160 249/640/160
f 248/641/161 247/642/161 251/643/161 252/644/161
f 247/645/162 245/646/162 249/647/162 251/648/162
f 252/649/163 250/650/163 246/651/163 248/652/163
f 256/653/164 254/654/164 253/655/164 255/656/164
f 259/657/165 257/658/165 258/659/165 260/660/165
f 253/661/166 254/662/166 258/663/166 257/664/166
f 256/665/167 255/666/167 259/667/167 260/668/167
f 255/669/168 253/670/168 257/671/168 259/672/168
f 260/673/169 258/674/169 254/675/169 256/676/169
f 264/677/170 262/678/170 261/679/170 263/680/170
f 267/681/171 265/682/171 266/683/171 268/684/171
f 261/685/172 262/686/172 266/687/172 265/688/172
f 264/689/173 263/690/173 267/691/173 268/692/173
f 263/693/174 261/694/174 265/695/174 267/696/174
f 268/697/175 266/698/175 262/699/175 264/700/175
f 272/701/176 270/702/176 269/703/176 271/704/176
f 275/705/177 273/706/177 274/707/177 276/708/177
f 269/709/178 270/710/178 274/711/178 273/712/178
f 272/713/179 271/714/179 275/715/179 276/716/179
f 271/717/180 269/718/180 273/719/180 275/720/180
f 276/721/181 274/722/181 270/723/181 272/724/181
f 280/725/182 278/726/182 277/727/182 279/728/182
f 283/729/183 281/730/183 282/731/183 284/732/183
f 277/733/184 278/734/184 282/735/184 281/736/184
f 280/737/185 279/738/185 283/739/185 284/740/185
f 279/741/186 277/742/186 281/743/186 283/744/186
f 284/745/187 282/746/187 278/747/187 280/748/187
f 288/749/188 286/750/188 285/751/188 287/752/188
f 291/753/189 289/754/189 290/755/189 292/756/189
f 285/757/190 286/758/190 290/759/190 289/760/190
f 288/761/191 287/762/191 291/763/191 292/764/191
f 287/765/192 285/766/192 289/767/192 291/768/192
f 292/769/193 290/770/193 286/771/193 288/772/193
f 296/773/194 294/774/194 293/775/194 295/776/194
f 299/777/195 297/778/195 298/779/195 300/780/195
f 293/781/196 294/782/196 298/783/196 297/784/196
f 296/785/197 295/786/197 299/787/197 300/788/197
f 295/789/198 293/790/198 297/791/198 299/792/198
f 300/793/199 298/794/199 294/795/199 296/796/199
f 304/797/200 302/798/200 301/799/200 303/800/200
f 307/801/201 305/802/201 306/803/201 308/804/201
f 301/805/202 302/806/202 306/807/202 305/808/202
f 304/809/203 303/810/203 307/811/203 308/812/203
f 303/813/204 301/814/204 305/815/204 307/816/204
f 308/817/205 306/818/205 302/819/205 304/820/205
f 312/821/206 310/822/206 309/823/206 311/824/206
f 315/825/207 313/826/207 314/827/207 316/828/207
f 309/829/208 310/830/208 314/831/208 313/832/208
f 312/833/209 311/834/209 315/835/209 316/836/209
f 311/837/210 309/838/210 313/839/210 315/840/210
f 316/841/211 314/842/211 310/843/211 312/844/211
f 320/845/212 318/846/212 317/847/212 319/848/212
f 323/849/213 321/850/213 322/851/213 324/852/213
f 317/853/214 318/854/214 322/855/214 321/856/214
f 320/857/215 319/858/215 323/859/215 324/860/215
f 319/861/216 317/862/216 321/863/216 323/864/216
f 324/865/217 322/866/217 318/867/217 320/868/217
f 328/869/218 326/870/218 325/871/218 327/872/218
f 331/873/219 329/874/219 330/875/219 332/876/219
f 325/877/220 326/878/220 330/879/220 329/880/220
f 328/881/221 327/882/221 331/883/221 332/884/221
f 327/885/222 325/886/222 329/887/222 331/888/222
f 332/889/223 330/890/223 326/891/223 328/892/223
f 336/893/224 334/894/224 333/895/224 335/896/224
f 339/897/225 337/898/225 338/899/225 340/900/225
f 333/901/226 334/902/226 338/903/226 337/904/226
f 336/905/227 335/906/227 339/907/227 340/908/227
f 335/909/228 333/910/228 337/911/228 339/912/228
f 340/913/229 338/914/229 334/915/229 336/916/229
f 344/917/230 342/918/230 341/919/230 343/920/230
f 347/921/231 345/922/231 346/923/231 348/924/231
f 341/925/232 342/926/232 346/927/232 345/928/232
f 344/929/233 343/930/233 347/931/233 348/932/233
f 343/933/234 341/934/234 345/935/234 347/936/234
f 348/937/235 346/938/235 342/939/235 344/940/235
f 352/941/236 350/942/236 349/943/236 351/944/236
f 355/945/237 353/946/237 354/947/237 356/948/237
f 349/949/238 350/950/238 354/951/238 353/952/238
f 352/953/239 351/954/239 355/955/239 356/956/239
f 351/957/240 349/958/240 353/959/240 355/960/240
f 356/961/241 354/962/241 350/963/241 352/964/241
f 360/965/242 358/966/242 357/967/242 359/968/242
f 363/969/243 361/970/243 362/971/243 364/972/243
f 357/973/244 358/974/244 362/975/244 361/976/244
f 360/977/245 359/978/245 363/979/245 364/980/245
f 359/981/246 357/982/246 361/983/246 363/984/246
f 364/985/247 362/986/247 358/987/247 360/988/247
f 368/989/248 366/990/248 365/991/248 367/992/248
f 371/993/249 369/994/249 370/995/249 372/996/249
f 365/997/250 366/998/250 370/999/250 369/1000/250
f 368/1001/251 367/1002/251 371/1003/251 372/1004/251
f 367/1005/252 365/1006/252 369/1007/252 371/1008/252
f 372/1009/253 370/1010/253 366/1011/253 368/1012/253
f 376/1013/254 374/1014/254 373/1015/254 375/1016/254
f 379/1017/255 377/1018/255 378/1019/255 380/1020/255
f 373/1021/256 374/1022/256 378/1023/256 377/1024/256
f 376/1025/257 375/1026/257 379/1027/257 380/1028/257
f 375/1029/258 373/1030/258 377/1031/258 379/1032/258
f 380/1033/259 378/1034/259 374/1035/259 376/1036/259
f 384/1037/260 382/1038/260 381/1039/260 383/1040/260
f 387/1041/261 385/1042/261 386/1043/261 388/1044/261
f 381/1045/262 382/1046/262 386/1047/262 385/1048/262
f 384/1049/263 383/1050/263 387/1051/263 388/1052/263
f 383/1053/264 381/1054/264 385/1055/264 387/1056/264
f 388/1057/265 386/1058/265 382/1059/265 384/1060/265
f 392/1061/266 390/1062/266 389/1063/266 391/1064/266
f 395/1065/267 393/1066/267 394/1067/267 396/1068/267
f 389/1069/268 390/1070/268 394/1071/268 393/1072/268
f 392/1073/269 391/1074/269 395/1075/269 396/1076/269
f 391/1077/270 389/1078/270 393/1079/270 395/1080/270
f 396/1081/271 394/1082/271 390/1083/271 392/1084/271
f 400/1085/272 398/1086/272 397/1087/272 399/1088/272
f 403/1089/273 401/1090/273 402/1091/273 404/1092/273
f 397/1093/274 398/1094/274 402/1095/274 401/1096/274
f 400/1097/275 399/1098/275 403/1099/275 404/1100/275
f 399/1101/276 397/1102/276 401/1103/276 403/1104/276
f 404/1105/277 402/1106/277 398/1107/277 400/1108/277
f 408/1109/278 406/1110/278 405/1111/278 407/1112/278
f 411/1113/279 409/1114/279 410/1115/279 412/1116/279
f 405/1117/280 406/1118/280 410/1119/280 409/1120/280
f 408/1121/281 407/1122/281 411/1123/281 412/1124/281
f 407/1125/282 405/1126/282 409/1127/282 411/1128/282
f 412/1129/283 410/1130/283 406/1131/283 408/1132/283
f 416/1133/284 414/1134/284 413/1135/284 415/1136/284
f 419/1137/285 417/1138/285 418/1139/285 420/1140/285
f 413/1141/286 414/1142/286 418/1143/286 417/1144/286
f 416/1145/287 415/1146/287 419/1147/287 420/1148/287
f 415/1149/288 413/1150/288 417/1151/288 419/1152/288
f 420/1153/289 418/1154/289 414/1155/289 416/1156/289
f 424/1157/290 422/1158/290 421/1159/290 423/1160/290
f 427/1161/291 425/1162/291 426/1163/291 428/1164/291
f 421/1165/292 422/1166/292 426/1167/292 425/1168/292
f 424/1169/293 423/1170/293 427/1171/293 428/1172/293
f 423/1173/294 421/1174/294 425/1175/294 427/1176/294
f 428/1177/295 426/1178/295 422/1179/295 424/1180/295
f 432/1181/296 430/1182/296 429/1183/296 431/1184/296
f 435/1185/297 433/1186/297 434/1187/297 436/1188/297
f 429/1189/298 430/1190/298 434/1191/298 433/1192/298
f 432/1193/299 431/1194/299 435/1195/299 436/1196/299
f 431/1197/300 429/1198/300 433/1199/300 435/1200/300
f 436/1201/301 434/1202/301 430/1203/301 432/1204/301
f 440/1205/302 438/1206/302 437/1207/302 439/1208/302
f 443/1209/303 441/1210/303 442/1211/303 444/1212/303
f 437/1213/304 438/1214/304 442/1215/304 441/1216/304
f 440/1217/305 439/1218/305 443/1219/305 444/1220/305
f 439/1221/306 437/1222/306 441/1223/306 443/1224/306
f 444/1225/307 442/1226/307 438/1227/307 440/1228/307
f 448/1229/308 446/1230/308 445/1231/308 447/1232/308
f 451/1233/309 449/1234/309 450/1235/309 452/1236/309
f 445/1237/310 446/1238/310 450/1239/310 449/1240/310
f 448/1241/311 447/1242/311 451/1243/311 452/1244/311
f 447/1245/312 445/1246/312 449/1247/312 451/1248/312
f 452/1249/313 450/1250/313 446/1251/313 448/1252/313
f 456/1253/314 454/1254/314 453/1255/314 455/1256/314
f 459/1257/315 457/1258/315 458/1259/315 460/1260/315
f 453/1261/316 454/1262/316 458/1263/316 457/1264/316
f 456/1265/317 455/1266/317 459/1267/317 460/1268/317
f 455/1269/318 453/1270/318 457/1271/318 459/1272/318
f 460/1273/319 458/1274/319 454/1275/319 456/1276/319
f 464/1277/320 462/1278/320 461/1279/320 463/1280/320
f 467/1281/321 465/1282/321 466/1283/321 468/1284/321
f 461/1285/322 462/1286/322 466/1287/322 465/1288/322
f 464/1289/323 463/1290/323 467/1291/323 468/1292/323
f 463/1293/324 461/1294/324 465/1295/324 467/1296/324
f 468/1297/325 466/1298/325 462/1299/325 464/1300/325
f 472/1301/326 470/1302/326 469/1303/326 471/1304/326
f 475/1305/327 473/1306/327 474/1307/327 476/1308/327
f 469/1309/328 470/1310/328 474/1311/328 473/1312/328
f 472/1313/329 471/1314/329 475/1315/329 476/1316/329
f 471/1317/330 469/1318/330 473/1319/330 475/1320/330
f 476/1321/331 474/1322/331 470/1323/331 472/1324/331
f 480/1325/332 478/1326/332 477/1327/332 479/1328/332
f 483/1329/333 481/1330/333 482/1331/333 484/1332/333
f 477/1333/334 478/1334/334 482/1335/334 481/1336/334
f 480/1337/335 479/1338/335 483/1339/335 484/1340/335
f 479/1341/336 477/1342/336 481/1343/336 483/1344/336
f 484/1345/337 482/1346/337 478/1347/337 480/1348/337
f 488/1349/338 486/1350/338 485/1351/338 487/1352/338
f 491/1353/339 489/1354/339 490/1355/339 492/1356/339
f 485/1357/340 486/1358/340 490/1359/340 489/1360/340
f 488/1361/341 487/1362/341 491/1363/341 492/1364/341
f 487/1365/342 485/1366/342 489/1367/342 491/1368/342
f 492/1369/343 490/1370/343 486/1371/343 488/1372/343
f 496/1373/344 494/1374/344 493/1375/344 495/1376/344
f 499/1377/345 497/1378/345 498/1379/345 500/1380/345
f 493/1381/346 494/1382/346 498/1383/346 497/1384/346
f 496/1385/347 495/1386/347 499/1387/347 500/1388/347
f 495/1389/348 493/1390/348 497/1391/348 499/1392/348
f 500/1393/349 498/1394/349 494/1395/349 496/1396/349
