# Made in Blockbench 5.1.6
mtllib concord_h.mtl

o cuboid
v -0.27977712959141143 1.8965350671649404 -0.3858386144758247
v -0.35914808484135224 1.8261285533880716 0.21729989136826725
v 0.20625 2.198310636237802 0.2116304982546069
v 0.20625 2.238893063851197 0.028574996919619386
v 0.20625 2.192208786193303 0.21027775066749374
v 0.20625 2.232791213806697 0.02722224933250625
v 0.08124999999999999 2.198310636237802 0.2116304982546069
v 0.08124999999999999 2.238893063851197 0.028574996919619386
v 0.08124999999999999 2.192208786193303 0.21027775066749374
v 0.08124999999999999 2.232791213806697 0.02722224933250625
v 0.21399574802296728 2.067029452491456 0.3778383709139288
v 0.1955658179754041 2.1517599046536855 0.21159355699534038
v 0.2120541586154607 2.0616521796921305 0.37531296642864564
v 0.19362422856789752 2.1463826318543595 0.209068152510057
v 0.09581736083960901 2.0964946409449667 0.4059572519752266
v 0.07738743079204584 2.1812250931071957 0.2397124380566381
v 0.09387577143210245 2.0911173681456408 0.4034318474899432
v 0.07544584138453928 2.17584782030787 0.23718703357135473
v -0.2311190425661826 2.2321717462727175 0.09014290127668127
v -0.1593658989977283 2.1946784720210815 0.25926413227366873
v -0.2311190425661826 2.2260698962282173 0.08879015368956802
v -0.1593658989977283 2.1885766219765816 0.2579113846865556
v -0.11563410100227173 2.242525228067918 0.04344136290055768
v -0.0438809574338174 2.2050319538162824 0.2125625938975453
v -0.11563410100227173 2.2364233780234186 0.04208861531344457
v -0.0438809574338174 2.198930103771783 0.21120984631043213
v -0.24093185381699084 2.147301751366405 -0.11907881059601147
v -0.1861519677720352 2.202551355269279 0.051516896716561955
v -0.23857641878773483 2.141615228045814 -0.11799350955605661
v -0.18379653274277924 2.1968648319486883 0.05260219775651685
v -0.13105890228647682 2.183821691371903 -0.16618749879647152
v -0.07627901624152117 2.239071295274777 0.004408208516101894
v -0.12870346725722076 2.178135168051312 -0.1651021977565166
v -0.07392358121226517 2.2333847719541864 0.005493509556056847
v -0.10704468447904586 2.2791915750266756 0.26591879241202343
v -0.03503735130831312 2.198449884869095 0.41905916409805666
v -0.11139696079943212 2.2747169375008847 0.2656060467585133
v -0.03938962762869935 2.1939752473433045 0.41874641844454663
v -0.0312580960509144 2.2104993901824876 0.19406632720896388
v 0.04074923711981837 2.129757700024907 0.347206698894997
v -0.03561037237130066 2.2060247526566967 0.1937535815554538
v 0.036396960799432124 2.1252830624991166 0.346893953241487
v -0.11247506697697313 2.1386385690545873 0.4808267211291315
v 0.06878232232846433 2.1549285385015224 0.5259559324849155
v -0.11270525619703986 2.1331162922052886 0.48374459215484034
v 0.0685521331083976 2.1494062616522243 0.5288738035106244
v -0.08082194388833086 2.0811160151970745 0.3744583254636671
v 0.10043544541710657 2.0974059846440096 0.41958753681945105
v -0.0810521331083976 2.0755937383477763 0.3773761964893759
v 0.10020525619703984 2.091883707794711 0.4225054078451598
v 0.0785874332985587 2.3251025830092917 0.16111615105767174
v 0.0698429397698206 2.3447718253430936 -0.02514416339213285
v 0.08436168047570572 2.3227675062389985 0.16059847740173672
v 0.07561718694696762 2.342436748572801 -0.02566183704806771
v 0.03110856587588534 2.209898328197492 0.15117951070400282
v 0.02236407234714724 2.2295675705312945 -0.03508080374580158
v 0.03688281305303237 2.2075632514271994 0.15066183704806788
v 0.02813831952429427 2.2272324937610017 -0.03559847740173652
v -0.09386042900143532 2.334707347656197 0.021163885567359764
v -0.035648041715061 2.3260715019924745 -0.1568613658328097
v -0.08833071382154878 2.337077555306919 0.022857067696307923
v -0.03011832653517446 2.328441709643197 -0.15516818370386146
v -0.05041138864471206 2.219188082706081 0.04097500157491349
v 0.007800998641662227 2.210552237042359 -0.13705024982525596
v -0.04488167346482552 2.2215582903568034 0.04266818370386169
v 0.013330713821548767 2.2129224446930813 -0.1353570676963077
v 0.2180978078301284 2.2227489016170554 -0.007119386209715695
v 0.15180655032227236 2.187335876804855 -0.17889725687901256
v 0.21901309945177902 2.2166332587097215 -0.006211832862902653
v 0.152721841943923 2.1812202338975206 -0.17798970353219937
v 0.10261286643442635 2.212395409009814 0.03958215018538652
v 0.036321608926570326 2.1769823841976135 -0.13219572048391023
v 0.10352815805607699 2.20627976610248 0.04048970353219952
v 0.03723690054822096 2.170866741290279 -0.13128816713709726
v 0.01672632795206147 2.1958264079169196 -0.2838179965871731
v -0.15650108439380478 2.180296185224118 -0.21376568902298768
v 0.017641619260853503 2.189710765054312 -0.28291044262343645
v -0.15558579308501275 2.174180542361511 -0.21285813505925114
v 0.06092050177622069 2.219435100501097 -0.16929941890448522
v -0.11230691056964553 2.203904877808295 -0.09924711134029995
v 0.06183579308501273 2.2133194576384896 -0.16839186494074868
v -0.1113916192608535 2.197789234945688 -0.09833955737656327
v 0.3034814756678299 1.9201895857725235 0.3554907283007448
v 0.2664226471408485 1.9356989920358656 0.2848673324211469
v 0.296542731632479 1.828176052158742 0.3389249212537754
v 0.2594839031054976 1.8436854584220843 0.2683015253741776
v 0.1261132792762262 1.9169371586569004 0.44784842763678856
v 0.08905445074924484 1.9324465649202427 0.3772250317571907
v 0.11917453524087535 1.8249236250431196 0.43128262058981925
v 0.08211570671389398 1.8404330313064616 0.36065922471022144
v -0.3034814756678299 1.9201895857725235 0.3554907283007448
v -0.2664226471408485 1.9356989920358656 0.2848673324211469
v -0.296542731632479 1.828176052158742 0.3389249212537754
v -0.2594839031054976 1.8436854584220843 0.2683015253741776
v -0.12611327927622623 1.9169371586569004 0.44784842763678856
v -0.08905445074924484 1.9324465649202427 0.3772250317571907
v -0.11917453524087535 1.8249236250431196 0.43128262058981925
v -0.08211570671389398 1.8404330313064616 0.36065922471022144
v 0.3461253317204045 2.134503199214604 0.24701829633072606
v 0.36246525073783376 1.906934012102627 -0.4674362313501461
v 0.3461253317204045 2.134503199214604 0.24701829633072606
v 0.36246525073783376 1.906934012102627 -0.4674362313501461
v 0.3195089878389696 2.017955831088708 0.2835324199175254
v 0.3358489068563989 1.7903866439767309 -0.4309221077633467
v 0.3195089878389696 2.017955831088708 0.2835324199175254
v 0.3358489068563989 1.7903866439767309 -0.4309221077633467
v 0.3938686826260804 2.0639498287689877 0.2705829809893674
v 0.4102086016435097 1.8363806416570112 -0.44387154669150464
v 0.3938686826260804 2.0639498287689877 0.2705829809893674
v 0.4102086016435097 1.8363806416570112 -0.44387154669150464
v 0.2717656369332937 2.088509201534323 0.259967735258884
v 0.28810555595072296 1.8609400144223467 -0.4544867924219881
v 0.2717656369332937 2.088509201534323 0.259967735258884
v 0.28810555595072296 1.8609400144223467 -0.4544867924219881
v -0.23933622838362956 1.6170888168302469 0.5620277550034007
v -0.30519534077227745 2.1355961418284215 0.024149765828702763
v -0.23933622838362956 1.6170888168302469 0.5620277550034007
v -0.30519534077227745 2.1355961418284215 0.024149765828702763
v -0.3184038134908389 1.5427295474193672 0.5000276256648712
v -0.3842629258794868 2.061236872417542 -0.037850363509826596
v -0.3184038134908389 1.5427295474193672 0.5000276256648712
v -0.3842629258794868 2.061236872417542 -0.037850363509826596
v 0.2866461032453646 2.083649771844933 -0.12251028662772814
v 0.2806666746146601 2.083523798914672 -0.1369453546591283
v 0.2866082207760517 2.0836027412240763 -0.12249418416764779
v 0.2806287921453472 2.0834767682938153 -0.13692925219904803
v 0.09054152176342582 2.2688681972208573 -0.0428943929691315
v 0.0845620931327213 2.2687422242905972 -0.057329461000531656
v 0.09050363929411291 2.268821166600001 -0.04287829050905123
v 0.08452421066340839 2.2686951936697395 -0.05731335854045147
v 0.190625 2.00959875 -0.2936449999999998
v 0.190625 2.0095987500000003 -0.3873949999999998
v 0.190625 1.8752237500000002 -0.2936449999999998
v 0.190625 1.8752237500000004 -0.3873949999999998
v -0.1875 2.00959875 -0.2936449999999998
v -0.1875 2.0095987500000003 -0.3873949999999998
v -0.1875 1.8752237500000002 -0.2936449999999998
v -0.1875 1.8752237500000004 -0.3873949999999998
v 0.190625 1.9908487500000003 0.29989500000000013
v 0.190625 1.9908487500000003 0.23739500000000016
v 0.190625 1.7470987500000001 0.29989500000000013
v 0.190625 1.7470987500000001 0.2373950000000002
v -0.1875 1.9908487500000003 0.29989500000000013
v -0.1875 1.9908487500000003 0.23739500000000016
v -0.1875 1.7470987500000001 0.29989500000000013
v -0.1875 1.7470987500000001 0.2373950000000002
v 0.190625 2.0564737500000003 0.24364500000000006
v 0.190625 2.0564737500000008 -0.32510499999999987
v 0.190625 1.9689737500000004 0.24364500000000008
v 0.190625 1.9689737500000004 -0.325105
v -0.1875 2.0564737500000003 0.24364500000000006
v -0.1875 2.0564737500000008 -0.32510499999999987
v -0.1875 1.9689737500000004 0.24364500000000008
v -0.1875 1.9689737500000004 -0.325105
v 0.2625218617030733 2.0899765325984854 0.1781250000000001
v 0.2625218617030733 2.089976532598485 -0.17812499999999995
v 0.26617595930087956 1.8806334214251164 0.17812500000000014
v 0.26617595930087956 1.8806334214251161 -0.17812499999999984
v 0.20003138075579885 2.088885757196155 0.1781250000000002
v 0.20003138075579885 2.0888857571961545 -0.17812499999999995
v 0.20368547835360507 1.8795426460227858 0.1781250000000001
v 0.20368547835360507 1.8795426460227858 -0.1781249999999999
v -0.20003138075579885 2.088885757196155 0.1781250000000002
v -0.20003138075579885 2.0888857571961545 -0.17812499999999995
v -0.20368547835360507 1.8795426460227858 0.1781250000000001
v -0.20368547835360507 1.8795426460227858 -0.1781249999999999
v -0.2625218617030733 2.0899765325984854 0.1781250000000001
v -0.2625218617030733 2.089976532598485 -0.17812499999999995
v -0.26617595930087956 1.8806334214251164 0.17812500000000014
v -0.26617595930087956 1.8806334214251161 -0.17812499999999984
v -0.2721956824745296 2.004717492594196 -0.3098639750524864
v -0.02073827486363533 2.04999874836438 -0.3932026967458494
v -0.27040102538677907 1.8844584723805275 -0.36979049579402423
v -0.018943617775884825 1.9297397281507114 -0.4531292174873872
v -0.28101223187754054 2.015045689457529 -0.33085437300432385
v -0.029554824266646296 2.060326945227713 -0.41419309469768684
v -0.27921757478979004 1.8947866692438609 -0.39078089374586167
v -0.02776016717889579 1.9400679250140445 -0.47411961543922465
v 0.3242124118466629 1.9335167156348736 -0.19667163707322036
v 0.3055025778060119 1.9718631062445695 -0.2730636944966194
v 0.3225846175506061 1.8244446280060422 -0.25102368957373145
v 0.3038747835099551 1.8627910186157384 -0.3274157469971305
v 0.2997929042315889 1.9314242501070424 -0.19174119735122983
v 0.2810830701909379 1.9697706407167386 -0.2681332547746289
v 0.2981651099355321 1.8223521624782109 -0.24609324985174078
v 0.2794552758948811 1.8606985530879074 -0.32248530727514
v 0.3058746791069089 1.9831238144914485 -0.26764364123570605
v 0.28102915424246605 2.0149820254259208 -0.33083188610977254
v 0.3040801104403973 1.8628647841804504 -0.32757014436211684
v 0.2792345855759545 1.8947229951149231 -0.39075838923618345
v 0.28228867418839565 1.9797116972099018 -0.26008997804220557
v 0.2574431493239528 2.0115699081443745 -0.3232782229162723
v 0.28049410552188403 1.8594526668989038 -0.3200164811686166
v 0.2556485806574412 1.8913108778333765 -0.38320472604268285
v 0.28101223187754054 2.015045689457529 -0.33085437300432385
v 0.029554824266646282 2.060326945227713 -0.41419309469768684
v 0.27921757478979004 1.8947866692438609 -0.39078089374586167
v 0.02776016717889576 1.9400679250140445 -0.47411961543922465
v 0.2721956824745295 2.004717492594196 -0.3098639750524864
v 0.020738274863635303 2.04999874836438 -0.3932026967458494
v 0.270401025386779 1.8844584723805275 -0.36979049579402423
v 0.018943617775884783 1.9297397281507114 -0.4531292174873872
v -0.28228867418839565 1.9797116972099018 -0.26008997804220557
v -0.25744314932395285 2.0115699081443745 -0.3232782229162723
v -0.2804941055218841 1.8594526668989038 -0.3200164811686166
v -0.2556485806574413 1.8913108778333765 -0.38320472604268285
v -0.3058746791069089 1.9831238144914485 -0.26764364123570605
v -0.2810291542424661 2.0149820254259208 -0.33083188610977254
v -0.30408011044039734 1.8628647841804504 -0.32757014436211684
v -0.27923458557595454 1.8947229951149231 -0.39075838923618345
v -0.27537339661651483 1.9293317845792113 -0.18681075762923924
v -0.25666356257586387 1.9676781751889076 -0.2632028150526383
v -0.273745602320458 1.82025969695038 -0.24116281012975024
v -0.25503576827980706 1.8586060875600765 -0.3175548675531493
v -0.32421241184666283 1.9335167156348736 -0.19667163707322036
v -0.30550257780601187 1.9718631062445695 -0.2730636944966194
v -0.322584617550606 1.8244446280060422 -0.25102368957373145
v -0.30387478350995506 1.8627910186157384 -0.3274157469971305
v -0.2741212471580097 1.844086980678287 -0.22669334704475638
v -0.2554114131173587 1.8649901413013368 -0.30957428566238
v -0.2737456023204581 1.8167983850859288 -0.23349092503642135
v -0.2550357682798071 1.837701545708979 -0.3163718636540449
v -0.32296026238815767 1.8460384272180566 -0.2372262691346513
v -0.3042504283475067 1.8669415878411064 -0.32010720775227486
v -0.3225846175506061 1.818749831625699 -0.24402384712631633
v -0.30387478350995517 1.8396529922487486 -0.3269047857439399
v -0.2574506446188278 1.8757158132968406 -0.30102654730879586
v -0.23260511975438497 1.8931424181001817 -0.3696123573516795
v -0.2569081006033708 1.8362989425042109 -0.3108452319410886
v -0.23206257573892802 1.853725547307552 -0.3794310419839724
v -0.3046226544558543 1.879108462361599 -0.317252804432941
v -0.30408011044039734 1.8396915915689696 -0.32707148906523387
v -0.2792345855759545 1.8571181963723102 -0.39565729910811753
v -0.2623774639992857 1.9037043128698365 -0.3358861126785041
v 0.01831917705473579 1.9329174571932601 -0.437650487091796
v -0.261584475983768 1.8460950428441263 -0.3502365064749162
v 0.019112165070253456 1.87530818716755 -0.4520008808882082
v -0.2800105628053077 1.9147847603284718 -0.38134265797853206
v 0.0006860782487138062 1.9439979046518958 -0.48310703239182406
v -0.27921757478979 1.857175490302762 -0.39569305177494396
v 0.001479066264231499 1.8863886346261858 -0.49745742618823596
v 0.2800105628053077 1.9147847603284718 -0.38134265797853206
v -0.0006860782487138062 1.9439979046518958 -0.48310703239182406
v 0.27921757478979004 1.857175490302762 -0.39569305177494396
v -0.0014790662642314711 1.8863886346261858 -0.49745742618823596
v 0.26237746399928574 1.9037043128698365 -0.3358861126785042
v -0.018319177054735736 1.9329174571932601 -0.4376504870917961
v 0.26158447598376805 1.8460950428441263 -0.3502365064749162
v -0.01911216507025343 1.87530818716755 -0.4520008808882082
v 0.30462265445585435 1.879108462361599 -0.317252804432941
v 0.2797771295914115 1.8965350671649404 -0.3858386144758247
v 0.3040801104403974 1.8396915915689696 -0.32707148906523387
v 0.27923458557595454 1.8571181963723102 -0.39565729910811753
v 0.25745064461882783 1.8757158132968406 -0.30102654730879586
v 0.232605119754385 1.8931424181001817 -0.3696123573516795
v 0.2569081006033709 1.8362989425042109 -0.3108452319410886
v 0.23206257573892802 1.853725547307552 -0.3794310419839724
v 0.2741212471580097 1.844086980678287 -0.22669334704475638
v 0.32296026238815767 1.8460384272180566 -0.2372262691346513
v 0.3042504283475067 1.8669415878411064 -0.32010720775227486
v 0.3225846175506061 1.818749831625699 -0.24402384712631633
v 0.30387478350995517 1.8396529922487486 -0.3269047857439399
v 0.2554114131173587 1.8649901413013368 -0.30957428566238
v 0.2737456023204581 1.8167983850859288 -0.23349092503642135
v 0.2550357682798071 1.837701545708979 -0.3163718636540449
v -0.04374999999999998 2.0990428998548185 -0.33855232808097946
v 0.043750000000000025 2.0990428998548185 -0.33855232808097946
v -0.04374999999999998 2.029507252689836 -0.38634285432151205
v 0.04375000000000001 2.029507252689836 -0.38634285432151205
v -0.04375000000000001 2.1238231727202797 -0.37460784883319265
v 0.04375000000000001 2.1238231727202797 -0.37460784883319265
v -0.04375000000000001 2.0542875255552975 -0.42239837507372513
v 0.04375000000000001 2.0542875255552975 -0.42239837507372524
v -0.04375000000000001 1.9372248890844754 -0.4266479847482939
v 0.043750000000000025 1.9372248890844754 -0.4266479847482939
v -0.04375000000000001 1.9150496182550194 -0.43819170007916997
v 0.043750000000000025 1.9150496182550194 -0.43819170007916997
v -0.04375000000000001 1.9631982485789459 -0.47654234411456875
v 0.04375000000000001 1.9631982485789456 -0.47654234411456897
v -0.04375000000000001 1.9410229777494898 -0.4880860594454448
v 0.04375000000000001 1.9410229777494898 -0.4880860594454449
v -0.11581121354265678 1.9370379612779596 -0.39257037206986556
v -0.11650453833271607 2.0166513723693793 -0.3562733463635618
v -0.03506376915467338 1.9546856612489862 -0.4297362103564162
v -0.035757093944732726 2.0342990723404064 -0.3934391846501125
v -0.13567029316511142 1.953066231995982 -0.4281059035044563
v -0.13636361795517077 2.0326796430874023 -0.39180887779815265
v -0.054922848777128025 1.9707139319670084 -0.46527174179100705
v -0.055616173567187344 2.0503273430584286 -0.4289747160847034
v 0.1356702931651114 1.953066231995982 -0.4281059035044563
v 0.13636361795517074 2.0326796430874023 -0.39180887779815265
v 0.054922848777128025 1.9707139319670084 -0.46527174179100705
v 0.05561617356718736 2.0503273430584286 -0.4289747160847034
v 0.11581121354265676 1.9370379612779596 -0.39257037206986556
v 0.1165045383327161 2.0166513723693793 -0.3562733463635618
v 0.03506376915467338 1.9546856612489862 -0.4297362103564162
v 0.035757093944732726 2.0342990723404064 -0.3934391846501125
v 0.0008107058309815007 2.10664981740785 -0.3290242214546495
v 0.0008107058309815007 2.1297372480696017 -0.37337476311356044
v 0.08919905347929993 2.0282483955170685 -0.3698374184073965
v 0.08919905347929993 2.05133582617882 -0.41418796006630754
v -0.08757764181733696 2.0282483955170685 -0.3698374184073965
v -0.08757764181733696 2.05133582617882 -0.41418796006630754
v 0.000810705830981473 1.9498469736262873 -0.41065061536014347
v 0.000810705830981473 1.972934404288039 -0.4550011570190545
v 0.05605342311118028 2.057759497482424 -0.3850821907690174
v 0.05605342311118028 2.072189141646019 -0.41280127930583677
v 0.12013497515621126 2.0009184666116075 -0.41467175855975913
v 0.12013497515621126 2.0153481107752027 -0.4423908470965786
v -0.008028128933850603 2.0009184666116075 -0.414671758559759
v -0.008028128933850603 2.0153481107752027 -0.4423908470965785
v 0.05605342311118039 1.944077435740791 -0.44426132635050086
v 0.05605342311118039 1.9585070799043862 -0.4719804148873201
v -0.05644657688881971 2.057759497482424 -0.3850821907690174
v -0.05644657688881971 2.072189141646019 -0.41280127930583677
v 0.007634975156211282 2.0009184666116075 -0.41467175855975913
v 0.007634975156211282 2.0153481107752027 -0.4423908470965786
v -0.12052812893385062 2.0009184666116075 -0.414671758559759
v -0.12052812893385062 2.0153481107752027 -0.4423908470965785
v -0.0564465768888196 1.944077435740791 -0.44426132635050086
v -0.0564465768888196 1.9585070799043862 -0.4719804148873201
v -0.05555187500000025 2.0466516705110296 -0.3908645594935555
v -0.05555187500000025 2.0726250300055002 -0.44075891885983054
v 0.056948124999999586 2.0466516705110296 -0.3908645594935555
v 0.056948124999999586 2.0726250300055002 -0.44075891885983054
v -0.05555187500000025 1.9468629517784795 -0.4428112784824968
v -0.05555187500000025 1.9728363112729497 -0.49270563784877186
v 0.05694812499999956 1.9468629517784792 -0.4428112784824968
v 0.05694812499999956 1.9728363112729497 -0.49270563784877186
v -0.2419782227243456 2.0395397718115436 -0.13093488494170077
v 0.029411389950844927 2.1410023244803535 -0.1793300400498216
v -0.2419782227243456 1.9574735939824621 -0.3029902047708928
v 0.029411389950844927 2.0589361466512717 -0.35138535987901365
v -0.27067948015172727 2.102080777103297 -0.16076541425621346
v 0.0007101325234631917 2.203543329772107 -0.20916056936433428
v -0.27067948015172727 2.0200145992742162 -0.33282073408540536
v 0.0007101325234631917 2.1214771519430258 -0.3812158891935262
v 0.27067948015172727 2.102080777103297 -0.16076541425621346
v -0.0007101325234631917 2.203543329772107 -0.20916056936433428
v 0.27067948015172727 2.0200145992742162 -0.33282073408540536
v -0.0007101325234631917 2.1214771519430258 -0.3812158891935262
v 0.24197822272434558 2.0395397718115436 -0.13093488494170077
v -0.029411389950844913 2.1410023244803535 -0.1793300400498216
v 0.24197822272434558 1.9574735939824621 -0.3029902047708928
v -0.029411389950844913 2.0589361466512717 -0.35138535987901365
v 0.27067922902127844 2.100148626058977 0.15361687499999999
v -0.0007103836539120167 2.2125618843162225 0.15361687499999993
v 0.27067922902127844 2.1001486260589775 -0.16200812499999992
v -0.0007103836539120167 2.2125618843162225 -0.16200812499999986
v 0.2419779715938967 2.0308576611206304 0.1536168749999999
v -0.029411641081293766 2.143270919377876 0.15361687499999996
v 0.2419779715938967 2.030857661120631 -0.16200812499999992
v -0.029411641081293766 2.143270919377876 -0.16200812499999992
v -0.24197822272434555 2.0308581575298454 0.15361687499999996
v 0.029411389950844913 2.1432714157870905 0.15361687499999996
v -0.24197822272434555 2.0308581575298454 -0.1620081249999998
v 0.029411389950844913 2.1432714157870905 -0.16200812499999986
v -0.27067948015172727 2.1001491224681916 0.15361687499999999
v 0.0007101325234631639 2.212562380725437 0.15361687499999993
v -0.27067948015172727 2.1001491224681916 -0.16200812499999992
v 0.0007101325234631639 2.212562380725437 -0.16200812499999986
v 0.029411389950844927 2.141002324480353 0.17933004004982173
v -0.2419782227243456 2.0395397718115436 0.13093488494170102
v 0.029411389950844927 2.0562454522962197 0.35702651790620055
v -0.2419782227243456 1.9547828996274101 0.3086313627980797
v 0.0007101325234631917 2.2035433297721068 0.20916056936433447
v -0.27067948015172727 2.102080777103297 0.16076541425621366
v 0.0007101325234631917 2.1187864575879733 0.38685704722071323
v -0.27067948015172727 2.0173239049191642 0.33846189211259237
v -0.0007101325234631917 2.2035433297721068 0.20916056936433447
v 0.27067948015172727 2.102080777103297 0.16076541425621366
v -0.0007101325234631917 2.1187864575879733 0.38685704722071323
v 0.27067948015172727 2.0173239049191642 0.33846189211259237
v -0.029411389950844913 2.141002324480353 0.17933004004982173
v 0.24197822272434558 2.0395397718115436 0.13093488494170102
v -0.029411389950844913 2.0562454522962197 0.35702651790620055
v 0.24197822272434558 1.9547828996274101 0.3086313627980797
v 0.02941158580825251 1.9956280625763343 0.36279456047423875
v -0.25352652102332907 2.0017616692337517 0.24575837345529736
v 0.02941158580825251 1.8052643075137436 0.3528180188154275
v -0.25352652102332907 1.811397914171161 0.2357818317964862
v 0.0007103283808707894 1.9920016536672893 0.4319905645533151
v -0.2822277784507108 1.9981352603247071 0.31495437753437383
v 0.0007103283808707894 1.801637898604699 0.42201402289450396
v -0.2822277784507108 1.8077715052621164 0.3049778358755627
v -0.0007097629094666158 1.992001661944831 0.4319904066084186
v 0.282228343922115 1.998135268602248 0.3149542195894771
v -0.0007097629094666158 1.8016379068822408 0.42201386494960735
v 0.282228343922115 1.8077715135396577 0.3049776779306659
v -0.029411020336848337 1.9956280708538756 0.3627944025293421
v 0.25352708649473327 2.001761677511293 0.24575821551040064
v -0.029411020336848337 1.8052643157912853 0.3528178608705309
v 0.25352708649473327 1.8113979224487022 0.23578167385158952
v -0.04165270144795957 1.9618782636168586 0.3653540991196138
v -0.2997076813224055 1.8986938458307647 0.25548323532474027
v 0.017309544634975138 1.7418284461065159 0.3534147953074066
v -0.24074543523947078 1.6786440283204218 0.24354393151253306
v -0.05281300427946409 1.9573235383216152 0.394185759116811
v -0.31086798415391004 1.8941391205355214 0.28431489532193743
v 0.006149241803470651 1.7372737208112723 0.38224645530460377
v -0.25190573807097527 1.6740893030251784 0.27237559150973023
v 0.04720311341262831 1.9586971126213129 0.39657425615583
v 0.3108679841539099 1.8941391205355214 0.28431489532193754
v -0.011759132670306427 1.7386472951109702 0.38463495234362277
v 0.25190573807097516 1.6740893030251784 0.2723755915097303
v 0.036042810581123796 1.9632518379165567 0.3677425961586328
v 0.29970768132240544 1.8986938458307647 0.2554832353247403
v -0.022919435501810914 1.7432020204062133 0.3558032923464255
v 0.24074543523947067 1.678644028320422 0.24354393151253312
v 0.22320199505858113 2.082729119374348 -0.16875000000000004
v 0.22320199505858118 2.082729119374348 0.1625000000000001
v 0.26851903922687137 1.8783171428836118 -0.16874999999999993
v 0.26851903922687137 1.8783171428836116 0.1625000000000001
v 0.284220495503577 2.096256595245479 -0.16874999999999998
v 0.28422049550357703 2.096256595245479 0.16250000000000014
v 0.32953753967186716 1.8918446187547433 -0.16874999999999993
v 0.3295375396718672 1.891844618754743 0.16250000000000006
v 0.21764248421493415 2.0093629534441253 -0.32663642663727765
v 0.21932484995601606 2.084138298083685 -0.15470019578540553
v 0.26193290501159044 1.821546630004995 -0.24538817803791932
v 0.2636152707526723 1.8963219746445545 -0.07345194718604711
v 0.27872554337506605 2.0212689255749177 -0.33241204013374903
v 0.28040790911614794 2.096044270214477 -0.16047580928187685
v 0.32301596417172235 1.8334526021357873 -0.2511637915343906
v 0.32469832991280423 1.9082279467753471 -0.07922756068251843
v -0.28422049550357703 2.096256595245479 -0.1624999999999999
v -0.284220495503577 2.096256595245479 0.16250000000000014
v -0.3295375396718672 1.8918446187547433 -0.16249999999999978
v -0.32953753967186716 1.891844618754743 0.16250000000000017
v -0.22320199505858118 2.082729119374348 -0.1624999999999999
v -0.22320199505858113 2.082729119374348 0.1625000000000001
v -0.26851903922687137 1.8783171428836118 -0.16249999999999978
v -0.26851903922687137 1.8783171428836116 0.16250000000000014
v -0.28040790911614794 2.0960442702144775 0.16047580928187705
v -0.27872554337506605 2.0212689255749177 0.33241204013374936
v -0.3187488704028057 1.9334570051477673 0.09014150452422337
v -0.31706650466172376 1.8586816605082077 0.2620777353760956
v -0.21932484995601603 2.084138298083685 0.15470019578540578
v -0.21764248421493415 2.009362953444125 0.326636426637278
v -0.2576658112426738 1.921551033016975 0.08436589102775205
v -0.2559834455015919 1.8467756883774151 0.25630212187962426
v 0.21932484995601603 2.084138298083685 0.15470019578540578
v 0.21764248421493418 2.009362953444125 0.3266364266372779
v 0.2576658112426738 1.921551033016975 0.084365891027752
v 0.2559834455015919 1.8467756883774151 0.25630212187962426
v 0.28040790911614794 2.0960442702144775 0.16047580928187705
v 0.27872554337506605 2.0212689255749177 0.3324120401337493
v 0.31874887040280564 1.9334570051477673 0.09014150452422337
v 0.3170665046617238 1.8586816605082077 0.2620777353760956
v -0.27872554337506605 2.0212689255749177 -0.33241204013374903
v -0.28040790911614794 2.096044270214477 -0.16047580928187685
v -0.32301596417172235 1.8334526021357873 -0.2511637915343906
v -0.32469832991280423 1.9082279467753471 -0.07922756068251838
v -0.2176424842149342 2.0093629534441253 -0.32663642663727765
v -0.21932484995601603 2.084138298083685 -0.15470019578540553
v -0.26193290501159044 1.821546630004995 -0.24538817803791932
v -0.2636152707526723 1.8963219746445545 -0.07345194718604706
v -0.2875 1.9375 0.16250000000000012
v -0.2875 1.9375 -0.19999999999999987
v -0.2875 1.8250000000000004 0.16250000000000014
v -0.2875 1.8250000000000006 -0.19999999999999987
v -0.36874999999999997 1.9375 0.16250000000000012
v -0.36874999999999997 1.9375 -0.19999999999999987
v -0.36874999999999997 1.8250000000000004 0.16250000000000014
v -0.36874999999999997 1.8250000000000006 -0.19999999999999987
v -0.29458129829858126 1.9364021258692081 -0.19756839181095162
v -0.2864603014688365 1.8840464722745607 -0.3176496036934463
v -0.29780236618141004 1.8447039835480759 -0.15780565276360273
v -0.2896813693516653 1.7923483299534282 -0.27788686464609724
v -0.36316382722103663 1.9367367178830102 -0.20235245648284597
v -0.35504283039129186 1.8843810642883625 -0.3224336683653405
v -0.36638489510386535 1.8450385755618777 -0.16258971743549697
v -0.3582638982741207 1.7926829219672302 -0.2826709293179914
v -0.30646887533925404 1.8692709566958046 0.05234573668723158
v -0.23411406943729174 1.656456985166039 0.18792318903317803
v -0.30646887533925404 1.9364334077391576 0.15776966741384232
v -0.23411406943729174 1.723619436209392 0.2933471197597888
v -0.3605398457357843 1.8561945086184117 0.0606763528743319
v -0.2881850398338221 1.643380537088646 0.1962538052202783
v -0.3605398457357843 1.9233569596617648 0.1661002836009427
v -0.2881850398338221 1.7105429881319987 0.30167773594688896
v -0.23927052048316894 1.793849846336208 0.3301639311662028
v -0.29245539179645824 1.9053906986867015 0.19332772124604217
v -0.22948766621067512 1.723478163582863 0.2689987079691465
v -0.2826725375239645 1.8350190159333564 0.13216249804898594
v -0.2838856133191811 1.781397742674016 0.3373544965556581
v -0.3370704846324704 1.8929385950245095 0.20051828663549753
v -0.27410275904668735 1.7110260599206708 0.2761892733586019
v -0.32728763035997666 1.8225669122711643 0.13935306343844123
v 0.36875 1.9375 0.16250000000000012
v 0.36875 1.9375 -0.19999999999999987
v 0.36875 1.8250000000000004 0.16250000000000014
v 0.36875 1.8250000000000006 -0.19999999999999987
v 0.29375000000000007 1.9375 0.16250000000000012
v 0.29375000000000007 1.9375 -0.19999999999999987
v 0.29375000000000007 1.8250000000000004 0.16250000000000014
v 0.29375000000000007 1.8250000000000006 -0.19999999999999987
v 0.36316382722103663 1.9367367178830102 -0.20235245648284597
v 0.35504283039129186 1.8843810642883625 -0.3224336683653405
v 0.3663848951038654 1.8450385755618777 -0.16258971743549697
v 0.35826389827412064 1.7926829219672302 -0.2826709293179914
v 0.29458129829858126 1.9364021258692081 -0.19756839181095162
v 0.2864603014688365 1.8840464722745607 -0.3176496036934463
v 0.29780236618141004 1.8447039835480759 -0.15780565276360273
v 0.2896813693516653 1.7923483299534282 -0.27788686464609724
v 0.2942161644945682 1.7116095803928415 0.3064080685330468
v 0.36657097039653047 1.9244235519226076 0.17083061618710044
v 0.2942161644945682 1.6444471293494887 0.20098413780643606
v 0.36657097039653047 1.8572611008792546 0.06540668546048968
v 0.23413730849842326 1.7261389671455003 0.2971518283251575
v 0.30649211440038554 1.9389529386752662 0.16157437597921115
v 0.23413730849842326 1.6589765161021472 0.19172789759854678
v 0.30649211440038554 1.8717904876319131 0.056150445252600434
v 0.2838856133191811 1.781397742674016 0.3373544965556581
v 0.3370704846324704 1.8929385950245095 0.20051828663549753
v 0.27410275904668735 1.7110260599206708 0.2761892733586019
v 0.32728763035997666 1.8225669122711643 0.13935306343844123
v 0.2392705204831689 1.793849846336208 0.3301639311662028
v 0.29245539179645824 1.9053906986867015 0.19332772124604217
v 0.22948766621067515 1.723478163582863 0.2689987079691465
v 0.2826725375239645 1.8350190159333564 0.13216249804898594
v 0.029411020336848254 2.086911931467081 0.32073226647517417
v -0.03699282106240048 2.077730449727432 0.2948045618816718
v 0.029411020336848254 1.9690817450805584 0.36245812387939547
v -0.03699282106240048 1.9599002633409093 0.3365304192858932
v 0.0007097629094665048 2.110041730846427 0.38604880498387284
v -0.06569407848978226 2.1008602491067787 0.3601211003903706
v 0.0007097629094665048 1.992211544459905 0.42777466238809425
v -0.06569407848978226 1.9830300627202564 0.401846957794592
v -0.0007097629094665048 2.110041730846427 0.38604880498387284
v 0.06569407848978225 2.1008602491067787 0.3601211003903706
v -0.0007097629094665048 1.992211544459905 0.42777466238809425
v 0.06569407848978225 1.9830300627202564 0.401846957794592
v -0.029411020336848254 2.086911931467081 0.32073226647517417
v 0.03699282106240048 2.077730449727432 0.2948045618816718
v -0.029411020336848254 1.9690817450805584 0.36245812387939547
v 0.03699282106240048 1.9599002633409093 0.3365304192858932
v -0.0007097629094665048 2.110041730846427 0.38604880498387284
v 0.06569407848978225 2.1008602491067787 0.3601211003903706
v -0.0007097629094665048 1.992211544459905 0.42777466238809425
v 0.06569407848978225 1.9830300627202564 0.401846957794592
v -0.029411020336848254 2.086911931467081 0.32073226647517417
v 0.03699282106240048 2.077730449727432 0.2948045618816718
v -0.029411020336848254 1.9690817450805584 0.36245812387939547
v 0.03699282106240048 1.9599002633409093 0.3365304192858932
v 0.06650189565602176 2.0860197810871264 0.36502141640306085
v 0.16466409598534595 2.072447155906776 0.3266935052648401
v 0.06650189565602176 1.9917556319779084 0.398402102326438
v 0.16466409598534595 1.978183006797558 0.36007419118821715
v 0.03780063822863999 2.0628899817077793 0.299704877894362
v 0.1359628385579642 2.0493173565274296 0.2613769667561413
v 0.03780063822863999 1.9686258325985615 0.3330855638177392
v 0.1359628385579642 1.9550532074182114 0.29475765267951837
v 0.16466409598534595 2.0488811186294713 0.3350386767456844
v 0.2628262963146702 2.035308493449121 0.29671076560746357
v 0.16466409598534595 1.9840745161168847 0.35798789831800615
v 0.2628262963146702 1.9705018909365342 0.31965998717978533
v 0.1359628385579642 2.025751319250124 0.26972213823698554
v 0.23412503888728844 2.0121786940697746 0.2313942270987649
v 0.1359628385579642 1.9609447167375378 0.29267135980930725
v 0.23412503888728844 1.9473720915571877 0.25434344867108655
v -0.1359628385579642 2.025751319250124 0.26972213823698554
v -0.23412503888728847 2.0121786940697746 0.2313942270987649
v -0.1359628385579642 1.9609447167375378 0.29267135980930725
v -0.23412503888728847 1.9473720915571877 0.25434344867108655
v -0.16466409598534598 2.0488811186294713 0.3350386767456844
v -0.2628262963146702 2.035308493449121 0.29671076560746357
v -0.16466409598534598 1.9840745161168847 0.35798789831800615
v -0.2628262963146702 1.9705018909365342 0.31965998717978533
v -0.03780063822863999 2.0628899817077793 0.299704877894362
v -0.1359628385579642 2.0493173565274296 0.2613769667561413
v -0.03780063822863999 1.9686258325985615 0.3330855638177392
v -0.1359628385579642 1.9550532074182114 0.29475765267951837
v -0.06650189565602177 2.0860197810871264 0.36502141640306085
v -0.16466409598534598 2.072447155906776 0.3266935052648401
v -0.06650189565602177 1.9917556319779084 0.398402102326438
v -0.16466409598534598 1.978183006797558 0.36007419118821715
v -0.036992821062400455 2.1136842787415695 -0.10520048953096947
v 0.02941102033684828 2.1409219700561755 -0.1090284974036905
v -0.036992821062400455 2.0997669686455627 -0.20422729640512607
v 0.02941102033684828 2.127004659960169 -0.20805530427784721
v -0.0656940784897822 2.1823009087723055 -0.11484392798995427
v 0.0007097629094665325 2.209538600086912 -0.11867193586267533
v -0.0656940784897822 2.168383598676299 -0.21387073486411098
v 0.0007097629094665325 2.1956212899909056 -0.21769874273683196
v 0.06569407848978222 2.1823009087723055 -0.11484392798995427
v -0.0007097629094665325 2.209538600086912 -0.11867193586267533
v 0.06569407848978222 2.168383598676299 -0.21387073486411098
v -0.0007097629094665325 2.1956212899909056 -0.21769874273683196
v 0.036992821062400455 2.1136842787415695 -0.10520048953096947
v -0.02941102033684828 2.1409219700561755 -0.1090284974036905
v 0.036992821062400455 2.0997669686455627 -0.20422729640512607
v -0.02941102033684828 2.127004659960169 -0.20805530427784721
v 0.16466409598534598 2.139530563386045 -0.12461150376946281
v 0.06650189565602178 2.1797949766337252 -0.13027029801609358
v 0.16466409598534598 2.12909258081404 -0.19888160892508075
v 0.06650189565602178 2.16935699406172 -0.2045404031717116
v 0.13596283855796423 2.070913933355309 -0.11496806531047796
v 0.03780063822864002 2.1111783466029888 -0.12062685955710875
v 0.13596283855796423 2.060475950783304 -0.18923817046609584
v 0.03780063822864002 2.100740364030984 -0.19489696471272674
v 0.2686005433928657 2.0934183277174414 -0.14337654099156952
v 0.16466409598534595 2.1360512358620434 -0.14936820548800214
v 0.2686005433928657 2.0881993364314395 -0.18051159356937843
v 0.16466409598534595 2.1308322445760415 -0.18650325806581117
v 0.23989928596548396 2.024801697686706 -0.1337331025325845
v 0.13596283855796423 2.0674346058313073 -0.13972476702901723
v 0.23989928596548396 2.019582706400703 -0.17086815511039358
v 0.13596283855796423 2.062215614545305 -0.1768598196068263
v -0.239899285965484 2.024801697686706 -0.1337331025325845
v -0.13596283855796426 2.0674346058313073 -0.13972476702901723
v -0.239899285965484 2.019582706400703 -0.17086815511039358
v -0.13596283855796426 2.062215614545305 -0.1768598196068263
v -0.2686005433928657 2.0934183277174414 -0.14337654099156952
v -0.16466409598534598 2.1360512358620434 -0.14936820548800214
v -0.2686005433928657 2.0881993364314395 -0.18051159356937843
v -0.16466409598534598 2.1308322445760415 -0.18650325806581117
v -0.13596283855796426 2.070913933355309 -0.11496806531047796
v -0.03780063822864002 2.1111783466029888 -0.12062685955710875
v -0.13596283855796426 2.060475950783304 -0.18923817046609584
v -0.03780063822864002 2.100740364030984 -0.19489696471272674
v -0.16466409598534598 2.139530563386045 -0.12461150376946281
v -0.06650189565602177 2.1797949766337252 -0.13027029801609358
v -0.16466409598534598 2.12909258081404 -0.19888160892508075
v -0.06650189565602177 2.16935699406172 -0.2045404031717116
v 0.02941102033684828 2.1409219700561755 0.10902849740369067
v -0.036992821062400455 2.113684278741569 0.10520048953096972
v 0.02941102033684828 2.1270046599601695 0.20805530427784735
v -0.036992821062400455 2.0997669686455627 0.20422729640512646
v 0.0007097629094665325 2.209538600086912 0.11867193586267547
v -0.0656940784897822 2.182300908772305 0.11484392798995459
v 0.0007097629094665325 2.1956212899909056 0.2176987427368322
v -0.0656940784897822 2.1683835986762987 0.21387073486411134
v -0.0007097629094665325 2.209538600086912 0.11867193586267547
v 0.06569407848978222 2.182300908772305 0.11484392798995459
v -0.0007097629094665325 2.1956212899909056 0.2176987427368322
v 0.06569407848978222 2.1683835986762987 0.21387073486411134
v -0.02941102033684828 2.1409219700561755 0.10902849740369067
v 0.036992821062400455 2.113684278741569 0.10520048953096972
v -0.02941102033684828 2.1270046599601695 0.20805530427784735
v 0.036992821062400455 2.0997669686455627 0.20422729640512646
v 0.06650189565602178 2.179794976633725 0.13027029801609394
v 0.16466409598534598 2.1395305633860455 0.12461150376946303
v 0.06650189565602178 2.1693569940617197 0.20454040317171185
v 0.16466409598534598 2.1290925808140404 0.198881608925081
v 0.03780063822864002 2.1111783466029888 0.12062685955710908
v 0.13596283855796423 2.0709139333553086 0.11496806531047814
v 0.03780063822864002 2.1007403640309836 0.194896964712727
v 0.13596283855796423 2.060475950783304 0.18923817046609606
v 0.16466409598534598 2.1360512358620434 0.14936820548800234
v 0.26860054339286576 2.0934183277174414 0.1433765409915696
v 0.16466409598534598 2.130832244576041 0.18650325806581128
v 0.26860054339286576 2.0881993364314395 0.18051159356937863
v 0.13596283855796423 2.067434605831308 0.1397247670290176
v 0.23989928596548396 2.024801697686706 0.13373310253258483
v 0.13596283855796423 2.0622156145453046 0.1768598196068265
v 0.23989928596548396 2.0195827064007026 0.1708681551103937
v -0.13596283855796426 2.067434605831308 0.1397247670290176
v -0.239899285965484 2.024801697686706 0.13373310253258483
v -0.13596283855796426 2.0622156145453046 0.1768598196068265
v -0.239899285965484 2.0195827064007026 0.1708681551103937
v -0.16466409598534598 2.1360512358620434 0.14936820548800234
v -0.26860054339286576 2.0934183277174414 0.1433765409915696
v -0.16466409598534598 2.130832244576041 0.18650325806581128
v -0.26860054339286576 2.0881993364314395 0.18051159356937863
v -0.03780063822864002 2.1111783466029888 0.12062685955710908
v -0.13596283855796426 2.0709139333553086 0.11496806531047814
v -0.03780063822864002 2.1007403640309836 0.194896964712727
v -0.13596283855796426 2.060475950783304 0.18923817046609606
v -0.06650189565602177 2.179794976633725 0.13027029801609394
v -0.16466409598534598 2.1395305633860455 0.12461150376946303
v -0.06650189565602177 2.1693569940617197 0.20454040317171185
v -0.16466409598534598 2.1290925808140404 0.198881608925081
v 0.16034864550661096 2.0708450512906755 -0.3322493965649681
v 0.006246051535603592 2.091817208792186 -0.37935363354147233
v 0.16034864550661096 2.0194581192982795 -0.35512833273798194
v 0.006246051535603592 2.04043027679979 -0.40223256971448607
v 0.14250025858382456 2.049148414911854 -0.28351795338810637
v -0.011602335387182833 2.0701205724133644 -0.3306221903646105
v 0.14250025858382456 1.9977614829194574 -0.3063968895611202
v -0.011602335387182833 2.0187336404209684 -0.35350112653762433
v -0.1425002585838246 2.049148414911854 -0.28351795338810637
v 0.011602335387182833 2.0701205724133644 -0.3306221903646105
v -0.1425002585838246 1.9977614829194574 -0.3063968895611202
v 0.011602335387182833 2.0187336404209684 -0.35350112653762433
v -0.16034864550661093 2.0708450512906755 -0.3322493965649681
v -0.006246051535603592 2.091817208792186 -0.37935363354147233
v -0.16034864550661093 2.0194581192982795 -0.35512833273798194
v -0.006246051535603592 2.04043027679979 -0.40223256971448607
v -0.22547857841436697 2.0150170782776677 -0.26832254955457613
v -0.1425002585838246 2.0263097784707886 -0.2936863694650015
v -0.22547857841436697 1.9864687827263365 -0.28103306965069486
v -0.1425002585838246 1.9977614829194574 -0.3063968895611202
v -0.24332696533715342 2.036713714656489 -0.31705399273143775
v -0.160348645506611 2.04800641484961 -0.3424178126418631
v -0.24332696533715342 2.0081654191051577 -0.3297645128275565
v -0.160348645506611 2.0194581192982795 -0.35512833273798194
v 0.2433269653371534 2.036713714656489 -0.31705399273143775
v 0.160348645506611 2.04800641484961 -0.3424178126418631
v 0.2433269653371534 2.0081654191051577 -0.3297645128275565
v 0.160348645506611 2.0194581192982795 -0.35512833273798194
v 0.225478578414367 2.0150170782776677 -0.26832254955457613
v 0.14250025858382456 2.0263097784707886 -0.2936863694650015
v 0.225478578414367 1.9864687827263365 -0.28103306965069486
v 0.14250025858382456 1.9977614829194574 -0.3063968895611202
v -0.27663575600544893 1.7969199600278438 0.1000000000000001
v -0.27663575600544893 1.7969199600278438 -0.12499999999999986
v -0.24889894015868796 1.5862379269859095 0.10000000000000012
v -0.24889894015868796 1.5862379269859095 -0.12499999999999986
v -0.30761840792338047 1.7928410165209674 0.10000000000000006
v -0.30761840792338047 1.7928410165209674 -0.12499999999999994
v -0.27988159207661956 1.5821589834790328 0.10000000000000009
v -0.27988159207661956 1.5821589834790328 -0.12499999999999986
v -0.30190788701375326 1.7494653038358634 0.0750000000000001
v -0.30190788701375326 1.7494653038358636 -0.09999999999999984
v -0.2774342259724936 1.5635693923282739 0.07500000000000004
v -0.2774342259724936 1.563569392328274 -0.0999999999999999
v -0.376266251616789 1.7396758394193594 0.07500000000000007
v -0.376266251616789 1.7396758394193597 -0.0999999999999999
v -0.35179259057552936 1.55377992791177 0.07500000000000008
v -0.35179259057552936 1.55377992791177 -0.0999999999999999
v -0.2835527761848318 1.798000994346039 0.05937500000000011
v -0.2835527761848318 1.7980009943460393 -0.08437499999999992
v -0.3045818235994116 1.7195195209600527 0.05937500000000002
v -0.3045818235994116 1.7195195209600527 -0.0843749999999999
v -0.3559972131565119 1.8174124227287283 0.059375000000000046
v -0.3559972131565119 1.8174124227287283 -0.0843749999999999
v -0.37702626057109173 1.7389309493427418 0.059375000000000115
v -0.37702626057109173 1.7389309493427418 -0.08437499999999992
v -0.29375000000000007 1.6875000000000002 0.059375000000000136
v -0.29375000000000007 1.6875000000000002 -0.0843749999999999
v -0.32610238063781516 1.5667592717138668 0.05937500000000008
v -0.32610238063781516 1.5667592717138668 -0.08437499999999987
v -0.36619443697168014 1.7069114283826894 0.05937500000000008
v -0.36619443697168014 1.7069114283826894 -0.08437499999999995
v -0.39854681760949523 1.5861707000965555 0.05937500000000007
v -0.39854681760949523 1.5861707000965555 -0.08437499999999998
v -0.3084341966247558 1.7990375469045539 0.10625000000000001
v -0.3084341966247558 1.7990375469045539 -0.1312499999999999
v -0.2790658033752442 1.5759624530954466 0.10625000000000007
v -0.2790658033752442 1.5759624530954466 -0.13124999999999995
v -0.3394168485426874 1.794958603397677 0.1062500000000001
v -0.3394168485426874 1.7949586033976772 -0.13124999999999992
v -0.31004845529317576 1.5718835095885697 0.10625000000000004
v -0.31004845529317576 1.57188350958857 -0.13124999999999995
v 0.30761840792338047 1.7928410165209674 0.10000000000000006
v 0.30761840792338047 1.7928410165209674 -0.12499999999999994
v 0.27988159207661956 1.5821589834790328 0.10000000000000009
v 0.27988159207661956 1.5821589834790328 -0.12499999999999986
v 0.27663575600544893 1.7969199600278438 0.1000000000000001
v 0.27663575600544893 1.7969199600278438 -0.12499999999999986
v 0.24889894015868796 1.5862379269859095 0.10000000000000012
v 0.24889894015868796 1.5862379269859095 -0.12499999999999986
v 0.376266251616789 1.7396758394193594 0.07500000000000007
v 0.376266251616789 1.7396758394193597 -0.0999999999999999
v 0.35179259057552936 1.55377992791177 0.07500000000000008
v 0.35179259057552936 1.55377992791177 -0.0999999999999999
v 0.30190788701375326 1.7494653038358634 0.0750000000000001
v 0.30190788701375326 1.7494653038358636 -0.09999999999999984
v 0.2774342259724936 1.5635693923282739 0.07500000000000004
v 0.2774342259724936 1.563569392328274 -0.0999999999999999
v 0.3559972131565119 1.8174124227287283 0.059375000000000046
v 0.3559972131565119 1.8174124227287283 -0.0843749999999999
v 0.3770262605710917 1.7389309493427418 0.059375000000000115
v 0.3770262605710917 1.7389309493427418 -0.08437499999999992
v 0.2835527761848318 1.798000994346039 0.05937500000000011
v 0.2835527761848318 1.7980009943460393 -0.08437499999999992
v 0.3045818235994116 1.7195195209600527 0.05937500000000002
v 0.3045818235994116 1.7195195209600527 -0.0843749999999999
v 0.36619443697168014 1.7069114283826894 0.05937500000000008
v 0.36619443697168014 1.7069114283826894 -0.08437499999999995
v 0.39854681760949523 1.5861707000965555 0.05937500000000007
v 0.39854681760949523 1.5861707000965555 -0.08437499999999998
v 0.29375000000000007 1.6875000000000002 0.059375000000000136
v 0.29375000000000007 1.6875000000000002 -0.0843749999999999
v 0.32610238063781516 1.5667592717138668 0.05937500000000008
v 0.32610238063781516 1.5667592717138668 -0.08437499999999987
v 0.3394168485426874 1.794958603397677 0.1062500000000001
v 0.3394168485426874 1.7949586033976772 -0.13124999999999992
v 0.31004845529317576 1.5718835095885697 0.10625000000000004
v 0.31004845529317576 1.57188350958857 -0.13124999999999995
v 0.3084341966247558 1.7990375469045539 0.10625000000000001
v 0.3084341966247558 1.7990375469045539 -0.1312499999999999
v 0.2790658033752442 1.5759624530954466 0.10625000000000007
v 0.2790658033752442 1.5759624530954466 -0.13124999999999995
v -0.2926524689811226 2.0528729449982603 0.09062500000000008
v -0.2926524689811226 2.0528729449982603 -0.09062499999999998
v -0.3193654066844567 1.9371664998050138 0.09062500000000011
v -0.3193654066844567 1.9371664998050138 -0.0906249999999999
v -0.29874228188603047 2.05427888908791 0.09062500000000015
v -0.29874228188603047 2.05427888908791 -0.09062499999999984
v -0.3254552195893645 1.9385724438946625 0.09062500000000008
v -0.3254552195893645 1.9385724438946625 -0.09062499999999993
v 0.11222937500000013 2.1568853716246887 -0.17085775378717008
v 0.11222937500000013 2.244222166486602 -0.17619950099646994
v -0.11589562500000022 2.1568853716246883 -0.17085775378717002
v -0.11589562500000022 2.244222166486602 -0.17619950099646994
v 0.11222937500000009 2.169858186275845 0.041245890877476654
v 0.11222937500000008 2.257194981137759 0.03590414366817671
v -0.11589562500000022 2.169858186275845 0.0412458908774766
v -0.11589562500000022 2.2571949811377587 0.035904143668176666
v 0.11222937500000006 2.1316401612481553 0.22587949782883268
v 0.11222937500000005 2.2010585785236385 0.2791461228670957
v -0.11589562499999984 2.1316401612481553 0.22587949782883268
v -0.11589562499999989 2.2010585785236385 0.27914612286709567
v 0.11222937500000006 2.0022783575838017 0.39446708264072006
v 0.11222937500000005 2.0716967748592854 0.44773370767898324
v -0.11589562499999984 2.0022783575838017 0.39446708264072006
v -0.11589562499999989 2.0716967748592854 0.44773370767898313
v 0.1140406250000004 2.1742635099832857 0.01758565942766667
v 0.11404062500000041 2.2596894106062795 0.036524125647250605
v -0.12033437499999955 2.1742635099832857 0.01758565942766667
v -0.12033437499999955 2.2596894106062795 0.03652412564725055
v 0.11404062500000028 2.12015360649876 0.26165966120764994
v 0.1140406250000003 2.205579507121754 0.2805981274272339
v -0.12033437499999966 2.12015360649876 0.26165966120764994
v -0.12033437499999966 2.205579507121754 0.2805981274272339
v 0.125 2.1026722726995017 -0.37186999700357426
v 0.125 2.1361570730314474 -0.4527094560983117
v 0.125 1.8861380072671694 -0.461561426464142
v 0.125 1.9196228075991142 -0.5424008855588794
v -0.125 2.1026722726995017 -0.37186999700357426
v -0.125 2.1361570730314474 -0.4527094560983117
v -0.125 1.8861380072671694 -0.461561426464142
v -0.125 1.9196228075991142 -0.5424008855588794
v -0.087581619371327 2.1023268002476247 -0.37576897706508905
v -0.12456071727363821 2.1326743355358335 -0.44903440834248043
v -0.087581619371327 1.8915667818934867 -0.46306863507337537
v -0.12456071727363821 1.9219143171816964 -0.5363340663507667
v -0.2801720241166151 2.067959386263716 -0.2927987001214465
v -0.31715112201892637 2.098306921551925 -0.366064131398838
v -0.2801720241166151 1.8571993679095782 -0.3800983581297328
v -0.31715112201892637 1.8875469031977876 -0.4533637894071241
v 0.2801720241166151 2.067959386263716 -0.2927987001214465
v 0.31715112201892637 2.098306921551925 -0.366064131398838
v 0.2801720241166151 1.8571993679095782 -0.3800983581297328
v 0.31715112201892637 1.8875469031977876 -0.4533637894071241
v 0.087581619371327 2.1023268002476247 -0.37576897706508905
v 0.12456071727363818 2.1326743355358335 -0.44903440834248043
v 0.087581619371327 1.8915667818934867 -0.46306863507337537
v 0.12456071727363818 1.9219143171816964 -0.5363340663507667
v -0.2801720241166151 2.021765409638151 -0.31193287173970097
v -0.2960202089318914 2.0347714961902414 -0.3433323422871545
v -0.2801720241166151 1.9033933445351428 -0.3609641865114782
v -0.2960202089318914 1.9163994310872325 -0.3923636570589315
v -0.29150087145457326 2.0197437970508623 -0.30705226721360446
v -0.30734905626984943 2.032749883602952 -0.33845173776105786
v -0.29150087145457326 1.901371731947854 -0.3560835819853816
v -0.30734905626984943 1.9143778184999438 -0.3874830525328349
v 0.29150087145457326 2.0197437970508623 -0.30705226721360446
v 0.30734905626984943 2.032749883602952 -0.33845173776105786
v 0.29150087145457326 1.901371731947854 -0.3560835819853816
v 0.30734905626984943 1.9143778184999438 -0.3874830525328349
v 0.2801720241166151 2.021765409638151 -0.31193287173970097
v 0.2960202089318914 2.0347714961902414 -0.3433323422871545
v 0.2801720241166151 1.9033933445351428 -0.3609641865114782
v 0.2960202089318914 1.9163994310872325 -0.3923636570589315
v 0.36692900823914165 1.98205386276817 -0.2189336134396148
v 0.2883752776596997 2.014992300567607 -0.34992381623121693
v 0.38126826611398457 1.8915248912294065 -0.2502969139791382
v 0.30271453553454264 1.9244633290288435 -0.38128711677074034
v 0.3562831520621019 1.9784682057399827 -0.21345102190513063
v 0.27772942148266 2.01140664353942 -0.3444412246967328
v 0.37062240993694484 1.8879392342012191 -0.24481432244465398
v 0.2920686793575029 1.9208776720006564 -0.3758045252362562
v 0.4008030050543113 1.9192814520186077 0.16911893873023717
v 0.3680610542377456 1.9846336452208657 -0.23050102823885768
v 0.41583721425278974 1.8250385777697786 0.15247505600727373
v 0.383095263436224 1.8903907709720367 -0.24714491096182103
v 0.3884956149493032 1.9172001264808403 0.16978694532375688
v 0.35575366413273746 1.9825523196830983 -0.2298330216453379
v 0.4035298241477816 1.8229572522320112 0.15314306260079347
v 0.3707878733312159 1.8883094454342693 -0.2464769043683013
v 0.350087847864323 1.9065568188564004 0.32335042963978144
v 0.4007125581295986 1.9123736397649282 0.16247822630721384
v 0.36681440674039556 1.8111540047319155 0.32516451626791854
v 0.4174391170056712 1.8169708256404433 0.16429231293535085
v 0.3383605485035165 1.9044290857214814 0.3195830430909131
v 0.3889852587687921 1.9102459066300093 0.15871083975834535
v 0.35508710737958904 1.8090262715969965 0.3213971297190501
v 0.4057118176448647 1.8148430925055243 0.16052492638648236
v 0.18682044388605795 1.8998588840013797 0.3509647855013098
v 0.34798063509728433 1.905182350616007 0.330832635294143
v 0.189957691104662 1.8030359286665982 0.350476292790599
v 0.3511178823158884 1.8083593952812254 0.33034414258343225
v 0.18527058403101987 1.899871244137496 0.33856124642341845
v 0.34643077524224625 1.9051947107521232 0.3184290962162517
v 0.18840783124962396 1.8030482888027146 0.33807275371270773
v 0.34956802246085034 1.808371755417342 0.317940603505541
v -0.002166357316405715 1.8511150001310033 0.4266136851224621
v 0.16784762277269655 1.8642371447203476 0.3651757620159747
v 0.0029683652774704083 1.7545886037865226 0.4202062630486396
v 0.17298234536657264 1.767710748375867 0.3587683399421522
v -0.006448064411582577 1.8516659302396472 0.41488280875424033
v 0.16356591567751969 1.8647880748289916 0.353444885647753
v -0.001313341817706426 1.7551395338951667 0.40847538668041805
v 0.1687006382713958 1.7682616784845109 0.3470374635739304
v -0.37326555366363207 1.9900519184788361 -0.21772309758179517
v -0.27930101139849256 2.015388124143415 -0.3399638599298146
v -0.3803897541450559 1.8966839667582924 -0.2425512466068606
v -0.28642521187991643 1.9220201724228712 -0.3647920089548802
v -0.3832102623601273 1.992697664734444 -0.22481906796594922
v -0.2892457200949877 2.018033870399023 -0.3470598303139685
v -0.3903344628415511 1.8993297130139006 -0.24964721699101458
v -0.2963699205764116 1.9246659186784791 -0.37188797933903406
v -0.3491555366382682 1.9230367924139535 0.222339081664863
v -0.3792776978714861 1.9355859411201808 0.05677417967960212
v -0.34795658795741746 1.8264629546345563 0.21480104454507049
v -0.3780787491906353 1.8390121033407842 0.04923614255980972
v -0.36145380870330485 1.9227113896590975 0.22455191181231487
v -0.3915759699365226 1.9352605383653252 0.05898700982705409
v -0.36025486002245405 1.8261375518797005 0.2170138746925224
v -0.3903770212556718 1.8386867005859282 0.05144897270726159
v -0.24171207159112207 1.91477748777827 0.34523631053174964
v -0.35081201659593303 1.9234489785055746 0.2167895521121091
v -0.24051316257092842 1.8182036516937852 0.33769824538951787
v -0.3496131075757394 1.8268751424210898 0.20925148696987728
v -0.2512470488567349 1.9140308987452515 0.35328471493013947
v -0.36034699386154584 1.9227023894725566 0.22483795651049904
v -0.2500481398365413 1.817457062660767 0.3457466497879077
v -0.37991872684141553 1.971559571563557 -0.06435673086464044
v -0.36917938628167474 1.9952477156041133 -0.231090353437461
v -0.39147291620571917 1.8764387521456265 -0.07861492312016119
v -0.3807335756459785 1.9001268961861828 -0.24534854569298167
v -0.3923039800145984 1.9731497042706545 -0.06492855409780063
v -0.3815646394548577 1.996837848311211 -0.2316621766706212
v -0.4038581693789021 1.878028884852724 -0.07918674635332132
v -0.39311882881916144 1.9017170288932805 -0.24592036892614186
v -0.3690087628193815 1.9286463453605747 0.08249029810523299
v -0.376032610595654 1.977678974172322 -0.07882625211273178
v -0.3711742935199602 1.8359553377842905 0.0544108889896851
v -0.3781981412962328 1.884987966596038 -0.10690566122827957
v -0.38149480406982744 1.9287626544237877 0.08306930250415648
v -0.38851865184610007 1.9777952832355348 -0.07824724771380834
v -0.38366033477040623 1.8360716468475038 0.0549898933886086
v -0.39068418254667886 1.885104275659251 -0.10632665682935624
v 0.006448064411582577 1.8516659302396472 0.41488280875424033
v -0.1635659156775197 1.8647880748289916 0.353444885647753
v 0.001313341817706426 1.7551395338951667 0.40847538668041805
v -0.1687006382713958 1.7682616784845109 0.3470374635739304
v 0.002166357316405715 1.8511150001310033 0.4266136851224621
v -0.16784762277269655 1.8642371447203476 0.3651757620159747
v -0.0029683652774704083 1.7545886037865226 0.4202062630486396
v -0.17298234536657264 1.767710748375867 0.3587683399421522
v 0.3167050790368314 2.0122354344122404 0.14482856435305266
v 0.30771127033300033 1.8028297210714792 0.10983415586761566
v 0.39533377567303385 2.0056208107824007 0.16420218867911993
v 0.38633996696920275 1.7962150974416389 0.1292077801936829
v 0.2763434558530563 1.9879782856341115 0.30035598993171597
v 0.2673496471492252 1.7785725722933499 0.26536158144627897
v 0.35497215248925873 1.981363662004271 0.3197296142577831
v 0.3459783437854276 1.7719579486635095 0.2847352057723461
v -0.09054144157795876 2.2285825872673914 0.2690870429944346
v -0.08456201294725424 2.2341068589954114 0.2557502712664146
v -0.09050355910864588 2.228533003620233 0.26908348905953017
v -0.08452413047794133 2.2340572753482526 0.2557467173315102
v -0.28664602305989745 2.08919653573494 0.12342962210560185
v -0.28066659442919295 2.09472080746296 0.11009285037758204
v -0.28660814059058454 2.089146952087782 0.12342606817069757
v -0.28062871195988004 2.094671223815802 0.11008929644267766
v 0.08274047148310797 2.2011569803079145 0.3354165041129189
v 0.0887199001138125 2.206681252035934 0.32207973238489895
v 0.08274047148310797 2.201099237837132 0.33539258639839586
v 0.0887199001138125 2.2066235095651523 0.32205581467037603
v -0.09048694086275827 2.228615719571675 0.26912524337668
v -0.08450751223205374 2.2341399912996955 0.25578847164866014
v -0.09048694086275827 2.2285579771008934 0.26910132566215705
v -0.08450751223205374 2.2340822488289134 0.2557645539341373
v 0.09048694086275828 2.228615719571675 0.26912524337668
v 0.08450751223205374 2.2341399912996955 0.25578847164866014
v 0.09048694086275828 2.2285579771008934 0.26910132566215705
v 0.08450751223205374 2.2340822488289134 0.2557645539341373
v -0.08274047148310798 2.2011569803079145 0.3354165041129189
v -0.0887199001138125 2.206681252035934 0.32207973238489895
v -0.08274047148310798 2.201099237837132 0.33539258639839586
v -0.0887199001138125 2.2066235095651523 0.32205581467037603
v 0.26854938474582485 2.0156971778540114 0.341902815719552
v 0.2745288133765294 2.0212214495820313 0.3285660439915321
v 0.2685122686010533 2.0156588279342618 0.34187028995357227
v 0.27449169723175787 2.021183099662282 0.3285335182255523
v 0.08276952947302182 2.2010334463728682 0.33537878733807264
v 0.08874895810372636 2.2065577181008886 0.32204201561005286
v 0.0827324133282503 2.2009950964531195 0.335346261572093
v 0.08871184195895485 2.206519368181139 0.32200948984407307
v -0.08276988915741695 2.201033219344049 0.3353785548700936
v -0.08874931778812145 2.206557491072069 0.32204178314207377
v -0.08273277301264542 2.2009948694243002 0.335346029104114
v -0.08871220164334997 2.2065191411523197 0.322009257376094
v -0.26854974443021995 2.015696950825192 0.34190258325157297
v -0.27452917306092445 2.021221222553212 0.328565811523553
v -0.2685126282854484 2.015658600905443 0.3418700574855933
v -0.27449205691615297 2.0211828726334624 0.32853328575757335
v 0.28664602305989745 2.08919653573494 0.12342962210560185
v 0.28066659442919295 2.09472080746296 0.11009285037758204
v 0.28660814059058454 2.089146952087782 0.12342606817069757
v 0.28062871195988004 2.094671223815802 0.11008929644267766
v 0.09054144157795876 2.2285825872673914 0.2690870429944346
v 0.08456201294725424 2.2341068589954114 0.2557502712664146
v 0.09050355910864587 2.228533003620233 0.26908348905953017
v 0.08452413047794134 2.2340572753482526 0.2557467173315102
v -0.38355266636298485 2.0198565461793536 -0.04521777075351771
v -0.3223021799600403 2.009034916094087 -0.03909239421812369
v -0.4080237989560052 1.7903665182761213 -0.2059568551810099
v -0.3467733125530607 1.7795448881908547 -0.19983147864561587
v -0.36118700062827075 2.088801984072816 -0.1470573681109397
v -0.2999365142253262 2.0779803539875488 -0.14093199157554573
v -0.3856581332212912 1.8593119561695832 -0.307796452538432
v -0.3244076468183466 1.8484903260843164 -0.3016710760030378
v -0.09054152176342584 2.2688681972208573 -0.0428943929691315
v -0.08456209313272128 2.2687422242905972 -0.057329461000531656
v -0.09050363929411293 2.268821166600001 -0.04287829050905123
v -0.08452421066340837 2.2686951936697395 -0.05731335854045147
v -0.2866461032453646 2.083649771844933 -0.12251028662772814
v -0.2806666746146601 2.083523798914672 -0.1369453546591283
v -0.2866082207760517 2.0836027412240763 -0.12249418416764779
v -0.2806287921453472 2.0834767682938153 -0.13692925219904803
v 0.08274041717966996 2.2695401211999724 0.0288782440010113
v 0.08871984581037448 2.269414148269712 0.014443175969611144
v 0.08274041717966996 2.2694776235797804 0.028878789409480077
v 0.08871984581037448 2.26935165064952 0.014443721378079755
v -0.0904869951661963 2.268913964845502 -0.04287216742759975
v -0.0845075665354918 2.2687879919152416 -0.05730723545900002
v -0.0904869951661963 2.2688514672253097 -0.04287162201913122
v -0.0845075665354918 2.268725494295049 -0.05730669005053138
v 0.09048699516619631 2.268913964845502 -0.04287216742759975
v 0.08450756653549178 2.2687879919152416 -0.05730723545900002
v 0.09048699516619631 2.2688514672253097 -0.04287162201913122
v 0.08450756653549178 2.268725494295049 -0.05730669005053138
v -0.08274041717966996 2.2695401211999724 0.0288782440010113
v -0.08871984581037448 2.269414148269712 0.014443175969611144
v -0.08274041717966996 2.2694776235797804 0.028878789409480077
v -0.08871984581037448 2.26935165064952 0.014443721378079755
v 0.2685494945695525 2.1013577182700667 0.10731391258766823
v 0.27452892320025707 2.101231745339806 0.09287884455626798
v 0.2685123784247811 2.1013097081535617 0.10729895696964264
v 0.27449180705548565 2.1011837352233007 0.09286388893824245
v 0.08276963929674935 2.269411511990648 0.028891863450090746
v 0.08874906792745388 2.269285539060388 0.014456795418690535
v 0.08273252315197793 2.2693635018741434 0.0288769078320652
v 0.08871195178268246 2.269237528943883 0.01444183980066499
v -0.08276955664815627 2.2694116123051224 0.02889155145025034
v -0.08874898527886077 2.269285639374862 0.014456483418850127
v -0.08273244050338474 2.2693636021886174 0.028876595832224794
v -0.08871186913408924 2.2692376292583574 0.014441527800824638
v -0.2685494119209593 2.101357818584541 0.10731360058782777
v -0.2745288405516638 2.1012318456542807 0.09287853255642761
v -0.2685122957761878 2.1013098084680353 0.1072986449698023
v -0.2744917244068923 2.101183835537775 0.0928635769384021
v 0.2825936091296232 1.9502341151659848 0.36409667043437355
v 0.2762921711424341 1.9584122966405222 0.31837277239338035
v 0.27741562867958086 1.8086995682623208 0.33949538893861675
v 0.27111419069239173 1.8168777497368582 0.29377149089762344
v 0.2361747921801986 1.950802699516629 0.3705955757154199
v 0.22987335419300947 1.9589808809911664 0.3248716776744267
v 0.23099681173015624 1.809268152612965 0.345994294219663
v 0.2246953737429671 1.8174463340875027 0.3002703961786698
v 0.18259360912962325 1.950234115165985 0.42034667043437346
v 0.17629217114243412 1.9584122966405222 0.37462277239338027
v 0.17741562867958088 1.8086995682623208 0.39574538893861666
v 0.17111419069239175 1.8168777497368582 0.35002149089762347
v 0.1361747921801986 1.9508026995166292 0.4268455757154198
v 0.12987335419300947 1.9589808809911666 0.38112167767442673
v 0.13099681173015623 1.8092681526129648 0.402244294219663
v 0.1246953737429671 1.8174463340875024 0.3565203961786697
v 0.23259360912962324 1.950234115165985 0.38909667043437357
v 0.2262921711424341 1.9584122966405224 0.3433727723933804
v 0.22741562867958087 1.8086995682623206 0.36449538893861666
v 0.22111419069239174 1.816877749736858 0.31877149089762347
v 0.1861747921801986 1.950802699516629 0.3955955757154198
v 0.17987335419300948 1.9589808809911664 0.34987167767442673
v 0.18099681173015625 1.809268152612965 0.3709942942196629
v 0.17469537374296712 1.8174463340875024 0.3252703961786697
v -0.13617479218019862 1.9508026995166292 0.4268455757154198
v -0.1298733541930095 1.9589808809911666 0.38112167767442673
v -0.13099681173015626 1.8092681526129648 0.402244294219663
v -0.12469537374296713 1.8174463340875024 0.3565203961786697
v -0.18259360912962325 1.950234115165985 0.42034667043437346
v -0.17629217114243412 1.9584122966405222 0.37462277239338027
v -0.17741562867958088 1.8086995682623208 0.39574538893861666
v -0.17111419069239175 1.8168777497368582 0.35002149089762347
v -0.1861747921801986 1.950802699516629 0.3955955757154198
v -0.17987335419300948 1.9589808809911664 0.34987167767442673
v -0.18099681173015625 1.809268152612965 0.3709942942196629
v -0.17469537374296712 1.8174463340875024 0.3252703961786697
v -0.23259360912962324 1.950234115165985 0.38909667043437357
v -0.2262921711424341 1.9584122966405224 0.3433727723933804
v -0.22741562867958087 1.8086995682623206 0.36449538893861666
v -0.22111419069239174 1.816877749736858 0.31877149089762347
v -0.2361747921801986 1.950802699516629 0.3705955757154199
v -0.22987335419300947 1.9589808809911664 0.3248716776744267
v -0.23099681173015624 1.809268152612965 0.345994294219663
v -0.2246953737429671 1.8174463340875027 0.3002703961786698
v -0.2825936091296232 1.9502341151659848 0.36409667043437355
v -0.2762921711424341 1.9584122966405222 0.31837277239338035
v -0.27741562867958086 1.8086995682623208 0.33949538893861675
v -0.27111419069239173 1.8168777497368582 0.29377149089762344
v 0.13125 1.981249830559531 0.49375008845923374
v 0.13125 1.9934274768935367 0.4071016324443465
v 0.13125 1.7336828133741382 0.45895681321921733
v 0.13125 1.745860459708144 0.3723083572043302
v 0.0062500000000000056 1.981249830559531 0.49375008845923374
v 0.0062500000000000056 1.9934274768935367 0.4071016324443465
v 0.0062500000000000056 1.7336828133741382 0.45895681321921733
v 0.0062500000000000056 1.745860459708144 0.3723083572043302
v 0 1.981249830559531 0.49375008845923374
v 0 1.9934274768935367 0.4071016324443465
v 0 1.7336828133741382 0.45895681321921733
v 0 1.745860459708144 0.3723083572043302
v -0.125 1.981249830559531 0.49375008845923374
v -0.125 1.9934274768935367 0.4071016324443465
v -0.125 1.7336828133741382 0.45895681321921733
v -0.125 1.745860459708144 0.3723083572043302
v 0.0791233836307746 1.5945586966983238 -0.21115453250479418
v 0.08662580475835067 1.6276963170312435 -0.21637491763385855
v 0.13637751190714706 1.5541970548092117 -0.38507736786383406
v 0.14387993303472313 1.5873346751421316 -0.3902977529928985
v 0.047261558561679406 1.5999237833902389 -0.22288826903901945
v 0.05476397968925545 1.633061403723159 -0.22810865416808393
v 0.10451568683805185 1.5595621415011267 -0.39681110439805944
v 0.11201810796562792 1.5926997618340466 -0.402031489527124
vt 0.671875 0.859375
vt 0.6484375 0.859375
vt 0.6484375 0.857421875
vt 0.671875 0.857421875
vt 0.328125 0.349609375
vt 0.328125 0.3515625
vt 0.3046875 0.3515625
vt 0.3046875 0.349609375
vt 0.2890625 0.75
vt 0.3046875 0.75
vt 0.3046875 0.7734375
vt 0.2890625 0.7734375
vt 0.3359375 0.5859375
vt 0.3359375 0.609375
vt 0.3203125 0.609375
vt 0.3203125 0.5859375
vt 0.6796875 0.974609375
vt 0.6796875 0.9765625
vt 0.6640625 0.9765625
vt 0.6640625 0.974609375
vt 0.6796875 0.7421875
vt 0.6640625 0.7421875
vt 0.6640625 0.740234375
vt 0.6796875 0.740234375
vt 0.671875 0.859375
vt 0.6484375 0.859375
vt 0.6484375 0.857421875
vt 0.671875 0.857421875
vt 0.328125 0.349609375
vt 0.328125 0.3515625
vt 0.3046875 0.3515625
vt 0.3046875 0.349609375
vt 0.2890625 0.75
vt 0.3046875 0.75
vt 0.3046875 0.7734375
vt 0.2890625 0.7734375
vt 0.3359375 0.5859375
vt 0.3359375 0.609375
vt 0.3203125 0.609375
vt 0.3203125 0.5859375
vt 0.6796875 0.724609375
vt 0.6796875 0.7265625
vt 0.6640625 0.7265625
vt 0.6640625 0.724609375
vt 0.6796875 0.7421875
vt 0.6640625 0.7421875
vt 0.6640625 0.740234375
vt 0.6796875 0.740234375
vt 0.671875 0.859375
vt 0.6484375 0.859375
vt 0.6484375 0.857421875
vt 0.671875 0.857421875
vt 0.328125 0.349609375
vt 0.328125 0.3515625
vt 0.3046875 0.3515625
vt 0.3046875 0.349609375
vt 0.2890625 0.75
vt 0.3046875 0.75
vt 0.3046875 0.7734375
vt 0.2890625 0.7734375
vt 0.3359375 0.5859375
vt 0.3359375 0.609375
vt 0.3203125 0.609375
vt 0.3203125 0.5859375
vt 0.6796875 0.724609375
vt 0.6796875 0.7265625
vt 0.6640625 0.7265625
vt 0.6640625 0.724609375
vt 0.6796875 0.7421875
vt 0.6640625 0.7421875
vt 0.6640625 0.740234375
vt 0.6796875 0.740234375
vt 0.671875 0.859375
vt 0.6484375 0.859375
vt 0.6484375 0.857421875
vt 0.671875 0.857421875
vt 0.328125 0.349609375
vt 0.328125 0.3515625
vt 0.3046875 0.3515625
vt 0.3046875 0.349609375
vt 0.2890625 0.75
vt 0.3046875 0.75
vt 0.3046875 0.7734375
vt 0.2890625 0.7734375
vt 0.3359375 0.5859375
vt 0.3359375 0.609375
vt 0.3203125 0.609375
vt 0.3203125 0.5859375
vt 0.6796875 0.724609375
vt 0.6796875 0.7265625
vt 0.6640625 0.7265625
vt 0.6640625 0.724609375
vt 0.6796875 0.7421875
vt 0.6640625 0.7421875
vt 0.6640625 0.740234375
vt 0.6796875 0.740234375
vt 0.671875 0.859375
vt 0.6484375 0.859375
vt 0.6484375 0.857421875
vt 0.671875 0.857421875
vt 0.328125 0.349609375
vt 0.328125 0.3515625
vt 0.3046875 0.3515625
vt 0.3046875 0.349609375
vt 0.2890625 0.75
vt 0.3046875 0.75
vt 0.3046875 0.7734375
vt 0.2890625 0.7734375
vt 0.3359375 0.5859375
vt 0.3359375 0.609375
vt 0.3203125 0.609375
vt 0.3203125 0.5859375
vt 0.6796875 0.724609375
vt 0.6796875 0.7265625
vt 0.6640625 0.7265625
vt 0.6640625 0.724609375
vt 0.6796875 0.7421875
vt 0.6640625 0.7421875
vt 0.6640625 0.740234375
vt 0.6796875 0.740234375
vt 0.671875 0.859375
vt 0.6484375 0.859375
vt 0.6484375 0.857421875
vt 0.671875 0.857421875
vt 0.328125 0.349609375
vt 0.328125 0.3515625
vt 0.3046875 0.3515625
vt 0.3046875 0.349609375
vt 0.2890625 0.75
vt 0.3046875 0.75
vt 0.3046875 0.7734375
vt 0.2890625 0.7734375
vt 0.3359375 0.5859375
vt 0.3359375 0.609375
vt 0.3203125 0.609375
vt 0.3203125 0.5859375
vt 0.6796875 0.724609375
vt 0.6796875 0.7265625
vt 0.6640625 0.7265625
vt 0.6640625 0.724609375
vt 0.6796875 0.7421875
vt 0.6640625 0.7421875
vt 0.6640625 0.740234375
vt 0.6796875 0.740234375
vt 0.671875 0.859375
vt 0.6484375 0.859375
vt 0.6484375 0.857421875
vt 0.671875 0.857421875
vt 0.328125 0.349609375
vt 0.328125 0.3515625
vt 0.3046875 0.3515625
vt 0.3046875 0.349609375
vt 0.2890625 0.75
vt 0.3046875 0.75
vt 0.3046875 0.7734375
vt 0.2890625 0.7734375
vt 0.3359375 0.5859375
vt 0.3359375 0.609375
vt 0.3203125 0.609375
vt 0.3203125 0.5859375
vt 0.6796875 0.724609375
vt 0.6796875 0.7265625
vt 0.6640625 0.7265625
vt 0.6640625 0.724609375
vt 0.6796875 0.7421875
vt 0.6640625 0.7421875
vt 0.6640625 0.740234375
vt 0.6796875 0.740234375
vt 0.671875 0.859375
vt 0.6484375 0.859375
vt 0.6484375 0.857421875
vt 0.671875 0.857421875
vt 0.328125 0.349609375
vt 0.328125 0.3515625
vt 0.3046875 0.3515625
vt 0.3046875 0.349609375
vt 0.2890625 0.75
vt 0.3046875 0.75
vt 0.3046875 0.7734375
vt 0.2890625 0.7734375
vt 0.3359375 0.5859375
vt 0.3359375 0.609375
vt 0.3203125 0.609375
vt 0.3203125 0.5859375
vt 0.6796875 0.724609375
vt 0.6796875 0.7265625
vt 0.6640625 0.7265625
vt 0.6640625 0.724609375
vt 0.6796875 0.7421875
vt 0.6640625 0.7421875
vt 0.6640625 0.740234375
vt 0.6796875 0.740234375
vt 0.671875 0.859375
vt 0.6484375 0.859375
vt 0.6484375 0.857421875
vt 0.671875 0.857421875
vt 0.328125 0.349609375
vt 0.328125 0.3515625
vt 0.3046875 0.3515625
vt 0.3046875 0.349609375
vt 0.2890625 0.75
vt 0.3046875 0.75
vt 0.3046875 0.7734375
vt 0.2890625 0.7734375
vt 0.3359375 0.5859375
vt 0.3359375 0.609375
vt 0.3203125 0.609375
vt 0.3203125 0.5859375
vt 0.6796875 0.724609375
vt 0.6796875 0.7265625
vt 0.6640625 0.7265625
vt 0.6640625 0.724609375
vt 0.6796875 0.7421875
vt 0.6640625 0.7421875
vt 0.6640625 0.740234375
vt 0.6796875 0.740234375
vt 0.671875 0.859375
vt 0.6484375 0.859375
vt 0.6484375 0.857421875
vt 0.671875 0.857421875
vt 0.328125 0.349609375
vt 0.328125 0.3515625
vt 0.3046875 0.3515625
vt 0.3046875 0.349609375
vt 0.2890625 0.75
vt 0.3046875 0.75
vt 0.3046875 0.7734375
vt 0.2890625 0.7734375
vt 0.3359375 0.5859375
vt 0.3359375 0.609375
vt 0.3203125 0.609375
vt 0.3203125 0.5859375
vt 0.6796875 0.724609375
vt 0.6796875 0.7265625
vt 0.6640625 0.7265625
vt 0.6640625 0.724609375
vt 0.6796875 0.7421875
vt 0.6640625 0.7421875
vt 0.6640625 0.740234375
vt 0.6796875 0.740234375
vt 0.119140625 0.40625
vt 0.109375 0.40625
vt 0.109375 0.39453125
vt 0.119140625 0.39453125
vt 0.142578125 0.39453125
vt 0.142578125 0.40625
vt 0.1328125 0.40625
vt 0.1328125 0.39453125
vt 0.4453125 0.505859375
vt 0.470703125 0.505859375
vt 0.470703125 0.515625
vt 0.4453125 0.515625
vt 0.509765625 0.505859375
vt 0.509765625 0.515625
vt 0.484375 0.515625
vt 0.484375 0.505859375
vt 0.478515625 0.70703125
vt 0.478515625 0.71875
vt 0.453125 0.71875
vt 0.453125 0.70703125
vt 0.486328125 1
vt 0.4609375 1
vt 0.4609375 0.98828125
vt 0.486328125 0.98828125
vt 0.109375 0.39453125
vt 0.109375 0.40625
vt 0.119140625 0.40625
vt 0.119140625 0.39453125
vt 0.1328125 0.40625
vt 0.142578125 0.40625
vt 0.142578125 0.39453125
vt 0.1328125 0.39453125
vt 0.470703125 0.515625
vt 0.470703125 0.505859375
vt 0.4453125 0.505859375
vt 0.4453125 0.515625
vt 0.484375 0.515625
vt 0.509765625 0.515625
vt 0.509765625 0.505859375
vt 0.484375 0.505859375
vt 0.453125 0.71875
vt 0.478515625 0.71875
vt 0.478515625 0.70703125
vt 0.453125 0.70703125
vt 0.4609375 0.98828125
vt 0.4609375 1
vt 0.486328125 1
vt 0.486328125 0.98828125
vt 0 0.90625
vt 0 0.90625
vt 0 1
vt 0 1
vt 0 0.90625
vt 0 1
vt 0 0.90625
vt 0 1
vt 0.109375 0.90625
vt 0.125 0.90625
vt 0.125 1
vt 0.109375 1
vt 0.125 0.8046875
vt 0.125 0.8984375
vt 0.109375 0.8984375
vt 0.109375 0.8046875
vt 0.015625 1
vt 0 1
vt 0.015625 1
vt 0 1
vt 0.015625 1
vt 0.015625 1
vt 0 1
vt 0 1
vt 0 0.90625
vt 0 0.90625
vt 0 1
vt 0 1
vt 0 0.90625
vt 0 1
vt 0 0.90625
vt 0 1
vt 0.109375 0.90625
vt 0.125 0.90625
vt 0.125 1
vt 0.109375 1
vt 0.125 0.8046875
vt 0.125 0.8984375
vt 0.109375 0.8984375
vt 0.109375 0.8046875
vt 0.015625 1
vt 0 1
vt 0.015625 1
vt 0 1
vt 0.015625 1
vt 0.015625 1
vt 0 1
vt 0 1
vt 0 0.90625
vt 0 0.90625
vt 0 1
vt 0 1
vt 0 0.90625
vt 0 1
vt 0 0.90625
vt 0 1
vt 0 0.7890625
vt 0.015625 0.7890625
vt 0.015625 0.8828125
vt 0 0.8828125
vt 0.0390625 0.7890625
vt 0.0390625 0.8828125
vt 0.0234375 0.8828125
vt 0.0234375 0.7890625
vt 0.015625 1
vt 0 1
vt 0.015625 1
vt 0 1
vt 0.015625 1
vt 0.015625 1
vt 0 1
vt 0 1
vt 0.244140625 0.8515625
vt 0.244140625 0.8515625
vt 0.2421875 0.8515625
vt 0.2421875 0.8515625
vt 0.244140625 0.8515625
vt 0.244140625 0.8515625
vt 0.2421875 0.8515625
vt 0.2421875 0.8515625
vt 0.66796875 0.833984375
vt 0.66796875 0.8359375
vt 0.6328125 0.8359375
vt 0.6328125 0.833984375
vt 0.66796875 0.818359375
vt 0.66796875 0.8203125
vt 0.6328125 0.8203125
vt 0.6328125 0.818359375
vt 0.68359375 0.84375
vt 0.68359375 0.84375
vt 0.6484375 0.84375
vt 0.6484375 0.84375
vt 0.68359375 0.84375
vt 0.68359375 0.84375
vt 0.6484375 0.84375
vt 0.6484375 0.84375
vt 0.51953125 0.857421875
vt 0.51953125 0.875
vt 0.5078125 0.875
vt 0.5078125 0.857421875
vt 0.51953125 0.794921875
vt 0.51953125 0.8125
vt 0.5078125 0.8125
vt 0.5078125 0.794921875
vt 0 0.65625
vt 0 0.64453125
vt 0.046875 0.64453125
vt 0.046875 0.65625
vt 0.3515625 0.77734375
vt 0.3515625 0.7890625
vt 0.3984375 0.7890625
vt 0.3984375 0.77734375
vt 0.328125 0.982421875
vt 0.328125 1
vt 0.28125 1
vt 0.28125 0.982421875
vt 0.3203125 0.904296875
vt 0.3203125 0.921875
vt 0.2734375 0.921875
vt 0.2734375 0.904296875
vt 0.2578125 0.484375
vt 0.2578125 0.515625
vt 0.25 0.515625
vt 0.25 0.484375
vt 0.2734375 0.484375
vt 0.2734375 0.515625
vt 0.265625 0.515625
vt 0.265625 0.484375
vt 0.375 0.7109375
vt 0.375 0.703125
vt 0.421875 0.703125
vt 0.421875 0.7109375
vt 0.375 0.6875
vt 0.375 0.6953125
vt 0.421875 0.6953125
vt 0.421875 0.6875
vt 0.1015625 0.890625
vt 0.1015625 0.921875
vt 0.0546875 0.921875
vt 0.0546875 0.890625
vt 0.046875 0.890625
vt 0.046875 0.921875
vt 0 0.921875
vt 0 0.890625
vt 0.3515625 0.95703125
vt 0.3515625 0.96875
vt 0.28125 0.96875
vt 0.28125 0.95703125
vt 0.3515625 0.93359375
vt 0.3515625 0.9453125
vt 0.28125 0.9453125
vt 0.28125 0.93359375
vt 0 1
vt 0 0.9296875
vt 0.046875 0.9296875
vt 0.046875 1
vt 0.0546875 0.9296875
vt 0.0546875 1
vt 0.1015625 1
vt 0.1015625 0.9296875
vt 0.3046875 0.63671875
vt 0.3046875 0.6484375
vt 0.2578125 0.6484375
vt 0.2578125 0.63671875
vt 0.3984375 0.75390625
vt 0.3984375 0.765625
vt 0.3515625 0.765625
vt 0.3515625 0.75390625
vt 0.177734375 0.833984375
vt 0.177734375 0.859375
vt 0.1328125 0.859375
vt 0.1328125 0.833984375
vt 0.091796875 0.810546875
vt 0.091796875 0.8359375
vt 0.046875 0.8359375
vt 0.046875 0.810546875
vt 0.4296875 0.8125
vt 0.4296875 0.767578125
vt 0.4375 0.767578125
vt 0.4375 0.8125
vt 0.4375 0.861328125
vt 0.4375 0.90625
vt 0.4453125 0.90625
vt 0.4453125 0.861328125
vt 0.2890625 0.466796875
vt 0.2890625 0.4921875
vt 0.28125 0.4921875
vt 0.28125 0.466796875
vt 0.21875 0.474609375
vt 0.21875 0.5
vt 0.2109375 0.5
vt 0.2109375 0.474609375
vt 0.224609375 0.974609375
vt 0.224609375 1
vt 0.1796875 1
vt 0.1796875 0.974609375
vt 0.224609375 0.935546875
vt 0.224609375 0.9609375
vt 0.1796875 0.9609375
vt 0.1796875 0.935546875
vt 0.1328125 0.5625
vt 0.1328125 0.517578125
vt 0.140625 0.517578125
vt 0.140625 0.5625
vt 0.1484375 0.517578125
vt 0.1484375 0.5625
vt 0.15625 0.5625
vt 0.15625 0.517578125
vt 0.34375 0.466796875
vt 0.34375 0.4921875
vt 0.3359375 0.4921875
vt 0.3359375 0.466796875
vt 0.328125 0.466796875
vt 0.328125 0.4921875
vt 0.3203125 0.4921875
vt 0.3203125 0.466796875
vt 0.361328125 0.693359375
vt 0.361328125 0.7109375
vt 0.328125 0.7109375
vt 0.328125 0.693359375
vt 0.353515625 0.654296875
vt 0.353515625 0.671875
vt 0.3203125 0.671875
vt 0.3203125 0.654296875
vt 0.4921875 0.4296875
vt 0.4921875 0.396484375
vt 0.49609375 0.396484375
vt 0.49609375 0.4296875
vt 0.5703125 0.412109375
vt 0.5703125 0.4453125
vt 0.57421875 0.4453125
vt 0.57421875 0.412109375
vt 0.01953125 0.357421875
vt 0.01953125 0.375
vt 0.015625 0.375
vt 0.015625 0.357421875
vt 0.00390625 0.357421875
vt 0.00390625 0.375
vt 0 0.375
vt 0 0.357421875
vt 0.52734375 0.765625
vt 0.52734375 0.78125
vt 0.515625 0.78125
vt 0.515625 0.765625
vt 0.52734375 0.7421875
vt 0.52734375 0.7578125
vt 0.515625 0.7578125
vt 0.515625 0.7421875
vt 0.609375 0.3671875
vt 0.609375 0.35546875
vt 0.61328125 0.35546875
vt 0.61328125 0.3671875
vt 0.125 0.34765625
vt 0.125 0.359375
vt 0.12890625 0.359375
vt 0.12890625 0.34765625
vt 0.19140625 0.3515625
vt 0.19140625 0.3671875
vt 0.1875 0.3671875
vt 0.1875 0.3515625
vt 0.17578125 0.3515625
vt 0.17578125 0.3671875
vt 0.171875 0.3671875
vt 0.171875 0.3515625
vt 0.533203125 0.498046875
vt 0.533203125 0.515625
vt 0.5234375 0.515625
vt 0.5234375 0.498046875
vt 0.533203125 0.466796875
vt 0.533203125 0.484375
vt 0.5234375 0.484375
vt 0.5234375 0.466796875
vt 0.046875 0.34375
vt 0.046875 0.333984375
vt 0.05078125 0.333984375
vt 0.05078125 0.34375
vt 0.0625 0.333984375
vt 0.0625 0.34375
vt 0.06640625 0.34375
vt 0.06640625 0.333984375
vt 0.08984375 0.357421875
vt 0.08984375 0.375
vt 0.0859375 0.375
vt 0.0859375 0.357421875
vt 0.03515625 0.357421875
vt 0.03515625 0.375
vt 0.03125 0.375
vt 0.03125 0.357421875
vt 0.369140625 0.982421875
vt 0.369140625 1
vt 0.3359375 1
vt 0.3359375 0.982421875
vt 0.111328125 0.646484375
vt 0.111328125 0.6640625
vt 0.078125 0.6640625
vt 0.078125 0.646484375
vt 0.03125 0.421875
vt 0.03125 0.388671875
vt 0.03515625 0.388671875
vt 0.03515625 0.421875
vt 0.09375 0.388671875
vt 0.09375 0.421875
vt 0.09765625 0.421875
vt 0.09765625 0.388671875
vt 0.26171875 0.357421875
vt 0.26171875 0.375
vt 0.2578125 0.375
vt 0.2578125 0.357421875
vt 0.21484375 0.357421875
vt 0.21484375 0.375
vt 0.2109375 0.375
vt 0.2109375 0.357421875
vt 0.541015625 0.982421875
vt 0.541015625 1
vt 0.53125 1
vt 0.53125 0.982421875
vt 0.541015625 0.951171875
vt 0.541015625 0.96875
vt 0.53125 0.96875
vt 0.53125 0.951171875
vt 0.078125 0.34375
vt 0.078125 0.333984375
vt 0.08203125 0.333984375
vt 0.08203125 0.34375
vt 0.09375 0.333984375
vt 0.09375 0.34375
vt 0.09765625 0.34375
vt 0.09765625 0.333984375
vt 0.62890625 0.607421875
vt 0.62890625 0.625
vt 0.625 0.625
vt 0.625 0.607421875
vt 0.62890625 0.716796875
vt 0.62890625 0.734375
vt 0.625 0.734375
vt 0.625 0.716796875
vt 0.52734375 0.71875
vt 0.52734375 0.734375
vt 0.515625 0.734375
vt 0.515625 0.71875
vt 0.30859375 0.46875
vt 0.30859375 0.484375
vt 0.296875 0.484375
vt 0.296875 0.46875
vt 0.625 0.5625
vt 0.625 0.55078125
vt 0.630859375 0.55078125
vt 0.630859375 0.5625
vt 0.453125 0.36328125
vt 0.453125 0.375
vt 0.458984375 0.375
vt 0.458984375 0.36328125
vt 0.615234375 0.609375
vt 0.615234375 0.625
vt 0.609375 0.625
vt 0.609375 0.609375
vt 0.576171875 0.3828125
vt 0.576171875 0.3984375
vt 0.5703125 0.3984375
vt 0.5703125 0.3828125
vt 0.65234375 0.62890625
vt 0.65234375 0.6328125
vt 0.640625 0.6328125
vt 0.640625 0.62890625
vt 0.65234375 0.61328125
vt 0.65234375 0.6171875
vt 0.640625 0.6171875
vt 0.640625 0.61328125
vt 0.625 0.5390625
vt 0.625 0.52734375
vt 0.630859375 0.52734375
vt 0.630859375 0.5390625
vt 0.46875 0.36328125
vt 0.46875 0.375
vt 0.474609375 0.375
vt 0.474609375 0.36328125
vt 0.669921875 0.62109375
vt 0.669921875 0.625
vt 0.6640625 0.625
vt 0.6640625 0.62109375
vt 0.669921875 0.63671875
vt 0.669921875 0.640625
vt 0.6640625 0.640625
vt 0.6640625 0.63671875
vt 0.330078125 0.361328125
vt 0.330078125 0.3671875
vt 0.3203125 0.3671875
vt 0.3203125 0.361328125
vt 0.353515625 0.361328125
vt 0.353515625 0.3671875
vt 0.34375 0.3671875
vt 0.34375 0.361328125
vt 0.6328125 0.65625
vt 0.6328125 0.646484375
vt 0.638671875 0.646484375
vt 0.638671875 0.65625
vt 0.3671875 0.357421875
vt 0.3671875 0.3671875
vt 0.373046875 0.3671875
vt 0.373046875 0.357421875
vt 0.513671875 0.337890625
vt 0.513671875 0.34375
vt 0.5078125 0.34375
vt 0.5078125 0.337890625
vt 0.498046875 0.337890625
vt 0.498046875 0.34375
vt 0.4921875 0.34375
vt 0.4921875 0.337890625
vt 0.490234375 0.859375
vt 0.490234375 0.8671875
vt 0.453125 0.8671875
vt 0.453125 0.859375
vt 0.490234375 0.6875
vt 0.490234375 0.6953125
vt 0.453125 0.6953125
vt 0.453125 0.6875
vt 0.03125 0.5
vt 0.03125 0.462890625
vt 0.037109375 0.462890625
vt 0.037109375 0.5
vt 0.1640625 0.462890625
vt 0.1640625 0.5
vt 0.169921875 0.5
vt 0.169921875 0.462890625
vt 0.646484375 0.5390625
vt 0.646484375 0.546875
vt 0.640625 0.546875
vt 0.640625 0.5390625
vt 0.646484375 0.5546875
vt 0.646484375 0.5625
vt 0.640625 0.5625
vt 0.640625 0.5546875
vt 0.498046875 0.96875
vt 0.498046875 0.9765625
vt 0.4609375 0.9765625
vt 0.4609375 0.96875
vt 0.498046875 0.84375
vt 0.498046875 0.8515625
vt 0.4609375 0.8515625
vt 0.4609375 0.84375
vt 0.1796875 0.5
vt 0.1796875 0.462890625
vt 0.185546875 0.462890625
vt 0.185546875 0.5
vt 0.1953125 0.462890625
vt 0.1953125 0.5
vt 0.201171875 0.5
vt 0.201171875 0.462890625
vt 0.646484375 0.5078125
vt 0.646484375 0.515625
vt 0.640625 0.515625
vt 0.640625 0.5078125
vt 0.646484375 0.5234375
vt 0.646484375 0.53125
vt 0.640625 0.53125
vt 0.640625 0.5234375
vt 0.392578125 0.361328125
vt 0.392578125 0.3671875
vt 0.3828125 0.3671875
vt 0.3828125 0.361328125
vt 0.416015625 0.361328125
vt 0.416015625 0.3671875
vt 0.40625 0.3671875
vt 0.40625 0.361328125
vt 0.4296875 0.3671875
vt 0.4296875 0.357421875
vt 0.435546875 0.357421875
vt 0.435546875 0.3671875
vt 0.484375 0.357421875
vt 0.484375 0.3671875
vt 0.490234375 0.3671875
vt 0.490234375 0.357421875
vt 0.662109375 0.462890625
vt 0.662109375 0.46875
vt 0.65625 0.46875
vt 0.65625 0.462890625
vt 0.529296875 0.337890625
vt 0.529296875 0.34375
vt 0.5234375 0.34375
vt 0.5234375 0.337890625
vt 0.65234375 0.49609375
vt 0.65234375 0.5
vt 0.640625 0.5
vt 0.640625 0.49609375
vt 0.65234375 0.48046875
vt 0.65234375 0.484375
vt 0.640625 0.484375
vt 0.640625 0.48046875
vt 0.625 0.515625
vt 0.625 0.50390625
vt 0.630859375 0.50390625
vt 0.630859375 0.515625
vt 0.625 0.48046875
vt 0.625 0.4921875
vt 0.630859375 0.4921875
vt 0.630859375 0.48046875
vt 0.451171875 0.33203125
vt 0.451171875 0.3359375
vt 0.4453125 0.3359375
vt 0.4453125 0.33203125
vt 0.669921875 0.60546875
vt 0.669921875 0.609375
vt 0.6640625 0.609375
vt 0.6640625 0.60546875
vt 0.58984375 0.716796875
vt 0.58984375 0.7265625
vt 0.578125 0.7265625
vt 0.578125 0.716796875
vt 0.58984375 0.693359375
vt 0.58984375 0.703125
vt 0.578125 0.703125
vt 0.578125 0.693359375
vt 0.625 0.453125
vt 0.625 0.44140625
vt 0.630859375 0.44140625
vt 0.630859375 0.453125
vt 0.5703125 0.36328125
vt 0.5703125 0.375
vt 0.576171875 0.375
vt 0.576171875 0.36328125
vt 0.560546875 0.357421875
vt 0.560546875 0.3671875
vt 0.5546875 0.3671875
vt 0.5546875 0.357421875
vt 0.544921875 0.357421875
vt 0.544921875 0.3671875
vt 0.5390625 0.3671875
vt 0.5390625 0.357421875
vt 0.65234375 0.44921875
vt 0.65234375 0.453125
vt 0.640625 0.453125
vt 0.640625 0.44921875
vt 0.65234375 0.43359375
vt 0.65234375 0.4375
vt 0.640625 0.4375
vt 0.640625 0.43359375
vt 0.609375 0.6015625
vt 0.609375 0.58984375
vt 0.6171875 0.58984375
vt 0.6171875 0.6015625
vt 0.609375 0.52734375
vt 0.609375 0.5390625
vt 0.6171875 0.5390625
vt 0.6171875 0.52734375
vt 0.6640625 0.40234375
vt 0.6640625 0.40625
vt 0.65625 0.40625
vt 0.65625 0.40234375
vt 0.6640625 0.41796875
vt 0.6640625 0.421875
vt 0.65625 0.421875
vt 0.65625 0.41796875
vt 0.41015625 0.44140625
vt 0.41015625 0.453125
vt 0.3984375 0.453125
vt 0.3984375 0.44140625
vt 0.43359375 0.44140625
vt 0.43359375 0.453125
vt 0.421875 0.453125
vt 0.421875 0.44140625
vt 0.625 0.3828125
vt 0.625 0.37109375
vt 0.630859375 0.37109375
vt 0.630859375 0.3828125
vt 0.6328125 0.98828125
vt 0.6328125 1
vt 0.638671875 1
vt 0.638671875 0.98828125
vt 0.630859375 0.39453125
vt 0.630859375 0.40625
vt 0.625 0.40625
vt 0.625 0.39453125
vt 0.630859375 0.41796875
vt 0.630859375 0.4296875
vt 0.625 0.4296875
vt 0.625 0.41796875
vt 0.55859375 0.56640625
vt 0.55859375 0.578125
vt 0.546875 0.578125
vt 0.546875 0.56640625
vt 0.45703125 0.44140625
vt 0.45703125 0.453125
vt 0.4453125 0.453125
vt 0.4453125 0.44140625
vt 0.6328125 0.953125
vt 0.6328125 0.94140625
vt 0.638671875 0.94140625
vt 0.638671875 0.953125
vt 0.0625 0.35546875
vt 0.0625 0.3671875
vt 0.068359375 0.3671875
vt 0.068359375 0.35546875
vt 0.052734375 0.35546875
vt 0.052734375 0.3671875
vt 0.046875 0.3671875
vt 0.046875 0.35546875
vt 0.638671875 0.96484375
vt 0.638671875 0.9765625
vt 0.6328125 0.9765625
vt 0.6328125 0.96484375
vt 0.615234375 0.5
vt 0.615234375 0.515625
vt 0.609375 0.515625
vt 0.609375 0.5
vt 0.615234375 0.4765625
vt 0.615234375 0.4921875
vt 0.609375 0.4921875
vt 0.609375 0.4765625
vt 0.609375 0.578125
vt 0.609375 0.572265625
vt 0.625 0.572265625
vt 0.625 0.578125
vt 0.609375 0.462890625
vt 0.609375 0.46875
vt 0.625 0.46875
vt 0.625 0.462890625
vt 0.5078125 0.9453125
vt 0.5078125 0.9609375
vt 0.4921875 0.9609375
vt 0.4921875 0.9453125
vt 0.359375 0.5
vt 0.359375 0.515625
vt 0.34375 0.515625
vt 0.34375 0.5
vt 0.64453125 0.41015625
vt 0.64453125 0.421875
vt 0.640625 0.421875
vt 0.640625 0.41015625
vt 0.64453125 0.38671875
vt 0.64453125 0.3984375
vt 0.640625 0.3984375
vt 0.640625 0.38671875
vt 0.625 0.359375
vt 0.625 0.35546875
vt 0.63671875 0.35546875
vt 0.63671875 0.359375
vt 0.640625 0.37109375
vt 0.640625 0.375
vt 0.65234375 0.375
vt 0.65234375 0.37109375
vt 0.55859375 0.50390625
vt 0.55859375 0.515625
vt 0.546875 0.515625
vt 0.546875 0.50390625
vt 0.48046875 0.44140625
vt 0.48046875 0.453125
vt 0.46875 0.453125
vt 0.46875 0.44140625
vt 0.65234375 0.98828125
vt 0.65234375 1
vt 0.6484375 1
vt 0.6484375 0.98828125
vt 0.65234375 0.96484375
vt 0.65234375 0.9765625
vt 0.6484375 0.9765625
vt 0.6484375 0.96484375
vt 0.6484375 0.953125
vt 0.6484375 0.94921875
vt 0.66015625 0.94921875
vt 0.66015625 0.953125
vt 0.6484375 0.93359375
vt 0.6484375 0.9375
vt 0.66015625 0.9375
vt 0.66015625 0.93359375
vt 0.55859375 0.48046875
vt 0.55859375 0.4921875
vt 0.546875 0.4921875
vt 0.546875 0.48046875
vt 0.50390625 0.44140625
vt 0.50390625 0.453125
vt 0.4921875 0.453125
vt 0.4921875 0.44140625
vt 0.6015625 0.845703125
vt 0.6015625 0.859375
vt 0.59375 0.859375
vt 0.59375 0.845703125
vt 0.1640625 0.392578125
vt 0.1640625 0.40625
vt 0.15625 0.40625
vt 0.15625 0.392578125
vt 0.59375 0.8359375
vt 0.59375 0.828125
vt 0.607421875 0.828125
vt 0.607421875 0.8359375
vt 0.59375 0.8125
vt 0.59375 0.8203125
vt 0.607421875 0.8203125
vt 0.607421875 0.8125
vt 0.529296875 0.900390625
vt 0.529296875 0.9140625
vt 0.515625 0.9140625
vt 0.515625 0.900390625
vt 0.529296875 0.923828125
vt 0.529296875 0.9375
vt 0.515625 0.9375
vt 0.515625 0.923828125
vt 0.208984375 0.71875
vt 0.208984375 0.7421875
vt 0.171875 0.7421875
vt 0.171875 0.71875
vt 0.255859375 0.71875
vt 0.255859375 0.7421875
vt 0.21875 0.7421875
vt 0.21875 0.71875
vt 0.40625 0.7890625
vt 0.40625 0.751953125
vt 0.416015625 0.751953125
vt 0.416015625 0.7890625
vt 0.34375 0.556640625
vt 0.34375 0.59375
vt 0.353515625 0.59375
vt 0.353515625 0.556640625
vt 0.103515625 0.484375
vt 0.103515625 0.5078125
vt 0.09375 0.5078125
vt 0.09375 0.484375
vt 0.501953125 0.9140625
vt 0.501953125 0.9375
vt 0.4921875 0.9375
vt 0.4921875 0.9140625
vt 0.302734375 0.71875
vt 0.302734375 0.7421875
vt 0.265625 0.7421875
vt 0.265625 0.71875
vt 0.076171875 0.703125
vt 0.076171875 0.7265625
vt 0.0390625 0.7265625
vt 0.0390625 0.703125
vt 0.4140625 1
vt 0.4140625 0.962890625
vt 0.423828125 0.962890625
vt 0.423828125 1
vt 0.4140625 0.869140625
vt 0.4140625 0.90625
vt 0.423828125 0.90625
vt 0.423828125 0.869140625
vt 0.126953125 0.484375
vt 0.126953125 0.5078125
vt 0.1171875 0.5078125
vt 0.1171875 0.484375
vt 0.501953125 0.8828125
vt 0.501953125 0.90625
vt 0.4921875 0.90625
vt 0.4921875 0.8828125
vt 0.083984375 0.84375
vt 0.083984375 0.8828125
vt 0.046875 0.8828125
vt 0.046875 0.84375
vt 0.169921875 0.9609375
vt 0.169921875 1
vt 0.1328125 1
vt 0.1328125 0.9609375
vt 0.4140625 0.859375
vt 0.4140625 0.822265625
vt 0.423828125 0.822265625
vt 0.423828125 0.859375
vt 0.25 0.548828125
vt 0.25 0.5859375
vt 0.259765625 0.5859375
vt 0.259765625 0.548828125
vt 0.142578125 0.5703125
vt 0.142578125 0.609375
vt 0.1328125 0.609375
vt 0.1328125 0.5703125
vt 0.400390625 0.84375
vt 0.400390625 0.8828125
vt 0.390625 0.8828125
vt 0.390625 0.84375
vt 0.169921875 0.9140625
vt 0.169921875 0.953125
vt 0.1328125 0.953125
vt 0.1328125 0.9140625
vt 0.169921875 0.8671875
vt 0.169921875 0.90625
vt 0.1328125 0.90625
vt 0.1328125 0.8671875
vt 0.2734375 0.5859375
vt 0.2734375 0.548828125
vt 0.283203125 0.548828125
vt 0.283203125 0.5859375
vt 0.3671875 0.548828125
vt 0.3671875 0.5859375
vt 0.376953125 0.5859375
vt 0.376953125 0.548828125
vt 0.400390625 0.796875
vt 0.400390625 0.8359375
vt 0.390625 0.8359375
vt 0.390625 0.796875
vt 0.166015625 0.5703125
vt 0.166015625 0.609375
vt 0.15625 0.609375
vt 0.15625 0.5703125
vt 0.240234375 0.755859375
vt 0.240234375 0.78125
vt 0.203125 0.78125
vt 0.203125 0.755859375
vt 0.263671875 0.896484375
vt 0.263671875 0.921875
vt 0.2265625 0.921875
vt 0.2265625 0.896484375
vt 0.3203125 0.578125
vt 0.3203125 0.541015625
vt 0.330078125 0.541015625
vt 0.330078125 0.578125
vt 0.390625 0.541015625
vt 0.390625 0.578125
vt 0.400390625 0.578125
vt 0.400390625 0.541015625
vt 0.306640625 0.498046875
vt 0.306640625 0.5234375
vt 0.296875 0.5234375
vt 0.296875 0.498046875
vt 0.330078125 0.505859375
vt 0.330078125 0.53125
vt 0.3203125 0.53125
vt 0.3203125 0.505859375
vt 0.271484375 0.974609375
vt 0.271484375 1
vt 0.234375 1
vt 0.234375 0.974609375
vt 0.271484375 0.935546875
vt 0.271484375 0.9609375
vt 0.234375 0.9609375
vt 0.234375 0.935546875
vt 0.4140625 0.578125
vt 0.4140625 0.541015625
vt 0.423828125 0.541015625
vt 0.423828125 0.578125
vt 0.4296875 0.916015625
vt 0.4296875 0.953125
vt 0.439453125 0.953125
vt 0.439453125 0.916015625
vt 0.494140625 0.787109375
vt 0.494140625 0.8125
vt 0.484375 0.8125
vt 0.484375 0.787109375
vt 0.431640625 0.498046875
vt 0.431640625 0.5234375
vt 0.421875 0.5234375
vt 0.421875 0.498046875
vt 0.2734375 0.8203125
vt 0.2734375 0.84375
vt 0.234375 0.84375
vt 0.234375 0.8203125
vt 0.2734375 0.7890625
vt 0.2734375 0.8125
vt 0.234375 0.8125
vt 0.234375 0.7890625
vt 0.1796875 0.609375
vt 0.1796875 0.5703125
vt 0.189453125 0.5703125
vt 0.189453125 0.609375
vt 0.203125 0.5703125
vt 0.203125 0.609375
vt 0.212890625 0.609375
vt 0.212890625 0.5703125
vt 0.236328125 0.484375
vt 0.236328125 0.5078125
vt 0.2265625 0.5078125
vt 0.2265625 0.484375
vt 0.150390625 0.484375
vt 0.150390625 0.5078125
vt 0.140625 0.5078125
vt 0.140625 0.484375
vt 0.0859375 0.734375
vt 0.0859375 0.7578125
vt 0.046875 0.7578125
vt 0.046875 0.734375
vt 0.28125 0.859375
vt 0.28125 0.8828125
vt 0.2421875 0.8828125
vt 0.2421875 0.859375
vt 0.2265625 0.609375
vt 0.2265625 0.5703125
vt 0.236328125 0.5703125
vt 0.236328125 0.609375
vt 0.296875 0.5703125
vt 0.296875 0.609375
vt 0.306640625 0.609375
vt 0.306640625 0.5703125
vt 0.501953125 0.71875
vt 0.501953125 0.7421875
vt 0.4921875 0.7421875
vt 0.4921875 0.71875
vt 0.501953125 0.75
vt 0.501953125 0.7734375
vt 0.4921875 0.7734375
vt 0.4921875 0.75
vt 0.03515625 0.751953125
vt 0.03515625 0.78125
vt 0 0.78125
vt 0 0.751953125
vt 0.19140625 0.751953125
vt 0.19140625 0.78125
vt 0.15625 0.78125
vt 0.15625 0.751953125
vt 0.515625 0.453125
vt 0.515625 0.41796875
vt 0.51953125 0.41796875
vt 0.51953125 0.453125
vt 0.53125 0.41796875
vt 0.53125 0.453125
vt 0.53515625 0.453125
vt 0.53515625 0.41796875
vt 0.58203125 0.650390625
vt 0.58203125 0.6796875
vt 0.578125 0.6796875
vt 0.578125 0.650390625
vt 0.31640625 0.392578125
vt 0.31640625 0.421875
vt 0.3125 0.421875
vt 0.3125 0.392578125
vt 0.216796875 0.892578125
vt 0.216796875 0.921875
vt 0.1796875 0.921875
vt 0.1796875 0.892578125
vt 0.169921875 0.791015625
vt 0.169921875 0.8203125
vt 0.1328125 0.8203125
vt 0.1328125 0.791015625
vt 0.546875 0.625
vt 0.546875 0.587890625
vt 0.55078125 0.587890625
vt 0.55078125 0.625
vt 0.3828125 0.416015625
vt 0.3828125 0.453125
vt 0.38671875 0.453125
vt 0.38671875 0.416015625
vt 0.01953125 0.384765625
vt 0.01953125 0.4140625
vt 0.015625 0.4140625
vt 0.015625 0.384765625
vt 0.00390625 0.384765625
vt 0.00390625 0.4140625
vt 0 0.4140625
vt 0 0.384765625
vt 0.220703125 0.794921875
vt 0.220703125 0.8203125
vt 0.1796875 0.8203125
vt 0.1796875 0.794921875
vt 0.228515625 0.857421875
vt 0.228515625 0.8828125
vt 0.1875 0.8828125
vt 0.1875 0.857421875
vt 0.234375 0.5625
vt 0.234375 0.521484375
vt 0.2421875 0.521484375
vt 0.2421875 0.5625
vt 0 0.513671875
vt 0 0.5546875
vt 0.0078125 0.5546875
vt 0.0078125 0.513671875
vt 0.375 0.466796875
vt 0.375 0.4921875
vt 0.3671875 0.4921875
vt 0.3671875 0.466796875
vt 0.359375 0.466796875
vt 0.359375 0.4921875
vt 0.3515625 0.4921875
vt 0.3515625 0.466796875
vt 0.1875 0.646484375
vt 0.1875 0.671875
vt 0.1640625 0.671875
vt 0.1640625 0.646484375
vt 0.3515625 0.802734375
vt 0.3515625 0.828125
vt 0.328125 0.828125
vt 0.328125 0.802734375
vt 0.421875 0.65625
vt 0.421875 0.6328125
vt 0.4296875 0.6328125
vt 0.4296875 0.65625
vt 0.078125 0.4609375
vt 0.078125 0.484375
vt 0.0859375 0.484375
vt 0.0859375 0.4609375
vt 0.46875 0.466796875
vt 0.46875 0.4921875
vt 0.4609375 0.4921875
vt 0.4609375 0.466796875
vt 0.453125 0.466796875
vt 0.453125 0.4921875
vt 0.4453125 0.4921875
vt 0.4453125 0.466796875
vt 0.087890625 0.771484375
vt 0.087890625 0.796875
vt 0.046875 0.796875
vt 0.046875 0.771484375
vt 0.142578125 0.755859375
vt 0.142578125 0.78125
vt 0.1015625 0.78125
vt 0.1015625 0.755859375
vt 0.015625 0.5546875
vt 0.015625 0.513671875
vt 0.0234375 0.513671875
vt 0.0234375 0.5546875
vt 0.03125 0.513671875
vt 0.03125 0.5546875
vt 0.0390625 0.5546875
vt 0.0390625 0.513671875
vt 0.5 0.466796875
vt 0.5 0.4921875
vt 0.4921875 0.4921875
vt 0.4921875 0.466796875
vt 0.484375 0.466796875
vt 0.484375 0.4921875
vt 0.4765625 0.4921875
vt 0.4765625 0.466796875
vt 0.1484375 0.640625
vt 0.1484375 0.6640625
vt 0.125 0.6640625
vt 0.125 0.640625
vt 0.3828125 0.9453125
vt 0.3828125 0.96875
vt 0.359375 0.96875
vt 0.359375 0.9453125
vt 0.3828125 0.484375
vt 0.3828125 0.4609375
vt 0.390625 0.4609375
vt 0.390625 0.484375
vt 0.3984375 0.4609375
vt 0.3984375 0.484375
vt 0.40625 0.484375
vt 0.40625 0.4609375
vt 0.5234375 0.625
vt 0.5234375 0.6484375
vt 0.515625 0.6484375
vt 0.515625 0.625
vt 0.5234375 0.65625
vt 0.5234375 0.6796875
vt 0.515625 0.6796875
vt 0.515625 0.65625
vt 0.3828125 0.8046875
vt 0.3828125 0.828125
vt 0.359375 0.828125
vt 0.359375 0.8046875
vt 0.3359375 0.6171875
vt 0.3359375 0.640625
vt 0.3125 0.640625
vt 0.3125 0.6171875
vt 0 0.4765625
vt 0 0.453125
vt 0.0078125 0.453125
vt 0.0078125 0.4765625
vt 0.015625 0.453125
vt 0.015625 0.4765625
vt 0.0234375 0.4765625
vt 0.0234375 0.453125
vt 0.4375 0.4609375
vt 0.4375 0.484375
vt 0.4296875 0.484375
vt 0.4296875 0.4609375
vt 0.421875 0.4609375
vt 0.421875 0.484375
vt 0.4140625 0.484375
vt 0.4140625 0.4609375
vt 0.21875 0.646484375
vt 0.21875 0.671875
vt 0.1953125 0.671875
vt 0.1953125 0.646484375
vt 0.25 0.646484375
vt 0.25 0.671875
vt 0.2265625 0.671875
vt 0.2265625 0.646484375
vt 0.09375 0.4765625
vt 0.09375 0.453125
vt 0.1015625 0.453125
vt 0.1015625 0.4765625
vt 0.109375 0.453125
vt 0.109375 0.4765625
vt 0.1171875 0.4765625
vt 0.1171875 0.453125
vt 0.5234375 0.951171875
vt 0.5234375 0.9765625
vt 0.515625 0.9765625
vt 0.515625 0.951171875
vt 0.515625 0.466796875
vt 0.515625 0.4921875
vt 0.5078125 0.4921875
vt 0.5078125 0.466796875
vt 0.357421875 0.720703125
vt 0.357421875 0.734375
vt 0.3125 0.734375
vt 0.3125 0.720703125
vt 0.365234375 0.837890625
vt 0.365234375 0.8515625
vt 0.3203125 0.8515625
vt 0.3203125 0.837890625
vt 0.3828125 0.9375
vt 0.3828125 0.892578125
vt 0.392578125 0.892578125
vt 0.392578125 0.9375
vt 0.390625 0.955078125
vt 0.390625 1
vt 0.400390625 1
vt 0.400390625 0.955078125
vt 0.103515625 0.431640625
vt 0.103515625 0.4453125
vt 0.09375 0.4453125
vt 0.09375 0.431640625
vt 0.564453125 0.955078125
vt 0.564453125 0.96875
vt 0.5546875 0.96875
vt 0.5546875 0.955078125
vt 0.140625 0.46484375
vt 0.140625 0.4765625
vt 0.125 0.4765625
vt 0.125 0.46484375
vt 0.5390625 0.83203125
vt 0.5390625 0.84375
vt 0.5234375 0.84375
vt 0.5234375 0.83203125
vt 0.375 0.8515625
vt 0.375 0.8359375
vt 0.3828125 0.8359375
vt 0.3828125 0.8515625
vt 0.4140625 0.796875
vt 0.4140625 0.8125
vt 0.421875 0.8125
vt 0.421875 0.796875
vt 0.6171875 0.44140625
vt 0.6171875 0.453125
vt 0.609375 0.453125
vt 0.609375 0.44140625
vt 0.546875 0.37890625
vt 0.546875 0.390625
vt 0.5390625 0.390625
vt 0.5390625 0.37890625
vt 0.220703125 0.828125
vt 0.220703125 0.84375
vt 0.1875 0.84375
vt 0.1875 0.828125
vt 0.142578125 0.6171875
vt 0.142578125 0.6328125
vt 0.109375 0.6328125
vt 0.109375 0.6171875
vt 0.375 0.5390625
vt 0.375 0.505859375
vt 0.3828125 0.505859375
vt 0.3828125 0.5390625
vt 0.046875 0.498046875
vt 0.046875 0.53125
vt 0.0546875 0.53125
vt 0.0546875 0.498046875
vt 0.578125 0.4921875
vt 0.578125 0.5078125
vt 0.5703125 0.5078125
vt 0.5703125 0.4921875
vt 0.15625 0.4609375
vt 0.15625 0.4765625
vt 0.1484375 0.4765625
vt 0.1484375 0.4609375
vt 0.484375 0.82421875
vt 0.484375 0.8359375
vt 0.4609375 0.8359375
vt 0.4609375 0.82421875
vt 0.484375 0.75390625
vt 0.484375 0.765625
vt 0.4609375 0.765625
vt 0.4609375 0.75390625
vt 0.546875 0.46875
vt 0.546875 0.4453125
vt 0.552734375 0.4453125
vt 0.552734375 0.46875
vt 0 0.421875
vt 0 0.4453125
vt 0.005859375 0.4453125
vt 0.005859375 0.421875
vt 0.638671875 0.89453125
vt 0.638671875 0.90625
vt 0.6328125 0.90625
vt 0.6328125 0.89453125
vt 0.638671875 0.91796875
vt 0.638671875 0.9296875
vt 0.6328125 0.9296875
vt 0.6328125 0.91796875
vt 0.373046875 0.908203125
vt 0.373046875 0.921875
vt 0.328125 0.921875
vt 0.328125 0.908203125
vt 0.373046875 0.884765625
vt 0.373046875 0.8984375
vt 0.328125 0.8984375
vt 0.328125 0.884765625
vt 0.0546875 0.609375
vt 0.0546875 0.564453125
vt 0.064453125 0.564453125
vt 0.064453125 0.609375
vt 0.109375 0.564453125
vt 0.109375 0.609375
vt 0.119140625 0.609375
vt 0.119140625 0.564453125
vt 0.564453125 0.689453125
vt 0.564453125 0.703125
vt 0.5546875 0.703125
vt 0.5546875 0.689453125
vt 0.564453125 0.806640625
vt 0.564453125 0.8203125
vt 0.5546875 0.8203125
vt 0.5546875 0.806640625
vt 0.2421875 0.46484375
vt 0.2421875 0.4765625
vt 0.2265625 0.4765625
vt 0.2265625 0.46484375
vt 0.265625 0.46484375
vt 0.265625 0.4765625
vt 0.25 0.4765625
vt 0.25 0.46484375
vt 0.578125 0.9765625
vt 0.578125 0.9609375
vt 0.5859375 0.9609375
vt 0.5859375 0.9765625
vt 0.578125 0.8125
vt 0.578125 0.828125
vt 0.5859375 0.828125
vt 0.5859375 0.8125
vt 0.6171875 0.41796875
vt 0.6171875 0.4296875
vt 0.609375 0.4296875
vt 0.609375 0.41796875
vt 0.5625 0.37890625
vt 0.5625 0.390625
vt 0.5546875 0.390625
vt 0.5546875 0.37890625
vt 0.189453125 0.6171875
vt 0.189453125 0.6328125
vt 0.15625 0.6328125
vt 0.15625 0.6171875
vt 0.236328125 0.6171875
vt 0.236328125 0.6328125
vt 0.203125 0.6328125
vt 0.203125 0.6171875
vt 0.0625 0.53125
vt 0.0625 0.498046875
vt 0.0703125 0.498046875
vt 0.0703125 0.53125
vt 0.078125 0.498046875
vt 0.078125 0.53125
vt 0.0859375 0.53125
vt 0.0859375 0.498046875
vt 0.2734375 0.40625
vt 0.2734375 0.421875
vt 0.265625 0.421875
vt 0.265625 0.40625
vt 0.2265625 0.40625
vt 0.2265625 0.421875
vt 0.21875 0.421875
vt 0.21875 0.40625
vt 0.2734375 0.52734375
vt 0.2734375 0.5390625
vt 0.25 0.5390625
vt 0.25 0.52734375
vt 0.484375 0.73046875
vt 0.484375 0.7421875
vt 0.4609375 0.7421875
vt 0.4609375 0.73046875
vt 0.5546875 1
vt 0.5546875 0.9765625
vt 0.560546875 0.9765625
vt 0.560546875 1
vt 0.015625 0.421875
vt 0.015625 0.4453125
vt 0.021484375 0.4453125
vt 0.021484375 0.421875
vt 0.638671875 0.84765625
vt 0.638671875 0.859375
vt 0.6328125 0.859375
vt 0.6328125 0.84765625
vt 0.638671875 0.87109375
vt 0.638671875 0.8828125
vt 0.6328125 0.8828125
vt 0.6328125 0.87109375
vt 0.548828125 0.7265625
vt 0.548828125 0.7421875
vt 0.5390625 0.7421875
vt 0.5390625 0.7265625
vt 0.080078125 0.4375
vt 0.080078125 0.453125
vt 0.0703125 0.453125
vt 0.0703125 0.4375
vt 0.2109375 0.3984375
vt 0.2109375 0.388671875
vt 0.220703125 0.388671875
vt 0.220703125 0.3984375
vt 0.2578125 0.388671875
vt 0.2578125 0.3984375
vt 0.267578125 0.3984375
vt 0.267578125 0.388671875
vt 0.306640625 0.4453125
vt 0.306640625 0.4609375
vt 0.296875 0.4609375
vt 0.296875 0.4453125
vt 0.548828125 0.75
vt 0.548828125 0.765625
vt 0.5390625 0.765625
vt 0.5390625 0.75
vt 0.158203125 0.4375
vt 0.158203125 0.453125
vt 0.1484375 0.453125
vt 0.1484375 0.4375
vt 0.181640625 0.4375
vt 0.181640625 0.453125
vt 0.171875 0.453125
vt 0.171875 0.4375
vt 0.6015625 0.734375
vt 0.6015625 0.724609375
vt 0.611328125 0.724609375
vt 0.611328125 0.734375
vt 0.6015625 0.701171875
vt 0.6015625 0.7109375
vt 0.611328125 0.7109375
vt 0.611328125 0.701171875
vt 0.556640625 0.828125
vt 0.556640625 0.84375
vt 0.546875 0.84375
vt 0.546875 0.828125
vt 0.134765625 0.4375
vt 0.134765625 0.453125
vt 0.125 0.453125
vt 0.125 0.4375
vt 0.158203125 0.4375
vt 0.158203125 0.453125
vt 0.1484375 0.453125
vt 0.1484375 0.4375
vt 0.181640625 0.4375
vt 0.181640625 0.453125
vt 0.171875 0.453125
vt 0.171875 0.4375
vt 0.6015625 0.734375
vt 0.6015625 0.724609375
vt 0.611328125 0.724609375
vt 0.611328125 0.734375
vt 0.6015625 0.701171875
vt 0.6015625 0.7109375
vt 0.611328125 0.7109375
vt 0.611328125 0.701171875
vt 0.556640625 0.828125
vt 0.556640625 0.84375
vt 0.546875 0.84375
vt 0.546875 0.828125
vt 0.134765625 0.4375
vt 0.134765625 0.453125
vt 0.125 0.453125
vt 0.125 0.4375
vt 0.060546875 0.44921875
vt 0.060546875 0.4609375
vt 0.046875 0.4609375
vt 0.046875 0.44921875
vt 0.552734375 0.92578125
vt 0.552734375 0.9375
vt 0.5390625 0.9375
vt 0.5390625 0.92578125
vt 0.5546875 0.6796875
vt 0.5546875 0.666015625
vt 0.564453125 0.666015625
vt 0.564453125 0.6796875
vt 0.5546875 0.642578125
vt 0.5546875 0.65625
vt 0.564453125 0.65625
vt 0.564453125 0.642578125
vt 0.056640625 0.40234375
vt 0.056640625 0.4140625
vt 0.046875 0.4140625
vt 0.046875 0.40234375
vt 0.587890625 0.55078125
vt 0.587890625 0.5625
vt 0.578125 0.5625
vt 0.578125 0.55078125
vt 0.607421875 0.671875
vt 0.607421875 0.6796875
vt 0.59375 0.6796875
vt 0.59375 0.671875
vt 0.341796875 0.3984375
vt 0.341796875 0.40625
vt 0.328125 0.40625
vt 0.328125 0.3984375
vt 0.5546875 0.5546875
vt 0.5546875 0.541015625
vt 0.564453125 0.541015625
vt 0.564453125 0.5546875
vt 0.046875 0.423828125
vt 0.046875 0.4375
vt 0.056640625 0.4375
vt 0.056640625 0.423828125
vt 0.626953125 0.6640625
vt 0.626953125 0.671875
vt 0.6171875 0.671875
vt 0.6171875 0.6640625
vt 0.626953125 0.6796875
vt 0.626953125 0.6875
vt 0.6171875 0.6875
vt 0.6171875 0.6796875
vt 0.607421875 0.65625
vt 0.607421875 0.6640625
vt 0.59375 0.6640625
vt 0.59375 0.65625
vt 0.365234375 0.3984375
vt 0.365234375 0.40625
vt 0.3515625 0.40625
vt 0.3515625 0.3984375
vt 0.5625 0.9453125
vt 0.5625 0.931640625
vt 0.572265625 0.931640625
vt 0.572265625 0.9453125
vt 0.5625 0.908203125
vt 0.5625 0.921875
vt 0.572265625 0.921875
vt 0.572265625 0.908203125
vt 0.611328125 0.375
vt 0.611328125 0.3828125
vt 0.6015625 0.3828125
vt 0.6015625 0.375
vt 0.494140625 0.375
vt 0.494140625 0.3828125
vt 0.484375 0.3828125
vt 0.484375 0.375
vt 0.552734375 0.90234375
vt 0.552734375 0.9140625
vt 0.5390625 0.9140625
vt 0.5390625 0.90234375
vt 0.552734375 0.77734375
vt 0.552734375 0.7890625
vt 0.5390625 0.7890625
vt 0.5390625 0.77734375
vt 0.5625 0.8984375
vt 0.5625 0.884765625
vt 0.572265625 0.884765625
vt 0.572265625 0.8984375
vt 0.5625 0.861328125
vt 0.5625 0.875
vt 0.572265625 0.875
vt 0.572265625 0.861328125
vt 0.595703125 0.91796875
vt 0.595703125 0.9296875
vt 0.5859375 0.9296875
vt 0.5859375 0.91796875
vt 0.595703125 0.94140625
vt 0.595703125 0.953125
vt 0.5859375 0.953125
vt 0.5859375 0.94140625
vt 0.595703125 0.87109375
vt 0.595703125 0.8828125
vt 0.5859375 0.8828125
vt 0.5859375 0.87109375
vt 0.595703125 0.79296875
vt 0.595703125 0.8046875
vt 0.5859375 0.8046875
vt 0.5859375 0.79296875
vt 0.6015625 0.5625
vt 0.6015625 0.552734375
vt 0.611328125 0.552734375
vt 0.611328125 0.5625
vt 0.609375 0.990234375
vt 0.609375 1
vt 0.619140625 1
vt 0.619140625 0.990234375
vt 0.197265625 0.40234375
vt 0.197265625 0.4140625
vt 0.1875 0.4140625
vt 0.1875 0.40234375
vt 0.595703125 0.89453125
vt 0.595703125 0.90625
vt 0.5859375 0.90625
vt 0.5859375 0.89453125
vt 0.244140625 0.40234375
vt 0.244140625 0.4140625
vt 0.234375 0.4140625
vt 0.234375 0.40234375
vt 0.291015625 0.40234375
vt 0.291015625 0.4140625
vt 0.28125 0.4140625
vt 0.28125 0.40234375
vt 0.609375 0.9765625
vt 0.609375 0.966796875
vt 0.619140625 0.966796875
vt 0.619140625 0.9765625
vt 0.046875 0.380859375
vt 0.046875 0.390625
vt 0.056640625 0.390625
vt 0.056640625 0.380859375
vt 0.595703125 0.74609375
vt 0.595703125 0.7578125
vt 0.5859375 0.7578125
vt 0.5859375 0.74609375
vt 0.595703125 0.76953125
vt 0.595703125 0.78125
vt 0.5859375 0.78125
vt 0.5859375 0.76953125
vt 0.208984375 0.427734375
vt 0.208984375 0.4375
vt 0.1953125 0.4375
vt 0.1953125 0.427734375
vt 0.576171875 0.787109375
vt 0.576171875 0.796875
vt 0.5625 0.796875
vt 0.5625 0.787109375
vt 0.5625 0.7734375
vt 0.5625 0.759765625
vt 0.572265625 0.759765625
vt 0.572265625 0.7734375
vt 0.2421875 0.423828125
vt 0.2421875 0.4375
vt 0.251953125 0.4375
vt 0.251953125 0.423828125
vt 0.619140625 0.919921875
vt 0.619140625 0.9296875
vt 0.609375 0.9296875
vt 0.609375 0.919921875
vt 0.619140625 0.943359375
vt 0.619140625 0.953125
vt 0.609375 0.953125
vt 0.609375 0.943359375
vt 0.646484375 0.57421875
vt 0.646484375 0.578125
vt 0.6328125 0.578125
vt 0.6328125 0.57421875
vt 0.646484375 0.46484375
vt 0.646484375 0.46875
vt 0.6328125 0.46875
vt 0.6328125 0.46484375
vt 0.5625 0.75
vt 0.5625 0.736328125
vt 0.572265625 0.736328125
vt 0.572265625 0.75
vt 0.2890625 0.423828125
vt 0.2890625 0.4375
vt 0.298828125 0.4375
vt 0.298828125 0.423828125
vt 0.205078125 0.33984375
vt 0.205078125 0.34375
vt 0.1953125 0.34375
vt 0.1953125 0.33984375
vt 0.181640625 0.33984375
vt 0.181640625 0.34375
vt 0.171875 0.34375
vt 0.171875 0.33984375
vt 0.599609375 0.36328125
vt 0.599609375 0.3671875
vt 0.5859375 0.3671875
vt 0.5859375 0.36328125
vt 0.115234375 0.35546875
vt 0.115234375 0.359375
vt 0.1015625 0.359375
vt 0.1015625 0.35546875
vt 0.5625 0.6328125
vt 0.5625 0.619140625
vt 0.572265625 0.619140625
vt 0.572265625 0.6328125
vt 0.5625 0.595703125
vt 0.5625 0.609375
vt 0.572265625 0.609375
vt 0.572265625 0.595703125
vt 0.251953125 0.33984375
vt 0.251953125 0.34375
vt 0.2421875 0.34375
vt 0.2421875 0.33984375
vt 0.228515625 0.33984375
vt 0.228515625 0.34375
vt 0.21875 0.34375
vt 0.21875 0.33984375
vt 0.576171875 0.458984375
vt 0.576171875 0.46875
vt 0.5625 0.46875
vt 0.5625 0.458984375
vt 0.560546875 0.427734375
vt 0.560546875 0.4375
vt 0.546875 0.4375
vt 0.546875 0.427734375
vt 0.5703125 1
vt 0.5703125 0.986328125
vt 0.580078125 0.986328125
vt 0.580078125 1
vt 0.0703125 0.416015625
vt 0.0703125 0.4296875
vt 0.080078125 0.4296875
vt 0.080078125 0.416015625
vt 0.619140625 0.873046875
vt 0.619140625 0.8828125
vt 0.609375 0.8828125
vt 0.609375 0.873046875
vt 0.619140625 0.896484375
vt 0.619140625 0.90625
vt 0.609375 0.90625
vt 0.609375 0.896484375
vt 0.595703125 0.60546875
vt 0.595703125 0.6171875
vt 0.5859375 0.6171875
vt 0.5859375 0.60546875
vt 0.595703125 0.47265625
vt 0.595703125 0.484375
vt 0.5859375 0.484375
vt 0.5859375 0.47265625
vt 0.609375 0.859375
vt 0.609375 0.849609375
vt 0.619140625 0.849609375
vt 0.619140625 0.859375
vt 0.1875 0.380859375
vt 0.1875 0.390625
vt 0.197265625 0.390625
vt 0.197265625 0.380859375
vt 0.595703125 0.49609375
vt 0.595703125 0.5078125
vt 0.5859375 0.5078125
vt 0.5859375 0.49609375
vt 0.595703125 0.62890625
vt 0.595703125 0.640625
vt 0.5859375 0.640625
vt 0.5859375 0.62890625
vt 0.556640625 0.40234375
vt 0.556640625 0.4140625
vt 0.546875 0.4140625
vt 0.546875 0.40234375
vt 0.595703125 0.40234375
vt 0.595703125 0.4140625
vt 0.5859375 0.4140625
vt 0.5859375 0.40234375
vt 0.609375 0.8046875
vt 0.609375 0.794921875
vt 0.619140625 0.794921875
vt 0.619140625 0.8046875
vt 0.609375 0.771484375
vt 0.609375 0.78125
vt 0.619140625 0.78125
vt 0.619140625 0.771484375
vt 0.595703125 0.42578125
vt 0.595703125 0.4375
vt 0.5859375 0.4375
vt 0.5859375 0.42578125
vt 0.595703125 0.44921875
vt 0.595703125 0.4609375
vt 0.5859375 0.4609375
vt 0.5859375 0.44921875
vt 0.130859375 0.419921875
vt 0.130859375 0.4296875
vt 0.1171875 0.4296875
vt 0.1171875 0.419921875
vt 0.154296875 0.419921875
vt 0.154296875 0.4296875
vt 0.140625 0.4296875
vt 0.140625 0.419921875
vt 0.5703125 0.8515625
vt 0.5703125 0.837890625
vt 0.580078125 0.837890625
vt 0.580078125 0.8515625
vt 0.1640625 0.416015625
vt 0.1640625 0.4296875
vt 0.173828125 0.4296875
vt 0.173828125 0.416015625
vt 0.619140625 0.748046875
vt 0.619140625 0.7578125
vt 0.609375 0.7578125
vt 0.609375 0.748046875
vt 0.244140625 0.380859375
vt 0.244140625 0.390625
vt 0.234375 0.390625
vt 0.234375 0.380859375
vt 0.654296875 0.73828125
vt 0.654296875 0.7421875
vt 0.640625 0.7421875
vt 0.640625 0.73828125
vt 0.654296875 0.72265625
vt 0.654296875 0.7265625
vt 0.640625 0.7265625
vt 0.640625 0.72265625
vt 0.3359375 0.4296875
vt 0.3359375 0.416015625
vt 0.345703125 0.416015625
vt 0.345703125 0.4296875
vt 0.359375 0.416015625
vt 0.359375 0.4296875
vt 0.369140625 0.4296875
vt 0.369140625 0.416015625
vt 0.666015625 0.57421875
vt 0.666015625 0.578125
vt 0.65625 0.578125
vt 0.65625 0.57421875
vt 0.275390625 0.33984375
vt 0.275390625 0.34375
vt 0.265625 0.34375
vt 0.265625 0.33984375
vt 0.654296875 0.68359375
vt 0.654296875 0.6875
vt 0.640625 0.6875
vt 0.640625 0.68359375
vt 0.654296875 0.66796875
vt 0.654296875 0.671875
vt 0.640625 0.671875
vt 0.640625 0.66796875
vt 0.3984375 0.4296875
vt 0.3984375 0.416015625
vt 0.408203125 0.416015625
vt 0.408203125 0.4296875
vt 0.5703125 0.572265625
vt 0.5703125 0.5859375
vt 0.580078125 0.5859375
vt 0.580078125 0.572265625
vt 0.666015625 0.54296875
vt 0.666015625 0.546875
vt 0.65625 0.546875
vt 0.65625 0.54296875
vt 0.666015625 0.55859375
vt 0.666015625 0.5625
vt 0.65625 0.5625
vt 0.65625 0.55859375
vt 0.435546875 0.419921875
vt 0.435546875 0.4296875
vt 0.421875 0.4296875
vt 0.421875 0.419921875
vt 0.458984375 0.419921875
vt 0.458984375 0.4296875
vt 0.4453125 0.4296875
vt 0.4453125 0.419921875
vt 0.46875 0.4296875
vt 0.46875 0.416015625
vt 0.478515625 0.416015625
vt 0.478515625 0.4296875
vt 0.5703125 0.517578125
vt 0.5703125 0.53125
vt 0.580078125 0.53125
vt 0.580078125 0.517578125
vt 0.337890625 0.380859375
vt 0.337890625 0.390625
vt 0.328125 0.390625
vt 0.328125 0.380859375
vt 0.291015625 0.380859375
vt 0.291015625 0.390625
vt 0.28125 0.390625
vt 0.28125 0.380859375
vt 0.12109375 0.7890625
vt 0.12109375 0.796875
vt 0.1015625 0.796875
vt 0.1015625 0.7890625
vt 0.21484375 0.4453125
vt 0.21484375 0.453125
vt 0.1953125 0.453125
vt 0.1953125 0.4453125
vt 0.03125 0.453125
vt 0.03125 0.43359375
vt 0.0390625 0.43359375
vt 0.0390625 0.453125
vt 0.2265625 0.43359375
vt 0.2265625 0.453125
vt 0.234375 0.453125
vt 0.234375 0.43359375
vt 0.5234375 0.8828125
vt 0.5234375 0.890625
vt 0.515625 0.890625
vt 0.515625 0.8828125
vt 0.3046875 0.6171875
vt 0.3046875 0.625
vt 0.296875 0.625
vt 0.296875 0.6171875
vt 0.26171875 0.4453125
vt 0.26171875 0.453125
vt 0.2421875 0.453125
vt 0.2421875 0.4453125
vt 0.56640625 0.7109375
vt 0.56640625 0.71875
vt 0.546875 0.71875
vt 0.546875 0.7109375
vt 0.2734375 0.453125
vt 0.2734375 0.43359375
vt 0.28125 0.43359375
vt 0.28125 0.453125
vt 0.3203125 0.43359375
vt 0.3203125 0.453125
vt 0.328125 0.453125
vt 0.328125 0.43359375
vt 0.578125 0.4765625
vt 0.578125 0.484375
vt 0.5703125 0.484375
vt 0.5703125 0.4765625
vt 0.5625 0.5234375
vt 0.5625 0.53125
vt 0.5546875 0.53125
vt 0.5546875 0.5234375
vt 0.66015625 0.91796875
vt 0.66015625 0.921875
vt 0.6484375 0.921875
vt 0.6484375 0.91796875
vt 0.66015625 0.90234375
vt 0.66015625 0.90625
vt 0.6484375 0.90625
vt 0.6484375 0.90234375
vt 0.5859375 0.390625
vt 0.5859375 0.37890625
vt 0.59375 0.37890625
vt 0.59375 0.390625
vt 0.609375 0.39453125
vt 0.609375 0.40625
vt 0.6171875 0.40625
vt 0.6171875 0.39453125
vt 0.6640625 0.38671875
vt 0.6640625 0.390625
vt 0.65625 0.390625
vt 0.65625 0.38671875
vt 0.609375 0.33984375
vt 0.609375 0.34375
vt 0.6015625 0.34375
vt 0.6015625 0.33984375
vt 0.66015625 0.88671875
vt 0.66015625 0.890625
vt 0.6484375 0.890625
vt 0.6484375 0.88671875
vt 0.66015625 0.87109375
vt 0.66015625 0.875
vt 0.6484375 0.875
vt 0.6484375 0.87109375
vt 0.109375 0.3828125
vt 0.109375 0.37109375
vt 0.1171875 0.37109375
vt 0.1171875 0.3828125
vt 0.125 0.37109375
vt 0.125 0.3828125
vt 0.1328125 0.3828125
vt 0.1328125 0.37109375
vt 0.640625 0.33984375
vt 0.640625 0.34375
vt 0.6328125 0.34375
vt 0.6328125 0.33984375
vt 0.625 0.33984375
vt 0.625 0.34375
vt 0.6171875 0.34375
vt 0.6171875 0.33984375
vt 0.06640625 0.66796875
vt 0.06640625 0.6953125
vt 0.0390625 0.6953125
vt 0.0390625 0.66796875
vt 0.33984375 0.74609375
vt 0.33984375 0.7734375
vt 0.3125 0.7734375
vt 0.3125 0.74609375
vt 0.390625 0.40625
vt 0.390625 0.37890625
vt 0.39453125 0.37890625
vt 0.39453125 0.40625
vt 0.40625 0.37890625
vt 0.40625 0.40625
vt 0.41015625 0.40625
vt 0.41015625 0.37890625
vt 0.37890625 0.37890625
vt 0.37890625 0.40625
vt 0.375 0.40625
vt 0.375 0.37890625
vt 0.17578125 0.37890625
vt 0.17578125 0.40625
vt 0.171875 0.40625
vt 0.171875 0.37890625
vt 0.388671875 0.71875
vt 0.388671875 0.7421875
vt 0.3671875 0.7421875
vt 0.3671875 0.71875
vt 0.388671875 0.65625
vt 0.388671875 0.6796875
vt 0.3671875 0.6796875
vt 0.3671875 0.65625
vt 0.5 0.7109375
vt 0.5 0.689453125
vt 0.509765625 0.689453125
vt 0.509765625 0.7109375
vt 0.5 0.548828125
vt 0.5 0.5703125
vt 0.509765625 0.5703125
vt 0.509765625 0.548828125
vt 0.501953125 0.625
vt 0.501953125 0.6484375
vt 0.4921875 0.6484375
vt 0.4921875 0.625
vt 0.501953125 0.65625
vt 0.501953125 0.6796875
vt 0.4921875 0.6796875
vt 0.4921875 0.65625
vt 0.548828125 0.880859375
vt 0.548828125 0.890625
vt 0.53125 0.890625
vt 0.53125 0.880859375
vt 0.548828125 0.857421875
vt 0.548828125 0.8671875
vt 0.53125 0.8671875
vt 0.53125 0.857421875
vt 0.53125 0.8203125
vt 0.53125 0.802734375
vt 0.541015625 0.802734375
vt 0.541015625 0.8203125
vt 0.53125 0.669921875
vt 0.53125 0.6875
vt 0.541015625 0.6875
vt 0.541015625 0.669921875
vt 0.619140625 0.638671875
vt 0.619140625 0.6484375
vt 0.609375 0.6484375
vt 0.609375 0.638671875
vt 0.361328125 0.380859375
vt 0.361328125 0.390625
vt 0.3515625 0.390625
vt 0.3515625 0.380859375
vt 0.478515625 0.6640625
vt 0.478515625 0.6796875
vt 0.4609375 0.6796875
vt 0.4609375 0.6640625
vt 0.361328125 0.5234375
vt 0.361328125 0.5390625
vt 0.34375 0.5390625
vt 0.34375 0.5234375
vt 0.53125 0.65625
vt 0.53125 0.638671875
vt 0.541015625 0.638671875
vt 0.541015625 0.65625
vt 0.53125 0.529296875
vt 0.53125 0.546875
vt 0.541015625 0.546875
vt 0.541015625 0.529296875
vt 0.369140625 0.4375
vt 0.369140625 0.453125
vt 0.359375 0.453125
vt 0.359375 0.4375
vt 0.345703125 0.4375
vt 0.345703125 0.453125
vt 0.3359375 0.453125
vt 0.3359375 0.4375
vt 0.310546875 0.82421875
vt 0.310546875 0.8515625
vt 0.28125 0.8515625
vt 0.28125 0.82421875
vt 0.318359375 0.86328125
vt 0.318359375 0.890625
vt 0.2890625 0.890625
vt 0.2890625 0.86328125
vt 0.59375 1
vt 0.59375 0.970703125
vt 0.59765625 0.970703125
vt 0.59765625 1
vt 0.0703125 0.376953125
vt 0.0703125 0.40625
vt 0.07421875 0.40625
vt 0.07421875 0.376953125
vt 0.44140625 0.37890625
vt 0.44140625 0.40625
vt 0.4375 0.40625
vt 0.4375 0.37890625
vt 0.42578125 0.37890625
vt 0.42578125 0.40625
vt 0.421875 0.40625
vt 0.421875 0.37890625
vt 0.3125 0.74609375
vt 0.3125 0.7734375
vt 0.33984375 0.7734375
vt 0.33984375 0.74609375
vt 0.0390625 0.66796875
vt 0.0390625 0.6953125
vt 0.06640625 0.6953125
vt 0.06640625 0.66796875
vt 0.39453125 0.40625
vt 0.39453125 0.37890625
vt 0.390625 0.37890625
vt 0.390625 0.40625
vt 0.41015625 0.37890625
vt 0.41015625 0.40625
vt 0.40625 0.40625
vt 0.40625 0.37890625
vt 0.375 0.37890625
vt 0.375 0.40625
vt 0.37890625 0.40625
vt 0.37890625 0.37890625
vt 0.171875 0.37890625
vt 0.171875 0.40625
vt 0.17578125 0.40625
vt 0.17578125 0.37890625
vt 0.3671875 0.65625
vt 0.3671875 0.6796875
vt 0.388671875 0.6796875
vt 0.388671875 0.65625
vt 0.3671875 0.71875
vt 0.3671875 0.7421875
vt 0.388671875 0.7421875
vt 0.388671875 0.71875
vt 0.509765625 0.7109375
vt 0.509765625 0.689453125
vt 0.5 0.689453125
vt 0.5 0.7109375
vt 0.509765625 0.548828125
vt 0.509765625 0.5703125
vt 0.5 0.5703125
vt 0.5 0.548828125
vt 0.4921875 0.625
vt 0.4921875 0.6484375
vt 0.501953125 0.6484375
vt 0.501953125 0.625
vt 0.4921875 0.65625
vt 0.4921875 0.6796875
vt 0.501953125 0.6796875
vt 0.501953125 0.65625
vt 0.53125 0.857421875
vt 0.53125 0.8671875
vt 0.548828125 0.8671875
vt 0.548828125 0.857421875
vt 0.53125 0.880859375
vt 0.53125 0.890625
vt 0.548828125 0.890625
vt 0.548828125 0.880859375
vt 0.541015625 0.8203125
vt 0.541015625 0.802734375
vt 0.53125 0.802734375
vt 0.53125 0.8203125
vt 0.541015625 0.669921875
vt 0.541015625 0.6875
vt 0.53125 0.6875
vt 0.53125 0.669921875
vt 0.609375 0.638671875
vt 0.609375 0.6484375
vt 0.619140625 0.6484375
vt 0.619140625 0.638671875
vt 0.3515625 0.380859375
vt 0.3515625 0.390625
vt 0.361328125 0.390625
vt 0.361328125 0.380859375
vt 0.34375 0.5234375
vt 0.34375 0.5390625
vt 0.361328125 0.5390625
vt 0.361328125 0.5234375
vt 0.4609375 0.6640625
vt 0.4609375 0.6796875
vt 0.478515625 0.6796875
vt 0.478515625 0.6640625
vt 0.541015625 0.65625
vt 0.541015625 0.638671875
vt 0.53125 0.638671875
vt 0.53125 0.65625
vt 0.541015625 0.529296875
vt 0.541015625 0.546875
vt 0.53125 0.546875
vt 0.53125 0.529296875
vt 0.359375 0.4375
vt 0.359375 0.453125
vt 0.369140625 0.453125
vt 0.369140625 0.4375
vt 0.3359375 0.4375
vt 0.3359375 0.453125
vt 0.345703125 0.453125
vt 0.345703125 0.4375
vt 0.2890625 0.86328125
vt 0.2890625 0.890625
vt 0.318359375 0.890625
vt 0.318359375 0.86328125
vt 0.28125 0.82421875
vt 0.28125 0.8515625
vt 0.310546875 0.8515625
vt 0.310546875 0.82421875
vt 0.59765625 1
vt 0.59765625 0.970703125
vt 0.59375 0.970703125
vt 0.59375 1
vt 0.07421875 0.376953125
vt 0.07421875 0.40625
vt 0.0703125 0.40625
vt 0.0703125 0.376953125
vt 0.4375 0.37890625
vt 0.4375 0.40625
vt 0.44140625 0.40625
vt 0.44140625 0.37890625
vt 0.421875 0.37890625
vt 0.421875 0.40625
vt 0.42578125 0.40625
vt 0.42578125 0.37890625
vt 0.4140625 0.6328125
vt 0.4140625 0.6484375
vt 0.390625 0.6484375
vt 0.390625 0.6328125
vt 0.390625 0.59375
vt 0.390625 0.609375
vt 0.3671875 0.609375
vt 0.3671875 0.59375
vt 0.140625 0.3515625
vt 0.140625 0.328125
vt 0.142578125 0.328125
vt 0.142578125 0.3515625
vt 0.15625 0.328125
vt 0.15625 0.3515625
vt 0.158203125 0.3515625
vt 0.158203125 0.328125
vt 0.666015625 0.984375
vt 0.666015625 1
vt 0.6640625 1
vt 0.6640625 0.984375
vt 0.650390625 0.328125
vt 0.650390625 0.34375
vt 0.6484375 0.34375
vt 0.6484375 0.328125
vt 0.44140625 0.689453125
vt 0.44140625 0.71875
vt 0.4296875 0.71875
vt 0.4296875 0.689453125
vt 0.44921875 0.970703125
vt 0.44921875 1
vt 0.4375 1
vt 0.4375 0.970703125
vt 0.046875 0.5546875
vt 0.046875 0.54296875
vt 0.07421875 0.54296875
vt 0.07421875 0.5546875
vt 0.0859375 0.54296875
vt 0.0859375 0.5546875
vt 0.11328125 0.5546875
vt 0.11328125 0.54296875
vt 0.31640625 0.783203125
vt 0.31640625 0.8125
vt 0.2890625 0.8125
vt 0.2890625 0.783203125
vt 0.19921875 0.681640625
vt 0.19921875 0.7109375
vt 0.171875 0.7109375
vt 0.171875 0.681640625
vt 0.44921875 0.822265625
vt 0.44921875 0.8515625
vt 0.4375 0.8515625
vt 0.4375 0.822265625
vt 0.17578125 0.533203125
vt 0.17578125 0.5625
vt 0.1640625 0.5625
vt 0.1640625 0.533203125
vt 0.4453125 0.8125
vt 0.4453125 0.80078125
vt 0.47265625 0.80078125
vt 0.47265625 0.8125
vt 0.4453125 0.77734375
vt 0.4453125 0.7890625
vt 0.47265625 0.7890625
vt 0.47265625 0.77734375
vt 0.27734375 0.681640625
vt 0.27734375 0.7109375
vt 0.25 0.7109375
vt 0.25 0.681640625
vt 0.23828125 0.681640625
vt 0.23828125 0.7109375
vt 0.2109375 0.7109375
vt 0.2109375 0.681640625
vt 0.19921875 0.533203125
vt 0.19921875 0.5625
vt 0.1875 0.5625
vt 0.1875 0.533203125
vt 0.22265625 0.533203125
vt 0.22265625 0.5625
vt 0.2109375 0.5625
vt 0.2109375 0.533203125
vt 0.3984375 0.7421875
vt 0.3984375 0.73046875
vt 0.4296875 0.73046875
vt 0.4296875 0.7421875
vt 0.3984375 0.66796875
vt 0.3984375 0.6796875
vt 0.4296875 0.6796875
vt 0.4296875 0.66796875
vt 0.03125 0.712890625
vt 0.03125 0.7421875
vt 0 0.7421875
vt 0 0.712890625
vt 0.28125 0.751953125
vt 0.28125 0.78125
vt 0.25 0.78125
vt 0.25 0.751953125
vt 0.44921875 0.728515625
vt 0.44921875 0.7578125
vt 0.4375 0.7578125
vt 0.4375 0.728515625
vt 0.30859375 0.533203125
vt 0.30859375 0.5625
vt 0.296875 0.5625
vt 0.296875 0.533203125
vt 0.3984375 0.625
vt 0.3984375 0.61328125
vt 0.4296875 0.61328125
vt 0.4296875 0.625
vt 0.3984375 0.58984375
vt 0.3984375 0.6015625
vt 0.4296875 0.6015625
vt 0.4296875 0.58984375
vt 0.1640625 0.712890625
vt 0.1640625 0.7421875
vt 0.1328125 0.7421875
vt 0.1328125 0.712890625
vt 0.125 0.712890625
vt 0.125 0.7421875
vt 0.09375 0.7421875
vt 0.09375 0.712890625
vt 0.44921875 0.650390625
vt 0.44921875 0.6796875
vt 0.4375 0.6796875
vt 0.4375 0.650390625
vt 0.44921875 0.611328125
vt 0.44921875 0.640625
vt 0.4375 0.640625
vt 0.4375 0.611328125
vt 0.453125 0.9609375
vt 0.453125 0.94921875
vt 0.48046875 0.94921875
vt 0.48046875 0.9609375
vt 0.453125 0.92578125
vt 0.453125 0.9375
vt 0.48046875 0.9375
vt 0.48046875 0.92578125
vt 0.02734375 0.673828125
vt 0.02734375 0.703125
vt 0 0.703125
vt 0 0.673828125
vt 0.31640625 0.681640625
vt 0.31640625 0.7109375
vt 0.2890625 0.7109375
vt 0.2890625 0.681640625
vt 0.44921875 0.572265625
vt 0.44921875 0.6015625
vt 0.4375 0.6015625
vt 0.4375 0.572265625
vt 0.44921875 0.533203125
vt 0.44921875 0.5625
vt 0.4375 0.5625
vt 0.4375 0.533203125
vt 0.453125 0.9140625
vt 0.453125 0.90234375
vt 0.48046875 0.90234375
vt 0.48046875 0.9140625
vt 0.453125 0.87890625
vt 0.453125 0.890625
vt 0.48046875 0.890625
vt 0.48046875 0.87890625
vt 0.15234375 0.673828125
vt 0.15234375 0.703125
vt 0.125 0.703125
vt 0.125 0.673828125
vt 0.11328125 0.673828125
vt 0.11328125 0.703125
vt 0.0859375 0.703125
vt 0.0859375 0.673828125
vt 0.23046875 0.3515625
vt 0.23046875 0.3671875
vt 0.2265625 0.3671875
vt 0.2265625 0.3515625
vt 0.24609375 0.3515625
vt 0.24609375 0.3671875
vt 0.2421875 0.3671875
vt 0.2421875 0.3515625
vt 0.671875 0.7109375
vt 0.671875 0.70703125
vt 0.673828125 0.70703125
vt 0.673828125 0.7109375
vt 0.671875 0.58984375
vt 0.671875 0.59375
vt 0.673828125 0.59375
vt 0.673828125 0.58984375
vt 0.306640625 0.3203125
vt 0.306640625 0.3359375
vt 0.3046875 0.3359375
vt 0.3046875 0.3203125
vt 0.126953125 0.3203125
vt 0.126953125 0.3359375
vt 0.125 0.3359375
vt 0.125 0.3203125
vt 0.27734375 0.3515625
vt 0.27734375 0.3671875
vt 0.2734375 0.3671875
vt 0.2734375 0.3515625
vt 0.29296875 0.3515625
vt 0.29296875 0.3671875
vt 0.2890625 0.3671875
vt 0.2890625 0.3515625
vt 0.671875 0.53125
vt 0.671875 0.52734375
vt 0.673828125 0.52734375
vt 0.673828125 0.53125
vt 0.671875 0.51171875
vt 0.671875 0.515625
vt 0.673828125 0.515625
vt 0.673828125 0.51171875
vt 0.322265625 0.3203125
vt 0.322265625 0.3359375
vt 0.3203125 0.3359375
vt 0.3203125 0.3203125
vt 0.666015625 0.671875
vt 0.666015625 0.6875
vt 0.6640625 0.6875
vt 0.6640625 0.671875
vt 0.51171875 0.82421875
vt 0.51171875 0.8359375
vt 0.4921875 0.8359375
vt 0.4921875 0.82421875
vt 0.51171875 0.60546875
vt 0.51171875 0.6171875
vt 0.4921875 0.6171875
vt 0.4921875 0.60546875
vt 0.109375 0.34375
vt 0.109375 0.32421875
vt 0.111328125 0.32421875
vt 0.111328125 0.34375
vt 0.2890625 0.32421875
vt 0.2890625 0.34375
vt 0.291015625 0.34375
vt 0.291015625 0.32421875
vt 0.666015625 0.48828125
vt 0.666015625 0.5
vt 0.6640625 0.5
vt 0.6640625 0.48828125
vt 0.462890625 0.32421875
vt 0.462890625 0.3359375
vt 0.4609375 0.3359375
vt 0.4609375 0.32421875
vt 0.37890625 0.86328125
vt 0.37890625 0.875
vt 0.328125 0.875
vt 0.328125 0.86328125
vt 0.30859375 0.66015625
vt 0.30859375 0.671875
vt 0.2578125 0.671875
vt 0.2578125 0.66015625
vt 0.5078125 0.40625
vt 0.5078125 0.35546875
vt 0.509765625 0.35546875
vt 0.509765625 0.40625
vt 0.5234375 0.35546875
vt 0.5234375 0.40625
vt 0.525390625 0.40625
vt 0.525390625 0.35546875
vt 0.572265625 0.32421875
vt 0.572265625 0.3359375
vt 0.5703125 0.3359375
vt 0.5703125 0.32421875
vt 0.666015625 0.44140625
vt 0.666015625 0.453125
vt 0.6640625 0.453125
vt 0.6640625 0.44140625
vt 0.115234375 0.51953125
vt 0.115234375 0.53125
vt 0.09375 0.53125
vt 0.09375 0.51953125
vt 0.412109375 0.51953125
vt 0.412109375 0.53125
vt 0.390625 0.53125
vt 0.390625 0.51953125
vt 0.4140625 0.3515625
vt 0.4140625 0.330078125
vt 0.416015625 0.330078125
vt 0.416015625 0.3515625
vt 0 0.322265625
vt 0 0.34375
vt 0.001953125 0.34375
vt 0.001953125 0.322265625
vt 0.666015625 0.33203125
vt 0.666015625 0.34375
vt 0.6640625 0.34375
vt 0.6640625 0.33203125
vt 0.587890625 0.32421875
vt 0.587890625 0.3359375
vt 0.5859375 0.3359375
vt 0.5859375 0.32421875
vt 0.41015625 0.49609375
vt 0.41015625 0.5078125
vt 0.390625 0.5078125
vt 0.390625 0.49609375
vt 0.51171875 0.58203125
vt 0.51171875 0.59375
vt 0.4921875 0.59375
vt 0.4921875 0.58203125
vt 0.3671875 0.34375
vt 0.3671875 0.32421875
vt 0.369140625 0.32421875
vt 0.369140625 0.34375
vt 0.4296875 0.32421875
vt 0.4296875 0.34375
vt 0.431640625 0.34375
vt 0.431640625 0.32421875
vt 0.673828125 0.92578125
vt 0.673828125 0.9375
vt 0.671875 0.9375
vt 0.671875 0.92578125
vt 0.673828125 0.94921875
vt 0.673828125 0.9609375
vt 0.671875 0.9609375
vt 0.671875 0.94921875
vt 0.484375 0.64453125
vt 0.484375 0.65625
vt 0.4609375 0.65625
vt 0.4609375 0.64453125
vt 0.484375 0.62109375
vt 0.484375 0.6328125
vt 0.4609375 0.6328125
vt 0.4609375 0.62109375
vt 0.3359375 0.3515625
vt 0.3359375 0.328125
vt 0.337890625 0.328125
vt 0.337890625 0.3515625
vt 0.3515625 0.328125
vt 0.3515625 0.3515625
vt 0.353515625 0.3515625
vt 0.353515625 0.328125
vt 0.673828125 0.87890625
vt 0.673828125 0.890625
vt 0.671875 0.890625
vt 0.671875 0.87890625
vt 0.673828125 0.90234375
vt 0.673828125 0.9140625
vt 0.671875 0.9140625
vt 0.671875 0.90234375
vt 0.01953125 0.48828125
vt 0.01953125 0.5
vt 0 0.5
vt 0 0.48828125
vt 0.51953125 0.98828125
vt 0.51953125 1
vt 0.5 1
vt 0.5 0.98828125
vt 0.65625 0.53125
vt 0.65625 0.51171875
vt 0.658203125 0.51171875
vt 0.658203125 0.53125
vt 0.4765625 0.32421875
vt 0.4765625 0.34375
vt 0.478515625 0.34375
vt 0.478515625 0.32421875
vt 0.189453125 0.31640625
vt 0.189453125 0.328125
vt 0.1875 0.328125
vt 0.1875 0.31640625
vt 0.173828125 0.31640625
vt 0.173828125 0.328125
vt 0.171875 0.328125
vt 0.171875 0.31640625
vt 0.185546875 0.51171875
vt 0.185546875 0.5234375
vt 0.1640625 0.5234375
vt 0.1640625 0.51171875
vt 0.216796875 0.51171875
vt 0.216796875 0.5234375
vt 0.1953125 0.5234375
vt 0.1953125 0.51171875
vt 0.015625 0.34375
vt 0.015625 0.322265625
vt 0.017578125 0.322265625
vt 0.017578125 0.34375
vt 0.03125 0.322265625
vt 0.03125 0.34375
vt 0.033203125 0.34375
vt 0.033203125 0.322265625
vt 0.220703125 0.31640625
vt 0.220703125 0.328125
vt 0.21875 0.328125
vt 0.21875 0.31640625
vt 0.205078125 0.31640625
vt 0.205078125 0.328125
vt 0.203125 0.328125
vt 0.203125 0.31640625
vt 0.185546875 0.51171875
vt 0.185546875 0.5234375
vt 0.1640625 0.5234375
vt 0.1640625 0.51171875
vt 0.216796875 0.51171875
vt 0.216796875 0.5234375
vt 0.1953125 0.5234375
vt 0.1953125 0.51171875
vt 0.017578125 0.322265625
vt 0.017578125 0.34375
vt 0.015625 0.34375
vt 0.015625 0.322265625
vt 0.033203125 0.322265625
vt 0.033203125 0.34375
vt 0.03125 0.34375
vt 0.03125 0.322265625
vt 0.220703125 0.31640625
vt 0.220703125 0.328125
vt 0.21875 0.328125
vt 0.21875 0.31640625
vt 0.205078125 0.31640625
vt 0.205078125 0.328125
vt 0.203125 0.328125
vt 0.203125 0.31640625
vt 0.185546875 0.51171875
vt 0.185546875 0.5234375
vt 0.1640625 0.5234375
vt 0.1640625 0.51171875
vt 0.216796875 0.51171875
vt 0.216796875 0.5234375
vt 0.1953125 0.5234375
vt 0.1953125 0.51171875
vt 0.017578125 0.322265625
vt 0.017578125 0.34375
vt 0.015625 0.34375
vt 0.015625 0.322265625
vt 0.033203125 0.322265625
vt 0.033203125 0.34375
vt 0.03125 0.34375
vt 0.03125 0.322265625
vt 0.220703125 0.31640625
vt 0.220703125 0.328125
vt 0.21875 0.328125
vt 0.21875 0.31640625
vt 0.205078125 0.31640625
vt 0.205078125 0.328125
vt 0.203125 0.328125
vt 0.203125 0.31640625
vt 0.185546875 0.51171875
vt 0.185546875 0.5234375
vt 0.1640625 0.5234375
vt 0.1640625 0.51171875
vt 0.216796875 0.51171875
vt 0.216796875 0.5234375
vt 0.1953125 0.5234375
vt 0.1953125 0.51171875
vt 0.017578125 0.322265625
vt 0.017578125 0.34375
vt 0.015625 0.34375
vt 0.015625 0.322265625
vt 0.033203125 0.322265625
vt 0.033203125 0.34375
vt 0.03125 0.34375
vt 0.03125 0.322265625
vt 0.220703125 0.31640625
vt 0.220703125 0.328125
vt 0.21875 0.328125
vt 0.21875 0.31640625
vt 0.205078125 0.31640625
vt 0.205078125 0.328125
vt 0.203125 0.328125
vt 0.203125 0.31640625
vt 0.484375 0.59765625
vt 0.484375 0.609375
vt 0.4609375 0.609375
vt 0.4609375 0.59765625
vt 0.484375 0.57421875
vt 0.484375 0.5859375
vt 0.4609375 0.5859375
vt 0.4609375 0.57421875
vt 0.3828125 0.3515625
vt 0.3828125 0.328125
vt 0.384765625 0.328125
vt 0.384765625 0.3515625
vt 0.3984375 0.328125
vt 0.3984375 0.3515625
vt 0.400390625 0.3515625
vt 0.400390625 0.328125
vt 0.251953125 0.31640625
vt 0.251953125 0.328125
vt 0.25 0.328125
vt 0.25 0.31640625
vt 0.236328125 0.31640625
vt 0.236328125 0.328125
vt 0.234375 0.328125
vt 0.234375 0.31640625
vt 0.48828125 0.552734375
vt 0.48828125 0.5625
vt 0.4609375 0.5625
vt 0.4609375 0.552734375
vt 0.48828125 0.529296875
vt 0.48828125 0.5390625
vt 0.4609375 0.5390625
vt 0.4609375 0.529296875
vt 0 0.6328125
vt 0 0.60546875
vt 0.01953125 0.60546875
vt 0.01953125 0.6328125
vt 0.078125 0.60546875
vt 0.078125 0.6328125
vt 0.09765625 0.6328125
vt 0.09765625 0.60546875
vt 0.06640625 0.474609375
vt 0.06640625 0.484375
vt 0.046875 0.484375
vt 0.046875 0.474609375
vt 0.51953125 0.529296875
vt 0.51953125 0.5390625
vt 0.5 0.5390625
vt 0.5 0.529296875
vt 0.244140625 0.8515625
vt 0.244140625 0.8515625
vt 0.2421875 0.8515625
vt 0.2421875 0.8515625
vt 0.244140625 0.8515625
vt 0.244140625 0.8515625
vt 0.2421875 0.8515625
vt 0.2421875 0.8515625
vt 0.625 0.703125
vt 0.625 0.701171875
vt 0.66015625 0.701171875
vt 0.66015625 0.703125
vt 0.625 0.591796875
vt 0.625 0.59375
vt 0.66015625 0.59375
vt 0.66015625 0.591796875
vt 0.68359375 0.84375
vt 0.68359375 0.84375
vt 0.6484375 0.84375
vt 0.6484375 0.84375
vt 0.68359375 0.84375
vt 0.68359375 0.84375
vt 0.6484375 0.84375
vt 0.6484375 0.84375
vt 0.244140625 0.8515625
vt 0.244140625 0.8515625
vt 0.2421875 0.8515625
vt 0.2421875 0.8515625
vt 0.244140625 0.8515625
vt 0.244140625 0.8515625
vt 0.2421875 0.8515625
vt 0.2421875 0.8515625
vt 0.6484375 0.65625
vt 0.6484375 0.654296875
vt 0.671875 0.654296875
vt 0.671875 0.65625
vt 0.4453125 0.349609375
vt 0.4453125 0.3515625
vt 0.46875 0.3515625
vt 0.46875 0.349609375
vt 0.3515625 0.6796875
vt 0.3515625 0.6796875
vt 0.328125 0.6796875
vt 0.328125 0.6796875
vt 0.3515625 0.6796875
vt 0.3515625 0.6796875
vt 0.328125 0.6796875
vt 0.328125 0.6796875
vt 0.244140625 0.8515625
vt 0.244140625 0.8515625
vt 0.2421875 0.8515625
vt 0.2421875 0.8515625
vt 0.244140625 0.8515625
vt 0.244140625 0.8515625
vt 0.2421875 0.8515625
vt 0.2421875 0.8515625
vt 0.5703125 0.3515625
vt 0.5703125 0.349609375
vt 0.59375 0.349609375
vt 0.59375 0.3515625
vt 0.6484375 0.357421875
vt 0.6484375 0.359375
vt 0.671875 0.359375
vt 0.671875 0.357421875
vt 0.3515625 0.6796875
vt 0.3515625 0.6796875
vt 0.328125 0.6796875
vt 0.328125 0.6796875
vt 0.3515625 0.6796875
vt 0.3515625 0.6796875
vt 0.328125 0.6796875
vt 0.328125 0.6796875
vt 0.244140625 0.8515625
vt 0.244140625 0.8515625
vt 0.2421875 0.8515625
vt 0.2421875 0.8515625
vt 0.244140625 0.8515625
vt 0.244140625 0.8515625
vt 0.2421875 0.8515625
vt 0.2421875 0.8515625
vt 0.6328125 0.8046875
vt 0.6328125 0.802734375
vt 0.666015625 0.802734375
vt 0.666015625 0.8046875
vt 0.6328125 0.787109375
vt 0.6328125 0.7890625
vt 0.666015625 0.7890625
vt 0.666015625 0.787109375
vt 0.697265625 0.6640625
vt 0.697265625 0.6640625
vt 0.6640625 0.6640625
vt 0.6640625 0.6640625
vt 0.697265625 0.6640625
vt 0.697265625 0.6640625
vt 0.6640625 0.6640625
vt 0.6640625 0.6640625
vt 0.244140625 0.8515625
vt 0.244140625 0.8515625
vt 0.2421875 0.8515625
vt 0.2421875 0.8515625
vt 0.244140625 0.8515625
vt 0.244140625 0.8515625
vt 0.2421875 0.8515625
vt 0.2421875 0.8515625
vt 0.6328125 0.7734375
vt 0.6328125 0.771484375
vt 0.666015625 0.771484375
vt 0.666015625 0.7734375
vt 0.6328125 0.755859375
vt 0.6328125 0.7578125
vt 0.666015625 0.7578125
vt 0.666015625 0.755859375
vt 0.697265625 0.6640625
vt 0.697265625 0.6640625
vt 0.6640625 0.6640625
vt 0.6640625 0.6640625
vt 0.697265625 0.6640625
vt 0.697265625 0.6640625
vt 0.6640625 0.6640625
vt 0.6640625 0.6640625
vt 0.244140625 0.8515625
vt 0.244140625 0.8515625
vt 0.2421875 0.8515625
vt 0.2421875 0.8515625
vt 0.244140625 0.8515625
vt 0.244140625 0.8515625
vt 0.2421875 0.8515625
vt 0.2421875 0.8515625
vt 0.6328125 0.8359375
vt 0.6328125 0.833984375
vt 0.66796875 0.833984375
vt 0.66796875 0.8359375
vt 0.6328125 0.818359375
vt 0.6328125 0.8203125
vt 0.66796875 0.8203125
vt 0.66796875 0.818359375
vt 0.68359375 0.84375
vt 0.68359375 0.84375
vt 0.6484375 0.84375
vt 0.6484375 0.84375
vt 0.68359375 0.84375
vt 0.68359375 0.84375
vt 0.6484375 0.84375
vt 0.6484375 0.84375
vt 0.1015625 0.84765625
vt 0.1015625 0.8828125
vt 0.09375 0.8828125
vt 0.09375 0.84765625
vt 0.2890625 0.50390625
vt 0.2890625 0.5390625
vt 0.28125 0.5390625
vt 0.28125 0.50390625
vt 0.328125 0.7890625
vt 0.328125 0.78125
vt 0.34375 0.78125
vt 0.34375 0.7890625
vt 0.359375 0.9296875
vt 0.359375 0.9375
vt 0.375 0.9375
vt 0.375 0.9296875
vt 0.359375 0.60546875
vt 0.359375 0.640625
vt 0.34375 0.640625
vt 0.34375 0.60546875
vt 0.0703125 0.62109375
vt 0.0703125 0.65625
vt 0.0546875 0.65625
vt 0.0546875 0.62109375
vt 0.244140625 0.8515625
vt 0.244140625 0.8515625
vt 0.2421875 0.8515625
vt 0.2421875 0.8515625
vt 0.244140625 0.8515625
vt 0.244140625 0.8515625
vt 0.2421875 0.8515625
vt 0.2421875 0.8515625
vt 0.66015625 0.701171875
vt 0.66015625 0.703125
vt 0.625 0.703125
vt 0.625 0.701171875
vt 0.66015625 0.591796875
vt 0.66015625 0.59375
vt 0.625 0.59375
vt 0.625 0.591796875
vt 0.68359375 0.84375
vt 0.68359375 0.84375
vt 0.6484375 0.84375
vt 0.6484375 0.84375
vt 0.68359375 0.84375
vt 0.68359375 0.84375
vt 0.6484375 0.84375
vt 0.6484375 0.84375
vt 0.244140625 0.8515625
vt 0.244140625 0.8515625
vt 0.2421875 0.8515625
vt 0.2421875 0.8515625
vt 0.244140625 0.8515625
vt 0.244140625 0.8515625
vt 0.2421875 0.8515625
vt 0.2421875 0.8515625
vt 0.671875 0.654296875
vt 0.671875 0.65625
vt 0.6484375 0.65625
vt 0.6484375 0.654296875
vt 0.46875 0.349609375
vt 0.46875 0.3515625
vt 0.4453125 0.3515625
vt 0.4453125 0.349609375
vt 0.3515625 0.6796875
vt 0.3515625 0.6796875
vt 0.328125 0.6796875
vt 0.328125 0.6796875
vt 0.3515625 0.6796875
vt 0.3515625 0.6796875
vt 0.328125 0.6796875
vt 0.328125 0.6796875
vt 0.244140625 0.8515625
vt 0.244140625 0.8515625
vt 0.2421875 0.8515625
vt 0.2421875 0.8515625
vt 0.244140625 0.8515625
vt 0.244140625 0.8515625
vt 0.2421875 0.8515625
vt 0.2421875 0.8515625
vt 0.59375 0.349609375
vt 0.59375 0.3515625
vt 0.5703125 0.3515625
vt 0.5703125 0.349609375
vt 0.671875 0.357421875
vt 0.671875 0.359375
vt 0.6484375 0.359375
vt 0.6484375 0.357421875
vt 0.3515625 0.6796875
vt 0.3515625 0.6796875
vt 0.328125 0.6796875
vt 0.328125 0.6796875
vt 0.3515625 0.6796875
vt 0.3515625 0.6796875
vt 0.328125 0.6796875
vt 0.328125 0.6796875
vt 0.244140625 0.8515625
vt 0.244140625 0.8515625
vt 0.2421875 0.8515625
vt 0.2421875 0.8515625
vt 0.244140625 0.8515625
vt 0.244140625 0.8515625
vt 0.2421875 0.8515625
vt 0.2421875 0.8515625
vt 0.666015625 0.802734375
vt 0.666015625 0.8046875
vt 0.6328125 0.8046875
vt 0.6328125 0.802734375
vt 0.666015625 0.787109375
vt 0.666015625 0.7890625
vt 0.6328125 0.7890625
vt 0.6328125 0.787109375
vt 0.697265625 0.6640625
vt 0.697265625 0.6640625
vt 0.6640625 0.6640625
vt 0.6640625 0.6640625
vt 0.697265625 0.6640625
vt 0.697265625 0.6640625
vt 0.6640625 0.6640625
vt 0.6640625 0.6640625
vt 0.244140625 0.8515625
vt 0.244140625 0.8515625
vt 0.2421875 0.8515625
vt 0.2421875 0.8515625
vt 0.244140625 0.8515625
vt 0.244140625 0.8515625
vt 0.2421875 0.8515625
vt 0.2421875 0.8515625
vt 0.666015625 0.771484375
vt 0.666015625 0.7734375
vt 0.6328125 0.7734375
vt 0.6328125 0.771484375
vt 0.666015625 0.755859375
vt 0.666015625 0.7578125
vt 0.6328125 0.7578125
vt 0.6328125 0.755859375
vt 0.697265625 0.6640625
vt 0.697265625 0.6640625
vt 0.6640625 0.6640625
vt 0.6640625 0.6640625
vt 0.697265625 0.6640625
vt 0.697265625 0.6640625
vt 0.6640625 0.6640625
vt 0.6640625 0.6640625
vt 0.458984375 0.388671875
vt 0.458984375 0.40625
vt 0.453125 0.40625
vt 0.453125 0.388671875
vt 0.474609375 0.388671875
vt 0.474609375 0.40625
vt 0.46875 0.40625
vt 0.46875 0.388671875
vt 0.5390625 0.34375
vt 0.5390625 0.337890625
vt 0.544921875 0.337890625
vt 0.544921875 0.34375
vt 0.5546875 0.337890625
vt 0.5546875 0.34375
vt 0.560546875 0.34375
vt 0.560546875 0.337890625
vt 0.599609375 0.521484375
vt 0.599609375 0.5390625
vt 0.59375 0.5390625
vt 0.59375 0.521484375
vt 0.599609375 0.576171875
vt 0.599609375 0.59375
vt 0.59375 0.59375
vt 0.59375 0.576171875
vt 0.453125 0.388671875
vt 0.453125 0.40625
vt 0.458984375 0.40625
vt 0.458984375 0.388671875
vt 0.46875 0.388671875
vt 0.46875 0.40625
vt 0.474609375 0.40625
vt 0.474609375 0.388671875
vt 0.5390625 0.337890625
vt 0.5390625 0.34375
vt 0.544921875 0.34375
vt 0.544921875 0.337890625
vt 0.5546875 0.337890625
vt 0.5546875 0.34375
vt 0.560546875 0.34375
vt 0.560546875 0.337890625
vt 0.59375 0.521484375
vt 0.59375 0.5390625
vt 0.599609375 0.5390625
vt 0.599609375 0.521484375
vt 0.59375 0.576171875
vt 0.59375 0.59375
vt 0.599609375 0.59375
vt 0.599609375 0.576171875
vt 0.453125 0.388671875
vt 0.453125 0.40625
vt 0.458984375 0.40625
vt 0.458984375 0.388671875
vt 0.46875 0.388671875
vt 0.46875 0.40625
vt 0.474609375 0.40625
vt 0.474609375 0.388671875
vt 0.5390625 0.337890625
vt 0.5390625 0.34375
vt 0.544921875 0.34375
vt 0.544921875 0.337890625
vt 0.5546875 0.337890625
vt 0.5546875 0.34375
vt 0.560546875 0.34375
vt 0.560546875 0.337890625
vt 0.59375 0.521484375
vt 0.59375 0.5390625
vt 0.599609375 0.5390625
vt 0.599609375 0.521484375
vt 0.59375 0.576171875
vt 0.59375 0.59375
vt 0.599609375 0.59375
vt 0.599609375 0.576171875
vt 0.474609375 0.388671875
vt 0.474609375 0.40625
vt 0.46875 0.40625
vt 0.46875 0.388671875
vt 0.458984375 0.388671875
vt 0.458984375 0.40625
vt 0.453125 0.40625
vt 0.453125 0.388671875
vt 0.5390625 0.34375
vt 0.5390625 0.337890625
vt 0.544921875 0.337890625
vt 0.544921875 0.34375
vt 0.5546875 0.337890625
vt 0.5546875 0.34375
vt 0.560546875 0.34375
vt 0.560546875 0.337890625
vt 0.599609375 0.521484375
vt 0.599609375 0.5390625
vt 0.59375 0.5390625
vt 0.59375 0.521484375
vt 0.599609375 0.576171875
vt 0.599609375 0.59375
vt 0.59375 0.59375
vt 0.59375 0.576171875
vt 0.474609375 0.388671875
vt 0.474609375 0.40625
vt 0.46875 0.40625
vt 0.46875 0.388671875
vt 0.458984375 0.388671875
vt 0.458984375 0.40625
vt 0.453125 0.40625
vt 0.453125 0.388671875
vt 0.544921875 0.337890625
vt 0.544921875 0.34375
vt 0.5390625 0.34375
vt 0.5390625 0.337890625
vt 0.560546875 0.337890625
vt 0.560546875 0.34375
vt 0.5546875 0.34375
vt 0.5546875 0.337890625
vt 0.599609375 0.521484375
vt 0.599609375 0.5390625
vt 0.59375 0.5390625
vt 0.59375 0.521484375
vt 0.599609375 0.576171875
vt 0.599609375 0.59375
vt 0.59375 0.59375
vt 0.59375 0.576171875
vt 0.474609375 0.388671875
vt 0.474609375 0.40625
vt 0.46875 0.40625
vt 0.46875 0.388671875
vt 0.458984375 0.388671875
vt 0.458984375 0.40625
vt 0.453125 0.40625
vt 0.453125 0.388671875
vt 0.544921875 0.337890625
vt 0.544921875 0.34375
vt 0.5390625 0.34375
vt 0.5390625 0.337890625
vt 0.560546875 0.337890625
vt 0.560546875 0.34375
vt 0.5546875 0.34375
vt 0.5546875 0.337890625
vt 0.599609375 0.521484375
vt 0.599609375 0.5390625
vt 0.59375 0.5390625
vt 0.59375 0.521484375
vt 0.599609375 0.576171875
vt 0.599609375 0.59375
vt 0.59375 0.59375
vt 0.59375 0.576171875
vt 0.01171875 0.5625
vt 0.01171875 0.59375
vt 0 0.59375
vt 0 0.5625
vt 0.03515625 0.5625
vt 0.03515625 0.59375
vt 0.0234375 0.59375
vt 0.0234375 0.5625
vt 0.5234375 0.7109375
vt 0.5234375 0.69921875
vt 0.5390625 0.69921875
vt 0.5390625 0.7109375
vt 0.5234375 0.60546875
vt 0.5234375 0.6171875
vt 0.5390625 0.6171875
vt 0.5390625 0.60546875
vt 0.3828125 0.6171875
vt 0.3828125 0.6484375
vt 0.3671875 0.6484375
vt 0.3671875 0.6171875
vt 0.046875 0.6015625
vt 0.046875 0.6328125
vt 0.03125 0.6328125
vt 0.03125 0.6015625
vt 0.41796875 0.9140625
vt 0.41796875 0.9453125
vt 0.40625 0.9453125
vt 0.40625 0.9140625
vt 0.08984375 0.5625
vt 0.08984375 0.59375
vt 0.078125 0.59375
vt 0.078125 0.5625
vt 0.5234375 0.59375
vt 0.5234375 0.58203125
vt 0.5390625 0.58203125
vt 0.5390625 0.59375
vt 0.5234375 0.55859375
vt 0.5234375 0.5703125
vt 0.5390625 0.5703125
vt 0.5390625 0.55859375
vt 0.2890625 0.59375
vt 0.2890625 0.625
vt 0.2734375 0.625
vt 0.2734375 0.59375
vt 0.265625 0.59375
vt 0.265625 0.625
vt 0.25 0.625
vt 0.25 0.59375
vt 0.16015625 0.359375
vt 0.16015625 0.3828125
vt 0.15625 0.3828125
vt 0.15625 0.359375
vt 0.30859375 0.359375
vt 0.30859375 0.3828125
vt 0.3046875 0.3828125
vt 0.3046875 0.359375
vt 0.6640625 0.375
vt 0.6640625 0.37109375
vt 0.66796875 0.37109375
vt 0.66796875 0.375
vt 0.265625 0.32421875
vt 0.265625 0.328125
vt 0.26953125 0.328125
vt 0.26953125 0.32421875
vt 0.62109375 0.8125
vt 0.62109375 0.8359375
vt 0.6171875 0.8359375
vt 0.6171875 0.8125
vt 0.14453125 0.359375
vt 0.14453125 0.3828125
vt 0.140625 0.3828125
vt 0.140625 0.359375
vn 1 0 0
vn -1 0 0
vn 0 0.9762960071199334 0.21643961393810288
vn 0 -0.9762960071199334 -0.21643961393810288
vn 0 -0.21643961393810288 0.9762960071199334
vn 0 0.21643961393810288 -0.9762960071199334
vn 0.9454270974668633 -0.235721507628089 -0.22495104849038478
vn -0.9454270974668706 0.23572150762806904 0.22495104849037464
vn 0.3106543052010551 0.8603636478921269 0.4040647176453322
vn -0.31065430520105164 -0.8603636478921287 -0.40406471764533103
vn 0.0982929602536693 -0.45189574486522216 0.8866390075658058
vn -0.09829296025367656 0.4518957448652075 -0.8866390075658124
vn -0.9238795325112868 -0.08282785436160807 0.3736123070089879
vn 0.9238795325112871 0.08282785436160475 -0.3736123070089886
vn 4.188655895925847e-15 0.9762960071199331 0.21643961393810368
vn 0 -0.9762960071199334 -0.21643961393810288
vn -0.38268343236508956 0.1999641293420579 -0.9019798986506
vn 0.3826834323650891 -0.19996412934205793 0.9019798986506002
vn -0.8789836122441167 -0.29215952004397105 0.37686950560367816
vn 0.8789836122440997 0.2921595200440111 -0.37686950560368676
vn -0.3768696046809587 0.9098437312945797 -0.17364816639277983
vn 0.3768696046809648 -0.9098437312945772 0.17364816639277958
vn -0.29215939223977055 -0.2946645541486469 -0.9098437723337272
vn 0.2921593922397591 0.29466455414866843 0.9098437723337239
vn -0.6062927074250588 0.5495374787534976 0.5748197216244773
vn 0.606292707425029 -0.5495374787535274 -0.5748197216244799
vn 0.6963642112617996 0.7159420041265353 0.05003930456163254
vn -0.6963642112617972 -0.7159420041265376 -0.050039304561632525
vn -0.3840391102439217 0.43062234750708006 -0.8167486489921784
vn 0.38403911024390003 -0.43062234750710277 0.8167486489921766
vn -0.2532249847091388 0.4601804308600769 0.8509471653237294
vn 0.2532249847091388 -0.46018043086007077 -0.8509471653237328
vn 0.03683027521067761 0.8835642958876966 -0.4668593641134181
vn -0.036830275210675605 -0.8835642958876964 0.46685936411341833
vn -0.9667060762956662 -0.08687983705031509 -0.24068912723085084
vn 0.9667060762956663 0.08687983705032193 0.2406891272308471
vn 0.37983093938142853 0.9216340384943801 0.0794931228293465
vn -0.37983093938142887 -0.9216340384943796 -0.07949312282934858
vn -0.9238795483435235 0.3736122832468341 0.08282778494958462
vn 0.9238795483435235 -0.3736122832468338 -0.08282778494958548
vn 0.046637298819946604 -0.10490262578028185 0.9933883437322896
vn -0.046637298819931367 0.10490262578027473 -0.993388343732291
vn -0.3475923228537753 0.924154119600932 -0.15848892806042802
vn 0.3475923228537721 -0.9241541196009333 0.15848892806042736
vn -0.8847544287818453 -0.379233224115575 -0.2709091406317198
vn 0.8847544287818453 0.3792332241155749 0.2709091406317199
vn -0.3104660655273141 0.046057843539856536 0.9494680074675754
vn 0.3104660655273284 -0.046057843539850485 -0.9494680074675709
vn 0.9238795311656163 0.08282794085793381 -0.37361229116081773
vn -0.9238795311656158 -0.08282794085793634 0.37361229116081845
vn -0.1464466594641027 0.9785028651734373 -0.14520853549009893
vn 0.14644665946410265 -0.9785028651734373 0.1452085354900993
vn 0.35355337337523407 0.18886946566505486 0.9161486435695844
vn -0.3535533733752313 -0.18886946566507742 -0.9161486435695807
vn -0.3535533905932749 -0.1888695406734162 -0.9161486214615029
vn 0.3535533905932761 0.18886954067340267 0.9161486214615052
vn -0.14644660940672563 0.9785028580171159 -0.14520863419786742
vn 0.14644660940672552 -0.9785028580171158 0.14520863419786778
vn 0.9238795325112881 0.08282785436160085 -0.3736123070089868
vn -0.923879532511287 -0.08282785436160811 0.3736123070089881
vn 0.8868409819580183 0.01626213557811383 -0.4617884966802193
vn -0.8868409819580184 -0.0162621355781134 0.4617884966802192
vn 0.07401326971040924 0.981477691880334 0.17670194183434074
vn -0.07401326971041117 -0.9814776918803338 -0.1767019418343397
vn 0.4561086587936166 -0.1908850001642121 0.8692110262104348
vn -0.45610865879361695 0.19088500016421162 -0.8692110262104349
vn -0.8868409819580183 0.01626213557811383 -0.4617884966802193
vn 0.8868409819580182 -0.01626213557811318 0.4617884966802195
vn -0.07401326971040922 0.9814776918803338 0.17670194183434076
vn 0.07401326971041118 -0.9814776918803338 -0.1767019418343397
vn -0.45610865879361656 -0.19088500016421206 0.8692110262104348
vn 0.45610865879361695 0.19088500016421162 -0.8692110262104349
vn 0 0 0
vn 0 0 0
vn -0.9768243655422937 0.19647498212268302 -0.08492196584386809
vn 0.9768243655422937 -0.1964749821226831 0.08492196584386807
vn 0 0 0
vn 0 0 0
vn 0 0 0
vn 0 0 0
vn 0.21293075105148085 0.9323789450071687 -0.2921129886943951
vn -0.2129307510514812 -0.9323789450071686 0.2921129886943951
vn 0 0 0
vn 0 0 0
vn 0 0 0
vn 0 0 0
vn -0.7695331788809114 0.4100846954682474 0.48953981364558485
vn 0.7695331788809114 -0.4100846954682474 -0.48953981364558485
vn 0 0 0
vn 0 0 0
vn 0.6972607341580244 -0.6585544013365972 -0.28307873300834346
vn -0.6972607341580166 0.6585544013365974 0.2830787330083622
vn 0.6061195090035565 0.7524899337016627 -0.2576393612842473
vn -0.606119509003557 -0.7524899337016635 0.2576393612842444
vn 0.3826834323652083 0.008062267536827677 0.9238443540095636
vn -0.3826834323634181 -0.008062267534605316 -0.9238443540103245
vn 1 0 0
vn -1 0 0
vn 0 1 7.216449660063518e-16
vn 0 -1 -7.216449660063518e-16
vn 0 4.440892098500626e-16 1
vn 0 -4.440892098500626e-16 -1
vn 1 0 0
vn -1 0 0
vn 0 1 -3.3306690738754686e-16
vn 0 -1 3.3306690738754686e-16
vn 0 2.7755575615628914e-17 1
vn 0 -2.7755575615628914e-17 -1
vn 1 0 0
vn -1 0 0
vn 0 1 3.885780586188048e-16
vn 0 -1 -2.7755575615628914e-17
vn 0 4.163336342344337e-16 1
vn 0 1.415534356397075e-15 -1
vn 0.9998476951563914 0.01745240643728375 -2.29850860566927e-17
vn -0.9998476951563913 -0.01745240643728343 1.951563910473908e-17
vn -0.017452406437284518 0.9998476951563913 -1.2212453270876722e-15
vn 0.01745240643728824 -0.9998476951563912 2.7755575615628914e-17
vn 1.4582033756270737e-15 1.3877787807814457e-16 1
vn 2.6512788647765004e-16 -2.498001805406602e-16 -1
vn 0.9998476951563913 -0.017452406437283467 1.8648277366750676e-17
vn -0.9998476951563914 0.017452406437283713 -2.2117724318704297e-17
vn 0.01745240643728451 0.9998476951563913 -1.1657341758564144e-15
vn -0.017452406437288393 -0.9998476951563912 -5.551115123125783e-17
vn -1.4582033756270723e-15 -3.0531133177191805e-16 1
vn -2.6512788647765033e-16 -4.718447854656915e-16 -1
vn 0.3526619761204391 -0.4131278745333199 0.8396159180735012
vn -0.352661976120439 0.41312787453332067 -0.839615918073501
vn -0.013355587629770349 0.8949508481017148 0.44596480551842327
vn 0.013355587629767626 -0.8949508481017118 -0.44596480551842965
vn -0.9356554701800717 -0.16848839356347445 0.3100975690915826
vn 0.9356554701800714 0.16848839356347475 -0.3100975690915834
vn 0.9767803046029593 0.08369862111324433 -0.19721758887962276
vn -0.9767803046029593 -0.08369862111324397 0.19721758887962243
vn 0.013356260890723217 0.8949504625955389 0.4459655589785494
vn -0.01335626089071694 -0.8949504625955383 -0.4459655589785506
vn 0.21382667475029724 -0.4382444641108142 0.8730520848388464
vn -0.21382667475029107 0.43824446411081514 -0.8730520848388474
vn 0.9434401967405286 0.13648469126186627 -0.30214652774001194
vn -0.943440196740529 -0.13648469126186533 0.30214652774001116
vn 0.013354929611251919 0.8949509232446368 0.4459646744290975
vn -0.013354929611244586 -0.8949509232446348 -0.445964674429102
vn 0.3312736648592448 -0.4247761457929681 0.8425099316542187
vn -0.3312736648592353 0.4247761457929695 -0.8425099316542215
vn 0.3526619761204389 0.4131278745333197 -0.8396159180735016
vn -0.35266197612043915 -0.4131278745333199 0.8396159180735012
vn 0.013355587629769546 0.894950848101715 0.445964805518423
vn -0.013355587629766194 -0.894950848101712 -0.4459648055184292
vn 0.935655470180071 -0.16848839356347559 0.31009756909158415
vn -0.9356554701800711 0.16848839356347517 -0.3100975690915837
vn 0.9434401967405293 -0.13648469126186502 0.3021465277400106
vn -0.9434401967405288 0.1364846912618654 -0.30214652774001166
vn -0.013354929611252689 0.8949509232446359 0.4459646744290994
vn 0.013354929611245884 -0.8949509232446331 -0.4459646744291049
vn -0.33127366485924475 -0.4247761457929692 0.842509931654218
vn 0.3312736648592352 0.42477614579297096 -0.8425099316542208
vn 0.9767803046029593 -0.08369862111324405 0.19721758887962243
vn -0.9767803046029593 0.08369862111324433 -0.1972175888796227
vn -0.013356260890724276 0.894950462595538 0.4459655589785511
vn 0.013356260890721625 -0.8949504625955367 -0.44596555897855394
vn -0.21382667475029626 -0.4382444641108135 0.873052084838847
vn 0.21382667475029324 0.43824446411081464 -0.8730520848388471
vn 0.9767803046029594 -0.03902893079539464 0.21065844179789822
vn -0.9767803046029594 0.03902893079539541 -0.21065844179789806
vn -0.013356260890722955 0.9702611766171692 0.2416916619258628
vn 0.01335626089071922 -0.9702611766171684 -0.24169166192586614
vn -0.21382667475029643 -0.23889326426342652 0.9472107270585546
vn 0.21382667475029665 0.23889326426342639 -0.9472107270585548
vn 0.943440196740529 -0.06785298129517077 0.3245251424829038
vn -0.9434401967405291 0.06785298129517087 -0.32452514248290415
vn -0.013354929611243254 0.970261434895501 0.24169069864105772
vn 0.013354929611244208 -0.9702614348955002 -0.24169069864106035
vn -0.3312736648592363 -0.23235473071121196 0.9144774672384501
vn 0.33127366485923876 0.23235473071121165 -0.9144774672384494
vn 0.35266197612043887 -0.2216089491727137 0.9091309060005566
vn -0.35266197612043915 0.2216089491727102 -0.9091309060005573
vn -0.013355587629769412 0.9702613899066909 0.24169084288694154
vn 0.013355587629770056 -0.9702613899066908 -0.2416908428869419
vn -0.9356554701800713 -0.09737714774474673 0.33921458137763993
vn 0.9356554701800716 0.09737714774474593 -0.3392145813776392
vn 0.35266197612043915 0.2216089491727103 -0.9091309060005573
vn -0.3526619761204388 -0.22160894917271007 0.9091309060005573
vn 0.013355587629770772 0.9702613899066908 0.2416908428869421
vn -0.013355587629770066 -0.9702613899066908 -0.2416908428869419
vn 0.9356554701800714 -0.09737714774474533 0.33921458137764005
vn -0.9356554701800718 0.09737714774474654 -0.3392145813776388
vn 0.9434401967405289 0.06785298129517 -0.32452514248290437
vn -0.9434401967405289 -0.06785298129517002 0.3245251424829045
vn 0.013354929611244211 0.9702614348955002 0.24169069864106035
vn -0.013354929611242261 -0.9702614348955017 -0.24169069864105502
vn 0.33127366485923626 -0.2323547307112146 0.9144774672384495
vn -0.33127366485923865 0.2323547307112147 -0.9144774672384487
vn 0.9767803046029594 0.039028930795396516 -0.21065844179789778
vn -0.9767803046029594 -0.03902893079539469 0.21065844179789814
vn 0.013356260890723504 0.9702611766171686 0.24169166192586522
vn -0.013356260890718685 -0.9702611766171689 -0.24169166192586375
vn 0.2138266747502964 -0.2388932642634307 0.9472107270585536
vn -0.21382667475029654 0.23889326426342672 -0.9472107270585545
vn 0 -0.5664062369248319 0.8241261886220164
vn 0 0.566406236924831 -0.824126188622017
vn 0 0.8241261886220169 0.566406236924831
vn 0 -0.8241261886220165 -0.5664062369248319
vn -1 -3.593355688715658e-16 5.228364970312786e-16
vn 1 1.796677844357829e-16 -2.614182485156393e-16
vn 0 -0.461748613235033 0.8870108331782224
vn -5.699805706780816e-16 0.461748613235033 -0.8870108331782224
vn 0 0.8870108331782246 0.46174861323502836
vn 0 -0.8870108331782226 -0.46174861323503225
vn -1 0 0
vn 1 1.1392087600050511e-16 -2.1883996668586809e-16
vn 0.4539218199418221 -0.36636047355480106 0.8122407185049307
vn -0.45392181994182046 0.36636047355479895 -0.8122407185049325
vn -0.8910062829018928 -0.19473324105960532 0.4101058017826303
vn 0.8910062829018922 0.19473324105960568 -0.4101058017826317
vn 0.007923711886395077 -0.9098675553305158 -0.4148231509291788
vn -0.007923711886386419 0.909867555330511 0.41482315092918953
vn 0.4539218199418201 0.366360473554799 -0.812240718504933
vn -0.45392181994182057 -0.3663604735548012 0.8122407185049315
vn 0.8910062829018933 -0.19473324105960427 0.41010580178262973
vn -0.8910062829018921 0.19473324105960527 -0.41010580178263173
vn -0.007923711886395079 -0.9098675553305157 -0.41482315092917876
vn 0.007923711886390466 0.9098675553305101 0.4148231509291914
vn 0.7071067811865481 0.6272113751262481 0.32650557562197957
vn -0.7071067811865472 -0.6272113751262504 -0.32650557562197713
vn -0.707106781186548 0.6272113751262481 0.3265055756219796
vn 0.7071067811865471 -0.6272113751262502 -0.3265055756219773
vn 0 -0.46174861323503347 0.887010833178222
vn -9.436895709313827e-16 0.4617486132350337 -0.8870108331782218
vn 0.7071067811865479 0.6272113751262479 0.3265055756219803
vn -0.7071067811865478 -0.627211375126248 -0.3265055756219804
vn -0.7071067811865483 0.6272113751262476 0.3265055756219801
vn 0.7071067811865483 -0.6272113751262475 -0.32650557562198007
vn 8.367408857955082e-16 -0.4617486132350336 0.8870108331782218
vn 0 0.46174861323503297 -0.8870108331782224
vn 0.7071067811865478 0.627211375126248 0.32650557562198024
vn -0.7071067811865477 -0.6272113751262481 -0.32650557562198035
vn -0.7071067811865482 0.6272113751262477 0.3265055756219802
vn 0.7071067811865483 -0.6272113751262476 -0.3265055756219801
vn 8.36740885795508e-16 -0.4617486132350336 0.8870108331782218
vn 0 0.46174861323503297 -0.8870108331782224
vn 0 0.8870108331782212 0.46174861323503524
vn -1.6510571749049807e-15 -0.8870108331782245 -0.46174861323502886
vn -1 0 0
vn 1 -2.1883996668586735e-16 -1.1392087600050477e-16
vn 0 -0.46174861323503436 0.8870108331782215
vn 0 0.4617486132350326 -0.8870108331782225
vn 0.3826834323650901 -0.833880070556715 0.397740390860171
vn -0.38268343236509017 0.8338800705567165 -0.39774039086016766
vn -3.936961080231057e-16 0.43051109680829613 0.9025852843498602
vn -1.5747844320924172e-15 -0.43051109680829325 -0.9025852843498615
vn -0.9238795325112868 -0.3454044346172251 0.16474946419785788
vn 0.9238795325112867 0.3454044346172255 -0.16474946419785863
vn 0.3826834323650902 0.8338800705567154 -0.3977403908601703
vn -0.38268343236509017 -0.8338800705567159 0.3977403908601692
vn 3.936961080231058e-16 0.430511096808296 0.9025852843498604
vn 2.0472197617201434e-15 -0.4305110968082934 -0.9025852843498616
vn 0.9238795325112868 -0.34540443461722564 0.16474946419785733
vn -0.9238795325112865 0.34540443461722525 -0.16474946419785882
vn 0.3826834323650896 0.9238795325112868 5.273559366969494e-16
vn -0.382683432365091 -0.9238795325112864 -5.273559366969495e-16
vn 2.9527208101732966e-17 4.163336342344337e-16 1
vn 0 8.326672684688672e-17 -1
vn 0.9238795325112871 -0.38268343236508895 -2.3592239273284576e-16
vn -0.9238795325112864 0.38268343236509106 -3.3306690738754706e-16
vn 0.38268343236508956 -0.9238795325112868 -5.551115123125783e-16
vn -0.3826834323650911 0.9238795325112864 5.551115123125784e-16
vn -2.7558727561617285e-16 6.106226635438361e-16 1
vn 1.3779363780808716e-16 -1.1934897514720433e-15 -1
vn -0.9238795325112863 -0.3826834323650908 -1.942890293094024e-16
vn 0.9238795325112873 0.3826834323650889 2.2204460492503136e-16
vn 0.3826834323650893 -0.8338800705567159 -0.3977403908601699
vn -0.38268343236508945 0.8338800705567154 0.3977403908601707
vn 4.3306571882541563e-16 0.4305110968082944 -0.9025852843498611
vn -7.873922160462099e-16 -0.43051109680829514 0.9025852843498606
vn 0.9238795325112871 0.3454044346172246 0.16474946419785833
vn -0.9238795325112872 -0.3454044346172243 -0.1647494641978573
vn 0.38268343236508945 0.8338800705567163 0.3977403908601689
vn -0.3826834323650895 -0.8338800705567156 -0.39774039086017077
vn -7.480226052438996e-16 0.4305110968082945 -0.9025852843498609
vn 9.743978673571852e-16 -0.43051109680829525 0.9025852843498606
vn -0.923879532511287 0.34540443461722437 0.16474946419785824
vn 0.9238795325112871 -0.3454044346172245 -0.16474946419785788
vn 0.38268343236508984 0.048352118787262116 -0.9226133877210195
vn -0.3826834323650896 -0.0483521187872618 0.9226133877210198
vn 5.617199826972519e-16 0.9986295347545742 0.05233595624294225
vn -5.286776307738841e-16 -0.9986295347545742 -0.05233595624294231
vn 0.9238795325112867 -0.020028103371159015 0.38215897802103366
vn -0.9238795325112868 0.020028103371158797 -0.382158978021033
vn 0.38268343236509006 -0.048352118787262297 0.9226133877210195
vn -0.38268343236508995 0.04835211878726196 -0.9226133877210196
vn 3.1154217527746724e-15 0.9986295347545737 0.05233595624294732
vn -1.0384739175915583e-16 -0.9986295347545742 -0.052335956242942
vn -0.9238795325112868 -0.020028103371158915 0.3821589780210327
vn 0.9238795325112868 0.02002810337115877 -0.38215897802103277
vn 0.3571296906081439 0.14575120944778697 -0.9226131199103116
vn -0.3571296906081439 -0.14575120944778688 0.9226131199103115
vn -0.2584646403635497 0.9646019397713667 0.0523366742452919
vn 0.25846464036355293 -0.9646019397713654 -0.05233667424529845
vn 0.8975825386937246 0.21977188795163072 0.3821595262430394
vn -0.8975825386937243 -0.2197718879516306 -0.3821595262430401
vn 0.357129690608144 -0.14575120944778697 0.9226131199103116
vn -0.3571296906081438 0.1457512094477871 -0.9226131199103116
vn 0.2584646403635493 0.9646019397713667 0.05233667424529287
vn -0.2584646403635485 -0.9646019397713672 -0.05233667424528604
vn -0.8975825386937232 0.21977188795163052 0.38215952624304284
vn 0.8975825386937248 -0.21977188795163105 -0.38215952624303856
vn -0.9762960071199335 -0.21643961393810254 4.85722573273506e-17
vn 0.9762960071199334 0.21643961393810296 -1.734723475976807e-16
vn -0.2164396139381004 0.9762960071199339 5.551115123125783e-16
vn 0.21643961393810424 -0.9762960071199333 -4.440892098500627e-16
vn 1.3256394323882485e-16 -3.885780586188048e-16 -1
vn -7.953836594329494e-16 -5.828670879282072e-16 1
vn -0.9773289465621104 -0.19049555409267857 0.0924098159435411
vn 0.9773289465621102 0.190495554092679 -0.09240981594354089
vn -0.21153633813328074 0.8970331865749509 -0.38805133659395097
vn 0.2115363381332834 -0.8970331865749508 0.38805133659394964
vn -0.008972617285769759 -0.398801838077652 -0.9169932312099853
vn 0.008972617285771894 0.398801838077653 0.9169932312099847
vn -0.9762960071199334 0.2164396139381027 2.706168622523819e-16
vn 0.9762960071199336 -0.21643961393810246 -2.5673907444456745e-16
vn 0.21643961393810054 0.9762960071199339 3.885780586188049e-16
vn -0.2164396139381041 -0.9762960071199331 -3.608224830031759e-16
vn -9.279476026717741e-16 1.1102230246251565e-16 -1
vn 7.953836594329486e-16 1.1102230246251565e-16 1
vn -0.9773289465621104 0.19049555409267868 0.0924098159435409
vn 0.9773289465621104 -0.19049555409267852 -0.09240981594354145
vn 0.21153633813328845 0.8970331865749495 0.3880513365939501
vn -0.21153633813328188 -0.897033186574951 -0.3880513365939498
vn -0.00897261728577018 0.3988018380776516 -0.9169932312099853
vn 0.008972617285769643 -0.3988018380776522 0.9169932312099852
vn -0.9773289465621103 -0.1904955540926787 -0.09240981594354138
vn 0.9773289465621104 0.1904955540926785 0.09240981594354089
vn -0.21153633813328862 0.8970331865749483 0.38805133659395225
vn 0.21153633813328224 -0.8970331865749502 -0.38805133659395175
vn 0.008972617285770028 0.39880183807765224 -0.9169932312099852
vn -0.008972617285769494 -0.39880183807765274 0.9169932312099851
vn -0.9773289465621103 0.19049555409267915 -0.09240981594354096
vn 0.9773289465621104 -0.19049555409267885 0.09240981594354074
vn 0.21153633813328065 0.8970331865749513 -0.3880513365939503
vn -0.2115363381332834 -0.8970331865749503 0.38805133659395047
vn 0.008972617285769764 -0.3988018380776519 -0.9169932312099853
vn -0.008972617285771874 0.39880183807765207 0.9169932312099851
vn 1 0 0
vn -1 0 0
vn 0 1 2.7755575615628914e-17
vn 0 -1 -8.326672684688674e-17
vn 0 2.220446049250313e-16 1
vn 0 5.273559366969493e-16 -1
vn 0.9975640570538971 -0.004866792928028266 0.06958639522755253
vn -0.997564057053897 0.004866792928027743 -0.06958639522755235
vn 0.03221067882828684 0.9169814232113235 -0.3976273904734893
vn -0.03221067882828708 -0.9169814232113233 0.3976273904734896
vn -0.061874261559961334 0.39890021786398044 0.9149044714856731
vn 0.06187426155996 -0.39890021786398244 -0.9149044714856722
vn 0.961261695938319 0.2324701880425399 -0.148099843326228
vn -0.961261695938319 -0.2324701880425395 0.1480998433262276
vn 9.39871343598018e-16 -0.5372996083468242 -0.8433914458128855
vn 7.049035076985144e-16 0.537299608346824 0.8433914458128857
vn -0.2756373558169968 0.8107198915419651 -0.5164855327464639
vn 0.2756373558169986 -0.8107198915419659 0.5164855327464617
vn 0.9517886471682607 0.26564487812676535 -0.15339872830838083
vn -0.9517886471682607 -0.26564487812676535 0.1533987283083809
vn -0.10435044557326632 0.7506312827023471 0.652429047435267
vn 0.10435044557326979 -0.7506312827023467 -0.652429047435267
vn 0.28846031898733143 -0.6049673347823381 0.7421624944822268
vn -0.2884603189873322 0.604967334782337 -0.7421624944822276
vn 1 0 0
vn -1 0 0
vn 0 1 5.551115123125783e-17
vn 0 -1 -1.3877787807814457e-16
vn 0 1.9428902930940235e-16 1
vn 0 5.551115123125783e-16 -1
vn 0.997564057053897 0.0048667929280282254 -0.06958639522755257
vn -0.9975640570538971 -0.004866792928028337 0.06958639522755256
vn -0.032210678828287057 0.9169814232113234 -0.39762739047348983
vn 0.03221067882828689 -0.9169814232113237 0.3976273904734885
vn 0.061874261559961424 0.39890021786398133 0.9149044714856727
vn -0.061874261559960037 -0.39890021786398133 -0.9149044714856727
vn 0.961261695938319 -0.23247018804253966 0.14809984332622775
vn -0.961261695938319 0.23247018804253977 -0.14809984332622791
vn -8.458842092382147e-16 0.537299608346824 0.8433914458128857
vn 8.458842092382141e-16 -0.5372996083468241 -0.8433914458128855
vn -0.27563735581699905 -0.8107198915419651 0.5164855327464627
vn 0.27563735581699883 0.8107198915419651 -0.5164855327464627
vn 0.9517886471682607 -0.26564487812676546 0.1533987283083808
vn -0.9517886471682604 0.26564487812676596 -0.15339872830838042
vn 0.10435044557326636 0.7506312827023471 0.652429047435267
vn -0.10435044557326976 -0.7506312827023462 -0.6524290474352676
vn -0.28846031898733104 -0.6049673347823369 0.742162494482228
vn 0.2884603189873321 0.6049673347823367 -0.7421624944822279
vn 0.38268343236509256 -0.30839732505795586 -0.8708871801159834
vn -0.3826834323650897 0.3083973250579571 0.8708871801159843
vn -6.4360755050733714e-15 0.942641491092179 -0.3338068592337695
vn 6.5165264488868006e-15 -0.9426414910921788 0.33380685923377046
vn 0.923879532511286 0.12774235463858996 0.360733281300903
vn -0.9238795325112863 -0.12774235463859024 -0.3607332813009021
vn 0.3826834323650898 0.30839732505795725 0.8708871801159841
vn -0.38268343236509267 -0.30839732505795553 -0.8708871801159835
vn 1.5687934043616366e-15 0.9426414910921797 -0.3338068592337677
vn -1.6693570841284104e-15 -0.9426414910921793 0.33380685923376846
vn -0.9238795325112861 0.12774235463859035 0.3607332813009029
vn 0.9238795325112864 -0.12774235463858974 -0.36073328130090204
vn 0.3826834323650898 0.30839732505795725 0.8708871801159841
vn -0.38268343236509267 -0.30839732505795553 -0.8708871801159835
vn 1.5687934043616366e-15 0.9426414910921797 -0.3338068592337677
vn -1.6693570841284104e-15 -0.9426414910921793 0.33380685923376846
vn -0.9238795325112861 0.12774235463859035 0.3607332813009029
vn 0.9238795325112864 -0.12774235463858974 -0.36073328130090204
vn 0.3826834323650908 0.30839732505795714 0.8708871801159839
vn -0.3826834323650886 -0.30839732505795775 -0.8708871801159844
vn 2.2313305887074256e-15 0.9426414910921797 -0.3338068592337678
vn -1.7687376617802725e-16 -0.9426414910921779 0.3338068592337727
vn -0.9238795325112868 0.12774235463858974 0.3607332813009008
vn 0.9238795325112866 -0.12774235463858982 -0.36073328130090193
vn 0.3826834323650906 0.30839732505795864 0.8708871801159834
vn -0.38268343236508867 -0.30839732505795975 -0.8708871801159838
vn 2.0680624968507855e-15 0.9426414910921794 -0.3338068592337682
vn -1.9728227766010704e-15 -0.9426414910921779 0.33380685923377296
vn -0.9238795325112868 0.12774235463859102 0.36073328130090054
vn 0.9238795325112864 -0.12774235463859046 -0.36073328130090193
vn 0.3826834323650886 -0.30839732505795825 -0.8708871801159843
vn -0.38268343236509056 0.30839732505796 0.8708871801159827
vn 1.1836936659606474e-15 0.9426414910921798 -0.3338068592337669
vn -1.3061447348531229e-15 -0.9426414910921783 0.3338068592337717
vn 0.9238795325112868 0.12774235463859085 0.3607332813009009
vn -0.9238795325112866 -0.12774235463859065 -0.36073328130090154
vn 0.3826834323650887 -0.3083973250579567 -0.8708871801159848
vn -0.38268343236509056 0.30839732505795714 0.8708871801159838
vn 1.034031248425393e-15 0.94264149109218 -0.33380685923376674
vn -1.4694128267097647e-15 -0.942641491092178 0.333806859233772
vn 0.9238795325112867 0.12774235463859002 0.360733281300901
vn -0.9238795325112863 -0.12774235463859018 -0.36073328130090204
vn 0.3826834323650815 -0.9148884004098204 0.1285791794531297
vn -0.38268343236508695 0.9148884004098183 -0.1285791794531294
vn 3.0571358649098527e-15 0.13917310096006583 0.9902680687415704
vn -3.20798138456e-15 -0.13917310096006733 -0.99026806874157
vn -0.9238795325112863 -0.37895918350757374 0.05325923996829217
vn 0.9238795325112873 0.3789591835075718 -0.053259239968290156
vn 0.38268343236508684 0.9148884004098183 -0.12857917945312977
vn -0.38268343236508146 -0.9148884004098199 0.12857917945313427
vn -2.4034719464258318e-15 0.13917310096006547 0.9902680687415705
vn 5.430438707405643e-16 -0.13917310096006624 -0.9902680687415704
vn 0.9238795325112863 -0.3789591835075741 0.05325923996829032
vn -0.9238795325112872 0.37895918350757185 -0.05325923996829002
vn 0.3826834323650924 0.9148884004098151 -0.12857917945313532
vn -0.3826834323650907 -0.9148884004098166 0.12857917945313038
vn 1.4694128267097596e-15 0.1391731009600639 0.9902680687415706
vn -1.2245106889248097e-15 -0.13917310096006588 -0.9902680687415704
vn 0.9238795325112868 -0.37895918350757246 0.053259239968292876
vn -0.9238795325112872 0.37895918350757196 -0.05325923996829028
vn 0.3826834323650919 0.9148884004098171 -0.1285791794531243
vn -0.38268343236508867 -0.9148884004098159 0.12857917945314054
vn 1.5034270125132347e-15 0.13917310096006613 0.9902680687415704
vn 4.368933198756378e-16 -0.139173100960065 -0.9902680687415705
vn 0.9238795325112857 -0.37895918350757674 0.053259239968284314
vn -0.9238795325112865 0.3789591835075731 -0.05325923996829238
vn 0.38268343236508884 -0.9148884004098169 0.12857917945313463
vn -0.3826834323650919 0.9148884004098184 -0.12857917945311406
vn -2.3129646346357494e-16 0.13917310096006658 0.9902680687415701
vn -6.489150780505794e-16 -0.1391731009600651 -0.9902680687415705
vn -0.9238795325112859 -0.37895918350757485 0.05325923996829515
vn 0.9238795325112865 0.37895918350757374 -0.0532592399682882
vn 0.3826834323650907 -0.9148884004098168 0.12857917945312988
vn -0.3826834323650924 0.9148884004098151 -0.12857917945313574
vn -7.89129110640427e-16 0.13917310096006422 0.9902680687415706
vn 5.442269728554712e-16 -0.13917310096006608 -0.9902680687415704
vn -0.923879532511287 -0.37895918350757246 0.053259239968290545
vn 0.9238795325112874 0.3789591835075716 -0.05325923996829257
vn 0.3826834323650854 -0.9148884004098183 -0.12857917945313319
vn -0.3826834323650908 0.9148884004098167 0.12857917945312874
vn 6.989175743790659e-16 0.13917310096006663 -0.9902680687415701
vn 6.033820786006275e-16 -0.13917310096006505 0.9902680687415704
vn 0.9238795325112871 0.3789591835075728 0.053259239968289906
vn -0.9238795325112861 -0.3789591835075749 -0.053259239968290226
vn 0.3826834323650908 0.9148884004098167 0.12857917945312874
vn -0.3826834323650854 -0.9148884004098189 -0.12857917945312902
vn 9.855240617143637e-16 0.13917310096006597 -0.9902680687415703
vn -6.008679866064581e-16 -0.13917310096006502 0.9902680687415704
vn -0.923879532511287 0.37895918350757274 0.05325923996828992
vn 0.9238795325112861 -0.37895918350757485 -0.05325923996829195
vn 0.38268343236508756 0.9148884004098171 0.12857917945313485
vn -0.3826834323650911 -0.9148884004098166 -0.1285791794531291
vn -3.5374753235605293e-16 0.13917310096006513 -0.9902680687415705
vn -6.139560537525793e-16 -0.1391731009600661 0.9902680687415703
vn -0.9238795325112867 0.3789591835075726 0.05325923996829236
vn 0.9238795325112877 -0.37895918350757063 -0.05325923996828977
vn 0.3826834323650899 0.9148884004098179 0.12857917945312383
vn -0.38268343236509006 -0.9148884004098148 -0.1285791794531455
vn -3.919190075355023e-16 0.13917310096006497 -0.9902680687415704
vn 2.1041553273422386e-16 -0.13917310096006458 0.9902680687415705
vn -0.923879532511286 0.3789591835075745 0.053259239968292627
vn 0.9238795325112859 -0.3789591835075745 -0.05325923996829718
vn 0.38268343236509 -0.9148884004098148 -0.1285791794531454
vn -0.38268343236508984 0.9148884004098163 0.12857917945313463
vn 3.9191900753550263e-16 0.13917310096006494 -0.9902680687415704
vn -9.508854609058046e-16 -0.13917310096006488 0.9902680687415704
vn 0.9238795325112863 0.3789591835075735 0.053259239968297095
vn -0.9238795325112859 -0.37895918350757546 -0.053259239968288206
vn 0.3826834323650911 -0.9148884004098168 -0.1285791794531291
vn -0.38268343236508756 0.9148884004098172 0.1285791794531348
vn 1.7857447546819944e-16 0.13917310096006508 -0.9902680687415705
vn 3.1293050939189577e-16 -0.13917310096006624 0.9902680687415703
vn 0.9238795325112868 0.37895918350757263 0.05325923996829006
vn -0.9238795325112878 -0.37895918350757 -0.05325923996829203
vn 0.3173046564050927 0.38571798006794233 -0.8663367675886513
vn -0.3173046564050909 -0.3857179800679419 0.8663367675886522
vn 4.0921681997401473e-16 0.9135454576426004 0.40673664307580154
vn 8.5401771125011965e-16 -0.9135454576426003 -0.4067366430758015
vn 0.9483236552061994 -0.12905943077852824 0.2898722275477178
vn -0.9483236552061999 0.12905943077852775 -0.2898722275477167
vn 0.3173046564050908 -0.3857179800679449 0.8663367675886506
vn -0.31730465640509264 0.38571798006794455 -0.8663367675886502
vn 1.8740944219099806e-15 0.9135454576426006 0.4067366430758007
vn 4.1366482888677667e-16 -0.9135454576426003 -0.40673664307580193
vn -0.9483236552061997 -0.12905943077852683 0.28987222754771735
vn 0.9483236552061998 0.12905943077852694 -0.28987222754771697
vn 0.31730465640509276 -0.38571798006794067 0.866336767588652
vn -0.3173046564050926 0.38571798006794195 -0.8663367675886515
vn -2.4341199250214304e-15 0.9135454576426031 0.4067366430757954
vn 7.709882115452495e-17 -0.9135454576426033 -0.4067366430757947
vn -0.9483236552061992 -0.1290594307785277 0.289872227547719
vn 0.9483236552061994 0.12905943077852874 -0.2898722275477176
vn 0.31730465640509264 0.3857179800679461 -0.8663367675886495
vn -0.3173046564050926 -0.38571798006794195 0.8663367675886515
vn 2.4341199250214292e-15 0.9135454576426031 0.4067366430757954
vn -4.5598445654247585e-15 -0.9135454576426029 -0.4067366430757962
vn 0.9483236552061994 -0.1290594307785273 0.2898722275477181
vn -0.9483236552061992 0.12905943077852708 -0.2898722275477188
vn 0.9914448613738104 0.13052619222005177 1.734723475976807e-17
vn -0.9914448613738106 -0.13052619222005138 -3.816391647148976e-17
vn -0.1305261922200463 0.9914448613738113 1.6653345369377353e-16
vn 0.13052619222005332 -0.9914448613738102 -1.3877787807814457e-16
vn -1.0449157878825037e-15 -1.1102230246251565e-16 1
vn 2.6122894697062564e-15 2.7755575615628914e-17 -1
vn 0.9914448613738106 0.13052619222005127 6.245004513516507e-17
vn -0.9914448613738106 -0.1305261922200514 -6.93889390390723e-17
vn -0.13052619222005316 0.9914448613738104 5.273559366969495e-16
vn 0.13052619222005027 -0.9914448613738107 -5.273559366969494e-16
vn -3.083952846180988e-16 -3.608224830031759e-16 1
vn 3.7007434154171886e-16 8.326672684688674e-17 -1
vn 0.9659258262890682 -0.258819045102521 -2.7755575615628914e-17
vn -0.965925826289068 0.2588190451025224 0
vn 0.2588190451025209 0.9659258262890683 1.1102230246251565e-16
vn -0.2588190451025235 -0.9659258262890678 5.551115123125784e-17
vn -1.0319380677605656e-15 -8.604228440844963e-16 1
vn -4.981769982292399e-16 6.383782391594651e-16 -1
vn 0.9659258262890683 -0.25881904510252085 -2.0816681711721685e-17
vn -0.9659258262890685 0.25881904510252046 3.469446951953615e-17
vn 0.2588190451025212 0.9659258262890681 1.1102230246251563e-16
vn -0.2588190451025183 -0.9659258262890691 8.326672684688674e-17
vn -9.251858538542982e-16 -3.0531133177191805e-16 1
vn 7.86407975776152e-16 -2.220446049250313e-16 -1
vn 0.9914448613738105 0.1305261922200515 3.469446951953614e-17
vn -0.9914448613738105 -0.13052619222005177 -5.204170427930421e-17
vn -0.13052619222005332 0.9914448613738102 2.498001805406602e-16
vn 0.13052619222005374 -0.9914448613738102 -3.3306690738754696e-16
vn 2.4671622769447914e-15 5.828670879282072e-16 1
vn 7.401486830834375e-16 2.220446049250313e-16 -1
vn 0.9914448613738106 -0.13052619222005138 -2.081668171172169e-17
vn -0.9914448613738104 0.13052619222005177 3.122502256758253e-17
vn 0.13052619222004627 0.9914448613738113 2.2204460492503136e-16
vn -0.13052619222005357 -0.9914448613738103 -1.387778780781446e-16
vn 7.83686840911877e-16 -2.7755575615628914e-17 1
vn -2.873518416676885e-15 3.3306690738754696e-16 -1
vn 0.9914448613738106 -0.1305261922200514 -5.898059818321145e-17
vn -0.9914448613738106 0.1305261922200513 7.632783294297952e-17
vn 0.13052619222005307 0.9914448613738104 5.273559366969495e-16
vn -0.13052619222005027 -0.9914448613738107 -5.273559366969494e-16
vn 3.7007434154171886e-16 -8.326672684688674e-17 1
vn -3.083952846180988e-16 3.608224830031759e-16 -1
vn 0.9659258262890681 0.25881904510252174 0
vn -0.9659258262890682 -0.25881904510252113 -4.163336342344337e-17
vn -0.25881904510252096 0.9659258262890683 -5.551115123125783e-17
vn 0.2588190451025236 -0.9659258262890675 -1.1102230246251565e-16
vn 5.337610695313283e-16 1.0547118733938987e-15 1
vn 7.116814260417691e-16 -5.551115123125783e-17 -1
vn 0.9659258262890685 0.25881904510252046 3.469446951953615e-17
vn -0.9659258262890683 -0.25881904510252085 -3.469446951953614e-17
vn -0.2588190451025212 0.9659258262890681 1.1102230246251563e-16
vn 0.2588190451025183 -0.9659258262890691 -1.1102230246251565e-16
vn 7.86407975776152e-16 2.220446049250313e-16 1
vn -6.938893903907235e-16 -6.106226635438361e-16 -1
vn 0.9914448613738104 -0.13052619222005174 -6.591949208711867e-17
vn -0.9914448613738105 0.13052619222005146 3.469446951953614e-17
vn 0.1305261922200535 0.9914448613738102 3.608224830031759e-16
vn -0.13052619222005374 -0.9914448613738102 -3.3306690738754696e-16
vn -2.7138785046392706e-15 1.1102230246251565e-16 1
vn -7.401486830834375e-16 1.6653345369377348e-16 -1
vn 0.9743700647852352 -0.22495105434386561 9.714451465470122e-17
vn -0.9743700647852354 0.22495105434386437 -1.1102230246251565e-16
vn 0.22495105434392032 0.9743700647852225 -4.718447854656915e-16
vn -0.22495105434382154 -0.9743700647852453 4.996003610813204e-16
vn 9.933574430856326e-15 -2.0539125955565396e-15 1
vn -1.7529837230922842e-14 4.6074255521944e-15 -1
vn 0 -0.06104853953485587 -0.998134798421867
vn -2.3391010794979658e-16 0.06104853953485631 0.9981347984218671
vn 1 1.5947645696784978e-17 2.6074170232648153e-16
vn -1 0 0
vn 2.0054261518722693e-15 -0.9981347984218673 0.06104853953485412
vn -1.938353507735321e-15 0.9981347984218671 -0.061048539534856366
vn 2.2053781316496703e-16 0.6087614290087209 -0.7933533402912352
vn 0 -0.6087614290087189 0.7933533402912365
vn 1 1.258284492935152e-16 9.655156499845631e-17
vn -1 -5.033137971740602e-16 -3.862062599938263e-16
vn 0 -0.7933533402912344 -0.6087614290087219
vn -1.0283847119158033e-16 0.7933533402912356 0.6087614290087203
vn 2.368475785867001e-16 0.21643961393810227 -0.9762960071199335
vn 0 -0.21643961393810288 0.9762960071199334
vn 1 -2.5096225512747546e-16 3.992344876909393e-16
vn -1 9.611849713402419e-17 -4.335625223816626e-16
vn 0 -0.9762960071199334 -0.21643961393810288
vn 0 0.9762960071199334 0.21643961393810288
vn 1 0 0
vn -1 0 0
vn 0 0.9238795325112867 0.3826834323650904
vn 0 -0.9238795325112885 -0.3826834323650856
vn 0 -0.38268343236508967 0.923879532511287
vn 0 0.3826834323650894 -0.9238795325112871
vn 0.9063077870366496 0.1617290069830994 -0.3904483620877308
vn -0.9063077870366498 -0.16172900698309906 0.3904483620877303
vn -3.0408682108299373e-15 0.9238795325112892 0.3826834323650839
vn -1.0962286167517293e-15 -0.9238795325112859 -0.38268343236509217
vn 0.4226182617407001 -0.34682897472239355 0.837319214598759
vn -0.42261826174069933 0.3468289747223941 -0.8373192145987591
vn 0.9063077870366499 -0.16172900698309894 0.3904483620877305
vn -0.9063077870366498 0.16172900698309883 -0.3904483620877307
vn 1.026256577384598e-15 0.9238795325112876 0.38268343236508795
vn 1.2828207217307487e-16 -0.9238795325112866 -0.3826834323650903
vn -0.42261826174070016 -0.34682897472239427 0.8373192145987588
vn 0.42261826174069933 0.3468289747223947 -0.837319214598759
vn 0.9063077870366496 0.1617290069830988 -0.39044836208773126
vn -0.9063077870366502 -0.1617290069830989 0.3904483620877297
vn -2.006496820546514e-14 0.9238795325112824 0.3826834323651007
vn -1.2085240215971793e-14 -0.9238795325112876 -0.38268343236508773
vn 0.42261826174069816 -0.34682897472239493 0.8373192145987594
vn -0.4226182617407088 0.34682897472239255 -0.8373192145987549
vn 0.9063077870366502 -0.16172900698309872 0.39044836208772976
vn -0.9063077870366496 0.1617290069830995 -0.39044836208773104
vn 1.9833671742001644e-14 0.9238795325112822 0.38268343236510105
vn 9.425330886140678e-15 -0.9238795325112898 -0.3826834323650825
vn -0.422618261740698 -0.3468289747223947 0.8373192145987595
vn 0.4226182617407089 0.34682897472239155 -0.8373192145987555
vn 0.8516684941631743 0.2868525622549829 -0.43860732275873204
vn -0.8516684941631743 -0.28685256225498323 0.43860732275873165
vn -0.14801814580481878 0.9344926094324031 0.32375019911765585
vn 0.14801814580481865 -0.934492609432403 -0.3237501991176557
vn 0.5027438757084268 -0.21080600191639873 0.8383372978662547
vn -0.5027438757084263 0.21080600191639787 -0.8383372978662552
vn 0.9845912084006491 0.16650604302138744 -0.053440527481579625
vn -0.9845912084006491 -0.16650604302138747 0.05344052748157962
vn -0.1551918368875287 0.9728296696653317 0.17180782165639735
vn 0.15519183688752874 -0.9728296696653317 -0.17180782165639732
vn 0.080595571240777 -0.16086693711325092 0.9836799186931561
vn -0.08059557124077903 0.16086693711324973 -0.9836799186931562
vn 0.9381839488645212 0.17021865079351914 0.3013909239094762
vn -0.9381839488645215 -0.17021865079351858 -0.30139092390947586
vn -0.17266125291430032 0.9848032425753208 -0.018726055516254003
vn 0.17266125291430123 -0.9848032425753206 0.018726055516255558
vn -0.29999828305347725 -0.03447004982831134 0.9533167604892927
vn 0.29999828305348786 0.0344700498283137 -0.9533167604892894
vn 0.12398878840304554 -0.0009888108893046919 0.992283126231304
vn -0.12398878840304524 0.0009888108893047753 -0.9922831262313041
vn -0.032384487417848835 0.9994627647461238 0.005042505400880443
vn 0.032384487417846504 -0.9994627647461237 -0.005042505400898456
vn -0.9917550228383156 -0.032759794551552215 0.12389015512102787
vn 0.9917550228383156 0.0327597945515525 -0.12389015512102841
vn 0.34253656761414697 -0.044074408691506174 0.9384701094577351
vn -0.3425365676141464 0.04407440869150514 -0.9384701094577352
vn -0.05300358806581451 0.9964015106527067 0.06614113108462748
vn 0.05300358806580968 -0.9964015106527058 -0.06614113108464424
vn -0.9380081660088404 -0.072398039113624 0.3389678516219998
vn 0.9380081660088398 0.07239803911362425 -0.3389678516220013
vn 0.7955766957196128 -0.21165970044863983 0.5676776307323155
vn -0.7955766957196123 0.2116597004486388 -0.5676776307323161
vn 0.07354013400181682 0.9637982113088247 0.25629057058133287
vn -0.07354013400180139 -0.9637982113088284 -0.25629057058132354
vn -0.601373070496894 -0.162151716253304 0.782340879027324
vn 0.6013730704968903 0.1621517162533056 -0.7823408790273265
vn 0.9838617652029297 0.02603222038846028 -0.17702641179615555
vn -0.9838617652029299 -0.026032220388460297 0.1770264117961549
vn -0.012376244447476906 0.9968912286905518 0.07781199607527303
vn 0.012376244447510992 -0.9968912286905507 -0.07781199607528186
vn 0.17850169619684444 -0.0743653256665341 0.9811253450978422
vn -0.1785016961968487 0.07436532566653417 -0.9811253450978413
vn 0.7627981812490308 0.05972712264145534 -0.6438723518711946
vn -0.7627981812490306 -0.05972712264145491 0.6438723518711947
vn -0.012375835047156857 0.996891211194673 0.07781228533916307
vn 0.012375835047170823 -0.9968912111946721 -0.07781228533917331
vn 0.6465181926211021 -0.0513866117173616 0.7611659758200918
vn -0.646518192621105 0.05138661171736175 -0.7611659758200894
vn 0.9908202538546315 -0.1272106165678031 0.04574585865281222
vn -0.9908202538546317 0.12721061656780278 -0.04574585865281163
vn 0.11926905150249772 0.9818923294754042 0.14718133941182557
vn -0.11926905150247985 -0.9818923294754065 -0.14718133941182465
vn -0.06364053665031953 -0.14037418690700168 0.9880510967278249
vn 0.06364053665031887 0.14037418690700115 -0.988051096727825
vn 0.9988833000356887 -0.009304725057035303 -0.046320351913874916
vn -0.9988833000356887 0.009304725057035055 0.046320351913875506
vn 0.022353865296294247 0.9568104007874372 0.28985196506371835
vn -0.022353865296311917 -0.9568104007874366 -0.2898519650637188
vn 0.04162280163717003 -0.2905637262918346 0.9559499272175697
vn -0.04162280163717103 0.2905637262918354 -0.9559499272175694
vn 0.3425365676141464 0.04407440869150678 -0.9384701094577352
vn -0.3425365676141469 -0.04407440869150645 0.938470109457735
vn 0.05300358806581563 0.9964015106527064 0.06614113108462771
vn -0.053003588065808606 -0.9964015106527059 -0.06614113108464383
vn 0.9380081660088403 -0.07239803911362404 0.33896785162199977
vn -0.9380081660088405 0.0723980391136237 -0.3389678516219994
vn 0.24837921959246204 0.14927476171156528 -0.9570918497148512
vn -0.24837921959246184 -0.14927476171156537 0.9570918497148512
vn -0.9677378047532623 0.08141075236726558 -0.23844460709005877
vn 0.9677378047532623 -0.08141075236726555 0.2384446070900587
vn 0.04232380566508418 0.9854386510153499 0.1646795693432307
vn -0.042323805665086506 -0.9854386510153493 -0.16467956934323263
vn 0.6972607341600378 0.4955948498905072 0.5178930520489833
vn -0.6972607341574585 -0.49559484989385477 -0.5178930520492525
vn -0.6061195090035538 0.7933383545243372 0.05686295846953347
vn 0.6061195090035544 -0.7933383545243371 -0.05686295846953185
vn -0.3826834323664966 -0.35355339059143215 0.853553390593406
vn 0.3826834323663938 0.3535533905915672 -0.8535533905933962
vn 0.9238795325112862 -0.1464466094067636 0.35355339059326
vn -0.9238795325112875 0.1464466094073809 -0.35355339059300095
vn 5.56036698166434e-15 0.9238795325112917 0.3826834323650781
vn 5.412337245047645e-15 -0.9238795325112816 -0.3826834323651025
vn -0.38268343236508934 -0.35355339059305607 0.8535533905933643
vn 0.3826834323650897 0.3535533905937358 -0.8535533905930826
vn 0.9238795325112872 0.14644660940691734 -0.3535533905931938
vn -0.9238795325112865 -0.1464466094066363 0.3535533905933119
vn 5.033011044967357e-15 0.9238795325112819 0.38268343236510166
vn -5.4123372450476444e-15 -0.9238795325112816 -0.3826834323651025
vn 0.3826834323650892 -0.35355339059485574 0.8535533905926188
vn -0.3826834323650897 0.3535533905933625 -0.8535533905932372
vn 0.7077327819913102 -0.7060429276912167 0.024853441452963587
vn -0.7077327819886188 0.7060429276939986 -0.02485344145058114
vn 0.5938583163412431 0.6135987159843788 0.5204122556730058
vn -0.5938583163412435 -0.6135987159843791 -0.5204122556730046
vn -0.3826834323649691 -0.3535533905931497 0.8535533905933792
vn 0.3826834323643429 0.3535533905925023 -0.8535533905939284
vn 0.7077327819916844 0.7060429276908301 -0.024853441453288605
vn -0.7077327819913118 -0.7060429276912153 0.02485344145296043
vn -0.5938583163412431 0.6135987159843802 0.520412255673004
vn 0.5938583163412514 -0.6135987159843862 -0.5204122556729874
vn 0.38268343236564634 -0.3535533905938491 0.8535533905927861
vn -0.3826834323640141 0.3535533905921631 -0.8535533905942162
vn 0.697260734160025 -0.4955948498904953 -0.5178930520490117
vn -0.6972607341601316 0.4955948498903844 0.5178930520489744
vn 0.6061195090035713 0.7933383545243213 0.056862958469572386
vn -0.6061195090035636 -0.7933383545243283 -0.05686295846955261
vn 0.3826834323657026 -0.3535533905924713 0.8535533905933316
vn -0.3826834323664453 0.35355339059149976 -0.8535533905934011
vn -0.17892532587771404 -0.5515635031476941 0.8147167788593761
vn 0.17892532587771717 0.5515635031476926 -0.8147167788593763
vn 0.08700847144185248 0.8159645436559367 0.5715167446310838
vn -0.0870084714418497 -0.8159645436559373 -0.5715167446310834
vn -0.9800077824471127 0.173146081364268 -0.09800602456630435
vn 0.9800077824471126 -0.1731460813642686 0.09800602456630467
vn 0.6972607341639377 0.6585544013292457 0.2830787330108805
vn -0.6972607341578803 -0.6585544013367761 -0.2830787330082823
vn -0.6061195090035643 0.752489933701663 -0.2576393612842287
vn 0.6061195090035477 -0.7524899337016632 0.2576393612842668
vn -0.3826834323642392 0.00806226753562442 0.9238443540099756
vn 0.38268343236423913 -0.008062267535624503 -0.9238443540099757
vn 0.9238795325112861 0.003339500556944249 0.3826688609525962
vn -0.9238795325112877 -0.0033395005563325725 -0.3826688609525978
vn -8.437694987151223e-15 0.9999619230641714 -0.008726535498358584
vn 2.2204460492503015e-16 -0.9999619230641713 0.008726535498384286
vn -0.3826834323650892 0.008062267538403445 0.9238443540095991
vn 0.38268343236508967 -0.008062267536127266 -0.9238443540096188
vn 0.9238795325112872 -0.003339500556944236 -0.38266886095259406
vn -0.9238795325112863 0.003339500557887052 0.3826688609525881
vn -2.1556830394805085e-15 0.9999619230641713 -0.008726535498384149
vn -1.0510111299784855e-14 -0.9999619230641715 0.008726535498359419
vn 0.3826834323650893 0.008062267534650643 0.9238443540096319
vn -0.3826834323650898 -0.008062267536127323 -0.9238443540096188
vn 0.7077327819937237 -0.6402049284566471 0.2987506633820984
vn -0.7077327819909124 0.6402049284602929 -0.2987506633809454
vn 0.5938583163412501 0.7681618640745681 0.23928988840697107
vn -0.59385831634125 -0.7681618640745682 -0.23928988840697135
vn -0.38268343236607305 0.00806226753540909 0.9238443540092177
vn 0.3826834323656708 -0.008062267535929174 -0.9238443540093798
vn 0.7077327819903934 0.6402049284609651 -0.2987506633807349
vn -0.7077327819960294 -0.6402049284536738 0.2987506633830076
vn -0.5938583163412414 0.7681618640745691 0.23928988840698967
vn 0.5938583163412432 -0.7681618640745672 -0.23928988840699067
vn 0.3826834323652673 0.00806226753645148 0.9238443540095425
vn -0.3826834323651221 -0.00806226753663958 -0.9238443540096011
vn 0.9902680949210588 -0.012129799480408633 -0.13864331266232094
vn -0.9902680949210588 0.012129799480408623 0.13864331266232094
vn 0.036020733565514364 0.9845881523733159 0.17113934953570004
vn -0.03602073356551449 -0.9845881523733158 -0.17113934953570012
vn 0.13443067706003595 -0.17446787145679624 0.9754431582078555
vn -0.13443067706003592 0.17446787145679693 -0.9754431582078553
vn 0.9902680949210588 -0.012129799480408678 -0.13864331266232094
vn -0.9902680949210588 0.012129799480408616 0.13864331266232088
vn 0.036020733565514336 0.9845881523733158 0.1711393495357
vn -0.03602073356550972 -0.9845881523733159 -0.17113934953570073
vn 0.1344306770600359 -0.17446787145679624 0.9754431582078555
vn -0.1344306770600358 0.17446787145679735 -0.9754431582078552
vn 0.9902680949210588 -0.012129799480408609 -0.13864331266232094
vn -0.9902680949210588 0.012129799480408654 0.1386433126623211
vn 0.03602073356550968 0.9845881523733159 0.17113934953570067
vn -0.03602073356551448 -0.9845881523733158 -0.17113934953570006
vn 0.1344306770600346 -0.17446787145679626 0.9754431582078555
vn -0.1344306770600357 0.1744678714567973 -0.9754431582078552
vn 0.9902680949210588 0.012129799480408578 0.1386433126623209
vn -0.9902680949210588 -0.012129799480408744 -0.1386433126623209
vn -0.036020733565514364 0.9845881523733159 0.17113934953570004
vn 0.036020733565510395 -0.9845881523733151 -0.1711393495357054
vn -0.13443067706003595 -0.17446787145679668 0.9754431582078554
vn 0.13443067706003592 0.1744678714567966 -0.9754431582078553
vn 0.9902680949210587 0.012129799480408616 0.13864331266232108
vn -0.9902680949210588 -0.012129799480408671 -0.1386433126623209
vn -0.03602073356550967 0.9845881523733159 0.17113934953570062
vn 0.03602073356551512 -0.984588152373315 -0.17113934953570467
vn -0.13443067706003456 -0.1744678714567966 0.9754431582078555
vn 0.13443067706003572 0.17446787145679665 -0.9754431582078553
vn 0.9902680949210587 0.012129799480408692 0.13864331266232094
vn -0.9902680949210588 -0.012129799480408744 -0.1386433126623209
vn -0.036020733565514364 0.9845881523733159 0.17113934953570004
vn 0.03602073356551511 -0.984588152373315 -0.17113934953570462
vn -0.13443067706003592 -0.17446787145679699 0.9754431582078553
vn 0.13443067706003592 0.17446787145679699 -0.9754431582078553
vn 1 0 0
vn -1 0 0
vn 0 0.9902680687415704 0.1391731009600653
vn 0 -0.99026806874157 -0.13917310096006774
vn 0 -0.1391731009600657 0.9902680687415704
vn 0 0.13917310096006538 -0.9902680687415704
vn 1 0 0
vn -1 0 0
vn 0 0.9902680687415704 0.1391731009600653
vn 0 -0.99026806874157 -0.13917310096006774
vn 0 -0.1391731009600657 0.9902680687415704
vn 0 0.13917310096006538 -0.9902680687415704
vn 0.9268894565554955 -0.15607524921934834 0.3413450628138289
vn -0.926889456555496 0.15607524921934599 -0.3413450628138284
vn -0.30535535080731774 0.21526209007526284 0.927588455248215
vn 0.30535535080732035 -0.21526209007526337 -0.9275884552482139
vn -0.2182522509840317 -0.9640035005940316 0.1518657492091496
vn 0.21825225098403775 0.9640035005940306 -0.151865749209147
usemtl m_0b5062bd-a5e9-4453-415f-f415a372b3a6
f 4/1/1 3/2/1 5/3/1 6/4/1
f 9/5/2 7/6/2 8/7/2 10/8/2
f 7/9/3 3/10/3 4/11/3 8/12/3
f 6/13/4 5/14/4 9/15/4 10/16/4
f 5/17/5 3/18/5 7/19/5 9/20/5
f 8/21/6 4/22/6 6/23/6 10/24/6
f 12/25/7 11/26/7 13/27/7 14/28/7
f 17/29/8 15/30/8 16/31/8 18/32/8
f 15/33/9 11/34/9 12/35/9 16/36/9
f 14/37/10 13/38/10 17/39/10 18/40/10
f 13/41/11 11/42/11 15/43/11 17/44/11
f 16/45/12 12/46/12 14/47/12 18/48/12
f 20/49/13 19/50/13 21/51/13 22/52/13
f 25/53/14 23/54/14 24/55/14 26/56/14
f 23/57/15 19/58/15 20/59/15 24/60/15
f 22/61/16 21/62/16 25/63/16 26/64/16
f 21/65/17 19/66/17 23/67/17 25/68/17
f 24/69/18 20/70/18 22/71/18 26/72/18
f 28/73/19 27/74/19 29/75/19 30/76/19
f 33/77/20 31/78/20 32/79/20 34/80/20
f 31/81/21 27/82/21 28/83/21 32/84/21
f 30/85/22 29/86/22 33/87/22 34/88/22
f 29/89/23 27/90/23 31/91/23 33/92/23
f 32/93/24 28/94/24 30/95/24 34/96/24
f 36/97/25 35/98/25 37/99/25 38/100/25
f 41/101/26 39/102/26 40/103/26 42/104/26
f 39/105/27 35/106/27 36/107/27 40/108/27
f 38/109/28 37/110/28 41/111/28 42/112/28
f 37/113/29 35/114/29 39/115/29 41/116/29
f 40/117/30 36/118/30 38/119/30 42/120/30
f 44/121/31 43/122/31 45/123/31 46/124/31
f 49/125/32 47/126/32 48/127/32 50/128/32
f 47/129/33 43/130/33 44/131/33 48/132/33
f 46/133/34 45/134/34 49/135/34 50/136/34
f 45/137/35 43/138/35 47/139/35 49/140/35
f 48/141/36 44/142/36 46/143/36 50/144/36
f 52/145/37 51/146/37 53/147/37 54/148/37
f 57/149/38 55/150/38 56/151/38 58/152/38
f 55/153/39 51/154/39 52/155/39 56/156/39
f 54/157/40 53/158/40 57/159/40 58/160/40
f 53/161/41 51/162/41 55/163/41 57/164/41
f 56/165/42 52/166/42 54/167/42 58/168/42
f 60/169/43 59/170/43 61/171/43 62/172/43
f 65/173/44 63/174/44 64/175/44 66/176/44
f 63/177/45 59/178/45 60/179/45 64/180/45
f 62/181/46 61/182/46 65/183/46 66/184/46
f 61/185/47 59/186/47 63/187/47 65/188/47
f 64/189/48 60/190/48 62/191/48 66/192/48
f 68/193/49 67/194/49 69/195/49 70/196/49
f 73/197/50 71/198/50 72/199/50 74/200/50
f 71/201/51 67/202/51 68/203/51 72/204/51
f 70/205/52 69/206/52 73/207/52 74/208/52
f 69/209/53 67/210/53 71/211/53 73/212/53
f 72/213/54 68/214/54 70/215/54 74/216/54
f 76/217/55 75/218/55 77/219/55 78/220/55
f 81/221/56 79/222/56 80/223/56 82/224/56
f 79/225/57 75/226/57 76/227/57 80/228/57
f 78/229/58 77/230/58 81/231/58 82/232/58
f 77/233/59 75/234/59 79/235/59 81/236/59
f 80/237/60 76/238/60 78/239/60 82/240/60
f 84/241/61 83/242/61 85/243/61 86/244/61
f 89/245/62 87/246/62 88/247/62 90/248/62
f 87/249/63 83/250/63 84/251/63 88/252/63
f 86/253/64 85/254/64 89/255/64 90/256/64
f 85/257/65 83/258/65 87/259/65 89/260/65
f 88/261/66 84/262/66 86/263/66 90/264/66
f 93/265/67 91/266/67 92/267/67 94/268/67
f 96/269/68 95/270/68 97/271/68 98/272/68
f 92/273/69 91/274/69 95/275/69 96/276/69
f 97/277/70 93/278/70 94/279/70 98/280/70
f 95/281/71 91/282/71 93/283/71 97/284/71
f 94/285/72 92/286/72 96/287/72 98/288/72
f 99/289/73 101/290/73 100/291/73 102/292/73
f 103/293/74 104/294/74 105/295/74 106/296/74
f 103/297/75 99/298/75 100/299/75 104/300/75
f 102/301/76 101/302/76 105/303/76 106/304/76
f 99/305/77 103/306/77 101/307/77 105/308/77
f 100/309/78 102/310/78 104/311/78 106/312/78
f 107/313/79 109/314/79 108/315/79 110/316/79
f 111/317/80 112/318/80 113/319/80 114/320/80
f 111/321/81 107/322/81 108/323/81 112/324/81
f 110/325/82 109/326/82 113/327/82 114/328/82
f 107/329/83 111/330/83 109/331/83 113/332/83
f 108/333/84 110/334/84 112/335/84 114/336/84
f 115/337/85 117/338/85 116/339/85 118/340/85
f 119/341/86 120/342/86 121/343/86 122/344/86
f 119/345/87 115/346/87 116/347/87 120/348/87
f 118/349/88 117/350/88 121/351/88 122/352/88
f 115/353/89 119/354/89 117/355/89 121/356/89
f 116/357/90 118/358/90 120/359/90 122/360/90
f 126/361/91 124/362/91 123/363/91 125/364/91
f 129/365/92 127/366/92 128/367/92 130/368/92
f 123/369/93 124/370/93 128/371/93 127/372/93
f 126/373/94 125/374/94 129/375/94 130/376/94
f 125/377/95 123/378/95 127/379/95 129/380/95
f 130/381/96 128/382/96 124/383/96 126/384/96
f 134/385/97 132/386/97 131/387/97 133/388/97
f 137/389/98 135/390/98 136/391/98 138/392/98
f 131/393/99 132/394/99 136/395/99 135/396/99
f 134/397/100 133/398/100 137/399/100 138/400/100
f 133/401/101 131/402/101 135/403/101 137/404/101
f 138/405/102 136/406/102 132/407/102 134/408/102
f 142/409/103 140/410/103 139/411/103 141/412/103
f 145/413/104 143/414/104 144/415/104 146/416/104
f 139/417/105 140/418/105 144/419/105 143/420/105
f 142/421/106 141/422/106 145/423/106 146/424/106
f 141/425/107 139/426/107 143/427/107 145/428/107
f 146/429/108 144/430/108 140/431/108 142/432/108
f 150/433/109 148/434/109 147/435/109 149/436/109
f 153/437/110 151/438/110 152/439/110 154/440/110
f 147/441/111 148/442/111 152/443/111 151/444/111
f 150/445/112 149/446/112 153/447/112 154/448/112
f 149/449/113 147/450/113 151/451/113 153/452/113
f 154/453/114 152/454/114 148/455/114 150/456/114
f 158/457/115 156/458/115 155/459/115 157/460/115
f 161/461/116 159/462/116 160/463/116 162/464/116
f 155/465/117 156/466/117 160/467/117 159/468/117
f 158/469/118 157/470/118 161/471/118 162/472/118
f 157/473/119 155/474/119 159/475/119 161/476/119
f 162/477/120 160/478/120 156/479/120 158/480/120
f 166/481/121 164/482/121 163/483/121 165/484/121
f 169/485/122 167/486/122 168/487/122 170/488/122
f 163/489/123 164/490/123 168/491/123 167/492/123
f 166/493/124 165/494/124 169/495/124 170/496/124
f 165/497/125 163/498/125 167/499/125 169/500/125
f 170/501/126 168/502/126 164/503/126 166/504/126
f 174/505/127 172/506/127 171/507/127 173/508/127
f 177/509/128 175/510/128 176/511/128 178/512/128
f 171/513/129 172/514/129 176/515/129 175/516/129
f 174/517/130 173/518/130 177/519/130 178/520/130
f 173/521/131 171/522/131 175/523/131 177/524/131
f 178/525/132 176/526/132 172/527/132 174/528/132
f 182/529/133 180/530/133 179/531/133 181/532/133
f 185/533/134 183/534/134 184/535/134 186/536/134
f 179/537/135 180/538/135 184/539/135 183/540/135
f 182/541/136 181/542/136 185/543/136 186/544/136
f 181/545/137 179/546/137 183/547/137 185/548/137
f 186/549/138 184/550/138 180/551/138 182/552/138
f 190/553/139 188/554/139 187/555/139 189/556/139
f 193/557/140 191/558/140 192/559/140 194/560/140
f 187/561/141 188/562/141 192/563/141 191/564/141
f 190/565/142 189/566/142 193/567/142 194/568/142
f 189/569/143 187/570/143 191/571/143 193/572/143
f 194/573/144 192/574/144 188/575/144 190/576/144
f 198/577/145 196/578/145 195/579/145 197/580/145
f 201/581/146 199/582/146 200/583/146 202/584/146
f 195/585/147 196/586/147 200/587/147 199/588/147
f 198/589/148 197/590/148 201/591/148 202/592/148
f 197/593/149 195/594/149 199/595/149 201/596/149
f 202/597/150 200/598/150 196/599/150 198/600/150
f 206/601/151 204/602/151 203/603/151 205/604/151
f 209/605/152 207/606/152 208/607/152 210/608/152
f 203/609/153 204/610/153 208/611/153 207/612/153
f 206/613/154 205/614/154 209/615/154 210/616/154
f 205/617/155 203/618/155 207/619/155 209/620/155
f 210/621/156 208/622/156 204/623/156 206/624/156
f 214/625/157 212/626/157 211/627/157 213/628/157
f 217/629/158 215/630/158 216/631/158 218/632/158
f 211/633/159 212/634/159 216/635/159 215/636/159
f 214/637/160 213/638/160 217/639/160 218/640/160
f 213/641/161 211/642/161 215/643/161 217/644/161
f 218/645/162 216/646/162 212/647/162 214/648/162
f 222/649/163 220/650/163 219/651/163 221/652/163
f 225/653/164 223/654/164 224/655/164 226/656/164
f 219/657/165 220/658/165 224/659/165 223/660/165
f 222/661/166 221/662/166 225/663/166 226/664/166
f 221/665/167 219/666/167 223/667/167 225/668/167
f 226/669/168 224/670/168 220/671/168 222/672/168
f 230/673/169 228/674/169 227/675/169 229/676/169
f 232/677/170 231/678/170 1/679/170 233/680/170
f 227/681/171 228/682/171 1/683/171 231/684/171
f 230/685/172 229/686/172 232/687/172 233/688/172
f 229/689/173 227/690/173 231/691/173 232/692/173
f 233/693/174 1/694/174 228/695/174 230/696/174
f 237/697/175 235/698/175 234/699/175 236/700/175
f 240/701/176 238/702/176 239/703/176 241/704/176
f 234/705/177 235/706/177 239/707/177 238/708/177
f 237/709/178 236/710/178 240/711/178 241/712/178
f 236/713/179 234/714/179 238/715/179 240/716/179
f 241/717/180 239/718/180 235/719/180 237/720/180
f 245/721/181 243/722/181 242/723/181 244/724/181
f 248/725/182 246/726/182 247/727/182 249/728/182
f 242/729/183 243/730/183 247/731/183 246/732/183
f 245/733/184 244/734/184 248/735/184 249/736/184
f 244/737/185 242/738/185 246/739/185 248/740/185
f 249/741/186 247/742/186 243/743/186 245/744/186
f 253/745/187 251/746/187 250/747/187 252/748/187
f 256/749/188 254/750/188 255/751/188 257/752/188
f 250/753/189 251/754/189 255/755/189 254/756/189
f 253/757/190 252/758/190 256/759/190 257/760/190
f 252/761/191 250/762/191 254/763/191 256/764/191
f 257/765/192 255/766/192 251/767/192 253/768/192
f 262/769/193 260/770/193 259/771/193 261/772/193
f 264/773/194 258/774/194 263/775/194 265/776/194
f 259/777/195 260/778/195 263/779/195 258/780/195
f 262/781/196 261/782/196 264/783/196 265/784/196
f 261/785/197 259/786/197 258/787/197 264/788/197
f 265/789/198 263/790/198 260/791/198 262/792/198
f 269/793/199 267/794/199 266/795/199 268/796/199
f 272/797/200 270/798/200 271/799/200 273/800/200
f 266/801/201 267/802/201 271/803/201 270/804/201
f 269/805/202 268/806/202 272/807/202 273/808/202
f 268/809/203 266/810/203 270/811/203 272/812/203
f 273/813/204 271/814/204 267/815/204 269/816/204
f 277/817/205 275/818/205 274/819/205 276/820/205
f 280/821/206 278/822/206 279/823/206 281/824/206
f 274/825/207 275/826/207 279/827/207 278/828/207
f 277/829/208 276/830/208 280/831/208 281/832/208
f 276/833/209 274/834/209 278/835/209 280/836/209
f 281/837/210 279/838/210 275/839/210 277/840/210
f 285/841/211 283/842/211 282/843/211 284/844/211
f 288/845/212 286/846/212 287/847/212 289/848/212
f 282/849/213 283/850/213 287/851/213 286/852/213
f 285/853/214 284/854/214 288/855/214 289/856/214
f 284/857/215 282/858/215 286/859/215 288/860/215
f 289/861/216 287/862/216 283/863/216 285/864/216
f 293/865/217 291/866/217 290/867/217 292/868/217
f 296/869/218 294/870/218 295/871/218 297/872/218
f 290/873/219 291/874/219 295/875/219 294/876/219
f 293/877/220 292/878/220 296/879/220 297/880/220
f 292/881/221 290/882/221 294/883/221 296/884/221
f 297/885/222 295/886/222 291/887/222 293/888/222
f 301/889/223 299/890/223 298/891/223 300/892/223
f 304/893/224 302/894/224 303/895/224 305/896/224
f 298/897/225 299/898/225 303/899/225 302/900/225
f 301/901/226 300/902/226 304/903/226 305/904/226
f 300/905/227 298/906/227 302/907/227 304/908/227
f 305/909/228 303/910/228 299/911/228 301/912/228
f 309/913/229 307/914/229 306/915/229 308/916/229
f 312/917/230 310/918/230 311/919/230 313/920/230
f 306/921/231 307/922/231 311/923/231 310/924/231
f 309/925/232 308/926/232 312/927/232 313/928/232
f 308/929/233 306/930/233 310/931/233 312/932/233
f 313/933/234 311/934/234 307/935/234 309/936/234
f 317/937/235 315/938/235 314/939/235 316/940/235
f 320/941/236 318/942/236 319/943/236 321/944/236
f 314/945/237 315/946/237 319/947/237 318/948/237
f 317/949/238 316/950/238 320/951/238 321/952/238
f 316/953/239 314/954/239 318/955/239 320/956/239
f 321/957/240 319/958/240 315/959/240 317/960/240
f 325/961/241 323/962/241 322/963/241 324/964/241
f 328/965/242 326/966/242 327/967/242 329/968/242
f 322/969/243 323/970/243 327/971/243 326/972/243
f 325/973/244 324/974/244 328/975/244 329/976/244
f 324/977/245 322/978/245 326/979/245 328/980/245
f 329/981/246 327/982/246 323/983/246 325/984/246
f 333/985/247 331/986/247 330/987/247 332/988/247
f 336/989/248 334/990/248 335/991/248 337/992/248
f 330/993/249 331/994/249 335/995/249 334/996/249
f 333/997/250 332/998/250 336/999/250 337/1000/250
f 332/1001/251 330/1002/251 334/1003/251 336/1004/251
f 337/1005/252 335/1006/252 331/1007/252 333/1008/252
f 341/1009/253 339/1010/253 338/1011/253 340/1012/253
f 344/1013/254 342/1014/254 343/1015/254 345/1016/254
f 338/1017/255 339/1018/255 343/1019/255 342/1020/255
f 341/1021/256 340/1022/256 344/1023/256 345/1024/256
f 340/1025/257 338/1026/257 342/1027/257 344/1028/257
f 345/1029/258 343/1030/258 339/1031/258 341/1032/258
f 349/1033/259 347/1034/259 346/1035/259 348/1036/259
f 352/1037/260 350/1038/260 351/1039/260 353/1040/260
f 346/1041/261 347/1042/261 351/1043/261 350/1044/261
f 349/1045/262 348/1046/262 352/1047/262 353/1048/262
f 348/1049/263 346/1050/263 350/1051/263 352/1052/263
f 353/1053/264 351/1054/264 347/1055/264 349/1056/264
f 357/1057/265 355/1058/265 354/1059/265 356/1060/265
f 360/1061/266 358/1062/266 359/1063/266 361/1064/266
f 354/1065/267 355/1066/267 359/1067/267 358/1068/267
f 357/1069/268 356/1070/268 360/1071/268 361/1072/268
f 356/1073/269 354/1074/269 358/1075/269 360/1076/269
f 361/1077/270 359/1078/270 355/1079/270 357/1080/270
f 365/1081/271 363/1082/271 362/1083/271 364/1084/271
f 368/1085/272 366/1086/272 367/1087/272 369/1088/272
f 362/1089/273 363/1090/273 367/1091/273 366/1092/273
f 365/1093/274 364/1094/274 368/1095/274 369/1096/274
f 364/1097/275 362/1098/275 366/1099/275 368/1100/275
f 369/1101/276 367/1102/276 363/1103/276 365/1104/276
f 373/1105/277 371/1106/277 370/1107/277 372/1108/277
f 376/1109/278 374/1110/278 375/1111/278 377/1112/278
f 370/1113/279 371/1114/279 375/1115/279 374/1116/279
f 373/1117/280 372/1118/280 376/1119/280 377/1120/280
f 372/1121/281 370/1122/281 374/1123/281 376/1124/281
f 377/1125/282 375/1126/282 371/1127/282 373/1128/282
f 381/1129/283 379/1130/283 378/1131/283 380/1132/283
f 384/1133/284 382/1134/284 383/1135/284 385/1136/284
f 378/1137/285 379/1138/285 383/1139/285 382/1140/285
f 381/1141/286 380/1142/286 384/1143/286 385/1144/286
f 380/1145/287 378/1146/287 382/1147/287 384/1148/287
f 385/1149/288 383/1150/288 379/1151/288 381/1152/288
f 389/1153/289 387/1154/289 386/1155/289 388/1156/289
f 392/1157/290 390/1158/290 391/1159/290 393/1160/290
f 386/1161/291 387/1162/291 391/1163/291 390/1164/291
f 389/1165/292 388/1166/292 392/1167/292 393/1168/292
f 388/1169/293 386/1170/293 390/1171/293 392/1172/293
f 393/1173/294 391/1174/294 387/1175/294 389/1176/294
f 397/1177/295 395/1178/295 394/1179/295 396/1180/295
f 400/1181/296 398/1182/296 399/1183/296 401/1184/296
f 394/1185/297 395/1186/297 399/1187/297 398/1188/297
f 397/1189/298 396/1190/298 400/1191/298 401/1192/298
f 396/1193/299 394/1194/299 398/1195/299 400/1196/299
f 401/1197/300 399/1198/300 395/1199/300 397/1200/300
f 405/1201/301 403/1202/301 402/1203/301 404/1204/301
f 408/1205/302 406/1206/302 407/1207/302 409/1208/302
f 402/1209/303 403/1210/303 407/1211/303 406/1212/303
f 405/1213/304 404/1214/304 408/1215/304 409/1216/304
f 404/1217/305 402/1218/305 406/1219/305 408/1220/305
f 409/1221/306 407/1222/306 403/1223/306 405/1224/306
f 413/1225/307 411/1226/307 410/1227/307 412/1228/307
f 416/1229/308 414/1230/308 415/1231/308 417/1232/308
f 410/1233/309 411/1234/309 415/1235/309 414/1236/309
f 413/1237/310 412/1238/310 416/1239/310 417/1240/310
f 412/1241/311 410/1242/311 414/1243/311 416/1244/311
f 417/1245/312 415/1246/312 411/1247/312 413/1248/312
f 421/1249/313 419/1250/313 418/1251/313 420/1252/313
f 424/1253/314 422/1254/314 423/1255/314 425/1256/314
f 418/1257/315 419/1258/315 423/1259/315 422/1260/315
f 421/1261/316 420/1262/316 424/1263/316 425/1264/316
f 420/1265/317 418/1266/317 422/1267/317 424/1268/317
f 425/1269/318 423/1270/318 419/1271/318 421/1272/318
f 429/1273/319 427/1274/319 426/1275/319 428/1276/319
f 432/1277/320 430/1278/320 431/1279/320 433/1280/320
f 426/1281/321 427/1282/321 431/1283/321 430/1284/321
f 429/1285/322 428/1286/322 432/1287/322 433/1288/322
f 428/1289/323 426/1290/323 430/1291/323 432/1292/323
f 433/1293/324 431/1294/324 427/1295/324 429/1296/324
f 437/1297/325 435/1298/325 434/1299/325 436/1300/325
f 440/1301/326 438/1302/326 439/1303/326 441/1304/326
f 434/1305/327 435/1306/327 439/1307/327 438/1308/327
f 437/1309/328 436/1310/328 440/1311/328 441/1312/328
f 436/1313/329 434/1314/329 438/1315/329 440/1316/329
f 441/1317/330 439/1318/330 435/1319/330 437/1320/330
f 445/1321/331 443/1322/331 442/1323/331 444/1324/331
f 448/1325/332 446/1326/332 447/1327/332 449/1328/332
f 442/1329/333 443/1330/333 447/1331/333 446/1332/333
f 445/1333/334 444/1334/334 448/1335/334 449/1336/334
f 444/1337/335 442/1338/335 446/1339/335 448/1340/335
f 449/1341/336 447/1342/336 443/1343/336 445/1344/336
f 453/1345/337 451/1346/337 450/1347/337 452/1348/337
f 456/1349/338 454/1350/338 455/1351/338 457/1352/338
f 450/1353/339 451/1354/339 455/1355/339 454/1356/339
f 453/1357/340 452/1358/340 456/1359/340 457/1360/340
f 452/1361/341 450/1362/341 454/1363/341 456/1364/341
f 457/1365/342 455/1366/342 451/1367/342 453/1368/342
f 461/1369/343 459/1370/343 458/1371/343 460/1372/343
f 464/1373/344 462/1374/344 463/1375/344 465/1376/344
f 458/1377/345 459/1378/345 463/1379/345 462/1380/345
f 461/1381/346 460/1382/346 464/1383/346 465/1384/346
f 460/1385/347 458/1386/347 462/1387/347 464/1388/347
f 465/1389/348 463/1390/348 459/1391/348 461/1392/348
f 469/1393/349 467/1394/349 466/1395/349 468/1396/349
f 472/1397/350 470/1398/350 471/1399/350 473/1400/350
f 466/1401/351 467/1402/351 471/1403/351 470/1404/351
f 469/1405/352 468/1406/352 472/1407/352 473/1408/352
f 468/1409/353 466/1410/353 470/1411/353 472/1412/353
f 473/1413/354 471/1414/354 467/1415/354 469/1416/354
f 477/1417/355 475/1418/355 474/1419/355 476/1420/355
f 480/1421/356 478/1422/356 479/1423/356 481/1424/356
f 474/1425/357 475/1426/357 479/1427/357 478/1428/357
f 477/1429/358 476/1430/358 480/1431/358 481/1432/358
f 476/1433/359 474/1434/359 478/1435/359 480/1436/359
f 481/1437/360 479/1438/360 475/1439/360 477/1440/360
f 485/1441/361 483/1442/361 482/1443/361 484/1444/361
f 488/1445/362 486/1446/362 487/1447/362 489/1448/362
f 482/1449/363 483/1450/363 487/1451/363 486/1452/363
f 485/1453/364 484/1454/364 488/1455/364 489/1456/364
f 484/1457/365 482/1458/365 486/1459/365 488/1460/365
f 489/1461/366 487/1462/366 483/1463/366 485/1464/366
f 493/1465/367 491/1466/367 490/1467/367 492/1468/367
f 496/1469/368 494/1470/368 495/1471/368 497/1472/368
f 490/1473/369 491/1474/369 495/1475/369 494/1476/369
f 493/1477/370 492/1478/370 496/1479/370 497/1480/370
f 492/1481/371 490/1482/371 494/1483/371 496/1484/371
f 497/1485/372 495/1486/372 491/1487/372 493/1488/372
f 501/1489/373 499/1490/373 498/1491/373 500/1492/373
f 504/1493/374 502/1494/374 503/1495/374 505/1496/374
f 498/1497/375 499/1498/375 503/1499/375 502/1500/375
f 501/1501/376 500/1502/376 504/1503/376 505/1504/376
f 500/1505/377 498/1506/377 502/1507/377 504/1508/377
f 505/1509/378 503/1510/378 499/1511/378 501/1512/378
f 509/1513/379 507/1514/379 506/1515/379 508/1516/379
f 512/1517/380 510/1518/380 511/1519/380 513/1520/380
f 506/1521/381 507/1522/381 511/1523/381 510/1524/381
f 509/1525/382 508/1526/382 512/1527/382 513/1528/382
f 508/1529/383 506/1530/383 510/1531/383 512/1532/383
f 513/1533/384 511/1534/384 507/1535/384 509/1536/384
f 517/1537/385 515/1538/385 514/1539/385 516/1540/385
f 520/1541/386 518/1542/386 519/1543/386 521/1544/386
f 514/1545/387 515/1546/387 519/1547/387 518/1548/387
f 517/1549/388 516/1550/388 520/1551/388 521/1552/388
f 516/1553/389 514/1554/389 518/1555/389 520/1556/389
f 521/1557/390 519/1558/390 515/1559/390 517/1560/390
f 525/1561/391 523/1562/391 522/1563/391 524/1564/391
f 528/1565/392 526/1566/392 527/1567/392 529/1568/392
f 522/1569/393 523/1570/393 527/1571/393 526/1572/393
f 525/1573/394 524/1574/394 528/1575/394 529/1576/394
f 524/1577/395 522/1578/395 526/1579/395 528/1580/395
f 529/1581/396 527/1582/396 523/1583/396 525/1584/396
f 533/1585/397 531/1586/397 530/1587/397 532/1588/397
f 536/1589/398 534/1590/398 535/1591/398 537/1592/398
f 530/1593/399 531/1594/399 535/1595/399 534/1596/399
f 533/1597/400 532/1598/400 536/1599/400 537/1600/400
f 532/1601/401 530/1602/401 534/1603/401 536/1604/401
f 537/1605/402 535/1606/402 531/1607/402 533/1608/402
f 541/1609/403 539/1610/403 538/1611/403 540/1612/403
f 544/1613/404 542/1614/404 543/1615/404 545/1616/404
f 538/1617/405 539/1618/405 543/1619/405 542/1620/405
f 541/1621/406 540/1622/406 544/1623/406 545/1624/406
f 540/1625/407 538/1626/407 542/1627/407 544/1628/407
f 545/1629/408 543/1630/408 539/1631/408 541/1632/408
f 549/1633/409 547/1634/409 546/1635/409 548/1636/409
f 552/1637/410 550/1638/410 551/1639/410 553/1640/410
f 546/1641/411 547/1642/411 551/1643/411 550/1644/411
f 549/1645/412 548/1646/412 552/1647/412 553/1648/412
f 548/1649/413 546/1650/413 550/1651/413 552/1652/413
f 553/1653/414 551/1654/414 547/1655/414 549/1656/414
f 557/1657/415 555/1658/415 554/1659/415 556/1660/415
f 560/1661/416 558/1662/416 559/1663/416 561/1664/416
f 554/1665/417 555/1666/417 559/1667/417 558/1668/417
f 557/1669/418 556/1670/418 560/1671/418 561/1672/418
f 556/1673/419 554/1674/419 558/1675/419 560/1676/419
f 561/1677/420 559/1678/420 555/1679/420 557/1680/420
f 565/1681/421 563/1682/421 562/1683/421 564/1684/421
f 568/1685/422 566/1686/422 567/1687/422 569/1688/422
f 562/1689/423 563/1690/423 567/1691/423 566/1692/423
f 565/1693/424 564/1694/424 568/1695/424 569/1696/424
f 564/1697/425 562/1698/425 566/1699/425 568/1700/425
f 569/1701/426 567/1702/426 563/1703/426 565/1704/426
f 573/1705/427 571/1706/427 570/1707/427 572/1708/427
f 576/1709/428 574/1710/428 575/1711/428 577/1712/428
f 570/1713/429 571/1714/429 575/1715/429 574/1716/429
f 573/1717/430 572/1718/430 576/1719/430 577/1720/430
f 572/1721/431 570/1722/431 574/1723/431 576/1724/431
f 577/1725/432 575/1726/432 571/1727/432 573/1728/432
f 581/1729/433 579/1730/433 578/1731/433 580/1732/433
f 584/1733/434 582/1734/434 583/1735/434 585/1736/434
f 578/1737/435 579/1738/435 583/1739/435 582/1740/435
f 581/1741/436 580/1742/436 584/1743/436 585/1744/436
f 580/1745/437 578/1746/437 582/1747/437 584/1748/437
f 585/1749/438 583/1750/438 579/1751/438 581/1752/438
f 589/1753/439 587/1754/439 586/1755/439 588/1756/439
f 592/1757/440 590/1758/440 591/1759/440 593/1760/440
f 586/1761/441 587/1762/441 591/1763/441 590/1764/441
f 589/1765/442 588/1766/442 592/1767/442 593/1768/442
f 588/1769/443 586/1770/443 590/1771/443 592/1772/443
f 593/1773/444 591/1774/444 587/1775/444 589/1776/444
f 597/1777/445 595/1778/445 594/1779/445 596/1780/445
f 600/1781/446 598/1782/446 599/1783/446 601/1784/446
f 594/1785/447 595/1786/447 599/1787/447 598/1788/447
f 597/1789/448 596/1790/448 600/1791/448 601/1792/448
f 596/1793/449 594/1794/449 598/1795/449 600/1796/449
f 601/1797/450 599/1798/450 595/1799/450 597/1800/450
f 605/1801/451 603/1802/451 602/1803/451 604/1804/451
f 608/1805/452 606/1806/452 607/1807/452 609/1808/452
f 602/1809/453 603/1810/453 607/1811/453 606/1812/453
f 605/1813/454 604/1814/454 608/1815/454 609/1816/454
f 604/1817/455 602/1818/455 606/1819/455 608/1820/455
f 609/1821/456 607/1822/456 603/1823/456 605/1824/456
f 613/1825/457 611/1826/457 610/1827/457 612/1828/457
f 616/1829/458 614/1830/458 615/1831/458 617/1832/458
f 610/1833/459 611/1834/459 615/1835/459 614/1836/459
f 613/1837/460 612/1838/460 616/1839/460 617/1840/460
f 612/1841/461 610/1842/461 614/1843/461 616/1844/461
f 617/1845/462 615/1846/462 611/1847/462 613/1848/462
f 621/1849/463 619/1850/463 618/1851/463 620/1852/463
f 624/1853/464 622/1854/464 623/1855/464 625/1856/464
f 618/1857/465 619/1858/465 623/1859/465 622/1860/465
f 621/1861/466 620/1862/466 624/1863/466 625/1864/466
f 620/1865/467 618/1866/467 622/1867/467 624/1868/467
f 625/1869/468 623/1870/468 619/1871/468 621/1872/468
f 629/1873/469 627/1874/469 626/1875/469 628/1876/469
f 632/1877/470 630/1878/470 631/1879/470 633/1880/470
f 626/1881/471 627/1882/471 631/1883/471 630/1884/471
f 629/1885/472 628/1886/472 632/1887/472 633/1888/472
f 628/1889/473 626/1890/473 630/1891/473 632/1892/473
f 633/1893/474 631/1894/474 627/1895/474 629/1896/474
f 637/1897/475 635/1898/475 634/1899/475 636/1900/475
f 640/1901/476 638/1902/476 639/1903/476 641/1904/476
f 634/1905/477 635/1906/477 639/1907/477 638/1908/477
f 637/1909/478 636/1910/478 640/1911/478 641/1912/478
f 636/1913/479 634/1914/479 638/1915/479 640/1916/479
f 641/1917/480 639/1918/480 635/1919/480 637/1920/480
f 645/1921/481 643/1922/481 642/1923/481 644/1924/481
f 648/1925/482 646/1926/482 647/1927/482 649/1928/482
f 642/1929/483 643/1930/483 647/1931/483 646/1932/483
f 645/1933/484 644/1934/484 648/1935/484 649/1936/484
f 644/1937/485 642/1938/485 646/1939/485 648/1940/485
f 649/1941/486 647/1942/486 643/1943/486 645/1944/486
f 653/1945/487 651/1946/487 650/1947/487 652/1948/487
f 656/1949/488 654/1950/488 655/1951/488 657/1952/488
f 650/1953/489 651/1954/489 655/1955/489 654/1956/489
f 653/1957/490 652/1958/490 656/1959/490 657/1960/490
f 652/1961/491 650/1962/491 654/1963/491 656/1964/491
f 657/1965/492 655/1966/492 651/1967/492 653/1968/492
f 661/1969/493 659/1970/493 658/1971/493 660/1972/493
f 664/1973/494 662/1974/494 663/1975/494 665/1976/494
f 658/1977/495 659/1978/495 663/1979/495 662/1980/495
f 661/1981/496 660/1982/496 664/1983/496 665/1984/496
f 660/1985/497 658/1986/497 662/1987/497 664/1988/497
f 665/1989/498 663/1990/498 659/1991/498 661/1992/498
f 669/1993/499 667/1994/499 666/1995/499 668/1996/499
f 672/1997/500 670/1998/500 671/1999/500 673/2000/500
f 666/2001/501 667/2002/501 671/2003/501 670/2004/501
f 669/2005/502 668/2006/502 672/2007/502 673/2008/502
f 668/2009/503 666/2010/503 670/2011/503 672/2012/503
f 673/2013/504 671/2014/504 667/2015/504 669/2016/504
f 677/2017/505 675/2018/505 674/2019/505 676/2020/505
f 680/2021/506 678/2022/506 679/2023/506 681/2024/506
f 674/2025/507 675/2026/507 679/2027/507 678/2028/507
f 677/2029/508 676/2030/508 680/2031/508 681/2032/508
f 676/2033/509 674/2034/509 678/2035/509 680/2036/509
f 681/2037/510 679/2038/510 675/2039/510 677/2040/510
f 685/2041/511 683/2042/511 682/2043/511 684/2044/511
f 688/2045/512 686/2046/512 687/2047/512 689/2048/512
f 682/2049/513 683/2050/513 687/2051/513 686/2052/513
f 685/2053/514 684/2054/514 688/2055/514 689/2056/514
f 684/2057/515 682/2058/515 686/2059/515 688/2060/515
f 689/2061/516 687/2062/516 683/2063/516 685/2064/516
f 693/2065/517 691/2066/517 690/2067/517 692/2068/517
f 696/2069/518 694/2070/518 695/2071/518 697/2072/518
f 690/2073/519 691/2074/519 695/2075/519 694/2076/519
f 693/2077/520 692/2078/520 696/2079/520 697/2080/520
f 692/2081/521 690/2082/521 694/2083/521 696/2084/521
f 697/2085/522 695/2086/522 691/2087/522 693/2088/522
f 701/2089/523 699/2090/523 698/2091/523 700/2092/523
f 704/2093/524 702/2094/524 703/2095/524 705/2096/524
f 698/2097/525 699/2098/525 703/2099/525 702/2100/525
f 701/2101/526 700/2102/526 704/2103/526 705/2104/526
f 700/2105/527 698/2106/527 702/2107/527 704/2108/527
f 705/2109/528 703/2110/528 699/2111/528 701/2112/528
f 709/2113/529 707/2114/529 706/2115/529 708/2116/529
f 712/2117/530 710/2118/530 711/2119/530 713/2120/530
f 706/2121/531 707/2122/531 711/2123/531 710/2124/531
f 709/2125/532 708/2126/532 712/2127/532 713/2128/532
f 708/2129/533 706/2130/533 710/2131/533 712/2132/533
f 713/2133/534 711/2134/534 707/2135/534 709/2136/534
f 717/2137/535 715/2138/535 714/2139/535 716/2140/535
f 720/2141/536 718/2142/536 719/2143/536 721/2144/536
f 714/2145/537 715/2146/537 719/2147/537 718/2148/537
f 717/2149/538 716/2150/538 720/2151/538 721/2152/538
f 716/2153/539 714/2154/539 718/2155/539 720/2156/539
f 721/2157/540 719/2158/540 715/2159/540 717/2160/540
f 725/2161/541 723/2162/541 722/2163/541 724/2164/541
f 728/2165/542 726/2166/542 727/2167/542 729/2168/542
f 722/2169/543 723/2170/543 727/2171/543 726/2172/543
f 725/2173/544 724/2174/544 728/2175/544 729/2176/544
f 724/2177/545 722/2178/545 726/2179/545 728/2180/545
f 729/2181/546 727/2182/546 723/2183/546 725/2184/546
f 733/2185/547 731/2186/547 730/2187/547 732/2188/547
f 736/2189/548 734/2190/548 735/2191/548 737/2192/548
f 730/2193/549 731/2194/549 735/2195/549 734/2196/549
f 733/2197/550 732/2198/550 736/2199/550 737/2200/550
f 732/2201/551 730/2202/551 734/2203/551 736/2204/551
f 737/2205/552 735/2206/552 731/2207/552 733/2208/552
f 741/2209/553 739/2210/553 738/2211/553 740/2212/553
f 744/2213/554 742/2214/554 743/2215/554 745/2216/554
f 738/2217/555 739/2218/555 743/2219/555 742/2220/555
f 741/2221/556 740/2222/556 744/2223/556 745/2224/556
f 740/2225/557 738/2226/557 742/2227/557 744/2228/557
f 745/2229/558 743/2230/558 739/2231/558 741/2232/558
f 749/2233/559 747/2234/559 746/2235/559 748/2236/559
f 752/2237/560 750/2238/560 751/2239/560 753/2240/560
f 746/2241/561 747/2242/561 751/2243/561 750/2244/561
f 749/2245/562 748/2246/562 752/2247/562 753/2248/562
f 748/2249/563 746/2250/563 750/2251/563 752/2252/563
f 753/2253/564 751/2254/564 747/2255/564 749/2256/564
f 757/2257/565 755/2258/565 754/2259/565 756/2260/565
f 760/2261/566 758/2262/566 759/2263/566 761/2264/566
f 754/2265/567 755/2266/567 759/2267/567 758/2268/567
f 757/2269/568 756/2270/568 760/2271/568 761/2272/568
f 756/2273/569 754/2274/569 758/2275/569 760/2276/569
f 761/2277/570 759/2278/570 755/2279/570 757/2280/570
f 765/2281/571 763/2282/571 762/2283/571 764/2284/571
f 768/2285/572 766/2286/572 767/2287/572 769/2288/572
f 762/2289/573 763/2290/573 767/2291/573 766/2292/573
f 765/2293/574 764/2294/574 768/2295/574 769/2296/574
f 764/2297/575 762/2298/575 766/2299/575 768/2300/575
f 769/2301/576 767/2302/576 763/2303/576 765/2304/576
f 773/2305/577 771/2306/577 770/2307/577 772/2308/577
f 776/2309/578 774/2310/578 775/2311/578 777/2312/578
f 770/2313/579 771/2314/579 775/2315/579 774/2316/579
f 773/2317/580 772/2318/580 776/2319/580 777/2320/580
f 772/2321/581 770/2322/581 774/2323/581 776/2324/581
f 777/2325/582 775/2326/582 771/2327/582 773/2328/582
f 781/2329/583 779/2330/583 778/2331/583 780/2332/583
f 784/2333/584 782/2334/584 783/2335/584 785/2336/584
f 778/2337/585 779/2338/585 783/2339/585 782/2340/585
f 781/2341/586 780/2342/586 784/2343/586 785/2344/586
f 780/2345/587 778/2346/587 782/2347/587 784/2348/587
f 785/2349/588 783/2350/588 779/2351/588 781/2352/588
f 789/2353/589 787/2354/589 786/2355/589 788/2356/589
f 792/2357/590 790/2358/590 791/2359/590 793/2360/590
f 786/2361/591 787/2362/591 791/2363/591 790/2364/591
f 789/2365/592 788/2366/592 792/2367/592 793/2368/592
f 788/2369/593 786/2370/593 790/2371/593 792/2372/593
f 793/2373/594 791/2374/594 787/2375/594 789/2376/594
f 797/2377/595 795/2378/595 794/2379/595 796/2380/595
f 800/2381/596 798/2382/596 799/2383/596 801/2384/596
f 794/2385/597 795/2386/597 799/2387/597 798/2388/597
f 797/2389/598 796/2390/598 800/2391/598 801/2392/598
f 796/2393/599 794/2394/599 798/2395/599 800/2396/599
f 801/2397/600 799/2398/600 795/2399/600 797/2400/600
f 805/2401/601 803/2402/601 802/2403/601 804/2404/601
f 808/2405/602 806/2406/602 807/2407/602 809/2408/602
f 802/2409/603 803/2410/603 807/2411/603 806/2412/603
f 805/2413/604 804/2414/604 808/2415/604 809/2416/604
f 804/2417/605 802/2418/605 806/2419/605 808/2420/605
f 809/2421/606 807/2422/606 803/2423/606 805/2424/606
f 813/2425/607 811/2426/607 810/2427/607 812/2428/607
f 816/2429/608 814/2430/608 815/2431/608 817/2432/608
f 810/2433/609 811/2434/609 815/2435/609 814/2436/609
f 813/2437/610 812/2438/610 816/2439/610 817/2440/610
f 812/2441/611 810/2442/611 814/2443/611 816/2444/611
f 817/2445/612 815/2446/612 811/2447/612 813/2448/612
f 821/2449/613 819/2450/613 818/2451/613 820/2452/613
f 824/2453/614 822/2454/614 823/2455/614 825/2456/614
f 818/2457/615 819/2458/615 823/2459/615 822/2460/615
f 821/2461/616 820/2462/616 824/2463/616 825/2464/616
f 820/2465/617 818/2466/617 822/2467/617 824/2468/617
f 825/2469/618 823/2470/618 819/2471/618 821/2472/618
f 829/2473/619 827/2474/619 826/2475/619 828/2476/619
f 832/2477/620 830/2478/620 831/2479/620 833/2480/620
f 826/2481/621 827/2482/621 831/2483/621 830/2484/621
f 829/2485/622 828/2486/622 832/2487/622 833/2488/622
f 828/2489/623 826/2490/623 830/2491/623 832/2492/623
f 833/2493/624 831/2494/624 827/2495/624 829/2496/624
f 837/2497/625 835/2498/625 834/2499/625 836/2500/625
f 840/2501/626 838/2502/626 839/2503/626 841/2504/626
f 834/2505/627 835/2506/627 839/2507/627 838/2508/627
f 837/2509/628 836/2510/628 840/2511/628 841/2512/628
f 836/2513/629 834/2514/629 838/2515/629 840/2516/629
f 841/2517/630 839/2518/630 835/2519/630 837/2520/630
f 845/2521/631 843/2522/631 842/2523/631 844/2524/631
f 848/2525/632 846/2526/632 847/2527/632 849/2528/632
f 842/2529/633 843/2530/633 847/2531/633 846/2532/633
f 845/2533/634 844/2534/634 848/2535/634 849/2536/634
f 844/2537/635 842/2538/635 846/2539/635 848/2540/635
f 849/2541/636 847/2542/636 843/2543/636 845/2544/636
f 853/2545/637 851/2546/637 850/2547/637 852/2548/637
f 856/2549/638 854/2550/638 855/2551/638 857/2552/638
f 850/2553/639 851/2554/639 855/2555/639 854/2556/639
f 853/2557/640 852/2558/640 856/2559/640 857/2560/640
f 852/2561/641 850/2562/641 854/2563/641 856/2564/641
f 857/2565/642 855/2566/642 851/2567/642 853/2568/642
f 861/2569/643 859/2570/643 858/2571/643 860/2572/643
f 864/2573/644 862/2574/644 863/2575/644 865/2576/644
f 858/2577/645 859/2578/645 863/2579/645 862/2580/645
f 861/2581/646 860/2582/646 864/2583/646 865/2584/646
f 860/2585/647 858/2586/647 862/2587/647 864/2588/647
f 865/2589/648 863/2590/648 859/2591/648 861/2592/648
f 869/2593/649 867/2594/649 866/2595/649 868/2596/649
f 872/2597/650 870/2598/650 871/2599/650 873/2600/650
f 866/2601/651 867/2602/651 871/2603/651 870/2604/651
f 869/2605/652 868/2606/652 872/2607/652 873/2608/652
f 868/2609/653 866/2610/653 870/2611/653 872/2612/653
f 873/2613/654 871/2614/654 867/2615/654 869/2616/654
f 877/2617/655 875/2618/655 874/2619/655 876/2620/655
f 880/2621/656 878/2622/656 879/2623/656 881/2624/656
f 874/2625/657 875/2626/657 879/2627/657 878/2628/657
f 877/2629/658 876/2630/658 880/2631/658 881/2632/658
f 876/2633/659 874/2634/659 878/2635/659 880/2636/659
f 881/2637/660 879/2638/660 875/2639/660 877/2640/660
f 885/2641/661 883/2642/661 882/2643/661 884/2644/661
f 888/2645/662 886/2646/662 887/2647/662 889/2648/662
f 882/2649/663 883/2650/663 887/2651/663 886/2652/663
f 885/2653/664 884/2654/664 888/2655/664 889/2656/664
f 884/2657/665 882/2658/665 886/2659/665 888/2660/665
f 889/2661/666 887/2662/666 883/2663/666 885/2664/666
f 893/2665/667 891/2666/667 890/2667/667 892/2668/667
f 896/2669/668 894/2670/668 895/2671/668 897/2672/668
f 890/2673/669 891/2674/669 895/2675/669 894/2676/669
f 893/2677/670 892/2678/670 896/2679/670 897/2680/670
f 892/2681/671 890/2682/671 894/2683/671 896/2684/671
f 897/2685/672 895/2686/672 891/2687/672 893/2688/672
f 901/2689/673 899/2690/673 898/2691/673 900/2692/673
f 904/2693/674 902/2694/674 903/2695/674 905/2696/674
f 898/2697/675 899/2698/675 903/2699/675 902/2700/675
f 901/2701/676 900/2702/676 904/2703/676 905/2704/676
f 900/2705/677 898/2706/677 902/2707/677 904/2708/677
f 905/2709/678 903/2710/678 899/2711/678 901/2712/678
f 909/2713/679 907/2714/679 906/2715/679 908/2716/679
f 912/2717/680 910/2718/680 911/2719/680 913/2720/680
f 906/2721/681 907/2722/681 911/2723/681 910/2724/681
f 909/2725/682 908/2726/682 912/2727/682 913/2728/682
f 908/2729/683 906/2730/683 910/2731/683 912/2732/683
f 913/2733/684 911/2734/684 907/2735/684 909/2736/684
f 917/2737/685 915/2738/685 914/2739/685 916/2740/685
f 920/2741/686 918/2742/686 919/2743/686 2/2744/686
f 914/2745/687 915/2746/687 919/2747/687 918/2748/687
f 917/2749/688 916/2750/688 920/2751/688 2/2752/688
f 916/2753/689 914/2754/689 918/2755/689 920/2756/689
f 2/2757/690 919/2758/690 915/2759/690 917/2760/690
f 924/2761/691 922/2762/691 921/2763/691 923/2764/691
f 927/2765/692 925/2766/692 926/2767/692 928/2768/692
f 921/2769/693 922/2770/693 926/2771/693 925/2772/693
f 924/2773/694 923/2774/694 927/2775/694 928/2776/694
f 923/2777/695 921/2778/695 925/2779/695 927/2780/695
f 928/2781/696 926/2782/696 922/2783/696 924/2784/696
f 932/2785/697 930/2786/697 929/2787/697 931/2788/697
f 935/2789/698 933/2790/698 934/2791/698 936/2792/698
f 929/2793/699 930/2794/699 934/2795/699 933/2796/699
f 932/2797/700 931/2798/700 935/2799/700 936/2800/700
f 931/2801/701 929/2802/701 933/2803/701 935/2804/701
f 936/2805/702 934/2806/702 930/2807/702 932/2808/702
f 940/2809/703 938/2810/703 937/2811/703 939/2812/703
f 943/2813/704 941/2814/704 942/2815/704 944/2816/704
f 937/2817/705 938/2818/705 942/2819/705 941/2820/705
f 940/2821/706 939/2822/706 943/2823/706 944/2824/706
f 939/2825/707 937/2826/707 941/2827/707 943/2828/707
f 944/2829/708 942/2830/708 938/2831/708 940/2832/708
f 948/2833/709 946/2834/709 945/2835/709 947/2836/709
f 951/2837/710 949/2838/710 950/2839/710 952/2840/710
f 945/2841/711 946/2842/711 950/2843/711 949/2844/711
f 948/2845/712 947/2846/712 951/2847/712 952/2848/712
f 947/2849/713 945/2850/713 949/2851/713 951/2852/713
f 952/2853/714 950/2854/714 946/2855/714 948/2856/714
f 956/2857/715 954/2858/715 953/2859/715 955/2860/715
f 959/2861/716 957/2862/716 958/2863/716 960/2864/716
f 953/2865/717 954/2866/717 958/2867/717 957/2868/717
f 956/2869/718 955/2870/718 959/2871/718 960/2872/718
f 955/2873/719 953/2874/719 957/2875/719 959/2876/719
f 960/2877/720 958/2878/720 954/2879/720 956/2880/720
f 964/2881/721 962/2882/721 961/2883/721 963/2884/721
f 967/2885/722 965/2886/722 966/2887/722 968/2888/722
f 961/2889/723 962/2890/723 966/2891/723 965/2892/723
f 964/2893/724 963/2894/724 967/2895/724 968/2896/724
f 963/2897/725 961/2898/725 965/2899/725 967/2900/725
f 968/2901/726 966/2902/726 962/2903/726 964/2904/726
f 972/2905/727 970/2906/727 969/2907/727 971/2908/727
f 975/2909/728 973/2910/728 974/2911/728 976/2912/728
f 969/2913/729 970/2914/729 974/2915/729 973/2916/729
f 972/2917/730 971/2918/730 975/2919/730 976/2920/730
f 971/2921/731 969/2922/731 973/2923/731 975/2924/731
f 976/2925/732 974/2926/732 970/2927/732 972/2928/732
f 980/2929/733 978/2930/733 977/2931/733 979/2932/733
f 983/2933/734 981/2934/734 982/2935/734 984/2936/734
f 977/2937/735 978/2938/735 982/2939/735 981/2940/735
f 980/2941/736 979/2942/736 983/2943/736 984/2944/736
f 979/2945/737 977/2946/737 981/2947/737 983/2948/737
f 984/2949/738 982/2950/738 978/2951/738 980/2952/738
f 988/2953/739 986/2954/739 985/2955/739 987/2956/739
f 991/2957/740 989/2958/740 990/2959/740 992/2960/740
f 985/2961/741 986/2962/741 990/2963/741 989/2964/741
f 988/2965/742 987/2966/742 991/2967/742 992/2968/742
f 987/2969/743 985/2970/743 989/2971/743 991/2972/743
f 992/2973/744 990/2974/744 986/2975/744 988/2976/744
f 996/2977/745 994/2978/745 993/2979/745 995/2980/745
f 999/2981/746 997/2982/746 998/2983/746 1000/2984/746
f 993/2985/747 994/2986/747 998/2987/747 997/2988/747
f 996/2989/748 995/2990/748 999/2991/748 1000/2992/748
f 995/2993/749 993/2994/749 997/2995/749 999/2996/749
f 1000/2997/750 998/2998/750 994/2999/750 996/3000/750
f 1004/3001/751 1002/3002/751 1001/3003/751 1003/3004/751
f 1007/3005/752 1005/3006/752 1006/3007/752 1008/3008/752
f 1001/3009/753 1002/3010/753 1006/3011/753 1005/3012/753
f 1004/3013/754 1003/3014/754 1007/3015/754 1008/3016/754
f 1003/3017/755 1001/3018/755 1005/3019/755 1007/3020/755
f 1008/3021/756 1006/3022/756 1002/3023/756 1004/3024/756
f 1012/3025/757 1010/3026/757 1009/3027/757 1011/3028/757
f 1015/3029/758 1013/3030/758 1014/3031/758 1016/3032/758
f 1009/3033/759 1010/3034/759 1014/3035/759 1013/3036/759
f 1012/3037/760 1011/3038/760 1015/3039/760 1016/3040/760
f 1011/3041/761 1009/3042/761 1013/3043/761 1015/3044/761
f 1016/3045/762 1014/3046/762 1010/3047/762 1012/3048/762
f 1020/3049/763 1018/3050/763 1017/3051/763 1019/3052/763
f 1023/3053/764 1021/3054/764 1022/3055/764 1024/3056/764
f 1017/3057/765 1018/3058/765 1022/3059/765 1021/3060/765
f 1020/3061/766 1019/3062/766 1023/3063/766 1024/3064/766
f 1019/3065/767 1017/3066/767 1021/3067/767 1023/3068/767
f 1024/3069/768 1022/3070/768 1018/3071/768 1020/3072/768
f 1028/3073/769 1026/3074/769 1025/3075/769 1027/3076/769
f 1031/3077/770 1029/3078/770 1030/3079/770 1032/3080/770
f 1025/3081/771 1026/3082/771 1030/3083/771 1029/3084/771
f 1028/3085/772 1027/3086/772 1031/3087/772 1032/3088/772
f 1027/3089/773 1025/3090/773 1029/3091/773 1031/3092/773
f 1032/3093/774 1030/3094/774 1026/3095/774 1028/3096/774
f 1036/3097/775 1034/3098/775 1033/3099/775 1035/3100/775
f 1039/3101/776 1037/3102/776 1038/3103/776 1040/3104/776
f 1033/3105/777 1034/3106/777 1038/3107/777 1037/3108/777
f 1036/3109/778 1035/3110/778 1039/3111/778 1040/3112/778
f 1035/3113/779 1033/3114/779 1037/3115/779 1039/3116/779
f 1040/3117/780 1038/3118/780 1034/3119/780 1036/3120/780
f 1044/3121/781 1042/3122/781 1041/3123/781 1043/3124/781
f 1047/3125/782 1045/3126/782 1046/3127/782 1048/3128/782
f 1041/3129/783 1042/3130/783 1046/3131/783 1045/3132/783
f 1044/3133/784 1043/3134/784 1047/3135/784 1048/3136/784
f 1043/3137/785 1041/3138/785 1045/3139/785 1047/3140/785
f 1048/3141/786 1046/3142/786 1042/3143/786 1044/3144/786
f 1052/3145/787 1050/3146/787 1049/3147/787 1051/3148/787
f 1055/3149/788 1053/3150/788 1054/3151/788 1056/3152/788
f 1049/3153/789 1050/3154/789 1054/3155/789 1053/3156/789
f 1052/3157/790 1051/3158/790 1055/3159/790 1056/3160/790
f 1051/3161/791 1049/3162/791 1053/3163/791 1055/3164/791
f 1056/3165/792 1054/3166/792 1050/3167/792 1052/3168/792
f 1060/3169/793 1058/3170/793 1057/3171/793 1059/3172/793
f 1063/3173/794 1061/3174/794 1062/3175/794 1064/3176/794
f 1057/3177/795 1058/3178/795 1062/3179/795 1061/3180/795
f 1060/3181/796 1059/3182/796 1063/3183/796 1064/3184/796
f 1059/3185/797 1057/3186/797 1061/3187/797 1063/3188/797
f 1064/3189/798 1062/3190/798 1058/3191/798 1060/3192/798
f 1068/3193/799 1066/3194/799 1065/3195/799 1067/3196/799
f 1071/3197/800 1069/3198/800 1070/3199/800 1072/3200/800
f 1065/3201/801 1066/3202/801 1070/3203/801 1069/3204/801
f 1068/3205/802 1067/3206/802 1071/3207/802 1072/3208/802
f 1067/3209/803 1065/3210/803 1069/3211/803 1071/3212/803
f 1072/3213/804 1070/3214/804 1066/3215/804 1068/3216/804
f 1076/3217/805 1074/3218/805 1073/3219/805 1075/3220/805
f 1079/3221/806 1077/3222/806 1078/3223/806 1080/3224/806
f 1073/3225/807 1074/3226/807 1078/3227/807 1077/3228/807
f 1076/3229/808 1075/3230/808 1079/3231/808 1080/3232/808
f 1075/3233/809 1073/3234/809 1077/3235/809 1079/3236/809
f 1080/3237/810 1078/3238/810 1074/3239/810 1076/3240/810
f 1084/3241/811 1082/3242/811 1081/3243/811 1083/3244/811
f 1087/3245/812 1085/3246/812 1086/3247/812 1088/3248/812
f 1081/3249/813 1082/3250/813 1086/3251/813 1085/3252/813
f 1084/3253/814 1083/3254/814 1087/3255/814 1088/3256/814
f 1083/3257/815 1081/3258/815 1085/3259/815 1087/3260/815
f 1088/3261/816 1086/3262/816 1082/3263/816 1084/3264/816
f 1092/3265/817 1090/3266/817 1089/3267/817 1091/3268/817
f 1095/3269/818 1093/3270/818 1094/3271/818 1096/3272/818
f 1089/3273/819 1090/3274/819 1094/3275/819 1093/3276/819
f 1092/3277/820 1091/3278/820 1095/3279/820 1096/3280/820
f 1091/3281/821 1089/3282/821 1093/3283/821 1095/3284/821
f 1096/3285/822 1094/3286/822 1090/3287/822 1092/3288/822
f 1100/3289/823 1098/3290/823 1097/3291/823 1099/3292/823
f 1103/3293/824 1101/3294/824 1102/3295/824 1104/3296/824
f 1097/3297/825 1098/3298/825 1102/3299/825 1101/3300/825
f 1100/3301/826 1099/3302/826 1103/3303/826 1104/3304/826
f 1099/3305/827 1097/3306/827 1101/3307/827 1103/3308/827
f 1104/3309/828 1102/3310/828 1098/3311/828 1100/3312/828
f 1108/3313/829 1106/3314/829 1105/3315/829 1107/3316/829
f 1111/3317/830 1109/3318/830 1110/3319/830 1112/3320/830
f 1105/3321/831 1106/3322/831 1110/3323/831 1109/3324/831
f 1108/3325/832 1107/3326/832 1111/3327/832 1112/3328/832
f 1107/3329/833 1105/3330/833 1109/3331/833 1111/3332/833
f 1112/3333/834 1110/3334/834 1106/3335/834 1108/3336/834
f 1116/3337/835 1114/3338/835 1113/3339/835 1115/3340/835
f 1119/3341/836 1117/3342/836 1118/3343/836 1120/3344/836
f 1113/3345/837 1114/3346/837 1118/3347/837 1117/3348/837
f 1116/3349/838 1115/3350/838 1119/3351/838 1120/3352/838
f 1115/3353/839 1113/3354/839 1117/3355/839 1119/3356/839
f 1120/3357/840 1118/3358/840 1114/3359/840 1116/3360/840
