# Made in Blockbench 5.0.7
mtllib gpnvg_h.mtl

o gpnvh_h
v 0.270401 1.851635 -0.372965
v 0.125 2.209224 -0.597455
v 0.255648 1.891311 -0.383205
v 0.281029 2.014982 -0.330832
v 0.279234 1.894723 -0.390759
v 0.305874 1.983124 -0.267644
v 0.30408 1.862865 -0.327571
v 0.282288 1.979712 -0.26009
v 0.280494 1.859453 -0.320017
v 0.257443 2.01157 -0.323279
v -0.084524 2.209057 0.236997
v -0.23705 2.100646 0.123708
v -0.084524 2.209057 0.236997
v -0.090504 2.203533 0.250333
v -0.090504 2.203533 0.250333
v -0.243029 2.095121 0.137044
v -0.243029 2.095121 0.137044
v -0.23705 2.100646 0.123708
v 0.29375 1.825 -0.2
v 0.36875 1.9375 -0.2
v 0.36875 1.825 -0.2
v 0.36875 1.9375 0.1625
v 0.36875 1.825 0.1625
v 0.29375 1.9375 0.1625
v 0.29375 1.825 0.1625
v 0.29375 1.9375 -0.2
v 0.358264 1.792683 -0.282671
v 0.28646 1.884046 -0.31765
v 0.355043 1.884381 -0.322434
v 0.363164 1.936736 -0.202353
v 0.366385 1.845038 -0.16259
v 0.294581 1.936402 -0.197569
v 0.297802 1.844704 -0.157806
v 0.289681 1.792348 -0.277887
v 0.366571 1.857261 0.065407
v 0.306492 1.938953 0.161574
v 0.366571 1.924424 0.17083
v 0.294216 1.71161 0.306408
v 0.294216 1.644447 0.200984
v 0.234137 1.658977 0.191728
v 0.234137 1.726139 0.297152
v 0.306492 1.871791 0.05615
v 0.327288 1.822567 0.139353
v 0.292455 1.905391 0.193328
v 0.337071 1.892938 0.200518
v 0.283886 1.781398 0.337354
v 0.274103 1.711026 0.276189
v 0.239271 1.79385 0.330164
v 0.229488 1.723478 0.268999
v 0.282673 1.835019 0.132162
v -0.36875 1.825 -0.2
v -0.2875 1.9375 -0.2
v -0.2875 1.825 -0.2
v -0.2875 1.9375 0.1625
v -0.2875 1.825 0.1625
v -0.36875 1.9375 0.1625
v -0.36875 1.825 0.1625
v -0.36875 1.9375 -0.2
v -0.234114 1.723619 0.293347
v -0.288185 1.64338 0.196254
v -0.234114 1.656457 0.187923
v -0.306469 1.869271 0.052346
v -0.306469 1.936433 0.15777
v -0.36054 1.923357 0.1661
v -0.36054 1.856194 0.060676
v -0.288185 1.710543 0.301678
v -0.358264 1.792683 -0.282671
v -0.28646 1.884046 -0.31765
v -0.289681 1.792348 -0.277887
v -0.294581 1.936402 -0.197569
v -0.297802 1.844704 -0.157806
v -0.366385 1.845038 -0.16259
v -0.363164 1.936736 -0.202353
v -0.355043 1.884381 -0.322434
v -0.327288 1.822567 0.139353
v -0.292455 1.905391 0.193328
v -0.282673 1.835019 0.132162
v -0.239271 1.79385 0.330164
v -0.229488 1.723478 0.268999
v -0.274103 1.711026 0.276189
v -0.283886 1.781398 0.337354
v -0.337071 1.892938 0.200518
v -0.279455 1.838677 -0.321639
v -0.30425 1.866941 -0.320107
v -0.279831 1.865966 -0.314841
v -0.298541 1.845062 -0.23196
v -0.298165 1.817774 -0.238758
v -0.322585 1.81875 -0.244024
v -0.32296 1.846038 -0.237227
v -0.303875 1.839653 -0.326905
v -0.255648 1.855422 -0.387544
v -0.279777 1.896535 -0.385839
v -0.256191 1.894839 -0.377726
v -0.281036 1.877412 -0.30914
v -0.280494 1.837995 -0.318959
v -0.304622 1.879108 -0.317253
v -0.30408 1.839692 -0.327072
v -0.279234 1.857118 -0.395658
v 0.010295 1.880848 -0.47473
v 0.000686 1.943998 -0.483107
v 0.009502 1.938458 -0.460379
v -0.270401 1.851635 -0.372965
v -0.271194 1.909245 -0.358615
v -0.280011 1.914785 -0.381343
v -0.279218 1.857175 -0.395693
v 0.001479 1.886389 -0.497458
v -0.010295 1.880848 -0.47473
v -0.000686 1.943998 -0.483107
v -0.001479 1.886389 -0.497458
v 0.280011 1.914785 -0.381343
v 0.279218 1.857175 -0.395693
v 0.271194 1.909245 -0.358615
v -0.009502 1.938458 -0.460379
v 0.255648 1.855422 -0.387544
v 0.279777 1.896535 -0.385839
v 0.279234 1.857118 -0.395658
v 0.304622 1.879108 -0.317253
v 0.30408 1.839692 -0.327072
v 0.280494 1.837995 -0.318959
v 0.281036 1.877412 -0.30914
v 0.256191 1.894839 -0.377726
v 0.279455 1.838677 -0.321639
v 0.30425 1.866941 -0.320107
v 0.303875 1.839653 -0.326905
v 0.32296 1.846038 -0.237227
v 0.322585 1.81875 -0.244024
v 0.298541 1.845062 -0.23196
v 0.298165 1.817774 -0.238758
v 0.279831 1.865966 -0.314841
v -0.018944 1.92974 -0.45313
v -0.029555 2.060327 -0.414193
v -0.020738 2.049999 -0.393203
v -0.272196 2.004717 -0.309864
v -0.270401 1.884458 -0.369791
v -0.279218 1.894787 -0.390781
v -0.281012 2.015046 -0.330855
v -0.02776 1.940068 -0.47412
v -0.255648 1.891311 -0.383205
v -0.281029 2.014982 -0.330832
v -0.257443 2.01157 -0.323279
v -0.282288 1.979712 -0.26009
v -0.280494 1.859453 -0.320017
v -0.30408 1.862865 -0.327571
v -0.305874 1.983124 -0.267644
v -0.279234 1.894723 -0.390759
v -0.303875 1.862791 -0.327416
v -0.281083 1.96977 -0.268134
v -0.279455 1.860698 -0.322486
v -0.299793 1.931424 -0.191742
v -0.298165 1.822352 -0.246094
v -0.322585 1.824445 -0.251024
v -0.324212 1.933517 -0.196672
v -0.305502 1.971863 -0.273064
v 0.018944 1.92974 -0.45313
v 0.029555 2.060327 -0.414193
v 0.02776 1.940068 -0.47412
v 0.279218 1.894787 -0.390781
v 0.281012 2.015046 -0.330855
v 0.272196 2.004717 -0.309864
v 0.270401 1.884458 -0.369791
v 0.020738 2.049999 -0.393203
v -0.270679 2.017324 0.338461
v -0.241978 2.03954 0.130934
v -0.241978 1.954783 0.308631
v 0.029412 2.056245 0.357026
v 0.029412 2.141002 0.179329
v 0.00071 2.118786 0.386856
v 0.00071 2.203543 0.20916
v -0.270679 2.102081 0.160765
v 0.303875 1.862791 -0.327416
v 0.281083 1.96977 -0.268134
v 0.305502 1.971863 -0.273064
v 0.324212 1.933517 -0.196672
v 0.322585 1.824445 -0.251024
v 0.299793 1.931424 -0.191742
v 0.298165 1.822352 -0.246094
v 0.279455 1.860698 -0.322486
v 0.04375 2.029507 -0.386343
v 0.04375 2.123823 -0.374608
v 0.04375 2.099043 -0.338553
v -0.04375 2.099043 -0.338553
v -0.04375 2.029507 -0.386343
v -0.04375 2.123823 -0.374608
v -0.04375 2.054287 -0.422399
v 0.04375 2.054287 -0.422399
v -0.055616 2.050327 -0.428975
v -0.116505 2.016651 -0.356273
v -0.035757 2.034299 -0.393439
v -0.115811 1.937038 -0.39257
v -0.035064 1.954686 -0.429736
v -0.135671 1.953066 -0.428106
v -0.054923 1.970714 -0.465272
v -0.136364 2.03268 -0.391809
v 0.035757 2.034299 -0.393439
v 0.136364 2.03268 -0.391809
v 0.055616 2.050327 -0.428975
v 0.135671 1.953066 -0.428106
v 0.054923 1.970714 -0.465272
v 0.035064 1.954686 -0.429736
v 0.115811 1.937038 -0.39257
v 0.116505 2.016651 -0.356273
v 0.089199 2.051336 -0.414188
v -0.087578 2.051336 -0.414188
v 0.00081 2.129737 -0.373375
v 0.00081 2.10665 -0.329024
v 0.089199 2.028248 -0.369837
v -0.087578 2.028248 -0.369837
v 0.00081 1.949847 -0.410651
v 0.00081 1.972934 -0.455001
v 0.04375 1.941023 -0.488086
v 0.04375 1.937225 -0.426648
v 0.04375 1.91505 -0.438192
v -0.04375 1.937225 -0.426648
v -0.04375 1.91505 -0.438192
v -0.04375 1.963198 -0.476543
v -0.04375 1.941023 -0.488086
v 0.04375 1.963198 -0.476543
v 0.120135 2.015348 -0.442391
v -0.008028 2.015348 -0.442391
v 0.056053 2.072189 -0.412801
v 0.056053 2.05776 -0.385082
v 0.120135 2.000918 -0.414672
v -0.008028 2.000918 -0.414672
v 0.056053 1.944077 -0.444261
v 0.056053 1.958507 -0.47198
v 0.056948 1.972836 -0.492706
v -0.055552 2.072625 -0.440759
v 0.056948 2.072625 -0.440759
v -0.055552 2.046652 -0.390865
v 0.056948 2.046652 -0.390865
v -0.055552 1.946863 -0.442811
v 0.056948 1.946863 -0.442811
v -0.055552 1.972836 -0.492706
v 0.007635 2.015348 -0.442391
v -0.120528 2.015348 -0.442391
v -0.056447 2.072189 -0.412801
v -0.056447 2.05776 -0.385082
v 0.007635 2.000918 -0.414672
v -0.120528 2.000918 -0.414672
v -0.056447 1.944077 -0.444261
v -0.056447 1.958507 -0.47198
v -0.268519 1.878317 0.1625
v -0.284221 2.096256 0.1625
v -0.329538 1.891844 0.1625
v -0.284221 2.096256 -0.1625
v -0.329538 1.891844 -0.1625
v -0.268519 1.878317 -0.1625
v -0.223202 2.082729 -0.1625
v -0.223202 2.082729 0.1625
v -0.255983 1.846776 0.256302
v -0.278725 2.021269 0.332412
v -0.317066 1.858681 0.262077
v -0.318749 1.933457 0.090141
v -0.280408 2.096044 0.160475
v -0.257666 1.921551 0.084366
v -0.219325 2.084138 0.1547
v -0.217642 2.009363 0.326636
v -0.263615 1.896322 -0.073452
v -0.280408 2.096044 -0.160476
v -0.324698 1.908228 -0.079227
v -0.278725 2.021269 -0.332412
v -0.323016 1.833452 -0.251164
v -0.261933 1.821546 -0.245388
v -0.217642 2.009363 -0.326636
v -0.219325 2.084138 -0.1547
v 0.268519 1.878317 0.1625
v 0.284221 2.096256 0.1625
v 0.223202 2.082729 0.1625
v 0.223202 2.082729 -0.16875
v 0.268519 1.878317 -0.16875
v 0.284221 2.096256 -0.16875
v 0.329538 1.891844 -0.16875
v 0.329538 1.891844 0.1625
v 0.263615 1.896322 -0.073452
v 0.280408 2.096044 -0.160476
v 0.219325 2.084138 -0.1547
v 0.261933 1.821546 -0.245388
v 0.217642 2.009363 -0.326636
v 0.278725 2.021269 -0.332412
v 0.323016 1.833452 -0.251164
v 0.324698 1.908228 -0.079227
v 0.255983 1.846776 0.256302
v 0.278725 2.021269 0.332412
v 0.217642 2.009363 0.326636
v 0.219325 2.084138 0.1547
v 0.257666 1.921551 0.084366
v 0.280408 2.096044 0.160475
v 0.318749 1.933457 0.090141
v 0.317066 1.858681 0.262077
v 0.00071 2.121477 -0.381215
v 0.029412 2.141002 -0.17933
v 0.029412 2.058936 -0.351385
v -0.241978 2.03954 -0.130934
v -0.241978 1.957474 -0.30299
v -0.270679 2.020015 -0.33282
v -0.270679 2.102081 -0.160765
v 0.00071 2.203543 -0.20916
v 0.00071 2.212562 -0.162008
v 0.029412 2.143271 0.153617
v 0.029412 2.143271 -0.162008
v -0.241978 2.030858 0.153617
v -0.241978 2.030858 -0.162008
v -0.270679 2.100149 0.153617
v -0.270679 2.100149 -0.162008
v 0.00071 2.212562 0.153617
v -0.029412 2.143271 -0.162008
v -0.00071 2.212562 0.153617
v -0.00071 2.212562 -0.162008
v 0.270679 2.100149 0.153617
v 0.270679 2.100149 -0.162008
v 0.241978 2.030858 0.153617
v 0.241978 2.030858 -0.162008
v -0.029412 2.143271 0.153617
v -0.00071 2.121477 -0.381215
v -0.029412 2.141002 -0.17933
v -0.00071 2.203543 -0.20916
v 0.270679 2.102081 -0.160765
v 0.270679 2.020015 -0.33282
v 0.241978 2.03954 -0.130934
v 0.241978 1.957474 -0.30299
v -0.029412 2.058936 -0.351385
v -0.0625 2.065727 0.393784
v 0.0625 2.182359 0.137857
v 0.0625 2.065727 0.393784
v 0.0625 2.122599 0.419702
v 0.0625 2.239232 0.163775
v -0.0625 2.239232 0.163775
v -0.0625 2.122599 0.419702
v -0.0625 2.182359 0.137857
v 0.270679 2.017324 0.338461
v 0.241978 2.03954 0.130934
v 0.270679 2.102081 0.160765
v -0.00071 2.203543 0.20916
v -0.00071 2.118786 0.386856
v -0.029412 2.141002 0.179329
v -0.029412 2.056245 0.357026
v 0.241978 1.954783 0.308631
v -0.282228 1.807772 0.304977
v -0.253526 2.001762 0.245758
v -0.253526 1.811398 0.235781
v 0.029412 1.995628 0.362794
v 0.029412 1.805264 0.352818
v 0.00071 1.801638 0.422014
v 0.00071 1.992002 0.43199
v -0.282228 1.998135 0.314954
v 0.282228 1.807772 0.304977
v 0.253526 2.001762 0.245758
v 0.282228 1.998135 0.314954
v -0.00071 1.801638 0.422014
v -0.00071 1.992002 0.43199
v -0.029412 1.995628 0.362794
v -0.029412 1.805264 0.352818
v 0.253526 1.811398 0.235781
v -0.240746 1.678644 0.243543
v -0.310868 1.894139 0.284314
v -0.299708 1.898694 0.255482
v -0.041653 1.961878 0.365353
v 0.017309 1.741829 0.353414
v -0.052813 1.957324 0.394185
v 0.006149 1.737274 0.382246
v -0.251906 1.674089 0.272375
v 0.240746 1.678644 0.243543
v 0.310868 1.894139 0.284314
v 0.251906 1.674089 0.272375
v 0.047203 1.958697 0.396573
v -0.011759 1.738647 0.384634
v -0.022919 1.743202 0.355803
v 0.036043 1.963252 0.367742
v 0.299708 1.898694 0.255482
v 0.029412 2.127005 -0.208055
v 0.00071 2.209538 -0.118672
v 0.029412 2.140922 -0.109028
v -0.036992 2.099767 -0.204227
v -0.036992 2.113684 -0.1052
v -0.065693 2.182301 -0.114844
v -0.065693 2.168384 -0.21387
v 0.00071 2.195621 -0.217698
v -0.029412 2.127005 -0.208055
v -0.00071 2.209538 -0.118672
v -0.00071 2.195621 -0.217698
v 0.065693 2.168384 -0.21387
v 0.065693 2.182301 -0.114844
v 0.036992 2.099767 -0.204227
v 0.036992 2.113684 -0.1052
v -0.029412 2.140922 -0.109028
v 0.0378 2.10074 -0.194897
v 0.066501 2.179795 -0.13027
v 0.066501 2.169357 -0.20454
v 0.164664 2.13953 -0.124611
v 0.164664 2.129092 -0.198881
v 0.135962 2.060476 -0.189238
v 0.135962 2.070914 -0.114968
v 0.0378 2.111178 -0.120627
v 0.135962 2.062215 -0.176859
v 0.164664 2.136051 -0.149368
v 0.164664 2.130832 -0.186503
v 0.2686 2.088199 -0.180511
v 0.2686 2.093418 -0.143376
v 0.239899 2.019583 -0.170868
v 0.239899 2.024801 -0.133733
v 0.135962 2.067434 -0.139724
v -0.164664 2.130832 -0.186503
v -0.135962 2.067434 -0.139724
v -0.135962 2.062215 -0.176859
v -0.239899 2.024801 -0.133733
v -0.239899 2.019583 -0.170868
v -0.2686 2.093418 -0.143376
v -0.2686 2.088199 -0.180511
v -0.164664 2.136051 -0.149368
v -0.0378 2.10074 -0.194897
v -0.066501 2.179795 -0.13027
v -0.0378 2.111178 -0.120627
v -0.135962 2.070914 -0.114968
v -0.135962 2.060476 -0.189238
v -0.164664 2.13953 -0.124611
v -0.164664 2.129092 -0.198881
v -0.066501 2.169357 -0.20454
v -0.036992 2.099767 0.204227
v -0.065693 2.182301 0.114843
v -0.036992 2.113684 0.1052
v 0.029412 2.140922 0.109028
v 0.029412 2.127005 0.208055
v 0.00071 2.209538 0.118671
v 0.00071 2.195621 0.217698
v -0.065693 2.168384 0.21387
v 0.036992 2.099767 0.204227
v 0.065693 2.182301 0.114843
v 0.065693 2.168384 0.21387
v -0.00071 2.209538 0.118671
v -0.00071 2.195621 0.217698
v -0.029412 2.127005 0.208055
v -0.029412 2.140922 0.109028
v 0.036992 2.113684 0.1052
v 0.135962 2.060476 0.189238
v 0.164664 2.13953 0.124611
v 0.164664 2.129092 0.198881
v 0.066501 2.179795 0.13027
v 0.066501 2.169357 0.20454
v 0.0378 2.10074 0.194896
v 0.0378 2.111178 0.120626
v 0.135962 2.070914 0.114967
v 0.239899 2.019583 0.170868
v 0.2686 2.093418 0.143376
v 0.2686 2.088199 0.180511
v 0.164664 2.136051 0.149368
v 0.164664 2.130832 0.186503
v 0.135962 2.067434 0.139724
v 0.135962 2.062215 0.176859
v 0.239899 2.024801 0.133732
v -0.239899 2.019583 0.170868
v -0.2686 2.093418 0.143376
v -0.239899 2.024801 0.133732
v -0.135962 2.067434 0.139724
v -0.135962 2.062215 0.176859
v -0.164664 2.136051 0.149368
v -0.164664 2.130832 0.186503
v -0.2686 2.088199 0.180511
v -0.135962 2.060476 0.189238
v -0.164664 2.13953 0.124611
v -0.135962 2.070914 0.114967
v -0.0378 2.111178 0.120626
v -0.0378 2.10074 0.194896
v -0.066501 2.179795 0.13027
v -0.066501 2.169357 0.20454
v -0.164664 2.129092 0.198881
v -0.011603 2.018734 -0.353501
v 0.006246 2.091817 -0.379353
v 0.006246 2.04043 -0.402232
v 0.160348 2.019458 -0.355128
v 0.160348 2.070845 -0.332249
v 0.1425 2.049148 -0.283518
v 0.1425 1.997761 -0.306397
v -0.011603 2.070121 -0.330622
v -0.006246 2.04043 -0.402232
v 0.011603 2.070121 -0.330622
v 0.011603 2.018734 -0.353501
v -0.1425 2.049148 -0.283518
v -0.1425 1.997761 -0.306397
v -0.160348 2.019458 -0.355128
v -0.160348 2.070845 -0.332249
v -0.006246 2.091817 -0.379353
v -0.160348 2.019458 -0.355128
v -0.1425 2.02631 -0.293686
v -0.1425 1.997761 -0.306397
v -0.225478 2.015017 -0.268322
v -0.225478 1.986469 -0.281033
v -0.243327 2.008165 -0.329764
v -0.243327 2.036714 -0.317054
v -0.160348 2.048007 -0.342418
v 0.1425 1.997761 -0.306397
v 0.160348 2.048007 -0.342418
v 0.160348 2.019458 -0.355128
v 0.243327 2.036714 -0.317054
v 0.243327 2.008165 -0.329764
v 0.225478 2.015017 -0.268322
v 0.225478 1.986469 -0.281033
v 0.1425 2.02631 -0.293686
v 0.065693 1.98303 0.401847
v 0.036992 2.07773 0.294804
v 0.065693 2.10086 0.360121
v -0.00071 2.110042 0.386048
v -0.00071 1.992212 0.427774
v -0.029412 2.086912 0.320732
v -0.029412 1.969082 0.362458
v 0.036992 1.9599 0.33653
v 0.164664 1.978183 0.360074
v 0.135962 2.049317 0.261377
v 0.164664 2.072447 0.326693
v 0.066501 2.08602 0.365021
v 0.066501 1.991756 0.398402
v 0.0378 1.968626 0.333085
v 0.0378 2.06289 0.299704
v 0.135962 1.955053 0.294757
v 0.234125 1.947372 0.254343
v 0.262826 2.035309 0.29671
v 0.262826 1.970502 0.31966
v 0.164664 2.048881 0.335038
v 0.164664 1.984075 0.357987
v 0.135962 1.960945 0.292671
v 0.135962 2.025751 0.269722
v 0.234125 2.012179 0.231394
v -0.036992 1.9599 0.33653
v -0.065693 2.10086 0.360121
v -0.036992 2.07773 0.294804
v 0.029412 2.086912 0.320732
v 0.029412 1.969082 0.362458
v 0.00071 1.992212 0.427774
v 0.00071 2.110042 0.386048
v -0.065693 1.98303 0.401847
v -0.164664 1.978183 0.360074
v -0.135962 2.049317 0.261377
v -0.135962 1.955053 0.294757
v -0.0378 1.968626 0.333085
v -0.0378 2.06289 0.299704
v -0.066501 2.08602 0.365021
v -0.066501 1.991756 0.398402
v -0.164664 2.072447 0.326693
v -0.262826 1.970502 0.31966
v -0.234125 2.012179 0.231394
v -0.234125 1.947372 0.254343
v -0.135962 1.960945 0.292671
v -0.135962 2.025751 0.269722
v -0.164664 2.048881 0.335038
v -0.164664 1.984075 0.357987
v -0.262826 2.035309 0.29671
v 0.065693 1.98303 0.401847
v 0.036992 2.07773 0.294804
v 0.065693 2.10086 0.360121
v -0.00071 2.110042 0.386048
v -0.00071 1.992212 0.427774
v -0.029412 2.086912 0.320732
v -0.029412 1.969082 0.362458
v 0.036992 1.9599 0.33653
v 0.347843 1.895903 -0.1
v 0.236068 2.053572 -0.1
v 0.30929 2.069805 -0.1
v 0.30929 2.069805 0.1
v 0.347843 1.895903 0.1
v 0.236068 2.053572 0.1
v 0.274621 1.87967 0.1
v 0.274621 1.87967 -0.1
v 0.288206 2.089039 -0.1
v -0.001002 2.215598 -0.1
v 0.290598 2.094813 -0.1
v -0.001002 2.215598 0.1
v 0.290598 2.094813 0.1
v 0.288206 2.089039 0.1
v -0.003393 2.209824 0.1
v -0.003393 2.209824 -0.1
v 0.292914 2.063904 -0.1
v 0.290919 2.092645 -0.1
v 0.298907 2.065679 -0.1
v 0.290919 2.092645 0.1
v 0.298907 2.065679 0.1
v 0.292914 2.063904 0.1
v 0.284926 2.09087 0.1
v 0.284926 2.09087 -0.1
v -0.347843 1.895903 -0.1
v -0.236068 2.053572 -0.1
v -0.274621 1.87967 -0.1
v -0.236068 2.053572 0.1
v -0.274621 1.87967 0.1
v -0.347843 1.895903 0.1
v -0.30929 2.069805 0.1
v -0.30929 2.069805 -0.1
v -0.288206 2.089039 -0.1
v 0.001002 2.215598 -0.1
v 0.003393 2.209824 -0.1
v 0.003393 2.209824 0.1
v -0.288206 2.089039 0.1
v 0.001002 2.215598 0.1
v -0.290598 2.094813 0.1
v -0.290598 2.094813 -0.1
v -0.292914 2.063904 -0.1
v -0.290919 2.092645 -0.1
v -0.284926 2.09087 -0.1
v -0.284926 2.09087 0.1
v -0.292914 2.063904 0.1
v -0.290919 2.092645 0.1
v -0.298907 2.065679 0.1
v -0.298907 2.065679 -0.1
v -0.341741 1.89455 -0.1
v -0.229966 2.05222 -0.1
v -0.268519 1.878317 -0.1
v -0.229966 2.05222 0.1
v -0.268519 1.878317 0.1
v -0.303188 2.068453 0.1
v -0.341741 1.89455 0.1
v -0.303188 2.068453 -0.1
v -0.04375 1.917841 -0.450867
v 0.034375 2.0416 -0.417706
v 0.034375 1.917841 -0.450867
v 0.034375 2.017336 -0.327151
v 0.034375 1.893577 -0.360312
v -0.04375 2.017336 -0.327151
v -0.04375 1.893577 -0.360312
v -0.04375 2.0416 -0.417706
v 0.270401 1.903317 -0.36131
v 0.183788 2.021348 -0.364788
v 0.270401 2.011459 -0.330301
v 0.234525 1.879443 -0.278051
v 0.234525 1.987585 -0.247042
v 0.147911 1.997474 -0.281529
v 0.147911 1.889332 -0.312538
v 0.183788 1.913206 -0.395797
v -0.270401 1.888297 -0.365617
v -0.183788 2.021348 -0.364788
v -0.183788 1.898186 -0.400104
v -0.147911 1.997474 -0.281529
v -0.147911 1.874312 -0.316845
v -0.234525 1.864423 -0.282358
v -0.234525 1.987585 -0.247042
v -0.270401 2.011459 -0.330301
v 0.107081 1.854631 0.242394
v 0.222566 1.979627 0.156789
v 0.222566 1.841445 0.196412
v 0.270401 2.011459 0.2678
v 0.270401 1.873277 0.307423
v 0.154916 1.886463 0.353406
v 0.154916 2.024644 0.313783
v 0.107081 1.992812 0.202772
v -0.059375 1.864359 0.273288
v 0.065625 2.009248 0.234465
v 0.065625 1.864359 0.273288
v 0.065625 2.0416 0.355206
v 0.065625 1.896711 0.394029
v -0.059375 2.0416 0.355206
v -0.059375 1.896711 0.394029
v -0.059375 2.009248 0.234465
v -0.107081 1.854631 0.242394
v -0.222566 1.979627 0.156789
v -0.107081 1.992812 0.202772
v -0.154916 1.886463 0.353406
v -0.154916 2.024644 0.313783
v -0.270401 1.873277 0.307423
v -0.270401 2.011459 0.2678
v -0.222566 1.841445 0.196412
v -0.059375 1.968974 -0.175105
v 0.065625 2.118974 -0.175105
v 0.065625 1.968974 -0.175105
v 0.065625 2.118974 0.199895
v 0.065625 1.968974 0.199895
v -0.059375 2.118974 0.199895
v -0.059375 1.968974 0.199895
v -0.059375 2.118974 -0.175105
v 0.08125 1.968974 -0.175105
v 0.14375 2.118974 -0.175105
v 0.14375 1.968974 -0.175105
v 0.14375 2.118974 0.199895
v 0.14375 1.968974 0.199895
v 0.08125 2.118974 0.199895
v 0.08125 1.968974 0.199895
v 0.08125 2.118974 -0.175105
v -0.1375 1.968974 -0.175105
v -0.075 2.118974 -0.175105
v -0.075 1.968974 -0.175105
v -0.075 2.118974 0.199895
v -0.075 1.968974 0.199895
v -0.1375 2.118974 0.199895
v -0.1375 1.968974 0.199895
v -0.1375 2.118974 -0.175105
v -0.068303 1.908367 -0.446947
v -0.154916 2.00662 -0.381451
v -0.068303 2.016509 -0.415938
v -0.032426 1.992635 -0.33268
v -0.032426 1.884493 -0.363689
v -0.11904 1.982746 -0.298193
v -0.11904 1.874604 -0.329202
v -0.154916 1.898478 -0.412461
v 0.068303 1.908367 -0.446947
v 0.154916 2.00662 -0.381451
v 0.154916 1.898478 -0.412461
v 0.11904 1.874604 -0.329202
v 0.11904 1.982746 -0.298193
v 0.032426 1.884493 -0.363689
v 0.032426 1.992635 -0.33268
v 0.068303 2.016509 -0.415938
v 0.3 1.783931 0.318972
v 0.26875 1.806028 0.296875
v 0.26875 1.783931 0.318972
v 0.26875 1.761834 0.296875
v 0.26875 1.783931 0.274778
v 0.3 1.783931 0.274778
v 0.3 1.761834 0.296875
v 0.3 1.806028 0.296875
v -0.26875 1.783931 0.318972
v -0.3 1.806028 0.296875
v -0.3 1.783931 0.318972
v -0.3 1.761834 0.296875
v -0.3 1.783931 0.274778
v -0.26875 1.783931 0.274778
v -0.26875 1.761834 0.296875
v -0.26875 1.806028 0.296875
v -0.346875 1.877681 -0.215403
v -0.378125 1.899778 -0.2375
v -0.378125 1.877681 -0.215403
v -0.378125 1.855584 -0.2375
v -0.378125 1.877681 -0.259597
v -0.346875 1.877681 -0.259597
v -0.346875 1.855584 -0.2375
v -0.346875 1.899778 -0.2375
v 0.378125 1.877681 -0.215403
v 0.346875 1.899778 -0.2375
v 0.346875 1.877681 -0.215403
v 0.346875 1.855584 -0.2375
v 0.346875 1.877681 -0.259597
v 0.378125 1.877681 -0.259597
v 0.378125 1.855584 -0.2375
v 0.378125 1.899778 -0.2375
v 0.022097 2.118279 -0.389488
v 0 2.111807 -0.351766
v 0.022097 2.096182 -0.367391
v -0.022097 2.096182 -0.367391
v 0 2.080557 -0.383016
v 0 2.102654 -0.405113
v -0.022097 2.118279 -0.389488
v 0 2.133904 -0.373863
v -0.141139 2.009199 -0.434831
v -0.106901 2.020598 -0.409316
v -0.120656 2.0328 -0.434584
v -0.121959 1.992746 -0.453216
v -0.101477 2.016347 -0.45297
v -0.108204 1.980545 -0.427948
v -0.087722 2.004145 -0.427701
v -0.127384 1.996998 -0.409563
v 0.141139 2.009199 -0.434831
v 0.106901 2.020598 -0.409316
v 0.127384 1.996998 -0.409563
v 0.087722 2.004145 -0.427701
v 0.108204 1.980545 -0.427948
v 0.101477 2.016347 -0.45297
v 0.121959 1.992746 -0.453216
v 0.120656 2.0328 -0.434584
v 0.302086 1.581578 -0.125
v 0.25426 1.790971 -0.125
v 0.285414 1.793422 -0.125
v 0.285414 1.793422 0.1
v 0.302086 1.581578 0.1
v 0.25426 1.790971 0.1
v 0.270933 1.579126 0.1
v 0.270933 1.579126 -0.125
v 0.355266 1.568209 -0.1
v 0.282123 1.781355 -0.1
v 0.35712 1.780701 -0.1
v 0.35712 1.780701 0.075
v 0.355266 1.568209 0.075
v 0.282123 1.781355 0.075
v 0.280269 1.568863 0.075
v 0.280269 1.568863 -0.1
v 0.278713 1.758062 -0.096875
v 0.345449 1.817678 -0.096875
v 0.356412 1.781817 -0.096875
v 0.345449 1.817678 0.071875
v 0.356412 1.781817 0.071875
v 0.278713 1.758062 0.071875
v 0.267749 1.793923 0.071875
v 0.267749 1.793923 -0.096875
v 0.296737 1.609399 -0.084375
v 0.385691 1.667167 -0.084375
v 0.370098 1.593806 -0.084375
v 0.385691 1.667167 0.059375
v 0.370098 1.593806 0.059375
v 0.296737 1.609399 0.059375
v 0.31233 1.68276 0.059375
v 0.31233 1.68276 -0.084375
v 0.312322 1.707045 -0.078125
v 0.387079 1.669062 -0.078125
v 0.356934 1.646756 -0.078125
v 0.387079 1.669062 0.053125
v 0.356934 1.646756 0.053125
v 0.342467 1.729351 0.053125
v 0.312322 1.707045 0.053125
v 0.342467 1.729351 -0.078125
v 0.302577 1.575347 -0.13125
v 0.316077 1.802105 -0.13125
v 0.33373 1.577799 -0.13125
v 0.316077 1.802105 0.10625
v 0.33373 1.577799 0.10625
v 0.302577 1.575347 0.10625
v 0.284923 1.799653 0.10625
v 0.284923 1.799653 -0.13125
v -0.302086 1.581578 -0.125
v -0.25426 1.790971 -0.125
v -0.270933 1.579126 -0.125
v -0.25426 1.790971 0.1
v -0.270933 1.579126 0.1
v -0.302086 1.581578 0.1
v -0.285414 1.793422 0.1
v -0.285414 1.793422 -0.125
v -0.355266 1.568209 -0.1
v -0.282123 1.781355 -0.1
v -0.280269 1.568863 -0.1
v -0.282123 1.781355 0.075
v -0.280269 1.568863 0.075
v -0.355266 1.568209 0.075
v -0.35712 1.780701 0.075
v -0.35712 1.780701 -0.1
v -0.278713 1.758062 -0.096875
v -0.345449 1.817678 -0.096875
v -0.267749 1.793923 -0.096875
v -0.267749 1.793923 0.071875
v -0.278713 1.758062 0.071875
v -0.345449 1.817678 0.071875
v -0.356412 1.781817 0.071875
v -0.356412 1.781817 -0.096875
v -0.302577 1.575347 -0.13125
v -0.316077 1.802105 -0.13125
v -0.284923 1.799653 -0.13125
v -0.284923 1.799653 0.10625
v -0.302577 1.575347 0.10625
v -0.316077 1.802105 0.10625
v -0.33373 1.577799 0.10625
v -0.33373 1.577799 -0.13125
v -0.296737 1.609399 -0.084375
v -0.385691 1.667167 -0.084375
v -0.31233 1.68276 -0.084375
v -0.31233 1.68276 0.059375
v -0.296737 1.609399 0.059375
v -0.385691 1.667167 0.059375
v -0.370098 1.593806 0.059375
v -0.370098 1.593806 -0.084375
v -0.356934 1.646756 -0.078125
v -0.342467 1.729351 -0.078125
v -0.312322 1.707045 -0.078125
v -0.342467 1.729351 0.053125
v -0.312322 1.707045 0.053125
v -0.387079 1.669062 0.053125
v -0.356934 1.646756 0.053125
v -0.387079 1.669062 -0.078125
v 0.05625 1.910674 -0.580093
v 0.06875 2.009843 -0.503998
v 0.06875 1.910674 -0.580093
v 0.06875 1.9756 -0.459371
v 0.06875 1.876431 -0.535466
v 0.05625 1.9756 -0.459371
v 0.05625 1.876431 -0.535466
v 0.05625 2.009843 -0.503998
v -0.06875 1.910674 -0.580093
v -0.05625 2.009843 -0.503998
v -0.05625 1.910674 -0.580093
v -0.05625 1.9756 -0.459371
v -0.05625 1.876431 -0.535466
v -0.06875 1.9756 -0.459371
v -0.06875 1.876431 -0.535466
v -0.06875 2.009843 -0.503998
v -0.05 1.932705 -0.519497
v 0.05 2.064533 -0.462177
v 0.05 1.932705 -0.519497
v 0.05 1.920245 -0.490839
v 0.05 2.052072 -0.433519
v -0.05 2.052072 -0.433519
v -0.05 1.920245 -0.490839
v -0.05 2.064533 -0.462177
v -0.075 1.890736 -0.57462
v -0.0625 1.935482 -0.55231
v -0.0625 1.890736 -0.57462
v -0.0625 1.868426 -0.529873
v -0.0625 1.913172 -0.507563
v -0.075 1.913172 -0.507563
v -0.075 1.868426 -0.529873
v -0.075 1.935482 -0.55231
v -0.05625 1.985854 -0.499261
v 0.05625 2.008228 -0.488106
v 0.05625 1.985854 -0.499261
v 0.05625 1.994284 -0.460139
v 0.05625 1.97191 -0.471294
v -0.05625 1.994284 -0.460139
v -0.05625 1.97191 -0.471294
v -0.05625 2.008228 -0.488106
v -0.040215 1.985699 -0.50327
v 0.038539 2.022498 -0.48727
v 0.019226 1.967987 -0.510972
v 0.019226 1.953034 -0.476582
v 0.038539 2.007545 -0.45288
v -0.020902 2.025257 -0.445179
v -0.040215 1.970746 -0.468881
v -0.020902 2.04021 -0.479568
v -0.125798 2.20953 -0.598192
v -0.063298 2.204746 -0.586644
v -0.063298 2.20953 -0.598192
v -0.063298 2.147004 -0.610562
v -0.063298 2.151787 -0.62211
v -0.125798 2.147004 -0.610562
v -0.125798 2.151787 -0.62211
v -0.125798 2.204746 -0.586644
v -0.0625 2.209224 -0.597455
v -0.05 2.235534 -0.660972
v -0.0625 2.235534 -0.660972
v -0.05 2.177791 -0.68489
v -0.0625 2.177791 -0.68489
v -0.05 2.151482 -0.621373
v -0.0625 2.151482 -0.621373
v -0.05 2.209224 -0.597455
v -0.125798 2.238231 -0.667483
v -0.063298 2.233448 -0.655935
v -0.063298 2.238231 -0.667483
v -0.063298 2.175705 -0.679853
v -0.063298 2.180489 -0.691401
v -0.125798 2.175705 -0.679853
v -0.125798 2.180489 -0.691401
v -0.125798 2.233448 -0.655935
v -0.1375 2.209224 -0.597455
v -0.125 2.235534 -0.660972
v -0.1375 2.235534 -0.660972
v -0.125 2.177791 -0.68489
v -0.1375 2.177791 -0.68489
v -0.125 2.151482 -0.621373
v -0.1375 2.151482 -0.621373
v -0.125 2.209224 -0.597455
v 0.061702 2.20953 -0.598192
v 0.124202 2.204746 -0.586644
v 0.124202 2.20953 -0.598192
v 0.124202 2.147004 -0.610562
v 0.124202 2.151787 -0.62211
v 0.061702 2.147004 -0.610562
v 0.061702 2.151787 -0.62211
v 0.061702 2.204746 -0.586644
v 0.1375 2.235534 -0.660972
v 0.125 2.235534 -0.660972
v 0.1375 2.177791 -0.68489
v 0.125 2.177791 -0.68489
v 0.1375 2.151482 -0.621373
v 0.125 2.151482 -0.621373
v 0.1375 2.209224 -0.597455
v 0.061702 2.238231 -0.667483
v 0.124202 2.233448 -0.655935
v 0.124202 2.238231 -0.667483
v 0.124202 2.175705 -0.679853
v 0.124202 2.180489 -0.691401
v 0.061702 2.175705 -0.679853
v 0.061702 2.180489 -0.691401
v 0.061702 2.233448 -0.655935
v 0.05 2.209224 -0.597455
v 0.0625 2.235534 -0.660972
v 0.05 2.235534 -0.660972
v 0.0625 2.177791 -0.68489
v 0.05 2.177791 -0.68489
v 0.0625 2.151482 -0.621373
v 0.05 2.151482 -0.621373
v 0.0625 2.209224 -0.597455
v -0.310185 2.179524 -0.610621
v -0.249287 2.187729 -0.593693
v -0.249287 2.192513 -0.605241
v -0.235227 2.131467 -0.616997
v -0.235227 2.13625 -0.628546
v -0.296126 2.118478 -0.622378
v -0.296126 2.123261 -0.633926
v -0.310185 2.17474 -0.599073
v -0.249287 2.221214 -0.674532
v -0.310185 2.203441 -0.668364
v -0.249287 2.216431 -0.662984
v -0.235227 2.160168 -0.686288
v -0.235227 2.164952 -0.697837
v -0.296126 2.147179 -0.691669
v -0.296126 2.151962 -0.703217
v -0.310185 2.208225 -0.679912
v -0.310962 2.179052 -0.609953
v -0.323142 2.202764 -0.674546
v -0.323142 2.176455 -0.611029
v -0.296903 2.12279 -0.633258
v -0.309083 2.120192 -0.634334
v -0.309083 2.146502 -0.69785
v -0.296903 2.149099 -0.696774
v -0.310962 2.205362 -0.67347
v -0.237885 2.194639 -0.603496
v -0.250064 2.218351 -0.668089
v -0.250064 2.192042 -0.604573
v -0.236005 2.135779 -0.627877
v -0.223825 2.138377 -0.626801
v -0.223825 2.164686 -0.690318
v -0.236005 2.162089 -0.691394
v -0.237885 2.220949 -0.667013
v 0.249287 2.192513 -0.605241
v 0.310185 2.17474 -0.599073
v 0.310185 2.179524 -0.610621
v 0.296126 2.123261 -0.633926
v 0.296126 2.118478 -0.622378
v 0.235227 2.131467 -0.616997
v 0.235227 2.13625 -0.628546
v 0.249287 2.187729 -0.593693
v 0.310962 2.179052 -0.609953
v 0.323142 2.202764 -0.674546
v 0.310962 2.205362 -0.67347
v 0.309083 2.146502 -0.69785
v 0.296903 2.149099 -0.696774
v 0.296903 2.12279 -0.633258
v 0.309083 2.120192 -0.634334
v 0.323142 2.176455 -0.611029
v 0.249287 2.221214 -0.674532
v 0.310185 2.203441 -0.668364
v 0.310185 2.208225 -0.679912
v 0.296126 2.147179 -0.691669
v 0.296126 2.151962 -0.703217
v 0.235227 2.164952 -0.697837
v 0.235227 2.160168 -0.686288
v 0.249287 2.216431 -0.662984
v 0.237885 2.220949 -0.667013
v 0.250064 2.192042 -0.604573
v 0.250064 2.218351 -0.668089
v 0.236005 2.162089 -0.691394
v 0.223825 2.164686 -0.690318
v 0.236005 2.135779 -0.627877
v 0.223825 2.138377 -0.626801
v 0.237885 2.194639 -0.603496
v -0.0625 2.02818 -0.63272
v 0.0625 2.143664 -0.584885
v 0.0625 2.02818 -0.63272
v 0.0625 2.131706 -0.556014
v 0.0625 2.016221 -0.603849
v -0.0625 2.131706 -0.556014
v -0.0625 2.016221 -0.603849
v -0.0625 2.143664 -0.584885
v -0.276935 1.960225 -0.674398
v 0.002747 2.133213 -0.602744
v 0.028736 2.020251 -0.649534
v 0.028736 2.010684 -0.626437
v 0.002747 2.123646 -0.579647
v -0.302924 2.063619 -0.604511
v -0.276935 1.950658 -0.651301
v -0.302924 2.073186 -0.627608
v -0.022622 2.019051 -0.650032
v 0.302924 2.073186 -0.627608
v 0.276935 1.960225 -0.674398
v 0.302924 2.063619 -0.604511
v 0.276935 1.950658 -0.651301
v -0.022622 2.009484 -0.626935
v 0.003367 2.122445 -0.580144
v 0.003367 2.132012 -0.603241
v -0.14375 2.185726 -0.702762
v -0.04375 2.142674 -0.598825
v -0.04375 2.185726 -0.702762
v -0.04375 1.96053 -0.796041
v -0.04375 1.917478 -0.692104
v -0.14375 1.917478 -0.692104
v -0.14375 1.96053 -0.796041
v -0.14375 2.142674 -0.598825
v 0.04375 2.185726 -0.702762
v 0.14375 2.142674 -0.598825
v 0.14375 2.185726 -0.702762
v 0.14375 1.96053 -0.796041
v 0.14375 1.917478 -0.692104
v 0.04375 1.917478 -0.692104
v 0.04375 1.96053 -0.796041
v 0.04375 2.142674 -0.598825
v 0.216958 2.173632 -0.707771
v 0.314395 2.109797 -0.612443
v 0.314395 2.152849 -0.71638
v 0.260969 1.939051 -0.804937
v 0.260969 1.896 -0.701001
v 0.163532 1.916782 -0.692393
v 0.163532 1.959834 -0.796329
v 0.216958 2.13058 -0.603835
v -0.314395 2.152849 -0.71638
v -0.216958 2.13058 -0.603835
v -0.216958 2.173632 -0.707771
v -0.163532 1.916782 -0.692393
v -0.163532 1.959834 -0.796329
v -0.260969 1.896 -0.701001
v -0.260969 1.939051 -0.804937
v -0.314395 2.109797 -0.612443
v -0.275 2.086573 -0.757362
v -0.03125 2.036345 -0.636103
v -0.03125 2.086573 -0.757362
v -0.03125 1.920861 -0.683938
v -0.03125 1.971088 -0.805197
v -0.275 1.920861 -0.683938
v -0.275 1.971088 -0.805197
v -0.275 2.036345 -0.636103
v 0.03125 2.086573 -0.757362
v 0.275 2.036345 -0.636103
v 0.275 2.086573 -0.757362
v 0.275 1.920861 -0.683938
v 0.275 1.971088 -0.805197
v 0.03125 1.920861 -0.683938
v 0.03125 1.971088 -0.805197
v 0.03125 2.036345 -0.636103
v 0.243663 2.193926 -0.672305
v 0.304561 2.157019 -0.619943
v 0.304561 2.180936 -0.677686
v 0.296126 2.123261 -0.633926
v 0.296126 2.147179 -0.691669
v 0.235227 2.160168 -0.686288
v 0.235227 2.13625 -0.628546
v 0.243663 2.170008 -0.614563
v 0.0625 2.210804 -0.665314
v 0.125 2.186886 -0.607572
v 0.125 2.210804 -0.665314
v 0.125 2.170384 -0.682057
v 0.125 2.146466 -0.624314
v 0.0625 2.146466 -0.624314
v 0.0625 2.170384 -0.682057
v 0.0625 2.186886 -0.607572
v -0.125 2.210804 -0.665314
v -0.0625 2.186886 -0.607572
v -0.0625 2.210804 -0.665314
v -0.0625 2.170384 -0.682057
v -0.0625 2.146466 -0.624314
v -0.125 2.146466 -0.624314
v -0.125 2.170384 -0.682057
v -0.125 2.186886 -0.607572
v -0.243663 2.193926 -0.672305
v -0.304561 2.157019 -0.619943
v -0.243663 2.170008 -0.614563
v -0.235227 2.160168 -0.686288
v -0.235227 2.13625 -0.628546
v -0.296126 2.123261 -0.633926
v -0.296126 2.147179 -0.691669
v -0.304561 2.180936 -0.677686
v -0.05 1.969942 -0.663608
v 0.05 1.943632 -0.600092
v 0.05 1.969942 -0.663608
v 0.05 1.84547 -0.640752
v 0.05 1.87178 -0.704268
v -0.05 1.84547 -0.640752
v -0.05 1.87178 -0.704268
v -0.05 1.943632 -0.600092
v -0.04375 2.043195 -0.579146
v -0.03125 2.038412 -0.567598
v -0.03125 2.043195 -0.579146
v -0.03125 1.85842 -0.655683
v -0.03125 1.853636 -0.644134
v -0.04375 1.853636 -0.644134
v -0.04375 1.85842 -0.655683
v -0.04375 2.038412 -0.567598
v -0.05 1.947425 -0.62558
v 0.05 1.921116 -0.562064
v 0.05 1.947425 -0.62558
v 0.05 1.892244 -0.574022
v 0.05 1.918554 -0.637539
v -0.05 1.892244 -0.574022
v -0.05 1.918554 -0.637539
v -0.05 1.921116 -0.562064
v -0.0625 1.940883 -0.539879
v 0.0625 1.893713 -0.498876
v 0.0625 1.940883 -0.539879
v 0.0625 1.85271 -0.546045
v 0.0625 1.899879 -0.587049
v -0.0625 1.85271 -0.546045
v -0.0625 1.899879 -0.587049
v -0.0625 1.893713 -0.498876
v 0.03125 2.043195 -0.579146
v 0.04375 2.038412 -0.567598
v 0.04375 2.043195 -0.579146
v 0.04375 1.85842 -0.655683
v 0.04375 1.853636 -0.644134
v 0.03125 1.853636 -0.644134
v 0.03125 1.85842 -0.655683
v 0.03125 2.038412 -0.567598
v -0.03125 2.04897 -0.576754
v 0.03125 2.044186 -0.565206
v 0.03125 2.04897 -0.576754
v 0.03125 2.037421 -0.581538
v 0.03125 2.032638 -0.569989
v -0.03125 2.032638 -0.569989
v -0.03125 2.037421 -0.581538
v -0.03125 2.044186 -0.565206
v -0.04375 1.73125 0.35
v 0.04375 1.9125 0.35
v 0.04375 1.73125 0.35
v 0.04375 1.9125 0.45625
v 0.04375 1.73125 0.45625
v -0.04375 1.9125 0.45625
v -0.04375 1.73125 0.45625
v -0.04375 1.9125 0.35
v 0.037579 1.73125 0.368632
v 0.118418 1.9125 0.335147
v 0.118418 1.73125 0.335148
v 0.151903 1.9125 0.415987
v 0.151903 1.73125 0.415987
v 0.071063 1.9125 0.449472
v 0.071063 1.73125 0.449472
v 0.037579 1.9125 0.368632
v 0.124192 1.73125 0.332756
v 0.205032 1.9125 0.299271
v 0.205032 1.73125 0.299271
v 0.238517 1.9125 0.38011
v 0.238517 1.73125 0.38011
v 0.157677 1.9125 0.413595
v 0.157677 1.73125 0.413595
v 0.124192 1.9125 0.332756
v -0.205032 1.73125 0.299271
v -0.124192 1.9125 0.332756
v -0.124192 1.73125 0.332756
v -0.157677 1.9125 0.413595
v -0.157677 1.73125 0.413595
v -0.238517 1.9125 0.38011
v -0.238517 1.73125 0.38011
v -0.205032 1.9125 0.299271
v -0.118418 1.73125 0.335148
v -0.037579 1.9125 0.368632
v -0.037579 1.73125 0.368632
v -0.071063 1.9125 0.449472
v -0.071063 1.73125 0.449472
v -0.151903 1.9125 0.415987
v -0.151903 1.73125 0.415987
v -0.118418 1.9125 0.335147
v -0.15625 1.74375 0.34375
v 0.15625 1.9 0.34375
v 0.15625 1.74375 0.34375
v 0.15625 1.9 0.44375
v 0.15625 1.74375 0.44375
v -0.15625 1.9 0.44375
v -0.15625 1.74375 0.44375
v -0.15625 1.9 0.34375
v -0.0375 1.71875 0.36875
v 0.0375 1.75 0.36875
v 0.0375 1.71875 0.36875
v 0.0375 1.75 0.44375
v 0.0375 1.71875 0.44375
v -0.0375 1.75 0.44375
v -0.0375 1.71875 0.44375
v -0.0375 1.75 0.36875
v 0.08872 2.181623 0.303306
v -0.084508 2.209082 0.237015
v 0.08872 2.181623 0.303306
v 0.08274 2.176099 0.316643
v 0.08274 2.176099 0.316643
v -0.090487 2.203558 0.250351
v -0.090487 2.203558 0.250351
v -0.084508 2.209082 0.237015
v 0.084508 2.209082 0.237015
v -0.08872 2.181623 0.303306
v 0.084508 2.209082 0.237015
v 0.090487 2.203558 0.250351
v 0.090487 2.203558 0.250351
v -0.08274 2.176099 0.316643
v -0.08274 2.176099 0.316643
v -0.08872 2.181623 0.303306
v 0.230259 2.040311 0.30823
v 0.088712 2.18152 0.303259
v 0.230259 2.040311 0.30823
v 0.224279 2.034786 0.321567
v 0.224279 2.034786 0.321567
v 0.082733 2.175995 0.316596
v 0.082733 2.175995 0.316596
v 0.088712 2.18152 0.303259
v -0.088712 2.18152 0.303259
v -0.230259 2.040311 0.30823
v -0.088712 2.18152 0.303259
v -0.082733 2.175995 0.316596
v -0.082733 2.175995 0.316596
v -0.224279 2.034786 0.321567
v -0.224279 2.034786 0.321567
v -0.230259 2.040311 0.30823
v 0.23705 2.100646 0.123708
v 0.084524 2.209057 0.236997
v 0.23705 2.100646 0.123708
v 0.243029 2.095121 0.137044
v 0.243029 2.095121 0.137044
v 0.090504 2.203533 0.250333
v 0.090504 2.203533 0.250333
v 0.084524 2.209057 0.236997
v -0.337956 1.944822 -0.090625
v -0.305153 2.059123 -0.090625
v -0.331866 1.943416 -0.090625
v -0.305153 2.059123 0.090625
v -0.331866 1.943416 0.090625
v -0.311243 2.060529 0.090625
v -0.337956 1.944822 0.090625
v -0.311243 2.060529 -0.090625
v 0.33577225 1.943416 -0.090625
v 0.31514925 2.060529 -0.090625
v 0.34186225 1.944822 -0.090625
v 0.31514925 2.060529 0.090625
v 0.34186225 1.944822 0.090625
v 0.30905925 2.059123 0.090625
v 0.33577225 1.943416 0.090625
v 0.30905925 2.059123 -0.090625
vt 0.479492 0.733398
vt 0.476562 0.75
vt 0.476562 0.733398
vt 0.415527 0.702148
vt 0.40625 0.71875
vt 0.40625 0.702148
vt 0.260742 0.506836
vt 0.257812 0.523438
vt 0.257812 0.506836
vt 0.296875 0.577148
vt 0.306152 0.59375
vt 0.296875 0.59375
vt 0.268555 0.507812
vt 0.265625 0.49853499999999995
vt 0.268555 0.49853499999999995
vt 0.273438 0.49853499999999995
vt 0.276367 0.507812
vt 0.276367 0.49853499999999995
vt 0 1
vt 0.027344 1
vt 0 1
vt 0 1
vt 0.001953 1
vt 0 1
vt 0 1
vt 0.027344 1
vt 0 1
vt 0 1
vt 0.001953 1
vt 0 1
vt 0.476562 0.828125
vt 0.503906 0.826172
vt 0.503906 0.828125
vt 0.503906 0.818359
vt 0.476562 0.820312
vt 0.503906 0.820312
vt 0.431152 0.782715
vt 0.421875 0.796875
vt 0.421875 0.782715
vt 0.279785 0.970215
vt 0.234375 0.984375
vt 0.234375 0.970215
vt 0.431152 0.76709
vt 0.421875 0.78125
vt 0.421875 0.76709
vt 0.279785 0.884277
vt 0.234375 0.898438
vt 0.234375 0.884277
vt 0 0.703125
vt 0.009277 0.657715
vt 0.009277 0.703125
vt 0.015625 0.657715
vt 0.024902 0.703125
vt 0.024902 0.657715
vt 0.445312 0.72168
vt 0.454102 0.734375
vt 0.445312 0.734375
vt 0.047852 0.604492
vt 0.03125 0.617188
vt 0.03125 0.604492
vt 0.282227 0.541992
vt 0.273438 0.554688
vt 0.273438 0.541992
vt 0.382812 0.948242
vt 0.399414 0.960938
vt 0.382812 0.960938
vt 0.40625 0.59375
vt 0.415039 0.577148
vt 0.415039 0.59375
vt 0.008789 0.569336
vt 0 0.585938
vt 0.008789 0.585938
vt 0.03125 0.796875
vt 0.039062 0.8125
vt 0.03125 0.8125
vt 0.181152 0.710938
vt 0.148438 0.726562
vt 0.148438 0.710938
vt 0.046875 0.71875
vt 0.054688 0.734375
vt 0.046875 0.734375
vt 0.273438 0.773438
vt 0.306152 0.789062
vt 0.273438 0.789062
vt 0.34375 0.710938
vt 0.351562 0.678223
vt 0.351562 0.710938
vt 0.296875 0.623535
vt 0.304688 0.65625
vt 0.304688 0.623535
vt 0.15625 0.519531
vt 0.162109 0.53125
vt 0.15625 0.53125
vt 0.366699 0.832031
vt 0.34375 0.84375
vt 0.34375 0.832031
vt 0.193359 0.519531
vt 0.1875 0.53125
vt 0.1875 0.519531
vt 0.34375 0.816406
vt 0.366699 0.828125
vt 0.34375 0.828125
vt 0.054688 0.578125
vt 0.060547 0.555176
vt 0.060547 0.578125
vt 0.068359 0.555176
vt 0.0625 0.578125
vt 0.068359 0.578125
vt 0.416504 0.634277
vt 0.40625 0.648438
vt 0.40625 0.634277
vt 0.271973 0.76709
vt 0.226562 0.78125
vt 0.226562 0.76709
vt 0.025879 0.571777
vt 0.015625 0.585938
vt 0.015625 0.571777
vt 0.279785 0.98584
vt 0.234375 1
vt 0.234375 0.98584
vt 0.234375 0.734375
vt 0.244629 0.688965
vt 0.244629 0.734375
vt 0.25 0.67334
vt 0.260254 0.71875
vt 0.260254 0.67334
vt 0.3125 0.882812
vt 0.319336 0.898438
vt 0.3125 0.898438
vt 0.14209 0.710938
vt 0.109375 0.726562
vt 0.109375 0.710938
vt 0.320312 0.867188
vt 0.327148 0.882812
vt 0.320312 0.882812
vt 0.306152 0.84375
vt 0.273438 0.859375
vt 0.273438 0.84375
vt 0.335938 0.640625
vt 0.342773 0.60791
vt 0.342773 0.640625
vt 0.367188 0.748535
vt 0.374023 0.78125
vt 0.374023 0.748535
vt 0.110352 0.541992
vt 0.101562 0.554688
vt 0.101562 0.541992
vt 0.391602 0.620117
vt 0.375 0.632812
vt 0.375 0.620117
vt 0.445312 0.87793
vt 0.454102 0.890625
vt 0.445312 0.890625
vt 0.382812 0.963867
vt 0.399414 0.976562
vt 0.382812 0.976562
vt 0.375977 0.59375
vt 0.367188 0.577148
vt 0.375977 0.577148
vt 0.40625 0.600586
vt 0.415039 0.617188
vt 0.415039 0.600586
vt 0.349609 0.527344
vt 0.34375 0.539062
vt 0.34375 0.527344
vt 0.366699 0.863281
vt 0.34375 0.875
vt 0.34375 0.863281
vt 0.132812 0.519531
vt 0.138672 0.53125
vt 0.132812 0.53125
vt 0.366699 0.847656
vt 0.34375 0.859375
vt 0.34375 0.847656
vt 0.046875 0.578125
vt 0.052734 0.555176
vt 0.052734 0.578125
vt 0.421875 0.930176
vt 0.427734 0.953125
vt 0.427734 0.930176
vt 0.507812 0.855957
vt 0.510742 0.859375
vt 0.507812 0.859375
vt 0.495117 0.55127
vt 0.484375 0.554688
vt 0.484375 0.55127
vt 0.148438 0.4887699999999999
vt 0.151367 0.49218800000000007
vt 0.148438 0.49218800000000007
vt 0.453125 0.512207
vt 0.463867 0.515625
vt 0.453125 0.515625
vt 0.140625 0.507812
vt 0.143555 0.49707
vt 0.143555 0.507812
vt 0.495117 0.801758
vt 0.492188 0.8125
vt 0.495117 0.8125
vt 0.5 0.791992
vt 0.50293 0.796875
vt 0.5 0.796875
vt 0.493652 0.94043
vt 0.484375 0.945312
vt 0.484375 0.94043
vt 0.50293 0.78418
vt 0.5 0.789062
vt 0.5 0.78418
vt 0.493652 0.932617
vt 0.484375 0.9375
vt 0.484375 0.932617
vt 0.28125 0.507812
vt 0.28418 0.49853499999999995
vt 0.28418 0.507812
vt 0.492188 0.709473
vt 0.495117 0.71875
vt 0.495117 0.709473
vt 0.492188 0.680176
vt 0.495117 0.6875
vt 0.492188 0.6875
vt 0.335938 0.883301
vt 0.373535 0.890625
vt 0.335938 0.890625
vt 0.495117 0.664551
vt 0.492188 0.671875
vt 0.492188 0.664551
vt 0.34375 0.969238
vt 0.381348 0.976562
vt 0.34375 0.976562
vt 0.03418 0.546875
vt 0.03125 0.509277
vt 0.03418 0.509277
vt 0.039062 0.509277
vt 0.041992 0.546875
vt 0.041992 0.509277
vt 0.44043 0.500488
vt 0.4375 0.507812
vt 0.4375 0.500488
vt 0.381348 0.961426
vt 0.34375 0.96875
vt 0.34375 0.961426
vt 0.492188 0.555176
vt 0.495117 0.5625
vt 0.492188 0.5625
vt 0.381348 0.875488
vt 0.34375 0.882812
vt 0.34375 0.875488
vt 0.070312 0.546875
vt 0.073242 0.509277
vt 0.073242 0.546875
vt 0.078125 0.509277
vt 0.081055 0.546875
vt 0.081055 0.509277
vt 0.22168 0.49511700000000003
vt 0.21875 0.5
vt 0.21875 0.49511700000000003
vt 0.493652 0.924805
vt 0.484375 0.929688
vt 0.484375 0.924805
vt 0.226562 0.49511700000000003
vt 0.229492 0.5
vt 0.226562 0.5
vt 0.484375 0.916992
vt 0.493652 0.921875
vt 0.484375 0.921875
vt 0.291992 0.507812
vt 0.289062 0.49853499999999995
vt 0.291992 0.49853499999999995
vt 0.296875 0.49853499999999995
vt 0.299805 0.507812
vt 0.299805 0.49853499999999995
vt 0.510742 0.848145
vt 0.507812 0.851562
vt 0.507812 0.848145
vt 0.495117 0.543457
vt 0.484375 0.546875
vt 0.484375 0.543457
vt 0.15918 0.4887699999999999
vt 0.15625 0.49218800000000007
vt 0.15625 0.4887699999999999
vt 0.484375 0.535645
vt 0.495117 0.539062
vt 0.484375 0.539062
vt 0.206055 0.507812
vt 0.203125 0.49707
vt 0.206055 0.49707
vt 0.492188 0.786133
vt 0.495117 0.796875
vt 0.495117 0.786133
vt 0.179688 0.506836
vt 0.182617 0.523438
vt 0.179688 0.523438
vt 0.275879 0.819336
vt 0.242188 0.835938
vt 0.242188 0.819336
vt 0.226562 0.506836
vt 0.229492 0.523438
vt 0.226562 0.523438
vt 0.221191 0.741211
vt 0.1875 0.757812
vt 0.1875 0.741211
vt 0.456055 0.71875
vt 0.453125 0.685059
vt 0.456055 0.685059
vt 0.453125 0.645996
vt 0.456055 0.679688
vt 0.456055 0.645996
vt 0.476562 0.756836
vt 0.479492 0.773438
vt 0.476562 0.773438
vt 0.274902 0.577148
vt 0.265625 0.59375
vt 0.265625 0.577148
vt 0.234375 0.506836
vt 0.237305 0.523438
vt 0.234375 0.523438
vt 0.290527 0.577148
vt 0.28125 0.59375
vt 0.28125 0.577148
vt 0.210938 0.507812
vt 0.213867 0.49853499999999995
vt 0.213867 0.507812
vt 0.495117 0.76416
vt 0.492188 0.773438
vt 0.495117 0.773438
vt 0.151367 0.500488
vt 0.148438 0.515625
vt 0.148438 0.500488
vt 0.416992 0.922363
vt 0.40625 0.9375
vt 0.40625 0.922363
vt 0.15625 0.500488
vt 0.15918 0.515625
vt 0.15625 0.515625
vt 0.081055 0.578613
vt 0.070312 0.59375
vt 0.070312 0.578613
vt 0.495117 0.890625
vt 0.492188 0.879883
vt 0.495117 0.879883
vt 0.117188 0.49707
vt 0.120117 0.507812
vt 0.120117 0.49707
vt 0.245117 0.506836
vt 0.242188 0.523438
vt 0.242188 0.506836
vt 0.242188 0.795898
vt 0.275879 0.8125
vt 0.242188 0.8125
vt 0.25293 0.506836
vt 0.25 0.523438
vt 0.25 0.506836
vt 0.25 0.749023
vt 0.283691 0.765625
vt 0.25 0.765625
vt 0.351562 0.546875
vt 0.354492 0.513184
vt 0.354492 0.546875
vt 0.359375 0.513184
vt 0.362305 0.546875
vt 0.362305 0.513184
vt 0.196777 0.608398
vt 0.1875 0.632812
vt 0.1875 0.608398
vt 0.15625 0.913086
vt 0.192871 0.9375
vt 0.15625 0.9375
vt 0.367188 0.788086
vt 0.376465 0.8125
vt 0.367188 0.8125
vt 0.192871 0.881836
vt 0.15625 0.90625
vt 0.15625 0.881836
vt 0.320312 0.921875
vt 0.32959 0.885254
vt 0.32959 0.921875
vt 0.337402 0.963379
vt 0.328125 1
vt 0.337402 1
vt 0.164062 0.500488
vt 0.166992 0.515625
vt 0.164062 0.515625
vt 0.135742 0.578613
vt 0.125 0.59375
vt 0.125 0.578613
vt 0.174805 0.500488
vt 0.171875 0.515625
vt 0.171875 0.500488
vt 0.416992 0.773926
vt 0.40625 0.789062
vt 0.40625 0.773926
vt 0.12793 0.507812
vt 0.125 0.49707
vt 0.12793 0.49707
vt 0.135742 0.49707
vt 0.132812 0.507812
vt 0.135742 0.507812
vt 0.476562 0.93457
vt 0.481934 0.945312
vt 0.476562 0.945312
vt 0.448242 0.676758
vt 0.4375 0.6875
vt 0.4375 0.676758
vt 0.067871 0.512695
vt 0.0625 0.523438
vt 0.0625 0.512695
vt 0.448242 0.661133
vt 0.4375 0.671875
vt 0.4375 0.661133
vt 0.476562 0.929688
vt 0.481934 0.918945
vt 0.481934 0.929688
vt 0.085938 0.512695
vt 0.091309 0.523438
vt 0.091309 0.512695
vt 0.481934 0.965332
vt 0.476562 0.976562
vt 0.476562 0.965332
vt 0.44043 0.621582
vt 0.429688 0.632812
vt 0.429688 0.621582
vt 0.481934 0.949707
vt 0.476562 0.960938
vt 0.476562 0.949707
vt 0.375 0.559082
vt 0.385742 0.570312
vt 0.375 0.570312
vt 0.099121 0.523438
vt 0.09375 0.512695
vt 0.099121 0.512695
vt 0.106934 0.512695
vt 0.101562 0.523438
vt 0.106934 0.523438
vt 0.052246 0.512207
vt 0.046875 0.523438
vt 0.046875 0.512207
vt 0.401367 0.559082
vt 0.390625 0.570312
vt 0.390625 0.559082
vt 0.054688 0.512207
vt 0.060059 0.523438
vt 0.054688 0.523438
vt 0.40625 0.559082
vt 0.416992 0.570312
vt 0.40625 0.570312
vt 0.114746 0.523438
vt 0.109375 0.512695
vt 0.114746 0.512695
vt 0.476562 0.864258
vt 0.481934 0.875
vt 0.481934 0.864258
vt 0.351562 0.890625
vt 0.367188 0.90625
vt 0.351562 0.90625
vt 0.162598 0.53125
vt 0.15625 0.546875
vt 0.15625 0.53125
vt 0.15625 0.632812
vt 0.140625 0.648438
vt 0.140625 0.632812
vt 0.453125 0.820312
vt 0.459473 0.835938
vt 0.453125 0.835938
vt 0.195312 0.546875
vt 0.210938 0.540527
vt 0.210938 0.546875
vt 0.226562 0.540527
vt 0.210938 0.546875
vt 0.226562 0.546875
vt 0.452148 0.504883
vt 0.445312 0.507812
vt 0.445312 0.504883
vt 0.50293 0.848633
vt 0.492188 0.851562
vt 0.492188 0.848633
vt 0.459961 0.504883
vt 0.453125 0.507812
vt 0.453125 0.504883
vt 0.50293 0.77832
vt 0.492188 0.78125
vt 0.492188 0.77832
vt 0.320312 0.539062
vt 0.327148 0.52832
vt 0.327148 0.539062
vt 0.460938 0.668945
vt 0.467773 0.679688
vt 0.467773 0.668945
vt 0.421875 0.754395
vt 0.433105 0.765625
vt 0.421875 0.765625
vt 0.191406 0.504395
vt 0.1875 0.515625
vt 0.1875 0.504395
vt 0.433105 0.70752
vt 0.421875 0.71875
vt 0.421875 0.70752
vt 0.199219 0.504395
vt 0.195312 0.515625
vt 0.195312 0.504395
vt 0.495605 0.859375
vt 0.484375 0.855469
vt 0.495605 0.855469
vt 0.203125 0.511719
vt 0.214355 0.515625
vt 0.214355 0.511719
vt 0.396973 0.782715
vt 0.382812 0.796875
vt 0.382812 0.782715
vt 0.459961 0.774902
vt 0.453125 0.789062
vt 0.453125 0.774902
vt 0.396973 0.73584
vt 0.382812 0.75
vt 0.382812 0.73584
vt 0.459961 0.759277
vt 0.453125 0.773438
vt 0.453125 0.759277
vt 0.381348 0.546875
vt 0.367188 0.540039
vt 0.381348 0.540039
vt 0.453125 0.625977
vt 0.467285 0.632812
vt 0.467285 0.625977
vt 0.421875 0.691895
vt 0.433105 0.703125
vt 0.421875 0.703125
vt 0.222656 0.504395
vt 0.21875 0.515625
vt 0.21875 0.504395
vt 0.433105 0.67627
vt 0.421875 0.6875
vt 0.421875 0.67627
vt 0.488281 0.762207
vt 0.484375 0.773438
vt 0.484375 0.762207
vt 0.484375 0.757812
vt 0.495605 0.753906
vt 0.495605 0.757812
vt 0.484375 0.746094
vt 0.495605 0.75
vt 0.495605 0.746094
vt 0.3125 0.74707
vt 0.304688 0.773438
vt 0.304688 0.74707
vt 0.118652 0.911133
vt 0.078125 0.9375
vt 0.078125 0.911133
vt 0.3125 0.93457
vt 0.320312 0.960938
vt 0.3125 0.960938
vt 0.040527 0.879883
vt 0 0.90625
vt 0 0.879883
vt 0.257812 0.671875
vt 0.265625 0.631348
vt 0.265625 0.671875
vt 0.265625 0.631348
vt 0.273438 0.671875
vt 0.273438 0.631348
vt 0.039062 0.579102
vt 0.03125 0.601562
vt 0.03125 0.579102
vt 0.085938 0.711914
vt 0.109375 0.734375
vt 0.085938 0.734375
vt 0.039062 0.579102
vt 0.046875 0.601562
vt 0.039062 0.601562
vt 0.1875 0.711914
vt 0.210938 0.734375
vt 0.1875 0.734375
vt 0.023438 0.726562
vt 0.03125 0.703125
vt 0.03125 0.726562
vt 0.375 0.6875
vt 0.367188 0.710938
vt 0.375 0.710938
vt 0.09375 0.59082
vt 0.085938 0.617188
vt 0.085938 0.59082
vt 0.054688 0.739258
vt 0.03125 0.765625
vt 0.03125 0.739258
vt 0.09375 0.59082
vt 0.101562 0.617188
vt 0.09375 0.617188
vt 0.117188 0.739258
vt 0.09375 0.765625
vt 0.09375 0.739258
vt 0.304688 0.617188
vt 0.296875 0.59375
vt 0.304688 0.59375
vt 0.015625 0.585938
vt 0.023438 0.609375
vt 0.023438 0.585938
vt 0.101562 0.59082
vt 0.109375 0.617188
vt 0.101562 0.617188
vt 0.119629 0.973633
vt 0.078125 1
vt 0.078125 0.973633
vt 0.390625 0.87207
vt 0.382812 0.898438
vt 0.382812 0.87207
vt 0.119629 0.942383
vt 0.078125 0.96875
vt 0.078125 0.942383
vt 0.328125 0.757812
vt 0.335938 0.716309
vt 0.335938 0.757812
vt 0.25 0.630371
vt 0.257812 0.671875
vt 0.257812 0.630371
vt 0.109375 0.59082
vt 0.117188 0.617188
vt 0.109375 0.617188
vt 0.234375 0.856445
vt 0.257812 0.882812
vt 0.234375 0.882812
vt 0.125 0.59082
vt 0.117188 0.617188
vt 0.117188 0.59082
vt 0.226562 0.739258
vt 0.25 0.765625
vt 0.226562 0.765625
vt 0.023438 0.609375
vt 0.03125 0.585938
vt 0.03125 0.609375
vt 0.390625 0.875
vt 0.398438 0.898438
vt 0.398438 0.875
vt 0.046875 0.579102
vt 0.054688 0.601562
vt 0.046875 0.601562
vt 0.234375 0.711914
vt 0.210938 0.734375
vt 0.210938 0.711914
vt 0.40625 0.922852
vt 0.398438 0.945312
vt 0.398438 0.922852
vt 0.023438 0.704102
vt 0 0.726562
vt 0 0.704102
vt 0.179688 0.609375
vt 0.171875 0.585938
vt 0.179688 0.585938
vt 0.179688 0.585938
vt 0.1875 0.609375
vt 0.1875 0.585938
vt 0.243652 0.608887
vt 0.234375 0.632812
vt 0.234375 0.608887
vt 0.200684 0.976074
vt 0.164062 1
vt 0.164062 0.976074
vt 0.367188 0.718262
vt 0.376465 0.742188
vt 0.367188 0.742188
vt 0.039062 0.804199
vt 0.075684 0.828125
vt 0.039062 0.828125
vt 0.3125 1
vt 0.321777 0.963379
vt 0.321777 1
vt 0.3125 0.830566
vt 0.321777 0.867188
vt 0.321777 0.830566
vt 0.103027 0.655762
vt 0.09375 0.695312
vt 0.09375 0.655762
vt 0.036621 0.960449
vt 0 1
vt 0 0.960449
vt 0.118652 0.655762
vt 0.109375 0.695312
vt 0.109375 0.655762
vt 0.075684 0.960449
vt 0.039062 1
vt 0.039062 0.960449
vt 0.3125 0.828125
vt 0.321777 0.791504
vt 0.321777 0.828125
vt 0.321777 0.752441
vt 0.3125 0.789062
vt 0.321777 0.789062
vt 0.134277 0.655762
vt 0.125 0.695312
vt 0.125 0.655762
vt 0.036621 0.913574
vt 0 0.953125
vt 0 0.913574
vt 0.149902 0.655762
vt 0.140625 0.695312
vt 0.140625 0.655762
vt 0.075684 0.913574
vt 0.039062 0.953125
vt 0.039062 0.913574
vt 0.243652 0.6875
vt 0.234375 0.650879
vt 0.243652 0.650879
vt 0.3125 0.713379
vt 0.321777 0.75
vt 0.321777 0.713379
vt 0.375 0.757324
vt 0.384277 0.78125
vt 0.375 0.78125
vt 0.216309 0.851074
vt 0.179688 0.875
vt 0.179688 0.851074
vt 0.259277 0.601074
vt 0.25 0.625
vt 0.25 0.601074
vt 0.216309 0.819824
vt 0.179688 0.84375
vt 0.179688 0.819824
vt 0.3125 0.710938
vt 0.321777 0.674316
vt 0.321777 0.710938
vt 0.320312 0.924316
vt 0.32959 0.960938
vt 0.32959 0.924316
vt 0.046875 0.699219
vt 0.03125 0.734375
vt 0.03125 0.699219
vt 0.21875 0.792969
vt 0.226562 0.828125
vt 0.21875 0.828125
vt 0.28125 0.902344
vt 0.265625 0.9375
vt 0.265625 0.902344
vt 0.296875 0.636719
vt 0.289062 0.671875
vt 0.289062 0.636719
vt 0.28125 0.726562
vt 0.296875 0.71875
vt 0.296875 0.726562
vt 0.421875 0.632812
vt 0.4375 0.640625
vt 0.4375 0.632812
vt 0.203125 0.608398
vt 0.212402 0.632812
vt 0.203125 0.632812
vt 0.138184 0.819336
vt 0.101562 0.84375
vt 0.101562 0.819336
vt 0.228027 0.608398
vt 0.21875 0.632812
vt 0.21875 0.608398
vt 0.177246 0.819336
vt 0.140625 0.84375
vt 0.140625 0.819336
vt 0.337402 0.882812
vt 0.328125 0.846191
vt 0.337402 0.846191
vt 0.328125 0.807129
vt 0.337402 0.84375
vt 0.337402 0.807129
vt 0.274902 0.601074
vt 0.265625 0.625
vt 0.265625 0.601074
vt 0.139648 0.851074
vt 0.101562 0.875
vt 0.101562 0.851074
vt 0.28125 0.601074
vt 0.290527 0.625
vt 0.28125 0.625
vt 0.178711 0.851074
vt 0.140625 0.875
vt 0.140625 0.851074
vt 0.1875 0.695312
vt 0.196777 0.657227
vt 0.196777 0.695312
vt 0.203125 0.657227
vt 0.212402 0.695312
vt 0.212402 0.657227
vt 0.375 0.687012
vt 0.384277 0.710938
vt 0.375 0.710938
vt 0 0.819824
vt 0.038086 0.84375
vt 0 0.84375
vt 0.313965 0.601074
vt 0.304688 0.625
vt 0.304688 0.601074
vt 0.15625 0.944824
vt 0.194336 0.96875
vt 0.15625 0.96875
vt 0.228027 0.695312
vt 0.21875 0.657227
vt 0.228027 0.657227
vt 0.296875 0.657227
vt 0.306152 0.695312
vt 0.306152 0.657227
vt 0.0625 0.526367
vt 0.066406 0.554688
vt 0.0625 0.554688
vt 0.036133 0.84668
vt 0 0.875
vt 0 0.84668
vt 0.394531 0.526367
vt 0.390625 0.554688
vt 0.390625 0.526367
vt 0.161133 0.97168
vt 0.125 1
vt 0.125 0.97168
vt 0.15625 0.585938
vt 0.160156 0.549805
vt 0.160156 0.585938
vt 0.414062 0.791992
vt 0.417969 0.828125
vt 0.417969 0.791992
vt 0.402344 0.526367
vt 0.398438 0.554688
vt 0.398438 0.526367
vt 0.083496 0.87793
vt 0.046875 0.90625
vt 0.046875 0.87793
vt 0.40625 0.526367
vt 0.410156 0.554688
vt 0.40625 0.554688
vt 0.122559 0.87793
vt 0.085938 0.90625
vt 0.085938 0.87793
vt 0.144531 0.585938
vt 0.140625 0.549316
vt 0.144531 0.549316
vt 0.152344 0.549316
vt 0.148438 0.585938
vt 0.152344 0.585938
vt 0.4375 0.90918
vt 0.446777 0.921875
vt 0.4375 0.921875
vt 0.226562 0.541992
vt 0.235352 0.554688
vt 0.226562 0.554688
vt 0.126465 0.549805
vt 0.117188 0.5625
vt 0.117188 0.549805
vt 0.250977 0.541992
vt 0.242188 0.554688
vt 0.242188 0.541992
vt 0.460938 0.75
vt 0.470215 0.741211
vt 0.470215 0.75
vt 0.26709 0.530273
vt 0.257812 0.539062
vt 0.26709 0.539062
vt 0.446777 0.838867
vt 0.4375 0.851562
vt 0.4375 0.838867
vt 0.445312 0.737305
vt 0.454102 0.75
vt 0.445312 0.75
vt 0.4375 0.823242
vt 0.446777 0.835938
vt 0.4375 0.835938
vt 0.266602 0.541992
vt 0.257812 0.554688
vt 0.257812 0.541992
vt 0.470215 0.734375
vt 0.460938 0.725586
vt 0.470215 0.725586
vt 0.273438 0.530273
vt 0.282715 0.539062
vt 0.282715 0.530273
vt 0.462402 0.553223
vt 0.453125 0.5625
vt 0.453125 0.553223
vt 0.278809 0.561035
vt 0.265625 0.570312
vt 0.265625 0.561035
vt 0.453125 0.537598
vt 0.462402 0.546875
vt 0.453125 0.546875
vt 0.442871 0.725098
vt 0.429688 0.734375
vt 0.429688 0.725098
vt 0.290527 0.570312
vt 0.28125 0.557129
vt 0.290527 0.557129
vt 0.296875 0.557129
vt 0.306152 0.570312
vt 0.306152 0.557129
vt 0.493652 0.97168
vt 0.484375 0.976562
vt 0.484375 0.97168
vt 0.289062 0.526367
vt 0.303223 0.53125
vt 0.289062 0.53125
vt 0.484375 0.963867
vt 0.493652 0.96875
vt 0.484375 0.96875
vt 0.48291 0.69043
vt 0.46875 0.695312
vt 0.46875 0.69043
vt 0.431152 0.84375
vt 0.421875 0.82959
vt 0.431152 0.82959
vt 0.431152 0.813965
vt 0.421875 0.828125
vt 0.431152 0.828125
vt 0.493652 0.956055
vt 0.484375 0.960938
vt 0.484375 0.956055
vt 0.48291 0.682617
vt 0.46875 0.6875
vt 0.46875 0.682617
vt 0.493652 0.948242
vt 0.484375 0.953125
vt 0.484375 0.948242
vt 0.48291 0.674805
vt 0.46875 0.679688
vt 0.46875 0.674805
vt 0.1875 0.578125
vt 0.196777 0.563965
vt 0.196777 0.578125
vt 0.421875 0.79834
vt 0.431152 0.8125
vt 0.431152 0.79834
vt 0.460938 0.990723
vt 0.470215 1
vt 0.460938 1
vt 0.325684 0.561035
vt 0.3125 0.570312
vt 0.3125 0.561035
vt 0.024902 0.529785
vt 0.015625 0.539062
vt 0.015625 0.529785
vt 0.341309 0.561035
vt 0.328125 0.570312
vt 0.328125 0.561035
vt 0.34375 0.570312
vt 0.353027 0.557129
vt 0.353027 0.570312
vt 0.368652 0.557129
vt 0.359375 0.570312
vt 0.368652 0.570312
vt 0.03125 0.549805
vt 0.040527 0.5625
vt 0.03125 0.5625
vt 0.454102 0.862305
vt 0.445312 0.875
vt 0.445312 0.862305
vt 0.446777 0.956055
vt 0.4375 0.96875
vt 0.4375 0.956055
vt 0.164062 0.541992
vt 0.172852 0.554688
vt 0.164062 0.554688
vt 0.470215 0.789062
vt 0.460938 0.780273
vt 0.470215 0.780273
vt 0.226562 0.530273
vt 0.23584 0.539062
vt 0.23584 0.530273
vt 0.446777 0.924805
vt 0.4375 0.9375
vt 0.4375 0.924805
vt 0.454102 0.807617
vt 0.445312 0.820312
vt 0.445312 0.807617
vt 0.070312 0.549805
vt 0.07959 0.5625
vt 0.070312 0.5625
vt 0.445312 0.791992
vt 0.454102 0.804688
vt 0.445312 0.804688
vt 0.460938 0.773438
vt 0.470215 0.764648
vt 0.470215 0.773438
vt 0.251465 0.530273
vt 0.242188 0.539062
vt 0.251465 0.539062
vt 0.462402 0.615723
vt 0.453125 0.625
vt 0.453125 0.615723
vt 0.114746 0.561035
vt 0.101562 0.570312
vt 0.101562 0.561035
vt 0.453125 0.600098
vt 0.462402 0.609375
vt 0.453125 0.609375
vt 0.442871 0.88916
vt 0.429688 0.898438
vt 0.429688 0.88916
vt 0.429688 0.882812
vt 0.438965 0.869629
vt 0.438965 0.882812
vt 0.438965 0.854004
vt 0.429688 0.867188
vt 0.438965 0.867188
vt 0.009277 0.510742
vt 0 0.515625
vt 0 0.510742
vt 0.475098 0.65918
vt 0.460938 0.664062
vt 0.460938 0.65918
vt 0.493652 0.987305
vt 0.484375 0.992188
vt 0.484375 0.987305
vt 0.475098 0.651367
vt 0.460938 0.65625
vt 0.460938 0.651367
vt 0.070312 0.578125
vt 0.07959 0.563965
vt 0.07959 0.578125
vt 0.421875 0.915527
vt 0.431152 0.929688
vt 0.431152 0.915527
vt 0.015625 0.510742
vt 0.024902 0.515625
vt 0.015625 0.515625
vt 0.475098 0.643555
vt 0.460938 0.648438
vt 0.460938 0.643555
vt 0.493652 0.979492
vt 0.484375 0.984375
vt 0.484375 0.979492
vt 0.367188 0.53418
vt 0.381348 0.539062
vt 0.367188 0.539062
vt 0.431152 0.914062
vt 0.421875 0.899902
vt 0.431152 0.899902
vt 0.134277 0.563965
vt 0.125 0.578125
vt 0.134277 0.578125
vt 0.453125 0.584473
vt 0.462402 0.59375
vt 0.453125 0.59375
vt 0.177246 0.561035
vt 0.164062 0.570312
vt 0.164062 0.561035
vt 0.462402 0.568848
vt 0.453125 0.578125
vt 0.453125 0.568848
vt 0.247559 0.561035
vt 0.234375 0.570312
vt 0.234375 0.561035
vt 0.259277 0.570312
vt 0.25 0.557129
vt 0.259277 0.557129
vt 0.429688 0.736816
vt 0.438965 0.75
vt 0.438965 0.736816
vt 0.303711 0.516602
vt 0.296875 0.523438
vt 0.296875 0.516602
vt 0.242188 0.899414
vt 0.262695 0.90625
vt 0.242188 0.90625
vt 0.319336 0.516602
vt 0.3125 0.523438
vt 0.3125 0.516602
vt 0.242188 0.782227
vt 0.262695 0.789062
vt 0.242188 0.789062
vt 0.203125 0.585938
vt 0.209961 0.56543
vt 0.209961 0.585938
vt 0.210938 0.56543
vt 0.217773 0.585938
vt 0.217773 0.56543
vt 0.327148 0.516602
vt 0.320312 0.523438
vt 0.320312 0.516602
vt 0.301758 0.790039
vt 0.28125 0.796875
vt 0.28125 0.790039
vt 0.34375 0.516602
vt 0.350586 0.523438
vt 0.34375 0.523438
vt 0.30957 0.860352
vt 0.289062 0.867188
vt 0.289062 0.860352
vt 0.225586 0.585938
vt 0.21875 0.56543
vt 0.225586 0.56543
vt 0.226562 0.56543
vt 0.233398 0.585938
vt 0.233398 0.56543
vt 0.499023 0.699219
vt 0.492188 0.703125
vt 0.492188 0.699219
vt 0.495117 0.738281
vt 0.484375 0.742188
vt 0.484375 0.738281
vt 0.304688 0.503906
vt 0.311523 0.507812
vt 0.304688 0.507812
vt 0.265625 0.511719
vt 0.276367 0.515625
vt 0.265625 0.515625
vt 0.389648 0.546875
vt 0.382812 0.536133
vt 0.389648 0.536133
vt 0.186523 0.52832
vt 0.179688 0.539062
vt 0.186523 0.539062
vt 0.499023 0.691406
vt 0.492188 0.695312
vt 0.492188 0.691406
vt 0.495117 0.730469
vt 0.484375 0.734375
vt 0.484375 0.730469
vt 0.319336 0.503906
vt 0.3125 0.507812
vt 0.3125 0.503906
vt 0.28125 0.511719
vt 0.291992 0.515625
vt 0.28125 0.515625
vt 0.460938 0.695312
vt 0.467773 0.68457
vt 0.467773 0.695312
vt 0.3125 0.52832
vt 0.319336 0.539062
vt 0.319336 0.52832
vt 0.085938 0.570312
vt 0.095215 0.585938
vt 0.085938 0.585938
vt 0.243164 0.570312
vt 0.234375 0.585938
vt 0.234375 0.570312
vt 0.11084 0.570312
vt 0.101562 0.585938
vt 0.101562 0.570312
vt 0.414062 0.734375
vt 0.422852 0.75
vt 0.414062 0.75
vt 0.11084 0.539062
vt 0.101562 0.530273
vt 0.11084 0.530273
vt 0.470215 0.866211
vt 0.460938 0.875
vt 0.470215 0.875
vt 0.421875 0.557617
vt 0.431152 0.570312
vt 0.421875 0.570312
vt 0.411621 0.791992
vt 0.398438 0.804688
vt 0.398438 0.791992
vt 0 0.549805
vt 0.009277 0.5625
vt 0 0.5625
vt 0.216309 0.588867
vt 0.203125 0.601562
vt 0.203125 0.588867
vt 0.431152 0.671875
vt 0.421875 0.658691
vt 0.431152 0.658691
vt 0.421875 0.643066
vt 0.431152 0.65625
vt 0.431152 0.643066
vt 0.17334 0.530273
vt 0.164062 0.539062
vt 0.164062 0.530273
vt 0.208496 0.553711
vt 0.195312 0.5625
vt 0.195312 0.553711
vt 0.460938 0.827148
vt 0.470215 0.835938
vt 0.460938 0.835938
vt 0.224121 0.553711
vt 0.210938 0.5625
vt 0.210938 0.553711
vt 0.421875 0.617188
vt 0.431152 0.604004
vt 0.431152 0.617188
vt 0.421875 0.588379
vt 0.431152 0.601562
vt 0.431152 0.588379
vt 0.414062 0.875
vt 0.42334 0.890625
vt 0.414062 0.890625
vt 0.422852 0.71875
vt 0.414062 0.734375
vt 0.414062 0.71875
vt 0.414062 0.859375
vt 0.42334 0.875
vt 0.414062 0.875
vt 0.335938 0.570312
vt 0.344727 0.585938
vt 0.335938 0.585938
vt 0.460938 0.820312
vt 0.470215 0.811523
vt 0.470215 0.820312
vt 0.195312 0.530273
vt 0.20459 0.539062
vt 0.20459 0.530273
vt 0.446777 0.987305
vt 0.4375 1
vt 0.4375 0.987305
vt 0.21875 0.588867
vt 0.231934 0.601562
vt 0.21875 0.601562
vt 0.446777 0.97168
vt 0.4375 0.984375
vt 0.4375 0.97168
vt 0.234375 0.588867
vt 0.247559 0.601562
vt 0.234375 0.601562
vt 0.421875 0.585938
vt 0.431152 0.572754
vt 0.431152 0.585938
vt 0.015625 0.557129
vt 0.024902 0.570312
vt 0.024902 0.557129
vt 0.470215 0.795898
vt 0.460938 0.804688
vt 0.460938 0.795898
vt 0.4375 0.780273
vt 0.450684 0.789062
vt 0.4375 0.789062
vt 0.220215 0.530273
vt 0.210938 0.539062
vt 0.210938 0.530273
vt 0.4375 0.764648
vt 0.450684 0.773438
vt 0.4375 0.773438
vt 0.438965 0.953125
vt 0.429688 0.939941
vt 0.438965 0.939941
vt 0.085938 0.557129
vt 0.095215 0.570312
vt 0.095215 0.557129
vt 0.085938 0.570312
vt 0.095215 0.585938
vt 0.085938 0.585938
vt 0.243164 0.570312
vt 0.234375 0.585938
vt 0.234375 0.570312
vt 0.11084 0.570312
vt 0.101562 0.585938
vt 0.101562 0.570312
vt 0.414062 0.734375
vt 0.422852 0.75
vt 0.414062 0.75
vt 0.11084 0.539062
vt 0.101562 0.530273
vt 0.11084 0.530273
vt 0.470215 0.866211
vt 0.460938 0.875
vt 0.470215 0.875
vt 0.054688 0.594727
vt 0.063965 0.617188
vt 0.054688 0.617188
vt 0.024902 0.727539
vt 0 0.75
vt 0 0.727539
vt 0.39209 0.922852
vt 0.382812 0.945312
vt 0.382812 0.922852
vt 0.07959 0.719727
vt 0.054688 0.742188
vt 0.054688 0.719727
vt 0.367188 0.875
vt 0.376465 0.850098
vt 0.376465 0.875
vt 0.140625 0.60791
vt 0.149902 0.632812
vt 0.149902 0.60791
vt 0.344727 0.476074
vt 0.34375 0.515625
vt 0.34375 0.476074
vt 0.149902 0.929199
vt 0.125 0.96875
vt 0.125 0.929199
vt 0.484375 0.608887
vt 0.485352 0.648438
vt 0.484375 0.648438
vt 0.063965 0.835449
vt 0.039062 0.875
vt 0.039062 0.835449
vt 0.320312 0.507812
vt 0.321289 0.48290999999999995
vt 0.321289 0.507812
vt 0.328125 0.48290999999999995
vt 0.329102 0.507812
vt 0.329102 0.48290999999999995
vt 0.508789 0.809082
vt 0.507812 0.8125
vt 0.507812 0.809082
vt 0.48584 0.902832
vt 0.460938 0.90625
vt 0.460938 0.902832
vt 0.195312 0.4887699999999999
vt 0.196289 0.49218800000000007
vt 0.195312 0.49218800000000007
vt 0.48584 0.89502
vt 0.460938 0.898438
vt 0.460938 0.89502
vt 0.335938 0.507812
vt 0.336914 0.48290999999999995
vt 0.336914 0.507812
vt 0.351562 0.48290999999999995
vt 0.352539 0.507812
vt 0.352539 0.48290999999999995
vt 0.07959 0.594727
vt 0.070312 0.617188
vt 0.070312 0.594727
vt 0.282715 0.860352
vt 0.257812 0.882812
vt 0.257812 0.860352
vt 0.382812 0.899414
vt 0.39209 0.921875
vt 0.382812 0.921875
vt 0.274902 0.719727
vt 0.25 0.742188
vt 0.25 0.719727
vt 0.15625 0.632812
vt 0.165527 0.60791
vt 0.165527 0.632812
vt 0.367188 0.818848
vt 0.376465 0.84375
vt 0.376465 0.818848
vt 0.382812 0.476074
vt 0.383789 0.515625
vt 0.382812 0.515625
vt 0.095215 0.835449
vt 0.070312 0.875
vt 0.070312 0.835449
vt 0.399414 0.476074
vt 0.398438 0.515625
vt 0.398438 0.476074
vt 0.149902 0.882324
vt 0.125 0.921875
vt 0.125 0.882324
vt 0.492188 0.648438
vt 0.493164 0.623535
vt 0.493164 0.648438
vt 0.359375 0.48290999999999995
vt 0.360352 0.507812
vt 0.360352 0.48290999999999995
vt 0.507812 0.80127
vt 0.508789 0.804688
vt 0.507812 0.804688
vt 0.48584 0.887207
vt 0.460938 0.890625
vt 0.460938 0.887207
vt 0.204102 0.4887699999999999
vt 0.203125 0.49218800000000007
vt 0.203125 0.4887699999999999
vt 0.48584 0.879395
vt 0.460938 0.882812
vt 0.460938 0.879395
vt 0.367188 0.507812
vt 0.368164 0.48290999999999995
vt 0.368164 0.507812
vt 0.375 0.48290999999999995
vt 0.375977 0.507812
vt 0.375977 0.48290999999999995
vt 0.07959 0.594727
vt 0.070312 0.617188
vt 0.070312 0.594727
vt 0.282715 0.860352
vt 0.257812 0.882812
vt 0.257812 0.860352
vt 0.39209 0.899414
vt 0.382812 0.921875
vt 0.382812 0.899414
vt 0.274902 0.719727
vt 0.25 0.742188
vt 0.25 0.719727
vt 0.15625 0.632812
vt 0.165527 0.60791
vt 0.165527 0.632812
vt 0.367188 0.818848
vt 0.376465 0.84375
vt 0.376465 0.818848
vt 0.416016 0.757324
vt 0.40625 0.773438
vt 0.40625 0.757324
vt 0.394531 0.718262
vt 0.382812 0.734375
vt 0.382812 0.718262
vt 0.259766 0.577637
vt 0.25 0.59375
vt 0.25 0.577637
vt 0.332031 0.601074
vt 0.320312 0.617188
vt 0.320312 0.601074
vt 0.085938 0.554688
vt 0.095703 0.542969
vt 0.095703 0.554688
vt 0.445312 0.894531
vt 0.455078 0.90625
vt 0.455078 0.894531
vt 0.335938 0.587402
vt 0.347656 0.601562
vt 0.335938 0.601562
vt 0.398438 0.618652
vt 0.410156 0.632812
vt 0.398438 0.632812
vt 0.402344 0.587402
vt 0.390625 0.601562
vt 0.390625 0.587402
vt 0.417969 0.98584
vt 0.40625 1
vt 0.40625 0.98584
vt 0.414062 0.632812
vt 0.425781 0.621094
vt 0.425781 0.632812
vt 0.390625 0.574219
vt 0.402344 0.585938
vt 0.402344 0.574219
vt 0.371094 0.601074
vt 0.359375 0.617188
vt 0.359375 0.601074
vt 0.386719 0.601074
vt 0.375 0.617188
vt 0.375 0.601074
vt 0 0.593262
vt 0.011719 0.609375
vt 0 0.609375
vt 0.390625 0.983887
vt 0.402344 1
vt 0.390625 1
vt 0.421875 1
vt 0.433594 0.988281
vt 0.433594 1
vt 0.421875 0.972656
vt 0.433594 0.984375
vt 0.433594 0.972656
vt 0.351562 0.919434
vt 0.335938 0.9375
vt 0.335938 0.919434
vt 0.09375 0.645996
vt 0.078125 0.664062
vt 0.078125 0.645996
vt 0.335938 0.895996
vt 0.351562 0.914062
vt 0.335938 0.914062
vt 0.351562 0.739746
vt 0.335938 0.757812
vt 0.335938 0.739746
vt 0.171875 0.648438
vt 0.15625 0.632812
vt 0.171875 0.632812
vt 0.171875 0.632812
vt 0.1875 0.648438
vt 0.1875 0.632812
vt 0.328125 0.65332
vt 0.3125 0.671875
vt 0.3125 0.65332
vt 0.34375 0.668945
vt 0.328125 0.6875
vt 0.328125 0.668945
vt 0.046875 0.645508
vt 0.03125 0.664062
vt 0.03125 0.645508
vt 0.351562 0.942383
vt 0.335938 0.960938
vt 0.335938 0.942383
vt 0.351562 0.8125
vt 0.367188 0.796875
vt 0.367188 0.8125
vt 0.351562 0.78125
vt 0.367188 0.796875
vt 0.367188 0.78125
vt 0.335938 0.716309
vt 0.351562 0.734375
vt 0.335938 0.734375
vt 0.328125 0.645996
vt 0.34375 0.664062
vt 0.328125 0.664062
vt 0 0.638184
vt 0.015625 0.65625
vt 0 0.65625
vt 0.359375 0.981934
vt 0.34375 1
vt 0.34375 0.981934
vt 0.351562 0.78125
vt 0.367188 0.765625
vt 0.367188 0.78125
vt 0.234375 0.632812
vt 0.25 0.648438
vt 0.25 0.632812
vt 0.0625 0.645508
vt 0.046875 0.664062
vt 0.046875 0.645508
vt 0.125 0.793945
vt 0.078125 0.8125
vt 0.078125 0.793945
vt 0.078125 0.645508
vt 0.0625 0.664062
vt 0.0625 0.645508
vt 0.171875 0.793945
vt 0.125 0.8125
vt 0.125 0.793945
vt 0.21875 0.875
vt 0.234375 0.828125
vt 0.234375 0.875
vt 0.226562 0.78125
vt 0.242188 0.828125
vt 0.242188 0.78125
vt 0.171875 0.583008
vt 0.164062 0.601562
vt 0.164062 0.583008
vt 0.21875 0.793945
vt 0.171875 0.8125
vt 0.171875 0.793945
vt 0.335938 0.575195
vt 0.328125 0.59375
vt 0.328125 0.575195
vt 0.242188 0.950195
vt 0.195312 0.96875
vt 0.195312 0.950195
vt 0.15625 0.695312
vt 0.164062 0.648438
vt 0.164062 0.695312
vt 0.164062 0.648438
vt 0.171875 0.695312
vt 0.171875 0.648438
vt 0.390625 0.575195
vt 0.382812 0.59375
vt 0.382812 0.575195
vt 0.242188 0.926758
vt 0.195312 0.945312
vt 0.195312 0.926758
vt 0.125 0.567383
vt 0.117188 0.585938
vt 0.117188 0.567383
vt 0.242188 0.90332
vt 0.195312 0.921875
vt 0.195312 0.90332
vt 0.171875 0.695312
vt 0.179688 0.648438
vt 0.179688 0.695312
vt 0.179688 0.648438
vt 0.1875 0.695312
vt 0.1875 0.648438
vt 0.359375 0.601074
vt 0.371094 0.617188
vt 0.359375 0.617188
vt 0.386719 0.601074
vt 0.375 0.617188
vt 0.375 0.601074
vt 0.011719 0.593262
vt 0 0.609375
vt 0 0.593262
vt 0.402344 0.983887
vt 0.390625 1
vt 0.390625 0.983887
vt 0.433594 1
vt 0.421875 0.988281
vt 0.433594 0.988281
vt 0.421875 0.972656
vt 0.433594 0.984375
vt 0.433594 0.972656
vt 0.417969 0.970215
vt 0.40625 0.984375
vt 0.40625 0.970215
vt 0.40625 0.95459
vt 0.417969 0.96875
vt 0.40625 0.96875
vt 0.40625 0.938965
vt 0.417969 0.953125
vt 0.40625 0.953125
vt 0.054688 0.57959
vt 0.066406 0.59375
vt 0.054688 0.59375
vt 0.042969 0.578125
vt 0.03125 0.566406
vt 0.042969 0.566406
vt 0.421875 0.957031
vt 0.433594 0.96875
vt 0.433594 0.957031
vt 0.464844 0.503906
vt 0.460938 0.507812
vt 0.460938 0.503906
vt 0.46875 0.503906
vt 0.472656 0.507812
vt 0.46875 0.507812
vt 0.480469 0.503906
vt 0.476562 0.507812
vt 0.476562 0.503906
vt 0.496094 0.519531
vt 0.492188 0.523438
vt 0.492188 0.519531
vt 0.484375 0.507812
vt 0.488281 0.503906
vt 0.488281 0.507812
vt 0.492188 0.503906
vt 0.496094 0.507812
vt 0.496094 0.503906
vt 0.503906 0.988281
vt 0.5 0.992188
vt 0.5 0.988281
vt 0.015625 0.49609400000000003
vt 0.019531 0.5
vt 0.015625 0.5
vt 0.503906 0.980469
vt 0.5 0.984375
vt 0.5 0.980469
vt 0.027344 0.49609400000000003
vt 0.023438 0.5
vt 0.023438 0.49609400000000003
vt 0.5 0.976562
vt 0.503906 0.972656
vt 0.503906 0.976562
vt 0.03125 0.49609400000000003
vt 0.035156 0.5
vt 0.035156 0.49609400000000003
vt 0.503906 0.964844
vt 0.5 0.96875
vt 0.5 0.964844
vt 0.039062 0.49609400000000003
vt 0.042969 0.5
vt 0.039062 0.5
vt 0.503906 0.957031
vt 0.5 0.960938
vt 0.5 0.957031
vt 0.503906 0.949219
vt 0.5 0.953125
vt 0.5 0.949219
vt 0.5 0.945312
vt 0.503906 0.941406
vt 0.503906 0.945312
vt 0.0625 0.49609400000000003
vt 0.066406 0.5
vt 0.066406 0.49609400000000003
vt 0.503906 0.933594
vt 0.5 0.9375
vt 0.5 0.933594
vt 0.070312 0.49609400000000003
vt 0.074219 0.5
vt 0.070312 0.5
vt 0.503906 0.925781
vt 0.5 0.929688
vt 0.5 0.925781
vt 0.082031 0.49609400000000003
vt 0.078125 0.5
vt 0.078125 0.49609400000000003
vt 0.5 0.921875
vt 0.503906 0.917969
vt 0.503906 0.921875
vt 0.085938 0.49609400000000003
vt 0.089844 0.5
vt 0.089844 0.49609400000000003
vt 0.097656 0.49609400000000003
vt 0.09375 0.5
vt 0.09375 0.49609400000000003
vt 0.503906 0.902344
vt 0.5 0.90625
vt 0.5 0.902344
vt 0.101562 0.49609400000000003
vt 0.105469 0.5
vt 0.101562 0.5
vt 0.503906 0.894531
vt 0.5 0.898438
vt 0.5 0.894531
vt 0.503906 0.890625
vt 0.5 0.886719
vt 0.503906 0.886719
vt 0.5 0.878906
vt 0.503906 0.882812
vt 0.503906 0.878906
vt 0.5 0.871094
vt 0.503906 0.875
vt 0.5 0.875
vt 0.5 0.863281
vt 0.503906 0.867188
vt 0.5 0.867188
vt 0.5 0.855469
vt 0.503906 0.859375
vt 0.5 0.859375
vt 0.152344 0.49609400000000003
vt 0.148438 0.5
vt 0.148438 0.49609400000000003
vt 0.15625 0.5
vt 0.160156 0.49609400000000003
vt 0.160156 0.5
vt 0.164062 0.49609400000000003
vt 0.167969 0.5
vt 0.167969 0.49609400000000003
vt 0.175781 0.49609400000000003
vt 0.171875 0.5
vt 0.171875 0.49609400000000003
vt 0.183594 0.49609400000000003
vt 0.179688 0.5
vt 0.179688 0.49609400000000003
vt 0.191406 0.49609400000000003
vt 0.1875 0.5
vt 0.1875 0.49609400000000003
vt 0.503906 0.808594
vt 0.5 0.8125
vt 0.5 0.808594
vt 0.199219 0.5
vt 0.195312 0.49609400000000003
vt 0.199219 0.49609400000000003
vt 0.503906 0.800781
vt 0.5 0.804688
vt 0.503906 0.804688
vt 0.140625 0.520508
vt 0.144531 0.546875
vt 0.140625 0.546875
vt 0.223633 0.762695
vt 0.195312 0.789062
vt 0.195312 0.762695
vt 0.152344 0.520508
vt 0.148438 0.546875
vt 0.148438 0.520508
vt 0.02832 0.754883
vt 0 0.78125
vt 0 0.754883
vt 0.445312 0.554688
vt 0.449219 0.526367
vt 0.449219 0.554688
vt 0 0.518555
vt 0.003906 0.546875
vt 0.003906 0.518555
vt 0.109375 0.62207
vt 0.118652 0.648438
vt 0.109375 0.648438
vt 0.162598 0.731445
vt 0.140625 0.757812
vt 0.140625 0.731445
vt 0.134277 0.62207
vt 0.125 0.648438
vt 0.125 0.62207
vt 0.186035 0.731445
vt 0.164062 0.757812
vt 0.164062 0.731445
vt 0.382812 0.84375
vt 0.39209 0.821777
vt 0.39209 0.84375
vt 0.382812 0.79834
vt 0.39209 0.820312
vt 0.39209 0.79834
vt 0.205566 0.518555
vt 0.195312 0.523438
vt 0.195312 0.518555
vt 0.474121 0.84668
vt 0.453125 0.851562
vt 0.453125 0.84668
vt 0.476562 0.799805
vt 0.486816 0.804688
vt 0.476562 0.804688
vt 0.474121 0.838867
vt 0.453125 0.84375
vt 0.453125 0.838867
vt 0.34375 0.625
vt 0.354004 0.604004
vt 0.354004 0.625
vt 0.375 0.635254
vt 0.385254 0.65625
vt 0.385254 0.635254
vt 0.056152 0.529785
vt 0.046875 0.539062
vt 0.046875 0.529785
vt 0.158691 0.592285
vt 0.140625 0.601562
vt 0.140625 0.592285
vt 0.460938 0.943848
vt 0.470215 0.953125
vt 0.460938 0.953125
vt 0.416504 0.834473
vt 0.398438 0.84375
vt 0.398438 0.834473
vt 0.398438 0.828125
vt 0.407715 0.810059
vt 0.407715 0.828125
vt 0.1875 0.583496
vt 0.196777 0.601562
vt 0.196777 0.583496
vt 0.14209 0.510742
vt 0.132812 0.515625
vt 0.132812 0.510742
vt 0.477539 0.706055
vt 0.460938 0.710938
vt 0.460938 0.706055
vt 0.493652 0.862305
vt 0.484375 0.867188
vt 0.484375 0.862305
vt 0.477539 0.698242
vt 0.460938 0.703125
vt 0.460938 0.698242
vt 0.40625 0.671875
vt 0.415527 0.655273
vt 0.415527 0.671875
vt 0.351562 0.577148
vt 0.36084 0.59375
vt 0.36084 0.577148
vt 0.457031 0.97168
vt 0.453125 1
vt 0.453125 0.97168
vt 0.061035 0.768555
vt 0.03125 0.796875
vt 0.03125 0.768555
vt 0.007812 0.518555
vt 0.011719 0.546875
vt 0.007812 0.546875
vt 0.092285 0.760742
vt 0.0625 0.789062
vt 0.0625 0.760742
vt 0.4375 0.820312
vt 0.441406 0.790527
vt 0.441406 0.820312
vt 0.1875 0.532715
vt 0.191406 0.5625
vt 0.191406 0.532715
vt 0.121094 0.520508
vt 0.117188 0.546875
vt 0.117188 0.520508
vt 0.161133 0.762695
vt 0.132812 0.789062
vt 0.132812 0.762695
vt 0.125 0.520508
vt 0.128906 0.546875
vt 0.125 0.546875
vt 0.192383 0.762695
vt 0.164062 0.789062
vt 0.164062 0.762695
vt 0.414062 0.554688
vt 0.417969 0.526367
vt 0.417969 0.554688
vt 0.421875 0.526367
vt 0.425781 0.554688
vt 0.425781 0.526367
vt 0.36084 0.911133
vt 0.351562 0.9375
vt 0.351562 0.911133
vt 0.26416 0.911133
vt 0.242188 0.9375
vt 0.242188 0.911133
vt 0.09375 0.62207
vt 0.103027 0.648438
vt 0.09375 0.648438
vt 0.13916 0.731445
vt 0.117188 0.757812
vt 0.117188 0.731445
vt 0.125 0.617188
vt 0.134277 0.595215
vt 0.134277 0.617188
vt 0.382812 0.845215
vt 0.39209 0.867188
vt 0.39209 0.845215
vt 0.164062 0.518555
vt 0.174316 0.523438
vt 0.164062 0.523438
vt 0.474121 0.916992
vt 0.453125 0.921875
vt 0.453125 0.916992
vt 0.486816 0.807617
vt 0.476562 0.8125
vt 0.476562 0.807617
vt 0.474121 0.90918
vt 0.453125 0.914062
vt 0.453125 0.90918
vt 0.375 1
vt 0.385254 0.979004
vt 0.385254 1
vt 0.375 0.658691
vt 0.385254 0.679688
vt 0.385254 0.658691
vt 0.429688 0.526367
vt 0.433594 0.554688
vt 0.429688 0.554688
vt 0.029785 0.78418
vt 0 0.8125
vt 0 0.78418
vt 0.441406 0.526367
vt 0.4375 0.554688
vt 0.4375 0.526367
vt 0.23291 0.97168
vt 0.203125 1
vt 0.203125 0.97168
vt 0.179688 0.570312
vt 0.183594 0.540527
vt 0.183594 0.570312
vt 0.132812 0.532715
vt 0.136719 0.5625
vt 0.136719 0.532715
vt 0.460938 0.975098
vt 0.470215 0.984375
vt 0.460938 0.984375
vt 0.416504 0.912598
vt 0.398438 0.921875
vt 0.398438 0.912598
vt 0.470215 0.959473
vt 0.460938 0.96875
vt 0.460938 0.959473
vt 0.416504 0.896973
vt 0.398438 0.90625
vt 0.398438 0.896973
vt 0.398438 0.890625
vt 0.407715 0.872559
vt 0.407715 0.890625
vt 0.398438 0.849121
vt 0.407715 0.867188
vt 0.407715 0.849121
vt 0.126465 0.510742
vt 0.117188 0.515625
vt 0.117188 0.510742
vt 0.477539 0.713867
vt 0.460938 0.71875
vt 0.460938 0.713867
vt 0.493652 0.870117
vt 0.484375 0.875
vt 0.484375 0.870117
vt 0.305664 0.53418
vt 0.289062 0.539062
vt 0.289062 0.53418
vt 0.40625 0.695312
vt 0.415527 0.678711
vt 0.415527 0.695312
vt 0.3125 0.577148
vt 0.321777 0.59375
vt 0.321777 0.577148
vt 0.493652 0.601562
vt 0.492188 0.617188
vt 0.492188 0.601562
vt 0.358398 0.671875
vt 0.351562 0.6875
vt 0.351562 0.671875
vt 0.39209 0.49218800000000007
vt 0.390625 0.507812
vt 0.390625 0.49218800000000007
vt 0.445312 0.617188
vt 0.452148 0.632812
vt 0.445312 0.632812
vt 0.507812 0.84375
vt 0.509277 0.836914
vt 0.509277 0.84375
vt 0.164062 0.485352
vt 0.165527 0.49218800000000007
vt 0.165527 0.485352
vt 0.493652 0.585938
vt 0.492188 0.601562
vt 0.492188 0.585938
vt 0.459961 0.953125
vt 0.453125 0.96875
vt 0.453125 0.953125
vt 0.407715 0.49218800000000007
vt 0.40625 0.507812
vt 0.40625 0.49218800000000007
vt 0.453125 0.921875
vt 0.459961 0.9375
vt 0.453125 0.9375
vt 0.507812 0.835938
vt 0.509277 0.829102
vt 0.509277 0.835938
vt 0.171875 0.485352
vt 0.17334 0.49218800000000007
vt 0.17334 0.485352
vt 0.379883 0.895996
vt 0.367188 0.914062
vt 0.367188 0.895996
vt 0.328125 0.520996
vt 0.332031 0.539062
vt 0.328125 0.539062
vt 0.18457 0.614746
vt 0.171875 0.632812
vt 0.171875 0.614746
vt 0.339844 0.520996
vt 0.335938 0.539062
vt 0.335938 0.520996
vt 0.476562 0.789062
vt 0.489258 0.785156
vt 0.489258 0.789062
vt 0.476562 0.777344
vt 0.489258 0.78125
vt 0.489258 0.777344
vt 0.509277 0.821777
vt 0.507812 0.828125
vt 0.507812 0.821777
vt 0.484375 0.665527
vt 0.490723 0.671875
vt 0.484375 0.671875
vt 0.181152 0.48584000000000005
vt 0.179688 0.49218800000000007
vt 0.179688 0.48584000000000005
vt 0.342285 0.509277
vt 0.335938 0.515625
vt 0.335938 0.509277
vt 0.507812 0.820312
vt 0.509277 0.813965
vt 0.509277 0.820312
vt 0.1875 0.48584000000000005
vt 0.188965 0.49218800000000007
vt 0.188965 0.48584000000000005
vt 0.334473 0.512695
vt 0.320312 0.515625
vt 0.320312 0.512695
vt 0.503906 0.575195
vt 0.5 0.578125
vt 0.5 0.575195
vt 0.498535 0.676758
vt 0.484375 0.679688
vt 0.484375 0.676758
vt 0.5 0.567383
vt 0.503906 0.570312
vt 0.5 0.570312
vt 0.476562 0.914062
vt 0.490723 0.910156
vt 0.490723 0.914062
vt 0.476562 0.847656
vt 0.490723 0.851562
vt 0.490723 0.847656
vt 0.09375 0.734375
vt 0.085938 0.742188
vt 0.085938 0.734375
vt 0.484375 0.59375
vt 0.489258 0.601562
vt 0.484375 0.601562
vt 0.117188 0.726562
vt 0.109375 0.734375
vt 0.109375 0.726562
vt 0.40625 0.507812
vt 0.411133 0.515625
vt 0.40625 0.515625
vt 0.492188 0.59375
vt 0.484375 0.588867
vt 0.492188 0.588867
vt 0.414062 0.510742
vt 0.421875 0.515625
vt 0.421875 0.510742
vt 0.515625 0.904785
vt 0.507812 0.90625
vt 0.507812 0.904785
vt 0.109375 0.490723
vt 0.101562 0.49218800000000007
vt 0.101562 0.490723
vt 0.515625 0.896973
vt 0.507812 0.898438
vt 0.507812 0.896973
vt 0.109375 0.490723
vt 0.117188 0.49218800000000007
vt 0.109375 0.49218800000000007
vt 0.476562 0.992188
vt 0.484375 0.984375
vt 0.484375 0.992188
vt 0.015625 0.515625
vt 0.023438 0.523438
vt 0.023438 0.515625
vt 0.508789 0.63916
vt 0.5 0.640625
vt 0.5 0.63916
vt 0.515625 0.88916
vt 0.507812 0.890625
vt 0.507812 0.88916
vt 0.508789 0.631348
vt 0.5 0.632812
vt 0.5 0.631348
vt 0.125 0.490723
vt 0.117188 0.49218800000000007
vt 0.117188 0.490723
vt 0.46875 0.554688
vt 0.477539 0.546875
vt 0.477539 0.554688
vt 0.461914 0.523438
vt 0.453125 0.53125
vt 0.461914 0.53125
vt 0.515625 0.881348
vt 0.507812 0.882812
vt 0.507812 0.881348
vt 0.132812 0.490723
vt 0.125 0.49218800000000007
vt 0.125 0.490723
vt 0.515625 0.873535
vt 0.507812 0.875
vt 0.507812 0.873535
vt 0.132812 0.490723
vt 0.140625 0.49218800000000007
vt 0.132812 0.49218800000000007
vt 0.476562 0.984375
vt 0.484375 0.976562
vt 0.484375 0.984375
vt 0.023438 0.515625
vt 0.03125 0.523438
vt 0.03125 0.515625
vt 0.508789 0.623535
vt 0.5 0.625
vt 0.5 0.623535
vt 0.515625 0.865723
vt 0.507812 0.867188
vt 0.507812 0.865723
vt 0.508789 0.615723
vt 0.5 0.617188
vt 0.5 0.615723
vt 0.148438 0.490723
vt 0.140625 0.49218800000000007
vt 0.140625 0.490723
vt 0.46875 0.546875
vt 0.477539 0.539062
vt 0.477539 0.546875
vt 0.477539 0.53125
vt 0.46875 0.539062
vt 0.477539 0.539062
vt 0.515625 0.959473
vt 0.507812 0.960938
vt 0.507812 0.959473
vt 0.515625 0.95166
vt 0.507812 0.953125
vt 0.507812 0.95166
vt 0.515625 0.943848
vt 0.507812 0.945312
vt 0.507812 0.943848
vt 0.0625 0.490723
vt 0.070312 0.49218800000000007
vt 0.0625 0.49218800000000007
vt 0.429688 0.9375
vt 0.4375 0.929688
vt 0.4375 0.9375
vt 0.429688 0.84375
vt 0.4375 0.851562
vt 0.4375 0.84375
vt 0.508789 0.686035
vt 0.5 0.6875
vt 0.5 0.686035
vt 0.515625 0.936035
vt 0.507812 0.9375
vt 0.507812 0.936035
vt 0.508789 0.678223
vt 0.5 0.679688
vt 0.5 0.678223
vt 0.078125 0.490723
vt 0.070312 0.49218800000000007
vt 0.070312 0.490723
vt 0.46875 0.585938
vt 0.477539 0.578125
vt 0.477539 0.585938
vt 0.477539 0.570312
vt 0.46875 0.578125
vt 0.477539 0.578125
vt 0.515625 0.928223
vt 0.507812 0.929688
vt 0.507812 0.928223
vt 0.085938 0.490723
vt 0.078125 0.49218800000000007
vt 0.078125 0.490723
vt 0.515625 0.92041
vt 0.507812 0.921875
vt 0.507812 0.92041
vt 0.085938 0.490723
vt 0.09375 0.49218800000000007
vt 0.085938 0.49218800000000007
vt 0.4375 0.90625
vt 0.445312 0.898438
vt 0.445312 0.90625
vt 0.226562 0.554688
vt 0.234375 0.5625
vt 0.234375 0.554688
vt 0.508789 0.67041
vt 0.5 0.671875
vt 0.5 0.67041
vt 0.515625 0.912598
vt 0.507812 0.914062
vt 0.507812 0.912598
vt 0.508789 0.646973
vt 0.5 0.648438
vt 0.5 0.646973
vt 0.101562 0.490723
vt 0.09375 0.49218800000000007
vt 0.09375 0.490723
vt 0.46875 0.570312
vt 0.477539 0.5625
vt 0.477539 0.570312
vt 0.477539 0.554688
vt 0.46875 0.5625
vt 0.477539 0.5625
vt 0.445312 0.49853499999999995
vt 0.4375 0.5
vt 0.4375 0.49853499999999995
vt 0.507812 0.561035
vt 0.5 0.5625
vt 0.5 0.561035
vt 0.453125 0.49853499999999995
vt 0.445312 0.5
vt 0.445312 0.49853499999999995
vt 0.507812 0.553223
vt 0.5 0.554688
vt 0.5 0.553223
vt 0.382812 0.890625
vt 0.375 0.882812
vt 0.382812 0.882812
vt 0.375 0.742188
vt 0.382812 0.75
vt 0.382812 0.742188
vt 0.453125 0.49853499999999995
vt 0.460938 0.5
vt 0.453125 0.5
vt 0.507812 0.54541
vt 0.5 0.546875
vt 0.5 0.54541
vt 0.46875 0.49853499999999995
vt 0.460938 0.5
vt 0.460938 0.49853499999999995
vt 0.5 0.537598
vt 0.507812 0.539062
vt 0.5 0.539062
vt 0.398438 0.875
vt 0.390625 0.867188
vt 0.398438 0.867188
vt 0.398438 0.78125
vt 0.40625 0.789062
vt 0.40625 0.78125
vt 0.25 0.49853499999999995
vt 0.258789 0.5
vt 0.25 0.5
vt 0.46875 0.49853499999999995
vt 0.476562 0.5
vt 0.46875 0.5
vt 0.508789 0.740723
vt 0.5 0.742188
vt 0.5 0.740723
vt 0.484375 0.49853499999999995
vt 0.476562 0.5
vt 0.476562 0.49853499999999995
vt 0.46875 0.671875
vt 0.477539 0.664062
vt 0.477539 0.671875
vt 0.375977 0.523438
vt 0.367188 0.53125
vt 0.375977 0.53125
vt 0.5 0.73291
vt 0.508789 0.734375
vt 0.5 0.734375
vt 0.507812 0.521973
vt 0.5 0.523438
vt 0.5 0.521973
vt 0.5 0.717285
vt 0.508789 0.71875
vt 0.5 0.71875
vt 0.484375 0.49853499999999995
vt 0.492188 0.5
vt 0.484375 0.5
vt 0.477539 0.632812
vt 0.46875 0.625
vt 0.477539 0.625
vt 0.477539 0.617188
vt 0.46875 0.625
vt 0.477539 0.625
vt 0.507812 0.51416
vt 0.5 0.515625
vt 0.5 0.51416
vt 0.492188 0.49853499999999995
vt 0.5 0.5
vt 0.492188 0.5
vt 0.507812 0.506348
vt 0.5 0.507812
vt 0.5 0.506348
vt 0.5 0.49853499999999995
vt 0.507812 0.5
vt 0.5 0.5
vt 0.398438 0.71875
vt 0.40625 0.710938
vt 0.40625 0.71875
vt 0.359375 0.59375
vt 0.351562 0.601562
vt 0.359375 0.601562
vt 0.508789 0.709473
vt 0.5 0.710938
vt 0.5 0.709473
vt 0.515625 0.990723
vt 0.507812 0.992188
vt 0.507812 0.990723
vt 0.5 0.70166
vt 0.508789 0.703125
vt 0.5 0.703125
vt 0.023438 0.490723
vt 0.015625 0.49218800000000007
vt 0.015625 0.490723
vt 0.477539 0.617188
vt 0.46875 0.609375
vt 0.477539 0.609375
vt 0.46875 0.601562
vt 0.477539 0.609375
vt 0.477539 0.601562
vt 0.515625 0.98291
vt 0.507812 0.984375
vt 0.507812 0.98291
vt 0.03125 0.490723
vt 0.023438 0.49218800000000007
vt 0.023438 0.490723
vt 0.507812 0.975098
vt 0.515625 0.976562
vt 0.507812 0.976562
vt 0.03125 0.490723
vt 0.039062 0.49218800000000007
vt 0.03125 0.49218800000000007
vt 0.421875 0.898438
vt 0.429688 0.890625
vt 0.429688 0.898438
vt 0.171875 0.570312
vt 0.164062 0.578125
vt 0.171875 0.578125
vt 0.304688 0.49853499999999995
vt 0.313477 0.5
vt 0.304688 0.5
vt 0.515625 0.967285
vt 0.507812 0.96875
vt 0.507812 0.967285
vt 0.508789 0.693848
vt 0.5 0.695312
vt 0.5 0.693848
vt 0.039062 0.490723
vt 0.046875 0.49218800000000007
vt 0.039062 0.49218800000000007
vt 0.46875 0.601562
vt 0.477539 0.59375
vt 0.477539 0.601562
vt 0.46875 0.585938
vt 0.477539 0.59375
vt 0.477539 0.585938
vt 0.367188 0.75
vt 0.351562 0.765625
vt 0.351562 0.75
vt 0.308594 0.515625
vt 0.304688 0.53125
vt 0.304688 0.515625
vt 0.367188 0.734375
vt 0.351562 0.75
vt 0.351562 0.734375
vt 0.382812 0.515625
vt 0.386719 0.53125
vt 0.382812 0.53125
vt 0.46875 0.53125
vt 0.484375 0.527344
vt 0.484375 0.53125
vt 0.476562 0.996094
vt 0.492188 1
vt 0.492188 0.996094
vt 0.273438 0.835938
vt 0.234375 0.851562
vt 0.234375 0.835938
vt 0.476562 0.632812
vt 0.479492 0.648438
vt 0.476562 0.648438
vt 0.28125 0.953125
vt 0.242188 0.96875
vt 0.242188 0.953125
vt 0.367188 0.507812
vt 0.370117 0.523438
vt 0.367188 0.523438
vt 0.4375 0.757812
vt 0.476562 0.754883
vt 0.476562 0.757812
vt 0.4375 0.637695
vt 0.476562 0.640625
vt 0.476562 0.637695
vt 0.280273 0.9375
vt 0.242188 0.953125
vt 0.242188 0.9375
vt 0.37793 0.507812
vt 0.375 0.523438
vt 0.375 0.507812
vt 0.054688 0.742188
vt 0.092773 0.757812
vt 0.054688 0.757812
vt 0.393555 0.507812
vt 0.390625 0.523438
vt 0.390625 0.507812
vt 0.445312 0.859375
vt 0.483398 0.856445
vt 0.483398 0.859375
vt 0.351562 0.551758
vt 0.389648 0.554688
vt 0.389648 0.551758
vt 0.40332 0.76709
vt 0.390625 0.78125
vt 0.390625 0.76709
vt 0.28125 0.728027
vt 0.311523 0.742188
vt 0.28125 0.742188
vt 0.40332 0.751465
vt 0.390625 0.765625
vt 0.390625 0.751465
vt 0.295898 0.70459
vt 0.265625 0.71875
vt 0.265625 0.70459
vt 0.289062 0.773438
vt 0.301758 0.743164
vt 0.301758 0.773438
vt 0.265625 0.672852
vt 0.27832 0.703125
vt 0.27832 0.672852
vt 0.40332 0.696777
vt 0.390625 0.710938
vt 0.390625 0.696777
vt 0.078125 0.696777
vt 0.108398 0.710938
vt 0.078125 0.710938
vt 0.40332 0.681152
vt 0.390625 0.695312
vt 0.390625 0.681152
vt 0.139648 0.696777
vt 0.109375 0.710938
vt 0.109375 0.696777
vt 0.296875 0.726562
vt 0.30957 0.696289
vt 0.30957 0.726562
vt 0.28125 0.672852
vt 0.293945 0.703125
vt 0.293945 0.672852
vt 0.40332 0.665527
vt 0.390625 0.679688
vt 0.390625 0.665527
vt 0.289062 0.868652
vt 0.318848 0.882812
vt 0.289062 0.882812
vt 0.40332 0.649902
vt 0.390625 0.664062
vt 0.390625 0.649902
vt 0.140625 0.696777
vt 0.17041 0.710938
vt 0.140625 0.710938
vt 0.043945 0.695312
vt 0.03125 0.665527
vt 0.043945 0.665527
vt 0.05957 0.665527
vt 0.046875 0.695312
vt 0.05957 0.695312
vt 0.40332 0.634277
vt 0.390625 0.648438
vt 0.390625 0.634277
vt 0.20166 0.696777
vt 0.171875 0.710938
vt 0.171875 0.696777
vt 0.40332 0.603027
vt 0.390625 0.617188
vt 0.390625 0.603027
vt 0.23291 0.696777
vt 0.203125 0.710938
vt 0.203125 0.696777
vt 0.0625 0.695312
vt 0.075195 0.665527
vt 0.075195 0.695312
vt 0.078125 0.665527
vt 0.09082 0.695312
vt 0.09082 0.665527
vt 0.311523 0.983398
vt 0.28125 1
vt 0.28125 0.983398
vt 0.03125 0.639648
vt 0.015625 0.65625
vt 0.015625 0.639648
vt 0.311523 0.959961
vt 0.28125 0.976562
vt 0.28125 0.959961
vt 0.1875 0.639648
vt 0.203125 0.65625
vt 0.1875 0.65625
vt 0.28125 0.898438
vt 0.311523 0.882812
vt 0.311523 0.898438
vt 0.28125 0.828125
vt 0.311523 0.84375
vt 0.311523 0.828125
vt 0.077148 0.702148
vt 0.046875 0.71875
vt 0.046875 0.702148
vt 0.21875 0.639648
vt 0.203125 0.65625
vt 0.203125 0.639648
vt 0.311523 0.936523
vt 0.28125 0.953125
vt 0.28125 0.936523
vt 0.21875 0.639648
vt 0.234375 0.65625
vt 0.21875 0.65625
vt 0.28125 0.828125
vt 0.311523 0.8125
vt 0.311523 0.828125
vt 0.28125 0.796875
vt 0.311523 0.8125
vt 0.311523 0.796875
vt 0.273438 0.78125
vt 0.265625 0.789062
vt 0.265625 0.78125
vt 0.489258 0.578125
vt 0.484375 0.585938
vt 0.484375 0.578125
vt 0.273438 0.835938
vt 0.28125 0.84375
vt 0.273438 0.84375
vt 0.426758 0.507812
vt 0.421875 0.515625
vt 0.421875 0.507812
vt 0.492188 0.578125
vt 0.484375 0.573242
vt 0.492188 0.573242
vt 0.4375 0.510742
vt 0.429688 0.515625
vt 0.4375 0.515625
vt 0.085938 0.710938
vt 0.078125 0.71875
vt 0.078125 0.710938
vt 0.484375 0.710938
vt 0.489746 0.71875
vt 0.484375 0.71875
vt 0.3125 0.789062
vt 0.304688 0.796875
vt 0.304688 0.789062
vt 0.489746 0.703125
vt 0.484375 0.710938
vt 0.484375 0.703125
vt 0.296875 0.515625
vt 0.304688 0.510254
vt 0.304688 0.515625
vt 0.484375 0.697754
vt 0.492188 0.703125
vt 0.492188 0.697754
vt 0.351562 0.804688
vt 0.34375 0.8125
vt 0.34375 0.804688
vt 0.304688 0.507812
vt 0.310059 0.515625
vt 0.304688 0.515625
vt 0.3125 0.648438
vt 0.304688 0.65625
vt 0.304688 0.648438
vt 0.489746 0.6875
vt 0.484375 0.695312
vt 0.484375 0.6875
vt 0.3125 0.515625
vt 0.320312 0.510254
vt 0.320312 0.515625
vt 0.484375 0.682129
vt 0.492188 0.6875
vt 0.492188 0.682129
vt 0.320312 0.640625
vt 0.328125 0.648438
vt 0.320312 0.648438
vt 0.484375 0.5625
vt 0.489258 0.570312
vt 0.484375 0.570312
vt 0.296875 0.625
vt 0.289062 0.632812
vt 0.289062 0.625
vt 0.4375 0.507812
vt 0.442383 0.515625
vt 0.4375 0.515625
vt 0.484375 0.5625
vt 0.492188 0.557617
vt 0.492188 0.5625
vt 0.445312 0.510742
vt 0.453125 0.515625
vt 0.453125 0.510742
vt 0.301758 0.545898
vt 0.289062 0.554688
vt 0.289062 0.545898
vt 0.450684 0.709961
vt 0.4375 0.71875
vt 0.4375 0.709961
vt 0.317383 0.545898
vt 0.304688 0.554688
vt 0.304688 0.545898
vt 0.4375 0.694336
vt 0.450684 0.703125
vt 0.4375 0.703125
vt 0.398438 0.75
vt 0.411133 0.736816
vt 0.411133 0.75
vt 0.398438 0.721191
vt 0.411133 0.734375
vt 0.411133 0.721191
vt 0.509277 0.79541
vt 0.507812 0.796875
vt 0.507812 0.79541
vt 0.46875 0.51416
vt 0.493652 0.515625
vt 0.46875 0.515625
vt 0.212402 0.490723
vt 0.210938 0.49218800000000007
vt 0.210938 0.490723
vt 0.509277 0.529785
vt 0.484375 0.53125
vt 0.484375 0.529785
vt 0 0.507812
vt 0.001465 0.48290999999999995
vt 0.001465 0.507812
vt 0.007812 0.48290999999999995
vt 0.009277 0.507812
vt 0.009277 0.48290999999999995
vt 0.333008 0.545898
vt 0.320312 0.554688
vt 0.320312 0.545898
vt 0.496094 0.897461
vt 0.492188 0.90625
vt 0.492188 0.897461
vt 0.348633 0.545898
vt 0.335938 0.554688
vt 0.335938 0.545898
vt 0.109375 0.499023
vt 0.113281 0.507812
vt 0.109375 0.507812
vt 0.476562 0.796875
vt 0.489258 0.792969
vt 0.489258 0.796875
vt 0.210938 0.519531
vt 0.223633 0.523438
vt 0.223633 0.519531
vt 0.078125 0.789062
vt 0.0625 0.796875
vt 0.0625 0.789062
vt 0.0625 0.757812
vt 0.054688 0.765625
vt 0.054688 0.757812
vt 0.132812 0.757812
vt 0.117188 0.765625
vt 0.117188 0.757812
vt 0.242188 0.828125
vt 0.234375 0.835938
vt 0.234375 0.828125
vt 0.257812 0.859375
vt 0.273438 0.851562
vt 0.273438 0.859375
vt 0.273438 0.765625
vt 0.289062 0.773438
vt 0.289062 0.765625
vt 0.509277 0.787598
vt 0.507812 0.789062
vt 0.507812 0.787598
vt 0.492188 0.998535
vt 0.51709 1
vt 0.492188 1
vt 0.220215 0.490723
vt 0.21875 0.49218800000000007
vt 0.21875 0.490723
vt 0.040527 0.506348
vt 0.015625 0.507812
vt 0.015625 0.506348
vt 0.046875 0.507812
vt 0.04834 0.48290999999999995
vt 0.04834 0.507812
vt 0.054688 0.48290999999999995
vt 0.056152 0.507812
vt 0.056152 0.48290999999999995
vt 0.507812 0.60791
vt 0.5 0.609375
vt 0.5 0.60791
vt 0.507812 0.779785
vt 0.509277 0.78125
vt 0.507812 0.78125
vt 0.507812 0.600098
vt 0.5 0.601562
vt 0.5 0.600098
vt 0.228027 0.490723
vt 0.226562 0.49218800000000007
vt 0.226562 0.490723
vt 0.5 0.59375
vt 0.507812 0.592285
vt 0.507812 0.59375
vt 0.5 0.584473
vt 0.507812 0.585938
vt 0.507812 0.584473
vt 0.362305 0.711914
vt 0.351562 0.734375
vt 0.351562 0.711914
vt 0.286621 0.649414
vt 0.273438 0.671875
vt 0.273438 0.649414
vt 0.28418 0.625977
vt 0.273438 0.648438
vt 0.273438 0.625977
vt 0.341309 0.688477
vt 0.328125 0.710938
vt 0.328125 0.688477
vt 0.414062 0.859375
vt 0.424805 0.846191
vt 0.424805 0.859375
vt 0.171875 0.572754
vt 0.182617 0.585938
vt 0.182617 0.572754
vt 0.362305 0.688477
vt 0.351562 0.710938
vt 0.351562 0.688477
vt 0.31543 0.625977
vt 0.304688 0.648438
vt 0.304688 0.625977
vt 0.354492 0.625977
vt 0.34375 0.648438
vt 0.34375 0.625977
vt 0.370117 0.977539
vt 0.359375 1
vt 0.359375 0.977539
vt 0.4375 0.65625
vt 0.448242 0.645508
vt 0.448242 0.65625
vt 0.4375 0.606445
vt 0.448242 0.617188
vt 0.448242 0.606445
vt 0.041992 0.618164
vt 0.03125 0.640625
vt 0.03125 0.618164
vt 0.057617 0.618164
vt 0.046875 0.640625
vt 0.046875 0.618164
vt 0.073242 0.618164
vt 0.0625 0.640625
vt 0.0625 0.618164
vt 0.088867 0.618164
vt 0.078125 0.640625
vt 0.078125 0.618164
vt 0.4375 0.601562
vt 0.448242 0.59082
vt 0.448242 0.601562
vt 0.4375 0.575195
vt 0.448242 0.585938
vt 0.448242 0.575195
vt 0.370117 0.665039
vt 0.359375 0.6875
vt 0.359375 0.665039
vt 0.331055 0.618164
vt 0.320312 0.640625
vt 0.320312 0.618164
vt 0.370117 0.641602
vt 0.359375 0.664062
vt 0.359375 0.641602
vt 0.370117 0.618164
vt 0.359375 0.640625
vt 0.359375 0.618164
vt 0.4375 0.570312
vt 0.448242 0.55957
vt 0.448242 0.570312
vt 0.015625 0.543945
vt 0.026367 0.554688
vt 0.026367 0.543945
vt 0.010742 0.610352
vt 0 0.632812
vt 0 0.610352
vt 0.026367 0.610352
vt 0.015625 0.632812
vt 0.015625 0.610352
vt 0.37793 0.938477
vt 0.367188 0.960938
vt 0.367188 0.938477
vt 0.37793 0.915039
vt 0.367188 0.9375
vt 0.367188 0.915039
vt 0.046875 0.554688
vt 0.057617 0.543945
vt 0.057617 0.554688
vt 0.445312 0.942383
vt 0.456055 0.953125
vt 0.456055 0.942383
vt 0.234375 0.878906
vt 0.195312 0.898438
vt 0.195312 0.878906
vt 0.356445 0.652344
vt 0.34375 0.671875
vt 0.34375 0.652344
vt 0.132812 0.769531
vt 0.09375 0.789062
vt 0.09375 0.769531
vt 0.364258 0.941406
vt 0.351562 0.960938
vt 0.351562 0.941406
vt 0.28125 0.929688
vt 0.320312 0.916992
vt 0.320312 0.929688
vt 0.28125 0.901367
vt 0.320312 0.914062
vt 0.320312 0.901367
vt 0.071777 0.503906
vt 0.0625 0.507812
vt 0.0625 0.503906
vt 0.087402 0.503906
vt 0.078125 0.507812
vt 0.078125 0.503906
vt 0.501465 0.910156
vt 0.492188 0.914062
vt 0.492188 0.910156
vt 0.103027 0.503906
vt 0.09375 0.507812
vt 0.09375 0.503906
vt 0.460938 0.9375
vt 0.470215 0.928223
vt 0.470215 0.9375
vt 0.085938 0.529785
vt 0.095215 0.539062
vt 0.095215 0.529785
vt 0 1
vt 0.023438 1
vt 0 1
vt 0 1
vt 0.001953 1
vt 0 1
vt 0 1
vt 0.023438 1
vt 0 1
vt 0 1
vt 0.001953 1
vt 0 1
vt 0.398438 0.523438
vt 0.421875 0.521484
vt 0.421875 0.523438
vt 0.421875 0.521484
vt 0.445312 0.523438
vt 0.445312 0.521484
vt 0 1
vt 0.023438 1
vt 0 1
vt 0 1
vt 0.001953 1
vt 0 1
vt 0 1
vt 0.023438 1
vt 0 1
vt 0 1
vt 0.001953 1
vt 0 1
vt 0.445312 0.523438
vt 0.46875 0.521484
vt 0.46875 0.523438
vt 0.46875 0.521484
vt 0.492188 0.523438
vt 0.492188 0.521484
vt 0 1
vt 0.024902 1
vt 0 1
vt 0 1
vt 0.001953 1
vt 0 1
vt 0 1
vt 0.024902 1
vt 0 1
vt 0 1
vt 0.001953 1
vt 0 1
vt 0.290527 0.523438
vt 0.265625 0.521484
vt 0.290527 0.521484
vt 0.476562 0.724609
vt 0.501465 0.726562
vt 0.501465 0.724609
vt 0 1
vt 0.024902 1
vt 0 1
vt 0 1
vt 0.001953 1
vt 0 1
vt 0 1
vt 0.024902 1
vt 0 1
vt 0 1
vt 0.001953 1
vt 0 1
vt 0.476562 0.664062
vt 0.501465 0.662109
vt 0.501465 0.664062
vt 0.501465 0.654297
vt 0.476562 0.65625
vt 0.501465 0.65625
vt 0 1
vt 0.027344 1
vt 0 1
vt 0 1
vt 0.001953 1
vt 0 1
vt 0 1
vt 0.027344 1
vt 0 1
vt 0 1
vt 0.001953 1
vt 0 1
vt 0.476562 0.84375
vt 0.503906 0.841797
vt 0.503906 0.84375
vt 0.476562 0.833984
vt 0.503906 0.835938
vt 0.503906 0.833984
vt 0.500977 0.758789
vt 0.5 0.773438
vt 0.5 0.758789
vt 0.100586 0.813477
vt 0.078125 0.828125
vt 0.078125 0.813477
vt 0.235352 0.485352
vt 0.234375 0.5
vt 0.234375 0.485352
vt 0.350586 0.790039
vt 0.328125 0.804688
vt 0.328125 0.790039
vt 0.414062 0.507812
vt 0.415039 0.485352
vt 0.415039 0.507812
vt 0.492188 0.563477
vt 0.493164 0.585938
vt 0.493164 0.563477
vt 0.479492 0.733398
vt 0.479492 0.75
vt 0.476562 0.75
vt 0.415527 0.702148
vt 0.415527 0.71875
vt 0.40625 0.71875
vt 0.260742 0.506836
vt 0.260742 0.523438
vt 0.257812 0.523438
vt 0.296875 0.577148
vt 0.306152 0.577148
vt 0.306152 0.59375
vt 0.268555 0.507812
vt 0.265625 0.507812
vt 0.265625 0.49853499999999995
vt 0.273438 0.49853499999999995
vt 0.273438 0.507812
vt 0.276367 0.507812
vt 0 1
vt 0.027344 1
vt 0.027344 1
vt 0 1
vt 0.001953 1
vt 0.001953 1
vt 0 1
vt 0.027344 1
vt 0.027344 1
vt 0 1
vt 0.001953 1
vt 0.001953 1
vt 0.476562 0.828125
vt 0.476562 0.826172
vt 0.503906 0.826172
vt 0.503906 0.818359
vt 0.476562 0.818359
vt 0.476562 0.820312
vt 0.431152 0.782715
vt 0.431152 0.796875
vt 0.421875 0.796875
vt 0.279785 0.970215
vt 0.279785 0.984375
vt 0.234375 0.984375
vt 0.431152 0.76709
vt 0.431152 0.78125
vt 0.421875 0.78125
vt 0.279785 0.884277
vt 0.279785 0.898438
vt 0.234375 0.898438
vt 0 0.703125
vt 0 0.657715
vt 0.009277 0.657715
vt 0.015625 0.657715
vt 0.015625 0.703125
vt 0.024902 0.703125
vt 0.445312 0.72168
vt 0.454102 0.72168
vt 0.454102 0.734375
vt 0.047852 0.604492
vt 0.047852 0.617188
vt 0.03125 0.617188
vt 0.282227 0.541992
vt 0.282227 0.554688
vt 0.273438 0.554688
vt 0.382812 0.948242
vt 0.399414 0.948242
vt 0.399414 0.960938
vt 0.40625 0.59375
vt 0.40625 0.577148
vt 0.415039 0.577148
vt 0.008789 0.569336
vt 0 0.569336
vt 0 0.585938
vt 0.03125 0.796875
vt 0.039062 0.796875
vt 0.039062 0.8125
vt 0.181152 0.710938
vt 0.181152 0.726562
vt 0.148438 0.726562
vt 0.046875 0.71875
vt 0.054688 0.71875
vt 0.054688 0.734375
vt 0.273438 0.773438
vt 0.306152 0.773438
vt 0.306152 0.789062
vt 0.34375 0.710938
vt 0.34375 0.678223
vt 0.351562 0.678223
vt 0.296875 0.623535
vt 0.296875 0.65625
vt 0.304688 0.65625
vt 0.15625 0.519531
vt 0.162109 0.519531
vt 0.162109 0.53125
vt 0.366699 0.832031
vt 0.366699 0.84375
vt 0.34375 0.84375
vt 0.193359 0.519531
vt 0.193359 0.53125
vt 0.1875 0.53125
vt 0.34375 0.816406
vt 0.366699 0.816406
vt 0.366699 0.828125
vt 0.054688 0.578125
vt 0.054688 0.555176
vt 0.060547 0.555176
vt 0.068359 0.555176
vt 0.0625 0.555176
vt 0.0625 0.578125
vt 0.416504 0.634277
vt 0.416504 0.648438
vt 0.40625 0.648438
vt 0.271973 0.76709
vt 0.271973 0.78125
vt 0.226562 0.78125
vt 0.025879 0.571777
vt 0.025879 0.585938
vt 0.015625 0.585938
vt 0.279785 0.98584
vt 0.279785 1
vt 0.234375 1
vt 0.234375 0.734375
vt 0.234375 0.688965
vt 0.244629 0.688965
vt 0.25 0.67334
vt 0.25 0.71875
vt 0.260254 0.71875
vt 0.3125 0.882812
vt 0.319336 0.882812
vt 0.319336 0.898438
vt 0.14209 0.710938
vt 0.14209 0.726562
vt 0.109375 0.726562
vt 0.320312 0.867188
vt 0.327148 0.867188
vt 0.327148 0.882812
vt 0.306152 0.84375
vt 0.306152 0.859375
vt 0.273438 0.859375
vt 0.335938 0.640625
vt 0.335938 0.60791
vt 0.342773 0.60791
vt 0.367188 0.748535
vt 0.367188 0.78125
vt 0.374023 0.78125
vt 0.110352 0.541992
vt 0.110352 0.554688
vt 0.101562 0.554688
vt 0.391602 0.620117
vt 0.391602 0.632812
vt 0.375 0.632812
vt 0.445312 0.87793
vt 0.454102 0.87793
vt 0.454102 0.890625
vt 0.382812 0.963867
vt 0.399414 0.963867
vt 0.399414 0.976562
vt 0.375977 0.59375
vt 0.367188 0.59375
vt 0.367188 0.577148
vt 0.40625 0.600586
vt 0.40625 0.617188
vt 0.415039 0.617188
vt 0.349609 0.527344
vt 0.349609 0.539062
vt 0.34375 0.539062
vt 0.366699 0.863281
vt 0.366699 0.875
vt 0.34375 0.875
vt 0.132812 0.519531
vt 0.138672 0.519531
vt 0.138672 0.53125
vt 0.366699 0.847656
vt 0.366699 0.859375
vt 0.34375 0.859375
vt 0.046875 0.578125
vt 0.046875 0.555176
vt 0.052734 0.555176
vt 0.421875 0.930176
vt 0.421875 0.953125
vt 0.427734 0.953125
vt 0.507812 0.855957
vt 0.510742 0.855957
vt 0.510742 0.859375
vt 0.495117 0.55127
vt 0.495117 0.554688
vt 0.484375 0.554688
vt 0.148438 0.4887699999999999
vt 0.151367 0.4887699999999999
vt 0.151367 0.49218800000000007
vt 0.453125 0.512207
vt 0.463867 0.512207
vt 0.463867 0.515625
vt 0.140625 0.507812
vt 0.140625 0.49707
vt 0.143555 0.49707
vt 0.495117 0.801758
vt 0.492188 0.801758
vt 0.492188 0.8125
vt 0.5 0.791992
vt 0.50293 0.791992
vt 0.50293 0.796875
vt 0.493652 0.94043
vt 0.493652 0.945312
vt 0.484375 0.945312
vt 0.50293 0.78418
vt 0.50293 0.789062
vt 0.5 0.789062
vt 0.493652 0.932617
vt 0.493652 0.9375
vt 0.484375 0.9375
vt 0.28125 0.507812
vt 0.28125 0.49853499999999995
vt 0.28418 0.49853499999999995
vt 0.492188 0.709473
vt 0.492188 0.71875
vt 0.495117 0.71875
vt 0.492188 0.680176
vt 0.495117 0.680176
vt 0.495117 0.6875
vt 0.335938 0.883301
vt 0.373535 0.883301
vt 0.373535 0.890625
vt 0.495117 0.664551
vt 0.495117 0.671875
vt 0.492188 0.671875
vt 0.34375 0.969238
vt 0.381348 0.969238
vt 0.381348 0.976562
vt 0.03418 0.546875
vt 0.03125 0.546875
vt 0.03125 0.509277
vt 0.039062 0.509277
vt 0.039062 0.546875
vt 0.041992 0.546875
vt 0.44043 0.500488
vt 0.44043 0.507812
vt 0.4375 0.507812
vt 0.381348 0.961426
vt 0.381348 0.96875
vt 0.34375 0.96875
vt 0.492188 0.555176
vt 0.495117 0.555176
vt 0.495117 0.5625
vt 0.381348 0.875488
vt 0.381348 0.882812
vt 0.34375 0.882812
vt 0.070312 0.546875
vt 0.070312 0.509277
vt 0.073242 0.509277
vt 0.078125 0.509277
vt 0.078125 0.546875
vt 0.081055 0.546875
vt 0.22168 0.49511700000000003
vt 0.22168 0.5
vt 0.21875 0.5
vt 0.493652 0.924805
vt 0.493652 0.929688
vt 0.484375 0.929688
vt 0.226562 0.49511700000000003
vt 0.229492 0.49511700000000003
vt 0.229492 0.5
vt 0.484375 0.916992
vt 0.493652 0.916992
vt 0.493652 0.921875
vt 0.291992 0.507812
vt 0.289062 0.507812
vt 0.289062 0.49853499999999995
vt 0.296875 0.49853499999999995
vt 0.296875 0.507812
vt 0.299805 0.507812
vt 0.510742 0.848145
vt 0.510742 0.851562
vt 0.507812 0.851562
vt 0.495117 0.543457
vt 0.495117 0.546875
vt 0.484375 0.546875
vt 0.15918 0.4887699999999999
vt 0.15918 0.49218800000000007
vt 0.15625 0.49218800000000007
vt 0.484375 0.535645
vt 0.495117 0.535645
vt 0.495117 0.539062
vt 0.206055 0.507812
vt 0.203125 0.507812
vt 0.203125 0.49707
vt 0.492188 0.786133
vt 0.492188 0.796875
vt 0.495117 0.796875
vt 0.179688 0.506836
vt 0.182617 0.506836
vt 0.182617 0.523438
vt 0.275879 0.819336
vt 0.275879 0.835938
vt 0.242188 0.835938
vt 0.226562 0.506836
vt 0.229492 0.506836
vt 0.229492 0.523438
vt 0.221191 0.741211
vt 0.221191 0.757812
vt 0.1875 0.757812
vt 0.456055 0.71875
vt 0.453125 0.71875
vt 0.453125 0.685059
vt 0.453125 0.645996
vt 0.453125 0.679688
vt 0.456055 0.679688
vt 0.476562 0.756836
vt 0.479492 0.756836
vt 0.479492 0.773438
vt 0.274902 0.577148
vt 0.274902 0.59375
vt 0.265625 0.59375
vt 0.234375 0.506836
vt 0.237305 0.506836
vt 0.237305 0.523438
vt 0.290527 0.577148
vt 0.290527 0.59375
vt 0.28125 0.59375
vt 0.210938 0.507812
vt 0.210938 0.49853499999999995
vt 0.213867 0.49853499999999995
vt 0.495117 0.76416
vt 0.492188 0.76416
vt 0.492188 0.773438
vt 0.151367 0.500488
vt 0.151367 0.515625
vt 0.148438 0.515625
vt 0.416992 0.922363
vt 0.416992 0.9375
vt 0.40625 0.9375
vt 0.15625 0.500488
vt 0.15918 0.500488
vt 0.15918 0.515625
vt 0.081055 0.578613
vt 0.081055 0.59375
vt 0.070312 0.59375
vt 0.495117 0.890625
vt 0.492188 0.890625
vt 0.492188 0.879883
vt 0.117188 0.49707
vt 0.117188 0.507812
vt 0.120117 0.507812
vt 0.245117 0.506836
vt 0.245117 0.523438
vt 0.242188 0.523438
vt 0.242188 0.795898
vt 0.275879 0.795898
vt 0.275879 0.8125
vt 0.25293 0.506836
vt 0.25293 0.523438
vt 0.25 0.523438
vt 0.25 0.749023
vt 0.283691 0.749023
vt 0.283691 0.765625
vt 0.351562 0.546875
vt 0.351562 0.513184
vt 0.354492 0.513184
vt 0.359375 0.513184
vt 0.359375 0.546875
vt 0.362305 0.546875
vt 0.196777 0.608398
vt 0.196777 0.632812
vt 0.1875 0.632812
vt 0.15625 0.913086
vt 0.192871 0.913086
vt 0.192871 0.9375
vt 0.367188 0.788086
vt 0.376465 0.788086
vt 0.376465 0.8125
vt 0.192871 0.881836
vt 0.192871 0.90625
vt 0.15625 0.90625
vt 0.320312 0.921875
vt 0.320312 0.885254
vt 0.32959 0.885254
vt 0.337402 0.963379
vt 0.328125 0.963379
vt 0.328125 1
vt 0.164062 0.500488
vt 0.166992 0.500488
vt 0.166992 0.515625
vt 0.135742 0.578613
vt 0.135742 0.59375
vt 0.125 0.59375
vt 0.174805 0.500488
vt 0.174805 0.515625
vt 0.171875 0.515625
vt 0.416992 0.773926
vt 0.416992 0.789062
vt 0.40625 0.789062
vt 0.12793 0.507812
vt 0.125 0.507812
vt 0.125 0.49707
vt 0.135742 0.49707
vt 0.132812 0.49707
vt 0.132812 0.507812
vt 0.476562 0.93457
vt 0.481934 0.93457
vt 0.481934 0.945312
vt 0.448242 0.676758
vt 0.448242 0.6875
vt 0.4375 0.6875
vt 0.067871 0.512695
vt 0.067871 0.523438
vt 0.0625 0.523438
vt 0.448242 0.661133
vt 0.448242 0.671875
vt 0.4375 0.671875
vt 0.476562 0.929688
vt 0.476562 0.918945
vt 0.481934 0.918945
vt 0.085938 0.512695
vt 0.085938 0.523438
vt 0.091309 0.523438
vt 0.481934 0.965332
vt 0.481934 0.976562
vt 0.476562 0.976562
vt 0.44043 0.621582
vt 0.44043 0.632812
vt 0.429688 0.632812
vt 0.481934 0.949707
vt 0.481934 0.960938
vt 0.476562 0.960938
vt 0.375 0.559082
vt 0.385742 0.559082
vt 0.385742 0.570312
vt 0.099121 0.523438
vt 0.09375 0.523438
vt 0.09375 0.512695
vt 0.106934 0.512695
vt 0.101562 0.512695
vt 0.101562 0.523438
vt 0.052246 0.512207
vt 0.052246 0.523438
vt 0.046875 0.523438
vt 0.401367 0.559082
vt 0.401367 0.570312
vt 0.390625 0.570312
vt 0.054688 0.512207
vt 0.060059 0.512207
vt 0.060059 0.523438
vt 0.40625 0.559082
vt 0.416992 0.559082
vt 0.416992 0.570312
vt 0.114746 0.523438
vt 0.109375 0.523438
vt 0.109375 0.512695
vt 0.476562 0.864258
vt 0.476562 0.875
vt 0.481934 0.875
vt 0.351562 0.890625
vt 0.367188 0.890625
vt 0.367188 0.90625
vt 0.162598 0.53125
vt 0.162598 0.546875
vt 0.15625 0.546875
vt 0.15625 0.632812
vt 0.15625 0.648438
vt 0.140625 0.648438
vt 0.453125 0.820312
vt 0.459473 0.820312
vt 0.459473 0.835938
vt 0.195312 0.546875
vt 0.195312 0.540527
vt 0.210938 0.540527
vt 0.226562 0.540527
vt 0.210938 0.540527
vt 0.210938 0.546875
vt 0.452148 0.504883
vt 0.452148 0.507812
vt 0.445312 0.507812
vt 0.50293 0.848633
vt 0.50293 0.851562
vt 0.492188 0.851562
vt 0.459961 0.504883
vt 0.459961 0.507812
vt 0.453125 0.507812
vt 0.50293 0.77832
vt 0.50293 0.78125
vt 0.492188 0.78125
vt 0.320312 0.539062
vt 0.320312 0.52832
vt 0.327148 0.52832
vt 0.460938 0.668945
vt 0.460938 0.679688
vt 0.467773 0.679688
vt 0.421875 0.754395
vt 0.433105 0.754395
vt 0.433105 0.765625
vt 0.191406 0.504395
vt 0.191406 0.515625
vt 0.1875 0.515625
vt 0.433105 0.70752
vt 0.433105 0.71875
vt 0.421875 0.71875
vt 0.199219 0.504395
vt 0.199219 0.515625
vt 0.195312 0.515625
vt 0.495605 0.859375
vt 0.484375 0.859375
vt 0.484375 0.855469
vt 0.203125 0.511719
vt 0.203125 0.515625
vt 0.214355 0.515625
vt 0.396973 0.782715
vt 0.396973 0.796875
vt 0.382812 0.796875
vt 0.459961 0.774902
vt 0.459961 0.789062
vt 0.453125 0.789062
vt 0.396973 0.73584
vt 0.396973 0.75
vt 0.382812 0.75
vt 0.459961 0.759277
vt 0.459961 0.773438
vt 0.453125 0.773438
vt 0.381348 0.546875
vt 0.367188 0.546875
vt 0.367188 0.540039
vt 0.453125 0.625977
vt 0.453125 0.632812
vt 0.467285 0.632812
vt 0.421875 0.691895
vt 0.433105 0.691895
vt 0.433105 0.703125
vt 0.222656 0.504395
vt 0.222656 0.515625
vt 0.21875 0.515625
vt 0.433105 0.67627
vt 0.433105 0.6875
vt 0.421875 0.6875
vt 0.488281 0.762207
vt 0.488281 0.773438
vt 0.484375 0.773438
vt 0.484375 0.757812
vt 0.484375 0.753906
vt 0.495605 0.753906
vt 0.484375 0.746094
vt 0.484375 0.75
vt 0.495605 0.75
vt 0.3125 0.74707
vt 0.3125 0.773438
vt 0.304688 0.773438
vt 0.118652 0.911133
vt 0.118652 0.9375
vt 0.078125 0.9375
vt 0.3125 0.93457
vt 0.320312 0.93457
vt 0.320312 0.960938
vt 0.040527 0.879883
vt 0.040527 0.90625
vt 0 0.90625
vt 0.257812 0.671875
vt 0.257812 0.631348
vt 0.265625 0.631348
vt 0.265625 0.631348
vt 0.265625 0.671875
vt 0.273438 0.671875
vt 0.039062 0.579102
vt 0.039062 0.601562
vt 0.03125 0.601562
vt 0.085938 0.711914
vt 0.109375 0.711914
vt 0.109375 0.734375
vt 0.039062 0.579102
vt 0.046875 0.579102
vt 0.046875 0.601562
vt 0.1875 0.711914
vt 0.210938 0.711914
vt 0.210938 0.734375
vt 0.023438 0.726562
vt 0.023438 0.703125
vt 0.03125 0.703125
vt 0.375 0.6875
vt 0.367188 0.6875
vt 0.367188 0.710938
vt 0.09375 0.59082
vt 0.09375 0.617188
vt 0.085938 0.617188
vt 0.054688 0.739258
vt 0.054688 0.765625
vt 0.03125 0.765625
vt 0.09375 0.59082
vt 0.101562 0.59082
vt 0.101562 0.617188
vt 0.117188 0.739258
vt 0.117188 0.765625
vt 0.09375 0.765625
vt 0.304688 0.617188
vt 0.296875 0.617188
vt 0.296875 0.59375
vt 0.015625 0.585938
vt 0.015625 0.609375
vt 0.023438 0.609375
vt 0.101562 0.59082
vt 0.109375 0.59082
vt 0.109375 0.617188
vt 0.119629 0.973633
vt 0.119629 1
vt 0.078125 1
vt 0.390625 0.87207
vt 0.390625 0.898438
vt 0.382812 0.898438
vt 0.119629 0.942383
vt 0.119629 0.96875
vt 0.078125 0.96875
vt 0.328125 0.757812
vt 0.328125 0.716309
vt 0.335938 0.716309
vt 0.25 0.630371
vt 0.25 0.671875
vt 0.257812 0.671875
vt 0.109375 0.59082
vt 0.117188 0.59082
vt 0.117188 0.617188
vt 0.234375 0.856445
vt 0.257812 0.856445
vt 0.257812 0.882812
vt 0.125 0.59082
vt 0.125 0.617188
vt 0.117188 0.617188
vt 0.226562 0.739258
vt 0.25 0.739258
vt 0.25 0.765625
vt 0.023438 0.609375
vt 0.023438 0.585938
vt 0.03125 0.585938
vt 0.390625 0.875
vt 0.390625 0.898438
vt 0.398438 0.898438
vt 0.046875 0.579102
vt 0.054688 0.579102
vt 0.054688 0.601562
vt 0.234375 0.711914
vt 0.234375 0.734375
vt 0.210938 0.734375
vt 0.40625 0.922852
vt 0.40625 0.945312
vt 0.398438 0.945312
vt 0.023438 0.704102
vt 0.023438 0.726562
vt 0 0.726562
vt 0.179688 0.609375
vt 0.171875 0.609375
vt 0.171875 0.585938
vt 0.179688 0.585938
vt 0.179688 0.609375
vt 0.1875 0.609375
vt 0.243652 0.608887
vt 0.243652 0.632812
vt 0.234375 0.632812
vt 0.200684 0.976074
vt 0.200684 1
vt 0.164062 1
vt 0.367188 0.718262
vt 0.376465 0.718262
vt 0.376465 0.742188
vt 0.039062 0.804199
vt 0.075684 0.804199
vt 0.075684 0.828125
vt 0.3125 1
vt 0.3125 0.963379
vt 0.321777 0.963379
vt 0.3125 0.830566
vt 0.3125 0.867188
vt 0.321777 0.867188
vt 0.103027 0.655762
vt 0.103027 0.695312
vt 0.09375 0.695312
vt 0.036621 0.960449
vt 0.036621 1
vt 0 1
vt 0.118652 0.655762
vt 0.118652 0.695312
vt 0.109375 0.695312
vt 0.075684 0.960449
vt 0.075684 1
vt 0.039062 1
vt 0.3125 0.828125
vt 0.3125 0.791504
vt 0.321777 0.791504
vt 0.321777 0.752441
vt 0.3125 0.752441
vt 0.3125 0.789062
vt 0.134277 0.655762
vt 0.134277 0.695312
vt 0.125 0.695312
vt 0.036621 0.913574
vt 0.036621 0.953125
vt 0 0.953125
vt 0.149902 0.655762
vt 0.149902 0.695312
vt 0.140625 0.695312
vt 0.075684 0.913574
vt 0.075684 0.953125
vt 0.039062 0.953125
vt 0.243652 0.6875
vt 0.234375 0.6875
vt 0.234375 0.650879
vt 0.3125 0.713379
vt 0.3125 0.75
vt 0.321777 0.75
vt 0.375 0.757324
vt 0.384277 0.757324
vt 0.384277 0.78125
vt 0.216309 0.851074
vt 0.216309 0.875
vt 0.179688 0.875
vt 0.259277 0.601074
vt 0.259277 0.625
vt 0.25 0.625
vt 0.216309 0.819824
vt 0.216309 0.84375
vt 0.179688 0.84375
vt 0.3125 0.710938
vt 0.3125 0.674316
vt 0.321777 0.674316
vt 0.320312 0.924316
vt 0.320312 0.960938
vt 0.32959 0.960938
vt 0.046875 0.699219
vt 0.046875 0.734375
vt 0.03125 0.734375
vt 0.21875 0.792969
vt 0.226562 0.792969
vt 0.226562 0.828125
vt 0.28125 0.902344
vt 0.28125 0.9375
vt 0.265625 0.9375
vt 0.296875 0.636719
vt 0.296875 0.671875
vt 0.289062 0.671875
vt 0.28125 0.726562
vt 0.28125 0.71875
vt 0.296875 0.71875
vt 0.421875 0.632812
vt 0.421875 0.640625
vt 0.4375 0.640625
vt 0.203125 0.608398
vt 0.212402 0.608398
vt 0.212402 0.632812
vt 0.138184 0.819336
vt 0.138184 0.84375
vt 0.101562 0.84375
vt 0.228027 0.608398
vt 0.228027 0.632812
vt 0.21875 0.632812
vt 0.177246 0.819336
vt 0.177246 0.84375
vt 0.140625 0.84375
vt 0.337402 0.882812
vt 0.328125 0.882812
vt 0.328125 0.846191
vt 0.328125 0.807129
vt 0.328125 0.84375
vt 0.337402 0.84375
vt 0.274902 0.601074
vt 0.274902 0.625
vt 0.265625 0.625
vt 0.139648 0.851074
vt 0.139648 0.875
vt 0.101562 0.875
vt 0.28125 0.601074
vt 0.290527 0.601074
vt 0.290527 0.625
vt 0.178711 0.851074
vt 0.178711 0.875
vt 0.140625 0.875
vt 0.1875 0.695312
vt 0.1875 0.657227
vt 0.196777 0.657227
vt 0.203125 0.657227
vt 0.203125 0.695312
vt 0.212402 0.695312
vt 0.375 0.687012
vt 0.384277 0.687012
vt 0.384277 0.710938
vt 0 0.819824
vt 0.038086 0.819824
vt 0.038086 0.84375
vt 0.313965 0.601074
vt 0.313965 0.625
vt 0.304688 0.625
vt 0.15625 0.944824
vt 0.194336 0.944824
vt 0.194336 0.96875
vt 0.228027 0.695312
vt 0.21875 0.695312
vt 0.21875 0.657227
vt 0.296875 0.657227
vt 0.296875 0.695312
vt 0.306152 0.695312
vt 0.0625 0.526367
vt 0.066406 0.526367
vt 0.066406 0.554688
vt 0.036133 0.84668
vt 0.036133 0.875
vt 0 0.875
vt 0.394531 0.526367
vt 0.394531 0.554688
vt 0.390625 0.554688
vt 0.161133 0.97168
vt 0.161133 1
vt 0.125 1
vt 0.15625 0.585938
vt 0.15625 0.549805
vt 0.160156 0.549805
vt 0.414062 0.791992
vt 0.414062 0.828125
vt 0.417969 0.828125
vt 0.402344 0.526367
vt 0.402344 0.554688
vt 0.398438 0.554688
vt 0.083496 0.87793
vt 0.083496 0.90625
vt 0.046875 0.90625
vt 0.40625 0.526367
vt 0.410156 0.526367
vt 0.410156 0.554688
vt 0.122559 0.87793
vt 0.122559 0.90625
vt 0.085938 0.90625
vt 0.144531 0.585938
vt 0.140625 0.585938
vt 0.140625 0.549316
vt 0.152344 0.549316
vt 0.148438 0.549316
vt 0.148438 0.585938
vt 0.4375 0.90918
vt 0.446777 0.90918
vt 0.446777 0.921875
vt 0.226562 0.541992
vt 0.235352 0.541992
vt 0.235352 0.554688
vt 0.126465 0.549805
vt 0.126465 0.5625
vt 0.117188 0.5625
vt 0.250977 0.541992
vt 0.250977 0.554688
vt 0.242188 0.554688
vt 0.460938 0.75
vt 0.460938 0.741211
vt 0.470215 0.741211
vt 0.26709 0.530273
vt 0.257812 0.530273
vt 0.257812 0.539062
vt 0.446777 0.838867
vt 0.446777 0.851562
vt 0.4375 0.851562
vt 0.445312 0.737305
vt 0.454102 0.737305
vt 0.454102 0.75
vt 0.4375 0.823242
vt 0.446777 0.823242
vt 0.446777 0.835938
vt 0.266602 0.541992
vt 0.266602 0.554688
vt 0.257812 0.554688
vt 0.470215 0.734375
vt 0.460938 0.734375
vt 0.460938 0.725586
vt 0.273438 0.530273
vt 0.273438 0.539062
vt 0.282715 0.539062
vt 0.462402 0.553223
vt 0.462402 0.5625
vt 0.453125 0.5625
vt 0.278809 0.561035
vt 0.278809 0.570312
vt 0.265625 0.570312
vt 0.453125 0.537598
vt 0.462402 0.537598
vt 0.462402 0.546875
vt 0.442871 0.725098
vt 0.442871 0.734375
vt 0.429688 0.734375
vt 0.290527 0.570312
vt 0.28125 0.570312
vt 0.28125 0.557129
vt 0.296875 0.557129
vt 0.296875 0.570312
vt 0.306152 0.570312
vt 0.493652 0.97168
vt 0.493652 0.976562
vt 0.484375 0.976562
vt 0.289062 0.526367
vt 0.303223 0.526367
vt 0.303223 0.53125
vt 0.484375 0.963867
vt 0.493652 0.963867
vt 0.493652 0.96875
vt 0.48291 0.69043
vt 0.48291 0.695312
vt 0.46875 0.695312
vt 0.431152 0.84375
vt 0.421875 0.84375
vt 0.421875 0.82959
vt 0.431152 0.813965
vt 0.421875 0.813965
vt 0.421875 0.828125
vt 0.493652 0.956055
vt 0.493652 0.960938
vt 0.484375 0.960938
vt 0.48291 0.682617
vt 0.48291 0.6875
vt 0.46875 0.6875
vt 0.493652 0.948242
vt 0.493652 0.953125
vt 0.484375 0.953125
vt 0.48291 0.674805
vt 0.48291 0.679688
vt 0.46875 0.679688
vt 0.1875 0.578125
vt 0.1875 0.563965
vt 0.196777 0.563965
vt 0.421875 0.79834
vt 0.421875 0.8125
vt 0.431152 0.8125
vt 0.460938 0.990723
vt 0.470215 0.990723
vt 0.470215 1
vt 0.325684 0.561035
vt 0.325684 0.570312
vt 0.3125 0.570312
vt 0.024902 0.529785
vt 0.024902 0.539062
vt 0.015625 0.539062
vt 0.341309 0.561035
vt 0.341309 0.570312
vt 0.328125 0.570312
vt 0.34375 0.570312
vt 0.34375 0.557129
vt 0.353027 0.557129
vt 0.368652 0.557129
vt 0.359375 0.557129
vt 0.359375 0.570312
vt 0.03125 0.549805
vt 0.040527 0.549805
vt 0.040527 0.5625
vt 0.454102 0.862305
vt 0.454102 0.875
vt 0.445312 0.875
vt 0.446777 0.956055
vt 0.446777 0.96875
vt 0.4375 0.96875
vt 0.164062 0.541992
vt 0.172852 0.541992
vt 0.172852 0.554688
vt 0.470215 0.789062
vt 0.460938 0.789062
vt 0.460938 0.780273
vt 0.226562 0.530273
vt 0.226562 0.539062
vt 0.23584 0.539062
vt 0.446777 0.924805
vt 0.446777 0.9375
vt 0.4375 0.9375
vt 0.454102 0.807617
vt 0.454102 0.820312
vt 0.445312 0.820312
vt 0.070312 0.549805
vt 0.07959 0.549805
vt 0.07959 0.5625
vt 0.445312 0.791992
vt 0.454102 0.791992
vt 0.454102 0.804688
vt 0.460938 0.773438
vt 0.460938 0.764648
vt 0.470215 0.764648
vt 0.251465 0.530273
vt 0.242188 0.530273
vt 0.242188 0.539062
vt 0.462402 0.615723
vt 0.462402 0.625
vt 0.453125 0.625
vt 0.114746 0.561035
vt 0.114746 0.570312
vt 0.101562 0.570312
vt 0.453125 0.600098
vt 0.462402 0.600098
vt 0.462402 0.609375
vt 0.442871 0.88916
vt 0.442871 0.898438
vt 0.429688 0.898438
vt 0.429688 0.882812
vt 0.429688 0.869629
vt 0.438965 0.869629
vt 0.438965 0.854004
vt 0.429688 0.854004
vt 0.429688 0.867188
vt 0.009277 0.510742
vt 0.009277 0.515625
vt 0 0.515625
vt 0.475098 0.65918
vt 0.475098 0.664062
vt 0.460938 0.664062
vt 0.493652 0.987305
vt 0.493652 0.992188
vt 0.484375 0.992188
vt 0.475098 0.651367
vt 0.475098 0.65625
vt 0.460938 0.65625
vt 0.070312 0.578125
vt 0.070312 0.563965
vt 0.07959 0.563965
vt 0.421875 0.915527
vt 0.421875 0.929688
vt 0.431152 0.929688
vt 0.015625 0.510742
vt 0.024902 0.510742
vt 0.024902 0.515625
vt 0.475098 0.643555
vt 0.475098 0.648438
vt 0.460938 0.648438
vt 0.493652 0.979492
vt 0.493652 0.984375
vt 0.484375 0.984375
vt 0.367188 0.53418
vt 0.381348 0.53418
vt 0.381348 0.539062
vt 0.431152 0.914062
vt 0.421875 0.914062
vt 0.421875 0.899902
vt 0.134277 0.563965
vt 0.125 0.563965
vt 0.125 0.578125
vt 0.453125 0.584473
vt 0.462402 0.584473
vt 0.462402 0.59375
vt 0.177246 0.561035
vt 0.177246 0.570312
vt 0.164062 0.570312
vt 0.462402 0.568848
vt 0.462402 0.578125
vt 0.453125 0.578125
vt 0.247559 0.561035
vt 0.247559 0.570312
vt 0.234375 0.570312
vt 0.259277 0.570312
vt 0.25 0.570312
vt 0.25 0.557129
vt 0.429688 0.736816
vt 0.429688 0.75
vt 0.438965 0.75
vt 0.303711 0.516602
vt 0.303711 0.523438
vt 0.296875 0.523438
vt 0.242188 0.899414
vt 0.262695 0.899414
vt 0.262695 0.90625
vt 0.319336 0.516602
vt 0.319336 0.523438
vt 0.3125 0.523438
vt 0.242188 0.782227
vt 0.262695 0.782227
vt 0.262695 0.789062
vt 0.203125 0.585938
vt 0.203125 0.56543
vt 0.209961 0.56543
vt 0.210938 0.56543
vt 0.210938 0.585938
vt 0.217773 0.585938
vt 0.327148 0.516602
vt 0.327148 0.523438
vt 0.320312 0.523438
vt 0.301758 0.790039
vt 0.301758 0.796875
vt 0.28125 0.796875
vt 0.34375 0.516602
vt 0.350586 0.516602
vt 0.350586 0.523438
vt 0.30957 0.860352
vt 0.30957 0.867188
vt 0.289062 0.867188
vt 0.225586 0.585938
vt 0.21875 0.585938
vt 0.21875 0.56543
vt 0.226562 0.56543
vt 0.226562 0.585938
vt 0.233398 0.585938
vt 0.499023 0.699219
vt 0.499023 0.703125
vt 0.492188 0.703125
vt 0.495117 0.738281
vt 0.495117 0.742188
vt 0.484375 0.742188
vt 0.304688 0.503906
vt 0.311523 0.503906
vt 0.311523 0.507812
vt 0.265625 0.511719
vt 0.276367 0.511719
vt 0.276367 0.515625
vt 0.389648 0.546875
vt 0.382812 0.546875
vt 0.382812 0.536133
vt 0.186523 0.52832
vt 0.179688 0.52832
vt 0.179688 0.539062
vt 0.499023 0.691406
vt 0.499023 0.695312
vt 0.492188 0.695312
vt 0.495117 0.730469
vt 0.495117 0.734375
vt 0.484375 0.734375
vt 0.319336 0.503906
vt 0.319336 0.507812
vt 0.3125 0.507812
vt 0.28125 0.511719
vt 0.291992 0.511719
vt 0.291992 0.515625
vt 0.460938 0.695312
vt 0.460938 0.68457
vt 0.467773 0.68457
vt 0.3125 0.52832
vt 0.3125 0.539062
vt 0.319336 0.539062
vt 0.085938 0.570312
vt 0.095215 0.570312
vt 0.095215 0.585938
vt 0.243164 0.570312
vt 0.243164 0.585938
vt 0.234375 0.585938
vt 0.11084 0.570312
vt 0.11084 0.585938
vt 0.101562 0.585938
vt 0.414062 0.734375
vt 0.422852 0.734375
vt 0.422852 0.75
vt 0.11084 0.539062
vt 0.101562 0.539062
vt 0.101562 0.530273
vt 0.470215 0.866211
vt 0.460938 0.866211
vt 0.460938 0.875
vt 0.421875 0.557617
vt 0.431152 0.557617
vt 0.431152 0.570312
vt 0.411621 0.791992
vt 0.411621 0.804688
vt 0.398438 0.804688
vt 0 0.549805
vt 0.009277 0.549805
vt 0.009277 0.5625
vt 0.216309 0.588867
vt 0.216309 0.601562
vt 0.203125 0.601562
vt 0.431152 0.671875
vt 0.421875 0.671875
vt 0.421875 0.658691
vt 0.421875 0.643066
vt 0.421875 0.65625
vt 0.431152 0.65625
vt 0.17334 0.530273
vt 0.17334 0.539062
vt 0.164062 0.539062
vt 0.208496 0.553711
vt 0.208496 0.5625
vt 0.195312 0.5625
vt 0.460938 0.827148
vt 0.470215 0.827148
vt 0.470215 0.835938
vt 0.224121 0.553711
vt 0.224121 0.5625
vt 0.210938 0.5625
vt 0.421875 0.617188
vt 0.421875 0.604004
vt 0.431152 0.604004
vt 0.421875 0.588379
vt 0.421875 0.601562
vt 0.431152 0.601562
vt 0.414062 0.875
vt 0.42334 0.875
vt 0.42334 0.890625
vt 0.422852 0.71875
vt 0.422852 0.734375
vt 0.414062 0.734375
vt 0.414062 0.859375
vt 0.42334 0.859375
vt 0.42334 0.875
vt 0.335938 0.570312
vt 0.344727 0.570312
vt 0.344727 0.585938
vt 0.460938 0.820312
vt 0.460938 0.811523
vt 0.470215 0.811523
vt 0.195312 0.530273
vt 0.195312 0.539062
vt 0.20459 0.539062
vt 0.446777 0.987305
vt 0.446777 1
vt 0.4375 1
vt 0.21875 0.588867
vt 0.231934 0.588867
vt 0.231934 0.601562
vt 0.446777 0.97168
vt 0.446777 0.984375
vt 0.4375 0.984375
vt 0.234375 0.588867
vt 0.247559 0.588867
vt 0.247559 0.601562
vt 0.421875 0.585938
vt 0.421875 0.572754
vt 0.431152 0.572754
vt 0.015625 0.557129
vt 0.015625 0.570312
vt 0.024902 0.570312
vt 0.470215 0.795898
vt 0.470215 0.804688
vt 0.460938 0.804688
vt 0.4375 0.780273
vt 0.450684 0.780273
vt 0.450684 0.789062
vt 0.220215 0.530273
vt 0.220215 0.539062
vt 0.210938 0.539062
vt 0.4375 0.764648
vt 0.450684 0.764648
vt 0.450684 0.773438
vt 0.438965 0.953125
vt 0.429688 0.953125
vt 0.429688 0.939941
vt 0.085938 0.557129
vt 0.085938 0.570312
vt 0.095215 0.570312
vt 0.085938 0.570312
vt 0.095215 0.570312
vt 0.095215 0.585938
vt 0.243164 0.570312
vt 0.243164 0.585938
vt 0.234375 0.585938
vt 0.11084 0.570312
vt 0.11084 0.585938
vt 0.101562 0.585938
vt 0.414062 0.734375
vt 0.422852 0.734375
vt 0.422852 0.75
vt 0.11084 0.539062
vt 0.101562 0.539062
vt 0.101562 0.530273
vt 0.470215 0.866211
vt 0.460938 0.866211
vt 0.460938 0.875
vt 0.054688 0.594727
vt 0.063965 0.594727
vt 0.063965 0.617188
vt 0.024902 0.727539
vt 0.024902 0.75
vt 0 0.75
vt 0.39209 0.922852
vt 0.39209 0.945312
vt 0.382812 0.945312
vt 0.07959 0.719727
vt 0.07959 0.742188
vt 0.054688 0.742188
vt 0.367188 0.875
vt 0.367188 0.850098
vt 0.376465 0.850098
vt 0.140625 0.60791
vt 0.140625 0.632812
vt 0.149902 0.632812
vt 0.344727 0.476074
vt 0.344727 0.515625
vt 0.34375 0.515625
vt 0.149902 0.929199
vt 0.149902 0.96875
vt 0.125 0.96875
vt 0.484375 0.608887
vt 0.485352 0.608887
vt 0.485352 0.648438
vt 0.063965 0.835449
vt 0.063965 0.875
vt 0.039062 0.875
vt 0.320312 0.507812
vt 0.320312 0.48290999999999995
vt 0.321289 0.48290999999999995
vt 0.328125 0.48290999999999995
vt 0.328125 0.507812
vt 0.329102 0.507812
vt 0.508789 0.809082
vt 0.508789 0.8125
vt 0.507812 0.8125
vt 0.48584 0.902832
vt 0.48584 0.90625
vt 0.460938 0.90625
vt 0.195312 0.4887699999999999
vt 0.196289 0.4887699999999999
vt 0.196289 0.49218800000000007
vt 0.48584 0.89502
vt 0.48584 0.898438
vt 0.460938 0.898438
vt 0.335938 0.507812
vt 0.335938 0.48290999999999995
vt 0.336914 0.48290999999999995
vt 0.351562 0.48290999999999995
vt 0.351562 0.507812
vt 0.352539 0.507812
vt 0.07959 0.594727
vt 0.07959 0.617188
vt 0.070312 0.617188
vt 0.282715 0.860352
vt 0.282715 0.882812
vt 0.257812 0.882812
vt 0.382812 0.899414
vt 0.39209 0.899414
vt 0.39209 0.921875
vt 0.274902 0.719727
vt 0.274902 0.742188
vt 0.25 0.742188
vt 0.15625 0.632812
vt 0.15625 0.60791
vt 0.165527 0.60791
vt 0.367188 0.818848
vt 0.367188 0.84375
vt 0.376465 0.84375
vt 0.382812 0.476074
vt 0.383789 0.476074
vt 0.383789 0.515625
vt 0.095215 0.835449
vt 0.095215 0.875
vt 0.070312 0.875
vt 0.399414 0.476074
vt 0.399414 0.515625
vt 0.398438 0.515625
vt 0.149902 0.882324
vt 0.149902 0.921875
vt 0.125 0.921875
vt 0.492188 0.648438
vt 0.492188 0.623535
vt 0.493164 0.623535
vt 0.359375 0.48290999999999995
vt 0.359375 0.507812
vt 0.360352 0.507812
vt 0.507812 0.80127
vt 0.508789 0.80127
vt 0.508789 0.804688
vt 0.48584 0.887207
vt 0.48584 0.890625
vt 0.460938 0.890625
vt 0.204102 0.4887699999999999
vt 0.204102 0.49218800000000007
vt 0.203125 0.49218800000000007
vt 0.48584 0.879395
vt 0.48584 0.882812
vt 0.460938 0.882812
vt 0.367188 0.507812
vt 0.367188 0.48290999999999995
vt 0.368164 0.48290999999999995
vt 0.375 0.48290999999999995
vt 0.375 0.507812
vt 0.375977 0.507812
vt 0.07959 0.594727
vt 0.07959 0.617188
vt 0.070312 0.617188
vt 0.282715 0.860352
vt 0.282715 0.882812
vt 0.257812 0.882812
vt 0.39209 0.899414
vt 0.39209 0.921875
vt 0.382812 0.921875
vt 0.274902 0.719727
vt 0.274902 0.742188
vt 0.25 0.742188
vt 0.15625 0.632812
vt 0.15625 0.60791
vt 0.165527 0.60791
vt 0.367188 0.818848
vt 0.367188 0.84375
vt 0.376465 0.84375
vt 0.416016 0.757324
vt 0.416016 0.773438
vt 0.40625 0.773438
vt 0.394531 0.718262
vt 0.394531 0.734375
vt 0.382812 0.734375
vt 0.259766 0.577637
vt 0.259766 0.59375
vt 0.25 0.59375
vt 0.332031 0.601074
vt 0.332031 0.617188
vt 0.320312 0.617188
vt 0.085938 0.554688
vt 0.085938 0.542969
vt 0.095703 0.542969
vt 0.445312 0.894531
vt 0.445312 0.90625
vt 0.455078 0.90625
vt 0.335938 0.587402
vt 0.347656 0.587402
vt 0.347656 0.601562
vt 0.398438 0.618652
vt 0.410156 0.618652
vt 0.410156 0.632812
vt 0.402344 0.587402
vt 0.402344 0.601562
vt 0.390625 0.601562
vt 0.417969 0.98584
vt 0.417969 1
vt 0.40625 1
vt 0.414062 0.632812
vt 0.414062 0.621094
vt 0.425781 0.621094
vt 0.390625 0.574219
vt 0.390625 0.585938
vt 0.402344 0.585938
vt 0.371094 0.601074
vt 0.371094 0.617188
vt 0.359375 0.617188
vt 0.386719 0.601074
vt 0.386719 0.617188
vt 0.375 0.617188
vt 0 0.593262
vt 0.011719 0.593262
vt 0.011719 0.609375
vt 0.390625 0.983887
vt 0.402344 0.983887
vt 0.402344 1
vt 0.421875 1
vt 0.421875 0.988281
vt 0.433594 0.988281
vt 0.421875 0.972656
vt 0.421875 0.984375
vt 0.433594 0.984375
vt 0.351562 0.919434
vt 0.351562 0.9375
vt 0.335938 0.9375
vt 0.09375 0.645996
vt 0.09375 0.664062
vt 0.078125 0.664062
vt 0.335938 0.895996
vt 0.351562 0.895996
vt 0.351562 0.914062
vt 0.351562 0.739746
vt 0.351562 0.757812
vt 0.335938 0.757812
vt 0.171875 0.648438
vt 0.15625 0.648438
vt 0.15625 0.632812
vt 0.171875 0.632812
vt 0.171875 0.648438
vt 0.1875 0.648438
vt 0.328125 0.65332
vt 0.328125 0.671875
vt 0.3125 0.671875
vt 0.34375 0.668945
vt 0.34375 0.6875
vt 0.328125 0.6875
vt 0.046875 0.645508
vt 0.046875 0.664062
vt 0.03125 0.664062
vt 0.351562 0.942383
vt 0.351562 0.960938
vt 0.335938 0.960938
vt 0.351562 0.8125
vt 0.351562 0.796875
vt 0.367188 0.796875
vt 0.351562 0.78125
vt 0.351562 0.796875
vt 0.367188 0.796875
vt 0.335938 0.716309
vt 0.351562 0.716309
vt 0.351562 0.734375
vt 0.328125 0.645996
vt 0.34375 0.645996
vt 0.34375 0.664062
vt 0 0.638184
vt 0.015625 0.638184
vt 0.015625 0.65625
vt 0.359375 0.981934
vt 0.359375 1
vt 0.34375 1
vt 0.351562 0.78125
vt 0.351562 0.765625
vt 0.367188 0.765625
vt 0.234375 0.632812
vt 0.234375 0.648438
vt 0.25 0.648438
vt 0.0625 0.645508
vt 0.0625 0.664062
vt 0.046875 0.664062
vt 0.125 0.793945
vt 0.125 0.8125
vt 0.078125 0.8125
vt 0.078125 0.645508
vt 0.078125 0.664062
vt 0.0625 0.664062
vt 0.171875 0.793945
vt 0.171875 0.8125
vt 0.125 0.8125
vt 0.21875 0.875
vt 0.21875 0.828125
vt 0.234375 0.828125
vt 0.226562 0.78125
vt 0.226562 0.828125
vt 0.242188 0.828125
vt 0.171875 0.583008
vt 0.171875 0.601562
vt 0.164062 0.601562
vt 0.21875 0.793945
vt 0.21875 0.8125
vt 0.171875 0.8125
vt 0.335938 0.575195
vt 0.335938 0.59375
vt 0.328125 0.59375
vt 0.242188 0.950195
vt 0.242188 0.96875
vt 0.195312 0.96875
vt 0.15625 0.695312
vt 0.15625 0.648438
vt 0.164062 0.648438
vt 0.164062 0.648438
vt 0.164062 0.695312
vt 0.171875 0.695312
vt 0.390625 0.575195
vt 0.390625 0.59375
vt 0.382812 0.59375
vt 0.242188 0.926758
vt 0.242188 0.945312
vt 0.195312 0.945312
vt 0.125 0.567383
vt 0.125 0.585938
vt 0.117188 0.585938
vt 0.242188 0.90332
vt 0.242188 0.921875
vt 0.195312 0.921875
vt 0.171875 0.695312
vt 0.171875 0.648438
vt 0.179688 0.648438
vt 0.179688 0.648438
vt 0.179688 0.695312
vt 0.1875 0.695312
vt 0.359375 0.601074
vt 0.371094 0.601074
vt 0.371094 0.617188
vt 0.386719 0.601074
vt 0.386719 0.617188
vt 0.375 0.617188
vt 0.011719 0.593262
vt 0.011719 0.609375
vt 0 0.609375
vt 0.402344 0.983887
vt 0.402344 1
vt 0.390625 1
vt 0.433594 1
vt 0.421875 1
vt 0.421875 0.988281
vt 0.421875 0.972656
vt 0.421875 0.984375
vt 0.433594 0.984375
vt 0.417969 0.970215
vt 0.417969 0.984375
vt 0.40625 0.984375
vt 0.40625 0.95459
vt 0.417969 0.95459
vt 0.417969 0.96875
vt 0.40625 0.938965
vt 0.417969 0.938965
vt 0.417969 0.953125
vt 0.054688 0.57959
vt 0.066406 0.57959
vt 0.066406 0.59375
vt 0.042969 0.578125
vt 0.03125 0.578125
vt 0.03125 0.566406
vt 0.421875 0.957031
vt 0.421875 0.96875
vt 0.433594 0.96875
vt 0.464844 0.503906
vt 0.464844 0.507812
vt 0.460938 0.507812
vt 0.46875 0.503906
vt 0.472656 0.503906
vt 0.472656 0.507812
vt 0.480469 0.503906
vt 0.480469 0.507812
vt 0.476562 0.507812
vt 0.496094 0.519531
vt 0.496094 0.523438
vt 0.492188 0.523438
vt 0.484375 0.507812
vt 0.484375 0.503906
vt 0.488281 0.503906
vt 0.492188 0.503906
vt 0.492188 0.507812
vt 0.496094 0.507812
vt 0.503906 0.988281
vt 0.503906 0.992188
vt 0.5 0.992188
vt 0.015625 0.49609400000000003
vt 0.019531 0.49609400000000003
vt 0.019531 0.5
vt 0.503906 0.980469
vt 0.503906 0.984375
vt 0.5 0.984375
vt 0.027344 0.49609400000000003
vt 0.027344 0.5
vt 0.023438 0.5
vt 0.5 0.976562
vt 0.5 0.972656
vt 0.503906 0.972656
vt 0.03125 0.49609400000000003
vt 0.03125 0.5
vt 0.035156 0.5
vt 0.503906 0.964844
vt 0.503906 0.96875
vt 0.5 0.96875
vt 0.039062 0.49609400000000003
vt 0.042969 0.49609400000000003
vt 0.042969 0.5
vt 0.503906 0.957031
vt 0.503906 0.960938
vt 0.5 0.960938
vt 0.503906 0.949219
vt 0.503906 0.953125
vt 0.5 0.953125
vt 0.5 0.945312
vt 0.5 0.941406
vt 0.503906 0.941406
vt 0.0625 0.49609400000000003
vt 0.0625 0.5
vt 0.066406 0.5
vt 0.503906 0.933594
vt 0.503906 0.9375
vt 0.5 0.9375
vt 0.070312 0.49609400000000003
vt 0.074219 0.49609400000000003
vt 0.074219 0.5
vt 0.503906 0.925781
vt 0.503906 0.929688
vt 0.5 0.929688
vt 0.082031 0.49609400000000003
vt 0.082031 0.5
vt 0.078125 0.5
vt 0.5 0.921875
vt 0.5 0.917969
vt 0.503906 0.917969
vt 0.085938 0.49609400000000003
vt 0.085938 0.5
vt 0.089844 0.5
vt 0.097656 0.49609400000000003
vt 0.097656 0.5
vt 0.09375 0.5
vt 0.503906 0.902344
vt 0.503906 0.90625
vt 0.5 0.90625
vt 0.101562 0.49609400000000003
vt 0.105469 0.49609400000000003
vt 0.105469 0.5
vt 0.503906 0.894531
vt 0.503906 0.898438
vt 0.5 0.898438
vt 0.503906 0.890625
vt 0.5 0.890625
vt 0.5 0.886719
vt 0.5 0.878906
vt 0.5 0.882812
vt 0.503906 0.882812
vt 0.5 0.871094
vt 0.503906 0.871094
vt 0.503906 0.875
vt 0.5 0.863281
vt 0.503906 0.863281
vt 0.503906 0.867188
vt 0.5 0.855469
vt 0.503906 0.855469
vt 0.503906 0.859375
vt 0.152344 0.49609400000000003
vt 0.152344 0.5
vt 0.148438 0.5
vt 0.15625 0.5
vt 0.15625 0.49609400000000003
vt 0.160156 0.49609400000000003
vt 0.164062 0.49609400000000003
vt 0.164062 0.5
vt 0.167969 0.5
vt 0.175781 0.49609400000000003
vt 0.175781 0.5
vt 0.171875 0.5
vt 0.183594 0.49609400000000003
vt 0.183594 0.5
vt 0.179688 0.5
vt 0.191406 0.49609400000000003
vt 0.191406 0.5
vt 0.1875 0.5
vt 0.503906 0.808594
vt 0.503906 0.8125
vt 0.5 0.8125
vt 0.199219 0.5
vt 0.195312 0.5
vt 0.195312 0.49609400000000003
vt 0.503906 0.800781
vt 0.5 0.800781
vt 0.5 0.804688
vt 0.140625 0.520508
vt 0.144531 0.520508
vt 0.144531 0.546875
vt 0.223633 0.762695
vt 0.223633 0.789062
vt 0.195312 0.789062
vt 0.152344 0.520508
vt 0.152344 0.546875
vt 0.148438 0.546875
vt 0.02832 0.754883
vt 0.02832 0.78125
vt 0 0.78125
vt 0.445312 0.554688
vt 0.445312 0.526367
vt 0.449219 0.526367
vt 0 0.518555
vt 0 0.546875
vt 0.003906 0.546875
vt 0.109375 0.62207
vt 0.118652 0.62207
vt 0.118652 0.648438
vt 0.162598 0.731445
vt 0.162598 0.757812
vt 0.140625 0.757812
vt 0.134277 0.62207
vt 0.134277 0.648438
vt 0.125 0.648438
vt 0.186035 0.731445
vt 0.186035 0.757812
vt 0.164062 0.757812
vt 0.382812 0.84375
vt 0.382812 0.821777
vt 0.39209 0.821777
vt 0.382812 0.79834
vt 0.382812 0.820312
vt 0.39209 0.820312
vt 0.205566 0.518555
vt 0.205566 0.523438
vt 0.195312 0.523438
vt 0.474121 0.84668
vt 0.474121 0.851562
vt 0.453125 0.851562
vt 0.476562 0.799805
vt 0.486816 0.799805
vt 0.486816 0.804688
vt 0.474121 0.838867
vt 0.474121 0.84375
vt 0.453125 0.84375
vt 0.34375 0.625
vt 0.34375 0.604004
vt 0.354004 0.604004
vt 0.375 0.635254
vt 0.375 0.65625
vt 0.385254 0.65625
vt 0.056152 0.529785
vt 0.056152 0.539062
vt 0.046875 0.539062
vt 0.158691 0.592285
vt 0.158691 0.601562
vt 0.140625 0.601562
vt 0.460938 0.943848
vt 0.470215 0.943848
vt 0.470215 0.953125
vt 0.416504 0.834473
vt 0.416504 0.84375
vt 0.398438 0.84375
vt 0.398438 0.828125
vt 0.398438 0.810059
vt 0.407715 0.810059
vt 0.1875 0.583496
vt 0.1875 0.601562
vt 0.196777 0.601562
vt 0.14209 0.510742
vt 0.14209 0.515625
vt 0.132812 0.515625
vt 0.477539 0.706055
vt 0.477539 0.710938
vt 0.460938 0.710938
vt 0.493652 0.862305
vt 0.493652 0.867188
vt 0.484375 0.867188
vt 0.477539 0.698242
vt 0.477539 0.703125
vt 0.460938 0.703125
vt 0.40625 0.671875
vt 0.40625 0.655273
vt 0.415527 0.655273
vt 0.351562 0.577148
vt 0.351562 0.59375
vt 0.36084 0.59375
vt 0.457031 0.97168
vt 0.457031 1
vt 0.453125 1
vt 0.061035 0.768555
vt 0.061035 0.796875
vt 0.03125 0.796875
vt 0.007812 0.518555
vt 0.011719 0.518555
vt 0.011719 0.546875
vt 0.092285 0.760742
vt 0.092285 0.789062
vt 0.0625 0.789062
vt 0.4375 0.820312
vt 0.4375 0.790527
vt 0.441406 0.790527
vt 0.1875 0.532715
vt 0.1875 0.5625
vt 0.191406 0.5625
vt 0.121094 0.520508
vt 0.121094 0.546875
vt 0.117188 0.546875
vt 0.161133 0.762695
vt 0.161133 0.789062
vt 0.132812 0.789062
vt 0.125 0.520508
vt 0.128906 0.520508
vt 0.128906 0.546875
vt 0.192383 0.762695
vt 0.192383 0.789062
vt 0.164062 0.789062
vt 0.414062 0.554688
vt 0.414062 0.526367
vt 0.417969 0.526367
vt 0.421875 0.526367
vt 0.421875 0.554688
vt 0.425781 0.554688
vt 0.36084 0.911133
vt 0.36084 0.9375
vt 0.351562 0.9375
vt 0.26416 0.911133
vt 0.26416 0.9375
vt 0.242188 0.9375
vt 0.09375 0.62207
vt 0.103027 0.62207
vt 0.103027 0.648438
vt 0.13916 0.731445
vt 0.13916 0.757812
vt 0.117188 0.757812
vt 0.125 0.617188
vt 0.125 0.595215
vt 0.134277 0.595215
vt 0.382812 0.845215
vt 0.382812 0.867188
vt 0.39209 0.867188
vt 0.164062 0.518555
vt 0.174316 0.518555
vt 0.174316 0.523438
vt 0.474121 0.916992
vt 0.474121 0.921875
vt 0.453125 0.921875
vt 0.486816 0.807617
vt 0.486816 0.8125
vt 0.476562 0.8125
vt 0.474121 0.90918
vt 0.474121 0.914062
vt 0.453125 0.914062
vt 0.375 1
vt 0.375 0.979004
vt 0.385254 0.979004
vt 0.375 0.658691
vt 0.375 0.679688
vt 0.385254 0.679688
vt 0.429688 0.526367
vt 0.433594 0.526367
vt 0.433594 0.554688
vt 0.029785 0.78418
vt 0.029785 0.8125
vt 0 0.8125
vt 0.441406 0.526367
vt 0.441406 0.554688
vt 0.4375 0.554688
vt 0.23291 0.97168
vt 0.23291 1
vt 0.203125 1
vt 0.179688 0.570312
vt 0.179688 0.540527
vt 0.183594 0.540527
vt 0.132812 0.532715
vt 0.132812 0.5625
vt 0.136719 0.5625
vt 0.460938 0.975098
vt 0.470215 0.975098
vt 0.470215 0.984375
vt 0.416504 0.912598
vt 0.416504 0.921875
vt 0.398438 0.921875
vt 0.470215 0.959473
vt 0.470215 0.96875
vt 0.460938 0.96875
vt 0.416504 0.896973
vt 0.416504 0.90625
vt 0.398438 0.90625
vt 0.398438 0.890625
vt 0.398438 0.872559
vt 0.407715 0.872559
vt 0.398438 0.849121
vt 0.398438 0.867188
vt 0.407715 0.867188
vt 0.126465 0.510742
vt 0.126465 0.515625
vt 0.117188 0.515625
vt 0.477539 0.713867
vt 0.477539 0.71875
vt 0.460938 0.71875
vt 0.493652 0.870117
vt 0.493652 0.875
vt 0.484375 0.875
vt 0.305664 0.53418
vt 0.305664 0.539062
vt 0.289062 0.539062
vt 0.40625 0.695312
vt 0.40625 0.678711
vt 0.415527 0.678711
vt 0.3125 0.577148
vt 0.3125 0.59375
vt 0.321777 0.59375
vt 0.493652 0.601562
vt 0.493652 0.617188
vt 0.492188 0.617188
vt 0.358398 0.671875
vt 0.358398 0.6875
vt 0.351562 0.6875
vt 0.39209 0.49218800000000007
vt 0.39209 0.507812
vt 0.390625 0.507812
vt 0.445312 0.617188
vt 0.452148 0.617188
vt 0.452148 0.632812
vt 0.507812 0.84375
vt 0.507812 0.836914
vt 0.509277 0.836914
vt 0.164062 0.485352
vt 0.164062 0.49218800000000007
vt 0.165527 0.49218800000000007
vt 0.493652 0.585938
vt 0.493652 0.601562
vt 0.492188 0.601562
vt 0.459961 0.953125
vt 0.459961 0.96875
vt 0.453125 0.96875
vt 0.407715 0.49218800000000007
vt 0.407715 0.507812
vt 0.40625 0.507812
vt 0.453125 0.921875
vt 0.459961 0.921875
vt 0.459961 0.9375
vt 0.507812 0.835938
vt 0.507812 0.829102
vt 0.509277 0.829102
vt 0.171875 0.485352
vt 0.171875 0.49218800000000007
vt 0.17334 0.49218800000000007
vt 0.379883 0.895996
vt 0.379883 0.914062
vt 0.367188 0.914062
vt 0.328125 0.520996
vt 0.332031 0.520996
vt 0.332031 0.539062
vt 0.18457 0.614746
vt 0.18457 0.632812
vt 0.171875 0.632812
vt 0.339844 0.520996
vt 0.339844 0.539062
vt 0.335938 0.539062
vt 0.476562 0.789062
vt 0.476562 0.785156
vt 0.489258 0.785156
vt 0.476562 0.777344
vt 0.476562 0.78125
vt 0.489258 0.78125
vt 0.509277 0.821777
vt 0.509277 0.828125
vt 0.507812 0.828125
vt 0.484375 0.665527
vt 0.490723 0.665527
vt 0.490723 0.671875
vt 0.181152 0.48584000000000005
vt 0.181152 0.49218800000000007
vt 0.179688 0.49218800000000007
vt 0.342285 0.509277
vt 0.342285 0.515625
vt 0.335938 0.515625
vt 0.507812 0.820312
vt 0.507812 0.813965
vt 0.509277 0.813965
vt 0.1875 0.48584000000000005
vt 0.1875 0.49218800000000007
vt 0.188965 0.49218800000000007
vt 0.334473 0.512695
vt 0.334473 0.515625
vt 0.320312 0.515625
vt 0.503906 0.575195
vt 0.503906 0.578125
vt 0.5 0.578125
vt 0.498535 0.676758
vt 0.498535 0.679688
vt 0.484375 0.679688
vt 0.5 0.567383
vt 0.503906 0.567383
vt 0.503906 0.570312
vt 0.476562 0.914062
vt 0.476562 0.910156
vt 0.490723 0.910156
vt 0.476562 0.847656
vt 0.476562 0.851562
vt 0.490723 0.851562
vt 0.09375 0.734375
vt 0.09375 0.742188
vt 0.085938 0.742188
vt 0.484375 0.59375
vt 0.489258 0.59375
vt 0.489258 0.601562
vt 0.117188 0.726562
vt 0.117188 0.734375
vt 0.109375 0.734375
vt 0.40625 0.507812
vt 0.411133 0.507812
vt 0.411133 0.515625
vt 0.492188 0.59375
vt 0.484375 0.59375
vt 0.484375 0.588867
vt 0.414062 0.510742
vt 0.414062 0.515625
vt 0.421875 0.515625
vt 0.515625 0.904785
vt 0.515625 0.90625
vt 0.507812 0.90625
vt 0.109375 0.490723
vt 0.109375 0.49218800000000007
vt 0.101562 0.49218800000000007
vt 0.515625 0.896973
vt 0.515625 0.898438
vt 0.507812 0.898438
vt 0.109375 0.490723
vt 0.117188 0.490723
vt 0.117188 0.49218800000000007
vt 0.476562 0.992188
vt 0.476562 0.984375
vt 0.484375 0.984375
vt 0.015625 0.515625
vt 0.015625 0.523438
vt 0.023438 0.523438
vt 0.508789 0.63916
vt 0.508789 0.640625
vt 0.5 0.640625
vt 0.515625 0.88916
vt 0.515625 0.890625
vt 0.507812 0.890625
vt 0.508789 0.631348
vt 0.508789 0.632812
vt 0.5 0.632812
vt 0.125 0.490723
vt 0.125 0.49218800000000007
vt 0.117188 0.49218800000000007
vt 0.46875 0.554688
vt 0.46875 0.546875
vt 0.477539 0.546875
vt 0.461914 0.523438
vt 0.453125 0.523438
vt 0.453125 0.53125
vt 0.515625 0.881348
vt 0.515625 0.882812
vt 0.507812 0.882812
vt 0.132812 0.490723
vt 0.132812 0.49218800000000007
vt 0.125 0.49218800000000007
vt 0.515625 0.873535
vt 0.515625 0.875
vt 0.507812 0.875
vt 0.132812 0.490723
vt 0.140625 0.490723
vt 0.140625 0.49218800000000007
vt 0.476562 0.984375
vt 0.476562 0.976562
vt 0.484375 0.976562
vt 0.023438 0.515625
vt 0.023438 0.523438
vt 0.03125 0.523438
vt 0.508789 0.623535
vt 0.508789 0.625
vt 0.5 0.625
vt 0.515625 0.865723
vt 0.515625 0.867188
vt 0.507812 0.867188
vt 0.508789 0.615723
vt 0.508789 0.617188
vt 0.5 0.617188
vt 0.148438 0.490723
vt 0.148438 0.49218800000000007
vt 0.140625 0.49218800000000007
vt 0.46875 0.546875
vt 0.46875 0.539062
vt 0.477539 0.539062
vt 0.477539 0.53125
vt 0.46875 0.53125
vt 0.46875 0.539062
vt 0.515625 0.959473
vt 0.515625 0.960938
vt 0.507812 0.960938
vt 0.515625 0.95166
vt 0.515625 0.953125
vt 0.507812 0.953125
vt 0.515625 0.943848
vt 0.515625 0.945312
vt 0.507812 0.945312
vt 0.0625 0.490723
vt 0.070312 0.490723
vt 0.070312 0.49218800000000007
vt 0.429688 0.9375
vt 0.429688 0.929688
vt 0.4375 0.929688
vt 0.429688 0.84375
vt 0.429688 0.851562
vt 0.4375 0.851562
vt 0.508789 0.686035
vt 0.508789 0.6875
vt 0.5 0.6875
vt 0.515625 0.936035
vt 0.515625 0.9375
vt 0.507812 0.9375
vt 0.508789 0.678223
vt 0.508789 0.679688
vt 0.5 0.679688
vt 0.078125 0.490723
vt 0.078125 0.49218800000000007
vt 0.070312 0.49218800000000007
vt 0.46875 0.585938
vt 0.46875 0.578125
vt 0.477539 0.578125
vt 0.477539 0.570312
vt 0.46875 0.570312
vt 0.46875 0.578125
vt 0.515625 0.928223
vt 0.515625 0.929688
vt 0.507812 0.929688
vt 0.085938 0.490723
vt 0.085938 0.49218800000000007
vt 0.078125 0.49218800000000007
vt 0.515625 0.92041
vt 0.515625 0.921875
vt 0.507812 0.921875
vt 0.085938 0.490723
vt 0.09375 0.490723
vt 0.09375 0.49218800000000007
vt 0.4375 0.90625
vt 0.4375 0.898438
vt 0.445312 0.898438
vt 0.226562 0.554688
vt 0.226562 0.5625
vt 0.234375 0.5625
vt 0.508789 0.67041
vt 0.508789 0.671875
vt 0.5 0.671875
vt 0.515625 0.912598
vt 0.515625 0.914062
vt 0.507812 0.914062
vt 0.508789 0.646973
vt 0.508789 0.648438
vt 0.5 0.648438
vt 0.101562 0.490723
vt 0.101562 0.49218800000000007
vt 0.09375 0.49218800000000007
vt 0.46875 0.570312
vt 0.46875 0.5625
vt 0.477539 0.5625
vt 0.477539 0.554688
vt 0.46875 0.554688
vt 0.46875 0.5625
vt 0.445312 0.49853499999999995
vt 0.445312 0.5
vt 0.4375 0.5
vt 0.507812 0.561035
vt 0.507812 0.5625
vt 0.5 0.5625
vt 0.453125 0.49853499999999995
vt 0.453125 0.5
vt 0.445312 0.5
vt 0.507812 0.553223
vt 0.507812 0.554688
vt 0.5 0.554688
vt 0.382812 0.890625
vt 0.375 0.890625
vt 0.375 0.882812
vt 0.375 0.742188
vt 0.375 0.75
vt 0.382812 0.75
vt 0.453125 0.49853499999999995
vt 0.460938 0.49853499999999995
vt 0.460938 0.5
vt 0.507812 0.54541
vt 0.507812 0.546875
vt 0.5 0.546875
vt 0.46875 0.49853499999999995
vt 0.46875 0.5
vt 0.460938 0.5
vt 0.5 0.537598
vt 0.507812 0.537598
vt 0.507812 0.539062
vt 0.398438 0.875
vt 0.390625 0.875
vt 0.390625 0.867188
vt 0.398438 0.78125
vt 0.398438 0.789062
vt 0.40625 0.789062
vt 0.25 0.49853499999999995
vt 0.258789 0.49853499999999995
vt 0.258789 0.5
vt 0.46875 0.49853499999999995
vt 0.476562 0.49853499999999995
vt 0.476562 0.5
vt 0.508789 0.740723
vt 0.508789 0.742188
vt 0.5 0.742188
vt 0.484375 0.49853499999999995
vt 0.484375 0.5
vt 0.476562 0.5
vt 0.46875 0.671875
vt 0.46875 0.664062
vt 0.477539 0.664062
vt 0.375977 0.523438
vt 0.367188 0.523438
vt 0.367188 0.53125
vt 0.5 0.73291
vt 0.508789 0.73291
vt 0.508789 0.734375
vt 0.507812 0.521973
vt 0.507812 0.523438
vt 0.5 0.523438
vt 0.5 0.717285
vt 0.508789 0.717285
vt 0.508789 0.71875
vt 0.484375 0.49853499999999995
vt 0.492188 0.49853499999999995
vt 0.492188 0.5
vt 0.477539 0.632812
vt 0.46875 0.632812
vt 0.46875 0.625
vt 0.477539 0.617188
vt 0.46875 0.617188
vt 0.46875 0.625
vt 0.507812 0.51416
vt 0.507812 0.515625
vt 0.5 0.515625
vt 0.492188 0.49853499999999995
vt 0.5 0.49853499999999995
vt 0.5 0.5
vt 0.507812 0.506348
vt 0.507812 0.507812
vt 0.5 0.507812
vt 0.5 0.49853499999999995
vt 0.507812 0.49853499999999995
vt 0.507812 0.5
vt 0.398438 0.71875
vt 0.398438 0.710938
vt 0.40625 0.710938
vt 0.359375 0.59375
vt 0.351562 0.59375
vt 0.351562 0.601562
vt 0.508789 0.709473
vt 0.508789 0.710938
vt 0.5 0.710938
vt 0.515625 0.990723
vt 0.515625 0.992188
vt 0.507812 0.992188
vt 0.5 0.70166
vt 0.508789 0.70166
vt 0.508789 0.703125
vt 0.023438 0.490723
vt 0.023438 0.49218800000000007
vt 0.015625 0.49218800000000007
vt 0.477539 0.617188
vt 0.46875 0.617188
vt 0.46875 0.609375
vt 0.46875 0.601562
vt 0.46875 0.609375
vt 0.477539 0.609375
vt 0.515625 0.98291
vt 0.515625 0.984375
vt 0.507812 0.984375
vt 0.03125 0.490723
vt 0.03125 0.49218800000000007
vt 0.023438 0.49218800000000007
vt 0.507812 0.975098
vt 0.515625 0.975098
vt 0.515625 0.976562
vt 0.03125 0.490723
vt 0.039062 0.490723
vt 0.039062 0.49218800000000007
vt 0.421875 0.898438
vt 0.421875 0.890625
vt 0.429688 0.890625
vt 0.171875 0.570312
vt 0.164062 0.570312
vt 0.164062 0.578125
vt 0.304688 0.49853499999999995
vt 0.313477 0.49853499999999995
vt 0.313477 0.5
vt 0.515625 0.967285
vt 0.515625 0.96875
vt 0.507812 0.96875
vt 0.508789 0.693848
vt 0.508789 0.695312
vt 0.5 0.695312
vt 0.039062 0.490723
vt 0.046875 0.490723
vt 0.046875 0.49218800000000007
vt 0.46875 0.601562
vt 0.46875 0.59375
vt 0.477539 0.59375
vt 0.46875 0.585938
vt 0.46875 0.59375
vt 0.477539 0.59375
vt 0.367188 0.75
vt 0.367188 0.765625
vt 0.351562 0.765625
vt 0.308594 0.515625
vt 0.308594 0.53125
vt 0.304688 0.53125
vt 0.367188 0.734375
vt 0.367188 0.75
vt 0.351562 0.75
vt 0.382812 0.515625
vt 0.386719 0.515625
vt 0.386719 0.53125
vt 0.46875 0.53125
vt 0.46875 0.527344
vt 0.484375 0.527344
vt 0.476562 0.996094
vt 0.476562 1
vt 0.492188 1
vt 0.273438 0.835938
vt 0.273438 0.851562
vt 0.234375 0.851562
vt 0.476562 0.632812
vt 0.479492 0.632812
vt 0.479492 0.648438
vt 0.28125 0.953125
vt 0.28125 0.96875
vt 0.242188 0.96875
vt 0.367188 0.507812
vt 0.370117 0.507812
vt 0.370117 0.523438
vt 0.4375 0.757812
vt 0.4375 0.754883
vt 0.476562 0.754883
vt 0.4375 0.637695
vt 0.4375 0.640625
vt 0.476562 0.640625
vt 0.280273 0.9375
vt 0.280273 0.953125
vt 0.242188 0.953125
vt 0.37793 0.507812
vt 0.37793 0.523438
vt 0.375 0.523438
vt 0.054688 0.742188
vt 0.092773 0.742188
vt 0.092773 0.757812
vt 0.393555 0.507812
vt 0.393555 0.523438
vt 0.390625 0.523438
vt 0.445312 0.859375
vt 0.445312 0.856445
vt 0.483398 0.856445
vt 0.351562 0.551758
vt 0.351562 0.554688
vt 0.389648 0.554688
vt 0.40332 0.76709
vt 0.40332 0.78125
vt 0.390625 0.78125
vt 0.28125 0.728027
vt 0.311523 0.728027
vt 0.311523 0.742188
vt 0.40332 0.751465
vt 0.40332 0.765625
vt 0.390625 0.765625
vt 0.295898 0.70459
vt 0.295898 0.71875
vt 0.265625 0.71875
vt 0.289062 0.773438
vt 0.289062 0.743164
vt 0.301758 0.743164
vt 0.265625 0.672852
vt 0.265625 0.703125
vt 0.27832 0.703125
vt 0.40332 0.696777
vt 0.40332 0.710938
vt 0.390625 0.710938
vt 0.078125 0.696777
vt 0.108398 0.696777
vt 0.108398 0.710938
vt 0.40332 0.681152
vt 0.40332 0.695312
vt 0.390625 0.695312
vt 0.139648 0.696777
vt 0.139648 0.710938
vt 0.109375 0.710938
vt 0.296875 0.726562
vt 0.296875 0.696289
vt 0.30957 0.696289
vt 0.28125 0.672852
vt 0.28125 0.703125
vt 0.293945 0.703125
vt 0.40332 0.665527
vt 0.40332 0.679688
vt 0.390625 0.679688
vt 0.289062 0.868652
vt 0.318848 0.868652
vt 0.318848 0.882812
vt 0.40332 0.649902
vt 0.40332 0.664062
vt 0.390625 0.664062
vt 0.140625 0.696777
vt 0.17041 0.696777
vt 0.17041 0.710938
vt 0.043945 0.695312
vt 0.03125 0.695312
vt 0.03125 0.665527
vt 0.05957 0.665527
vt 0.046875 0.665527
vt 0.046875 0.695312
vt 0.40332 0.634277
vt 0.40332 0.648438
vt 0.390625 0.648438
vt 0.20166 0.696777
vt 0.20166 0.710938
vt 0.171875 0.710938
vt 0.40332 0.603027
vt 0.40332 0.617188
vt 0.390625 0.617188
vt 0.23291 0.696777
vt 0.23291 0.710938
vt 0.203125 0.710938
vt 0.0625 0.695312
vt 0.0625 0.665527
vt 0.075195 0.665527
vt 0.078125 0.665527
vt 0.078125 0.695312
vt 0.09082 0.695312
vt 0.311523 0.983398
vt 0.311523 1
vt 0.28125 1
vt 0.03125 0.639648
vt 0.03125 0.65625
vt 0.015625 0.65625
vt 0.311523 0.959961
vt 0.311523 0.976562
vt 0.28125 0.976562
vt 0.1875 0.639648
vt 0.203125 0.639648
vt 0.203125 0.65625
vt 0.28125 0.898438
vt 0.28125 0.882812
vt 0.311523 0.882812
vt 0.28125 0.828125
vt 0.28125 0.84375
vt 0.311523 0.84375
vt 0.077148 0.702148
vt 0.077148 0.71875
vt 0.046875 0.71875
vt 0.21875 0.639648
vt 0.21875 0.65625
vt 0.203125 0.65625
vt 0.311523 0.936523
vt 0.311523 0.953125
vt 0.28125 0.953125
vt 0.21875 0.639648
vt 0.234375 0.639648
vt 0.234375 0.65625
vt 0.28125 0.828125
vt 0.28125 0.8125
vt 0.311523 0.8125
vt 0.28125 0.796875
vt 0.28125 0.8125
vt 0.311523 0.8125
vt 0.273438 0.78125
vt 0.273438 0.789062
vt 0.265625 0.789062
vt 0.489258 0.578125
vt 0.489258 0.585938
vt 0.484375 0.585938
vt 0.273438 0.835938
vt 0.28125 0.835938
vt 0.28125 0.84375
vt 0.426758 0.507812
vt 0.426758 0.515625
vt 0.421875 0.515625
vt 0.492188 0.578125
vt 0.484375 0.578125
vt 0.484375 0.573242
vt 0.4375 0.510742
vt 0.429688 0.510742
vt 0.429688 0.515625
vt 0.085938 0.710938
vt 0.085938 0.71875
vt 0.078125 0.71875
vt 0.484375 0.710938
vt 0.489746 0.710938
vt 0.489746 0.71875
vt 0.3125 0.789062
vt 0.3125 0.796875
vt 0.304688 0.796875
vt 0.489746 0.703125
vt 0.489746 0.710938
vt 0.484375 0.710938
vt 0.296875 0.515625
vt 0.296875 0.510254
vt 0.304688 0.510254
vt 0.484375 0.697754
vt 0.484375 0.703125
vt 0.492188 0.703125
vt 0.351562 0.804688
vt 0.351562 0.8125
vt 0.34375 0.8125
vt 0.304688 0.507812
vt 0.310059 0.507812
vt 0.310059 0.515625
vt 0.3125 0.648438
vt 0.3125 0.65625
vt 0.304688 0.65625
vt 0.489746 0.6875
vt 0.489746 0.695312
vt 0.484375 0.695312
vt 0.3125 0.515625
vt 0.3125 0.510254
vt 0.320312 0.510254
vt 0.484375 0.682129
vt 0.484375 0.6875
vt 0.492188 0.6875
vt 0.320312 0.640625
vt 0.328125 0.640625
vt 0.328125 0.648438
vt 0.484375 0.5625
vt 0.489258 0.5625
vt 0.489258 0.570312
vt 0.296875 0.625
vt 0.296875 0.632812
vt 0.289062 0.632812
vt 0.4375 0.507812
vt 0.442383 0.507812
vt 0.442383 0.515625
vt 0.484375 0.5625
vt 0.484375 0.557617
vt 0.492188 0.557617
vt 0.445312 0.510742
vt 0.445312 0.515625
vt 0.453125 0.515625
vt 0.301758 0.545898
vt 0.301758 0.554688
vt 0.289062 0.554688
vt 0.450684 0.709961
vt 0.450684 0.71875
vt 0.4375 0.71875
vt 0.317383 0.545898
vt 0.317383 0.554688
vt 0.304688 0.554688
vt 0.4375 0.694336
vt 0.450684 0.694336
vt 0.450684 0.703125
vt 0.398438 0.75
vt 0.398438 0.736816
vt 0.411133 0.736816
vt 0.398438 0.721191
vt 0.398438 0.734375
vt 0.411133 0.734375
vt 0.509277 0.79541
vt 0.509277 0.796875
vt 0.507812 0.796875
vt 0.46875 0.51416
vt 0.493652 0.51416
vt 0.493652 0.515625
vt 0.212402 0.490723
vt 0.212402 0.49218800000000007
vt 0.210938 0.49218800000000007
vt 0.509277 0.529785
vt 0.509277 0.53125
vt 0.484375 0.53125
vt 0 0.507812
vt 0 0.48290999999999995
vt 0.001465 0.48290999999999995
vt 0.007812 0.48290999999999995
vt 0.007812 0.507812
vt 0.009277 0.507812
vt 0.333008 0.545898
vt 0.333008 0.554688
vt 0.320312 0.554688
vt 0.496094 0.897461
vt 0.496094 0.90625
vt 0.492188 0.90625
vt 0.348633 0.545898
vt 0.348633 0.554688
vt 0.335938 0.554688
vt 0.109375 0.499023
vt 0.113281 0.499023
vt 0.113281 0.507812
vt 0.476562 0.796875
vt 0.476562 0.792969
vt 0.489258 0.792969
vt 0.210938 0.519531
vt 0.210938 0.523438
vt 0.223633 0.523438
vt 0.078125 0.789062
vt 0.078125 0.796875
vt 0.0625 0.796875
vt 0.0625 0.757812
vt 0.0625 0.765625
vt 0.054688 0.765625
vt 0.132812 0.757812
vt 0.132812 0.765625
vt 0.117188 0.765625
vt 0.242188 0.828125
vt 0.242188 0.835938
vt 0.234375 0.835938
vt 0.257812 0.859375
vt 0.257812 0.851562
vt 0.273438 0.851562
vt 0.273438 0.765625
vt 0.273438 0.773438
vt 0.289062 0.773438
vt 0.509277 0.787598
vt 0.509277 0.789062
vt 0.507812 0.789062
vt 0.492188 0.998535
vt 0.51709 0.998535
vt 0.51709 1
vt 0.220215 0.490723
vt 0.220215 0.49218800000000007
vt 0.21875 0.49218800000000007
vt 0.040527 0.506348
vt 0.040527 0.507812
vt 0.015625 0.507812
vt 0.046875 0.507812
vt 0.046875 0.48290999999999995
vt 0.04834 0.48290999999999995
vt 0.054688 0.48290999999999995
vt 0.054688 0.507812
vt 0.056152 0.507812
vt 0.507812 0.60791
vt 0.507812 0.609375
vt 0.5 0.609375
vt 0.507812 0.779785
vt 0.509277 0.779785
vt 0.509277 0.78125
vt 0.507812 0.600098
vt 0.507812 0.601562
vt 0.5 0.601562
vt 0.228027 0.490723
vt 0.228027 0.49218800000000007
vt 0.226562 0.49218800000000007
vt 0.5 0.59375
vt 0.5 0.592285
vt 0.507812 0.592285
vt 0.5 0.584473
vt 0.5 0.585938
vt 0.507812 0.585938
vt 0.362305 0.711914
vt 0.362305 0.734375
vt 0.351562 0.734375
vt 0.286621 0.649414
vt 0.286621 0.671875
vt 0.273438 0.671875
vt 0.28418 0.625977
vt 0.28418 0.648438
vt 0.273438 0.648438
vt 0.341309 0.688477
vt 0.341309 0.710938
vt 0.328125 0.710938
vt 0.414062 0.859375
vt 0.414062 0.846191
vt 0.424805 0.846191
vt 0.171875 0.572754
vt 0.171875 0.585938
vt 0.182617 0.585938
vt 0.362305 0.688477
vt 0.362305 0.710938
vt 0.351562 0.710938
vt 0.31543 0.625977
vt 0.31543 0.648438
vt 0.304688 0.648438
vt 0.354492 0.625977
vt 0.354492 0.648438
vt 0.34375 0.648438
vt 0.370117 0.977539
vt 0.370117 1
vt 0.359375 1
vt 0.4375 0.65625
vt 0.4375 0.645508
vt 0.448242 0.645508
vt 0.4375 0.606445
vt 0.4375 0.617188
vt 0.448242 0.617188
vt 0.041992 0.618164
vt 0.041992 0.640625
vt 0.03125 0.640625
vt 0.057617 0.618164
vt 0.057617 0.640625
vt 0.046875 0.640625
vt 0.073242 0.618164
vt 0.073242 0.640625
vt 0.0625 0.640625
vt 0.088867 0.618164
vt 0.088867 0.640625
vt 0.078125 0.640625
vt 0.4375 0.601562
vt 0.4375 0.59082
vt 0.448242 0.59082
vt 0.4375 0.575195
vt 0.4375 0.585938
vt 0.448242 0.585938
vt 0.370117 0.665039
vt 0.370117 0.6875
vt 0.359375 0.6875
vt 0.331055 0.618164
vt 0.331055 0.640625
vt 0.320312 0.640625
vt 0.370117 0.641602
vt 0.370117 0.664062
vt 0.359375 0.664062
vt 0.370117 0.618164
vt 0.370117 0.640625
vt 0.359375 0.640625
vt 0.4375 0.570312
vt 0.4375 0.55957
vt 0.448242 0.55957
vt 0.015625 0.543945
vt 0.015625 0.554688
vt 0.026367 0.554688
vt 0.010742 0.610352
vt 0.010742 0.632812
vt 0 0.632812
vt 0.026367 0.610352
vt 0.026367 0.632812
vt 0.015625 0.632812
vt 0.37793 0.938477
vt 0.37793 0.960938
vt 0.367188 0.960938
vt 0.37793 0.915039
vt 0.37793 0.9375
vt 0.367188 0.9375
vt 0.046875 0.554688
vt 0.046875 0.543945
vt 0.057617 0.543945
vt 0.445312 0.942383
vt 0.445312 0.953125
vt 0.456055 0.953125
vt 0.234375 0.878906
vt 0.234375 0.898438
vt 0.195312 0.898438
vt 0.356445 0.652344
vt 0.356445 0.671875
vt 0.34375 0.671875
vt 0.132812 0.769531
vt 0.132812 0.789062
vt 0.09375 0.789062
vt 0.364258 0.941406
vt 0.364258 0.960938
vt 0.351562 0.960938
vt 0.28125 0.929688
vt 0.28125 0.916992
vt 0.320312 0.916992
vt 0.28125 0.901367
vt 0.28125 0.914062
vt 0.320312 0.914062
vt 0.071777 0.503906
vt 0.071777 0.507812
vt 0.0625 0.507812
vt 0.087402 0.503906
vt 0.087402 0.507812
vt 0.078125 0.507812
vt 0.501465 0.910156
vt 0.501465 0.914062
vt 0.492188 0.914062
vt 0.103027 0.503906
vt 0.103027 0.507812
vt 0.09375 0.507812
vt 0.460938 0.9375
vt 0.460938 0.928223
vt 0.470215 0.928223
vt 0.085938 0.529785
vt 0.085938 0.539062
vt 0.095215 0.539062
vt 0 1
vt 0.023438 1
vt 0.023438 1
vt 0 1
vt 0.001953 1
vt 0.001953 1
vt 0 1
vt 0.023438 1
vt 0.023438 1
vt 0 1
vt 0.001953 1
vt 0.001953 1
vt 0.398438 0.523438
vt 0.398438 0.521484
vt 0.421875 0.521484
vt 0.421875 0.521484
vt 0.421875 0.523438
vt 0.445312 0.523438
vt 0 1
vt 0.023438 1
vt 0.023438 1
vt 0 1
vt 0.001953 1
vt 0.001953 1
vt 0 1
vt 0.023438 1
vt 0.023438 1
vt 0 1
vt 0.001953 1
vt 0.001953 1
vt 0.445312 0.523438
vt 0.445312 0.521484
vt 0.46875 0.521484
vt 0.46875 0.521484
vt 0.46875 0.523438
vt 0.492188 0.523438
vt 0 1
vt 0.024902 1
vt 0.024902 1
vt 0 1
vt 0.001953 1
vt 0.001953 1
vt 0 1
vt 0.024902 1
vt 0.024902 1
vt 0 1
vt 0.001953 1
vt 0.001953 1
vt 0.290527 0.523438
vt 0.265625 0.523438
vt 0.265625 0.521484
vt 0.476562 0.724609
vt 0.476562 0.726562
vt 0.501465 0.726562
vt 0 1
vt 0.024902 1
vt 0.024902 1
vt 0 1
vt 0.001953 1
vt 0.001953 1
vt 0 1
vt 0.024902 1
vt 0.024902 1
vt 0 1
vt 0.001953 1
vt 0.001953 1
vt 0.476562 0.664062
vt 0.476562 0.662109
vt 0.501465 0.662109
vt 0.501465 0.654297
vt 0.476562 0.654297
vt 0.476562 0.65625
vt 0 1
vt 0.027344 1
vt 0.027344 1
vt 0 1
vt 0.001953 1
vt 0.001953 1
vt 0 1
vt 0.027344 1
vt 0.027344 1
vt 0 1
vt 0.001953 1
vt 0.001953 1
vt 0.476562 0.84375
vt 0.476562 0.841797
vt 0.503906 0.841797
vt 0.476562 0.833984
vt 0.476562 0.835938
vt 0.503906 0.835938
vt 0.500977 0.758789
vt 0.500977 0.773438
vt 0.5 0.773438
vt 0.100586 0.813477
vt 0.100586 0.828125
vt 0.078125 0.828125
vt 0.235352 0.485352
vt 0.235352 0.5
vt 0.234375 0.5
vt 0.350586 0.790039
vt 0.350586 0.804688
vt 0.328125 0.804688
vt 0.414062 0.507812
vt 0.414062 0.485352
vt 0.415039 0.485352
vt 0.492188 0.563477
vt 0.492188 0.585938
vt 0.493164 0.585938
vt 0.243164 0.485352
vt 0.242188 0.5
vt 0.242188 0.485352
vt 0.350586 0.774414
vt 0.328125 0.789062
vt 0.328125 0.774414
vt 0.500977 0.743164
vt 0.5 0.757812
vt 0.5 0.743164
vt 0.350586 0.758789
vt 0.328125 0.773438
vt 0.328125 0.758789
vt 0.421875 0.507812
vt 0.422852 0.485352
vt 0.422852 0.507812
vt 0.429688 0.485352
vt 0.430664 0.507812
vt 0.430664 0.485352
vt 0.243164 0.485352
vt 0.243164 0.5
vt 0.242188 0.5
vt 0.350586 0.774414
vt 0.350586 0.789062
vt 0.328125 0.789062
vt 0.500977 0.743164
vt 0.500977 0.757812
vt 0.5 0.757812
vt 0.350586 0.758789
vt 0.350586 0.773438
vt 0.328125 0.773438
vt 0.421875 0.507812
vt 0.421875 0.485352
vt 0.422852 0.485352
vt 0.429688 0.485352
vt 0.429688 0.507812
vt 0.430664 0.507812
vn -0.3312824976770802 0.42477868516832834 -0.8425051782389839
vn 0.9434378314184652 0.13649241276763982 -0.3021504252939126
vn 0.3312825306279486 -0.42477647879661884 0.8425062776988004
vn -0.9434432093497194 -0.1364770624304988 0.3021405668927022
vn 0.013345441529946133 0.8949528187018432 0.44596115468502046
vn -0.013364181849815963 -0.8949528032297343 -0.4459606245339666
vn 0 0 0
vn 0 0 0
vn 0 0 0
vn 0 0 0
vn -0.6061441802063827 0.7933162161832501 0.0569088213076266
vn 0.6061441802063826 -0.79331621618325 -0.05690882130762641
vn 0 0 -1
vn 1 0 0
vn 0 0 1
vn -1 0 0
vn 0 1 0
vn 0 -1 0
vn -0.06187052481940067 -0.3989028714270274 -0.9149035672276311
vn 0.9975640775494626 0.004865967053315564 -0.06958615916635863
vn 0.061876312870585724 0.3989028996622635 0.9149031634804745
vn -0.9975640752555317 -0.004865952264369734 0.06958619308552981
vn -0.032202398012322477 0.9169802433437934 -0.3976307821074895
vn 0.0322023980123225 -0.9169802433437934 0.39763078210748937
vn 0.2756300147661412 0.8107176875469375 -0.516492909978988
vn 0.9612614366247628 -0.23247044630146144 0.14810112104402295
vn -0.2756300147714275 -0.8107233924514636 0.516483955112928
vn -0.9612615921371992 0.23247098815157408 -0.14809926113822286
vn 3.887536733280128e-7 0.5373010070091868 0.8433905547649693
vn 0.0000043189307034149466 -0.5373021455039663 -0.8433898294490999
vn 0.28845772455657837 0.6049697669502105 -0.7421615203039358
vn 0.9517884440536014 -0.26564541862035845 0.1533990525786883
vn -0.28845062438001484 -0.6049667168163209 0.7421667661915757
vn -0.9517908217756189 0.2656359031469038 -0.15340077751765396
vn 0.10435630690552969 0.7506290635987195 0.6524306630515985
vn -0.10435716435359492 -0.7506308619279619 -0.6524284568972768
vn 0 0 -1
vn 1 0 0
vn 0 0 1
vn -1 0 0
vn 0 1 0
vn 0 -1 0
vn 0.27564825054339154 -0.8107189822976492 0.5164811455558
vn 0.961261436625554 0.2324714455508943 -0.1480995525315792
vn -0.27563942428391147 0.8107176320953619 -0.5164879754555022
vn -0.9612615921380554 -0.23246998889926293 0.14810082964449425
vn 0.000014417639657284583 -0.5372976142215756 -0.8433927160842299
vn 0.000009177116436124792 0.5373033203821114 0.8433890809241834
vn 0.06187052481940061 -0.39890287142702735 -0.9149035672276311
vn 0.9975640752555317 -0.0048659522643697386 0.06958619308552981
vn -0.06187631287058572 0.39890289966226344 0.9149031634804744
vn -0.9975640775494626 0.004865967053315561 -0.06958615916635864
vn 0.03221527106498116 0.9169829653839118 -0.3976234619661389
vn -0.032215271064981114 -0.9169829653839118 0.39762346196613896
vn -0.28846684104402187 0.6049707628363638 -0.7421571651148233
vn 0.9517886840499731 0.2656449152952993 -0.1533984351034067
vn 0.2884506243800109 -0.6049667168163204 0.7421667661915776
vn -0.9517881483660067 -0.2656475455834079 0.15339720387125583
vn -0.10435731798972352 0.7506311841491374 0.6524280616013198
vn 0.10434289613123152 -0.7506324185746502 -0.6524289480178804
vn 0.2138069211801304 0.23890712287334684 -0.9472116907512562
vn 0.9767798132158737 -0.03902125592479141 0.21066214201895594
vn -0.21385370266652706 -0.23887345821521633 0.9472096203143843
vn -0.976779761972129 0.03905552879839763 -0.2106560283304252
vn -0.013351292663742959 0.9702607835451529 0.24169351439075293
vn 0.013340737330919358 -0.9702610451533109 -0.24169304703584715
vn 0.33126661008758024 0.23234318765842546 -0.9144829556584446
vn 0.943437373442777 -0.06786959429274134 0.32452987622395085
vn -0.3312751106016285 -0.23236203555445986 0.9144750874293225
vn -0.943438197124753 0.06784626673480651 -0.3245323593975577
vn -0.013367164224330349 0.9702611378578126 0.2416912147419983
vn 0.01337193994290588 -0.9702648409748875 -0.2416760840259949
vn 0.9356610768506454 0.09737598570625598 -0.3391994496965256
vn 0.35266140195566525 -0.221600433798629 0.9091332043825724
vn -0.9356479541102252 -0.0973787365650885 0.3392348561606505
vn -0.35266055639296184 0.22161902590157131 -0.9091290003751092
vn -0.013357654315524643 0.9702628126982311 0.24168501684238572
vn 0.01334623943086124 -0.9702539748839157 -0.24172112467679785
vn -0.9356624285432393 0.09737671371148326 -0.33919551211553417
vn 0.3526638286417444 0.2216001812520456 -0.9091323246023139
vn 0.9356479541102246 -0.0973787365650882 0.33923485616065213
vn -0.3526644418966357 -0.22161499485373318 0.9091284757820066
vn 0.013357507545604186 0.9702626899576857 0.24168551770481608
vn -0.01334325495133295 -0.9702542854754452 -0.24172004274333003
vn -0.33130081893996843 0.2323625467225286 -0.9144656441060688
vn 0.9434385294094563 0.06787042010768722 -0.3245263429987288
vn 0.33126641823505476 -0.23235711678539145 0.9144794860623707
vn -0.9434425571432764 -0.06783538295000287 0.3245219594896192
vn 0.013367164224321331 0.9702611378578128 0.24169121474199853
vn -0.013377293540546401 -0.9702610863194772 -0.2416908612084417
vn -0.21380788995530367 0.23890794959015507 -0.9472112635602942
vn 0.9767801768945286 0.039047686276093 -0.21065555825180038
vn 0.2138077885037952 -0.23891532565816706 0.947209426019805
vn -0.976779890028294 -0.03901980324746924 0.21066205493833676
vn 0.013381539620184546 0.9702599315468621 0.24169526191481752
vn -0.013340737330919445 -0.9702610451533109 -0.24169304703584715
vn 0.9356473597987086 0.16849486595957197 -0.3101185229020862
vn 0.3526643893498029 -0.41312937531888605 0.8396141659912355
vn -0.9356673400492383 -0.16846943035574632 0.31007205582056846
vn -0.3526617232393187 0.4131298554299241 -0.8396150495997107
vn -0.013355827096650546 0.8949506656542069 0.445965164477739
vn 0.013354416369671024 -0.8949511743184627 -0.44596418594930926
vn 0.3312507868750876 0.42477767337115996 -0.8425181567183104
vn 0.943437831418465 -0.13649241276764001 0.30215042529391245
vn -0.3312825306279519 -0.4247764787966178 0.8425062776987996
vn -0.9434377376680051 0.13648612938494695 -0.30215355637389457
vn -0.013364240881117291 0.8949527275391825 0.44596077466056305
vn 0.01336418184981595 -0.8949528032297343 -0.4459606245339667
vn 0.21381670948582954 0.43824558604431973 -0.8730539622825862
vn 0.976779778535952 -0.08369815586514534 0.1972203918159337
vn -0.2138250871413023 -0.4382433000627708 0.8730530579862298
vn -0.9767798855565241 0.08370532855623149 -0.1972168175979857
vn -0.013329377452516626 0.8949498606482527 0.4459675712676894
vn 0.01332885666679514 -0.8949498160095943 -0.445967676412035
vn -0.9356604659707857 0.16848563535390226 -0.3100839936190262
vn 0.35265997950267464 0.41312691754477315 -0.8396172275847651
vn 0.9356496438720389 -0.16849831298061904 0.3101097587061916
vn -0.3526631966030507 -0.41313194518433505 0.8396134024835035
vn 0.013351198694994185 0.8949431937828688 0.4459802970929605
vn -0.013357578662536326 -0.8949506048897645 -0.4459652339585664
vn -0.9238802917561049 -0.34540287176025347 -0.1647484831020438
vn 0.38268132269563077 -0.8338810803468308 -0.39774030358957174
vn 0.9238764183242322 0.34541095175817094 0.16475326421623004
vn -0.38268252627926536 0.8338797606232646 0.3977419124299151
vn -0.000001871289787289333 0.4305159607307084 -0.9025829643598495
vn -0.000002734075681030921 -0.4305059254549433 0.9025877509365544
vn -0.2138250871413019 0.4382433000627708 -0.8730530579862298
vn 0.9767798855565241 0.0837053285562315 -0.1972168175979857
vn 0.21381670948583043 -0.4382455860443195 0.8730539622825859
vn -0.976779778535952 -0.08369815586514492 0.19722039181593387
vn 0.013329377452516623 0.8949498606482527 0.4459675712676892
vn -0.013328856666795676 -0.8949498160095943 -0.4459676764120347
vn 1 0 0
vn 0 -0.5664000488897285 0.8241304415065088
vn -1 0 0
vn 0 0.5664080984802978 -0.8241249092072956
vn 0 0.8241252813007811 0.566407557083156
vn 0 -0.824132614163323 -0.566396887590608
vn -0.007930271827439021 0.9098708178807324 0.41481586946233184
vn 0.4539262004031957 -0.3663624037033796 0.812237399865458
vn 0.007930271827438698 -0.9098708178807303 -0.41481586946233634
vn -0.4539181023888596 0.3663603566810958 -0.8122428487688871
vn -0.8910105235914899 -0.19472553734440304 0.4101002462266422
vn 0.8910084856470689 0.19472919284641604 -0.41010293824636296
vn 0.007921326185295868 0.9098727729410824 0.4148117520658879
vn 0.4539217375303872 0.36636337907744065 -0.8122394540210132
vn -0.007930267516994742 -0.9098707344347414 -0.4148160525778783
vn -0.45392169641562347 -0.36635865896132214 0.8122416060060111
vn 0.8910104253144945 -0.19473682735272943 0.41009509879231315
vn -0.8910084856470687 0.19472919284641596 -0.41010293824636407
vn 0 0.4617488150301834 -0.8870107281302868
vn 0.7071058591543005 0.6272102772458844 0.32650968142889647
vn 0 -0.46175771649771813 0.8870060942602441
vn -0.7071098591413078 -0.6272067292140955 -0.32650783441399406
vn -0.7071098591413079 0.6272067292140955 0.326507834413994
vn 0.7071041581108314 -0.6272145630923828 -0.3265051323137261
vn 1 0 0
vn 0 -0.4617620092232249 0.887003859539591
vn -1 0 0
vn 0 0.46173053718047763 -0.8870202427425361
vn 0 0.8870158789731459 0.46173892022386126
vn 0 -0.8870120886380549 -0.4617462015111281
vn 0 0.4617541171526181 -0.8870079679983751
vn 0.7071101534987907 0.6272046589154581 0.32651117385728295
vn 0 -0.46174183921146317 0.8870143594788168
vn -0.7071082293376998 -0.6272063656686894 -0.3265120623615266
vn -0.7071107769646123 0.6272041058920418 0.3265108859634954
vn 0.7071027120816145 -0.6272112594874031 -0.3265146099932606
vn 0 0.4617495545274835 -0.8870103431717528
vn 0 0.8870120886380549 0.4617462015111281
vn 0 -0.46174256084267884 0.8870139838280144
vn 0 -0.8870158789731459 -0.4617389202238612
vn -1 0 0
vn 1 0 0
vn 0 0.4617541171526181 -0.8870079679983751
vn 0.7071101534987907 0.6272046589154581 0.32651117385728295
vn 0 -0.46174183921146317 0.8870143594788168
vn -0.7071082293376998 -0.6272063656686894 -0.3265120623615266
vn -0.7071156706968129 0.6271997650452438 0.32650862619873855
vn 0.7071027120816145 -0.6272112594874031 -0.3265146099932606
vn 0 0 1
vn -0.9762960569562292 0.2164393891409774 0
vn 0 0 -1
vn 0.9762960569562293 -0.21643938914097718 0
vn 0.21643066776079395 0.9762979903966907 0
vn -0.21643066776079734 -0.9762979903966901 0
vn 0.008969488491418263 -0.39880301305765053 0.9169927508177707
vn -0.9773287874794961 0.19049510300362668 0.09241242825234902
vn -0.008963857063302643 0.3987992329092621 -0.9169944498728074
vn 0.9773287830557279 -0.1904949064474446 -0.0924128802082776
vn 0.2115331850997351 0.8970345502222117 0.38804990311710674
vn -0.2115331850997319 -0.8970345502222119 -0.3880499031171081
vn -0.008962832045946365 0.3988035796243313 0.916992569501267
vn -0.9773284961794414 0.19049817148914933 -0.09240918360705606
vn 0.008978491635188733 -0.3988007757001415 -0.9169936357406864
vn 0.9773292867136436 -0.19049460389231823 0.09240817723399573
vn 0.21153925313978 0.8970333674815754 -0.38804932934580544
vn -0.2115332380947458 -0.8970321923669151 0.38805532471357396
vn 0 0 1
vn -0.9762960569562293 -0.2164393891409772 0
vn 0 0 -1
vn 0.9762960569562292 0.2164393891409774 0
vn -0.21643066776079398 0.9762979903966909 0
vn 0.21643066776079734 -0.97629799039669 0
vn 0.008978097782513876 0.3988024458341991 0.9169929132533514
vn -0.9773284540986166 -0.19049630140253507 0.09241348365451381
vn -0.008978491635190404 -0.3988007757001414 -0.9169936357406864
vn 0.9773293424212407 0.19049253441273223 -0.09241185408528145
vn -0.21153925313978003 0.8970333674815754 -0.3880493293458053
vn 0.21153321954471627 -0.8970330177362211 0.38805342688874084
vn -0.008978196348917547 -0.39880202786305924 0.916993094064853
vn -0.9773287830557277 -0.19049490644744474 -0.0924128802082779
vn 0.008963857063304088 0.3987992329092621 -0.9169944498728076
vn 0.9773291041156146 0.19049310112962636 0.09241320614819179
vn -0.21153923455773377 0.8970341928346536 0.38804743154440524
vn 0.21151920074924282 -0.8970353762351849 -0.3880556164997509
vn 0.9238755776634728 0.3454130719570664 -0.16475353324941744
vn 0.38268132269424027 -0.8338818051479796 0.3977387840079641
vn -0.9238811323694884 -0.34540096817047233 0.16474776004113828
vn -0.3826825262791982 0.8338804569139258 -0.39774045262908964
vn -0.0000018712993352728518 0.4305159607515138 0.9025829643499258
vn -0.0000027340756809423386 -0.430505925454944 -0.9025877509365543
vn 0.9238761004298632 0.3826917180375208 0
vn 0.38268221576550127 -0.923880036442398 0
vn -0.9238808144936855 -0.3826803373711332 0
vn -0.38268341935074135 0.9238795379020064 0
vn 0 0 1
vn 0 0 -1
vn -0.9238761004298632 0.3826917180375208 0
vn 0.38268341935074135 0.9238795379020064 0
vn 0.9238808144936855 -0.3826803373711332 0
vn -0.38268221576550127 -0.923880036442398 0
vn 0 0 1
vn 0 0 -1
vn -0.9238755776634731 0.34541307195706633 -0.16475353324941747
vn 0.38268252627919935 0.8338804569139245 -0.39774045262909125
vn 0.9238802917574351 -0.3454031719778838 0.164747853672857
vn -0.38268132269580424 -0.8338809068872522 0.39774066725529067
vn -9.674418764286663e-7 0.4305170220369841 0.9025824581363585
vn 0.000002734067081982224 -0.43050592545172894 -0.9025877509380876
vn 0 -0.9099621475442393 -0.41469131897916117
vn 1 0 0
vn 0 0.9099608058412316 0.4146942630815824
vn -1 0 0
vn 0 0.4146863623304869 -0.9099644063902216
vn 0 -0.41469239998269053 0.909961654904533
vn 0.9238811323707694 -0.3454006797576847 -0.16474836470276283
vn 0.3826825262792653 0.8338797606232654 0.39774191242991347
vn -0.9238755776638579 0.3454131438072354 0.16475338261011588
vn -0.3826813226956321 -0.8338810803468297 -0.39774030358957335
vn 0.000001871293449889717 0.43051596075371423 -0.9025829643488762
vn 0.000002734081032392625 -0.4305059254213302 0.9025877509525868
vn -0.9238759822194085 0.020029443873406064 -0.38216749058004057
vn 0.3826858758308483 0.04834938577655768 -0.9226125174387169
vn 0.9238759822233812 -0.020027441809606666 0.3821675954935815
vn -0.3826858758364971 -0.0483544723860334 0.9226122508592229
vn 2.843855758838799e-7 0.9986298368402428 0.0523301917859042
vn -0.0000031391215301235708 -0.9986297749541406 -0.05233137266677265
vn 0.9238760844206192 0.02002953588883892 -0.38216723868969016
vn 0.38268294668155967 -0.048349449272096647 0.9226137290731173
vn -0.9238759822233812 -0.020027441809606663 0.3821675954935815
vn -0.3826830925462073 0.048354279411033145 -0.9226134154356909
vn 0.0000017984370806890186 0.9986291277063424 0.05234372257716687
vn 0.000003139121530787955 -0.9986297749541406 -0.05233137266677292
vn -0.8975866040988941 -0.21977286750059166 -0.3821494143038591
vn 0.3571300777213352 0.14575018214027213 -0.922613132354418
vn 0.8975866040988941 0.2197728675005916 0.38214941430385974
vn -0.35713024285639466 -0.14574956585176319 0.9226131657912515
vn -0.2584590954612995 0.964604489772049 0.0523170553924028
vn 0.25847011906284995 -0.9645999910033746 -0.05234553379158724
vn 0.8975866040988937 -0.21977286750059125 -0.38214941430386046
vn 0.35712897607598715 -0.14574925568314245 0.9226137051413917
vn -0.89758223679073 0.2197710851356573 0.38216069700591343
vn -0.3571317952112779 0.1457499459425586 -0.9226125048507153
vn 0.2584683831713013 0.9646004160373123 0.05234627285163406
vn -0.2584689814032273 -0.96460017186812 -0.052347818334401636
vn 0.9238749662671853 0.37897027779330406 -0.05325950857896816
vn 0.3826862693096565 -0.9148876661315737 0.12857596059209384
vn -0.9238813422496375 -0.3789549606424106 0.053257893757804285
vn -0.3826794283075279 0.9148902932451493 -0.12857762820968738
vn -0.0000014380669916823514 0.13917972231846684 0.9902671381467157
vn -0.0000036146521374210328 -0.13916764254100913 -0.9902688358504029
vn -0.9238746945036641 0.3789708533588697 -0.05326012730187318
vn 0.3826794283075278 0.9148902932451493 -0.12857762820968735
vn 0.9238816139888155 -0.3789543851000134 0.05325727506071026
vn -0.38268626930965643 -0.9148876661315735 0.1285759605920938
vn 0.000003937202936771129 0.13918068625479338 0.990267002660466
vn 0.0000011156416815120904 -0.13916860643372927 -0.9902687003950238
vn -0.9238813422476315 0.3789548342603713 -0.05325879305250642
vn 0.38268566919990654 0.9148874282187669 -0.12857943955497034
vn 0.9238746945023026 -0.37897072696998807 0.05326102663407567
vn -0.38268104151181326 -0.9148893264147129 0.1285797063298361
vn -0.0000047499325692398305 0.13916810820659095 0.9902687704030846
vn 0.000004749932569471103 -0.13916810820659042 -0.9902687704030846
vn -0.923876899972919 0.3789654544562344 -0.0532602856283077
vn 0.38268588284322147 0.9148873405854028 -0.12857942723886068
vn 0.9238813422270187 -0.3789562405974195 0.053248785874172574
vn -0.38267417089902717 -0.9148921445691631 0.1285801023968316
vn 0.000008083444022932695 0.139176996425381 0.990267521228818
vn -0.00000259794823299791 -0.139167083165408 -0.9902689144654008
vn 0.9238768999729191 0.3789654544562351 -0.05326028562830318
vn 0.38267417089532446 -0.9148955397025437 0.1285559425385222
vn -0.9238794086425706 -0.37895945699448313 0.053259442737421725
vn -0.38268588284321814 0.9148873405854027 -0.1285794272388716
vn 0.000005101633496440574 0.13916825246607423 0.9902687501277178
vn -4.882933357062049e-8 -0.13918033220812523 -0.9902670524290069
vn 0.9238813422476306 0.3789548342603731 -0.05325879305250894
vn 0.38268104151181326 -0.9148893264147129 0.1285797063298362
vn -0.9238746945023026 -0.37897072696998807 0.05326102663407562
vn -0.38268566919990665 0.9148874282187679 -0.12857943955496492
vn 0.0000028296656950045837 0.13916930952140566 0.99026860158208
vn -0.0000028296656944059325 -0.13916930952140563 -0.9902686015820801
vn -0.9238813422504586 -0.37895503475960535 -0.05325736636219915
vn 0.38268626930965643 -0.9148876661315735 -0.1285759605920938
vn 0.923874694504108 0.37897092748007527 0.0532595998842751
vn -0.3826794283048648 0.9148904721880827 0.12857635494805766
vn 0.0000036146521371696406 0.1391676425410097 -0.9902688358504028
vn -0.0000036146521374210328 -0.13916764254100913 0.9902688358504029
vn 0.9238813422504595 -0.37895503475960357 -0.05325736636219719
vn 0.38267942830486473 0.9148904721880827 0.12857635494805766
vn -0.923874694504107 0.37897092748007694 0.053259599884277004
vn -0.3826862693096565 -0.9148876661315737 -0.12857596059209384
vn -0.0000011156416812506303 0.13916860643372983 -0.9902687003950236
vn 0.0000011156416814919778 -0.13916860643372927 0.9902687003950238
vn 0.9238746945023026 -0.37897072696998807 -0.05326102663407562
vn 0.38268566919990665 0.9148874282187679 0.12857943955496492
vn -0.9238816139932671 0.3789541845837214 0.05325870174612827
vn -0.3826799234730076 -0.9148900236047155 -0.12857807308890656
vn 3.02807525658386e-7 0.139180187974513 -0.9902670727007375
vn -0.000008913563739499403 -0.1391766560447893 0.990267569060372
vn 0.9238794086425706 -0.37895945699448313 -0.053259442737421725
vn 0.38268588284321814 0.9148873405854027 0.1285794272388716
vn -0.9238768999729191 0.3789654544562351 0.05326028562830318
vn -0.3826741708765529 -0.9148960167130062 -0.12855254780290326
vn -4.8828932876430885e-8 0.13918033220796 -0.9902670524290301
vn -0.0000025979482329946977 -0.139167083165408 0.9902689144654008
vn -0.9238816139039645 -0.3789557886601789 -0.05324728848634416
vn 0.38267417089902717 -0.9148921445691631 -0.1285801023968316
vn 0.923876899972919 0.3789654544562344 0.0532602856283077
vn -0.38268588284322147 0.9148873405854028 0.12857942723886068
vn 4.882958221263832e-8 0.13918033220752937 -0.9902670524290906
vn -4.882933357383292e-8 -0.13918033220812526 0.9902670524290069
vn -0.9238749662702023 -0.37897017610370237 -0.05326023209826864
vn 0.3826799234624449 -0.9148897850147892 -0.12857977078207242
vn 0.9238816139932677 0.3789541845837197 0.05325870174612578
vn -0.38268566919990654 0.9148874282187669 0.12857943955497034
vn -0.000002223170495273072 0.13918138934451404 -0.9902669038472347
vn -0.0000028296656944059325 -0.13916930952140563 0.9902686015820801
vn -0.9483191874785931 0.12906501959802105 -0.289884355176514
vn 0.3173042036420785 0.3857185137060551 -0.8663366958264314
vn 0.9483252650937707 -0.12905763170379972 0.2898677617187464
vn -0.3173046028958914 -0.38571845937071336 0.8663365737874421
vn 0.0000021634272384808337 0.9135412558425727 0.4067460803362399
vn -0.0000073167143462102 -0.9135475202338608 -0.40673201032255796
vn 0.9483191874785932 0.1290650195980201 -0.28988435517651445
vn 0.3173046028958919 -0.3857184593707118 0.8663365737874427
vn -0.9483252650937704 -0.12905763170380172 0.2898677617187471
vn -0.31730420364207845 0.3857185137060549 -0.8663366958264314
vn -0.000001985445541772349 0.913548245824726 0.40673038065360223
vn 0.0000019854455394838157 -0.9135482458247233 -0.40673038065360834
vn 0.9483252650966153 0.12905888261434253 -0.28986720476413286
vn 0.31730451993885034 -0.38573348526789364 0.86632991404514
vn -0.9483215507658989 -0.129054923785012 0.28988111873629424
vn -0.3173052614383439 0.3856967826755113 -0.866345983367675
vn -0.000001578233020084475 0.9135444368873654 0.4067389357187922
vn 0.000004437127146660946 -0.9135479121520643 -0.4067311300883127
vn -0.9483252650425726 0.12905040894058828 -0.28987097756450414
vn 0.3173052614383439 0.3856967826755114 -0.866345983367675
vn 0.9483191874509068 -0.12907004366018712 0.28988211835504696
vn -0.3173087005350864 -0.38572164034871204 0.8663336567001387
vn 0.0000015782412222013698 0.9135444368742153 0.4067389357483274
vn 0.000010617202667651436 -0.9135429951396404 -0.4067421737643765
vn 0.9238817262049502 -0.1277411542195208 -0.3607280880430937
vn 0.3826817381777521 0.3083989292769936 0.87088735648536
vn -0.923875171497491 0.1277464365151881 0.3607430047113216
vn -0.3826880135291656 -0.3083980615932306 -0.8708849062342505
vn 0.000004833160787809587 0.9426406539005315 -0.3338092233456397
vn -0.000003129869486851171 -0.942639281258308 0.3338130995317957
vn 0.9238751714982074 -0.12774711661689572 -0.36074276387091603
vn 0.382682449469423 0.3084004727962735 0.8708864973388424
vn -0.9238817262044375 0.12774183429409663 0.3607278472154434
vn -0.3826857769961039 -0.3083918033433966 -0.8708881051636291
vn 0.000003834752512100239 0.9426391837886979 -0.33381337476421213
vn -0.000002635395933891463 -0.9426409577714809 0.33380836527073404
vn 0.9238817262004374 -0.12774374065314992 -0.3607271721354534
vn 0.38267820432937766 0.3083979498660536 0.8708892561340154
vn -0.9238751714964434 0.12774582842539942 0.36074322005039233
vn -0.3826824494454364 -0.30839313444347544 -0.8708890959901666
vn -0.000007264341136285147 0.94264071848224 -0.3338090409298642
vn -0.000002635386464461337 -0.9426409577854872 0.33380836523118196
vn -0.9238817262049502 -0.1277411542195208 -0.3607280880430937
vn 0.38268801352916554 -0.3083980615932306 -0.8708849062342505
vn 0.923875171497491 0.1277464365151881 0.3607430047113216
vn -0.3826817381777521 0.3083989292769936 0.87088735648536
vn -0.000007420772697816758 0.9426386879135439 -0.3338147749779279
vn 0.000009124066510736371 -0.9426400605841629 0.3338108987115865
vn -0.9238770121879455 -0.12774223277759786 -0.3607397792255088
vn 0.3826782043462873 -0.3084010597582597 -0.8708881548501414
vn 0.9238817262044375 0.12774183429409663 0.3607278472154434
vn -0.382682449469423 0.3084004727962735 0.8708864973388424
vn -0.0000026353864652912723 0.9426409577854861 -0.3338083652311854
vn 0.0000026353730186522424 -0.9426409577746495 0.33380836526178653
vn -0.9238817262030001 -0.127738794692033 -0.36072892359608666
vn 0.38267976785780405 -0.3083977336841668 -0.8708886456549811
vn 0.9238751714964434 0.12774582842539944 0.36074322005039233
vn -0.3826830953410246 0.3084049859071288 0.8708846153238878
vn 0.000007264441362695441 0.9426407184611033 -0.33380904098954994
vn 0.000005538005155584846 -0.9426405564409892 0.3338094985496261
vn 0.9238817262049502 -0.1277411542195208 -0.3607280880430937
vn 0.3826817381777521 0.3083989292769936 0.87088735648536
vn -0.923875171497491 0.1277464365151881 0.3607430047113216
vn -0.3826880135291656 -0.3083980615932306 -0.8708849062342505
vn 0.000004833160787809587 0.9426406539005315 -0.3338092233456397
vn -0.000003129869486851171 -0.942639281258308 0.3338130995317957
vn 0 0 -1
vn 0.9762961793978853 0.21643883684101753 0
vn 0 0 1
vn -0.976296179397885 -0.21643883684101772 0
vn -0.2164405469122866 0.9762958002840688 0
vn 0.21644054691228376 -0.9762958002840695 0
vn 0 0 -1
vn 0.3826843118427878 0.923879168219206 0
vn 0 0 1
vn -0.3826854320146262 -0.9238787042267935 0
vn -0.9239173816907971 0.38259204357856447 0
vn 0.9238608129708279 -0.3827286222075391 0
vn 0 0 -1
vn 0.958816763235477 0.28402537657512833 0
vn 0 0 1
vn -0.9588167632354756 -0.28402537657513255 0
vn -0.28398482789114016 0.95882877383172 0
vn 0.2839848278910748 -0.9588287738317393 0
vn 0 0 -1
vn 0.976296179397885 -0.21643883684101772 0
vn 0 0 1
vn -0.9762961793978853 0.21643883684101753 0
vn 0.2164405469122866 0.9762958002840688 0
vn -0.21644054691228376 -0.9762958002840695 0
vn 0 0 -1
vn 0.3826854320146262 -0.9238787042267935 0
vn 0 0 1
vn -0.3826843118427878 0.923879168219206 0
vn 0.9239173816907971 0.38259204357856447 0
vn -0.9238608129708279 -0.3827286222075391 0
vn 0 0 -1
vn 0.9588167632354756 -0.28402537657513255 0
vn 0 0 1
vn -0.958816763235477 0.28402537657512833 0
vn 0.28398482789114016 0.95882877383172 0
vn -0.2839848278910748 -0.9588287738317393 0
vn 0 0 -1
vn 0.9762964423906646 -0.21643765054937103 0
vn 0 0 1
vn -0.9762964423906646 0.21643765054937128 0
vn 0.21644054691228093 0.97629580028407 0
vn -0.21644054691228376 -0.9762958002840695 0
vn 0 0.25881814135363274 -0.9659260684473998
vn 1 0 0
vn 0 -0.2588181413536332 0.9659260684473998
vn -1 0 0
vn 0 0.9659261972787235 0.258817660546309
vn 0 -0.9659261972787243 -0.25881766054630684
vn 0.38268826365205244 0.25465349414365757 -0.888088560214241
vn 0.9238825442144352 -0.10547915532154979 0.3678521337283704
vn -0.3826844923878409 -0.2546539247202587 0.8880900618239287
vn -0.9238787730197102 0.10548166485790803 -0.36786088558366614
vn 6.386276338334525e-7 0.9612620331623735 0.27563617977350535
vn -6.386339281672849e-7 -0.9612620331616557 -0.2756361797760092
vn -0.382688263652548 0.2546542590009906 -0.8880883408959126
vn 0.9238787730197052 0.10548198167442 -0.3678607947385012
vn 0.3826844923883368 -0.2546546895788852 0.8880898425052292
vn -0.9238825442144301 -0.10547947213052418 0.36785204288536677
vn -6.386302415341482e-7 0.9612620331641089 0.27563617976745375
vn 6.386365350496946e-7 -0.9612620331633902 -0.27563617976995947
vn -0.3826823140425301 -0.2546555368685125 -0.8880905382117659
vn 0.9238804752549559 -0.10548109686909687 -0.3678567732772762
vn 0.3826869957655925 0.2546567052331595 0.888088185796713
vn -0.9238816014204018 0.105478592945482 0.36785466285900925
vn -0.0000032525469859423723 0.9612618195378388 -0.2756369247546936
vn -0.00000673328447624692 -0.9612613373092335 0.27563860641994126
vn 0 -0.2588197259388132 -0.9659256438592765
vn 1 0 0
vn 0 0.2588197259388134 0.9659256438592765
vn -1 0 0
vn 0 0.9659267331686018 -0.25881566055830696
vn 0 -0.9659267331686018 0.2588156605583069
vn 0.38268699577986537 -0.25465076652462665 -0.8880898886764795
vn 0.9238804752550285 0.10548180222657785 0.3678565710186188
vn -0.382686995771179 0.25465500234140087 0.8880886740917998
vn -0.9238804752549558 -0.10548109686909662 -0.3678567732772762
vn 0.000003252546985886861 0.9612618195378387 -0.27563692475469354
vn 0.000005889425768334771 -0.9612607757642685 0.27564056476213983
vn 0 0 -1
vn 1 0 0
vn 0 0 1
vn -1 0 0
vn 0 1 0
vn 0 -1 0
vn 0 0 -1
vn 1 0 0
vn 0 0 1
vn -1 0 0
vn 0 1 0
vn 0 -1 0
vn 0 0 -1
vn 1 0 0
vn 0 0 1
vn -1 0 0
vn 0 1 0
vn 0 -1 0
vn -0.38268826365205244 0.25465349414365707 -0.888088560214241
vn 0.9238772714097324 0.10548266408273779 -0.3678643703194371
vn 0.38268449238784114 -0.2546539247202587 0.8880900618239287
vn -0.9238825442099444 -0.10548229844501075 0.36785123245534707
vn 4.865198067488498e-7 0.9612612844417832 0.2756387908714898
vn 0.000003354988307439278 -0.9612617230324935 -0.27563726130794786
vn 0.3826795117230731 0.2546620816917374 -0.8880898690199215
vn 0.9238810426697776 -0.10548015453076418 0.367855618409684
vn -0.38268449238784114 -0.2546539247202587 0.8880900618239287
vn -0.9238772714097325 0.10548266408273754 -0.36786437031943686
vn -4.865178216545968e-7 0.9612612844431041 0.275638790866883
vn -0.0000022298441794744774 -0.9612609742989544 -0.27563987245108956
vn 0 0.7071067811865467 0.7071067811865485
vn -1 0 0
vn 0 -0.7071067811865467 -0.7071067811865485
vn 1 0 0
vn 0 0.7071067811865467 -0.7071067811865485
vn 0 -0.7071067811865467 0.7071067811865485
vn 0 0.7071067811865467 0.7071067811865485
vn -1 0 0
vn 0 -0.7071067811865467 -0.7071067811865485
vn 1 0 0
vn 0 0.7071067811865467 -0.7071067811865485
vn 0 -0.7071067811865467 0.7071067811865485
vn 0 0.7071067811865467 0.7071067811865485
vn -1 0 0
vn 0 -0.7071067811865476 -0.7071067811865476
vn 1 0 0
vn 0 0.7071067811865476 -0.7071067811865476
vn 0 -0.7071067811865467 0.7071067811865485
vn 0 0.7071067811865467 0.7071067811865485
vn -1 0 0
vn 0 -0.7071067811865476 -0.7071067811865476
vn 1 0 0
vn 0 0.7071067811865476 -0.7071067811865476
vn 0 -0.7071067811865467 0.7071067811865485
vn 0.7071081717811887 0.49999901669917 0.49999901669916125
vn 0 -0.7071067811865476 0.7071067811865476
vn -0.7071081717811887 -0.4999990166991701 -0.49999901669916125
vn 0 0.7071067811865476 -0.7071067811865476
vn -0.7071081717811887 0.4999990166991701 0.49999901669916125
vn 0.7071081717811887 -0.49999901669917 -0.49999901669916125
vn -0.6137307385145437 0.526491560176336 0.5883376731652328
vn -0.44018972827695235 0.3904442339370923 -0.8085705308164156
vn 0.6137408547330649 -0.5264968028309637 -0.588322428469543
vn 0.44013082435398504 -0.39046280935837135 0.8085936259713218
vn 0.6554367033599271 0.7552088318097011 0.007896090507197537
vn -0.6554133049754052 -0.7552292114811663 -0.007889092897938769
vn 0.6137271116193799 0.5265108624629738 0.5883241828888462
vn -0.44014005567324843 -0.39045217260417087 0.8085937374854152
vn -0.6137386871879236 -0.5264975245204074 -0.5883240438081102
vn 0.4401390135692672 0.3904533733736229 -0.808593724904807
vn -0.6554369696513354 0.7552086001166554 0.007896146155975073
vn 0.6554133049754062 -0.7552292114811655 -0.007889092897930937
vn 0 0 -1
vn 0.9969175120226961 0.0784568303111837 0
vn 0 0 1
vn -0.9969171729099509 -0.07846113915328472 0
vn -0.07843133271658859 0.9969195183405227 0
vn 0.0784656386106434 -0.9969168187754803 0
vn 0 0 -1
vn 0.9999619390608218 -0.008724702271232466 0
vn 0 0 1
vn -0.9999619390608218 0.008724702271232728 0
vn 0.00872001726565038 0.9999619799266806 0
vn -0.008720017265650375 -0.9999619799266806 0
vn 0 0 -1
vn 0.9563107800013227 0.292352000255278 0
vn 0 0 1
vn -0.9563033241626152 -0.2923763878898779 0
vn -0.29236862125914015 0.9563056986670264 0
vn 0.2923720624447741 -0.9563046465963602 0
vn 0 0 -1
vn 0.9781485821008323 -0.2079070737953177 0
vn 0 0 1
vn -0.9781485821008323 0.2079070737953177 0
vn 0.20790707379531698 0.9781485821008324 0
vn -0.20790707379531698 -0.9781485821008324 0
vn 0 0 -1
vn 0.5948206051319098 -0.8038584749260959 0
vn 0 0 1
vn -0.5948206051319137 0.803858474926093 0
vn 0.803853757410961 0.5948269804710272 0
vn -0.80385375741096 -0.5948269804710287 0
vn 0 0 -1
vn 0.9969174258728619 0.07845792497273213 0
vn 0 0 1
vn -0.9969170782355563 -0.07846234206472641 0
vn -0.07846313547910867 0.9969170157895727 0
vn 0.0784656386106434 -0.9969168187754803 0
vn 0 0 -1
vn 0.9969171729099509 -0.07846113915328472 0
vn 0 0 1
vn -0.9969175120226961 0.0784568303111837 0
vn 0.07843133271658859 0.9969195183405227 0
vn -0.0784656386106434 -0.9969168187754803 0
vn 0 0 -1
vn 0.9999619390608218 0.008724702271232728 0
vn 0 0 1
vn -0.9999619390608218 -0.008724702271232466 0
vn -0.00872001726565038 0.9999619799266806 0
vn 0.008720017265650375 -0.9999619799266806 0
vn 0 0 -1
vn 0.9563033241626152 -0.2923763878898779 0
vn 0 0 1
vn -0.9563107800013227 0.292352000255278 0
vn 0.29236862125914015 0.9563056986670264 0
vn -0.2923720624447741 -0.9563046465963602 0
vn 0 0 -1
vn 0.9969170782355563 -0.07846234206472641 0
vn 0 0 1
vn -0.9969174258728619 0.07845792497273213 0
vn 0.07846313547910867 0.9969170157895727 0
vn -0.0784656386106434 -0.9969168187754803 0
vn 0 0 -1
vn 0.9781485821008323 0.2079070737953177 0
vn 0 0 1
vn -0.9781485821008323 -0.2079070737953177 0
vn -0.20790707379531698 0.9781485821008324 0
vn 0.20790707379531698 -0.9781485821008324 0
vn 0 0 -1
vn 0.5948206051319137 0.803858474926093 0
vn 0 0 1
vn -0.5948206051319098 -0.8038584749260959 0
vn -0.803853757410961 0.5948269804710272 0
vn 0.80385375741096 -0.5948269804710287 0
vn 0 0.6087611768874652 -0.7933535337506152
vn 1 0 0
vn 0 -0.6087611768874652 0.7933535337506152
vn -1 0 0
vn 0 0.793357646028979 0.608755817620955
vn 0 -0.793357646028979 -0.608755817620955
vn 0 0.6087611768874652 -0.7933535337506152
vn 1 0 0
vn 0 -0.6087611768874652 0.7933535337506152
vn -1 0 0
vn 0 0.793357646028979 0.608755817620955
vn 0 -0.793357646028979 -0.608755817620955
vn 0 0.39874646100814565 -0.917061208335343
vn 1 0 0
vn 0 -0.3987490048396025 0.9170601022503525
vn -1 0 0
vn 0 0.9170583547154189 0.39875302387148015
vn 0 -0.9170700562532359 -0.39872611141444825
vn 0 0.44620529952257343 -0.8949306289752131
vn 1 0 0
vn 0 -0.44620529952257176 0.8949306289752141
vn -1 0 0
vn 0 0.8949346108989875 0.4461973130971075
vn 0 -0.8949346108989856 -0.4461973130971109
vn 0 0.4461893269220039 -0.8949385926089506
vn 1 0 0
vn 0 -0.4461893269220021 0.8949385926089515
vn -1 0 0
vn 0 0.8949322127464656 0.44620212302129986
vn 0 -0.8949322127464657 -0.4462021230212991
vn -0.000008677894528570208 0.3987508428762822 -0.9170593030061626
vn 0.9510591289053859 -0.2833803691956319 -0.12321566329114124
vn -0.0000052769423752800455 -0.3987466848697231 0.9170611109831013
vn -0.951059128904063 0.28337905898236926 0.12321867658156463
vn 0.30902541286392854 0.8721712508569593 0.37923686975673326
vn -0.3090254128639315 -0.8721712508569607 -0.37923686975672827
vn 0 0.9238608129708362 0.38272862220751896
vn 1 0 0
vn 0 -0.9238890989887021 -0.3826603360290223
vn -1 0 0
vn 0 -0.382689994254801 0.9238768144602724
vn 0 0.3826843373671669 -0.9238791576466332
vn 0 0.9238774900852144 0.3826883631805977
vn 0 0.38268433736716534 -0.9238791576466338
vn 0 -0.9238826326458736 -0.38267594789237835
vn 0 -0.38268999425480354 0.9238768144602713
vn 1 0 0
vn -1 0 0
vn 0 0.9238890989887146 0.3826603360289919
vn 1 0 0
vn 0 -0.923860812970825 -0.3827286222075462
vn -1 0 0
vn 0 -0.3826843373671628 0.9238791576466348
vn 0 0.3826899942548035 -0.9238768144602713
vn 0 0.9238774900852144 0.3826883631805977
vn 0 0.38268433736716545 -0.9238791576466339
vn 0 -0.9238826326458736 -0.3826759478923783
vn 0 -0.3826899942548035 0.9238768144602713
vn 1 0 0
vn -1 0 0
vn 0 0.9238608129708362 0.38272862220751896
vn 1 0 0
vn 0 -0.9238890989887021 -0.3826603360290223
vn -1 0 0
vn 0 -0.382689994254801 0.9238768144602724
vn 0 0.3826843373671669 -0.9238791576466332
vn 0 0.9238774900852144 0.3826883631805977
vn 0 0.38268433736716545 -0.9238791576466339
vn 0 -0.9238826326458736 -0.3826759478923783
vn 0 -0.3826899942548035 0.9238768144602713
vn 1 0 0
vn -1 0 0
vn 0 0.9238890989887146 0.3826603360289919
vn 1 0 0
vn 0 -0.923860812970825 -0.3827286222075462
vn -1 0 0
vn 0 -0.3826843373671628 0.9238791576466348
vn 0 0.3826899942548035 -0.9238768144602713
vn 0 0.9238774900852144 0.3826883631805977
vn 0 0.38268433736716534 -0.9238791576466338
vn 0 -0.9238826326458736 -0.38267594789237835
vn 0 -0.38268999425480354 0.9238768144602713
vn 1 0 0
vn -1 0 0
vn -0.2249464514066184 0.9001833019371848 0.3729197191260304
vn 0.9743685431571469 0.20783855114924787 0.08607600572749952
vn 0.22494294496424455 -0.9002116109063097 -0.3728534928095482
vn -0.9743720501063581 -0.20781551916335442 -0.08609191580165099
vn 0.0000048858124874150054 -0.3826896303687781 0.9238769651768232
vn -0.0000035084671582404333 0.38268411845264116 -0.923879248317558
vn -0.22496048603014354 0.9002078694449213 0.372851943155078
vn 0.974367795167434 0.2078351819921208 0.08609260634256494
vn 0.22495697897539071 -0.9002086175146751 -0.3728522529938408
vn -0.9743713021508086 -0.20781851234055215 -0.08609315578777108
vn 0.000010851920490820832 -0.3826883578485132 0.9238774922301356
vn -0.0000035084671555897902 0.38268411845264166 -0.9238792483175577
vn -0.22488330194929895 0.900218029587487 0.37287397295869673
vn 0.000009474198419226507 -0.3826828460320375 0.9238797753295931
vn 0.22488330206786314 -0.9002159540331561 -0.37287898379397666
vn -0.000006148922003843591 0.3826695391849895 -0.9238852871120627
vn -0.9743709923549408 -0.20782302435359737 -0.0860857700538944
vn 0.9743717403474479 0.20782118781571962 0.08608173736135379
vn -0.2249299005206228 0.9002060169026168 0.3728748677292535
vn 0.000010851543094864773 -0.3826883577643832 0.9238774922649883
vn 0.22488330222425243 -0.9002130186912727 -0.37288607021376097
vn -0.000010852428047462176 0.38268835774025356 -0.9238774922749731
vn -0.9743713021897523 -0.20782294127213205 -0.08608246366157497
vn 0.974368543235413 0.20783446111027626 0.08608587995891251
vn 0.22494645140661834 0.9001833019371847 0.3729197191260305
vn 0.9743713021658246 -0.2078248750984007 -0.08607779508101839
vn -0.2249429447952437 -0.9002230243829344 -0.37282593519990886
vn -0.9743674852221315 0.20783378626296167 0.08609948332888703
vn 0.000012842446456510782 -0.38267939558620545 0.9238812045002582
vn 0.0000035083998351580323 0.3826841184137751 -0.9238792483336569
vn 0.22495347182077258 0.9001980542318941 0.37287987163816255
vn -0.00002367963119531534 0.38267590116253275 -0.9238826516981031
vn -0.22495347176160937 -0.9001959786268434 -0.3728848825126313
vn 0.000018978424552478663 -0.38269472026476664 0.9238748566344316
vn 0.9743720501593549 -0.20782042712252904 -0.08608006702405177
vn -0.9743713021922498 0.20782226361978962 0.08608409962430014
vn 0.22494645140661212 0.900183301937186 0.37291971912603095
vn 0.9743720501442734 -0.20782188173791358 -0.08607655527818524
vn -0.22494875815290027 -0.9001942270882727 -0.37289195448871715
vn -0.9743682333826125 0.20783715569134706 0.08608288150949624
vn 0.0000142197723256401 -0.38267388377281397 0.9238834875004688
vn 0.000010851712254301484 0.38268835772830023 -0.9238774922799325
vn 0.22497100769914846 0.9001972489872161 0.3728712359658194
vn -0.000020355328285192474 0.3826892084860347 -0.9238771397182598
vn -0.22495347193643336 -0.9002030649615164 -0.37286777454968717
vn 0.00009570194996849753 -0.38269126095133915 0.9238762848090706
vn 0.9743717403416188 -0.2078205102024153 -0.0860833733240796
vn -0.9743677951699774 0.20783629771000472 0.08608991282255524
vn 0 0.3826831658009136 -0.9238796429257388
vn 1 0 0
vn 0 -0.38268033737113377 0.9238808144936854
vn -1 0 0
vn 0 0.9238881281232266 0.38266268006295145
vn 0 -0.9238768144602711 -0.38268999425480377
vn 0.0000018080697665534292 0.38268104787310253 -0.9238805201948331
vn 0.9781477410096415 0.19208501254308374 0.07956346343679731
vn -0.0000011715623123122951 -0.3826838144847791 0.9238793742312936
vn -0.9781474215149223 -0.19208640123183207 -0.07956403864506012
vn -0.20791285669594528 0.903691573108742 0.3743177590133528
vn 0.20791002807363118 -0.9036921285842124 -0.37431798909664643
vn 0.0000015886186389857833 0.38268327244718087 -0.9238795987500714
vn 0.9781474215149223 -0.192086401231832 -0.07956403864506012
vn -1.7447215030599832e-7 -0.3826905311181432 0.9238765920795283
vn -0.9781475538535549 0.19208582602118798 0.07956380038726771
vn 0.2079122488867419 0.9036916924689641 0.3743178084535075
vn -0.2079110533308926 -0.903691927248504 -0.3743179057014554
vn 0 0.9238798940209635 0.3826825596023593
vn 1 0 0
vn 0 -0.9238798940209628 -0.382682559602361
vn -1 0 0
vn 0 -0.3826826010761517 0.9238798768420012
vn 0 0.382682601076152 -0.923879876842001
vn 0 0.9238798940209635 0.3826825596023593
vn 1 0 0
vn 0 -0.9238798940209628 -0.382682559602361
vn -1 0 0
vn 0 -0.3826826010761517 0.9238798768420012
vn 0 0.382682601076152 -0.923879876842001
vn 0.22495490940678006 0.9002000899199217 0.3728740897970148
vn 0.9743698350468017 -0.20782908972949604 -0.0860842262733275
vn -0.224951276216507 -0.9001995964792908 -0.372877472941296
vn -0.9743700318954682 0.20782759503362014 0.08608560673286815
vn -0.00000537809620289027 -0.3826821701309972 0.9238800553291031
vn 0.000005378096200991214 0.3826821701309976 -0.9238800553291031
vn -0.22495490941815144 0.9001988215311316 0.37287715194502524
vn 0.9743700318954681 0.20782759503362014 0.08608560673286866
vn 0.22495127625686767 -0.9002026586253837 -0.372870080207835
vn -0.9743699503591362 -0.2078282141527667 -0.08608503493178445
vn 0.0000020117978912669048 -0.3826844159536826 0.923879125092748
vn 0.000004498985082772665 0.3826805884165558 -0.9238807104972577
vn 0 0.9238771683614093 0.3826891398779226
vn 1 0 0
vn 0 -0.9238798621170744 -0.3826826366253583
vn -1 0 0
vn 0 -0.38268316580091444 0.9238796429257385
vn 0 0.38268033737113444 -0.923880814493685
vn 0 0.9238771683614093 0.3826891398779226
vn 1 0 0
vn 0 -0.9238798621170744 -0.3826826366253583
vn -1 0 0
vn 0 -0.38268316580091444 0.9238796429257385
vn 0 0.38268033737113444 -0.923880814493685
vn 0.22496629884070224 0.9002024547523721 0.37286150893290027
vn 0.9743733907797532 -0.20781428031722868 -0.0860797318571515
vn -0.2249429449264955 -0.9001996412145871 -0.3728823909558138
vn -0.974368792585379 0.2078321544569554 0.08608862648161447
vn -0.0000030493498887884707 -0.38268228113543773 0.9238800093603494
vn -0.000011353697083645443 0.3826853532805005 -0.9238787367699682
vn 0 0.9238768144602711 0.38268999425480377
vn 1 0 0
vn 0 -0.923879157646636 -0.3826843373671602
vn -1 0 0
vn 0 -0.3826734396226875 0.9238836715774025
vn 0 0.3826929492901691 -0.9238755904144195
vn 0 0.9238768144602711 0.38268999425480377
vn 1 0 0
vn 0 -0.923879157646636 -0.3826843373671602
vn -1 0 0
vn 0 -0.3826734396226875 0.9238836715774025
vn 0 0.3826929492901691 -0.9238755904144195
vn -0.22494645178578207 0.9001988932456161 0.3728820811306902
vn 0.9743687925853796 0.20783215445695227 0.08608862648161494
vn 0.22494875799897393 -0.9002006844845446 -0.37287636547289604
vn -0.9743746372835566 -0.20781056408691814 -0.08607459365233561
vn 0.0000030493206423031847 -0.3826822812187742 0.9238800093258307
vn 0.000003092094275415823 0.38269326720671093 -0.9238754587200009
vn 0 0.9238753598690528 0.3826935058592295
vn 1 0 0
vn 0 -0.9238753598690528 -0.3826935058592295
vn -1 0 0
vn 0 -0.38268317762669624 0.9238796380273431
vn 0 0.38268317762669624 -0.9238796380273431
vn 0 0.9238890989887147 0.38266033602899197
vn 1 0 0
vn 0 -0.9238725304316144 -0.38270033644339235
vn -1 0 0
vn 0 -0.3826803373711338 0.9238808144936853
vn 0 0.3826863729185271 -0.9238783144886896
vn 0 0.9238805025560709 0.3826810904614205
vn 1 0 0
vn 0 -0.9238774900852139 -0.3826883631805982
vn -1 0 0
vn 0 -0.3826513669710108 0.9238928137804823
vn 0 0.382689994254802 -0.9238768144602718
vn 0 0.6560475877713162 0.754719525770625
vn 1 0 0
vn 0 -0.6560646233561619 -0.7547047170784992
vn -1 0 0
vn 0 -0.7547126392752186 0.656055509936647
vn 0 0.7547116036929474 -0.6560567012470946
vn 0 0.9238890989887147 0.38266033602899197
vn 1 0 0
vn 0 -0.9238725304316144 -0.38270033644339235
vn -1 0 0
vn 0 -0.3826803373711338 0.9238808144936853
vn 0 0.3826863729185271 -0.9238783144886896
vn 0 0.923860812970825 0.3827286222075462
vn 1 0 0
vn 0 -0.9239008126271576 -0.38263205358003904
vn -1 0 0
vn 0 -0.38266033602901034 0.9238890989887072
vn 0 0.38270033644339996 -0.9238725304316113
vn 0 0 -1
vn 1 0 0
vn 0 0 1
vn -1 0 0
vn 0 1 0
vn 0 -1 0
vn -0.3826774801705528 -0.0000050972799888831235 -0.9238819979544649
vn 0.9238779573407957 0 -0.3826872351409166
vn 0.38268319452042043 0 0.9238796310297388
vn -0.9238836715774036 0 0.38267343962268424
vn 0 1 0
vn 0 -1 0
vn -0.38268319452042043 0 -0.9238796310297387
vn 0.9238779573407957 0 -0.3826872351409166
vn 0.38268319452042043 0 0.9238796310297387
vn -0.9238779573407957 0 0.3826872351409166
vn 0 1 0
vn 0 -1 0
vn 0.38268319452042043 0 -0.9238796310297387
vn 0.9238779573407957 0 0.3826872351409166
vn -0.38268319452042043 0 0.9238796310297387
vn -0.9238779573407957 0 -0.3826872351409166
vn 0 1 0
vn 0 -1 0
vn 0.3826774801755242 0 -0.9238819979664672
vn 0.9238836715774036 0 0.38267343962268424
vn -0.38268319452042043 0 0.9238796310297388
vn -0.9238779573387363 -0.0000021113778491164266 -0.3826872351400636
vn 0 1 0
vn 0 -1 0
vn 0 0 -1
vn 1 0 0
vn 0 0 1
vn -1 0 0
vn 0 1 0
vn 0 -1 0
vn 0 0 -1
vn 1 0 0
vn 0 0 1
vn -1 0 0
vn 0 1 0
vn 0 -1 0
vn 0 0 0
vn 0 0 0
vn 0 0 0
vn 0 0 0
vn -0.0000012916818455136083 0.9238785632431812 0.38268577237473417
vn -5.939533806010995e-7 -0.9238782643491199 -0.38268649396458315
vn 0 0 0
vn 0 0 0
vn 0 0 0
vn 0 0 0
vn -0.000008080906001065939 0.9238872220572303 0.3826648675460984
vn 0.000009966363533053355 -0.9238869231604816 -0.3826655891424396
vn 0 0 0
vn 0 0 0
vn 0 0 0
vn 0 0 0
vn 0.5938559092685082 0.6135976571758188 0.5204162508369811
vn -0.5938559092685082 -0.6135976571758188 -0.5204162508369814
vn 0 0 0
vn 0 0 0
vn 0 0 0
vn 0 0 0
vn -0.593843466174282 0.6135821234254161 0.5204487635635923
vn 0.593843466174282 -0.6135821234254161 -0.5204487635635923
vn 0 0 0
vn 0 0 0
vn 0 0 0
vn 0 0 0
vn 0.6061099044450079 0.7933478842680776 0.05683236983470301
vn -0.6061054438114573 -0.7933510547581791 -0.05683568330020709
vn 0 0 -1
vn 0.9743701862189922 -0.22495052835582915 0
vn 0 0 1
vn -0.9743701862189922 0.2249505283558296 0
vn 0.224952985895258 0.9743696188494425 0
vn -0.22495298589529172 -0.9743696188494347 0
vn -0.3312507868750876 0.42477767337115996 -0.8425181567183104
vn 0.9434419048536324 0.13648078597389154 -0.3021429582599908
vn 0.3312825306279519 -0.4247764787966178 0.8425062776987996
vn -0.943437831418465 -0.13649241276764001 0.30215042529391245
vn 0.013364240881117291 0.8949527275391825 0.44596077466056305
vn -0.01336418184981595 -0.8949528032297343 -0.4459606245339667
vn 0 0 0
vn 0 0 0
vn 0 0 0
vn 0 0 0
vn -0.606105443811457 0.7933510547581791 0.05683568330020688
vn 0.6061054438114573 -0.7933510547581791 -0.05683568330020709
vn 0 0 -1
vn 1 0 0
vn 0 0 1
vn -1 0 0
vn 0 1 0
vn 0 -1 0
vn -0.06187052481940061 -0.39890287142702735 -0.9149035672276311
vn 0.9975640775494626 0.004865967053315561 -0.06958615916635864
vn 0.06187631287058572 0.39890289966226344 0.9149031634804744
vn -0.9975640752555317 -0.0048659522643697386 0.06958619308552981
vn -0.03221527106498116 0.9169829653839118 -0.3976234619661389
vn 0.032215271064981114 -0.9169829653839118 0.39762346196613896
vn 0.27565042732283 0.8107184558424569 -0.5164808101693262
vn 0.9612615921368669 -0.23246935229856946 0.14810182890288445
vn -0.2756424837509395 -0.810716892189275 0.5164875040797953
vn -0.9612615921371993 0.23247098815157377 -0.14809926113822308
vn 3.8875367287863724e-7 0.5373010070091868 0.8433905547649692
vn -0.00000776689224390988 -0.5372964037149052 -0.8433934873442557
vn 0.28846684104402187 0.6049707628363638 -0.7421571651148233
vn 0.9517877327487019 -0.2656484172253458 0.15339827318048335
vn -0.2884506243800109 -0.6049667168163204 0.7421667661915776
vn -0.9517886840499731 0.2656449152952993 -0.1533984351034067
vn 0.1043704401556821 0.7506275215808097 0.6524301763922026
vn -0.10434289613123152 -0.7506324185746502 -0.6524289480178804
vn 0 0 -1
vn 1 0 0
vn 0 0 1
vn -1 0 0
vn 0 1 0
vn 0 -1 0
vn 0.27563439616246904 -0.8107188480844744 0.5164887501318244
vn 0.9612614366255537 0.23247144555089472 -0.14809955253157892
vn -0.2756255698215756 0.8107244673738617 -0.5164846399089718
vn -0.9612615921380554 -0.23246998889926287 0.14810082964449472
vn -8.807590871150885e-7 -0.5372984950776779 -0.8433921550420582
vn -0.000004350119219307286 0.5372972300383273 0.8433929609465669
vn 0.06187052481940067 -0.3989028714270274 -0.9149035672276311
vn 0.9975640752555317 -0.004865952264369734 0.06958619308552981
vn -0.061876312870585724 0.3989028996622635 0.9149031634804745
vn -0.9975640775494626 0.004865967053315564 -0.06958615916635863
vn 0.032202398012322477 0.9169802433437934 -0.3976307821074895
vn -0.0322023980123225 -0.9169802433437934 0.39763078210748937
vn -0.28845772455657837 0.6049697669502105 -0.7421615203039358
vn 0.9517908217756189 0.2656359031469038 -0.15340077751765396
vn 0.28845062438001484 -0.6049667168163209 0.7421667661915757
vn -0.9517880284405944 -0.26564629024833836 0.15340012188542013
vn -0.10436942907522133 0.7506254010917527 0.6524327777712873
vn 0.10435716435359492 -0.7506308619279619 -0.6524284568972768
vn 0.21380788995530367 0.23890794959015507 -0.9472112635602942
vn 0.976779890028294 -0.03901980324746924 0.21066205493833676
vn -0.2138077885037952 -0.23891532565816706 0.947209426019805
vn -0.9767801768945286 0.039047686276093 -0.21065555825180038
vn -0.013381539620184546 0.9702599315468621 0.24169526191481752
vn 0.013340737330919445 -0.9702610451533109 -0.24169304703584715
vn 0.33130081893996843 0.2323625467225286 -0.9144656441060688
vn 0.9434425571432764 -0.06783538295000287 0.3245219594896192
vn -0.33126641823505476 -0.23235711678539145 0.9144794860623707
vn -0.9434429963230202 0.06786728691164919 -0.32451401211087
vn -0.013367164224321331 0.9702611378578128 0.24169121474199853
vn 0.013331557516683362 -0.9702577966832249 -0.2417065939307269
vn 0.9356624285432393 0.09737671371148326 -0.33919551211553417
vn 0.3526644418966357 -0.22161499485373318 0.9091284757820066
vn -0.9356479541102246 -0.0973787365650882 0.33923485616065213
vn -0.3526638286417444 0.2216001812520456 -0.9091323246023139
vn -0.013357507545604186 0.9702626899576857 0.24168551770481608
vn 0.013356753769421326 -0.9702627684100152 -0.2416852444111476
vn -0.9356610768506454 0.09737598570625598 -0.3391994496965256
vn 0.35266055639296184 0.22161902590157131 -0.9091290003751092
vn 0.9356479541102252 -0.0973787365650885 0.3392348561606505
vn -0.35266140195566525 -0.221600433798629 0.9091332043825724
vn 0.013357654315524643 0.9702628126982311 0.24168501684238572
vn -0.013359738186823584 -0.9702624577909035 -0.24168632645876995
vn -0.33126661008758024 0.23234318765842546 -0.9144829556584446
vn 0.9434426639297226 0.06784313358277597 -0.32452002881618597
vn 0.3312751106016285 -0.23236203555445986 0.9144750874293225
vn -0.943437373442777 -0.06786959429274134 0.32452987622395085
vn 0.013367164224330349 0.9702611378578126 0.2416912147419983
vn -0.013326204280044733 -0.9702615514070969 -0.24169181645347465
vn -0.2138069211801304 0.23890712287334684 -0.9472116907512562
vn 0.976779761972129 0.03905552879839763 -0.2106560283304252
vn 0.21385370266652706 -0.23887345821521633 0.9472096203143843
vn -0.9767798132158737 -0.03902125592479141 0.21066214201895594
vn 0.013351292663742959 0.9702607835451529 0.24169351439075293
vn -0.013340737330919358 -0.9702610451533109 -0.24169304703584715
vn 0.9356604659707857 0.16848563535390226 -0.3100839936190262
vn 0.3526631966030507 -0.41313194518433505 0.8396134024835035
vn -0.9356496438720389 -0.16849831298061904 0.3101097587061916
vn -0.35265997950267464 0.41312691754477315 -0.8396172275847651
vn -0.013351198694994185 0.8949431937828688 0.4459802970929605
vn 0.01334476561710613 -0.8949355945194013 -0.4459957386487348
vn 0.3312824976770802 0.42477868516832834 -0.8425051782389839
vn 0.9434432093497194 -0.1364770624304988 0.3021405668927022
vn -0.3312825306279486 -0.42477647879661884 0.8425062776988004
vn -0.9434419986049212 0.13648706938380734 -0.3021398271651258
vn -0.013345441529946133 0.8949528187018432 0.44596115468502046
vn 0.013364181849815963 -0.8949528032297343 -0.4459606245339666
vn 0.2138250871413019 0.4382433000627708 -0.8730530579862298
vn 0.9767797785359521 -0.08369815586514467 0.19722039181593334
vn -0.21381670948583043 -0.4382455860443195 0.8730539622825859
vn -0.9767798855565241 0.08370532855623149 -0.1972168175979857
vn -0.013329377452516927 0.8949498606482528 0.4459675712676891
vn 0.013328856666795676 -0.8949498160095943 -0.4459676764120347
vn -0.9356473597987086 0.16849486595957197 -0.3101185229020862
vn 0.3526617232393187 0.4131298554299241 -0.8396150495997107
vn 0.9356673400492383 -0.16846943035574632 0.31007205582056846
vn -0.3526643893498029 -0.41312937531888605 0.8396141659912355
vn 0.013355827096650546 0.8949506656542069 0.445965164477739
vn -0.013341603457683445 -0.894936163973504 -0.44599469058450425
vn -0.9238811323707694 -0.3454006797576847 -0.16474836470276283
vn 0.3826813226956321 -0.8338810803468297 -0.39774030358957335
vn 0.9238755776638579 0.3454131438072354 0.16475338261011588
vn -0.38268252627926436 0.833879760623266 0.39774191242991375
vn -0.000001871293449889717 0.43051596075371423 -0.9025829643488762
vn -0.000002734081032392625 -0.4305059254213302 0.9025877509525868
vn -0.21381670948582954 0.43824558604431973 -0.8730539622825862
vn 0.9767798855565241 0.08370532855623149 -0.19721681759798568
vn 0.2138250871413023 -0.4382433000627708 0.8730530579862298
vn -0.9767797785359523 -0.08369815586514508 0.19722039181593318
vn 0.013329377452516966 0.8949498606482528 0.4459675712676892
vn -0.01332885666679514 -0.8949498160095943 -0.445967676412035
vn 1 0 0
vn 0 -0.5664000488897285 0.8241304415065088
vn -1 0 0
vn 0 0.5664080984802978 -0.8241249092072956
vn 0 0.8241252813007811 0.566407557083156
vn 0 -0.824132614163323 -0.566396887590608
vn -0.007911886140533213 0.9098651537923929 0.4148286441074733
vn 0.45392169641562347 -0.36635865896132214 0.8122416060060111
vn 0.007930267516994742 -0.9098707344347414 -0.4148160525778783
vn -0.4539217375303872 0.36636337907744065 -0.8122394540210132
vn -0.8909991604111549 -0.1947459191438005 0.4101152559018664
vn 0.8910084856470687 0.19472919284641596 -0.41010293824636407
vn 0.007920831728050847 0.9098631987647862 0.4148327614331433
vn 0.4539181023888596 0.3663603566810958 -0.8122428487688871
vn -0.007930271827438698 -0.9098708178807303 -0.41481586946233634
vn -0.4539262004031957 -0.3663624037033796 0.812237399865458
vn 0.8909992588040699 -0.19473462906435385 0.41012040311811654
vn -0.8910084856470689 0.19472919284641604 -0.41010293824636296
vn 0 0.4617441812207985 -0.8870131403247273
vn 0.7071023110871465 0.6272192166273829 0.32650019287673987
vn 0 -0.4617441812207991 0.8870131403247271
vn -0.7071081581074613 -0.62721101505342 -0.32650328533344347
vn -0.7071063110942246 0.6272156685806316 0.32649834593404753
vn 0.7071058591543002 -0.6272102772458845 -0.3265096814288966
vn 1 0 0
vn 0 -0.4617620092232249 0.887003859539591
vn -1 0 0
vn 0 0.46173053718047763 -0.8870202427425361
vn 0 0.8870158789731459 0.46173892022386126
vn 0 -0.8870120886380549 -0.4617462015111281
vn 0 0.46174183921146317 -0.8870143594788168
vn 0.7071052596381971 0.6272182674826905 0.32649563048838787
vn 0 -0.46174772570973754 0.8870112951940833
vn -0.7071082293376998 -0.6272063656686894 -0.32651206236152647
vn -0.7071156706789168 0.6272090325989536 0.3264908233114534
vn 0.7071027120816145 -0.6272112594874031 -0.32651460999326065
vn 0 0.4617495545274835 -0.8870103431717528
vn 0 0.8870120886380549 0.4617462015111281
vn 0 -0.46174256084267884 0.8870139838280144
vn 0 -0.8870158789731459 -0.4617389202238612
vn -1 0 0
vn 1 0 0
vn 0 0.46174183921146317 -0.8870143594788168
vn 0.7071052596381971 0.6272182674826905 0.32649563048838787
vn 0 -0.46174772570973754 0.8870112951940833
vn -0.7071082293376998 -0.6272063656686894 -0.32651206236152647
vn -0.7071107768744052 0.6272133735740341 0.32649308298638535
vn 0.7071027120816145 -0.6272112594874031 -0.32651460999326065
vn 0 0 1
vn -0.9762960569562292 0.2164393891409774 0
vn 0 0 -1
vn 0.9762960569562293 -0.21643938914097718 0
vn 0.21643066776079395 0.9762979903966907 0
vn -0.21643066776079734 -0.9762979903966901 0
vn 0.008978196348917547 -0.39880202786305924 0.916993094064853
vn -0.9773291041156146 0.19049310112962636 0.09241320614819179
vn -0.008963857063304088 0.3987992329092621 -0.9169944498728076
vn 0.9773287830557277 -0.19049490644744474 -0.0924128802082779
vn 0.21153923455773377 0.8970341928346536 0.38804743154440524
vn -0.21151920074924282 -0.8970353762351849 -0.3880556164997509
vn -0.008978097782513876 0.3988024458341991 0.9169929132533514
vn -0.9773293424212407 0.19049253441273223 -0.09241185408528145
vn 0.008978491635190404 -0.3988007757001414 -0.9169936357406864
vn 0.9773284540986166 -0.19049630140253507 0.09241348365451381
vn 0.21153925313978003 0.8970333674815754 -0.3880493293458053
vn -0.21153928764012495 -0.8970318349732337 0.3880528531389277
vn 0 0 1
vn -0.9762960569562293 -0.2164393891409772 0
vn 0 0 -1
vn 0.9762960569562292 0.2164393891409774 0
vn -0.21643066776079398 0.9762979903966909 0
vn 0.21643066776079734 -0.97629799039669 0
vn 0.008962832045946365 0.3988035796243313 0.916992569501267
vn -0.9773292867136436 -0.19049460389231823 0.09240817723399573
vn -0.008978491635188733 -0.3988007757001415 -0.9169936357406864
vn 0.9773284961794414 0.19049817148914933 -0.09240918360705606
vn -0.21153925313978 0.8970333674815754 -0.38804932934580544
vn 0.21153930621980377 -0.8970310095993634 0.3880547509581488
vn -0.008969488491418263 -0.39880301305765053 0.9169927508177707
vn -0.9773287830557279 -0.1904949064474446 -0.0924128802082776
vn 0.008963857063302643 0.3987992329092621 -0.9169944498728074
vn 0.9773287874794961 0.19049510300362668 0.09241242825234902
vn -0.2115331850997351 0.8970345502222117 0.38804990311710674
vn 0.2115331850997319 -0.8970345502222119 -0.3880499031171081
vn 0.9238755776634731 0.34541307195706633 -0.16475353324941747
vn 0.3826825736381801 -0.8338804392081984 0.39774044418389354
vn -0.9238802917574351 -0.3454031719778838 0.164747853672857
vn -0.38268252627919935 0.8338804569139245 -0.39774045262909125
vn 0.000005572800395787352 0.430506986777818 0.9025872447051463
vn -0.0000027340810323827827 -0.4305059254213302 -0.9025877509525868
vn 0.9238761004298632 0.3826917180375208 0
vn 0.38268221576550127 -0.923880036442398 0
vn -0.9238808144936855 -0.3826803373711332 0
vn -0.38268341935074135 0.9238795379020064 0
vn 0 0 1
vn 0 0 -1
vn -0.9238761004298632 0.3826917180375208 0
vn 0.38268341935074135 0.9238795379020064 0
vn 0.9238808144936855 -0.3826803373711332 0
vn -0.38268221576550127 -0.923880036442398 0
vn 0 0 1
vn 0 0 -1
vn -0.9238755776634728 0.3454130719570664 -0.16475353324941744
vn 0.3826825262791982 0.8338804569139258 -0.39774045262908964
vn 0.9238811323694884 -0.34540096817047233 0.16474776004113828
vn -0.3826825736306931 -0.8338813374706365 0.3977385609386794
vn -0.0000027340756815328854 0.4305059254549441 0.9025877509365541
vn 0.0000027340896314011213 -0.4305059254245452 -0.9025877509510534
vn 0 -0.9099621475442393 -0.41469131897916117
vn 1 0 0
vn 0 0.9099608058412316 0.4146942630815824
vn -1 0 0
vn 0 0.4146863623304869 -0.9099644063902216
vn 0 -0.41469239998269053 0.909961654904533
vn 0.9238802917561049 -0.34540287176025347 -0.1647484831020438
vn 0.3826825262792643 0.8338797606232652 0.3977419124299154
vn -0.9238764183242322 0.34541095175817094 0.16475326421623004
vn -0.38268132269563077 -0.8338810803468308 -0.39774030358957174
vn 0.000001871289787289333 0.4305159607307084 -0.9025829643598495
vn 0.000002734075681030921 -0.4305059254549433 0.9025877509365544
vn -0.9238760844206192 0.02002953588883892 -0.38216723868969016
vn 0.3826830925462073 0.048354279411033145 -0.9226134154356909
vn 0.9238759822233812 -0.020027441809606663 0.3821675954935815
vn -0.38268294668155967 -0.048349449272096647 0.9226137290731173
vn -0.0000017984370806890186 0.9986291277063424 0.05234372257716687
vn -0.0000031391215319078516 -0.9986297749541407 -0.05233137266677022
vn 0.9238759822194085 0.020029443873406064 -0.38216749058004057
vn 0.3826858758364971 -0.0483544723860334 0.9226122508592229
vn -0.9238759822233812 -0.020027441809606666 0.3821675954935815
vn -0.3826858758308483 0.04834938577655768 -0.9226125174387169
vn -2.843855758838799e-7 0.9986298368402428 0.0523301917859042
vn 0.000003139121531247007 -0.9986297749541407 -0.052331372666769946
vn -0.8975866040988937 -0.21977286750059125 -0.38214941430386046
vn 0.3571306978904117 0.14574967726589358 -0.9226129720533934
vn 0.8975888666035294 0.21977482178904195 0.38214297619737353
vn -0.3571302428563946 -0.1457495658517633 0.9226131657912515
vn -0.2584671075433127 0.96460072837303 0.05234681595296427
vn 0.25847011906285006 -0.9645999910033746 -0.052345533791587455
vn 0.8975866040988941 -0.21977286750059166 -0.3821494143038591
vn 0.3571289760759874 -0.14574925568314223 0.9226137051413917
vn -0.8975822367907306 0.2197710851356578 0.3821606970059119
vn -0.357131795211278 0.1457499459425589 -0.9226125048507153
vn 0.25846882144929834 0.9646002110326007 0.0523478864374947
vn -0.2584682232213146 -0.9646004552009552 -0.052346340950699136
vn 0.9238746945036641 0.3789708533588697 -0.05326012730187318
vn 0.38268626930965643 -0.9148876661315735 0.1285759605920938
vn -0.9238816139888155 -0.3789543851000134 0.05325727506071026
vn -0.3826794283075278 0.9148902932451493 -0.12857762820968735
vn -0.000003937202936771129 0.13918068625479338 0.990267002660466
vn -0.0000011156416815120904 -0.13916860643372927 -0.9902687003950238
vn -0.9238749662671853 0.37897027779330406 -0.05325950857896816
vn 0.3826794283075279 0.9148902932451493 -0.12857762820968738
vn 0.9238813422496375 -0.3789549606424106 0.053257893757804285
vn -0.3826862693096565 -0.9148876661315737 0.12857596059209384
vn 0.0000014380669916823514 0.13917972231846684 0.9902671381467157
vn 0.0000036146521374210328 -0.13916764254100913 -0.9902688358504029
vn -0.9238813422476306 0.3789548342603731 -0.05325879305250894
vn 0.38268566919990304 0.9148874282187692 -0.12857943955496515
vn 0.9238746945023026 -0.37897072696998807 0.05326102663407562
vn -0.38268104151181326 -0.9148893264147129 0.12857970632983615
vn -0.0000028296656950045837 0.13916930952140566 0.99026860158208
vn 0.0000028296656944059325 -0.13916930952140563 -0.9902686015820801
vn -0.9238768999729199 0.3789654544562331 -0.05326028562830291
vn 0.38268588284321814 0.9148873405854027 -0.1285794272388716
vn 0.9238794086425706 -0.37895945699448313 0.053259442737421725
vn -0.3826816842421504 -0.9148924579001111 0.1285555095010888
vn -0.000005101633496440574 0.13916825246607423 0.9902687501277178
vn 4.882933357062049e-8 -0.13918033220812523 -0.9902670524290069
vn 0.9238768999729199 0.3789654544562324 -0.053260285628307334
vn 0.3826816842179718 -0.9148890627896038 0.12857966927962342
vn -0.9238813422270187 -0.3789562405974195 0.053248785874172574
vn -0.38268588284322147 0.9148873405854028 -0.12857942723886068
vn -0.000008083444022932695 0.139176996425381 0.990267521228818
vn 0.00000259794823299791 -0.139167083165408 -0.9902689144654008
vn 0.9238813422476315 0.3789548342603713 -0.05325879305250642
vn 0.3826810415118133 -0.9148893264147129 0.12857970632983615
vn -0.9238746945023026 -0.37897072696998807 0.05326102663407567
vn -0.38268566919990304 0.9148874282187685 -0.1285794395549705
vn 0.0000047499325692398305 0.13916810820659095 0.9902687704030846
vn -0.000004749932569471103 -0.13916810820659042 -0.9902687704030846
vn -0.9238813422504595 -0.37895503475960357 -0.05325736636219719
vn 0.3826862693096565 -0.9148876661315737 -0.12857596059209384
vn 0.923874694504107 0.37897092748007694 0.053259599884277004
vn -0.38267942830486473 0.9148904721880827 0.12857635494805766
vn 0.0000011156416812506303 0.13916860643372983 -0.9902687003950236
vn -0.0000011156416814919778 -0.13916860643372927 0.9902687003950238
vn 0.9238813422504586 -0.37895503475960535 -0.05325736636219915
vn 0.3826794283048648 0.9148904721880827 0.12857635494805766
vn -0.923874694504108 0.37897092748007527 0.0532595998842751
vn -0.38268626930965643 -0.9148876661315735 -0.1285759605920938
vn -0.0000036146521371696406 0.1391676425410097 -0.9902688358504028
vn 0.0000036146521374210328 -0.13916764254100913 0.9902688358504029
vn 0.9238749662702023 -0.37897017610370237 -0.05326023209826864
vn 0.38268566919990304 0.9148874282187685 0.1285794395549705
vn -0.9238816139932677 0.3789541845837197 0.05325870174612578
vn -0.38268104151181326 -0.9148893264147129 -0.1285797063298361
vn 0.000002223170495273072 0.13918138934451404 -0.9902669038472347
vn 0.0000028296656944059325 -0.13916930952140563 0.9902686015820801
vn 0.9238816139039645 -0.3789557886601789 -0.05324728848634416
vn 0.38268588284322147 0.9148873405854028 0.12857942723886068
vn -0.9238768999729199 0.3789654544562324 0.053260285628307334
vn -0.3826827401432608 -0.9148886296692101 -0.12857960840833393
vn -4.882958221263832e-8 0.13918033220752937 -0.9902670524290906
vn 4.882933357383292e-8 -0.13918033220812526 0.9902670524290069
vn -0.9238794086425706 -0.37895945699448313 -0.053259442737421725
vn 0.38268273992630186 -0.9148925018779515 -0.12855205393147628
vn 0.9238768999729199 0.3789654544562331 0.05326028562830291
vn -0.38268588284321814 0.9148873405854027 0.1285794272388716
vn 4.8828932876430885e-8 0.13918033220796 -0.9902670524290301
vn 0.0000025979482329946977 -0.139167083165408 0.9902689144654008
vn -0.9238746945023026 -0.37897072696998807 -0.05326102663407562
vn 0.3826810415076139 -0.9148895650105747 -0.12857800863837213
vn 0.9238816139932671 0.3789541845837214 0.05325870174612827
vn -0.38268566919990304 0.9148874282187692 0.12857943955496515
vn -3.02807525658386e-7 0.139180187974513 -0.9902670727007375
vn 0.000008913563739499403 -0.1391766560447893 0.990267569060372
vn -0.9483191874785929 0.12906501959802053 -0.28988435517651534
vn 0.31730420364207845 0.3857185137060549 -0.8663366958264314
vn 0.9483252650937704 -0.12905763170380172 0.2898677617187471
vn -0.3173046028958919 -0.3857184593707118 0.8663365737874427
vn 0.000001985445541772349 0.913548245824726 0.40673038065360223
vn 0.000003167869252984469 -0.9135419813910151 -0.40674445076256777
vn 0.9483191874785928 0.12906501959802144 -0.2898843551765149
vn 0.3173046028958914 -0.38571845937071336 0.8663365737874421
vn -0.9483252650937707 -0.12905763170379972 0.2898677617187464
vn -0.3173042036420785 0.3857185137060551 -0.8663366958264314
vn -0.0000021634272384808337 0.9135412558425727 0.4067460803362399
vn 0.000002163427236231605 -0.9135412558425684 -0.40674608033624965
vn 0.9483269001446285 0.12904842135623373 -0.2898665130841156
vn 0.3173087005350864 -0.38572164034871204 0.8663336567001387
vn -0.9483191874509068 -0.12907004366018712 0.28988211835504696
vn -0.3173052614383439 0.3856967826755114 -0.866345983367675
vn -0.0000015782412222013698 0.9135444368742153 0.4067389357483274
vn -0.000010617202667651436 -0.9135429951396404 -0.4067421737643765
vn -0.9483269001773884 0.12905689492535022 -0.28986274039995685
vn 0.3173052614383439 0.3856967826755113 -0.866345983367675
vn 0.9483215507658989 -0.129054923785012 0.28988111873629424
vn -0.31730451993885034 -0.38573348526789364 0.86632991404514
vn 0.000001578233020084475 0.9135444368873654 0.4067389357187922
vn -0.000004437127146660946 -0.9135479121520643 -0.4067311300883127
vn 0.9238817262049502 -0.1277411542195208 -0.36072808804309364
vn 0.3826817381777521 0.3083989292769936 0.87088735648536
vn -0.923875171497491 0.1277464365151881 0.3607430047113216
vn -0.38268801352916554 -0.3083980615932306 -0.8708849062342505
vn 0.000007420772697816758 0.9426386879135439 -0.3338147749779279
vn -0.000009124066510736371 -0.9426400605841629 0.3338108987115865
vn 0.9238770121879455 -0.12774223277759786 -0.3607397792255088
vn 0.382682449469423 0.3084004727962735 0.8708864973388424
vn -0.9238817262044375 0.12774183429409663 0.3607278472154434
vn -0.3826782043462873 -0.3084010597582597 -0.8708881548501414
vn 0.0000026353864652912723 0.9426409577854861 -0.3338083652311854
vn -0.0000026353864652844694 -0.9426409577854861 0.3338083652311854
vn 0.9238798856056092 -0.12774027798773632 -0.36073311236006955
vn 0.3826830953410246 0.3084049859071288 0.8708846153238878
vn -0.9238751714964434 0.12774582842539944 0.36074322005039233
vn -0.38267976785780405 -0.3083977336841668 -0.8708886456549811
vn -0.000007264441362695441 0.9426407184611033 -0.33380904098954994
vn -0.000003834752512100239 -0.9426391837886979 0.33381337476421213
vn -0.9238817262049502 -0.1277411542195208 -0.3607280880430937
vn 0.3826880135291656 -0.3083980615932306 -0.8708849062342505
vn 0.923875171497491 0.1277464365151881 0.3607430047113216
vn -0.3826817381777521 0.3083989292769936 0.87088735648536
vn -0.000004833160787809587 0.9426406539005315 -0.3338092233456397
vn 0.000003129869486851171 -0.942639281258308 0.3338130995317957
vn -0.9238751714982074 -0.12774711661689572 -0.36074276387091603
vn 0.3826857769961039 -0.3083918033433966 -0.8708881051636291
vn 0.9238817262044375 0.12774183429409663 0.3607278472154434
vn -0.382682449469423 0.3084004727962735 0.8708864973388424
vn -0.000003834752512100239 0.9426391837886979 -0.33381337476421213
vn 0.0000026354093807779455 -0.9426409577823175 0.33380836524013263
vn -0.9238798856119831 -0.12774522399908309 -0.3607313608587603
vn 0.3826824494454364 -0.30839313444347544 -0.8708890959901666
vn 0.9238751714964434 0.12774582842539942 0.36074322005039233
vn -0.38267820432937766 0.3083979498660536 0.8708892561340154
vn 0.000007264341136285147 0.94264071848224 -0.3338090409298642
vn 9.321355197272368e-7 -0.9426395851524043 0.3338122413915257
vn 0.9238817262049502 -0.1277411542195208 -0.36072808804309364
vn 0.3826817381777521 0.3083989292769936 0.87088735648536
vn -0.923875171497491 0.1277464365151881 0.3607430047113216
vn -0.38268801352916554 -0.3083980615932306 -0.8708849062342505
vn 0.000007420772697816758 0.9426386879135439 -0.3338147749779279
vn -0.000009124066510736371 -0.9426400605841629 0.3338108987115865
vn 0 0 -1
vn 0.9762961793978853 0.21643883684101753 0
vn 0 0 1
vn -0.976296179397885 -0.21643883684101772 0
vn -0.2164405469122866 0.9762958002840688 0
vn 0.21644054691228376 -0.9762958002840695 0
vn 0 0 -1
vn 0.3826843118427878 0.923879168219206 0
vn 0 0 1
vn -0.3826854320146262 -0.9238787042267935 0
vn -0.9239173816907971 0.38259204357856447 0
vn 0.9238608129708279 -0.3827286222075391 0
vn 0 0 -1
vn 0.958816763235477 0.28402537657512833 0
vn 0 0 1
vn -0.9588167632354756 -0.28402537657513255 0
vn -0.28398482789114016 0.95882877383172 0
vn 0.2839848278910748 -0.9588287738317393 0
vn 0 0 -1
vn 0.976296179397885 -0.21643883684101772 0
vn 0 0 1
vn -0.9762961793978853 0.21643883684101753 0
vn 0.2164405469122866 0.9762958002840688 0
vn -0.21644054691228376 -0.9762958002840695 0
vn 0 0 -1
vn 0.3826854320146262 -0.9238787042267935 0
vn 0 0 1
vn -0.3826843118427878 0.923879168219206 0
vn 0.9239173816907971 0.38259204357856447 0
vn -0.9238608129708279 -0.3827286222075391 0
vn 0 0 -1
vn 0.9588167632354756 -0.28402537657513255 0
vn 0 0 1
vn -0.958816763235477 0.28402537657512833 0
vn 0.28398482789114016 0.95882877383172 0
vn -0.2839848278910748 -0.9588287738317393 0
vn 0 0 -1
vn 0.9762964423906646 -0.21643765054937103 0
vn 0 0 1
vn -0.9762964423906646 0.21643765054937128 0
vn 0.21644054691228093 0.97629580028407 0
vn -0.21644054691228376 -0.9762958002840695 0
vn 0 0.25881814135363274 -0.9659260684473998
vn 1 0 0
vn 0 -0.2588181413536332 0.9659260684473998
vn -1 0 0
vn 0 0.9659261972787235 0.258817660546309
vn 0 -0.9659261972787243 -0.25881766054630684
vn 0.38268826365205183 0.2546534941436571 -0.8880885602142413
vn 0.9238825442144352 -0.1054791553215498 0.3678521337283702
vn -0.3826844923878407 -0.25465392472025855 0.8880900618239288
vn -0.9238787730197103 0.10548166485790814 -0.3678608855836658
vn 6.386365371467888e-7 0.96126203316339 0.2756361797699604
vn -6.386302414724693e-7 -0.9612620331641089 -0.27563617976745364
vn -0.3826882636525485 0.2546542590009909 -0.888088340895912
vn 0.9238787730197052 0.10548198167441976 -0.3678607947385011
vn 0.382684492388337 -0.2546546895788854 0.888089842505229
vn -0.9238825442144301 -0.10547947213052408 0.3678520428853667
vn -6.386339293823603e-7 0.9612620331616547 0.27563617977601207
vn 6.386276346476074e-7 -0.961262033162374 -0.27563617977350335
vn -0.38268699577986537 -0.25465076652462665 -0.8880898886764795
vn 0.9238804752549558 -0.1054810968690967 -0.36785677327727645
vn 0.38268887792618617 0.2546547874479151 0.8880879246681908
vn -0.9238804752550285 0.10548180222657785 0.3678565710186188
vn -0.000003252546985886861 0.9612618195378387 -0.27563692475469354
vn -0.000003852160285394512 -0.9612610083747164 0.2756397535980335
vn 0 -0.2588197259388132 -0.9659256438592765
vn 1 0 0
vn 0 0.2588197259388134 0.9659256438592765
vn -1 0 0
vn 0 0.9659267331686018 -0.25881566055830696
vn 0 -0.9659267331686018 0.2588156605583069
vn 0.3826823140425301 -0.2546555368685125 -0.8880905382117659
vn 0.9238816014204018 0.105478592945482 0.36785466285900925
vn -0.38268887793318584 0.2546564903367996 0.8880874363685047
vn -0.9238804752549556 -0.1054810968690969 -0.36785677327727634
vn 0.0000032525469859423723 0.9612618195378388 -0.2756369247546936
vn 0.00000469603098406914 -0.9612615699163759 0.2756377952673611
vn 0 0 -1
vn 1 0 0
vn 0 0 1
vn -1 0 0
vn 0 1 0
vn 0 -1 0
vn 0 0 -1
vn 1 0 0
vn 0 0 1
vn -1 0 0
vn 0 1 0
vn 0 -1 0
vn 0 0 -1
vn 1 0 0
vn 0 0 1
vn -1 0 0
vn 0 1 0
vn 0 -1 0
vn -0.3826795117230731 0.2546620816917374 -0.8880898690199215
vn 0.9238772714097325 0.10548266408273754 -0.36786437031943686
vn 0.38268449238784114 -0.2546539247202587 0.8880900618239287
vn -0.9238810426697776 -0.10548015453076418 0.367855618409684
vn 4.865130292874775e-7 0.961261284442557 0.27563879086879123
vn -4.865130284239722e-7 -0.9612612844425575 -0.2756387908687892
vn 0.38268826365205244 0.25465349414365707 -0.888088560214241
vn 0.9238825442099444 -0.10548229844501075 0.36785123245534707
vn -0.38268449238784114 -0.2546539247202587 0.8880900618239287
vn -0.9238772714097324 0.10548266408273779 -0.3678643703194371
vn -4.865150143672773e-7 0.9612612844412358 0.27563879087339793
vn -6.386302406089684e-7 -0.9612620331641082 -0.2756361797674557
vn 0 0.7071067811865467 0.7071067811865485
vn -1 0 0
vn 0 -0.7071067811865467 -0.7071067811865485
vn 1 0 0
vn 0 0.7071067811865467 -0.7071067811865485
vn 0 -0.7071067811865467 0.7071067811865485
vn 0 0.7071067811865467 0.7071067811865485
vn -1 0 0
vn 0 -0.7071067811865467 -0.7071067811865485
vn 1 0 0
vn 0 0.7071067811865467 -0.7071067811865485
vn 0 -0.7071067811865467 0.7071067811865485
vn 0 0.7071067811865467 0.7071067811865485
vn -1 0 0
vn 0 -0.7071067811865476 -0.7071067811865476
vn 1 0 0
vn 0 0.7071067811865476 -0.7071067811865476
vn 0 -0.7071067811865467 0.7071067811865485
vn 0 0.7071067811865467 0.7071067811865485
vn -1 0 0
vn 0 -0.7071067811865476 -0.7071067811865476
vn 1 0 0
vn 0 0.7071067811865476 -0.7071067811865476
vn 0 -0.7071067811865467 0.7071067811865485
vn 0.7071081717811887 0.4999990166991701 0.49999901669916125
vn 0 -0.7071067811865476 0.7071067811865476
vn -0.7071081717811887 -0.49999901669917 -0.49999901669916125
vn 0 0.7071067811865476 -0.7071067811865476
vn -0.7071081717811887 0.49999901669917 0.49999901669916125
vn 0.7071081717811887 -0.4999990166991701 -0.49999901669916125
vn -0.6137271116193799 0.5265108624629738 0.5883241828888462
vn -0.4401390135692672 0.3904533733736229 -0.808593724904807
vn 0.6137386871879236 -0.5264975245204074 -0.5883240438081102
vn 0.4401486999981487 -0.3904595881277184 0.808585451222734
vn 0.6554369696513354 0.7552086001166554 0.007896146155975073
vn -0.6554133049754062 -0.7552292114811655 -0.007889092897930937
vn 0.6137307385145437 0.526491560176336 0.5883376731652328
vn -0.44013946831627926 -0.39047022493528566 0.8085853398802445
vn -0.6137408547330649 -0.5264968028309637 -0.588322428469543
vn 0.44018972827695235 0.3904442339370923 -0.8085705308164156
vn -0.6554367033599271 0.7552088318097011 0.007896090507197537
vn 0.6554133049754052 -0.7552292114811663 -0.007889092897938769
vn 0 0 -1
vn 0.9969175120226961 0.0784568303111837 0
vn 0 0 1
vn -0.9969171729099509 -0.07846113915328472 0
vn -0.07843133271658859 0.9969195183405227 0
vn 0.0784656386106434 -0.9969168187754803 0
vn 0 0 -1
vn 0.9999619390608218 -0.008724702271232466 0
vn 0 0 1
vn -0.9999619390608218 0.008724702271232728 0
vn 0.00872001726565038 0.9999619799266806 0
vn -0.008720017265650375 -0.9999619799266806 0
vn 0 0 -1
vn 0.9563107800013227 0.292352000255278 0
vn 0 0 1
vn -0.9563033241626152 -0.2923763878898779 0
vn -0.29236862125914015 0.9563056986670264 0
vn 0.2923720624447741 -0.9563046465963602 0
vn 0 0 -1
vn 0.9781485821008323 -0.2079070737953177 0
vn 0 0 1
vn -0.9781485821008323 0.2079070737953177 0
vn 0.20790707379531698 0.9781485821008324 0
vn -0.20790707379531698 -0.9781485821008324 0
vn 0 0 -1
vn 0.5948206051319098 -0.8038584749260959 0
vn 0 0 1
vn -0.5948206051319137 0.803858474926093 0
vn 0.803853757410961 0.5948269804710272 0
vn -0.80385375741096 -0.5948269804710287 0
vn 0 0 -1
vn 0.9969174258728619 0.07845792497273213 0
vn 0 0 1
vn -0.9969170782355563 -0.07846234206472641 0
vn -0.07846313547910867 0.9969170157895727 0
vn 0.0784656386106434 -0.9969168187754803 0
vn 0 0 -1
vn 0.9969171729099509 -0.07846113915328472 0
vn 0 0 1
vn -0.9969175120226961 0.0784568303111837 0
vn 0.07843133271658859 0.9969195183405227 0
vn -0.0784656386106434 -0.9969168187754803 0
vn 0 0 -1
vn 0.9999619390608218 0.008724702271232728 0
vn 0 0 1
vn -0.9999619390608218 -0.008724702271232466 0
vn -0.00872001726565038 0.9999619799266806 0
vn 0.008720017265650375 -0.9999619799266806 0
vn 0 0 -1
vn 0.9563033241626152 -0.2923763878898779 0
vn 0 0 1
vn -0.9563107800013227 0.292352000255278 0
vn 0.29236862125914015 0.9563056986670264 0
vn -0.2923720624447741 -0.9563046465963602 0
vn 0 0 -1
vn 0.9969170782355563 -0.07846234206472641 0
vn 0 0 1
vn -0.9969174258728619 0.07845792497273213 0
vn 0.07846313547910867 0.9969170157895727 0
vn -0.0784656386106434 -0.9969168187754803 0
vn 0 0 -1
vn 0.9781485821008323 0.2079070737953177 0
vn 0 0 1
vn -0.9781485821008323 -0.2079070737953177 0
vn -0.20790707379531698 0.9781485821008324 0
vn 0.20790707379531698 -0.9781485821008324 0
vn 0 0 -1
vn 0.5948206051319137 0.803858474926093 0
vn 0 0 1
vn -0.5948206051319098 -0.8038584749260959 0
vn -0.803853757410961 0.5948269804710272 0
vn 0.80385375741096 -0.5948269804710287 0
vn 0 0.6087611768874652 -0.7933535337506152
vn 1 0 0
vn 0 -0.6087611768874652 0.7933535337506152
vn -1 0 0
vn 0 0.793357646028979 0.608755817620955
vn 0 -0.793357646028979 -0.608755817620955
vn 0 0.6087611768874652 -0.7933535337506152
vn 1 0 0
vn 0 -0.6087611768874652 0.7933535337506152
vn -1 0 0
vn 0 0.793357646028979 0.608755817620955
vn 0 -0.793357646028979 -0.608755817620955
vn 0 0.39874646100814565 -0.917061208335343
vn 1 0 0
vn 0 -0.3987490048396025 0.9170601022503525
vn -1 0 0
vn 0 0.9170583547154189 0.39875302387148015
vn 0 -0.9170700562532359 -0.39872611141444825
vn 0 0.44620529952257343 -0.8949306289752131
vn 1 0 0
vn 0 -0.44620529952257176 0.8949306289752141
vn -1 0 0
vn 0 0.8949346108989875 0.4461973130971075
vn 0 -0.8949346108989856 -0.4461973130971109
vn 0 0.4461893269220039 -0.8949385926089506
vn 1 0 0
vn 0 -0.4461893269220021 0.8949385926089515
vn -1 0 0
vn 0 0.8949322127464656 0.44620212302129986
vn 0 -0.8949322127464657 -0.4462021230212991
vn -0.0000086778945294723 0.3987508428762839 -0.9170593030061619
vn 0.9510591289053864 -0.28338036919563175 -0.1232156632911394
vn -0.000005276942373475917 -0.3987466848697221 0.9170611109831015
vn -0.9510591289040625 0.2833790589823707 0.12321867658156352
vn 0.3090196421232232 0.8721770029339168 0.3792283432646425
vn -0.30901964212322613 -0.8721770029339181 -0.3792283432646374
vn 0 0.9238608129708362 0.38272862220751896
vn 1 0 0
vn 0 -0.9238890989887021 -0.3826603360290223
vn -1 0 0
vn 0 -0.382689994254801 0.9238768144602724
vn 0 0.3826843373671669 -0.9238791576466332
vn 0 0.9238774900852144 0.3826883631805977
vn 0 0.38268433736716534 -0.9238791576466338
vn 0 -0.9238826326458736 -0.38267594789237835
vn 0 -0.38268999425480354 0.9238768144602713
vn 1 0 0
vn -1 0 0
vn 0 0.9238890989887146 0.3826603360289919
vn 1 0 0
vn 0 -0.923860812970825 -0.3827286222075462
vn -1 0 0
vn 0 -0.3826843373671628 0.9238791576466348
vn 0 0.3826899942548035 -0.9238768144602713
vn 0 0.9238774900852144 0.3826883631805977
vn 0 0.38268433736716545 -0.9238791576466339
vn 0 -0.9238826326458736 -0.3826759478923783
vn 0 -0.3826899942548035 0.9238768144602713
vn 1 0 0
vn -1 0 0
vn 0 0.9238608129708362 0.38272862220751896
vn 1 0 0
vn 0 -0.9238890989887021 -0.3826603360290223
vn -1 0 0
vn 0 -0.382689994254801 0.9238768144602724
vn 0 0.3826843373671669 -0.9238791576466332
vn 0 0.9238774900852144 0.3826883631805977
vn 0 0.38268433736716545 -0.9238791576466339
vn 0 -0.9238826326458736 -0.3826759478923783
vn 0 -0.3826899942548035 0.9238768144602713
vn 1 0 0
vn -1 0 0
vn 0 0.9238890989887146 0.3826603360289919
vn 1 0 0
vn 0 -0.923860812970825 -0.3827286222075462
vn -1 0 0
vn 0 -0.3826843373671628 0.9238791576466348
vn 0 0.3826899942548035 -0.9238768144602713
vn 0 0.9238774900852144 0.3826883631805977
vn 0 0.38268433736716534 -0.9238791576466338
vn 0 -0.9238826326458736 -0.38267594789237835
vn 0 -0.38268999425480354 0.9238768144602713
vn 1 0 0
vn -1 0 0
vn -0.22494645140661834 0.9001833019371847 0.3729197191260305
vn 0.9743674852221315 0.20783378626296167 0.08609948332888703
vn 0.224948757049332 -0.9002217846633569 -0.37282542177201555
vn -0.9743713021658246 -0.2078248750984007 -0.08607779508101839
vn -0.000012842446456510782 -0.38267939558620545 0.9238812045002582
vn -0.0000035083998351580323 0.3826841184137751 -0.9238792483336569
vn -0.22494645140661212 0.900183301937186 0.37291971912603095
vn 0.9743682333826125 0.20783715569134706 0.08608288150949624
vn 0.22494875815290027 -0.9001942270882727 -0.37289195448871715
vn -0.9743720501442734 -0.20782188173791358 -0.08607655527818524
vn -0.0000142197723256401 -0.38267388377281397 0.9238834875004688
vn -0.000010851712254301484 0.38268835772830023 -0.9238774922799325
vn -0.22495347182077258 0.9001980542318941 0.37287987163816255
vn -0.000018978424552478663 -0.38269472026476664 0.9238748566344316
vn 0.22495347176160937 -0.9001959786268434 -0.3728848825126313
vn 0.000022302693882453988 0.3826814131102985 -0.9238803686422258
vn -0.9743720501593549 -0.20782042712252904 -0.08608006702405177
vn 0.9743713021922498 0.20782226361978962 0.08608409962430014
vn -0.2249710076267296 0.9001943137551203 0.3728783222585652
vn -0.00009570194996849753 -0.38269126095133915 0.9238762848090706
vn 0.22495347193643336 -0.9002030649615164 -0.37286777454968717
vn 0.000020355328285192474 0.3826892084860347 -0.9238771397182598
vn -0.9743717403416188 -0.2078205102024153 -0.0860833733240796
vn 0.9743677951699774 0.20783629771000472 0.08608991282255524
vn 0.22494645140661834 0.9001833019371847 0.3729197191260305
vn 0.9743720501063581 -0.20781551916335442 -0.08609191580165099
vn -0.22494875764794706 -0.9002103711108147 -0.37285297930575073
vn -0.9743685431571469 0.20783855114924787 0.08607600572749952
vn -0.0000048858124874150054 -0.3826896303687781 0.9238769651768232
vn 0.0000035084671582404333 0.38268411845264116 -0.923879248317558
vn 0.22488330194929895 0.900218029587487 0.37287397295869673
vn 0.0000075262660593362925 0.38267505094948545 -0.9238830041321054
vn -0.22488330206786314 -0.9002159540331561 -0.37287898379397666
vn -0.000009474198419226507 -0.3826828460320375 0.9238797753295931
vn 0.9743709923549408 -0.20782302435359737 -0.0860857700538944
vn -0.9743717403474479 0.20782118781571962 0.08608173736135379
vn 0.22496048603014354 0.9002078694449213 0.372851943155078
vn 0.9743713021508086 -0.20781851234055215 -0.08609315578777108
vn -0.22495697897539071 -0.9002086175146751 -0.3728522529938408
vn -0.974367795167434 0.2078351819921208 0.08609260634256494
vn -0.000010851920490820832 -0.3826883578485132 0.9238774922301356
vn 0.0000035084671555897902 0.38268411845264166 -0.9238792483175577
vn 0.22492990122943185 0.9002030814753139 0.3728819540220033
vn 0.000010852428047462176 0.38268835774025356 -0.9238774922749731
vn -0.22488330222425243 -0.9002130186912727 -0.37288607021376097
vn -0.000010851543094864773 -0.3826883577643832 0.9238774922649883
vn 0.9743713021897523 -0.20782294127213205 -0.08608246366157497
vn -0.974368543235413 0.20783446111027626 0.08608587995891251
vn 0 0.3826831658009136 -0.9238796429257388
vn 1 0 0
vn 0 -0.38268033737113377 0.9238808144936854
vn -1 0 0
vn 0 0.9238881281232266 0.38266268006295145
vn 0 -0.9238768144602711 -0.38268999425480377
vn -2.626567099201861e-8 0.38268357925861757 -0.9238794716659813
vn 0.9781477410096415 0.19208501254308374 0.07956346343679734
vn -6.102500510685481e-7 -0.38268081265034204 0.923880617628112
vn -0.9781474215149223 -0.192086401231832 -0.07956403864506012
vn -0.20791285669594545 0.9036915731087413 0.3743177590133545
vn 0.20791002807363107 -0.9036921285842119 -0.37431798909664793
vn 1.7447215030599832e-7 0.3826905311181432 -0.9238765920795283
vn 0.9781474215149223 -0.19208640123183207 -0.07956403864506012
vn -0.0000015886186389857833 -0.38268327244718087 0.9238795987500714
vn -0.9781475538535549 0.19208582602118796 0.07956380038726768
vn 0.20791224888674195 0.9036916924689643 0.37431780845350743
vn -0.20791105333089263 -0.9036919272485039 -0.3743179057014554
vn 0 0.9238798940209635 0.3826825596023593
vn 1 0 0
vn 0 -0.9238798940209628 -0.382682559602361
vn -1 0 0
vn 0 -0.3826826010761517 0.9238798768420012
vn 0 0.382682601076152 -0.923879876842001
vn 0 0.9238798940209635 0.3826825596023593
vn 1 0 0
vn 0 -0.9238798940209628 -0.382682559602361
vn -1 0 0
vn 0 -0.3826826010761517 0.9238798768420012
vn 0 0.382682601076152 -0.923879876842001
vn 0.22495127621650862 0.9001995964792914 0.37287747294129386
vn 0.9743699503591362 -0.2078282141527667 -0.08608503493178445
vn -0.22494250492463552 -0.9002045294693837 -0.37287085512417817
vn -0.9743700318954681 0.20782759503362014 0.08608560673286866
vn -0.0000020117978912669048 -0.3826844159536826 0.923879125092748
vn -0.000004498985082772665 0.3826805884165558 -0.9238807104972577
vn -0.22495127623497393 0.9002008648628094 0.37287441078801126
vn 0.9743700318954682 0.20782759503362014 0.08608560673286815
vn 0.2249425049141115 -0.9002014673105627 -0.372878247870367
vn -0.9743698350468017 -0.20782908972949604 -0.0860842262733275
vn 0.00000537809620289027 -0.3826821701309972 0.9238800553291031
vn -0.000005378096200991214 0.3826821701309976 -0.9238800553291031
vn 0 0.9238771683614093 0.3826891398779226
vn 1 0 0
vn 0 -0.9238798621170744 -0.3826826366253583
vn -1 0 0
vn 0 -0.38268316580091444 0.9238796429257385
vn 0 0.38268033737113444 -0.923880814493685
vn 0 0.9238771683614093 0.3826891398779226
vn 1 0 0
vn 0 -0.9238798621170744 -0.3826826366253583
vn -1 0 0
vn 0 -0.38268316580091444 0.9238796429257385
vn 0 0.38268033737113444 -0.923880814493685
vn 0.22494645178578207 0.9001988932456161 0.3728820811306902
vn 0.9743746372835566 -0.20781056408691814 -0.08607459365233561
vn -0.22494875799897393 -0.9002006844845446 -0.37287636547289604
vn -0.9743687925853796 0.20783215445695227 0.08608862648161494
vn -0.0000030493206423031847 -0.3826822812187742 0.9238800093258307
vn -0.000003092094275415823 0.38269326720671093 -0.9238754587200009
vn 0 0.9238768144602711 0.38268999425480377
vn 1 0 0
vn 0 -0.923879157646636 -0.3826843373671602
vn -1 0 0
vn 0 -0.3826734396226875 0.9238836715774025
vn 0 0.3826929492901691 -0.9238755904144195
vn 0 0.9238768144602711 0.38268999425480377
vn 1 0 0
vn 0 -0.923879157646636 -0.3826843373671602
vn -1 0 0
vn 0 -0.3826734396226875 0.9238836715774025
vn 0 0.3826929492901691 -0.9238755904144195
vn -0.22496629884070224 0.9002024547523721 0.37286150893290027
vn 0.974368792585379 0.2078321544569554 0.08608862648161447
vn 0.2249429449264955 -0.9001996412145871 -0.3728823909558138
vn -0.9743733907797532 -0.20781428031722868 -0.0860797318571515
vn 0.0000030493498887884707 -0.38268228113543773 0.9238800093603494
vn 0.000011353697083645443 0.3826853532805005 -0.9238787367699682
vn 0 0.9238753598690528 0.3826935058592295
vn 1 0 0
vn 0 -0.9238753598690528 -0.3826935058592295
vn -1 0 0
vn 0 -0.38268317762669624 0.9238796380273431
vn 0 0.38268317762669624 -0.9238796380273431
vn 0 0.9238890989887147 0.38266033602899197
vn 1 0 0
vn 0 -0.9238725304316144 -0.38270033644339235
vn -1 0 0
vn 0 -0.3826803373711338 0.9238808144936853
vn 0 0.3826863729185271 -0.9238783144886896
vn 0 0.9238805025560709 0.3826810904614205
vn 1 0 0
vn 0 -0.9238774900852139 -0.3826883631805982
vn -1 0 0
vn 0 -0.3826513669710108 0.9238928137804823
vn 0 0.382689994254802 -0.9238768144602718
vn 0 0.6560475877713162 0.754719525770625
vn 1 0 0
vn 0 -0.6560646233561619 -0.7547047170784992
vn -1 0 0
vn 0 -0.7547126392752186 0.656055509936647
vn 0 0.7547116036929474 -0.6560567012470946
vn 0 0.9238890989887147 0.38266033602899197
vn 1 0 0
vn 0 -0.9238725304316144 -0.38270033644339235
vn -1 0 0
vn 0 -0.3826803373711338 0.9238808144936853
vn 0 0.3826863729185271 -0.9238783144886896
vn 0 0.923860812970825 0.3827286222075462
vn 1 0 0
vn 0 -0.9239008126271576 -0.38263205358003904
vn -1 0 0
vn 0 -0.38266033602901034 0.9238890989887072
vn 0 0.38270033644339996 -0.9238725304316113
vn 0 0 -1
vn 1 0 0
vn 0 0 1
vn -1 0 0
vn 0 1 0
vn 0 -1 0
vn -0.38268723514091685 0 -0.9238779573407955
vn 0.9238796310276794 -0.0000021113555560307405 -0.38268319451956767
vn 0.38268319452042043 0 0.9238796310297388
vn -0.9238836715774036 0 0.38267343962268424
vn 0 1 0
vn 0 -1 0
vn -0.38268319452042043 0 -0.9238796310297387
vn 0.9238779573407957 0 -0.3826872351409166
vn 0.38268319452042043 0 0.9238796310297387
vn -0.9238779573407957 0 0.3826872351409166
vn 0 1 0
vn 0 -1 0
vn 0.38268319452042043 0 -0.9238796310297387
vn 0.9238779573407957 0 0.3826872351409166
vn -0.38268319452042043 0 0.9238796310297387
vn -0.9238779573407957 0 -0.3826872351409166
vn 0 1 0
vn 0 -1 0
vn 0.3826872351359453 -0.000005097257695753707 -0.9238779573287933
vn 0.9238836715774036 0 0.38267343962268424
vn -0.38268319452042043 0 0.9238796310297388
vn -0.9238796310297387 0 -0.38268319452042066
vn 0 1 0
vn 0 -1 0
vn 0 0 -1
vn 1 0 0
vn 0 0 1
vn -1 0 0
vn 0 1 0
vn 0 -1 0
vn 0 0 -1
vn 1 0 0
vn 0 0 1
vn -1 0 0
vn 0 1 0
vn 0 -1 0
vn 0 0 0
vn 0 0 0
vn 0 0 0
vn 0 0 0
vn 0.00000996636353307185 0.9238869231604815 0.3826655891424394
vn -0.00000808090600104744 -0.9238872220572303 -0.38266486754609835
vn 0 0 0
vn 0 0 0
vn 0 0 0
vn 0 0 0
vn -5.939533805825949e-7 0.9238782643491201 0.3826864939645831
vn -0.000001291681845550618 -0.9238785632431812 -0.3826857723747342
vn 0 0 0
vn 0 0 0
vn 0 0 0
vn 0 0 0
vn 0.593843466174282 0.6135821234254161 0.5204487635635923
vn -0.593843466174282 -0.6135821234254161 -0.5204487635635923
vn 0 0 0
vn 0 0 0
vn 0 0 0
vn 0 0 0
vn -0.5938559092685082 0.6135976571758188 0.5204162508369811
vn 0.5938559092685082 -0.6135976571758188 -0.5204162508369814
vn 0 0 0
vn 0 0 0
vn 0 0 0
vn 0 0 0
vn 0.606139719532909 0.7933193867084376 0.056912134708823156
vn -0.6061441802063826 -0.79331621618325 -0.05690882130762641
vn 0 0 -1
vn 0.9743701862189922 -0.22495052835582915 0
vn 0 0 1
vn -0.9743701862189922 0.2249505283558296 0
vn 0.224952985895258 0.9743696188494425 0
vn -0.22495298589529172 -0.9743696188494347 0
vn 0 0 -1
vn 0.9743701862189922 0.2249505283558296 0
vn 0 0 1
vn -0.9743701862189922 -0.22495052835582915 0
vn -0.224952985895258 0.9743696188494425 0
vn 0.22495298589529172 -0.9743696188494347 0
vn 0 0 -1
vn 0.9743701862189922 0.2249505283558296 0
vn 0 0 1
vn -0.9743701862189922 -0.22495052835582915 0
vn -0.224952985895258 0.9743696188494425 0
vn 0.22495298589529172 -0.9743696188494347 0
usemtl m_d7f7d383-4133-4077-3fc8-7f997ff8f626
f 3/1/1 4/2/1 5/3/1
f 5/4/2 6/5/2 7/6/2
f 7/7/3 8/8/3 9/9/3
f 3/10/4 8/11/4 10/12/4
f 8/13/5 4/14/5 10/15/5
f 5/16/6 9/17/6 3/18/6
f 11/19/7 12/20/7 13/21/7
f 14/22/8 13/23/8 15/24/8
f 16/25/9 15/26/9 17/27/9
f 18/28/10 17/29/10 12/30/10
f 15/31/11 12/32/11 17/33/11
f 18/34/12 14/35/12 16/36/12
f 19/37/13 20/38/13 21/39/13
f 21/40/14 22/41/14 23/42/14
f 23/43/15 24/44/15 25/45/15
f 25/46/16 26/47/16 19/48/16
f 22/49/17 26/50/17 24/51/17
f 21/52/18 25/53/18 19/54/18
f 27/55/19 28/56/19 29/57/19
f 27/58/20 30/59/20 31/60/20
f 31/61/21 32/62/21 33/63/21
f 34/64/22 32/65/22 28/66/22
f 30/67/23 28/68/23 32/69/23
f 34/70/24 31/71/24 33/72/24
f 35/73/25 36/74/25 37/75/25
f 35/76/26 38/77/26 39/78/26
f 40/79/27 38/80/27 41/81/27
f 42/82/28 41/83/28 36/84/28
f 38/85/29 36/86/29 41/87/29
f 35/88/30 40/89/30 42/90/30
f 43/91/31 44/92/31 45/93/31
f 43/94/32 46/95/32 47/96/32
f 47/97/33 48/98/33 49/99/33
f 50/100/34 48/101/34 44/102/34
f 46/103/35 44/104/35 48/105/35
f 50/106/36 47/107/36 49/108/36
f 51/109/37 52/110/37 53/111/37
f 53/112/38 54/113/38 55/114/38
f 55/115/39 56/116/39 57/117/39
f 57/118/40 58/119/40 51/120/40
f 54/121/41 58/122/41 56/123/41
f 53/124/42 57/125/42 51/126/42
f 59/127/43 60/128/43 61/129/43
f 59/130/44 62/131/44 63/132/44
f 64/133/45 62/134/45 65/135/45
f 64/136/46 60/137/46 66/138/46
f 62/139/47 60/140/47 65/141/47
f 59/142/48 64/143/48 66/144/48
f 67/145/49 68/146/49 69/147/49
f 69/148/50 70/149/50 71/150/50
f 72/151/51 70/152/51 73/153/51
f 67/154/52 73/155/52 74/156/52
f 73/157/53 68/158/53 74/159/53
f 69/160/54 72/161/54 67/162/54
f 75/163/55 76/164/55 77/165/55
f 77/166/56 78/167/56 79/168/56
f 80/169/57 78/170/57 81/171/57
f 80/172/58 82/173/58 75/174/58
f 78/175/59 82/176/59 81/177/59
f 77/178/60 80/179/60 75/180/60
f 83/181/61 84/182/61 85/183/61
f 83/184/62 86/185/62 87/186/62
f 88/187/63 86/188/63 89/189/63
f 90/190/64 89/191/64 84/192/64
f 86/193/65 84/194/65 89/195/65
f 90/196/66 87/197/66 88/198/66
f 91/199/67 92/200/67 93/201/67
f 91/202/68 94/203/68 95/204/68
f 95/205/69 96/206/69 97/207/69
f 97/208/70 92/209/70 98/210/70
f 94/211/71 92/212/71 96/213/71
f 91/214/72 97/215/72 98/216/72
f 99/217/73 100/218/73 101/219/73
f 102/220/74 101/221/74 103/222/74
f 102/223/75 104/224/75 105/225/75
f 106/226/76 104/227/76 100/228/76
f 104/229/77 101/230/77 100/231/77
f 99/232/78 105/233/78 106/234/78
f 107/235/79 108/236/79 109/237/79
f 109/238/80 110/239/80 111/240/80
f 1/241/81 110/242/81 112/243/81
f 1/244/82 113/245/82 107/246/82
f 110/247/83 113/248/83 112/249/83
f 109/250/84 1/251/84 107/252/84
f 114/253/85 115/254/85 116/255/85
f 116/256/86 117/257/86 118/258/86
f 119/259/87 117/260/87 120/261/87
f 114/262/88 120/263/88 121/264/88
f 120/265/89 115/266/89 121/267/89
f 116/268/90 119/269/90 114/270/90
f 122/271/91 123/272/91 124/273/91
f 124/274/92 125/275/92 126/276/92
f 126/277/93 127/278/93 128/279/93
f 122/280/94 127/281/94 129/282/94
f 127/283/95 123/284/95 129/285/95
f 124/286/96 128/287/96 122/288/96
f 130/289/97 131/290/97 132/291/97
f 130/292/98 133/293/98 134/294/98
f 135/295/99 133/296/99 136/297/99
f 135/298/100 131/299/100 137/300/100
f 136/301/101 132/302/101 131/303/101
f 130/304/102 135/305/102 137/306/102
f 138/307/103 139/308/103 140/309/103
f 138/310/104 141/311/104 142/312/104
f 143/313/105 141/314/105 144/315/105
f 143/316/106 139/317/106 145/318/106
f 141/319/107 139/320/107 144/321/107
f 145/322/108 142/323/108 143/324/108
f 146/325/109 147/326/109 148/327/109
f 148/328/110 149/329/110 150/330/110
f 151/331/111 149/332/111 152/333/111
f 151/334/112 153/335/112 146/336/112
f 152/337/113 147/338/113 153/339/113
f 148/340/114 151/341/114 146/342/114
f 154/343/115 155/344/115 156/345/115
f 157/346/116 155/347/116 158/348/116
f 157/349/117 159/350/117 160/351/117
f 154/352/118 159/353/118 161/354/118
f 158/355/119 161/356/119 159/357/119
f 156/358/120 160/359/120 154/360/120
f 162/361/121 163/362/121 164/363/121
f 165/364/122 163/365/122 166/366/122
f 167/367/123 166/368/123 168/369/123
f 167/370/124 169/371/124 162/372/124
f 166/373/125 169/374/125 168/375/125
f 162/376/126 165/377/126 167/378/126
f 170/379/127 171/380/127 172/381/127
f 170/382/128 173/383/128 174/384/128
f 174/385/129 175/386/129 176/387/129
f 176/388/130 171/389/130 177/390/130
f 175/391/131 172/392/131 171/393/131
f 177/394/132 174/395/132 176/396/132
f 178/397/133 179/398/133 180/399/133
f 178/400/134 181/401/134 182/402/134
f 182/403/135 183/404/135 184/405/135
f 184/406/136 179/407/136 185/408/136
f 181/409/137 179/410/137 183/411/137
f 178/412/138 184/413/138 185/414/138
f 186/415/139 187/416/139 188/417/139
f 188/418/140 189/419/140 190/420/140
f 190/421/141 191/422/141 192/423/141
f 186/424/142 191/425/142 193/426/142
f 191/427/143 187/428/143 193/429/143
f 186/430/144 190/431/144 192/432/144
f 194/433/145 195/434/145 196/435/145
f 196/436/146 197/437/146 198/438/146
f 199/439/147 197/440/147 200/441/147
f 194/442/148 200/443/148 201/444/148
f 200/445/149 195/446/149 201/447/149
f 196/448/150 199/449/150 194/450/150
f 202/451/151 203/452/151 204/453/151
f 202/454/152 205/455/152 206/456/152
f 206/457/153 207/458/153 208/459/153
f 209/460/154 207/461/154 203/462/154
f 205/463/155 203/464/155 207/465/155
f 209/466/156 206/467/156 208/468/156
f 210/469/157 211/470/157 212/471/157
f 212/472/158 213/473/158 214/474/158
f 214/475/159 215/476/159 216/477/159
f 216/478/160 217/479/160 210/480/160
f 213/481/161 217/482/161 215/483/161
f 212/484/162 216/485/162 210/486/162
f 218/487/163 219/488/163 220/489/163
f 218/490/164 221/491/164 222/492/164
f 222/493/165 223/494/165 224/495/165
f 224/496/166 219/497/166 225/498/166
f 223/499/167 220/500/167 219/501/167
f 218/502/168 224/503/168 225/504/168
f 226/505/169 227/506/169 228/507/169
f 228/508/170 229/509/170 230/510/170
f 230/511/171 231/512/171 232/513/171
f 232/514/172 233/515/172 226/516/172
f 231/517/173 227/518/173 233/519/173
f 228/520/174 232/521/174 226/522/174
f 234/523/175 235/524/175 236/525/175
f 234/526/176 237/527/176 238/528/176
f 238/529/177 239/530/177 240/531/177
f 240/532/178 235/533/178 241/534/178
f 237/535/179 235/536/179 239/537/179
f 234/538/180 240/539/180 241/540/180
f 242/541/181 243/542/181 244/543/181
f 244/544/182 245/545/182 246/546/182
f 247/547/183 245/548/183 248/549/183
f 247/550/184 249/551/184 242/552/184
f 245/553/185 249/554/185 248/555/185
f 244/556/186 247/557/186 242/558/186
f 250/559/187 251/560/187 252/561/187
f 253/562/188 251/563/188 254/564/188
f 255/565/189 254/566/189 256/567/189
f 250/568/190 256/569/190 257/570/190
f 254/571/191 257/572/191 256/573/191
f 250/574/192 253/575/192 255/576/192
f 258/577/193 259/578/193 260/579/193
f 260/580/194 261/581/194 262/582/194
f 263/583/195 261/584/195 264/585/195
f 263/586/196 265/587/196 258/588/196
f 264/589/197 259/590/197 265/591/197
f 260/592/198 263/593/198 258/594/198
f 266/595/199 267/596/199 268/597/199
f 266/598/200 269/599/200 270/600/200
f 270/601/201 271/602/201 272/603/201
f 272/604/202 267/605/202 273/606/202
f 269/607/203 267/608/203 271/609/203
f 266/610/204 272/611/204 273/612/204
f 274/613/205 275/614/205 276/615/205
f 277/616/206 276/617/206 278/618/206
f 277/619/207 279/620/207 280/621/207
f 281/622/208 279/623/208 275/624/208
f 278/625/209 275/626/209 279/627/209
f 274/628/210 280/629/210 281/630/210
f 282/631/211 283/632/211 284/633/211
f 282/634/212 285/635/212 286/636/212
f 286/637/213 287/638/213 288/639/213
f 288/640/214 283/641/214 289/642/214
f 287/643/215 284/644/215 283/645/215
f 282/646/216 288/647/216 289/648/216
f 290/649/217 291/650/217 292/651/217
f 292/652/218 293/653/218 294/654/218
f 295/655/219 293/656/219 296/657/219
f 290/658/220 296/659/220 297/660/220
f 293/661/221 297/662/221 296/663/221
f 292/664/222 295/665/222 290/666/222
f 298/667/223 299/668/223 300/669/223
f 300/670/224 301/671/224 302/672/224
f 302/673/225 303/674/225 304/675/225
f 304/676/226 305/677/226 298/678/226
f 301/679/227 305/680/227 303/681/227
f 298/682/228 302/683/228 304/684/228
f 306/685/229 307/686/229 308/687/229
f 308/688/230 309/689/230 310/690/230
f 310/691/231 311/692/231 312/693/231
f 312/694/232 313/695/232 306/696/232
f 311/697/233 307/698/233 313/699/233
f 308/700/234 312/701/234 306/702/234
f 314/703/235 315/704/235 316/705/235
f 314/706/236 317/707/236 318/708/236
f 318/709/237 319/710/237 320/711/237
f 320/712/238 315/713/238 321/714/238
f 317/715/239 315/716/239 319/717/239
f 314/718/240 320/719/240 321/720/240
f 322/721/241 323/722/241 324/723/241
f 325/724/242 323/725/242 326/726/242
f 325/727/243 327/728/243 328/729/243
f 328/730/244 329/731/244 322/732/244
f 326/733/245 329/734/245 327/735/245
f 324/736/246 328/737/246 322/738/246
f 330/739/247 331/740/247 332/741/247
f 330/742/248 333/743/248 334/744/248
f 334/745/249 335/746/249 336/747/249
f 336/748/250 331/749/250 337/750/250
f 335/751/251 332/752/251 331/753/251
f 330/754/252 336/755/252 337/756/252
f 338/757/253 339/758/253 340/759/253
f 340/760/254 341/761/254 342/762/254
f 343/763/255 341/764/255 344/765/255
f 343/766/256 345/767/256 338/768/256
f 341/769/257 345/770/257 344/771/257
f 340/772/258 343/773/258 338/774/258
f 346/775/259 347/776/259 348/777/259
f 349/778/260 348/779/260 350/780/260
f 349/781/261 351/782/261 352/783/261
f 353/784/262 351/785/262 347/786/262
f 351/787/263 348/788/263 347/789/263
f 346/790/264 352/791/264 353/792/264
f 354/793/265 355/794/265 356/795/265
f 354/796/266 357/797/266 358/798/266
f 358/799/267 359/800/267 360/801/267
f 360/802/268 355/803/268 361/804/268
f 357/805/269 355/806/269 359/807/269
f 354/808/270 360/809/270 361/810/270
f 362/811/271 363/812/271 364/813/271
f 364/814/272 365/815/272 366/816/272
f 367/817/273 365/818/273 368/819/273
f 367/820/274 369/821/274 362/822/274
f 368/823/275 363/824/275 369/825/275
f 362/826/276 366/827/276 367/828/276
f 370/829/277 371/830/277 372/831/277
f 373/832/278 372/833/278 374/834/278
f 373/835/279 375/836/279 376/837/279
f 376/838/280 371/839/280 377/840/280
f 374/841/281 371/842/281 375/843/281
f 377/844/282 373/845/282 376/846/282
f 378/847/283 379/848/283 380/849/283
f 381/850/284 379/851/284 382/852/284
f 383/853/285 382/854/285 384/855/285
f 383/856/286 385/857/286 378/858/286
f 384/859/287 379/860/287 385/861/287
f 380/862/288 383/863/288 378/864/288
f 386/865/289 387/866/289 388/867/289
f 388/868/290 389/869/290 390/870/290
f 391/871/291 389/872/291 392/873/291
f 391/874/292 393/875/292 386/876/292
f 392/877/293 387/878/293 393/879/293
f 388/880/294 391/881/294 386/882/294
f 394/883/295 395/884/295 396/885/295
f 397/886/296 395/887/296 398/888/296
f 399/889/297 398/890/297 400/891/297
f 399/892/298 401/893/298 394/894/298
f 400/895/299 395/896/299 401/897/299
f 394/898/300 397/899/300 399/900/300
f 402/901/301 403/902/301 404/903/301
f 404/904/302 405/905/302 406/906/302
f 406/907/303 407/908/303 408/909/303
f 408/910/304 409/911/304 402/912/304
f 405/913/305 409/914/305 407/915/305
f 404/916/306 408/917/306 402/918/306
f 410/919/307 411/920/307 412/921/307
f 410/922/308 413/923/308 414/924/308
f 414/925/309 415/926/309 416/927/309
f 416/928/310 411/929/310 417/930/310
f 413/931/311 411/932/311 415/933/311
f 417/934/312 414/935/312 416/936/312
f 418/937/313 419/938/313 420/939/313
f 418/940/314 421/941/314 422/942/314
f 422/943/315 423/944/315 424/945/315
f 425/946/316 423/947/316 419/948/316
f 423/949/317 420/950/317 419/951/317
f 418/952/318 424/953/318 425/954/318
f 426/955/319 427/956/319 428/957/319
f 428/958/320 429/959/320 430/960/320
f 431/961/321 429/962/321 432/963/321
f 426/964/322 432/965/322 433/966/322
f 429/967/323 433/968/323 432/969/323
f 426/970/324 430/971/324 431/972/324
f 434/973/325 435/974/325 436/975/325
f 436/976/326 437/977/326 438/978/326
f 439/979/327 437/980/327 440/981/327
f 439/982/328 441/983/328 434/984/328
f 437/985/329 441/986/329 440/987/329
f 434/988/330 438/989/330 439/990/330
f 442/991/331 443/992/331 444/993/331
f 444/994/332 445/995/332 446/996/332
f 446/997/333 447/998/333 448/999/333
f 448/1000/334 449/1001/334 442/1002/334
f 445/1003/335 449/1004/335 447/1005/335
f 444/1006/336 448/1007/336 442/1008/336
f 450/1009/337 451/1010/337 452/1011/337
f 450/1012/338 453/1013/338 454/1014/338
f 454/1015/339 455/1016/339 456/1017/339
f 457/1018/340 455/1019/340 451/1020/340
f 455/1021/341 452/1022/341 451/1023/341
f 457/1024/342 454/1025/342 456/1026/342
f 458/1027/343 459/1028/343 460/1029/343
f 458/1030/344 461/1031/344 462/1032/344
f 462/1033/345 463/1034/345 464/1035/345
f 464/1036/346 459/1037/346 465/1038/346
f 463/1039/347 460/1040/347 459/1041/347
f 458/1042/348 464/1043/348 465/1044/348
f 466/1045/349 467/1046/349 468/1047/349
f 469/1048/350 467/1049/350 470/1050/350
f 469/1051/351 471/1052/351 472/1053/351
f 466/1054/352 471/1055/352 473/1056/352
f 470/1057/353 473/1058/353 471/1059/353
f 468/1060/354 472/1061/354 466/1062/354
f 474/1063/355 475/1064/355 476/1065/355
f 476/1066/356 477/1067/356 478/1068/356
f 479/1069/357 477/1070/357 480/1071/357
f 479/1072/358 481/1073/358 474/1074/358
f 480/1075/359 475/1076/359 481/1077/359
f 476/1078/360 479/1079/360 474/1080/360
f 482/1081/361 483/1082/361 484/1083/361
f 484/1084/362 485/1085/362 486/1086/362
f 487/1087/363 485/1088/363 488/1089/363
f 482/1090/364 488/1091/364 489/1092/364
f 488/1093/365 483/1094/365 489/1095/365
f 482/1096/366 486/1097/366 487/1098/366
f 490/1099/367 491/1100/367 492/1101/367
f 492/1102/368 493/1103/368 494/1104/368
f 494/1105/369 495/1106/369 496/1107/369
f 490/1108/370 495/1109/370 497/1110/370
f 493/1111/371 497/1112/371 495/1113/371
f 492/1114/372 496/1115/372 490/1116/372
f 498/1117/373 499/1118/373 500/1119/373
f 498/1120/374 501/1121/374 502/1122/374
f 502/1123/375 503/1124/375 504/1125/375
f 505/1126/376 503/1127/376 499/1128/376
f 503/1129/377 500/1130/377 499/1131/377
f 505/1132/378 502/1133/378 504/1134/378
f 506/1135/379 507/1136/379 508/1137/379
f 506/1138/380 509/1139/380 510/1140/380
f 511/1141/381 509/1142/381 512/1143/381
f 511/1144/382 507/1145/382 513/1146/382
f 512/1147/383 508/1148/383 507/1149/383
f 506/1150/384 511/1151/384 513/1152/384
f 514/1153/385 515/1154/385 516/1155/385
f 516/1156/386 517/1157/386 518/1158/386
f 519/1159/387 517/1160/387 520/1161/387
f 519/1162/388 521/1163/388 514/1164/388
f 517/1165/389 521/1166/389 520/1167/389
f 516/1168/390 519/1169/390 514/1170/390
f 522/1171/391 523/1172/391 524/1173/391
f 522/1174/392 525/1175/392 526/1176/392
f 527/1177/393 525/1178/393 528/1179/393
f 529/1180/394 528/1181/394 523/1182/394
f 525/1183/395 523/1184/395 528/1185/395
f 522/1186/396 527/1187/396 529/1188/396
f 530/1189/397 531/1190/397 532/1191/397
f 533/1192/398 531/1193/398 534/1194/398
f 533/1195/399 535/1196/399 536/1197/399
f 530/1198/400 535/1199/400 537/1200/400
f 534/1201/401 537/1202/401 535/1203/401
f 532/1204/402 536/1205/402 530/1206/402
f 538/1207/403 539/1208/403 540/1209/403
f 541/1210/404 539/1211/404 542/1212/404
f 541/1213/405 543/1214/405 544/1215/405
f 538/1216/406 543/1217/406 545/1218/406
f 543/1219/407 539/1220/407 545/1221/407
f 540/1222/408 544/1223/408 538/1224/408
f 546/1225/409 547/1226/409 548/1227/409
f 546/1228/410 549/1229/410 550/1230/410
f 550/1231/411 551/1232/411 552/1233/411
f 553/1234/412 551/1235/412 547/1236/412
f 551/1237/413 548/1238/413 547/1239/413
f 553/1240/414 550/1241/414 552/1242/414
f 554/1243/415 555/1244/415 556/1245/415
f 554/1246/416 557/1247/416 558/1248/416
f 558/1249/417 559/1250/417 560/1251/417
f 560/1252/418 555/1253/418 561/1254/418
f 557/1255/419 555/1256/419 559/1257/419
f 554/1258/420 560/1259/420 561/1260/420
f 562/1261/421 563/1262/421 564/1263/421
f 564/1264/422 565/1265/422 566/1266/422
f 567/1267/423 565/1268/423 568/1269/423
f 567/1270/424 569/1271/424 562/1272/424
f 565/1273/425 569/1274/425 568/1275/425
f 564/1276/426 567/1277/426 562/1278/426
f 570/1279/427 571/1280/427 572/1281/427
f 572/1282/428 573/1283/428 574/1284/428
f 575/1285/429 573/1286/429 576/1287/429
f 575/1288/430 577/1289/430 570/1290/430
f 573/1291/431 577/1292/431 576/1293/431
f 572/1294/432 575/1295/432 570/1296/432
f 578/1297/433 579/1298/433 580/1299/433
f 580/1300/434 581/1301/434 582/1302/434
f 583/1303/435 581/1304/435 584/1305/435
f 583/1306/436 585/1307/436 578/1308/436
f 581/1309/437 585/1310/437 584/1311/437
f 580/1312/438 583/1313/438 578/1314/438
f 586/1315/439 587/1316/439 588/1317/439
f 586/1318/440 589/1319/440 590/1320/440
f 590/1321/441 591/1322/441 592/1323/441
f 592/1324/442 587/1325/442 593/1326/442
f 589/1327/443 587/1328/443 591/1329/443
f 586/1330/444 592/1331/444 593/1332/444
f 594/1333/445 595/1334/445 596/1335/445
f 594/1336/446 597/1337/446 598/1338/446
f 598/1339/447 599/1340/447 600/1341/447
f 600/1342/448 595/1343/448 601/1344/448
f 597/1345/449 595/1346/449 599/1347/449
f 594/1348/450 600/1349/450 601/1350/450
f 602/1351/451 603/1352/451 604/1353/451
f 604/1354/452 605/1355/452 606/1356/452
f 606/1357/453 607/1358/453 608/1359/453
f 608/1360/454 609/1361/454 602/1362/454
f 605/1363/455 609/1364/455 607/1365/455
f 604/1366/456 608/1367/456 602/1368/456
f 610/1369/457 611/1370/457 612/1371/457
f 612/1372/458 613/1373/458 614/1374/458
f 614/1375/459 615/1376/459 616/1377/459
f 616/1378/460 617/1379/460 610/1380/460
f 613/1381/461 617/1382/461 615/1383/461
f 612/1384/462 616/1385/462 610/1386/462
f 618/1387/463 619/1388/463 620/1389/463
f 621/1390/464 620/1391/464 622/1392/464
f 621/1393/465 623/1394/465 624/1395/465
f 624/1396/466 619/1397/466 625/1398/466
f 622/1399/467 619/1400/467 623/1401/467
f 618/1402/468 624/1403/468 625/1404/468
f 626/1405/469 627/1406/469 628/1407/469
f 628/1408/470 629/1409/470 630/1410/470
f 631/1411/471 629/1412/471 632/1413/471
f 626/1414/472 632/1415/472 633/1416/472
f 629/1417/473 633/1418/473 632/1419/473
f 628/1420/474 631/1421/474 626/1422/474
f 634/1423/475 635/1424/475 636/1425/475
f 636/1426/476 637/1427/476 638/1428/476
f 639/1429/477 637/1430/477 640/1431/477
f 639/1432/478 641/1433/478 634/1434/478
f 640/1435/479 635/1436/479 641/1437/479
f 636/1438/480 639/1439/480 634/1440/480
f 642/1441/481 643/1442/481 644/1443/481
f 644/1444/482 645/1445/482 646/1446/482
f 646/1447/483 647/1448/483 648/1449/483
f 648/1450/484 649/1451/484 642/1452/484
f 645/1453/485 649/1454/485 647/1455/485
f 644/1456/486 648/1457/486 642/1458/486
f 650/1459/487 651/1460/487 652/1461/487
f 653/1462/488 652/1463/488 654/1464/488
f 655/1465/489 654/1466/489 656/1467/489
f 655/1468/490 651/1469/490 657/1470/490
f 654/1471/491 651/1472/491 656/1473/491
f 650/1474/492 655/1475/492 657/1476/492
f 658/1477/493 659/1478/493 660/1479/493
f 660/1480/494 661/1481/494 662/1482/494
f 662/1483/495 663/1484/495 664/1485/495
f 664/1486/496 665/1487/496 658/1488/496
f 661/1489/497 665/1490/497 663/1491/497
f 660/1492/498 664/1493/498 658/1494/498
f 666/1495/499 667/1496/499 668/1497/499
f 668/1498/500 669/1499/500 670/1500/500
f 670/1501/501 671/1502/501 672/1503/501
f 672/1504/502 673/1505/502 666/1506/502
f 669/1507/503 673/1508/503 671/1509/503
f 668/1510/504 672/1511/504 666/1512/504
f 674/1513/505 675/1514/505 676/1515/505
f 676/1516/506 677/1517/506 678/1518/506
f 678/1519/507 679/1520/507 680/1521/507
f 680/1522/508 681/1523/508 674/1524/508
f 677/1525/509 681/1526/509 679/1527/509
f 676/1528/510 680/1529/510 674/1530/510
f 682/1531/511 683/1532/511 684/1533/511
f 682/1534/512 685/1535/512 686/1536/512
f 686/1537/513 687/1538/513 688/1539/513
f 688/1540/514 683/1541/514 689/1542/514
f 687/1543/515 684/1544/515 683/1545/515
f 682/1546/516 688/1547/516 689/1548/516
f 690/1549/517 691/1550/517 692/1551/517
f 693/1552/518 691/1553/518 694/1554/518
f 695/1555/519 694/1556/519 696/1557/519
f 690/1558/520 696/1559/520 697/1560/520
f 696/1561/521 691/1562/521 697/1563/521
f 692/1564/522 695/1565/522 690/1566/522
f 698/1567/523 699/1568/523 700/1569/523
f 701/1570/524 699/1571/524 702/1572/524
f 701/1573/525 703/1574/525 704/1575/525
f 704/1576/526 705/1577/526 698/1578/526
f 702/1579/527 705/1580/527 703/1581/527
f 700/1582/528 704/1583/528 698/1584/528
f 706/1585/529 707/1586/529 708/1587/529
f 709/1588/530 707/1589/530 710/1590/530
f 709/1591/531 711/1592/531 712/1593/531
f 712/1594/532 713/1595/532 706/1596/532
f 710/1597/533 713/1598/533 711/1599/533
f 708/1600/534 712/1601/534 706/1602/534
f 714/1603/535 715/1604/535 716/1605/535
f 717/1606/536 715/1607/536 718/1608/536
f 717/1609/537 719/1610/537 720/1611/537
f 720/1612/538 721/1613/538 714/1614/538
f 718/1615/539 721/1616/539 719/1617/539
f 716/1618/540 720/1619/540 714/1620/540
f 722/1621/541 723/1622/541 724/1623/541
f 725/1624/542 723/1625/542 726/1626/542
f 725/1627/543 727/1628/543 728/1629/543
f 728/1630/544 729/1631/544 722/1632/544
f 726/1633/545 729/1634/545 727/1635/545
f 724/1636/546 728/1637/546 722/1638/546
f 730/1639/547 731/1640/547 732/1641/547
f 732/1642/548 733/1643/548 734/1644/548
f 735/1645/549 733/1646/549 736/1647/549
f 735/1648/550 737/1649/550 730/1650/550
f 736/1651/551 731/1652/551 737/1653/551
f 732/1654/552 735/1655/552 730/1656/552
f 738/1657/553 739/1658/553 740/1659/553
f 741/1660/554 740/1661/554 742/1662/554
f 743/1663/555 742/1664/555 744/1665/555
f 743/1666/556 739/1667/556 745/1668/556
f 742/1669/557 739/1670/557 744/1671/557
f 738/1672/558 743/1673/558 745/1674/558
f 746/1675/559 747/1676/559 748/1677/559
f 748/1678/560 749/1679/560 750/1680/560
f 750/1681/561 751/1682/561 752/1683/561
f 752/1684/562 753/1685/562 746/1686/562
f 751/1687/563 747/1688/563 753/1689/563
f 746/1690/564 750/1691/564 752/1692/564
f 754/1693/565 755/1694/565 756/1695/565
f 754/1696/566 757/1697/566 758/1698/566
f 758/1699/567 759/1700/567 760/1701/567
f 760/1702/568 755/1703/568 761/1704/568
f 757/1705/569 755/1706/569 759/1707/569
f 754/1708/570 760/1709/570 761/1710/570
f 762/1711/571 763/1712/571 764/1713/571
f 762/1714/572 765/1715/572 766/1716/572
f 766/1717/573 767/1718/573 768/1719/573
f 768/1720/574 763/1721/574 769/1722/574
f 765/1723/575 763/1724/575 767/1725/575
f 762/1726/576 768/1727/576 769/1728/576
f 770/1729/577 771/1730/577 772/1731/577
f 772/1732/578 773/1733/578 774/1734/578
f 775/1735/579 773/1736/579 776/1737/579
f 775/1738/580 777/1739/580 770/1740/580
f 773/1741/581 777/1742/581 776/1743/581
f 772/1744/582 775/1745/582 770/1746/582
f 778/1747/583 779/1748/583 780/1749/583
f 780/1750/584 781/1751/584 782/1752/584
f 783/1753/585 781/1754/585 784/1755/585
f 783/1756/586 785/1757/586 778/1758/586
f 781/1759/587 785/1760/587 784/1761/587
f 780/1762/588 783/1763/588 778/1764/588
f 786/1765/589 787/1766/589 788/1767/589
f 788/1768/590 789/1769/590 790/1770/590
f 790/1771/591 791/1772/591 792/1773/591
f 792/1774/592 793/1775/592 786/1776/592
f 789/1777/593 793/1778/593 791/1779/593
f 788/1780/594 792/1781/594 786/1782/594
f 794/1783/595 795/1784/595 796/1785/595
f 796/1786/596 797/1787/596 798/1788/596
f 799/1789/597 797/1790/597 800/1791/597
f 799/1792/598 801/1793/598 794/1794/598
f 797/1795/599 801/1796/599 800/1797/599
f 796/1798/600 799/1799/600 794/1800/600
f 802/1801/601 803/1802/601 804/1803/601
f 804/1804/602 805/1805/602 806/1806/602
f 807/1807/603 805/1808/603 808/1809/603
f 807/1810/604 809/1811/604 802/1812/604
f 805/1813/605 809/1814/605 808/1815/605
f 804/1816/606 807/1817/606 802/1818/606
f 810/1819/607 811/1820/607 812/1821/607
f 812/1822/608 813/1823/608 814/1824/608
f 815/1825/609 813/1826/609 816/1827/609
f 815/1828/610 817/1829/610 810/1830/610
f 813/1831/611 817/1832/611 816/1833/611
f 812/1834/612 815/1835/612 810/1836/612
f 818/1837/613 819/1838/613 820/1839/613
f 818/1840/614 821/1841/614 822/1842/614
f 822/1843/615 823/1844/615 824/1845/615
f 824/1846/616 819/1847/616 825/1848/616
f 821/1849/617 819/1850/617 823/1851/617
f 818/1852/618 824/1853/618 825/1854/618
f 826/1855/619 827/1856/619 828/1857/619
f 826/1858/620 829/1859/620 830/1860/620
f 830/1861/621 831/1862/621 832/1863/621
f 832/1864/622 827/1865/622 833/1866/622
f 829/1867/623 827/1868/623 831/1869/623
f 826/1870/624 832/1871/624 833/1872/624
f 834/1873/625 835/1874/625 836/1875/625
f 834/1876/626 837/1877/626 838/1878/626
f 838/1879/627 839/1880/627 840/1881/627
f 840/1882/628 835/1883/628 841/1884/628
f 837/1885/629 835/1886/629 839/1887/629
f 834/1888/630 840/1889/630 841/1890/630
f 842/1891/631 843/1892/631 844/1893/631
f 844/1894/632 845/1895/632 846/1896/632
f 846/1897/633 847/1898/633 848/1899/633
f 848/1900/634 849/1901/634 842/1902/634
f 845/1903/635 849/1904/635 847/1905/635
f 844/1906/636 848/1907/636 842/1908/636
f 850/1909/637 851/1910/637 852/1911/637
f 852/1912/638 853/1913/638 854/1914/638
f 854/1915/639 855/1916/639 856/1917/639
f 850/1918/640 855/1919/640 857/1920/640
f 853/1921/641 857/1922/641 855/1923/641
f 852/1924/642 856/1925/642 850/1926/642
f 858/1927/643 859/1928/643 860/1929/643
f 860/1930/644 861/1931/644 862/1932/644
f 862/1933/645 863/1934/645 864/1935/645
f 858/1936/646 863/1937/646 865/1938/646
f 861/1939/647 865/1940/647 863/1941/647
f 860/1942/648 864/1943/648 858/1944/648
f 866/1945/649 867/1946/649 868/1947/649
f 869/1948/650 867/1949/650 870/1950/650
f 869/1951/651 871/1952/651 872/1953/651
f 872/1954/652 873/1955/652 866/1956/652
f 870/1957/653 873/1958/653 871/1959/653
f 868/1960/654 872/1961/654 866/1962/654
f 874/1963/655 875/1964/655 876/1965/655
f 877/1966/656 875/1967/656 878/1968/656
f 877/1969/657 879/1970/657 880/1971/657
f 880/1972/658 881/1973/658 874/1974/658
f 878/1975/659 881/1976/659 879/1977/659
f 876/1978/660 880/1979/660 874/1980/660
f 882/1981/661 883/1982/661 884/1983/661
f 884/1984/662 885/1985/662 886/1986/662
f 886/1987/663 887/1988/663 888/1989/663
f 882/1990/664 887/1991/664 889/1992/664
f 885/1993/665 889/1994/665 887/1995/665
f 884/1996/666 888/1997/666 882/1998/666
f 890/1999/667 891/2000/667 892/2001/667
f 893/2002/668 891/2003/668 894/2004/668
f 893/2005/669 895/2006/669 896/2007/669
f 890/2008/670 895/2009/670 897/2010/670
f 895/2011/671 891/2012/671 897/2013/671
f 892/2014/672 896/2015/672 890/2016/672
f 898/2017/673 899/2018/673 900/2019/673
f 900/2020/674 901/2021/674 902/2022/674
f 902/2023/675 903/2024/675 904/2025/675
f 898/2026/676 903/2027/676 905/2028/676
f 901/2029/677 905/2030/677 903/2031/677
f 900/2032/678 904/2033/678 898/2034/678
f 906/2035/679 907/2036/679 908/2037/679
f 908/2038/680 909/2039/680 910/2040/680
f 910/2041/681 911/2042/681 912/2043/681
f 912/2044/682 913/2045/682 906/2046/682
f 909/2047/683 913/2048/683 911/2049/683
f 906/2050/684 910/2051/684 912/2052/684
f 914/2053/685 915/2054/685 916/2055/685
f 916/2056/686 917/2057/686 918/2058/686
f 918/2059/687 919/2060/687 920/2061/687
f 914/2062/688 919/2063/688 921/2064/688
f 917/2065/689 921/2066/689 919/2067/689
f 916/2068/690 920/2069/690 914/2070/690
f 922/2071/691 923/2072/691 924/2073/691
f 924/2074/692 925/2075/692 926/2076/692
f 926/2077/693 927/2078/693 928/2079/693
f 928/2080/694 929/2081/694 922/2082/694
f 925/2083/695 929/2084/695 927/2085/695
f 922/2086/696 926/2087/696 928/2088/696
f 930/2089/697 931/2090/697 932/2091/697
f 932/2092/698 933/2093/698 934/2094/698
f 934/2095/699 935/2096/699 936/2097/699
f 930/2098/700 935/2099/700 937/2100/700
f 933/2101/701 937/2102/701 935/2103/701
f 932/2104/702 936/2105/702 930/2106/702
f 2/2107/703 938/2108/703 939/2109/703
f 939/2110/704 940/2111/704 941/2112/704
f 941/2113/705 942/2114/705 943/2115/705
f 943/2116/706 944/2117/706 2/2118/706
f 940/2119/707 944/2120/707 942/2121/707
f 2/2122/708 941/2123/708 943/2124/708
f 945/2125/709 946/2126/709 947/2127/709
f 947/2128/710 948/2129/710 949/2130/710
f 949/2131/711 950/2132/711 951/2133/711
f 945/2134/712 950/2135/712 952/2136/712
f 948/2137/713 952/2138/713 950/2139/713
f 947/2140/714 951/2141/714 945/2142/714
f 953/2143/715 954/2144/715 955/2145/715
f 955/2146/716 956/2147/716 957/2148/716
f 957/2149/717 958/2150/717 959/2151/717
f 959/2152/718 960/2153/718 953/2154/718
f 956/2155/719 960/2156/719 958/2157/719
f 953/2158/720 957/2159/720 959/2160/720
f 961/2161/721 962/2162/721 963/2163/721
f 963/2164/722 964/2165/722 965/2166/722
f 965/2167/723 966/2168/723 967/2169/723
f 967/2170/724 968/2171/724 961/2172/724
f 966/2173/725 962/2174/725 968/2175/725
f 963/2176/726 967/2177/726 961/2178/726
f 969/2179/727 970/2180/727 971/2181/727
f 969/2182/728 972/2183/728 973/2184/728
f 973/2185/729 974/2186/729 975/2187/729
f 976/2188/730 974/2189/730 970/2190/730
f 974/2191/731 971/2192/731 970/2193/731
f 969/2194/732 975/2195/732 976/2196/732
f 977/2197/733 978/2198/733 979/2199/733
f 980/2200/734 979/2201/734 981/2202/734
f 980/2203/735 982/2204/735 983/2205/735
f 983/2206/736 978/2207/736 984/2208/736
f 981/2209/737 978/2210/737 982/2211/737
f 984/2212/738 980/2213/738 983/2214/738
f 985/2215/739 986/2216/739 987/2217/739
f 985/2218/740 988/2219/740 989/2220/740
f 990/2221/741 988/2222/741 991/2223/741
f 992/2224/742 991/2225/742 986/2226/742
f 991/2227/743 987/2228/743 986/2229/743
f 992/2230/744 989/2231/744 990/2232/744
f 993/2233/745 994/2234/745 995/2235/745
f 996/2236/746 994/2237/746 997/2238/746
f 996/2239/747 998/2240/747 999/2241/747
f 993/2242/748 998/2243/748 1000/2244/748
f 997/2245/749 1000/2246/749 998/2247/749
f 993/2248/750 996/2249/750 999/2250/750
f 1001/2251/751 1002/2252/751 1003/2253/751
f 1003/2254/752 1004/2255/752 1005/2256/752
f 1006/2257/753 1004/2258/753 1007/2259/753
f 1006/2260/754 1008/2261/754 1001/2262/754
f 1007/2263/755 1002/2264/755 1008/2265/755
f 1003/2266/756 1006/2267/756 1001/2268/756
f 1009/2269/757 1010/2270/757 1011/2271/757
f 1011/2272/758 1012/2273/758 1013/2274/758
f 1014/2275/759 1012/2276/759 1015/2277/759
f 1009/2278/760 1015/2279/760 1016/2280/760
f 1012/2281/761 1016/2282/761 1015/2283/761
f 1009/2284/762 1013/2285/762 1014/2286/762
f 1017/2287/763 1018/2288/763 1019/2289/763
f 1017/2290/764 1020/2291/764 1021/2292/764
f 1021/2293/765 1022/2294/765 1023/2295/765
f 1024/2296/766 1022/2297/766 1018/2298/766
f 1020/2299/767 1018/2300/767 1022/2301/767
f 1017/2302/768 1023/2303/768 1024/2304/768
f 1025/2305/769 1026/2306/769 1027/2307/769
f 1027/2308/770 1028/2309/770 1029/2310/770
f 1029/2311/771 1030/2312/771 1031/2313/771
f 1025/2314/772 1030/2315/772 1032/2316/772
f 1028/2317/773 1032/2318/773 1030/2319/773
f 1027/2320/774 1031/2321/774 1025/2322/774
f 1033/2323/775 1034/2324/775 1035/2325/775
f 1036/2326/776 1034/2327/776 1037/2328/776
f 1036/2329/777 1038/2330/777 1039/2331/777
f 1033/2332/778 1038/2333/778 1040/2334/778
f 1037/2335/779 1040/2336/779 1038/2337/779
f 1035/2338/780 1039/2339/780 1033/2340/780
f 1041/2341/781 1042/2342/781 1043/2343/781
f 1043/2344/782 1044/2345/782 1045/2346/782
f 1046/2347/783 1044/2348/783 1047/2349/783
f 1046/2350/784 1048/2351/784 1041/2352/784
f 1044/2353/785 1048/2354/785 1047/2355/785
f 1043/2356/786 1046/2357/786 1041/2358/786
f 1049/2359/787 1050/2360/787 1051/2361/787
f 1052/2362/788 1050/2363/788 1053/2364/788
f 1052/2365/789 1054/2366/789 1055/2367/789
f 1055/2368/790 1056/2369/790 1049/2370/790
f 1053/2371/791 1056/2372/791 1054/2373/791
f 1051/2374/792 1055/2375/792 1049/2376/792
f 1057/2377/793 1058/2378/793 1059/2379/793
f 1060/2380/794 1058/2381/794 1061/2382/794
f 1060/2383/795 1062/2384/795 1063/2385/795
f 1063/2386/796 1064/2387/796 1057/2388/796
f 1061/2389/797 1064/2390/797 1062/2391/797
f 1059/2392/798 1063/2393/798 1057/2394/798
f 1065/2395/799 1066/2396/799 1067/2397/799
f 1068/2398/800 1066/2399/800 1069/2400/800
f 1068/2401/801 1070/2402/801 1071/2403/801
f 1065/2404/802 1070/2405/802 1072/2406/802
f 1070/2407/803 1066/2408/803 1072/2409/803
f 1065/2410/804 1068/2411/804 1071/2412/804
f 1073/2413/805 1074/2414/805 1075/2415/805
f 1075/2416/806 1076/2417/806 1077/2418/806
f 1077/2419/807 1078/2420/807 1079/2421/807
f 1079/2422/808 1080/2423/808 1073/2424/808
f 1076/2425/809 1080/2426/809 1078/2427/809
f 1075/2428/810 1079/2429/810 1073/2430/810
f 1081/2431/811 1082/2432/811 1083/2433/811
f 1083/2434/812 1084/2435/812 1085/2436/812
f 1085/2437/813 1086/2438/813 1087/2439/813
f 1081/2440/814 1086/2441/814 1088/2442/814
f 1084/2443/815 1088/2444/815 1086/2445/815
f 1083/2446/816 1087/2447/816 1081/2448/816
f 1089/2449/817 1090/2450/817 1091/2451/817
f 1091/2452/818 1092/2453/818 1093/2454/818
f 1093/2455/819 1094/2456/819 1095/2457/819
f 1089/2458/820 1094/2459/820 1096/2460/820
f 1092/2461/821 1096/2462/821 1094/2463/821
f 1091/2464/822 1095/2465/822 1089/2466/822
f 1097/2467/823 1098/2468/823 1099/2469/823
f 1099/2470/824 1100/2471/824 1101/2472/824
f 1102/2473/825 1100/2474/825 1103/2475/825
f 1102/2476/826 1104/2477/826 1097/2478/826
f 1103/2479/827 1098/2480/827 1104/2481/827
f 1097/2482/828 1101/2483/828 1102/2484/828
f 1105/2485/829 1106/2486/829 1107/2487/829
f 1108/2488/830 1106/2489/830 1109/2490/830
f 1108/2491/831 1110/2492/831 1111/2493/831
f 1111/2494/832 1112/2495/832 1105/2496/832
f 1109/2497/833 1112/2498/833 1110/2499/833
f 1107/2500/834 1111/2501/834 1105/2502/834
f 1113/2503/835 1114/2504/835 1115/2505/835
f 1116/2506/836 1114/2507/836 1117/2508/836
f 1116/2509/837 1118/2510/837 1119/2511/837
f 1119/2512/838 1120/2513/838 1113/2514/838
f 1117/2515/839 1120/2516/839 1118/2517/839
f 1115/2518/840 1119/2519/840 1113/2520/840
f 1121/2521/841 1122/2522/841 1123/2523/841
f 1124/2524/842 1123/2525/842 1125/2526/842
f 1124/2527/843 1126/2528/843 1127/2529/843
f 1128/2530/844 1126/2531/844 1122/2532/844
f 1125/2533/845 1122/2534/845 1126/2535/845
f 1121/2536/846 1127/2537/846 1128/2538/846
f 1129/2539/847 1130/2540/847 1131/2541/847
f 1131/2542/848 1132/2543/848 1133/2544/848
f 1133/2545/849 1134/2546/849 1135/2547/849
f 1129/2548/850 1134/2549/850 1136/2550/850
f 1132/2551/851 1136/2552/851 1134/2553/851
f 1131/2554/852 1135/2555/852 1129/2556/852
f 1137/2557/853 1138/2558/853 1139/2559/853
f 1140/2560/854 1138/2561/854 1141/2562/854
f 1140/2563/855 1142/2564/855 1143/2565/855
f 1143/2566/856 1144/2567/856 1137/2568/856
f 1141/2569/857 1144/2570/857 1142/2571/857
f 1139/2572/858 1143/2573/858 1137/2574/858
f 1145/2575/859 1146/2576/859 1147/2577/859
f 1147/2578/860 1148/2579/860 1149/2580/860
f 1149/2581/861 1150/2582/861 1151/2583/861
f 1145/2584/862 1150/2585/862 1152/2586/862
f 1148/2587/863 1152/2588/863 1150/2589/863
f 1147/2590/864 1151/2591/864 1145/2592/864
f 1153/2593/865 1154/2594/865 1155/2595/865
f 1155/2596/866 1156/2597/866 1157/2598/866
f 1157/2599/867 1158/2600/867 1159/2601/867
f 1159/2602/868 1160/2603/868 1153/2604/868
f 1156/2605/869 1160/2606/869 1158/2607/869
f 1155/2608/870 1159/2609/870 1153/2610/870
f 1161/2611/871 1162/2612/871 1163/2613/871
f 1164/2614/872 1162/2615/872 1165/2616/872
f 1164/2617/873 1166/2618/873 1167/2619/873
f 1167/2620/874 1168/2621/874 1161/2622/874
f 1165/2623/875 1168/2624/875 1166/2625/875
f 1163/2626/876 1167/2627/876 1161/2628/876
f 1169/2629/877 1170/2630/877 1171/2631/877
f 1172/2632/878 1170/2633/878 1173/2634/878
f 1172/2635/879 1174/2636/879 1175/2637/879
f 1175/2638/880 1176/2639/880 1169/2640/880
f 1173/2641/881 1176/2642/881 1174/2643/881
f 1171/2644/882 1175/2645/882 1169/2646/882
f 1177/2647/883 1178/2648/883 1179/2649/883
f 1179/2650/884 1180/2651/884 1181/2652/884
f 1181/2653/885 1182/2654/885 1183/2655/885
f 1183/2656/886 1184/2657/886 1177/2658/886
f 1180/2659/887 1184/2660/887 1182/2661/887
f 1179/2662/888 1183/2663/888 1177/2664/888
f 1185/2665/889 1186/2666/889 1187/2667/889
f 1187/2668/890 1188/2669/890 1189/2670/890
f 1189/2671/891 1190/2672/891 1191/2673/891
f 1191/2674/892 1192/2675/892 1185/2676/892
f 1188/2677/893 1192/2678/893 1190/2679/893
f 1187/2680/894 1191/2681/894 1185/2682/894
f 1193/2683/895 1194/2684/895 1195/2685/895
f 1195/2686/896 1196/2687/896 1197/2688/896
f 1197/2689/897 1198/2690/897 1199/2691/897
f 1199/2692/898 1200/2693/898 1193/2694/898
f 1196/2695/899 1200/2696/899 1198/2697/899
f 1195/2698/900 1199/2699/900 1193/2700/900
f 1201/2701/901 1202/2702/901 1203/2703/901
f 1203/2704/902 1204/2705/902 1205/2706/902
f 1205/2707/903 1206/2708/903 1207/2709/903
f 1207/2710/904 1208/2711/904 1201/2712/904
f 1204/2713/905 1208/2714/905 1206/2715/905
f 1203/2716/906 1207/2717/906 1201/2718/906
f 1209/2719/907 1210/2720/907 1211/2721/907
f 1211/2722/908 1212/2723/908 1213/2724/908
f 1213/2725/909 1214/2726/909 1215/2727/909
f 1215/2728/910 1216/2729/910 1209/2730/910
f 1212/2731/911 1216/2732/911 1214/2733/911
f 1211/2734/912 1215/2735/912 1209/2736/912
f 1217/2737/913 1218/2738/913 1219/2739/913
f 1219/2740/914 1220/2741/914 1221/2742/914
f 1221/2743/915 1222/2744/915 1223/2745/915
f 1223/2746/916 1224/2747/916 1217/2748/916
f 1220/2749/917 1224/2750/917 1222/2751/917
f 1219/2752/918 1223/2753/918 1217/2754/918
f 1225/2755/919 1226/2756/919 1227/2757/919
f 1227/2758/920 1228/2759/920 1229/2760/920
f 1229/2761/921 1230/2762/921 1231/2763/921
f 1231/2764/922 1232/2765/922 1225/2766/922
f 1228/2767/923 1232/2768/923 1230/2769/923
f 1227/2770/924 1231/2771/924 1225/2772/924
f 1233/2773/925 1234/2774/925 1235/2775/925
f 1236/2776/926 1235/2777/926 1237/2778/926
f 1238/2779/927 1237/2780/927 1239/2781/927
f 1240/2782/928 1239/2783/928 1234/2784/928
f 1237/2785/929 1234/2786/929 1239/2787/929
f 1233/2788/930 1238/2789/930 1240/2790/930
f 1241/2791/931 1242/2792/931 1243/2793/931
f 1244/2794/932 1243/2795/932 1245/2796/932
f 1246/2797/933 1245/2798/933 1247/2799/933
f 1248/2800/934 1247/2801/934 1242/2802/934
f 1245/2803/935 1242/2804/935 1247/2805/935
f 1241/2806/936 1246/2807/936 1248/2808/936
f 1249/2809/937 1250/2810/937 1251/2811/937
f 1252/2812/938 1251/2813/938 1253/2814/938
f 1254/2815/939 1253/2816/939 1255/2817/939
f 1256/2818/940 1255/2819/940 1250/2820/940
f 1255/2821/941 1251/2822/941 1250/2823/941
f 1249/2824/942 1254/2825/942 1256/2826/942
f 1257/2827/943 1258/2828/943 1259/2829/943
f 1260/2830/944 1259/2831/944 1261/2832/944
f 1262/2833/945 1261/2834/945 1263/2835/945
f 1264/2836/946 1263/2837/946 1258/2838/946
f 1261/2839/947 1258/2840/947 1263/2841/947
f 1264/2842/948 1260/2843/948 1262/2844/948
f 1265/2845/949 1266/2846/949 1267/2847/949
f 1268/2848/950 1267/2849/950 1269/2850/950
f 1270/2851/951 1269/2852/951 1271/2853/951
f 1272/2854/952 1271/2855/952 1266/2856/952
f 1269/2857/953 1266/2858/953 1271/2859/953
f 1265/2860/954 1270/2861/954 1272/2862/954
f 1273/2863/955 1274/2864/955 1275/2865/955
f 1275/2866/956 1276/2867/956 1277/2868/956
f 1277/2869/957 1278/2870/957 1279/2871/957
f 1279/2872/958 1280/2873/958 1273/2874/958
f 1276/2875/959 1280/2876/959 1278/2877/959
f 1275/2878/960 1279/2879/960 1273/2880/960
f 3/2881/961 10/2882/961 4/2883/961
f 5/2884/962 4/2885/962 6/2886/962
f 7/2887/963 6/2888/963 8/2889/963
f 3/2890/964 9/2891/964 8/2892/964
f 8/2893/965 6/2894/965 4/2895/965
f 5/2896/966 7/2897/966 9/2898/966
f 11/2899/967 18/2900/967 12/2901/967
f 14/2902/968 11/2903/968 13/2904/968
f 16/2905/969 14/2906/969 15/2907/969
f 18/2908/970 16/2909/970 17/2910/970
f 15/2911/971 13/2912/971 12/2913/971
f 18/2914/972 11/2915/972 14/2916/972
f 19/2917/973 26/2918/973 20/2919/973
f 21/2920/974 20/2921/974 22/2922/974
f 23/2923/975 22/2924/975 24/2925/975
f 25/2926/976 24/2927/976 26/2928/976
f 22/2929/977 20/2930/977 26/2931/977
f 21/2932/978 23/2933/978 25/2934/978
f 27/2935/979 34/2936/979 28/2937/979
f 27/2938/980 29/2939/980 30/2940/980
f 31/2941/981 30/2942/981 32/2943/981
f 34/2944/982 33/2945/982 32/2946/982
f 30/2947/983 29/2948/983 28/2949/983
f 34/2950/984 27/2951/984 31/2952/984
f 35/2953/985 42/2954/985 36/2955/985
f 35/2956/986 37/2957/986 38/2958/986
f 40/2959/987 39/2960/987 38/2961/987
f 42/2962/988 40/2963/988 41/2964/988
f 38/2965/989 37/2966/989 36/2967/989
f 35/2968/990 39/2969/990 40/2970/990
f 43/2971/991 50/2972/991 44/2973/991
f 43/2974/992 45/2975/992 46/2976/992
f 47/2977/993 46/2978/993 48/2979/993
f 50/2980/994 49/2981/994 48/2982/994
f 46/2983/995 45/2984/995 44/2985/995
f 50/2986/996 43/2987/996 47/2988/996
f 51/2989/997 58/2990/997 52/2991/997
f 53/2992/998 52/2993/998 54/2994/998
f 55/2995/999 54/2996/999 56/2997/999
f 57/2998/1000 56/2999/1000 58/3000/1000
f 54/3001/1001 52/3002/1001 58/3003/1001
f 53/3004/1002 55/3005/1002 57/3006/1002
f 59/3007/1003 66/3008/1003 60/3009/1003
f 59/3010/1004 61/3011/1004 62/3012/1004
f 64/3013/1005 63/3014/1005 62/3015/1005
f 64/3016/1006 65/3017/1006 60/3018/1006
f 62/3019/1007 61/3020/1007 60/3021/1007
f 59/3022/1008 63/3023/1008 64/3024/1008
f 67/3025/1009 74/3026/1009 68/3027/1009
f 69/3028/1010 68/3029/1010 70/3030/1010
f 72/3031/1011 71/3032/1011 70/3033/1011
f 67/3034/1012 72/3035/1012 73/3036/1012
f 73/3037/1013 70/3038/1013 68/3039/1013
f 69/3040/1014 71/3041/1014 72/3042/1014
f 75/3043/1015 82/3044/1015 76/3045/1015
f 77/3046/1016 76/3047/1016 78/3048/1016
f 80/3049/1017 79/3050/1017 78/3051/1017
f 80/3052/1018 81/3053/1018 82/3054/1018
f 78/3055/1019 76/3056/1019 82/3057/1019
f 77/3058/1020 79/3059/1020 80/3060/1020
f 83/3061/1021 90/3062/1021 84/3063/1021
f 83/3064/1022 85/3065/1022 86/3066/1022
f 88/3067/1023 87/3068/1023 86/3069/1023
f 90/3070/1024 88/3071/1024 89/3072/1024
f 86/3073/1025 85/3074/1025 84/3075/1025
f 90/3076/1026 83/3077/1026 87/3078/1026
f 91/3079/1027 98/3080/1027 92/3081/1027
f 91/3082/1028 93/3083/1028 94/3084/1028
f 95/3085/1029 94/3086/1029 96/3087/1029
f 97/3088/1030 96/3089/1030 92/3090/1030
f 94/3091/1031 93/3092/1031 92/3093/1031
f 91/3094/1032 95/3095/1032 97/3096/1032
f 99/3097/1033 106/3098/1033 100/3099/1033
f 102/3100/1034 99/3101/1034 101/3102/1034
f 102/3103/1035 103/3104/1035 104/3105/1035
f 106/3106/1036 105/3107/1036 104/3108/1036
f 104/3109/1037 103/3110/1037 101/3111/1037
f 99/3112/1038 102/3113/1038 105/3114/1038
f 107/3115/1039 113/3116/1039 108/3117/1039
f 109/3118/1040 108/3119/1040 110/3120/1040
f 1/3121/1041 111/3122/1041 110/3123/1041
f 1/3124/1042 112/3125/1042 113/3126/1042
f 110/3127/1043 108/3128/1043 113/3129/1043
f 109/3130/1044 111/3131/1044 1/3132/1044
f 114/3133/1045 121/3134/1045 115/3135/1045
f 116/3136/1046 115/3137/1046 117/3138/1046
f 119/3139/1047 118/3140/1047 117/3141/1047
f 114/3142/1048 119/3143/1048 120/3144/1048
f 120/3145/1049 117/3146/1049 115/3147/1049
f 116/3148/1050 118/3149/1050 119/3150/1050
f 122/3151/1051 129/3152/1051 123/3153/1051
f 124/3154/1052 123/3155/1052 125/3156/1052
f 126/3157/1053 125/3158/1053 127/3159/1053
f 122/3160/1054 128/3161/1054 127/3162/1054
f 127/3163/1055 125/3164/1055 123/3165/1055
f 124/3166/1056 126/3167/1056 128/3168/1056
f 130/3169/1057 137/3170/1057 131/3171/1057
f 130/3172/1058 132/3173/1058 133/3174/1058
f 135/3175/1059 134/3176/1059 133/3177/1059
f 135/3178/1060 136/3179/1060 131/3180/1060
f 136/3181/1061 133/3182/1061 132/3183/1061
f 130/3184/1062 134/3185/1062 135/3186/1062
f 138/3187/1063 145/3188/1063 139/3189/1063
f 138/3190/1064 140/3191/1064 141/3192/1064
f 143/3193/1065 142/3194/1065 141/3195/1065
f 143/3196/1066 144/3197/1066 139/3198/1066
f 141/3199/1067 140/3200/1067 139/3201/1067
f 145/3202/1068 138/3203/1068 142/3204/1068
f 146/3205/1069 153/3206/1069 147/3207/1069
f 148/3208/1070 147/3209/1070 149/3210/1070
f 151/3211/1071 150/3212/1071 149/3213/1071
f 151/3214/1072 152/3215/1072 153/3216/1072
f 152/3217/1073 149/3218/1073 147/3219/1073
f 148/3220/1074 150/3221/1074 151/3222/1074
f 154/3223/1075 161/3224/1075 155/3225/1075
f 157/3226/1076 156/3227/1076 155/3228/1076
f 157/3229/1077 158/3230/1077 159/3231/1077
f 154/3232/1078 160/3233/1078 159/3234/1078
f 158/3235/1079 155/3236/1079 161/3237/1079
f 156/3238/1080 157/3239/1080 160/3240/1080
f 162/3241/1081 169/3242/1081 163/3243/1081
f 165/3244/1082 164/3245/1082 163/3246/1082
f 167/3247/1083 165/3248/1083 166/3249/1083
f 167/3250/1084 168/3251/1084 169/3252/1084
f 166/3253/1085 163/3254/1085 169/3255/1085
f 162/3256/1086 164/3257/1086 165/3258/1086
f 170/3259/1087 177/3260/1087 171/3261/1087
f 170/3262/1088 172/3263/1088 173/3264/1088
f 174/3265/1089 173/3266/1089 175/3267/1089
f 176/3268/1090 175/3269/1090 171/3270/1090
f 175/3271/1091 173/3272/1091 172/3273/1091
f 177/3274/1092 170/3275/1092 174/3276/1092
f 178/3277/1093 185/3278/1093 179/3279/1093
f 178/3280/1094 180/3281/1094 181/3282/1094
f 182/3283/1095 181/3284/1095 183/3285/1095
f 184/3286/1096 183/3287/1096 179/3288/1096
f 181/3289/1097 180/3290/1097 179/3291/1097
f 178/3292/1098 182/3293/1098 184/3294/1098
f 186/3295/1099 193/3296/1099 187/3297/1099
f 188/3298/1100 187/3299/1100 189/3300/1100
f 190/3301/1101 189/3302/1101 191/3303/1101
f 186/3304/1102 192/3305/1102 191/3306/1102
f 191/3307/1103 189/3308/1103 187/3309/1103
f 186/3310/1104 188/3311/1104 190/3312/1104
f 194/3313/1105 201/3314/1105 195/3315/1105
f 196/3316/1106 195/3317/1106 197/3318/1106
f 199/3319/1107 198/3320/1107 197/3321/1107
f 194/3322/1108 199/3323/1108 200/3324/1108
f 200/3325/1109 197/3326/1109 195/3327/1109
f 196/3328/1110 198/3329/1110 199/3330/1110
f 202/3331/1111 209/3332/1111 203/3333/1111
f 202/3334/1112 204/3335/1112 205/3336/1112
f 206/3337/1113 205/3338/1113 207/3339/1113
f 209/3340/1114 208/3341/1114 207/3342/1114
f 205/3343/1115 204/3344/1115 203/3345/1115
f 209/3346/1116 202/3347/1116 206/3348/1116
f 210/3349/1117 217/3350/1117 211/3351/1117
f 212/3352/1118 211/3353/1118 213/3354/1118
f 214/3355/1119 213/3356/1119 215/3357/1119
f 216/3358/1120 215/3359/1120 217/3360/1120
f 213/3361/1121 211/3362/1121 217/3363/1121
f 212/3364/1122 214/3365/1122 216/3366/1122
f 218/3367/1123 225/3368/1123 219/3369/1123
f 218/3370/1124 220/3371/1124 221/3372/1124
f 222/3373/1125 221/3374/1125 223/3375/1125
f 224/3376/1126 223/3377/1126 219/3378/1126
f 223/3379/1127 221/3380/1127 220/3381/1127
f 218/3382/1128 222/3383/1128 224/3384/1128
f 226/3385/1129 233/3386/1129 227/3387/1129
f 228/3388/1130 227/3389/1130 229/3390/1130
f 230/3391/1131 229/3392/1131 231/3393/1131
f 232/3394/1132 231/3395/1132 233/3396/1132
f 231/3397/1133 229/3398/1133 227/3399/1133
f 228/3400/1134 230/3401/1134 232/3402/1134
f 234/3403/1135 241/3404/1135 235/3405/1135
f 234/3406/1136 236/3407/1136 237/3408/1136
f 238/3409/1137 237/3410/1137 239/3411/1137
f 240/3412/1138 239/3413/1138 235/3414/1138
f 237/3415/1139 236/3416/1139 235/3417/1139
f 234/3418/1140 238/3419/1140 240/3420/1140
f 242/3421/1141 249/3422/1141 243/3423/1141
f 244/3424/1142 243/3425/1142 245/3426/1142
f 247/3427/1143 246/3428/1143 245/3429/1143
f 247/3430/1144 248/3431/1144 249/3432/1144
f 245/3433/1145 243/3434/1145 249/3435/1145
f 244/3436/1146 246/3437/1146 247/3438/1146
f 250/3439/1147 257/3440/1147 251/3441/1147
f 253/3442/1148 252/3443/1148 251/3444/1148
f 255/3445/1149 253/3446/1149 254/3447/1149
f 250/3448/1150 255/3449/1150 256/3450/1150
f 254/3451/1151 251/3452/1151 257/3453/1151
f 250/3454/1152 252/3455/1152 253/3456/1152
f 258/3457/1153 265/3458/1153 259/3459/1153
f 260/3460/1154 259/3461/1154 261/3462/1154
f 263/3463/1155 262/3464/1155 261/3465/1155
f 263/3466/1156 264/3467/1156 265/3468/1156
f 264/3469/1157 261/3470/1157 259/3471/1157
f 260/3472/1158 262/3473/1158 263/3474/1158
f 266/3475/1159 273/3476/1159 267/3477/1159
f 266/3478/1160 268/3479/1160 269/3480/1160
f 270/3481/1161 269/3482/1161 271/3483/1161
f 272/3484/1162 271/3485/1162 267/3486/1162
f 269/3487/1163 268/3488/1163 267/3489/1163
f 266/3490/1164 270/3491/1164 272/3492/1164
f 274/3493/1165 281/3494/1165 275/3495/1165
f 277/3496/1166 274/3497/1166 276/3498/1166
f 277/3499/1167 278/3500/1167 279/3501/1167
f 281/3502/1168 280/3503/1168 279/3504/1168
f 278/3505/1169 276/3506/1169 275/3507/1169
f 274/3508/1170 277/3509/1170 280/3510/1170
f 282/3511/1171 289/3512/1171 283/3513/1171
f 282/3514/1172 284/3515/1172 285/3516/1172
f 286/3517/1173 285/3518/1173 287/3519/1173
f 288/3520/1174 287/3521/1174 283/3522/1174
f 287/3523/1175 285/3524/1175 284/3525/1175
f 282/3526/1176 286/3527/1176 288/3528/1176
f 290/3529/1177 297/3530/1177 291/3531/1177
f 292/3532/1178 291/3533/1178 293/3534/1178
f 295/3535/1179 294/3536/1179 293/3537/1179
f 290/3538/1180 295/3539/1180 296/3540/1180
f 293/3541/1181 291/3542/1181 297/3543/1181
f 292/3544/1182 294/3545/1182 295/3546/1182
f 298/3547/1183 305/3548/1183 299/3549/1183
f 300/3550/1184 299/3551/1184 301/3552/1184
f 302/3553/1185 301/3554/1185 303/3555/1185
f 304/3556/1186 303/3557/1186 305/3558/1186
f 301/3559/1187 299/3560/1187 305/3561/1187
f 298/3562/1188 300/3563/1188 302/3564/1188
f 306/3565/1189 313/3566/1189 307/3567/1189
f 308/3568/1190 307/3569/1190 309/3570/1190
f 310/3571/1191 309/3572/1191 311/3573/1191
f 312/3574/1192 311/3575/1192 313/3576/1192
f 311/3577/1193 309/3578/1193 307/3579/1193
f 308/3580/1194 310/3581/1194 312/3582/1194
f 314/3583/1195 321/3584/1195 315/3585/1195
f 314/3586/1196 316/3587/1196 317/3588/1196
f 318/3589/1197 317/3590/1197 319/3591/1197
f 320/3592/1198 319/3593/1198 315/3594/1198
f 317/3595/1199 316/3596/1199 315/3597/1199
f 314/3598/1200 318/3599/1200 320/3600/1200
f 322/3601/1201 329/3602/1201 323/3603/1201
f 325/3604/1202 324/3605/1202 323/3606/1202
f 325/3607/1203 326/3608/1203 327/3609/1203
f 328/3610/1204 327/3611/1204 329/3612/1204
f 326/3613/1205 323/3614/1205 329/3615/1205
f 324/3616/1206 325/3617/1206 328/3618/1206
f 330/3619/1207 337/3620/1207 331/3621/1207
f 330/3622/1208 332/3623/1208 333/3624/1208
f 334/3625/1209 333/3626/1209 335/3627/1209
f 336/3628/1210 335/3629/1210 331/3630/1210
f 335/3631/1211 333/3632/1211 332/3633/1211
f 330/3634/1212 334/3635/1212 336/3636/1212
f 338/3637/1213 345/3638/1213 339/3639/1213
f 340/3640/1214 339/3641/1214 341/3642/1214
f 343/3643/1215 342/3644/1215 341/3645/1215
f 343/3646/1216 344/3647/1216 345/3648/1216
f 341/3649/1217 339/3650/1217 345/3651/1217
f 340/3652/1218 342/3653/1218 343/3654/1218
f 346/3655/1219 353/3656/1219 347/3657/1219
f 349/3658/1220 346/3659/1220 348/3660/1220
f 349/3661/1221 350/3662/1221 351/3663/1221
f 353/3664/1222 352/3665/1222 351/3666/1222
f 351/3667/1223 350/3668/1223 348/3669/1223
f 346/3670/1224 349/3671/1224 352/3672/1224
f 354/3673/1225 361/3674/1225 355/3675/1225
f 354/3676/1226 356/3677/1226 357/3678/1226
f 358/3679/1227 357/3680/1227 359/3681/1227
f 360/3682/1228 359/3683/1228 355/3684/1228
f 357/3685/1229 356/3686/1229 355/3687/1229
f 354/3688/1230 358/3689/1230 360/3690/1230
f 362/3691/1231 369/3692/1231 363/3693/1231
f 364/3694/1232 363/3695/1232 365/3696/1232
f 367/3697/1233 366/3698/1233 365/3699/1233
f 367/3700/1234 368/3701/1234 369/3702/1234
f 368/3703/1235 365/3704/1235 363/3705/1235
f 362/3706/1236 364/3707/1236 366/3708/1236
f 370/3709/1237 377/3710/1237 371/3711/1237
f 373/3712/1238 370/3713/1238 372/3714/1238
f 373/3715/1239 374/3716/1239 375/3717/1239
f 376/3718/1240 375/3719/1240 371/3720/1240
f 374/3721/1241 372/3722/1241 371/3723/1241
f 377/3724/1242 370/3725/1242 373/3726/1242
f 378/3727/1243 385/3728/1243 379/3729/1243
f 381/3730/1244 380/3731/1244 379/3732/1244
f 383/3733/1245 381/3734/1245 382/3735/1245
f 383/3736/1246 384/3737/1246 385/3738/1246
f 384/3739/1247 382/3740/1247 379/3741/1247
f 380/3742/1248 381/3743/1248 383/3744/1248
f 386/3745/1249 393/3746/1249 387/3747/1249
f 388/3748/1250 387/3749/1250 389/3750/1250
f 391/3751/1251 390/3752/1251 389/3753/1251
f 391/3754/1252 392/3755/1252 393/3756/1252
f 392/3757/1253 389/3758/1253 387/3759/1253
f 388/3760/1254 390/3761/1254 391/3762/1254
f 394/3763/1255 401/3764/1255 395/3765/1255
f 397/3766/1256 396/3767/1256 395/3768/1256
f 399/3769/1257 397/3770/1257 398/3771/1257
f 399/3772/1258 400/3773/1258 401/3774/1258
f 400/3775/1259 398/3776/1259 395/3777/1259
f 394/3778/1260 396/3779/1260 397/3780/1260
f 402/3781/1261 409/3782/1261 403/3783/1261
f 404/3784/1262 403/3785/1262 405/3786/1262
f 406/3787/1263 405/3788/1263 407/3789/1263
f 408/3790/1264 407/3791/1264 409/3792/1264
f 405/3793/1265 403/3794/1265 409/3795/1265
f 404/3796/1266 406/3797/1266 408/3798/1266
f 410/3799/1267 417/3800/1267 411/3801/1267
f 410/3802/1268 412/3803/1268 413/3804/1268
f 414/3805/1269 413/3806/1269 415/3807/1269
f 416/3808/1270 415/3809/1270 411/3810/1270
f 413/3811/1271 412/3812/1271 411/3813/1271
f 417/3814/1272 410/3815/1272 414/3816/1272
f 418/3817/1273 425/3818/1273 419/3819/1273
f 418/3820/1274 420/3821/1274 421/3822/1274
f 422/3823/1275 421/3824/1275 423/3825/1275
f 425/3826/1276 424/3827/1276 423/3828/1276
f 423/3829/1277 421/3830/1277 420/3831/1277
f 418/3832/1278 422/3833/1278 424/3834/1278
f 426/3835/1279 433/3836/1279 427/3837/1279
f 428/3838/1280 427/3839/1280 429/3840/1280
f 431/3841/1281 430/3842/1281 429/3843/1281
f 426/3844/1282 431/3845/1282 432/3846/1282
f 429/3847/1283 427/3848/1283 433/3849/1283
f 426/3850/1284 428/3851/1284 430/3852/1284
f 434/3853/1285 441/3854/1285 435/3855/1285
f 436/3856/1286 435/3857/1286 437/3858/1286
f 439/3859/1287 438/3860/1287 437/3861/1287
f 439/3862/1288 440/3863/1288 441/3864/1288
f 437/3865/1289 435/3866/1289 441/3867/1289
f 434/3868/1290 436/3869/1290 438/3870/1290
f 442/3871/1291 449/3872/1291 443/3873/1291
f 444/3874/1292 443/3875/1292 445/3876/1292
f 446/3877/1293 445/3878/1293 447/3879/1293
f 448/3880/1294 447/3881/1294 449/3882/1294
f 445/3883/1295 443/3884/1295 449/3885/1295
f 444/3886/1296 446/3887/1296 448/3888/1296
f 450/3889/1297 457/3890/1297 451/3891/1297
f 450/3892/1298 452/3893/1298 453/3894/1298
f 454/3895/1299 453/3896/1299 455/3897/1299
f 457/3898/1300 456/3899/1300 455/3900/1300
f 455/3901/1301 453/3902/1301 452/3903/1301
f 457/3904/1302 450/3905/1302 454/3906/1302
f 458/3907/1303 465/3908/1303 459/3909/1303
f 458/3910/1304 460/3911/1304 461/3912/1304
f 462/3913/1305 461/3914/1305 463/3915/1305
f 464/3916/1306 463/3917/1306 459/3918/1306
f 463/3919/1307 461/3920/1307 460/3921/1307
f 458/3922/1308 462/3923/1308 464/3924/1308
f 466/3925/1309 473/3926/1309 467/3927/1309
f 469/3928/1310 468/3929/1310 467/3930/1310
f 469/3931/1311 470/3932/1311 471/3933/1311
f 466/3934/1312 472/3935/1312 471/3936/1312
f 470/3937/1313 467/3938/1313 473/3939/1313
f 468/3940/1314 469/3941/1314 472/3942/1314
f 474/3943/1315 481/3944/1315 475/3945/1315
f 476/3946/1316 475/3947/1316 477/3948/1316
f 479/3949/1317 478/3950/1317 477/3951/1317
f 479/3952/1318 480/3953/1318 481/3954/1318
f 480/3955/1319 477/3956/1319 475/3957/1319
f 476/3958/1320 478/3959/1320 479/3960/1320
f 482/3961/1321 489/3962/1321 483/3963/1321
f 484/3964/1322 483/3965/1322 485/3966/1322
f 487/3967/1323 486/3968/1323 485/3969/1323
f 482/3970/1324 487/3971/1324 488/3972/1324
f 488/3973/1325 485/3974/1325 483/3975/1325
f 482/3976/1326 484/3977/1326 486/3978/1326
f 490/3979/1327 497/3980/1327 491/3981/1327
f 492/3982/1328 491/3983/1328 493/3984/1328
f 494/3985/1329 493/3986/1329 495/3987/1329
f 490/3988/1330 496/3989/1330 495/3990/1330
f 493/3991/1331 491/3992/1331 497/3993/1331
f 492/3994/1332 494/3995/1332 496/3996/1332
f 498/3997/1333 505/3998/1333 499/3999/1333
f 498/4000/1334 500/4001/1334 501/4002/1334
f 502/4003/1335 501/4004/1335 503/4005/1335
f 505/4006/1336 504/4007/1336 503/4008/1336
f 503/4009/1337 501/4010/1337 500/4011/1337
f 505/4012/1338 498/4013/1338 502/4014/1338
f 506/4015/1339 513/4016/1339 507/4017/1339
f 506/4018/1340 508/4019/1340 509/4020/1340
f 511/4021/1341 510/4022/1341 509/4023/1341
f 511/4024/1342 512/4025/1342 507/4026/1342
f 512/4027/1343 509/4028/1343 508/4029/1343
f 506/4030/1344 510/4031/1344 511/4032/1344
f 514/4033/1345 521/4034/1345 515/4035/1345
f 516/4036/1346 515/4037/1346 517/4038/1346
f 519/4039/1347 518/4040/1347 517/4041/1347
f 519/4042/1348 520/4043/1348 521/4044/1348
f 517/4045/1349 515/4046/1349 521/4047/1349
f 516/4048/1350 518/4049/1350 519/4050/1350
f 522/4051/1351 529/4052/1351 523/4053/1351
f 522/4054/1352 524/4055/1352 525/4056/1352
f 527/4057/1353 526/4058/1353 525/4059/1353
f 529/4060/1354 527/4061/1354 528/4062/1354
f 525/4063/1355 524/4064/1355 523/4065/1355
f 522/4066/1356 526/4067/1356 527/4068/1356
f 530/4069/1357 537/4070/1357 531/4071/1357
f 533/4072/1358 532/4073/1358 531/4074/1358
f 533/4075/1359 534/4076/1359 535/4077/1359
f 530/4078/1360 536/4079/1360 535/4080/1360
f 534/4081/1361 531/4082/1361 537/4083/1361
f 532/4084/1362 533/4085/1362 536/4086/1362
f 538/4087/1363 545/4088/1363 539/4089/1363
f 541/4090/1364 540/4091/1364 539/4092/1364
f 541/4093/1365 542/4094/1365 543/4095/1365
f 538/4096/1366 544/4097/1366 543/4098/1366
f 543/4099/1367 542/4100/1367 539/4101/1367
f 540/4102/1368 541/4103/1368 544/4104/1368
f 546/4105/1369 553/4106/1369 547/4107/1369
f 546/4108/1370 548/4109/1370 549/4110/1370
f 550/4111/1371 549/4112/1371 551/4113/1371
f 553/4114/1372 552/4115/1372 551/4116/1372
f 551/4117/1373 549/4118/1373 548/4119/1373
f 553/4120/1374 546/4121/1374 550/4122/1374
f 554/4123/1375 561/4124/1375 555/4125/1375
f 554/4126/1376 556/4127/1376 557/4128/1376
f 558/4129/1377 557/4130/1377 559/4131/1377
f 560/4132/1378 559/4133/1378 555/4134/1378
f 557/4135/1379 556/4136/1379 555/4137/1379
f 554/4138/1380 558/4139/1380 560/4140/1380
f 562/4141/1381 569/4142/1381 563/4143/1381
f 564/4144/1382 563/4145/1382 565/4146/1382
f 567/4147/1383 566/4148/1383 565/4149/1383
f 567/4150/1384 568/4151/1384 569/4152/1384
f 565/4153/1385 563/4154/1385 569/4155/1385
f 564/4156/1386 566/4157/1386 567/4158/1386
f 570/4159/1387 577/4160/1387 571/4161/1387
f 572/4162/1388 571/4163/1388 573/4164/1388
f 575/4165/1389 574/4166/1389 573/4167/1389
f 575/4168/1390 576/4169/1390 577/4170/1390
f 573/4171/1391 571/4172/1391 577/4173/1391
f 572/4174/1392 574/4175/1392 575/4176/1392
f 578/4177/1393 585/4178/1393 579/4179/1393
f 580/4180/1394 579/4181/1394 581/4182/1394
f 583/4183/1395 582/4184/1395 581/4185/1395
f 583/4186/1396 584/4187/1396 585/4188/1396
f 581/4189/1397 579/4190/1397 585/4191/1397
f 580/4192/1398 582/4193/1398 583/4194/1398
f 586/4195/1399 593/4196/1399 587/4197/1399
f 586/4198/1400 588/4199/1400 589/4200/1400
f 590/4201/1401 589/4202/1401 591/4203/1401
f 592/4204/1402 591/4205/1402 587/4206/1402
f 589/4207/1403 588/4208/1403 587/4209/1403
f 586/4210/1404 590/4211/1404 592/4212/1404
f 594/4213/1405 601/4214/1405 595/4215/1405
f 594/4216/1406 596/4217/1406 597/4218/1406
f 598/4219/1407 597/4220/1407 599/4221/1407
f 600/4222/1408 599/4223/1408 595/4224/1408
f 597/4225/1409 596/4226/1409 595/4227/1409
f 594/4228/1410 598/4229/1410 600/4230/1410
f 602/4231/1411 609/4232/1411 603/4233/1411
f 604/4234/1412 603/4235/1412 605/4236/1412
f 606/4237/1413 605/4238/1413 607/4239/1413
f 608/4240/1414 607/4241/1414 609/4242/1414
f 605/4243/1415 603/4244/1415 609/4245/1415
f 604/4246/1416 606/4247/1416 608/4248/1416
f 610/4249/1417 617/4250/1417 611/4251/1417
f 612/4252/1418 611/4253/1418 613/4254/1418
f 614/4255/1419 613/4256/1419 615/4257/1419
f 616/4258/1420 615/4259/1420 617/4260/1420
f 613/4261/1421 611/4262/1421 617/4263/1421
f 612/4264/1422 614/4265/1422 616/4266/1422
f 618/4267/1423 625/4268/1423 619/4269/1423
f 621/4270/1424 618/4271/1424 620/4272/1424
f 621/4273/1425 622/4274/1425 623/4275/1425
f 624/4276/1426 623/4277/1426 619/4278/1426
f 622/4279/1427 620/4280/1427 619/4281/1427
f 618/4282/1428 621/4283/1428 624/4284/1428
f 626/4285/1429 633/4286/1429 627/4287/1429
f 628/4288/1430 627/4289/1430 629/4290/1430
f 631/4291/1431 630/4292/1431 629/4293/1431
f 626/4294/1432 631/4295/1432 632/4296/1432
f 629/4297/1433 627/4298/1433 633/4299/1433
f 628/4300/1434 630/4301/1434 631/4302/1434
f 634/4303/1435 641/4304/1435 635/4305/1435
f 636/4306/1436 635/4307/1436 637/4308/1436
f 639/4309/1437 638/4310/1437 637/4311/1437
f 639/4312/1438 640/4313/1438 641/4314/1438
f 640/4315/1439 637/4316/1439 635/4317/1439
f 636/4318/1440 638/4319/1440 639/4320/1440
f 642/4321/1441 649/4322/1441 643/4323/1441
f 644/4324/1442 643/4325/1442 645/4326/1442
f 646/4327/1443 645/4328/1443 647/4329/1443
f 648/4330/1444 647/4331/1444 649/4332/1444
f 645/4333/1445 643/4334/1445 649/4335/1445
f 644/4336/1446 646/4337/1446 648/4338/1446
f 650/4339/1447 657/4340/1447 651/4341/1447
f 653/4342/1448 650/4343/1448 652/4344/1448
f 655/4345/1449 653/4346/1449 654/4347/1449
f 655/4348/1450 656/4349/1450 651/4350/1450
f 654/4351/1451 652/4352/1451 651/4353/1451
f 650/4354/1452 653/4355/1452 655/4356/1452
f 658/4357/1453 665/4358/1453 659/4359/1453
f 660/4360/1454 659/4361/1454 661/4362/1454
f 662/4363/1455 661/4364/1455 663/4365/1455
f 664/4366/1456 663/4367/1456 665/4368/1456
f 661/4369/1457 659/4370/1457 665/4371/1457
f 660/4372/1458 662/4373/1458 664/4374/1458
f 666/4375/1459 673/4376/1459 667/4377/1459
f 668/4378/1460 667/4379/1460 669/4380/1460
f 670/4381/1461 669/4382/1461 671/4383/1461
f 672/4384/1462 671/4385/1462 673/4386/1462
f 669/4387/1463 667/4388/1463 673/4389/1463
f 668/4390/1464 670/4391/1464 672/4392/1464
f 674/4393/1465 681/4394/1465 675/4395/1465
f 676/4396/1466 675/4397/1466 677/4398/1466
f 678/4399/1467 677/4400/1467 679/4401/1467
f 680/4402/1468 679/4403/1468 681/4404/1468
f 677/4405/1469 675/4406/1469 681/4407/1469
f 676/4408/1470 678/4409/1470 680/4410/1470
f 682/4411/1471 689/4412/1471 683/4413/1471
f 682/4414/1472 684/4415/1472 685/4416/1472
f 686/4417/1473 685/4418/1473 687/4419/1473
f 688/4420/1474 687/4421/1474 683/4422/1474
f 687/4423/1475 685/4424/1475 684/4425/1475
f 682/4426/1476 686/4427/1476 688/4428/1476
f 690/4429/1477 697/4430/1477 691/4431/1477
f 693/4432/1478 692/4433/1478 691/4434/1478
f 695/4435/1479 693/4436/1479 694/4437/1479
f 690/4438/1480 695/4439/1480 696/4440/1480
f 696/4441/1481 694/4442/1481 691/4443/1481
f 692/4444/1482 693/4445/1482 695/4446/1482
f 698/4447/1483 705/4448/1483 699/4449/1483
f 701/4450/1484 700/4451/1484 699/4452/1484
f 701/4453/1485 702/4454/1485 703/4455/1485
f 704/4456/1486 703/4457/1486 705/4458/1486
f 702/4459/1487 699/4460/1487 705/4461/1487
f 700/4462/1488 701/4463/1488 704/4464/1488
f 706/4465/1489 713/4466/1489 707/4467/1489
f 709/4468/1490 708/4469/1490 707/4470/1490
f 709/4471/1491 710/4472/1491 711/4473/1491
f 712/4474/1492 711/4475/1492 713/4476/1492
f 710/4477/1493 707/4478/1493 713/4479/1493
f 708/4480/1494 709/4481/1494 712/4482/1494
f 714/4483/1495 721/4484/1495 715/4485/1495
f 717/4486/1496 716/4487/1496 715/4488/1496
f 717/4489/1497 718/4490/1497 719/4491/1497
f 720/4492/1498 719/4493/1498 721/4494/1498
f 718/4495/1499 715/4496/1499 721/4497/1499
f 716/4498/1500 717/4499/1500 720/4500/1500
f 722/4501/1501 729/4502/1501 723/4503/1501
f 725/4504/1502 724/4505/1502 723/4506/1502
f 725/4507/1503 726/4508/1503 727/4509/1503
f 728/4510/1504 727/4511/1504 729/4512/1504
f 726/4513/1505 723/4514/1505 729/4515/1505
f 724/4516/1506 725/4517/1506 728/4518/1506
f 730/4519/1507 737/4520/1507 731/4521/1507
f 732/4522/1508 731/4523/1508 733/4524/1508
f 735/4525/1509 734/4526/1509 733/4527/1509
f 735/4528/1510 736/4529/1510 737/4530/1510
f 736/4531/1511 733/4532/1511 731/4533/1511
f 732/4534/1512 734/4535/1512 735/4536/1512
f 738/4537/1513 745/4538/1513 739/4539/1513
f 741/4540/1514 738/4541/1514 740/4542/1514
f 743/4543/1515 741/4544/1515 742/4545/1515
f 743/4546/1516 744/4547/1516 739/4548/1516
f 742/4549/1517 740/4550/1517 739/4551/1517
f 738/4552/1518 741/4553/1518 743/4554/1518
f 746/4555/1519 753/4556/1519 747/4557/1519
f 748/4558/1520 747/4559/1520 749/4560/1520
f 750/4561/1521 749/4562/1521 751/4563/1521
f 752/4564/1522 751/4565/1522 753/4566/1522
f 751/4567/1523 749/4568/1523 747/4569/1523
f 746/4570/1524 748/4571/1524 750/4572/1524
f 754/4573/1525 761/4574/1525 755/4575/1525
f 754/4576/1526 756/4577/1526 757/4578/1526
f 758/4579/1527 757/4580/1527 759/4581/1527
f 760/4582/1528 759/4583/1528 755/4584/1528
f 757/4585/1529 756/4586/1529 755/4587/1529
f 754/4588/1530 758/4589/1530 760/4590/1530
f 762/4591/1531 769/4592/1531 763/4593/1531
f 762/4594/1532 764/4595/1532 765/4596/1532
f 766/4597/1533 765/4598/1533 767/4599/1533
f 768/4600/1534 767/4601/1534 763/4602/1534
f 765/4603/1535 764/4604/1535 763/4605/1535
f 762/4606/1536 766/4607/1536 768/4608/1536
f 770/4609/1537 777/4610/1537 771/4611/1537
f 772/4612/1538 771/4613/1538 773/4614/1538
f 775/4615/1539 774/4616/1539 773/4617/1539
f 775/4618/1540 776/4619/1540 777/4620/1540
f 773/4621/1541 771/4622/1541 777/4623/1541
f 772/4624/1542 774/4625/1542 775/4626/1542
f 778/4627/1543 785/4628/1543 779/4629/1543
f 780/4630/1544 779/4631/1544 781/4632/1544
f 783/4633/1545 782/4634/1545 781/4635/1545
f 783/4636/1546 784/4637/1546 785/4638/1546
f 781/4639/1547 779/4640/1547 785/4641/1547
f 780/4642/1548 782/4643/1548 783/4644/1548
f 786/4645/1549 793/4646/1549 787/4647/1549
f 788/4648/1550 787/4649/1550 789/4650/1550
f 790/4651/1551 789/4652/1551 791/4653/1551
f 792/4654/1552 791/4655/1552 793/4656/1552
f 789/4657/1553 787/4658/1553 793/4659/1553
f 788/4660/1554 790/4661/1554 792/4662/1554
f 794/4663/1555 801/4664/1555 795/4665/1555
f 796/4666/1556 795/4667/1556 797/4668/1556
f 799/4669/1557 798/4670/1557 797/4671/1557
f 799/4672/1558 800/4673/1558 801/4674/1558
f 797/4675/1559 795/4676/1559 801/4677/1559
f 796/4678/1560 798/4679/1560 799/4680/1560
f 802/4681/1561 809/4682/1561 803/4683/1561
f 804/4684/1562 803/4685/1562 805/4686/1562
f 807/4687/1563 806/4688/1563 805/4689/1563
f 807/4690/1564 808/4691/1564 809/4692/1564
f 805/4693/1565 803/4694/1565 809/4695/1565
f 804/4696/1566 806/4697/1566 807/4698/1566
f 810/4699/1567 817/4700/1567 811/4701/1567
f 812/4702/1568 811/4703/1568 813/4704/1568
f 815/4705/1569 814/4706/1569 813/4707/1569
f 815/4708/1570 816/4709/1570 817/4710/1570
f 813/4711/1571 811/4712/1571 817/4713/1571
f 812/4714/1572 814/4715/1572 815/4716/1572
f 818/4717/1573 825/4718/1573 819/4719/1573
f 818/4720/1574 820/4721/1574 821/4722/1574
f 822/4723/1575 821/4724/1575 823/4725/1575
f 824/4726/1576 823/4727/1576 819/4728/1576
f 821/4729/1577 820/4730/1577 819/4731/1577
f 818/4732/1578 822/4733/1578 824/4734/1578
f 826/4735/1579 833/4736/1579 827/4737/1579
f 826/4738/1580 828/4739/1580 829/4740/1580
f 830/4741/1581 829/4742/1581 831/4743/1581
f 832/4744/1582 831/4745/1582 827/4746/1582
f 829/4747/1583 828/4748/1583 827/4749/1583
f 826/4750/1584 830/4751/1584 832/4752/1584
f 834/4753/1585 841/4754/1585 835/4755/1585
f 834/4756/1586 836/4757/1586 837/4758/1586
f 838/4759/1587 837/4760/1587 839/4761/1587
f 840/4762/1588 839/4763/1588 835/4764/1588
f 837/4765/1589 836/4766/1589 835/4767/1589
f 834/4768/1590 838/4769/1590 840/4770/1590
f 842/4771/1591 849/4772/1591 843/4773/1591
f 844/4774/1592 843/4775/1592 845/4776/1592
f 846/4777/1593 845/4778/1593 847/4779/1593
f 848/4780/1594 847/4781/1594 849/4782/1594
f 845/4783/1595 843/4784/1595 849/4785/1595
f 844/4786/1596 846/4787/1596 848/4788/1596
f 850/4789/1597 857/4790/1597 851/4791/1597
f 852/4792/1598 851/4793/1598 853/4794/1598
f 854/4795/1599 853/4796/1599 855/4797/1599
f 850/4798/1600 856/4799/1600 855/4800/1600
f 853/4801/1601 851/4802/1601 857/4803/1601
f 852/4804/1602 854/4805/1602 856/4806/1602
f 858/4807/1603 865/4808/1603 859/4809/1603
f 860/4810/1604 859/4811/1604 861/4812/1604
f 862/4813/1605 861/4814/1605 863/4815/1605
f 858/4816/1606 864/4817/1606 863/4818/1606
f 861/4819/1607 859/4820/1607 865/4821/1607
f 860/4822/1608 862/4823/1608 864/4824/1608
f 866/4825/1609 873/4826/1609 867/4827/1609
f 869/4828/1610 868/4829/1610 867/4830/1610
f 869/4831/1611 870/4832/1611 871/4833/1611
f 872/4834/1612 871/4835/1612 873/4836/1612
f 870/4837/1613 867/4838/1613 873/4839/1613
f 868/4840/1614 869/4841/1614 872/4842/1614
f 874/4843/1615 881/4844/1615 875/4845/1615
f 877/4846/1616 876/4847/1616 875/4848/1616
f 877/4849/1617 878/4850/1617 879/4851/1617
f 880/4852/1618 879/4853/1618 881/4854/1618
f 878/4855/1619 875/4856/1619 881/4857/1619
f 876/4858/1620 877/4859/1620 880/4860/1620
f 882/4861/1621 889/4862/1621 883/4863/1621
f 884/4864/1622 883/4865/1622 885/4866/1622
f 886/4867/1623 885/4868/1623 887/4869/1623
f 882/4870/1624 888/4871/1624 887/4872/1624
f 885/4873/1625 883/4874/1625 889/4875/1625
f 884/4876/1626 886/4877/1626 888/4878/1626
f 890/4879/1627 897/4880/1627 891/4881/1627
f 893/4882/1628 892/4883/1628 891/4884/1628
f 893/4885/1629 894/4886/1629 895/4887/1629
f 890/4888/1630 896/4889/1630 895/4890/1630
f 895/4891/1631 894/4892/1631 891/4893/1631
f 892/4894/1632 893/4895/1632 896/4896/1632
f 898/4897/1633 905/4898/1633 899/4899/1633
f 900/4900/1634 899/4901/1634 901/4902/1634
f 902/4903/1635 901/4904/1635 903/4905/1635
f 898/4906/1636 904/4907/1636 903/4908/1636
f 901/4909/1637 899/4910/1637 905/4911/1637
f 900/4912/1638 902/4913/1638 904/4914/1638
f 906/4915/1639 913/4916/1639 907/4917/1639
f 908/4918/1640 907/4919/1640 909/4920/1640
f 910/4921/1641 909/4922/1641 911/4923/1641
f 912/4924/1642 911/4925/1642 913/4926/1642
f 909/4927/1643 907/4928/1643 913/4929/1643
f 906/4930/1644 908/4931/1644 910/4932/1644
f 914/4933/1645 921/4934/1645 915/4935/1645
f 916/4936/1646 915/4937/1646 917/4938/1646
f 918/4939/1647 917/4940/1647 919/4941/1647
f 914/4942/1648 920/4943/1648 919/4944/1648
f 917/4945/1649 915/4946/1649 921/4947/1649
f 916/4948/1650 918/4949/1650 920/4950/1650
f 922/4951/1651 929/4952/1651 923/4953/1651
f 924/4954/1652 923/4955/1652 925/4956/1652
f 926/4957/1653 925/4958/1653 927/4959/1653
f 928/4960/1654 927/4961/1654 929/4962/1654
f 925/4963/1655 923/4964/1655 929/4965/1655
f 922/4966/1656 924/4967/1656 926/4968/1656
f 930/4969/1657 937/4970/1657 931/4971/1657
f 932/4972/1658 931/4973/1658 933/4974/1658
f 934/4975/1659 933/4976/1659 935/4977/1659
f 930/4978/1660 936/4979/1660 935/4980/1660
f 933/4981/1661 931/4982/1661 937/4983/1661
f 932/4984/1662 934/4985/1662 936/4986/1662
f 2/4987/1663 944/4988/1663 938/4989/1663
f 939/4990/1664 938/4991/1664 940/4992/1664
f 941/4993/1665 940/4994/1665 942/4995/1665
f 943/4996/1666 942/4997/1666 944/4998/1666
f 940/4999/1667 938/5000/1667 944/5001/1667
f 2/5002/1668 939/5003/1668 941/5004/1668
f 945/5005/1669 952/5006/1669 946/5007/1669
f 947/5008/1670 946/5009/1670 948/5010/1670
f 949/5011/1671 948/5012/1671 950/5013/1671
f 945/5014/1672 951/5015/1672 950/5016/1672
f 948/5017/1673 946/5018/1673 952/5019/1673
f 947/5020/1674 949/5021/1674 951/5022/1674
f 953/5023/1675 960/5024/1675 954/5025/1675
f 955/5026/1676 954/5027/1676 956/5028/1676
f 957/5029/1677 956/5030/1677 958/5031/1677
f 959/5032/1678 958/5033/1678 960/5034/1678
f 956/5035/1679 954/5036/1679 960/5037/1679
f 953/5038/1680 955/5039/1680 957/5040/1680
f 961/5041/1681 968/5042/1681 962/5043/1681
f 963/5044/1682 962/5045/1682 964/5046/1682
f 965/5047/1683 964/5048/1683 966/5049/1683
f 967/5050/1684 966/5051/1684 968/5052/1684
f 966/5053/1685 964/5054/1685 962/5055/1685
f 963/5056/1686 965/5057/1686 967/5058/1686
f 969/5059/1687 976/5060/1687 970/5061/1687
f 969/5062/1688 971/5063/1688 972/5064/1688
f 973/5065/1689 972/5066/1689 974/5067/1689
f 976/5068/1690 975/5069/1690 974/5070/1690
f 974/5071/1691 972/5072/1691 971/5073/1691
f 969/5074/1692 973/5075/1692 975/5076/1692
f 977/5077/1693 984/5078/1693 978/5079/1693
f 980/5080/1694 977/5081/1694 979/5082/1694
f 980/5083/1695 981/5084/1695 982/5085/1695
f 983/5086/1696 982/5087/1696 978/5088/1696
f 981/5089/1697 979/5090/1697 978/5091/1697
f 984/5092/1698 977/5093/1698 980/5094/1698
f 985/5095/1699 992/5096/1699 986/5097/1699
f 985/5098/1700 987/5099/1700 988/5100/1700
f 990/5101/1701 989/5102/1701 988/5103/1701
f 992/5104/1702 990/5105/1702 991/5106/1702
f 991/5107/1703 988/5108/1703 987/5109/1703
f 992/5110/1704 985/5111/1704 989/5112/1704
f 993/5113/1705 1000/5114/1705 994/5115/1705
f 996/5116/1706 995/5117/1706 994/5118/1706
f 996/5119/1707 997/5120/1707 998/5121/1707
f 993/5122/1708 999/5123/1708 998/5124/1708
f 997/5125/1709 994/5126/1709 1000/5127/1709
f 993/5128/1710 995/5129/1710 996/5130/1710
f 1001/5131/1711 1008/5132/1711 1002/5133/1711
f 1003/5134/1712 1002/5135/1712 1004/5136/1712
f 1006/5137/1713 1005/5138/1713 1004/5139/1713
f 1006/5140/1714 1007/5141/1714 1008/5142/1714
f 1007/5143/1715 1004/5144/1715 1002/5145/1715
f 1003/5146/1716 1005/5147/1716 1006/5148/1716
f 1009/5149/1717 1016/5150/1717 1010/5151/1717
f 1011/5152/1718 1010/5153/1718 1012/5154/1718
f 1014/5155/1719 1013/5156/1719 1012/5157/1719
f 1009/5158/1720 1014/5159/1720 1015/5160/1720
f 1012/5161/1721 1010/5162/1721 1016/5163/1721
f 1009/5164/1722 1011/5165/1722 1013/5166/1722
f 1017/5167/1723 1024/5168/1723 1018/5169/1723
f 1017/5170/1724 1019/5171/1724 1020/5172/1724
f 1021/5173/1725 1020/5174/1725 1022/5175/1725
f 1024/5176/1726 1023/5177/1726 1022/5178/1726
f 1020/5179/1727 1019/5180/1727 1018/5181/1727
f 1017/5182/1728 1021/5183/1728 1023/5184/1728
f 1025/5185/1729 1032/5186/1729 1026/5187/1729
f 1027/5188/1730 1026/5189/1730 1028/5190/1730
f 1029/5191/1731 1028/5192/1731 1030/5193/1731
f 1025/5194/1732 1031/5195/1732 1030/5196/1732
f 1028/5197/1733 1026/5198/1733 1032/5199/1733
f 1027/5200/1734 1029/5201/1734 1031/5202/1734
f 1033/5203/1735 1040/5204/1735 1034/5205/1735
f 1036/5206/1736 1035/5207/1736 1034/5208/1736
f 1036/5209/1737 1037/5210/1737 1038/5211/1737
f 1033/5212/1738 1039/5213/1738 1038/5214/1738
f 1037/5215/1739 1034/5216/1739 1040/5217/1739
f 1035/5218/1740 1036/5219/1740 1039/5220/1740
f 1041/5221/1741 1048/5222/1741 1042/5223/1741
f 1043/5224/1742 1042/5225/1742 1044/5226/1742
f 1046/5227/1743 1045/5228/1743 1044/5229/1743
f 1046/5230/1744 1047/5231/1744 1048/5232/1744
f 1044/5233/1745 1042/5234/1745 1048/5235/1745
f 1043/5236/1746 1045/5237/1746 1046/5238/1746
f 1049/5239/1747 1056/5240/1747 1050/5241/1747
f 1052/5242/1748 1051/5243/1748 1050/5244/1748
f 1052/5245/1749 1053/5246/1749 1054/5247/1749
f 1055/5248/1750 1054/5249/1750 1056/5250/1750
f 1053/5251/1751 1050/5252/1751 1056/5253/1751
f 1051/5254/1752 1052/5255/1752 1055/5256/1752
f 1057/5257/1753 1064/5258/1753 1058/5259/1753
f 1060/5260/1754 1059/5261/1754 1058/5262/1754
f 1060/5263/1755 1061/5264/1755 1062/5265/1755
f 1063/5266/1756 1062/5267/1756 1064/5268/1756
f 1061/5269/1757 1058/5270/1757 1064/5271/1757
f 1059/5272/1758 1060/5273/1758 1063/5274/1758
f 1065/5275/1759 1072/5276/1759 1066/5277/1759
f 1068/5278/1760 1067/5279/1760 1066/5280/1760
f 1068/5281/1761 1069/5282/1761 1070/5283/1761
f 1065/5284/1762 1071/5285/1762 1070/5286/1762
f 1070/5287/1763 1069/5288/1763 1066/5289/1763
f 1065/5290/1764 1067/5291/1764 1068/5292/1764
f 1073/5293/1765 1080/5294/1765 1074/5295/1765
f 1075/5296/1766 1074/5297/1766 1076/5298/1766
f 1077/5299/1767 1076/5300/1767 1078/5301/1767
f 1079/5302/1768 1078/5303/1768 1080/5304/1768
f 1076/5305/1769 1074/5306/1769 1080/5307/1769
f 1075/5308/1770 1077/5309/1770 1079/5310/1770
f 1081/5311/1771 1088/5312/1771 1082/5313/1771
f 1083/5314/1772 1082/5315/1772 1084/5316/1772
f 1085/5317/1773 1084/5318/1773 1086/5319/1773
f 1081/5320/1774 1087/5321/1774 1086/5322/1774
f 1084/5323/1775 1082/5324/1775 1088/5325/1775
f 1083/5326/1776 1085/5327/1776 1087/5328/1776
f 1089/5329/1777 1096/5330/1777 1090/5331/1777
f 1091/5332/1778 1090/5333/1778 1092/5334/1778
f 1093/5335/1779 1092/5336/1779 1094/5337/1779
f 1089/5338/1780 1095/5339/1780 1094/5340/1780
f 1092/5341/1781 1090/5342/1781 1096/5343/1781
f 1091/5344/1782 1093/5345/1782 1095/5346/1782
f 1097/5347/1783 1104/5348/1783 1098/5349/1783
f 1099/5350/1784 1098/5351/1784 1100/5352/1784
f 1102/5353/1785 1101/5354/1785 1100/5355/1785
f 1102/5356/1786 1103/5357/1786 1104/5358/1786
f 1103/5359/1787 1100/5360/1787 1098/5361/1787
f 1097/5362/1788 1099/5363/1788 1101/5364/1788
f 1105/5365/1789 1112/5366/1789 1106/5367/1789
f 1108/5368/1790 1107/5369/1790 1106/5370/1790
f 1108/5371/1791 1109/5372/1791 1110/5373/1791
f 1111/5374/1792 1110/5375/1792 1112/5376/1792
f 1109/5377/1793 1106/5378/1793 1112/5379/1793
f 1107/5380/1794 1108/5381/1794 1111/5382/1794
f 1113/5383/1795 1120/5384/1795 1114/5385/1795
f 1116/5386/1796 1115/5387/1796 1114/5388/1796
f 1116/5389/1797 1117/5390/1797 1118/5391/1797
f 1119/5392/1798 1118/5393/1798 1120/5394/1798
f 1117/5395/1799 1114/5396/1799 1120/5397/1799
f 1115/5398/1800 1116/5399/1800 1119/5400/1800
f 1121/5401/1801 1128/5402/1801 1122/5403/1801
f 1124/5404/1802 1121/5405/1802 1123/5406/1802
f 1124/5407/1803 1125/5408/1803 1126/5409/1803
f 1128/5410/1804 1127/5411/1804 1126/5412/1804
f 1125/5413/1805 1123/5414/1805 1122/5415/1805
f 1121/5416/1806 1124/5417/1806 1127/5418/1806
f 1129/5419/1807 1136/5420/1807 1130/5421/1807
f 1131/5422/1808 1130/5423/1808 1132/5424/1808
f 1133/5425/1809 1132/5426/1809 1134/5427/1809
f 1129/5428/1810 1135/5429/1810 1134/5430/1810
f 1132/5431/1811 1130/5432/1811 1136/5433/1811
f 1131/5434/1812 1133/5435/1812 1135/5436/1812
f 1137/5437/1813 1144/5438/1813 1138/5439/1813
f 1140/5440/1814 1139/5441/1814 1138/5442/1814
f 1140/5443/1815 1141/5444/1815 1142/5445/1815
f 1143/5446/1816 1142/5447/1816 1144/5448/1816
f 1141/5449/1817 1138/5450/1817 1144/5451/1817
f 1139/5452/1818 1140/5453/1818 1143/5454/1818
f 1145/5455/1819 1152/5456/1819 1146/5457/1819
f 1147/5458/1820 1146/5459/1820 1148/5460/1820
f 1149/5461/1821 1148/5462/1821 1150/5463/1821
f 1145/5464/1822 1151/5465/1822 1150/5466/1822
f 1148/5467/1823 1146/5468/1823 1152/5469/1823
f 1147/5470/1824 1149/5471/1824 1151/5472/1824
f 1153/5473/1825 1160/5474/1825 1154/5475/1825
f 1155/5476/1826 1154/5477/1826 1156/5478/1826
f 1157/5479/1827 1156/5480/1827 1158/5481/1827
f 1159/5482/1828 1158/5483/1828 1160/5484/1828
f 1156/5485/1829 1154/5486/1829 1160/5487/1829
f 1155/5488/1830 1157/5489/1830 1159/5490/1830
f 1161/5491/1831 1168/5492/1831 1162/5493/1831
f 1164/5494/1832 1163/5495/1832 1162/5496/1832
f 1164/5497/1833 1165/5498/1833 1166/5499/1833
f 1167/5500/1834 1166/5501/1834 1168/5502/1834
f 1165/5503/1835 1162/5504/1835 1168/5505/1835
f 1163/5506/1836 1164/5507/1836 1167/5508/1836
f 1169/5509/1837 1176/5510/1837 1170/5511/1837
f 1172/5512/1838 1171/5513/1838 1170/5514/1838
f 1172/5515/1839 1173/5516/1839 1174/5517/1839
f 1175/5518/1840 1174/5519/1840 1176/5520/1840
f 1173/5521/1841 1170/5522/1841 1176/5523/1841
f 1171/5524/1842 1172/5525/1842 1175/5526/1842
f 1177/5527/1843 1184/5528/1843 1178/5529/1843
f 1179/5530/1844 1178/5531/1844 1180/5532/1844
f 1181/5533/1845 1180/5534/1845 1182/5535/1845
f 1183/5536/1846 1182/5537/1846 1184/5538/1846
f 1180/5539/1847 1178/5540/1847 1184/5541/1847
f 1179/5542/1848 1181/5543/1848 1183/5544/1848
f 1185/5545/1849 1192/5546/1849 1186/5547/1849
f 1187/5548/1850 1186/5549/1850 1188/5550/1850
f 1189/5551/1851 1188/5552/1851 1190/5553/1851
f 1191/5554/1852 1190/5555/1852 1192/5556/1852
f 1188/5557/1853 1186/5558/1853 1192/5559/1853
f 1187/5560/1854 1189/5561/1854 1191/5562/1854
f 1193/5563/1855 1200/5564/1855 1194/5565/1855
f 1195/5566/1856 1194/5567/1856 1196/5568/1856
f 1197/5569/1857 1196/5570/1857 1198/5571/1857
f 1199/5572/1858 1198/5573/1858 1200/5574/1858
f 1196/5575/1859 1194/5576/1859 1200/5577/1859
f 1195/5578/1860 1197/5579/1860 1199/5580/1860
f 1201/5581/1861 1208/5582/1861 1202/5583/1861
f 1203/5584/1862 1202/5585/1862 1204/5586/1862
f 1205/5587/1863 1204/5588/1863 1206/5589/1863
f 1207/5590/1864 1206/5591/1864 1208/5592/1864
f 1204/5593/1865 1202/5594/1865 1208/5595/1865
f 1203/5596/1866 1205/5597/1866 1207/5598/1866
f 1209/5599/1867 1216/5600/1867 1210/5601/1867
f 1211/5602/1868 1210/5603/1868 1212/5604/1868
f 1213/5605/1869 1212/5606/1869 1214/5607/1869
f 1215/5608/1870 1214/5609/1870 1216/5610/1870
f 1212/5611/1871 1210/5612/1871 1216/5613/1871
f 1211/5614/1872 1213/5615/1872 1215/5616/1872
f 1217/5617/1873 1224/5618/1873 1218/5619/1873
f 1219/5620/1874 1218/5621/1874 1220/5622/1874
f 1221/5623/1875 1220/5624/1875 1222/5625/1875
f 1223/5626/1876 1222/5627/1876 1224/5628/1876
f 1220/5629/1877 1218/5630/1877 1224/5631/1877
f 1219/5632/1878 1221/5633/1878 1223/5634/1878
f 1225/5635/1879 1232/5636/1879 1226/5637/1879
f 1227/5638/1880 1226/5639/1880 1228/5640/1880
f 1229/5641/1881 1228/5642/1881 1230/5643/1881
f 1231/5644/1882 1230/5645/1882 1232/5646/1882
f 1228/5647/1883 1226/5648/1883 1232/5649/1883
f 1227/5650/1884 1229/5651/1884 1231/5652/1884
f 1233/5653/1885 1240/5654/1885 1234/5655/1885
f 1236/5656/1886 1233/5657/1886 1235/5658/1886
f 1238/5659/1887 1236/5660/1887 1237/5661/1887
f 1240/5662/1888 1238/5663/1888 1239/5664/1888
f 1237/5665/1889 1235/5666/1889 1234/5667/1889
f 1233/5668/1890 1236/5669/1890 1238/5670/1890
f 1241/5671/1891 1248/5672/1891 1242/5673/1891
f 1244/5674/1892 1241/5675/1892 1243/5676/1892
f 1246/5677/1893 1244/5678/1893 1245/5679/1893
f 1248/5680/1894 1246/5681/1894 1247/5682/1894
f 1245/5683/1895 1243/5684/1895 1242/5685/1895
f 1241/5686/1896 1244/5687/1896 1246/5688/1896
f 1249/5689/1897 1256/5690/1897 1250/5691/1897
f 1252/5692/1898 1249/5693/1898 1251/5694/1898
f 1254/5695/1899 1252/5696/1899 1253/5697/1899
f 1256/5698/1900 1254/5699/1900 1255/5700/1900
f 1255/5701/1901 1253/5702/1901 1251/5703/1901
f 1249/5704/1902 1252/5705/1902 1254/5706/1902
f 1257/5707/1903 1264/5708/1903 1258/5709/1903
f 1260/5710/1904 1257/5711/1904 1259/5712/1904
f 1262/5713/1905 1260/5714/1905 1261/5715/1905
f 1264/5716/1906 1262/5717/1906 1263/5718/1906
f 1261/5719/1907 1259/5720/1907 1258/5721/1907
f 1264/5722/1908 1257/5723/1908 1260/5724/1908
f 1265/5725/1909 1272/5726/1909 1266/5727/1909
f 1268/5728/1910 1265/5729/1910 1267/5730/1910
f 1270/5731/1911 1268/5732/1911 1269/5733/1911
f 1272/5734/1912 1270/5735/1912 1271/5736/1912
f 1269/5737/1913 1267/5738/1913 1266/5739/1913
f 1265/5740/1914 1268/5741/1914 1270/5742/1914
f 1273/5743/1915 1280/5744/1915 1274/5745/1915
f 1275/5746/1916 1274/5747/1916 1276/5748/1916
f 1277/5749/1917 1276/5750/1917 1278/5751/1917
f 1279/5752/1918 1278/5753/1918 1280/5754/1918
f 1276/5755/1919 1274/5756/1919 1280/5757/1919
f 1275/5758/1920 1277/5759/1920 1279/5760/1920
f 1281/5761/1921 1282/5762/1921 1283/5763/1921
f 1283/5764/1922 1284/5765/1922 1285/5766/1922
f 1285/5767/1923 1286/5768/1923 1287/5769/1923
f 1287/5770/1924 1288/5771/1924 1281/5772/1924
f 1284/5773/1925 1288/5774/1925 1286/5775/1925
f 1283/5776/1926 1287/5777/1926 1281/5778/1926
f 1281/5779/1927 1288/5780/1927 1282/5781/1927
f 1283/5782/1928 1282/5783/1928 1284/5784/1928
f 1285/5785/1929 1284/5786/1929 1286/5787/1929
f 1287/5788/1930 1286/5789/1930 1288/5790/1930
f 1284/5791/1931 1282/5792/1931 1288/5793/1931
f 1283/5794/1932 1285/5795/1932 1287/5796/1932
