# Blender 4.4.3
# www.blender.org
mtllib killa_h.mtl
o killa_h
v 0.224015 1.936439 -0.448296
v -0.001308 1.940068 -0.500189
v 0.224015 1.531179 -0.476635
v -0.001308 1.534808 -0.528528
v -0.008337 1.937944 -0.469814
v 0.216986 1.934315 -0.417921
v -0.008337 1.532684 -0.498153
v 0.216986 1.529055 -0.446260
v 0.055575 2.183405 -0.147365
v 0.055575 2.156189 -0.256523
v 0.045607 2.161160 -0.141818
v 0.045607 2.133944 -0.250976
v -0.001741 2.180371 -0.262552
v -0.001741 2.207587 -0.153394
v -0.011710 2.158125 -0.257006
v -0.011710 2.185341 -0.147847
v 0.107160 2.161642 -0.141938
v 0.107160 2.137450 -0.238968
v 0.097191 2.139396 -0.136392
v 0.097191 2.115204 -0.233422
v 0.055575 2.159213 -0.244394
v 0.055575 2.183405 -0.147365
v 0.045607 2.136968 -0.238848
v 0.045607 2.161160 -0.141818
v 0.260123 2.095489 -0.132339
v 0.263723 2.075851 -0.204633
v 0.250155 2.073243 -0.126793
v 0.253754 2.053605 -0.199087
v 0.103457 2.141251 -0.230378
v 0.099858 2.160889 -0.158085
v 0.093489 2.119005 -0.224832
v 0.089889 2.138643 -0.152538
v 0.046201 2.050383 -0.216161
v 0.085603 2.111821 -0.317639
v 0.040451 1.928513 -0.292177
v 0.079853 1.989951 -0.393656
v -0.003289 2.130493 -0.340849
v -0.042690 2.069055 -0.239371
v -0.009039 2.008622 -0.416866
v -0.048441 1.947184 -0.315387
v 0.104712 2.022039 -0.210602
v 0.144114 2.083477 -0.312081
v 0.100462 1.931961 -0.266789
v 0.139864 1.993399 -0.368267
v 0.084853 2.095925 -0.327554
v 0.045451 2.034487 -0.226076
v 0.080603 2.005847 -0.383741
v 0.041201 1.944409 -0.282262
v 0.169649 2.003048 -0.196887
v 0.209051 2.064486 -0.298365
v 0.166399 1.934165 -0.239852
v 0.205801 1.995603 -0.341331
v 0.143864 2.078179 -0.315386
v 0.104462 2.016741 -0.213907
v 0.140614 2.009295 -0.358352
v 0.101212 1.947857 -0.256873
v 0.228411 1.980003 -0.188023
v 0.267812 2.041441 -0.289502
v 0.226410 1.937613 -0.214464
v 0.265812 1.999051 -0.315942
v 0.208551 2.053889 -0.304975
v 0.169149 1.992451 -0.203497
v 0.206551 2.011499 -0.331416
v 0.167149 1.950061 -0.229937
v 0.101996 2.145419 0.212689
v 0.108731 2.161678 0.101574
v 0.092546 2.122607 0.208778
v 0.099281 2.138866 0.097663
v -0.000980 2.207122 0.101574
v -0.007715 2.190863 0.212689
v -0.010429 2.184309 0.097663
v -0.017164 2.168050 0.208778
v 0.264797 2.081159 0.194169
v 0.270409 2.094709 0.101574
v 0.255348 2.058347 0.190259
v 0.260960 2.071896 0.097663
v 0.108731 2.161678 0.101574
v 0.103118 2.148129 0.194169
v 0.099281 2.138866 0.097663
v 0.093669 2.125316 0.190259
v 0.084603 2.090626 0.343359
v 0.045201 2.029188 0.241881
v 0.079853 1.989951 0.406155
v 0.040451 1.928513 0.304677
v -0.043690 2.047860 0.265091
v -0.004289 2.109298 0.366569
v -0.048441 1.947184 0.327887
v -0.009039 2.008622 0.429366
v 0.143114 2.062283 0.337801
v 0.103712 2.000845 0.236322
v 0.139864 1.993399 0.380767
v 0.100462 1.931961 0.279288
v 0.044451 2.013292 0.251796
v 0.083853 2.074730 0.353274
v 0.041201 1.944409 0.294762
v 0.080603 2.005847 0.396240
v 0.208051 2.043291 0.324085
v 0.168649 1.981853 0.222607
v 0.205801 1.995603 0.353831
v 0.166399 1.934165 0.252352
v 0.103462 1.995546 0.239627
v 0.142864 2.056984 0.341106
v 0.101212 1.947857 0.269373
v 0.140614 2.009295 0.370852
v 0.266812 2.020246 0.315222
v 0.227410 1.958808 0.213743
v 0.265812 1.999051 0.328442
v 0.226410 1.937613 0.226963
v 0.168149 1.971256 0.229217
v 0.207551 2.032694 0.330695
v 0.167149 1.950061 0.242437
v 0.206551 2.011499 0.343915
v 0.324061 2.009933 0.154444
v 0.324061 2.009933 -0.176806
v 0.332646 1.869571 0.154444
v 0.332646 1.869571 -0.176806
v 0.261678 2.006118 -0.176806
v 0.261678 2.006118 0.154444
v 0.270262 1.865755 -0.176806
v 0.270262 1.865755 0.154444
v 0.282381 2.092088 -0.191275
v 0.281259 2.042237 -0.305899
v 0.290330 2.012151 -0.156588
v 0.289209 1.962300 -0.271212
v 0.219020 2.037252 -0.303122
v 0.220142 2.087103 -0.188498
v 0.226970 1.957316 -0.268435
v 0.228091 2.007166 -0.153811
v 0.281035 2.032267 0.291323
v 0.282381 2.092088 0.153774
v 0.288984 1.952330 0.256637
v 0.290330 2.012151 0.119088
v 0.220142 2.087103 0.150998
v 0.218796 2.027282 0.288547
v 0.228091 2.007166 0.116311
v 0.226745 1.947346 0.253860
v 0.286457 1.591041 0.318891
v 0.271284 2.022019 0.320865
v 0.334370 1.593439 0.163633
v 0.319196 2.024417 0.165607
v 0.235475 2.020809 0.309796
v 0.250649 1.589831 0.307822
v 0.283387 2.023207 0.154538
v 0.298561 1.592229 0.152564
v 0.271065 2.100878 0.156250
v 0.271065 2.100878 -0.175000
v 0.326236 1.999264 0.156250
v 0.326236 1.999264 -0.175000
v 0.221631 2.074037 -0.175000
v 0.221631 2.074037 0.156250
v 0.276803 1.972424 -0.175000
v 0.276803 1.972424 0.156250
v 0.331250 1.868750 0.156250
v 0.331250 1.868750 -0.206250
v 0.331250 1.631250 0.156250
v 0.331250 1.631250 -0.206250
v 0.275000 1.868750 -0.206250
v 0.275000 1.868750 0.156250
v 0.275000 1.631250 -0.206250
v 0.275000 1.631250 0.156250
v 0.331250 1.631250 0.156250
v 0.331250 1.631250 -0.143750
v 0.331250 1.568750 0.156250
v 0.331250 1.568750 -0.143750
v 0.275000 1.631250 -0.143750
v 0.275000 1.631250 0.156250
v 0.275000 1.568750 -0.143750
v 0.275000 1.568750 0.156250
v 0.321915 1.863714 -0.186312
v 0.321629 2.007419 -0.182706
v 0.288930 1.866998 -0.319757
v 0.288644 2.010702 -0.316150
v 0.285224 2.007121 -0.173714
v 0.285510 1.863416 -0.177321
v 0.252239 2.010404 -0.307159
v 0.252525 1.866700 -0.310766
v 0.282381 2.086907 -0.189469
v 0.281315 2.039549 -0.298362
v 0.290330 2.006970 -0.154782
v 0.289265 1.959612 -0.263675
v 0.219076 2.034564 -0.295585
v 0.220142 2.081922 -0.186692
v 0.227026 1.954628 -0.260898
v 0.228091 2.001986 -0.152005
v -0.029412 2.137163 -0.200072
v 0.241978 2.035700 -0.151677
v -0.029412 2.079313 -0.321357
v 0.241978 1.977850 -0.272962
v 0.270679 2.098241 -0.181508
v -0.000710 2.199704 -0.229903
v 0.270679 2.040391 -0.302792
v -0.000710 2.141854 -0.351188
v -0.029412 2.165295 -0.044842
v 0.247752 2.051472 -0.029857
v -0.029412 2.147755 -0.178067
v 0.247752 2.033932 -0.163082
v 0.276453 2.120170 -0.038901
v -0.000710 2.233993 -0.053886
v 0.276453 2.102630 -0.172126
v -0.000710 2.216453 -0.187112
v -0.029412 2.146134 0.158886
v 0.247752 2.032590 0.141916
v -0.029412 2.165996 0.025987
v 0.247752 2.052452 0.009017
v 0.276453 2.101120 0.152158
v -0.000710 2.214664 0.169128
v 0.276453 2.120982 0.019259
v -0.000710 2.234526 0.036229
v -0.000710 2.009375 0.441264
v 0.270679 2.011337 0.328868
v -0.000710 1.600062 0.434119
v 0.270679 1.602024 0.321723
v 0.241978 2.012546 0.259587
v -0.029412 2.010584 0.371984
v 0.241978 1.603233 0.252443
v -0.029412 1.601272 0.364839
v -0.018978 2.010028 -0.408605
v 0.280004 2.007816 -0.266018
v -0.018856 1.875673 -0.410947
v 0.280127 1.873461 -0.268360
v 0.298839 2.008521 -0.305500
v -0.000144 2.010733 -0.448087
v 0.298961 1.874166 -0.307842
v -0.000021 1.876379 -0.450429
v 0.277855 2.117472 0.034867
v 0.006465 2.229885 0.034867
v 0.277855 2.117472 -0.055758
v 0.006465 2.229885 -0.055758
v -0.029412 2.143271 0.034867
v 0.241978 2.030858 0.034867
v -0.029412 2.143271 -0.055758
v 0.241978 2.030858 -0.055758
v -0.000710 2.203543 0.196660
v 0.270679 2.102081 0.148265
v -0.000710 2.118786 0.374356
v 0.270679 2.017324 0.325961
v 0.241978 2.039540 0.118434
v -0.029412 2.141002 0.166829
v 0.241978 1.954783 0.296131
v -0.029412 2.056245 0.344526
v 0.007715 2.190863 0.212689
v 0.000980 2.207122 0.101574
v 0.017164 2.168050 0.208778
v 0.010429 2.184309 0.097663
v -0.108731 2.161678 0.101574
v -0.101996 2.145419 0.212689
v -0.099281 2.138866 0.097663
v -0.092546 2.122607 0.208778
v -0.103118 2.148129 0.194169
v -0.108731 2.161678 0.101574
v -0.093669 2.125316 0.190259
v -0.099281 2.138866 0.097663
v -0.270409 2.094709 0.101574
v -0.264797 2.081159 0.194169
v -0.260960 2.071896 0.097663
v -0.255348 2.058347 0.190259
v -0.099858 2.160889 -0.158085
v -0.103457 2.141251 -0.230378
v -0.089889 2.138643 -0.152538
v -0.093489 2.119005 -0.224832
v -0.263723 2.075851 -0.204633
v -0.260123 2.095489 -0.132339
v -0.253754 2.053605 -0.199087
v -0.250155 2.073243 -0.126793
v -0.055575 2.183405 -0.147365
v -0.055575 2.159213 -0.244394
v -0.045607 2.161160 -0.141818
v -0.045607 2.136968 -0.238848
v -0.107160 2.137450 -0.238968
v -0.107160 2.161642 -0.141938
v -0.097191 2.115204 -0.233422
v -0.097191 2.139396 -0.136392
v 0.001741 2.207587 -0.153394
v 0.001741 2.180371 -0.262552
v 0.011710 2.185341 -0.147847
v 0.011710 2.158125 -0.257006
v -0.055575 2.156189 -0.256523
v -0.055575 2.183405 -0.147365
v -0.045607 2.133944 -0.250976
v -0.045607 2.161160 -0.141818
v 0.004289 2.109298 0.366569
v 0.043690 2.047860 0.265091
v 0.009039 2.008622 0.429366
v 0.048441 1.947184 0.327887
v -0.045201 2.029188 0.241881
v -0.084603 2.090626 0.343359
v -0.040451 1.928513 0.304677
v -0.079853 1.989951 0.406155
v -0.083853 2.074730 0.353274
v -0.044451 2.013292 0.251796
v -0.080603 2.005847 0.396240
v -0.041201 1.944409 0.294762
v -0.103712 2.000845 0.236322
v -0.143114 2.062283 0.337801
v -0.100462 1.931961 0.279288
v -0.139864 1.993399 0.380767
v -0.142864 2.056984 0.341106
v -0.103462 1.995546 0.239627
v -0.140614 2.009295 0.370852
v -0.101212 1.947857 0.269373
v -0.168649 1.981853 0.222607
v -0.208051 2.043291 0.324085
v -0.166399 1.934165 0.252352
v -0.205801 1.995603 0.353831
v -0.207551 2.032694 0.330695
v -0.168149 1.971256 0.229217
v -0.206551 2.011499 0.343915
v -0.167149 1.950061 0.242437
v -0.227410 1.958808 0.213743
v -0.266812 2.020246 0.315222
v -0.226410 1.937613 0.226963
v -0.265812 1.999051 0.328442
v -0.169149 1.992451 -0.203497
v -0.208551 2.053889 -0.304975
v -0.167149 1.950061 -0.229937
v -0.206551 2.011499 -0.331416
v -0.267812 2.041441 -0.289502
v -0.228411 1.980003 -0.188023
v -0.265812 1.999051 -0.315942
v -0.226410 1.937613 -0.214464
v -0.104462 2.016741 -0.213907
v -0.143864 2.078179 -0.315386
v -0.101212 1.947857 -0.256873
v -0.140614 2.009295 -0.358352
v -0.209051 2.064486 -0.298365
v -0.169649 2.003048 -0.196887
v -0.205801 1.995603 -0.341331
v -0.166399 1.934165 -0.239852
v -0.045451 2.034487 -0.226076
v -0.084853 2.095925 -0.327554
v -0.041201 1.944409 -0.282262
v -0.080603 2.005847 -0.383741
v -0.144114 2.083477 -0.312081
v -0.104712 2.022039 -0.210602
v -0.139864 1.993399 -0.368267
v -0.100462 1.931961 -0.266789
v 0.042690 2.069055 -0.239371
v 0.003289 2.130493 -0.340849
v 0.048441 1.947184 -0.315387
v 0.009039 2.008622 -0.416866
v -0.085603 2.111821 -0.317639
v -0.046201 2.050383 -0.216161
v -0.079853 1.989951 -0.393656
v -0.040451 1.928513 -0.292177
v -0.261678 2.006118 0.154444
v -0.261678 2.006118 -0.176806
v -0.270262 1.865755 0.154444
v -0.270262 1.865755 -0.176806
v -0.324061 2.009933 -0.176806
v -0.324061 2.009933 0.154444
v -0.332646 1.869571 -0.176806
v -0.332646 1.869571 0.154444
v -0.220142 2.087103 -0.188498
v -0.219020 2.037252 -0.303122
v -0.228091 2.007166 -0.153811
v -0.226970 1.957316 -0.268435
v -0.281259 2.042237 -0.305899
v -0.282381 2.092088 -0.191275
v -0.289209 1.962300 -0.271212
v -0.290330 2.012151 -0.156588
v -0.250649 1.589831 0.307822
v -0.235475 2.020809 0.309796
v -0.298561 1.592229 0.152564
v -0.283387 2.023207 0.154538
v -0.271284 2.022019 0.320865
v -0.286457 1.591041 0.318891
v -0.319196 2.024417 0.165607
v -0.334370 1.593439 0.163633
v -0.221631 2.074037 0.156250
v -0.221631 2.074037 -0.175000
v -0.276803 1.972424 0.156250
v -0.276803 1.972424 -0.175000
v -0.271065 2.100878 -0.175000
v -0.271065 2.100878 0.156250
v -0.326236 1.999264 -0.175000
v -0.326236 1.999264 0.156250
v -0.275000 1.868750 0.156250
v -0.275000 1.868750 -0.206250
v -0.275000 1.631250 0.156250
v -0.275000 1.631250 -0.206250
v -0.331250 1.868750 -0.206250
v -0.331250 1.868750 0.156250
v -0.331250 1.631250 -0.206250
v -0.331250 1.631250 0.156250
v -0.220142 2.081922 -0.186692
v -0.219076 2.034564 -0.295585
v -0.228091 2.001986 -0.152005
v -0.227026 1.954628 -0.260898
v -0.281315 2.039549 -0.298362
v -0.282381 2.086907 -0.189469
v -0.289265 1.959612 -0.263675
v -0.290330 2.006970 -0.154782
v -0.285510 1.863416 -0.177321
v -0.285224 2.007121 -0.173714
v -0.252525 1.866700 -0.310766
v -0.252239 2.010404 -0.307159
v -0.321629 2.007419 -0.182706
v -0.321915 1.863714 -0.186312
v -0.288644 2.010702 -0.316150
v -0.288930 1.866998 -0.319757
v -0.275000 1.631250 0.156250
v -0.275000 1.631250 -0.143750
v -0.275000 1.568750 0.156250
v -0.275000 1.568750 -0.143750
v -0.331250 1.631250 -0.143750
v -0.331250 1.631250 0.156250
v -0.331250 1.568750 -0.143750
v -0.331250 1.568750 0.156250
v -0.218796 2.027282 0.288547
v -0.220142 2.087103 0.150998
v -0.226745 1.947346 0.253860
v -0.228091 2.007166 0.116311
v -0.282381 2.092088 0.153774
v -0.281035 2.032267 0.291323
v -0.290330 2.012151 0.119088
v -0.288984 1.952330 0.256637
v 0.000710 2.199704 -0.229903
v -0.270679 2.098241 -0.181508
v 0.000710 2.141854 -0.351188
v -0.270679 2.040391 -0.302792
v -0.241978 2.035700 -0.151677
v 0.029412 2.137163 -0.200072
v -0.241978 1.977850 -0.272962
v 0.029412 2.079313 -0.321357
v 0.000710 2.233993 -0.053886
v -0.276453 2.120170 -0.038901
v 0.000710 2.216453 -0.187112
v -0.276453 2.102630 -0.172126
v -0.247752 2.051472 -0.029857
v 0.029412 2.165295 -0.044842
v -0.247752 2.033932 -0.163082
v 0.029412 2.147755 -0.178067
v 0.000710 2.214664 0.169128
v -0.276453 2.101120 0.152158
v 0.000710 2.234526 0.036229
v -0.276453 2.120982 0.019259
v -0.247752 2.032590 0.141916
v 0.029412 2.146134 0.158886
v -0.247752 2.052452 0.009017
v 0.029412 2.165996 0.025987
v 0.029412 2.010584 0.371984
v -0.241978 2.012546 0.259587
v 0.029412 1.601272 0.364839
v -0.241978 1.603233 0.252443
v -0.270679 2.011337 0.328868
v 0.000710 2.009375 0.441264
v -0.270679 1.602024 0.321723
v 0.000710 1.600062 0.434119
v 0.000144 2.010733 -0.448087
v -0.298839 2.008521 -0.305500
v 0.000021 1.876379 -0.450429
v -0.298961 1.874166 -0.307842
v -0.280004 2.007816 -0.266018
v 0.018978 2.010028 -0.408605
v -0.280127 1.873461 -0.268360
v 0.018856 1.875673 -0.410947
v 0.029412 2.141002 0.166829
v -0.241978 2.039540 0.118434
v 0.029412 2.056245 0.344526
v -0.241978 1.954783 0.296131
v -0.270679 2.102081 0.148265
v 0.000710 2.203543 0.196660
v -0.270679 2.017324 0.325961
v 0.000710 2.118786 0.374356
v -0.241978 2.030858 0.034867
v 0.029412 2.143271 0.034867
v -0.241978 2.030858 -0.055758
v 0.029412 2.143271 -0.055758
v -0.006465 2.229885 0.034867
v -0.277855 2.117472 0.034867
v -0.006465 2.229885 -0.055758
v -0.277855 2.117472 -0.055758
v 0.009561 1.643750 0.438102
v 0.031375 1.643750 0.372904
v 0.009561 1.593750 0.438102
v 0.031375 1.593750 0.372904
v -0.253122 1.643750 0.277713
v -0.274936 1.643750 0.342910
v -0.253122 1.593750 0.277713
v -0.274936 1.593750 0.342910
v -0.289402 1.645464 0.333971
v -0.241196 1.644699 0.320721
v -0.286238 1.597649 0.348243
v -0.238032 1.596884 0.334993
v -0.291143 1.588130 0.142272
v -0.339349 1.588895 0.155522
v -0.287979 1.540314 0.156544
v -0.336185 1.541080 0.169794
v -0.268750 1.812500 -0.156250
v -0.268750 1.812500 -0.218750
v -0.268750 1.650000 -0.156250
v -0.268750 1.650000 -0.218750
v -0.337500 1.812500 -0.218750
v -0.337500 1.812500 -0.156250
v -0.337500 1.650000 -0.218750
v -0.337500 1.650000 -0.156250
v -0.274384 1.812500 -0.209466
v -0.274384 1.875000 -0.209466
v -0.245655 1.812500 -0.324688
v -0.245655 1.875000 -0.324688
v -0.328963 1.875000 -0.223074
v -0.328963 1.812500 -0.223074
v -0.300235 1.875000 -0.338296
v -0.300235 1.812500 -0.338296
v -0.277841 1.812500 -0.289596
v -0.277841 1.875000 -0.289596
v 0.016710 1.812500 -0.426947
v 0.016710 1.875000 -0.426947
v -0.298971 1.875000 -0.334911
v -0.298971 1.812500 -0.334911
v -0.004421 1.875000 -0.472262
v -0.004421 1.812500 -0.472262
v -0.268750 1.544402 0.158524
v -0.268750 1.594334 0.155907
v -0.268750 1.530991 -0.097375
v -0.268750 1.580923 -0.099992
v -0.337500 1.594334 0.155907
v -0.337500 1.544402 0.158524
v -0.337500 1.580923 -0.099992
v -0.337500 1.530991 -0.097375
v -0.267275 1.778102 -0.182023
v -0.267275 1.809038 -0.151087
v -0.255097 1.839372 -0.243293
v -0.255097 1.870307 -0.212357
v -0.341545 1.816419 -0.158468
v -0.341545 1.785483 -0.189404
v -0.329367 1.877688 -0.219738
v -0.329367 1.846752 -0.250674
v -0.268750 1.523353 -0.102367
v -0.268750 1.558709 -0.067012
v -0.268750 1.642678 -0.221691
v -0.268750 1.678033 -0.186336
v -0.343750 1.558709 -0.067012
v -0.343750 1.523353 -0.102367
v -0.343750 1.678033 -0.186336
v -0.343750 1.642678 -0.221691
v 0.274936 1.643750 0.342910
v 0.253122 1.643750 0.277713
v 0.274936 1.593750 0.342910
v 0.253122 1.593750 0.277713
v -0.031375 1.643750 0.372904
v -0.009561 1.643750 0.438102
v -0.031375 1.593750 0.372904
v -0.009561 1.593750 0.438102
v 0.339349 1.588895 0.155522
v 0.291143 1.588130 0.142272
v 0.336185 1.541080 0.169794
v 0.287979 1.540314 0.156544
v 0.241196 1.644699 0.320721
v 0.289402 1.645464 0.333971
v 0.238032 1.596884 0.334993
v 0.286238 1.597649 0.348243
v 0.337500 1.812500 -0.156250
v 0.337500 1.812500 -0.218750
v 0.337500 1.650000 -0.156250
v 0.337500 1.650000 -0.218750
v 0.268750 1.812500 -0.218750
v 0.268750 1.812500 -0.156250
v 0.268750 1.650000 -0.218750
v 0.268750 1.650000 -0.156250
v 0.328963 1.812500 -0.223074
v 0.328963 1.875000 -0.223074
v 0.300235 1.812500 -0.338296
v 0.300235 1.875000 -0.338296
v 0.274384 1.875000 -0.209466
v 0.274384 1.812500 -0.209466
v 0.245655 1.875000 -0.324688
v 0.245655 1.812500 -0.324688
v 0.341545 1.785483 -0.189404
v 0.341545 1.816419 -0.158468
v 0.329367 1.846752 -0.250674
v 0.329367 1.877688 -0.219738
v 0.267275 1.809038 -0.151087
v 0.267275 1.778102 -0.182023
v 0.255097 1.870307 -0.212357
v 0.255097 1.839372 -0.243293
v 0.343750 1.523353 -0.102367
v 0.343750 1.558709 -0.067012
v 0.343750 1.642678 -0.221691
v 0.343750 1.678033 -0.186336
v 0.268750 1.558709 -0.067012
v 0.268750 1.523353 -0.102367
v 0.268750 1.678033 -0.186336
v 0.268750 1.642678 -0.221691
v 0.337500 1.544402 0.158524
v 0.337500 1.594334 0.155907
v 0.337500 1.530991 -0.097375
v 0.337500 1.580923 -0.099992
v 0.268750 1.594334 0.155907
v 0.268750 1.544402 0.158524
v 0.268750 1.580923 -0.099992
v 0.268750 1.530991 -0.097375
v 0.298971 1.812500 -0.334911
v 0.298971 1.875000 -0.334911
v 0.004421 1.812500 -0.472262
v 0.004421 1.875000 -0.472262
v 0.277841 1.875000 -0.289596
v 0.277841 1.812500 -0.289596
v -0.016710 1.875000 -0.426947
v -0.016710 1.812500 -0.426947
v 0.411104 1.873940 0.012396
v 0.411104 1.873940 -0.050104
v 0.411104 1.811440 0.012396
v 0.411104 1.811440 -0.050104
v 0.273604 1.873940 -0.050104
v 0.273604 1.873940 0.012396
v 0.273604 1.811440 -0.050104
v 0.273604 1.811440 0.012396
v 0.348604 1.936440 0.074896
v 0.348604 1.936440 -0.112604
v 0.348604 1.748940 0.074896
v 0.348604 1.748940 -0.112604
v 0.273604 1.936440 -0.112604
v 0.273604 1.936440 0.074896
v 0.273604 1.748940 -0.112604
v 0.273604 1.748940 0.074896
v -0.273604 1.873940 0.012396
v -0.273604 1.873940 -0.050104
v -0.273604 1.811440 0.012396
v -0.273604 1.811440 -0.050104
v -0.411104 1.873940 -0.050104
v -0.411104 1.873940 0.012396
v -0.411104 1.811440 -0.050104
v -0.411104 1.811440 0.012396
v -0.273604 1.936440 0.074896
v -0.273604 1.936440 -0.112604
v -0.273604 1.748940 0.074896
v -0.273604 1.748940 -0.112604
v -0.348604 1.936440 -0.112604
v -0.348604 1.936440 0.074896
v -0.348604 1.748940 -0.112604
v -0.348604 1.748940 0.074896
v 0.393750 1.901738 0.047957
v 0.393750 1.910457 -0.076738
v 0.393750 1.777043 0.039238
v 0.393750 1.785762 -0.085458
v 0.362500 1.910457 -0.076738
v 0.362500 1.901738 0.047957
v 0.362500 1.785762 -0.085458
v 0.362500 1.777043 0.039238
v 0.382017 1.915625 -0.150634
v 0.354641 1.927682 -0.323059
v 0.382017 1.566477 -0.175049
v 0.354641 1.578534 -0.347473
v 0.323776 1.927341 -0.318182
v 0.351152 1.915284 -0.145758
v 0.323776 1.578194 -0.342597
v 0.351152 1.566136 -0.170172
v 0.309697 1.930714 -0.366415
v 0.227206 1.936672 -0.451629
v 0.309697 1.525453 -0.394754
v 0.227206 1.531412 -0.479967
v 0.204727 1.935158 -0.429974
v 0.287217 1.929199 -0.344760
v 0.204727 1.529898 -0.458312
v 0.287217 1.523939 -0.373099
v 0.226827 1.899880 -0.463062
v 0.001504 1.903509 -0.514955
v 0.226827 1.725307 -0.475269
v 0.001504 1.728935 -0.527162
v -0.008337 1.900535 -0.472430
v 0.216986 1.896907 -0.420537
v -0.008337 1.725962 -0.484638
v 0.216986 1.722333 -0.432744
v 0.400000 1.916692 -0.076302
v 0.400000 1.921924 -0.151119
v 0.400000 1.648597 -0.095049
v 0.400000 1.653829 -0.169866
v 0.362500 1.921924 -0.151119
v 0.362500 1.916692 -0.076302
v 0.362500 1.653829 -0.169866
v 0.362500 1.648597 -0.095049
v 0.353113 1.927578 -0.321566
v 0.309697 1.930714 -0.366415
v 0.353113 1.547256 -0.348161
v 0.309697 1.550392 -0.393010
v 0.287217 1.929199 -0.344760
v 0.330633 1.926063 -0.299911
v 0.287217 1.548878 -0.371355
v 0.330633 1.545742 -0.326505
v -0.362500 1.901738 0.047957
v -0.362500 1.910457 -0.076738
v -0.362500 1.777043 0.039238
v -0.362500 1.785762 -0.085458
v -0.393750 1.910457 -0.076738
v -0.393750 1.901738 0.047957
v -0.393750 1.785762 -0.085458
v -0.393750 1.777043 0.039238
v -0.362500 1.916692 -0.076302
v -0.362500 1.921924 -0.151119
v -0.362500 1.648597 -0.095049
v -0.362500 1.653829 -0.169866
v -0.400000 1.921924 -0.151119
v -0.400000 1.916692 -0.076302
v -0.400000 1.653829 -0.169866
v -0.400000 1.648597 -0.095049
v -0.351152 1.915284 -0.145758
v -0.323776 1.927341 -0.318182
v -0.351152 1.566136 -0.170172
v -0.323776 1.578194 -0.342597
v -0.354641 1.927682 -0.323059
v -0.382017 1.915625 -0.150634
v -0.354641 1.578534 -0.347473
v -0.382017 1.566477 -0.175049
v -0.330633 1.926063 -0.299911
v -0.287217 1.929199 -0.344760
v -0.330633 1.545742 -0.326505
v -0.287217 1.548878 -0.371355
v -0.309697 1.930714 -0.366415
v -0.353113 1.927578 -0.321566
v -0.309697 1.550392 -0.393010
v -0.353113 1.547256 -0.348161
v -0.287217 1.929199 -0.344760
v -0.204727 1.935158 -0.429974
v -0.287217 1.523939 -0.373099
v -0.204727 1.529898 -0.458312
v -0.227206 1.936672 -0.451629
v -0.309697 1.930714 -0.366415
v -0.227206 1.531412 -0.479967
v -0.309697 1.525453 -0.394754
v -0.216986 1.896907 -0.420537
v 0.008337 1.900535 -0.472430
v -0.216986 1.722333 -0.432744
v 0.008337 1.725962 -0.484638
v -0.001504 1.903509 -0.514955
v -0.226827 1.899880 -0.463062
v -0.001504 1.728935 -0.527162
v -0.226827 1.725307 -0.475269
v -0.216986 1.934315 -0.417921
v 0.008337 1.937944 -0.469814
v -0.216986 1.529055 -0.446260
v 0.008337 1.532684 -0.498153
v 0.001308 1.940068 -0.500189
v -0.224015 1.936439 -0.448296
v 0.001308 1.534808 -0.528528
v -0.224015 1.531179 -0.476635
vn -0.9744 0.0157 -0.2244
vn 0.2250 0.0680 -0.9720
vn 0.9744 -0.0157 0.2244
vn -0.2250 -0.0680 0.9720
vn -0.0000 0.9976 0.0698
vn -0.0000 -0.9976 -0.0697
vn -0.0000 -0.9976 -0.0698
vn -0.0000 -0.2419 -0.9703
vn 0.9171 -0.3869 0.0965
vn -0.0000 0.2419 0.9703
vn -0.9171 0.3869 -0.0965
vn 0.3988 0.8898 -0.2219
vn -0.3987 -0.8898 0.2219
vn 0.3987 0.8898 -0.2219
vn -0.3988 -0.8898 0.2219
vn 0.0480 -0.2618 -0.9639
vn 0.9158 -0.3737 0.1471
vn -0.0480 0.2618 0.9639
vn -0.0480 0.2619 0.9639
vn -0.9158 0.3737 -0.1471
vn 0.3152 0.4915 -0.8118
vn 0.9482 -0.1992 0.2476
vn -0.3152 -0.4915 0.8118
vn -0.9482 0.1992 -0.2476
vn 0.0400 0.8478 0.5288
vn -0.0400 -0.8478 -0.5288
vn 0.0599 0.1445 -0.9877
vn 0.9239 -0.3827 -0.0000
vn -0.0599 -0.1445 0.9877
vn -0.9239 0.3827 -0.0000
vn 0.3780 0.9125 0.1564
vn -0.3780 -0.9125 -0.1564
vn -0.3152 -0.4915 -0.8118
vn 0.9482 -0.1992 -0.2476
vn 0.3152 0.4915 0.8118
vn -0.9482 0.1992 0.2476
vn 0.0400 0.8478 -0.5288
vn -0.0400 -0.8478 0.5288
vn -0.0000 -0.0000 -1.0000
vn 0.9981 0.0610 -0.0000
vn -0.0000 -0.0000 1.0000
vn -0.9981 -0.0610 -0.0000
vn -0.0610 0.9981 -0.0000
vn 0.0611 -0.9981 -0.0000
vn -0.0090 -0.3988 -0.9170
vn 0.9958 0.0798 -0.0444
vn 0.9958 0.0797 -0.0444
vn 0.0090 0.3988 0.9170
vn -0.9958 -0.0798 0.0444
vn -0.0909 0.9136 -0.3964
vn 0.0908 -0.9136 0.3964
vn 0.0909 -0.9136 0.3964
vn 0.0090 0.3988 -0.9170
vn 0.9958 0.0797 0.0444
vn -0.0090 -0.3988 0.9170
vn -0.9958 -0.0797 -0.0444
vn -0.0909 0.9136 0.3964
vn 0.0909 -0.9136 -0.3964
vn 0.0908 -0.9136 -0.3964
vn -0.0352 0.9994 0.0046
vn 0.9549 0.0323 0.2952
vn 0.0352 -0.9994 -0.0046
vn -0.9549 -0.0323 -0.2952
vn -0.2948 -0.0148 0.9554
vn 0.2948 0.0148 -0.9554
vn 0.8788 0.4772 -0.0000
vn -0.8788 -0.4772 -0.0000
vn -0.4772 0.8788 -0.0000
vn 0.4772 -0.8788 -0.0000
vn 1.0000 -0.0000 -0.0000
vn -1.0000 -0.0000 -0.0000
vn -0.0000 1.0000 -0.0000
vn -0.0000 -1.0000 -0.0000
vn -0.0020 0.9997 0.0251
vn 0.9708 0.0079 -0.2398
vn 0.9708 0.0080 -0.2398
vn 0.0020 -0.9997 -0.0251
vn -0.9708 -0.0080 0.2398
vn 0.2399 -0.0239 0.9705
vn -0.2399 0.0239 -0.9705
vn 0.9239 -0.3454 0.1647
vn -0.3827 -0.8339 0.3977
vn -0.9239 0.3454 -0.1648
vn 0.3827 0.8339 -0.3977
vn -0.0000 0.4305 0.9026
vn -0.0000 -0.4305 -0.9026
vn 0.9239 -0.3794 0.0500
vn -0.3827 -0.9160 0.1206
vn -0.9239 0.3794 -0.0500
vn 0.3827 0.9160 -0.1206
vn -0.0000 0.1305 0.9914
vn -0.0000 -0.1305 -0.9914
vn 0.9239 -0.3785 -0.0566
vn -0.3827 -0.9137 -0.1366
vn -0.9239 0.3785 0.0566
vn 0.3827 0.9137 0.1366
vn -0.0000 -0.1478 0.9890
vn -0.0000 0.1478 -0.9890
vn 0.9239 0.0067 -0.3826
vn 0.3827 -0.0161 0.9237
vn -0.9239 -0.0067 0.3826
vn -0.3827 0.0161 -0.9237
vn -0.0000 0.9998 0.0175
vn -0.0000 -0.9998 -0.0174
vn -0.0000 -0.9998 -0.0175
vn 0.9026 -0.0067 0.4304
vn 0.9026 -0.0067 0.4305
vn -0.4305 -0.0161 0.9024
vn -0.9026 0.0067 -0.4305
vn -0.9026 0.0067 -0.4304
vn 0.4305 0.0161 -0.9024
vn -0.0009 0.9998 0.0174
vn 0.0009 -0.9998 -0.0174
vn 0.3827 0.9239 -0.0000
vn -0.3827 -0.9239 -0.0000
vn 0.9239 -0.3454 -0.1647
vn 0.3827 0.8339 0.3977
vn -0.9239 0.3454 0.1648
vn -0.3827 -0.8339 -0.3977
vn -0.0000 0.4305 -0.9026
vn -0.0000 -0.4305 0.9026
vn -0.0599 0.1445 -0.9877
vn 0.9239 0.3827 -0.0000
vn 0.0599 -0.1445 0.9877
vn -0.9239 -0.3827 -0.0000
vn -0.3780 0.9125 0.1564
vn 0.3780 -0.9125 -0.1564
vn -0.0480 -0.2618 -0.9639
vn 0.9158 0.3737 -0.1471
vn 0.0480 0.2619 0.9639
vn 0.0480 0.2618 0.9639
vn -0.9158 -0.3737 0.1471
vn -0.3988 0.8898 -0.2219
vn -0.3987 0.8898 -0.2219
vn 0.3987 -0.8898 0.2219
vn 0.3988 -0.8898 0.2219
vn 0.9171 0.3869 -0.0965
vn -0.9171 -0.3869 0.0965
vn 0.3152 -0.4915 -0.8118
vn 0.9482 0.1992 0.2476
vn -0.3152 0.4915 0.8118
vn -0.9482 -0.1992 -0.2476
vn -0.0400 0.8478 -0.5288
vn 0.0400 -0.8478 0.5288
vn -0.3152 0.4915 -0.8118
vn 0.9482 0.1992 -0.2476
vn 0.3152 -0.4915 0.8118
vn -0.9482 -0.1992 0.2476
vn -0.0400 0.8478 0.5288
vn 0.0400 -0.8478 -0.5288
vn 0.9981 -0.0610 -0.0000
vn -0.9981 0.0610 -0.0000
vn 0.0610 0.9981 -0.0000
vn -0.0611 -0.9981 -0.0000
vn 0.0090 -0.3988 -0.9170
vn 0.9958 -0.0798 0.0444
vn 0.9958 -0.0797 0.0444
vn -0.0090 0.3988 0.9170
vn -0.9958 0.0798 -0.0444
vn 0.0909 0.9136 -0.3964
vn -0.0908 -0.9136 0.3964
vn -0.0909 -0.9136 0.3964
vn 0.0352 0.9994 0.0046
vn 0.9549 -0.0323 -0.2952
vn -0.0352 -0.9994 -0.0046
vn -0.9549 0.0323 0.2952
vn 0.2948 -0.0148 0.9554
vn -0.2948 0.0148 -0.9554
vn 0.8788 -0.4772 -0.0000
vn -0.8788 0.4772 -0.0000
vn 0.4772 0.8788 -0.0000
vn -0.4772 -0.8788 -0.0000
vn 0.0020 0.9997 0.0251
vn 0.9708 -0.0080 0.2398
vn -0.0020 -0.9997 -0.0251
vn -0.9708 0.0079 -0.2398
vn -0.9708 0.0080 -0.2398
vn -0.2399 -0.0239 0.9705
vn 0.2399 0.0239 -0.9705
vn -0.0090 0.3988 -0.9170
vn 0.9958 -0.0797 -0.0444
vn 0.0090 -0.3988 0.9170
vn -0.9958 0.0797 0.0444
vn 0.0909 0.9136 0.3964
vn -0.0909 -0.9136 -0.3964
vn -0.0908 -0.9136 -0.3964
vn -0.9239 -0.3454 0.1647
vn -0.3827 0.8339 -0.3977
vn 0.9239 0.3454 -0.1648
vn 0.3827 -0.8339 0.3977
vn -0.9239 -0.3794 0.0500
vn -0.3827 0.9160 -0.1206
vn 0.9239 0.3794 -0.0500
vn 0.3827 -0.9160 0.1206
vn -0.9239 -0.3785 -0.0566
vn -0.3827 0.9137 0.1366
vn 0.9239 0.3785 0.0566
vn 0.3827 -0.9137 -0.1366
vn -0.9239 0.0067 -0.3826
vn 0.3827 0.0161 -0.9237
vn 0.9239 -0.0067 0.3826
vn -0.3827 -0.0161 0.9237
vn -0.9026 -0.0067 0.4304
vn -0.9026 -0.0067 0.4305
vn -0.4305 0.0161 -0.9024
vn 0.9026 0.0067 -0.4305
vn 0.9026 0.0067 -0.4304
vn 0.4305 -0.0161 0.9024
vn 0.0009 0.9998 0.0174
vn -0.0009 -0.9998 -0.0174
vn -0.9239 -0.3454 -0.1647
vn 0.3827 -0.8339 -0.3977
vn 0.9239 0.3454 0.1648
vn -0.3827 0.8339 0.3977
vn 0.3827 -0.9239 -0.0000
vn -0.3827 0.9239 -0.0000
vn 0.3173 -0.0000 -0.9483
vn 0.9483 -0.0000 0.3173
vn -0.3173 -0.0000 0.9483
vn -0.9483 -0.0000 -0.3173
vn 0.9641 -0.0153 -0.2650
vn 0.2578 0.2920 0.9210
vn -0.9641 0.0153 0.2650
vn -0.2578 -0.2920 -0.9210
vn -0.0633 0.9563 -0.2854
vn 0.0633 -0.9563 0.2854
vn 0.0633 -0.9563 0.2855
vn 0.9703 -0.0000 0.2419
vn -0.9703 -0.0000 -0.2419
vn -0.2419 -0.0000 0.9703
vn 0.2419 -0.0000 -0.9703
vn 0.4226 -0.0000 0.9063
vn -0.4226 -0.0000 -0.9063
vn -0.9063 -0.0000 0.4226
vn 0.9063 -0.0000 -0.4226
vn -0.0000 0.9986 -0.0523
vn -0.0000 -0.9986 0.0523
vn -0.0000 0.0523 0.9986
vn -0.0000 -0.0523 -0.9986
vn -0.0000 0.7071 0.7071
vn 0.9903 -0.0984 0.0984
vn -0.0000 -0.7071 -0.7071
vn -0.9903 0.0984 -0.0984
vn -0.1392 -0.7002 0.7002
vn 0.1392 0.7002 -0.7002
vn -0.0000 -0.7071 0.7071
vn -0.0000 0.7071 -0.7071
vn -0.3173 -0.0000 -0.9483
vn 0.9483 -0.0000 -0.3173
vn 0.3173 -0.0000 0.9483
vn -0.9483 -0.0000 0.3173
vn -0.9641 -0.0153 -0.2650
vn 0.2578 -0.2920 -0.9210
vn 0.9641 0.0153 0.2650
vn -0.2578 0.2920 0.9210
vn 0.0633 0.9563 -0.2854
vn -0.0633 -0.9563 0.2854
vn 0.9703 -0.0000 -0.2419
vn -0.9703 -0.0000 0.2419
vn 0.2419 -0.0000 0.9703
vn -0.2419 -0.0000 -0.9703
vn 0.9903 0.0984 -0.0984
vn -0.9903 -0.0984 0.0984
vn 0.1392 -0.7002 0.7002
vn -0.1392 0.7002 -0.7002
vn 0.4226 -0.0000 -0.9063
vn -0.4226 -0.0000 0.9063
vn 0.9063 -0.0000 0.4226
vn -0.9063 -0.0000 -0.4226
vn -0.0000 0.0698 -0.9976
vn -0.0000 -0.0698 0.9976
vn -0.1564 0.0689 -0.9853
vn 0.9877 0.0109 -0.1561
vn 0.1564 -0.0689 0.9853
vn -0.9877 -0.0109 0.1561
vn -0.6947 0.0502 -0.7176
vn 0.7193 0.0485 -0.6930
vn 0.6946 -0.0502 0.7176
vn -0.7193 -0.0485 0.6930
vn -0.0000 0.9976 0.0697
vn -0.6946 0.0502 -0.7176
vn 0.6947 -0.0502 0.7176
vn 0.1564 0.0689 -0.9853
vn 0.9877 -0.0109 0.1561
vn -0.1564 -0.0689 0.9853
vn -0.9877 0.0109 -0.1561
vn 0.6946 0.0502 -0.7176
vn 0.7193 -0.0485 0.6930
vn -0.6947 -0.0502 0.7176
vn -0.6946 -0.0502 0.7176
vn -0.7193 0.0485 -0.6930
vn 0.6947 0.0502 -0.7176
vn 0.9744 0.0157 -0.2244
vn 0.2250 -0.0680 0.9720
vn -0.9744 -0.0157 0.2244
vn -0.2250 0.0680 -0.9720
vn -0.9958 -0.0797 0.0444
vn -0.9958 0.0797 -0.0444
vn -0.0633 -0.9563 0.2855
vn 0.2249 -0.0680 0.9720
vt 0.460938 0.179688
vt 0.453125 0.281250
vt 0.453125 0.179688
vt 0.057617 0.679688
vt 0.000000 0.781250
vt 0.000000 0.679688
vt 0.476562 0.179688
vt 0.468750 0.281250
vt 0.468750 0.179688
vt 0.276367 0.898438
vt 0.218750 1.000000
vt 0.218750 0.898438
vt 0.312500 0.187500
vt 0.320312 0.129883
vt 0.320312 0.187500
vt 0.328125 0.129883
vt 0.335938 0.187500
vt 0.335938 0.129883
vt 0.625000 0.134766
vt 0.609375 0.140625
vt 0.609375 0.134766
vt 0.859375 0.759766
vt 0.887695 0.765625
vt 0.859375 0.765625
vt 0.640625 0.134766
vt 0.625000 0.140625
vt 0.887695 0.744141
vt 0.859375 0.750000
vt 0.859375 0.744141
vt 0.359375 0.187500
vt 0.375000 0.159180
vt 0.375000 0.187500
vt 0.812500 0.612305
vt 0.828125 0.640625
vt 0.828125 0.612305
vt 0.701172 0.134766
vt 0.687500 0.140625
vt 0.687500 0.134766
vt 0.859375 0.587891
vt 0.884766 0.593750
vt 0.859375 0.593750
vt 0.716797 0.134766
vt 0.703125 0.140625
vt 0.703125 0.134766
vt 0.447266 0.134766
vt 0.421875 0.140625
vt 0.421875 0.134766
vt 0.187500 0.171875
vt 0.201172 0.146484
vt 0.201172 0.171875
vt 0.841797 0.787109
vt 0.828125 0.812500
vt 0.841797 0.812500
vt 0.887695 0.869141
vt 0.843750 0.875000
vt 0.843750 0.869141
vt 0.877930 0.462891
vt 0.859375 0.468750
vt 0.859375 0.462891
vt 0.887695 0.853516
vt 0.843750 0.859375
vt 0.843750 0.853516
vt 0.877930 0.447266
vt 0.859375 0.453125
vt 0.859375 0.447266
vt 0.046875 0.296875
vt 0.090820 0.278320
vt 0.090820 0.296875
vt 0.747070 0.872070
vt 0.703125 0.890625
vt 0.747070 0.890625
vt 0.351562 0.276367
vt 0.328125 0.312500
vt 0.328125 0.276367
vt 0.625000 0.776367
vt 0.656250 0.812500
vt 0.625000 0.812500
vt 0.710938 0.604492
vt 0.687500 0.640625
vt 0.687500 0.604492
vt 0.250000 0.338867
vt 0.218750 0.375000
vt 0.218750 0.338867
vt 0.718750 0.375000
vt 0.742188 0.343750
vt 0.742188 0.375000
vt 0.718750 0.312500
vt 0.742188 0.312500
vt 0.812500 0.583008
vt 0.828125 0.609375
vt 0.812500 0.609375
vt 0.578125 0.286133
vt 0.546875 0.312500
vt 0.546875 0.286133
vt 0.812500 0.551758
vt 0.828125 0.578125
vt 0.812500 0.578125
vt 0.718750 0.348633
vt 0.687500 0.375000
vt 0.687500 0.348633
vt 0.812500 0.421875
vt 0.796875 0.390625
vt 0.812500 0.390625
vt 0.796875 0.312500
vt 0.812500 0.343750
vt 0.812500 0.312500
vt 0.798828 0.166992
vt 0.781250 0.187500
vt 0.781250 0.166992
vt 0.781250 0.698242
vt 0.750000 0.718750
vt 0.750000 0.698242
vt 0.830078 0.198242
vt 0.812500 0.218750
vt 0.812500 0.198242
vt 0.781250 0.666992
vt 0.750000 0.687500
vt 0.750000 0.666992
vt 0.078125 0.218750
vt 0.095703 0.187500
vt 0.095703 0.218750
vt 0.798828 0.890625
vt 0.781250 0.921875
vt 0.798828 0.921875
vt 0.859375 0.268555
vt 0.843750 0.281250
vt 0.843750 0.268555
vt 0.812500 0.268555
vt 0.812500 0.281250
vt 0.843750 0.252930
vt 0.859375 0.265625
vt 0.843750 0.265625
vt 0.812500 0.252930
vt 0.812500 0.265625
vt 0.750000 0.203125
vt 0.734375 0.171875
vt 0.750000 0.171875
vt 0.031250 0.156250
vt 0.015625 0.187500
vt 0.031250 0.187500
vt 0.076172 0.134766
vt 0.046875 0.140625
vt 0.046875 0.134766
vt 0.887695 0.728516
vt 0.859375 0.734375
vt 0.859375 0.728516
vt 0.154297 0.134766
vt 0.125000 0.140625
vt 0.125000 0.134766
vt 0.343750 0.134766
vt 0.372070 0.140625
vt 0.343750 0.140625
vt 0.453125 0.312500
vt 0.482422 0.284180
vt 0.482422 0.312500
vt 0.687500 0.518555
vt 0.716797 0.546875
vt 0.716797 0.518555
vt 0.843750 0.837891
vt 0.887695 0.843750
vt 0.843750 0.843750
vt 0.476562 0.134766
vt 0.453125 0.140625
vt 0.453125 0.134766
vt 0.887695 0.822266
vt 0.843750 0.828125
vt 0.843750 0.822266
vt 0.859375 0.541016
vt 0.882812 0.546875
vt 0.859375 0.546875
vt 0.625000 0.437500
vt 0.668945 0.414062
vt 0.668945 0.437500
vt 0.668945 0.382812
vt 0.625000 0.406250
vt 0.668945 0.406250
vt 0.734375 0.720703
vt 0.757812 0.750000
vt 0.734375 0.750000
vt 0.421875 0.314453
vt 0.453125 0.343750
vt 0.421875 0.343750
vt 0.304688 0.236328
vt 0.281250 0.265625
vt 0.281250 0.236328
vt 0.453125 0.314453
vt 0.484375 0.343750
vt 0.718750 0.281250
vt 0.742188 0.281250
vt 0.718750 0.250000
vt 0.742188 0.250000
vt 0.031250 0.135742
vt 0.015625 0.156250
vt 0.015625 0.135742
vt 0.781250 0.635742
vt 0.750000 0.656250
vt 0.750000 0.635742
vt 0.046875 0.156250
vt 0.781250 0.604492
vt 0.750000 0.625000
vt 0.750000 0.604492
vt 0.046875 0.187500
vt 0.812500 0.937500
vt 0.828125 0.968750
vt 0.828125 0.937500
vt 0.843750 0.673828
vt 0.861328 0.687500
vt 0.843750 0.687500
vt 0.421875 0.845703
vt 0.390625 0.859375
vt 0.390625 0.845703
vt 0.861328 0.658203
vt 0.843750 0.671875
vt 0.843750 0.658203
vt 0.531250 0.689453
vt 0.562500 0.703125
vt 0.531250 0.703125
vt 0.781250 0.890625
vt 0.798828 0.859375
vt 0.781250 0.828125
vt 0.798828 0.828125
vt 0.656250 0.134766
vt 0.640625 0.140625
vt 0.843750 0.212891
vt 0.875000 0.218750
vt 0.843750 0.218750
vt 0.875000 0.353516
vt 0.859375 0.359375
vt 0.859375 0.353516
vt 0.875000 0.197266
vt 0.843750 0.203125
vt 0.843750 0.197266
vt 0.062500 0.156250
vt 0.062500 0.187500
vt 0.078125 0.187500
vt 0.078125 0.156250
vt 0.171875 0.183594
vt 0.156250 0.218750
vt 0.156250 0.183594
vt 0.473633 0.964844
vt 0.390625 1.000000
vt 0.390625 0.964844
vt 0.187500 0.218750
vt 0.171875 0.218750
vt 0.473633 0.917969
vt 0.390625 0.953125
vt 0.390625 0.917969
vt 0.015625 0.406250
vt 0.031250 0.323242
vt 0.031250 0.406250
vt 0.593750 0.776367
vt 0.609375 0.859375
vt 0.609375 0.776367
vt 0.484375 0.150391
vt 0.468750 0.171875
vt 0.468750 0.150391
vt 0.375000 0.244141
vt 0.406250 0.265625
vt 0.375000 0.265625
vt 0.500000 0.150391
vt 0.484375 0.171875
vt 0.734375 0.400391
vt 0.765625 0.421875
vt 0.734375 0.421875
vt 0.812500 0.906250
vt 0.828125 0.906250
vt 0.093750 0.156250
vt 0.093750 0.187500
vt 0.828125 0.494141
vt 0.843750 0.515625
vt 0.828125 0.515625
vt 0.740234 0.462891
vt 0.703125 0.484375
vt 0.703125 0.462891
vt 0.515625 0.150391
vt 0.500000 0.171875
vt 0.740234 0.431641
vt 0.703125 0.453125
vt 0.703125 0.431641
vt 0.703125 0.234375
vt 0.718750 0.197266
vt 0.718750 0.234375
vt 0.750000 0.197266
vt 0.765625 0.234375
vt 0.765625 0.197266
vt 0.822266 0.380859
vt 0.812500 0.380859
vt 0.388672 0.912109
vt 0.281250 0.953125
vt 0.281250 0.912109
vt 0.593750 0.146484
vt 0.603516 0.187500
vt 0.593750 0.187500
vt 0.169922 0.677734
vt 0.062500 0.718750
vt 0.062500 0.677734
vt 0.250000 0.375000
vt 0.259766 0.267578
vt 0.259766 0.375000
vt 0.265625 0.267578
vt 0.275391 0.375000
vt 0.275391 0.267578
vt 0.623047 0.158203
vt 0.609375 0.187500
vt 0.609375 0.158203
vt 0.567383 0.923828
vt 0.484375 0.953125
vt 0.484375 0.923828
vt 0.638672 0.158203
vt 0.625000 0.187500
vt 0.625000 0.158203
vt 0.567383 0.892578
vt 0.484375 0.921875
vt 0.484375 0.892578
vt 0.375000 0.390625
vt 0.388672 0.307617
vt 0.388672 0.390625
vt 0.390625 0.307617
vt 0.404297 0.390625
vt 0.404297 0.307617
vt 0.716797 0.799805
vt 0.703125 0.859375
vt 0.703125 0.799805
vt 0.247070 0.721680
vt 0.156250 0.781250
vt 0.156250 0.721680
vt 0.216797 0.237305
vt 0.203125 0.296875
vt 0.203125 0.237305
vt 0.340820 0.768555
vt 0.250000 0.828125
vt 0.250000 0.768555
vt 0.140625 0.390625
vt 0.154297 0.299805
vt 0.154297 0.390625
vt 0.609375 0.768555
vt 0.623047 0.859375
vt 0.623047 0.768555
vt 0.716797 0.781250
vt 0.703125 0.796875
vt 0.703125 0.781250
vt 0.684570 0.500000
vt 0.609375 0.515625
vt 0.609375 0.500000
vt 0.703125 0.562500
vt 0.703125 0.546875
vt 0.684570 0.484375
vt 0.609375 0.484375
vt 0.656250 1.000000
vt 0.669922 0.924805
vt 0.669922 1.000000
vt 0.656250 0.784180
vt 0.669922 0.859375
vt 0.669922 0.784180
vt 0.837891 0.372070
vt 0.828125 0.406250
vt 0.828125 0.372070
vt 0.645508 0.731445
vt 0.609375 0.765625
vt 0.609375 0.731445
vt 0.744141 0.137695
vt 0.734375 0.137695
vt 0.645508 0.684570
vt 0.609375 0.718750
vt 0.609375 0.684570
vt 0.109375 0.171875
vt 0.119141 0.135742
vt 0.119141 0.171875
vt 0.837891 0.823242
vt 0.828125 0.859375
vt 0.837891 0.859375
vt 0.531250 0.150391
vt 0.515625 0.171875
vt 0.750000 0.509766
vt 0.779297 0.531250
vt 0.750000 0.531250
vt 0.828125 0.462891
vt 0.843750 0.484375
vt 0.828125 0.484375
vt 0.750000 0.478516
vt 0.779297 0.500000
vt 0.750000 0.500000
vt 0.234375 0.187500
vt 0.250000 0.158203
vt 0.250000 0.187500
vt 0.812500 0.736328
vt 0.828125 0.765625
vt 0.828125 0.736328
vt 0.284180 0.201172
vt 0.265625 0.234375
vt 0.265625 0.201172
vt 0.166992 0.482422
vt 0.093750 0.515625
vt 0.093750 0.482422
vt 0.296875 0.201172
vt 0.315430 0.234375
vt 0.296875 0.234375
vt 0.557617 0.857422
vt 0.484375 0.890625
vt 0.484375 0.857422
vt 0.581055 0.625000
vt 0.562500 0.551758
vt 0.581055 0.551758
vt 0.578125 0.926758
vt 0.596680 1.000000
vt 0.596680 0.926758
vt 0.346680 0.201172
vt 0.328125 0.234375
vt 0.328125 0.201172
vt 0.453125 0.607422
vt 0.528320 0.640625
vt 0.453125 0.640625
vt 0.359375 0.201172
vt 0.377930 0.234375
vt 0.359375 0.234375
vt 0.450195 0.513672
vt 0.375000 0.546875
vt 0.375000 0.513672
vt 0.187500 0.468750
vt 0.206055 0.393555
vt 0.206055 0.468750
vt 0.531250 0.706055
vt 0.549805 0.781250
vt 0.549805 0.706055
vt 0.674805 0.201172
vt 0.656250 0.234375
vt 0.656250 0.201172
vt 0.528320 0.560547
vt 0.453125 0.593750
vt 0.453125 0.560547
vt 0.765625 0.310547
vt 0.784180 0.343750
vt 0.765625 0.343750
vt 0.528320 0.513672
vt 0.453125 0.546875
vt 0.453125 0.513672
vt 0.531250 0.656250
vt 0.549805 0.581055
vt 0.549805 0.656250
vt 0.531250 0.502930
vt 0.549805 0.578125
vt 0.549805 0.502930
vt 0.377930 0.397461
vt 0.359375 0.500000
vt 0.359375 0.397461
vt 0.000000 0.788086
vt 0.073242 0.890625
vt 0.000000 0.890625
vt 0.409180 0.397461
vt 0.390625 0.500000
vt 0.390625 0.397461
vt 0.151367 0.788086
vt 0.078125 0.890625
vt 0.078125 0.788086
vt 0.421875 0.421875
vt 0.440430 0.348633
vt 0.440430 0.421875
vt 0.453125 0.348633
vt 0.471680 0.421875
vt 0.471680 0.348633
vt 0.000000 0.138672
vt 0.010742 0.171875
vt 0.000000 0.171875
vt 0.473633 0.701172
vt 0.390625 0.734375
vt 0.390625 0.701172
vt 0.828125 0.966797
vt 0.838867 1.000000
vt 0.828125 1.000000
vt 0.473633 0.654297
vt 0.390625 0.687500
vt 0.390625 0.654297
vt 0.234375 0.328125
vt 0.245117 0.245117
vt 0.245117 0.328125
vt 0.671875 0.588867
vt 0.682617 0.671875
vt 0.682617 0.588867
vt 0.804688 0.196289
vt 0.781250 0.218750
vt 0.781250 0.196289
vt 0.588867 0.790039
vt 0.515625 0.812500
vt 0.515625 0.790039
vt 0.820312 0.977539
vt 0.796875 1.000000
vt 0.796875 0.977539
vt 0.291992 0.461914
vt 0.218750 0.484375
vt 0.218750 0.461914
vt 0.507812 0.500000
vt 0.484375 0.426758
vt 0.507812 0.426758
vt 0.000000 0.411133
vt 0.023438 0.484375
vt 0.023438 0.411133
vt 0.690430 0.951172
vt 0.671875 1.000000
vt 0.671875 0.951172
vt 0.078125 0.623047
vt 0.151367 0.671875
vt 0.078125 0.671875
vt 0.690430 0.841797
vt 0.671875 0.890625
vt 0.671875 0.841797
vt 0.416992 0.794922
vt 0.343750 0.843750
vt 0.343750 0.794922
vt 0.578125 0.546875
vt 0.596680 0.473633
vt 0.596680 0.546875
vt 0.484375 0.348633
vt 0.502930 0.421875
vt 0.502930 0.348633
vt 0.859375 0.994141
vt 0.888672 1.000000
vt 0.859375 1.000000
vt 0.184570 0.134766
vt 0.156250 0.140625
vt 0.156250 0.134766
vt 0.859375 0.978516
vt 0.888672 0.984375
vt 0.859375 0.984375
vt 0.887695 0.806641
vt 0.859375 0.812500
vt 0.859375 0.806641
vt 0.671875 0.578125
vt 0.701172 0.549805
vt 0.701172 0.578125
vt 0.421875 0.284180
vt 0.451172 0.312500
vt 0.451172 0.284180
vt 0.887695 0.931641
vt 0.843750 0.937500
vt 0.843750 0.931641
vt 0.882812 0.572266
vt 0.859375 0.578125
vt 0.859375 0.572266
vt 0.843750 0.916016
vt 0.887695 0.921875
vt 0.843750 0.921875
vt 0.882812 0.556641
vt 0.859375 0.562500
vt 0.859375 0.556641
vt 0.625000 0.671875
vt 0.668945 0.648438
vt 0.668945 0.671875
vt 0.625000 0.617188
vt 0.668945 0.640625
vt 0.668945 0.617188
vt 0.843750 0.900391
vt 0.887695 0.906250
vt 0.843750 0.906250
vt 0.859375 0.494141
vt 0.877930 0.500000
vt 0.859375 0.500000
vt 0.887695 0.884766
vt 0.843750 0.890625
vt 0.843750 0.884766
vt 0.859375 0.478516
vt 0.877930 0.484375
vt 0.859375 0.484375
vt 0.747070 1.000000
vt 0.703125 0.981445
vt 0.747070 0.981445
vt 0.703125 0.950195
vt 0.747070 0.968750
vt 0.747070 0.950195
vt 0.669922 0.140625
vt 0.656250 0.140625
vt 0.390625 0.134766
vt 0.416016 0.140625
vt 0.390625 0.140625
vt 0.671875 0.134766
vt 0.685547 0.140625
vt 0.671875 0.140625
vt 0.884766 0.603516
vt 0.859375 0.609375
vt 0.859375 0.603516
vt 0.169922 0.171875
vt 0.156250 0.146484
vt 0.169922 0.146484
vt 0.171875 0.146484
vt 0.185547 0.171875
vt 0.185547 0.146484
vt 0.515625 0.134766
vt 0.531250 0.140625
vt 0.515625 0.140625
vt 0.859375 0.791016
vt 0.887695 0.796875
vt 0.859375 0.796875
vt 0.562500 0.134766
vt 0.578125 0.140625
vt 0.562500 0.140625
vt 0.887695 0.775391
vt 0.859375 0.781250
vt 0.859375 0.775391
vt 0.828125 0.671875
vt 0.812500 0.643555
vt 0.828125 0.643555
vt 0.343750 0.159180
vt 0.359375 0.159180
vt 0.757812 0.751953
vt 0.734375 0.781250
vt 0.734375 0.751953
vt 0.687500 0.705078
vt 0.656250 0.734375
vt 0.656250 0.705078
vt 0.250000 0.236328
vt 0.273438 0.265625
vt 0.250000 0.265625
vt 0.687500 0.673828
vt 0.656250 0.703125
vt 0.656250 0.673828
vt 0.718750 0.812500
vt 0.742188 0.781250
vt 0.742188 0.812500
vt 0.742188 0.593750
vt 0.718750 0.625000
vt 0.742188 0.625000
vt 0.828125 0.166992
vt 0.843750 0.187500
vt 0.828125 0.187500
vt 0.750000 0.901367
vt 0.750000 0.921875
vt 0.859375 0.979492
vt 0.843750 1.000000
vt 0.843750 0.979492
vt 0.750000 0.870117
vt 0.750000 0.890625
vt 0.187500 0.203125
vt 0.203125 0.171875
vt 0.203125 0.203125
vt 0.812500 0.750000
vt 0.796875 0.781250
vt 0.812500 0.781250
vt 0.861328 0.705078
vt 0.843750 0.718750
vt 0.843750 0.705078
vt 0.312500 0.892578
vt 0.281250 0.906250
vt 0.281250 0.892578
vt 0.843750 0.689453
vt 0.861328 0.703125
vt 0.843750 0.703125
vt 0.343750 0.830078
vt 0.312500 0.843750
vt 0.312500 0.830078
vt 0.765625 0.953125
vt 0.783203 0.921875
vt 0.783203 0.953125
vt 0.783203 0.390625
vt 0.783203 0.421875
vt 0.578125 0.134766
vt 0.593750 0.140625
vt 0.796875 0.150391
vt 0.765625 0.156250
vt 0.765625 0.150391
vt 0.593750 0.134766
vt 0.875000 0.228516
vt 0.843750 0.234375
vt 0.843750 0.228516
vt 0.812500 0.671875
vt 0.796875 0.640625
vt 0.812500 0.640625
vt 0.703125 0.143555
vt 0.718750 0.156250
vt 0.703125 0.156250
vt 0.781250 0.471680
vt 0.812500 0.484375
vt 0.781250 0.484375
vt 0.859375 0.284180
vt 0.843750 0.296875
vt 0.843750 0.284180
vt 0.843750 0.721680
vt 0.812500 0.734375
vt 0.812500 0.721680
vt 0.796875 0.609375
vt 0.796875 0.546875
vt 0.812500 0.546875
vt 0.767578 0.166992
vt 0.750000 0.187500
vt 0.750000 0.166992
vt 0.750000 0.838867
vt 0.781250 0.859375
vt 0.750000 0.859375
vt 0.812500 0.229492
vt 0.830078 0.250000
vt 0.812500 0.250000
vt 0.750000 0.807617
vt 0.750000 0.828125
vt 0.015625 0.218750
vt 0.033203 0.187500
vt 0.033203 0.218750
vt 0.064453 0.218750
vt 0.064453 0.187500
vt 0.390625 0.161133
vt 0.375000 0.161133
vt 0.718750 0.489258
vt 0.687500 0.515625
vt 0.687500 0.489258
vt 0.406250 0.161133
vt 0.390625 0.187500
vt 0.515625 0.286133
vt 0.515625 0.312500
vt 0.812500 0.515625
vt 0.796875 0.484375
vt 0.296875 0.276367
vt 0.320312 0.312500
vt 0.296875 0.312500
vt 0.218750 0.791992
vt 0.218750 0.828125
vt 0.687500 0.651367
vt 0.710938 0.687500
vt 0.687500 0.687500
vt 0.656250 0.823242
vt 0.625000 0.859375
vt 0.625000 0.823242
vt 0.718750 0.515625
vt 0.742188 0.484375
vt 0.742188 0.515625
vt 0.546875 0.250000
vt 0.570312 0.281250
vt 0.570312 0.250000
vt 0.765625 0.199219
vt 0.781250 0.234375
vt 0.301758 0.589844
vt 0.218750 0.625000
vt 0.218750 0.589844
vt 0.015625 0.183594
vt 0.000000 0.218750
vt 0.000000 0.183594
vt 0.083008 0.574219
vt 0.000000 0.609375
vt 0.000000 0.574219
vt 0.281250 0.453125
vt 0.296875 0.370117
vt 0.296875 0.453125
vt 0.000000 0.323242
vt 0.015625 0.323242
vt 0.406250 0.150391
vt 0.421875 0.171875
vt 0.406250 0.171875
vt 0.343750 0.244141
vt 0.312500 0.265625
vt 0.312500 0.244141
vt 0.421875 0.150391
vt 0.437500 0.171875
vt 0.343750 0.265625
vt 0.656250 0.468750
vt 0.671875 0.437500
vt 0.671875 0.468750
vt 0.796875 0.937500
vt 0.812500 0.968750
vt 0.812500 0.505859
vt 0.822266 0.546875
vt 0.357422 0.724609
vt 0.250000 0.765625
vt 0.250000 0.724609
vt 0.822266 0.458984
vt 0.812500 0.500000
vt 0.812500 0.458984
vt 0.281250 0.958984
vt 0.388672 1.000000
vt 0.281250 1.000000
vt 0.416016 0.390625
vt 0.406250 0.283203
vt 0.416016 0.283203
vt 0.587891 0.283203
vt 0.578125 0.390625
vt 0.587891 0.390625
vt 0.576172 0.158203
vt 0.562500 0.187500
vt 0.562500 0.158203
vt 0.504883 0.783203
vt 0.421875 0.812500
vt 0.421875 0.783203
vt 0.591797 0.158203
vt 0.578125 0.187500
vt 0.578125 0.158203
vt 0.083008 0.486328
vt 0.000000 0.515625
vt 0.000000 0.486328
vt 0.203125 0.390625
vt 0.216797 0.307617
vt 0.216797 0.390625
vt 0.359375 0.307617
vt 0.373047 0.390625
vt 0.373047 0.307617
vt 0.138672 0.237305
vt 0.125000 0.296875
vt 0.125000 0.237305
vt 0.153320 0.721680
vt 0.062500 0.781250
vt 0.062500 0.721680
vt 0.154297 0.237305
vt 0.140625 0.296875
vt 0.140625 0.237305
vt 0.309570 0.831055
vt 0.218750 0.890625
vt 0.218750 0.831055
vt 0.343750 0.406250
vt 0.357422 0.315430
vt 0.357422 0.406250
vt 0.125000 0.299805
vt 0.138672 0.390625
vt 0.138672 0.299805
vt 0.828125 0.556641
vt 0.843750 0.578125
vt 0.779297 0.572266
vt 0.750000 0.593750
vt 0.750000 0.572266
vt 0.453125 0.150391
vt 0.437500 0.150391
vt 0.779297 0.541016
vt 0.750000 0.562500
vt 0.750000 0.541016
vt 0.812500 0.796875
vt 0.828125 0.767578
vt 0.828125 0.796875
vt 0.234375 0.158203
vt 0.218750 0.187500
vt 0.531250 0.137695
vt 0.541016 0.171875
vt 0.531250 0.171875
vt 0.593750 0.559570
vt 0.629883 0.593750
vt 0.593750 0.593750
vt 0.837891 0.418945
vt 0.828125 0.453125
vt 0.828125 0.418945
vt 0.192383 0.356445
vt 0.156250 0.390625
vt 0.156250 0.356445
vt 0.837891 0.953125
vt 0.828125 0.916992
vt 0.837891 0.916992
vt 0.828125 0.870117
vt 0.837891 0.906250
vt 0.837891 0.870117
vt 0.687500 0.593750
vt 0.687500 0.578125
vt 0.684570 0.531250
vt 0.609375 0.546875
vt 0.609375 0.531250
vt 0.701172 0.468750
vt 0.687500 0.484375
vt 0.687500 0.468750
vt 0.684570 0.515625
vt 0.640625 1.000000
vt 0.654297 0.924805
vt 0.654297 1.000000
vt 0.640625 0.299805
vt 0.654297 0.375000
vt 0.654297 0.299805
vt 0.453125 0.171875
vt 0.359375 0.275391
vt 0.396484 0.296875
vt 0.359375 0.296875
vt 0.843750 0.525391
vt 0.828125 0.546875
vt 0.828125 0.525391
vt 0.703125 0.572266
vt 0.740234 0.593750
vt 0.703125 0.593750
vt 0.750000 0.250000
vt 0.734375 0.212891
vt 0.750000 0.212891
vt 0.406250 0.197266
vt 0.390625 0.234375
vt 0.406250 0.234375
vt 0.750000 0.248047
vt 0.768555 0.281250
vt 0.750000 0.281250
vt 0.291992 0.498047
vt 0.218750 0.531250
vt 0.218750 0.498047
vt 0.784180 0.966797
vt 0.765625 1.000000
vt 0.765625 0.966797
vt 0.484375 0.966797
vt 0.557617 1.000000
vt 0.484375 1.000000
vt 0.562500 0.781250
vt 0.581055 0.708008
vt 0.581055 0.781250
vt 0.581055 0.629883
vt 0.581055 0.703125
vt 0.125000 0.201172
vt 0.143555 0.234375
vt 0.125000 0.234375
vt 0.218750 0.544922
vt 0.293945 0.578125
vt 0.218750 0.578125
vt 0.221680 0.201172
vt 0.203125 0.234375
vt 0.203125 0.201172
vt 0.075195 0.529297
vt 0.000000 0.562500
vt 0.000000 0.529297
vt 0.515625 0.500000
vt 0.534180 0.424805
vt 0.534180 0.500000
vt 0.093750 0.393555
vt 0.112305 0.468750
vt 0.112305 0.393555
vt 0.784180 0.748047
vt 0.765625 0.781250
vt 0.765625 0.748047
vt 0.153320 0.529297
vt 0.078125 0.562500
vt 0.078125 0.529297
vt 0.252930 0.201172
vt 0.234375 0.234375
vt 0.234375 0.201172
vt 0.372070 0.529297
vt 0.296875 0.562500
vt 0.296875 0.529297
vt 0.125000 0.468750
vt 0.143555 0.393555
vt 0.143555 0.468750
vt 0.174805 0.393555
vt 0.156250 0.468750
vt 0.174805 0.468750
vt 0.296875 0.413086
vt 0.315430 0.515625
vt 0.296875 0.515625
vt 0.000000 0.897461
vt 0.073242 1.000000
vt 0.000000 1.000000
vt 0.328125 0.413086
vt 0.346680 0.515625
vt 0.328125 0.515625
vt 0.151367 0.897461
vt 0.078125 1.000000
vt 0.078125 0.897461
vt 0.237305 0.453125
vt 0.218750 0.379883
vt 0.237305 0.379883
vt 0.268555 0.379883
vt 0.250000 0.453125
vt 0.268555 0.453125
vt 0.729492 0.154297
vt 0.718750 0.187500
vt 0.718750 0.154297
vt 0.390625 0.873047
vt 0.473633 0.906250
vt 0.390625 0.906250
vt 0.823242 0.154297
vt 0.812500 0.187500
vt 0.812500 0.154297
vt 0.390625 0.748047
vt 0.473633 0.781250
vt 0.390625 0.781250
vt 0.187500 0.343750
vt 0.198242 0.260742
vt 0.198242 0.343750
vt 0.218750 0.245117
vt 0.229492 0.328125
vt 0.229492 0.245117
vt 0.502930 0.294922
vt 0.484375 0.294922
vt 0.312500 0.857422
vt 0.385742 0.906250
vt 0.312500 0.906250
vt 0.656250 0.326172
vt 0.674805 0.375000
vt 0.656250 0.375000
vt 0.073242 0.623047
vt 0.000000 0.671875
vt 0.000000 0.623047
vt 0.546875 0.500000
vt 0.565430 0.426758
vt 0.565430 0.500000
vt 0.581055 0.817383
vt 0.562500 0.890625
vt 0.581055 0.890625
vt 0.804688 0.258789
vt 0.781250 0.281250
vt 0.781250 0.258789
vt 0.557617 0.821289
vt 0.484375 0.843750
vt 0.484375 0.821289
vt 0.804688 0.227539
vt 0.781250 0.250000
vt 0.781250 0.227539
vt 0.557617 0.665039
vt 0.484375 0.687500
vt 0.484375 0.665039
vt 0.421875 0.500000
vt 0.445312 0.426758
vt 0.445312 0.500000
vt 0.476562 0.426758
vt 0.453125 0.500000
vt 0.476562 0.500000
vt 0.731445 0.752930
vt 0.656250 0.765625
vt 0.656250 0.752930
vt 0.626953 0.143555
vt 0.609375 0.156250
vt 0.609375 0.143555
vt 0.731445 0.737305
vt 0.656250 0.750000
vt 0.656250 0.737305
vt 0.861328 0.377930
vt 0.843750 0.390625
vt 0.843750 0.377930
vt 0.578125 0.468750
vt 0.653320 0.451172
vt 0.653320 0.468750
vt 0.593750 0.873047
vt 0.668945 0.890625
vt 0.668945 0.873047
vt 0.798828 0.440430
vt 0.750000 0.453125
vt 0.750000 0.440430
vt 0.387695 0.127930
vt 0.375000 0.140625
vt 0.375000 0.127930
vt 0.750000 0.424805
vt 0.798828 0.437500
vt 0.750000 0.437500
vt 0.859375 0.612305
vt 0.872070 0.625000
vt 0.859375 0.625000
vt 0.750000 0.375000
vt 0.798828 0.362305
vt 0.798828 0.375000
vt 0.750000 0.346680
vt 0.798828 0.359375
vt 0.798828 0.346680
vt 0.095703 0.224609
vt 0.078125 0.265625
vt 0.078125 0.224609
vt 0.578125 0.505859
vt 0.562500 0.546875
vt 0.562500 0.505859
vt 0.173828 0.224609
vt 0.156250 0.265625
vt 0.156250 0.224609
vt 0.203125 0.208984
vt 0.187500 0.250000
vt 0.187500 0.208984
vt 0.064453 0.140625
vt 0.064453 0.156250
vt 0.861328 0.953125
vt 0.861328 0.937500
vt 0.826172 0.345703
vt 0.812500 0.375000
vt 0.812500 0.345703
vt 0.265625 0.158203
vt 0.654297 0.158203
vt 0.640625 0.187500
vt 0.640625 0.158203
vt 0.281250 0.158203
vt 0.265625 0.187500
vt 0.810547 0.921875
vt 0.810547 0.937500
vt 0.796875 0.734375
vt 0.810547 0.750000
vt 0.810547 0.734375
vt 0.593750 0.278320
vt 0.606445 0.359375
vt 0.593750 0.359375
vt 0.328125 0.325195
vt 0.312500 0.406250
vt 0.312500 0.325195
vt 0.622070 0.278320
vt 0.609375 0.359375
vt 0.609375 0.278320
vt 0.343750 0.325195
vt 0.328125 0.406250
vt 0.750000 0.156250
vt 0.762695 0.140625
vt 0.762695 0.156250
vt 0.856445 0.250000
vt 0.856445 0.234375
vt 0.048828 0.310547
vt 0.031250 0.375000
vt 0.031250 0.310547
vt 0.671875 0.248047
vt 0.684570 0.312500
vt 0.671875 0.312500
vt 0.080078 0.310547
vt 0.062500 0.375000
vt 0.062500 0.310547
vt 0.043945 0.232422
vt 0.031250 0.296875
vt 0.031250 0.232422
vt 0.843750 0.375000
vt 0.861328 0.362305
vt 0.861328 0.375000
vt 0.640625 0.143555
vt 0.658203 0.156250
vt 0.658203 0.143555
vt 0.687500 0.166016
vt 0.706055 0.187500
vt 0.687500 0.187500
vt 0.843750 0.572266
vt 0.854492 0.593750
vt 0.843750 0.593750
vt 0.831055 0.291016
vt 0.812500 0.291016
vt 0.843750 0.541016
vt 0.854492 0.562500
vt 0.843750 0.562500
vt 0.843750 0.328125
vt 0.862305 0.317383
vt 0.862305 0.328125
vt 0.862305 0.301758
vt 0.843750 0.312500
vt 0.862305 0.312500
vt 0.737305 0.817383
vt 0.718750 0.859375
vt 0.718750 0.817383
vt 0.793945 0.536133
vt 0.781250 0.578125
vt 0.781250 0.536133
vt 0.737305 0.520508
vt 0.718750 0.562500
vt 0.718750 0.520508
vt 0.793945 0.489258
vt 0.781250 0.531250
vt 0.781250 0.489258
vt 0.843750 0.640625
vt 0.862305 0.627930
vt 0.862305 0.640625
vt 0.375000 0.143555
vt 0.393555 0.156250
vt 0.393555 0.143555
vt 0.684570 0.471680
vt 0.609375 0.471680
vt 0.580078 0.143555
vt 0.562500 0.156250
vt 0.562500 0.143555
vt 0.731445 0.768555
vt 0.656250 0.781250
vt 0.656250 0.768555
vt 0.861328 0.424805
vt 0.843750 0.437500
vt 0.843750 0.424805
vt 0.578125 0.921875
vt 0.653320 0.904297
vt 0.653320 0.921875
vt 0.590820 0.404297
vt 0.515625 0.421875
vt 0.590820 0.421875
vt 0.345703 0.565430
vt 0.296875 0.578125
vt 0.296875 0.565430
vt 0.106445 0.127930
vt 0.093750 0.140625
vt 0.093750 0.127930
vt 0.734375 0.377930
vt 0.734375 0.390625
vt 0.187500 0.127930
vt 0.200195 0.140625
vt 0.187500 0.140625
vt 0.750000 0.796875
vt 0.798828 0.784180
vt 0.798828 0.796875
vt 0.798828 0.456055
vt 0.750000 0.468750
vt 0.798828 0.468750
vt 0.017578 0.224609
vt 0.000000 0.265625
vt 0.000000 0.224609
vt 0.171875 0.630859
vt 0.156250 0.671875
vt 0.156250 0.630859
vt 0.064453 0.224609
vt 0.046875 0.265625
vt 0.046875 0.224609
vt 0.578125 0.958984
vt 0.562500 1.000000
vt 0.562500 0.958984
vt 0.828125 0.359375
vt 0.845703 0.343750
vt 0.845703 0.359375
vt 0.843750 0.953125
vt 0.861328 0.968750
vt 0.560547 0.158203
vt 0.546875 0.187500
vt 0.546875 0.158203
vt 0.828125 0.830078
vt 0.812500 0.859375
vt 0.812500 0.830078
vt 0.826172 0.423828
vt 0.812500 0.453125
vt 0.812500 0.423828
vt 0.218750 0.158203
vt 0.203125 0.187500
vt 0.203125 0.158203
vt 0.625000 0.609375
vt 0.638672 0.593750
vt 0.638672 0.609375
vt 0.671875 0.921875
vt 0.685547 0.937500
vt 0.685547 0.921875
vt 0.674805 0.166016
vt 0.656250 0.187500
vt 0.656250 0.166016
vt 0.265625 0.134766
vt 0.276367 0.156250
vt 0.265625 0.156250
vt 0.831055 0.322266
vt 0.812500 0.322266
vt 0.854492 0.603516
vt 0.843750 0.625000
vt 0.843750 0.603516
vt 0.862305 0.343750
vt 0.843750 0.333008
vt 0.862305 0.333008
vt 0.671875 0.145508
vt 0.690430 0.156250
vt 0.690430 0.145508
vt 0.721680 0.379883
vt 0.703125 0.421875
vt 0.703125 0.379883
vt 0.793945 0.629883
vt 0.781250 0.671875
vt 0.781250 0.629883
vt 0.737305 0.895508
vt 0.718750 0.937500
vt 0.718750 0.895508
vt 0.793945 0.583008
vt 0.781250 0.625000
vt 0.781250 0.583008
vt 0.343750 0.156250
vt 0.362305 0.143555
vt 0.362305 0.156250
vt 0.843750 0.643555
vt 0.862305 0.656250
vt 0.862305 0.643555
vt 0.533203 0.326172
vt 0.515625 0.390625
vt 0.515625 0.326172
vt 0.656250 0.248047
vt 0.668945 0.312500
vt 0.656250 0.312500
vt 0.564453 0.326172
vt 0.546875 0.390625
vt 0.546875 0.326172
vt 0.700195 0.279297
vt 0.687500 0.343750
vt 0.687500 0.279297
vt 0.843750 0.421875
vt 0.861328 0.409180
vt 0.861328 0.421875
vt 0.843750 0.393555
vt 0.861328 0.406250
vt 0.861328 0.393555
vt 0.637695 0.293945
vt 0.625000 0.375000
vt 0.625000 0.293945
vt 0.593750 0.765625
vt 0.593750 0.684570
vt 0.281250 0.278320
vt 0.293945 0.359375
vt 0.281250 0.359375
vt 0.296875 0.406250
vt 0.296875 0.325195
vt 0.809570 0.375000
vt 0.809570 0.390625
vt 0.796875 0.296875
vt 0.809570 0.312500
vt 0.809570 0.296875
vt 0.518555 0.640625
vt 0.484375 0.656250
vt 0.484375 0.640625
vt 0.359375 0.765625
vt 0.343750 0.781250
vt 0.343750 0.765625
vt 0.799805 0.718750
vt 0.765625 0.734375
vt 0.765625 0.718750
vt 0.390625 0.546875
vt 0.375000 0.562500
vt 0.765625 0.296875
vt 0.799805 0.281250
vt 0.799805 0.296875
vt 0.781250 0.812500
vt 0.815430 0.828125
vt 0.815430 0.812500
vt 0.690430 0.781250
vt 0.671875 0.828125
vt 0.671875 0.781250
vt 0.359375 0.578125
vt 0.312500 0.625000
vt 0.312500 0.578125
vt 0.690430 0.421875
vt 0.671875 0.421875
vt 0.218750 0.468750
vt 0.171875 0.515625
vt 0.171875 0.468750
vt 0.690430 0.375000
vt 0.018555 0.312500
vt 0.018555 0.265625
vt 0.815430 0.796875
vt 0.781250 0.796875
vt 0.375000 0.500000
vt 0.359375 0.515625
vt 0.815430 0.703125
vt 0.781250 0.718750
vt 0.781250 0.703125
vt 0.593750 0.421875
vt 0.578125 0.437500
vt 0.578125 0.421875
vt 0.815430 0.687500
vt 0.815430 0.671875
vt 0.706055 0.890625
vt 0.687500 0.937500
vt 0.687500 0.890625
vt 0.531250 0.734375
vt 0.484375 0.781250
vt 0.484375 0.734375
vt 0.112305 0.265625
vt 0.093750 0.312500
vt 0.093750 0.265625
vt 0.531250 0.687500
vt 0.156250 0.312500
vt 0.174805 0.265625
vt 0.174805 0.312500
vt 0.706055 0.734375
vt 0.706055 0.687500
vt 0.085938 0.125000
vt 0.078125 0.125000
vt 0.640625 0.609375
vt 0.640625 0.578125
vt 0.851562 0.781250
vt 0.843750 0.812500
vt 0.843750 0.781250
vt 0.671875 0.546875
vt 0.640625 0.546875
vt 0.203125 0.156250
vt 0.210938 0.125000
vt 0.210938 0.156250
vt 0.218750 0.125000
vt 0.226562 0.156250
vt 0.226562 0.125000
vt 0.585938 0.193359
vt 0.578125 0.281250
vt 0.578125 0.193359
vt 0.215820 0.718750
vt 0.171875 0.718750
vt 0.632812 0.193359
vt 0.625000 0.281250
vt 0.625000 0.193359
vt 0.262695 0.630859
vt 0.218750 0.718750
vt 0.218750 0.630859
vt 0.828125 0.781250
vt 0.835938 0.737305
vt 0.835938 0.781250
vt 0.828125 0.674805
vt 0.835938 0.718750
vt 0.835938 0.674805
vt 0.648438 0.195312
vt 0.640625 0.296875
vt 0.640625 0.195312
vt 0.359375 0.679688
vt 0.388672 0.781250
vt 0.359375 0.781250
vt 0.703125 0.242188
vt 0.710938 0.343750
vt 0.703125 0.343750
vt 0.359375 0.570312
vt 0.388672 0.671875
vt 0.359375 0.671875
vt 0.843750 0.531250
vt 0.851562 0.501953
vt 0.851562 0.531250
vt 0.843750 0.470703
vt 0.851562 0.500000
vt 0.851562 0.470703
vt 0.104492 0.143555
vt 0.093750 0.143555
vt 0.093750 0.565430
vt 0.151367 0.609375
vt 0.093750 0.609375
vt 0.812500 0.862305
vt 0.823242 0.906250
vt 0.448242 0.596680
vt 0.390625 0.640625
vt 0.390625 0.596680
vt 0.557617 0.192383
vt 0.557617 0.250000
vt 0.573242 0.192383
vt 0.562500 0.250000
vt 0.573242 0.250000
vt 0.603516 0.198242
vt 0.593750 0.265625
vt 0.593750 0.198242
vt 0.612305 0.604492
vt 0.593750 0.671875
vt 0.593750 0.604492
vt 0.619141 0.198242
vt 0.609375 0.265625
vt 0.609375 0.198242
vt 0.612305 0.370117
vt 0.593750 0.437500
vt 0.593750 0.370117
vt 0.796875 0.156250
vt 0.806641 0.137695
vt 0.806641 0.156250
vt 0.843750 0.168945
vt 0.853516 0.187500
vt 0.853516 0.168945
vt 0.492188 0.185547
vt 0.484375 0.281250
vt 0.484375 0.185547
vt 0.046875 0.388672
vt 0.031250 0.484375
vt 0.031250 0.388672
vt 0.507812 0.185547
vt 0.500000 0.281250
vt 0.500000 0.185547
vt 0.062500 0.484375
vt 0.046875 0.484375
vt 0.859375 0.531250
vt 0.867188 0.515625
vt 0.867188 0.531250
vt 0.484375 0.125000
vt 0.492188 0.140625
vt 0.492188 0.125000
vt 0.851562 0.750000
vt 0.843750 0.750000
vt 0.656250 0.921875
vt 0.656250 0.890625
vt 0.242188 0.125000
vt 0.234375 0.156250
vt 0.234375 0.125000
vt 0.187500 0.312500
vt 0.156250 0.343750
vt 0.250000 0.156250
vt 0.257812 0.125000
vt 0.257812 0.156250
vt 0.851562 0.718750
vt 0.697266 0.198242
vt 0.687500 0.265625
vt 0.687500 0.198242
vt 0.627930 0.932617
vt 0.609375 1.000000
vt 0.609375 0.932617
vt 0.759766 0.932617
vt 0.750000 1.000000
vt 0.750000 0.932617
vt 0.112305 0.323242
vt 0.093750 0.390625
vt 0.093750 0.323242
vt 0.828125 0.156250
vt 0.837891 0.137695
vt 0.837891 0.156250
vt 0.843750 0.137695
vt 0.853516 0.156250
vt 0.853516 0.137695
vt 0.109375 0.177734
vt 0.117188 0.265625
vt 0.109375 0.265625
vt 0.309570 0.630859
vt 0.265625 0.718750
vt 0.265625 0.630859
vt 0.734375 0.630859
vt 0.742188 0.718750
vt 0.734375 0.718750
vt 0.356445 0.630859
vt 0.312500 0.718750
vt 0.312500 0.630859
vt 0.835938 0.627930
vt 0.835938 0.671875
vt 0.835938 0.581055
vt 0.828125 0.625000
vt 0.835938 0.625000
vt 0.523438 0.185547
vt 0.515625 0.281250
vt 0.515625 0.185547
vt 0.078125 0.388672
vt 0.062500 0.388672
vt 0.539062 0.185547
vt 0.531250 0.281250
vt 0.531250 0.185547
vt 0.093750 0.484375
vt 0.078125 0.484375
vt 0.867188 0.500000
vt 0.507812 0.125000
vt 0.500000 0.140625
vt 0.507812 0.140625
vt 0.718750 0.632812
vt 0.726562 0.734375
vt 0.718750 0.734375
vt 0.156250 0.523438
vt 0.185547 0.625000
vt 0.156250 0.625000
vt 0.406250 0.179688
vt 0.414062 0.281250
vt 0.406250 0.281250
vt 0.216797 0.523438
vt 0.187500 0.625000
vt 0.187500 0.523438
vt 0.851562 0.468750
vt 0.843750 0.439453
vt 0.851562 0.439453
vt 0.554688 0.126953
vt 0.546875 0.156250
vt 0.554688 0.156250
vt 0.125000 0.143555
vt 0.135742 0.187500
vt 0.125000 0.187500
vt 0.448242 0.549805
vt 0.390625 0.593750
vt 0.390625 0.549805
vt 0.151367 0.143555
vt 0.140625 0.187500
vt 0.140625 0.143555
vt 0.479492 0.815430
vt 0.421875 0.859375
vt 0.421875 0.815430
vt 0.760742 0.343750
vt 0.750000 0.286133
vt 0.760742 0.286133
vt 0.729492 0.192383
vt 0.729492 0.250000
vt 0.421875 0.179688
vt 0.429688 0.281250
vt 0.421875 0.281250
vt 0.156250 0.898438
vt 0.213867 1.000000
vt 0.156250 1.000000
vt 0.445312 0.179688
vt 0.437500 0.281250
vt 0.437500 0.179688
vt 0.213867 0.789062
vt 0.156250 0.890625
vt 0.156250 0.789062
vt 0.281250 0.187500
vt 0.289062 0.129883
vt 0.289062 0.187500
vt 0.296875 0.129883
vt 0.304688 0.187500
vt 0.304688 0.129883
vt 0.460938 0.281250
vt 0.057617 0.781250
vt 0.476562 0.281250
vt 0.276367 1.000000
vt 0.312500 0.129883
vt 0.328125 0.187500
vt 0.887695 0.759766
vt 0.887695 0.750000
vt 0.701172 0.140625
vt 0.884766 0.587891
vt 0.716797 0.140625
vt 0.447266 0.140625
vt 0.187500 0.146484
vt 0.828125 0.787109
vt 0.887695 0.875000
vt 0.877930 0.468750
vt 0.887695 0.859375
vt 0.877930 0.453125
vt 0.046875 0.278320
vt 0.703125 0.872070
vt 0.351562 0.312500
vt 0.656250 0.776367
vt 0.710938 0.640625
vt 0.718750 0.343750
vt 0.828125 0.583008
vt 0.578125 0.312500
vt 0.828125 0.551758
vt 0.796875 0.421875
vt 0.796875 0.343750
vt 0.798828 0.187500
vt 0.830078 0.218750
vt 0.781250 0.687500
vt 0.859375 0.281250
vt 0.859375 0.252930
vt 0.734375 0.203125
vt 0.076172 0.140625
vt 0.887695 0.734375
vt 0.154297 0.140625
vt 0.372070 0.134766
vt 0.453125 0.284180
vt 0.687500 0.546875
vt 0.887695 0.837891
vt 0.476562 0.140625
vt 0.887695 0.828125
vt 0.882812 0.541016
vt 0.625000 0.414062
vt 0.625000 0.382812
vt 0.757812 0.720703
vt 0.304688 0.265625
vt 0.484375 0.314453
vt 0.781250 0.656250
vt 0.046875 0.135742
vt 0.861328 0.673828
vt 0.861328 0.671875
vt 0.562500 0.689453
vt 0.875000 0.212891
vt 0.875000 0.359375
vt 0.875000 0.203125
vt 0.473633 1.000000
vt 0.187500 0.183594
vt 0.473633 0.953125
vt 0.593750 0.859375
vt 0.406250 0.244141
vt 0.765625 0.400391
vt 0.843750 0.494141
vt 0.740234 0.484375
vt 0.740234 0.453125
vt 0.703125 0.197266
vt 0.750000 0.234375
vt 0.822266 0.421875
vt 0.388672 0.953125
vt 0.603516 0.146484
vt 0.169922 0.718750
vt 0.250000 0.267578
vt 0.265625 0.375000
vt 0.623047 0.187500
vt 0.567383 0.953125
vt 0.638672 0.187500
vt 0.567383 0.921875
vt 0.375000 0.307617
vt 0.390625 0.390625
vt 0.716797 0.859375
vt 0.247070 0.781250
vt 0.216797 0.296875
vt 0.340820 0.828125
vt 0.140625 0.299805
vt 0.716797 0.796875
vt 0.716797 0.562500
vt 0.656250 0.924805
vt 0.656250 0.859375
vt 0.837891 0.406250
vt 0.645508 0.765625
vt 0.744141 0.171875
vt 0.645508 0.718750
vt 0.109375 0.135742
vt 0.828125 0.823242
vt 0.779297 0.509766
vt 0.843750 0.462891
vt 0.779297 0.478516
vt 0.812500 0.765625
vt 0.284180 0.234375
vt 0.166992 0.515625
vt 0.315430 0.201172
vt 0.557617 0.890625
vt 0.562500 0.625000
vt 0.578125 1.000000
vt 0.346680 0.234375
vt 0.528320 0.607422
vt 0.377930 0.201172
vt 0.450195 0.546875
vt 0.187500 0.393555
vt 0.531250 0.781250
vt 0.674805 0.234375
vt 0.528320 0.593750
vt 0.784180 0.310547
vt 0.528320 0.546875
vt 0.531250 0.581055
vt 0.531250 0.578125
vt 0.377930 0.500000
vt 0.073242 0.788086
vt 0.409180 0.500000
vt 0.151367 0.890625
vt 0.421875 0.348633
vt 0.453125 0.421875
vt 0.010742 0.138672
vt 0.473633 0.734375
vt 0.838867 0.966797
vt 0.473633 0.687500
vt 0.234375 0.245117
vt 0.671875 0.671875
vt 0.804688 0.218750
vt 0.588867 0.812500
vt 0.820312 1.000000
vt 0.291992 0.484375
vt 0.484375 0.500000
vt 0.000000 0.484375
vt 0.690430 1.000000
vt 0.151367 0.623047
vt 0.690430 0.890625
vt 0.416992 0.843750
vt 0.578125 0.473633
vt 0.484375 0.421875
vt 0.888672 0.994141
vt 0.184570 0.140625
vt 0.888672 0.978516
vt 0.887695 0.812500
vt 0.671875 0.549805
vt 0.421875 0.312500
vt 0.887695 0.937500
vt 0.882812 0.578125
vt 0.887695 0.916016
vt 0.882812 0.562500
vt 0.625000 0.648438
vt 0.625000 0.640625
vt 0.887695 0.900391
vt 0.877930 0.494141
vt 0.887695 0.890625
vt 0.877930 0.478516
vt 0.703125 1.000000
vt 0.703125 0.968750
vt 0.669922 0.134766
vt 0.416016 0.134766
vt 0.685547 0.134766
vt 0.884766 0.609375
vt 0.156250 0.171875
vt 0.171875 0.171875
vt 0.531250 0.134766
vt 0.887695 0.791016
vt 0.887695 0.781250
vt 0.343750 0.187500
vt 0.757812 0.781250
vt 0.687500 0.734375
vt 0.273438 0.236328
vt 0.687500 0.703125
vt 0.718750 0.781250
vt 0.718750 0.593750
vt 0.843750 0.166992
vt 0.781250 0.901367
vt 0.781250 0.870117
vt 0.796875 0.750000
vt 0.861328 0.718750
vt 0.861328 0.689453
vt 0.765625 0.921875
vt 0.765625 0.390625
vt 0.875000 0.234375
vt 0.796875 0.671875
vt 0.718750 0.143555
vt 0.812500 0.471680
vt 0.859375 0.296875
vt 0.843750 0.734375
vt 0.796875 0.578125
vt 0.767578 0.187500
vt 0.781250 0.838867
vt 0.830078 0.229492
vt 0.781250 0.807617
vt 0.046875 0.218750
vt 0.406250 0.187500
vt 0.796875 0.515625
vt 0.320312 0.276367
vt 0.250000 0.791992
vt 0.710938 0.651367
vt 0.718750 0.484375
vt 0.546875 0.281250
vt 0.781250 0.199219
vt 0.301758 0.625000
vt 0.083008 0.609375
vt 0.281250 0.370117
vt 0.000000 0.406250
vt 0.656250 0.437500
vt 0.796875 0.968750
vt 0.822266 0.505859
vt 0.357422 0.765625
vt 0.822266 0.500000
vt 0.388672 0.958984
vt 0.406250 0.390625
vt 0.578125 0.283203
vt 0.576172 0.187500
vt 0.504883 0.812500
vt 0.591797 0.187500
vt 0.083008 0.515625
vt 0.203125 0.307617
vt 0.359375 0.390625
vt 0.138672 0.296875
vt 0.153320 0.781250
vt 0.154297 0.296875
vt 0.309570 0.890625
vt 0.343750 0.315430
vt 0.125000 0.390625
vt 0.843750 0.556641
vt 0.779297 0.593750
vt 0.779297 0.562500
vt 0.812500 0.767578
vt 0.541016 0.137695
vt 0.629883 0.559570
vt 0.837891 0.453125
vt 0.192383 0.390625
vt 0.828125 0.953125
vt 0.701172 0.593750
vt 0.684570 0.546875
vt 0.701172 0.484375
vt 0.640625 0.924805
vt 0.640625 0.375000
vt 0.396484 0.275391
vt 0.843750 0.546875
vt 0.740234 0.572266
vt 0.734375 0.250000
vt 0.390625 0.197266
vt 0.768555 0.248047
vt 0.291992 0.531250
vt 0.784180 1.000000
vt 0.557617 0.966797
vt 0.562500 0.708008
vt 0.562500 0.629883
vt 0.143555 0.201172
vt 0.293945 0.544922
vt 0.221680 0.234375
vt 0.075195 0.562500
vt 0.515625 0.424805
vt 0.093750 0.468750
vt 0.784180 0.781250
vt 0.153320 0.562500
vt 0.252930 0.234375
vt 0.372070 0.562500
vt 0.125000 0.393555
vt 0.156250 0.393555
vt 0.315430 0.413086
vt 0.073242 0.897461
vt 0.346680 0.413086
vt 0.151367 1.000000
vt 0.218750 0.453125
vt 0.250000 0.379883
vt 0.729492 0.187500
vt 0.473633 0.873047
vt 0.823242 0.187500
vt 0.473633 0.748047
vt 0.187500 0.260742
vt 0.218750 0.328125
vt 0.502930 0.343750
vt 0.385742 0.857422
vt 0.674805 0.326172
vt 0.073242 0.671875
vt 0.546875 0.426758
vt 0.562500 0.817383
vt 0.804688 0.281250
vt 0.557617 0.843750
vt 0.804688 0.250000
vt 0.557617 0.687500
vt 0.421875 0.426758
vt 0.453125 0.426758
vt 0.731445 0.765625
vt 0.626953 0.156250
vt 0.731445 0.750000
vt 0.861328 0.390625
vt 0.578125 0.451172
vt 0.593750 0.890625
vt 0.798828 0.453125
vt 0.387695 0.140625
vt 0.798828 0.424805
vt 0.872070 0.612305
vt 0.750000 0.362305
vt 0.750000 0.359375
vt 0.095703 0.265625
vt 0.173828 0.265625
vt 0.203125 0.250000
vt 0.826172 0.375000
vt 0.654297 0.187500
vt 0.796875 0.921875
vt 0.606445 0.278320
vt 0.622070 0.359375
vt 0.750000 0.140625
vt 0.843750 0.250000
vt 0.048828 0.375000
vt 0.684570 0.248047
vt 0.080078 0.375000
vt 0.043945 0.296875
vt 0.843750 0.362305
vt 0.640625 0.156250
vt 0.706055 0.166016
vt 0.854492 0.572266
vt 0.831055 0.312500
vt 0.854492 0.541016
vt 0.843750 0.317383
vt 0.843750 0.301758
vt 0.737305 0.859375
vt 0.793945 0.578125
vt 0.737305 0.562500
vt 0.793945 0.531250
vt 0.843750 0.627930
vt 0.375000 0.156250
vt 0.580078 0.156250
vt 0.731445 0.781250
vt 0.861328 0.437500
vt 0.578125 0.904297
vt 0.515625 0.404297
vt 0.345703 0.578125
vt 0.106445 0.140625
vt 0.783203 0.377930
vt 0.200195 0.127930
vt 0.750000 0.784180
vt 0.750000 0.456055
vt 0.017578 0.265625
vt 0.171875 0.671875
vt 0.064453 0.265625
vt 0.828125 0.343750
vt 0.843750 0.968750
vt 0.560547 0.187500
vt 0.826172 0.453125
vt 0.625000 0.593750
vt 0.671875 0.937500
vt 0.674805 0.187500
vt 0.276367 0.134766
vt 0.831055 0.343750
vt 0.854492 0.625000
vt 0.843750 0.343750
vt 0.671875 0.156250
vt 0.721680 0.421875
vt 0.793945 0.671875
vt 0.737305 0.937500
vt 0.793945 0.625000
vt 0.343750 0.143555
vt 0.843750 0.656250
vt 0.533203 0.390625
vt 0.668945 0.248047
vt 0.564453 0.390625
vt 0.700195 0.343750
vt 0.843750 0.409180
vt 0.843750 0.406250
vt 0.637695 0.375000
vt 0.293945 0.278320
vt 0.796875 0.375000
vt 0.518555 0.656250
vt 0.799805 0.734375
vt 0.390625 0.562500
vt 0.765625 0.281250
vt 0.690430 0.828125
vt 0.359375 0.625000
vt 0.690430 0.468750
vt 0.218750 0.515625
vt 0.671875 0.375000
vt 0.000000 0.312500
vt 0.375000 0.515625
vt 0.815430 0.718750
vt 0.706055 0.937500
vt 0.112305 0.312500
vt 0.085938 0.156250
vt 0.671875 0.609375
vt 0.851562 0.812500
vt 0.203125 0.125000
vt 0.218750 0.156250
vt 0.585938 0.281250
vt 0.215820 0.630859
vt 0.632812 0.281250
vt 0.262695 0.718750
vt 0.828125 0.737305
vt 0.828125 0.718750
vt 0.648438 0.296875
vt 0.388672 0.679688
vt 0.710938 0.242188
vt 0.388672 0.570312
vt 0.843750 0.501953
vt 0.843750 0.500000
vt 0.104492 0.187500
vt 0.151367 0.565430
vt 0.823242 0.862305
vt 0.448242 0.640625
vt 0.546875 0.192383
vt 0.562500 0.192383
vt 0.603516 0.265625
vt 0.612305 0.671875
vt 0.619141 0.265625
vt 0.612305 0.437500
vt 0.796875 0.137695
vt 0.492188 0.281250
vt 0.507812 0.281250
vt 0.859375 0.515625
vt 0.484375 0.140625
vt 0.687500 0.921875
vt 0.242188 0.156250
vt 0.250000 0.125000
vt 0.697266 0.265625
vt 0.627930 1.000000
vt 0.759766 1.000000
vt 0.112305 0.390625
vt 0.828125 0.137695
vt 0.843750 0.156250
vt 0.117188 0.177734
vt 0.309570 0.718750
vt 0.742188 0.630859
vt 0.356445 0.718750
vt 0.828125 0.627930
vt 0.828125 0.581055
vt 0.523438 0.281250
vt 0.539062 0.281250
vt 0.093750 0.388672
vt 0.500000 0.125000
vt 0.726562 0.632812
vt 0.185547 0.523438
vt 0.414062 0.179688
vt 0.216797 0.625000
vt 0.843750 0.468750
vt 0.546875 0.126953
vt 0.135742 0.143555
vt 0.448242 0.593750
vt 0.151367 0.187500
vt 0.479492 0.859375
vt 0.750000 0.343750
vt 0.718750 0.192383
vt 0.429688 0.179688
vt 0.213867 0.898438
vt 0.445312 0.281250
vt 0.213867 0.890625
vt 0.281250 0.129883
vt 0.296875 0.187500
s 1
usemtl m_8fe1708a-0e6e-0236-b96c-71a7fc94621b
f 7/1/1 2/2/1 4/3/1
f 4/4/2 1/5/2 3/6/2
f 3/7/3 6/8/3 8/9/3
f 8/10/4 5/11/4 7/12/4
f 1/13/5 5/14/5 6/15/5
f 4/16/6 8/17/7 7/18/6
f 15/19/8 10/20/8 12/21/8
f 11/22/9 10/23/9 9/24/9
f 11/25/10 14/26/10 16/19/10
f 16/27/11 13/28/11 15/29/11
f 9/30/12 13/31/12 14/32/12
f 12/33/13 16/34/13 15/35/13
f 23/36/8 18/37/8 20/38/8
f 19/39/9 18/40/9 17/41/9
f 19/42/10 22/43/10 24/44/10
f 24/45/11 21/46/11 23/47/11
f 17/48/14 21/49/14 22/50/14
f 23/51/15 19/52/15 24/53/15
f 31/54/16 26/55/16 28/56/16
f 28/57/17 25/58/17 27/59/17
f 27/60/18 30/61/19 32/62/19
f 32/63/20 29/64/20 31/65/20
f 25/66/12 29/67/12 30/68/12
f 31/69/13 27/70/15 32/71/13
f 39/72/21 34/73/21 36/74/21
f 35/75/22 34/76/22 33/77/22
f 35/78/23 38/79/23 40/80/23
f 40/81/24 37/82/24 39/83/24
f 33/84/25 37/85/25 38/86/25
f 36/87/26 40/85/26 39/88/26
f 44/89/21 45/90/21 42/91/21
f 44/92/22 41/93/22 43/94/22
f 48/95/23 41/96/23 46/97/23
f 48/98/24 45/99/24 47/100/24
f 46/101/25 42/102/25 45/103/25
f 44/104/26 48/105/26 47/106/26
f 55/107/21 50/108/21 52/109/21
f 52/110/22 49/111/22 51/112/22
f 51/113/23 54/114/23 56/115/23
f 56/116/24 53/117/24 55/118/24
f 49/119/25 53/120/25 54/121/25
f 55/122/26 51/123/26 56/124/26
f 63/125/21 58/126/21 60/127/21
f 59/128/22 58/126/22 57/129/22
f 64/130/23 57/131/23 62/132/23
f 63/133/24 62/132/24 61/134/24
f 62/135/25 58/136/25 61/137/25
f 63/138/26 59/139/26 64/140/26
f 71/141/27 66/142/27 68/143/27
f 68/144/28 65/145/28 67/146/28
f 67/147/29 70/148/29 72/149/29
f 71/150/30 70/151/30 69/152/30
f 65/153/31 69/154/31 70/155/31
f 68/156/32 72/157/32 71/158/32
f 76/159/27 77/160/27 74/161/27
f 76/162/28 73/163/28 75/164/28
f 75/165/29 78/166/29 80/167/29
f 79/168/30 78/169/30 77/170/30
f 73/171/31 77/172/31 78/173/31
f 79/174/32 75/175/32 80/176/32
f 84/177/33 85/178/33 82/179/33
f 83/180/34 82/181/34 81/182/34
f 83/183/35 86/184/35 88/185/35
f 87/186/36 86/187/36 85/181/36
f 86/88/37 82/188/37 85/189/37
f 84/190/38 88/189/38 87/191/38
f 95/192/33 90/193/33 92/194/33
f 92/195/34 89/196/34 91/197/34
f 96/192/35 89/198/35 94/138/35
f 96/199/36 93/200/36 95/201/36
f 94/202/37 90/138/37 93/198/37
f 92/203/38 96/204/38 95/205/38
f 100/206/33 101/207/33 98/208/33
f 100/209/34 97/210/34 99/211/34
f 99/212/35 102/213/35 104/214/35
f 103/215/36 102/216/36 101/217/36
f 97/218/37 101/219/37 102/122/37
f 100/220/38 104/219/38 103/221/38
f 111/222/33 106/223/33 108/25/33
f 107/224/34 106/225/34 105/226/34
f 107/227/35 110/228/35 112/229/35
f 112/230/36 109/231/36 111/232/36
f 105/202/37 109/233/37 110/234/37
f 108/233/38 112/235/38 111/236/38
f 119/237/39 114/238/39 116/239/39
f 116/240/40 113/241/40 115/242/40
f 120/237/41 113/243/41 118/244/41
f 120/245/42 117/246/42 119/247/42
f 113/248/43 117/249/43 118/250/43
f 116/251/44 120/252/44 119/253/44
f 127/254/45 122/255/45 124/256/45
f 123/257/46 122/258/46 121/259/47
f 123/260/48 126/261/48 128/254/48
f 127/262/49 126/263/49 125/264/49
f 126/205/50 122/265/50 125/266/50
f 127/267/51 123/235/52 128/268/52
f 132/269/53 133/270/53 130/271/53
f 132/272/54 129/273/54 131/274/54
f 131/275/55 134/276/55 136/260/55
f 136/277/56 133/278/56 135/279/56
f 129/280/57 133/281/57 134/282/57
f 132/283/58 136/284/59 135/285/58
f 143/286/60 138/101/60 140/287/60
f 140/288/61 137/289/61 139/290/61
f 144/291/62 137/292/62 142/293/62
f 144/294/63 141/295/63 143/296/63
f 137/297/64 141/298/64 142/299/64
f 140/300/65 144/301/65 143/302/65
f 151/303/39 146/304/39 148/305/39
f 148/306/66 145/307/66 147/308/66
f 147/309/41 150/310/41 152/311/41
f 152/312/67 149/313/67 151/314/67
f 145/315/68 149/316/68 150/317/68
f 148/318/69 152/319/69 151/320/69
f 159/321/39 154/322/39 156/323/39
f 156/324/70 153/325/70 155/326/70
f 155/327/41 158/328/41 160/329/41
f 160/330/71 157/331/71 159/332/71
f 153/333/72 157/334/72 158/335/72
f 156/336/73 160/337/73 159/338/73
f 167/339/39 162/340/39 164/341/39
f 164/342/70 161/343/70 163/344/70
f 163/157/41 166/345/41 168/346/41
f 168/347/71 165/344/71 167/348/71
f 161/349/72 165/350/72 166/351/72
f 164/352/73 168/353/73 167/354/73
f 175/355/74 170/356/74 172/357/74
f 172/358/75 169/359/75 171/360/76
f 171/361/77 174/136/77 176/362/77
f 176/363/78 173/364/78 175/365/78
f 169/366/79 173/367/79 174/368/79
f 175/369/80 171/370/80 176/371/80
f 183/372/45 178/373/45 180/275/45
f 179/374/46 178/375/46 177/376/47
f 184/377/48 177/378/48 182/379/48
f 183/380/49 182/381/49 181/382/49
f 177/383/50 181/384/50 182/385/50
f 180/386/51 184/387/51 183/388/51
f 191/389/81 186/390/81 188/391/81
f 188/392/82 185/393/82 187/394/82
f 192/395/83 185/396/83 190/397/83
f 192/398/84 189/399/84 191/400/84
f 190/401/85 186/402/85 189/403/85
f 188/404/86 192/405/86 191/406/86
f 199/407/87 194/408/87 196/409/87
f 195/410/88 194/411/88 193/412/88
f 200/413/89 193/414/89 198/415/89
f 200/416/90 197/417/90 199/418/90
f 193/419/91 197/420/91 198/421/91
f 196/422/92 200/423/92 199/424/92
f 207/425/93 202/426/93 204/427/93
f 204/428/94 201/429/94 203/430/94
f 208/431/95 201/432/95 206/433/95
f 208/434/96 205/435/96 207/436/96
f 201/437/97 205/438/97 206/439/97
f 204/440/98 208/441/98 207/442/98
f 215/443/99 210/444/99 212/445/99
f 211/446/100 210/447/100 209/448/100
f 211/449/101 214/450/101 216/451/101
f 216/452/102 213/453/102 215/454/102
f 209/455/103 213/456/103 214/457/103
f 212/458/104 216/459/105 215/460/104
f 220/461/106 221/462/107 218/463/107
f 220/464/108 217/465/108 219/466/108
f 224/467/109 217/468/110 222/469/110
f 224/470/111 221/471/111 223/472/111
f 217/473/112 221/474/112 222/475/112
f 220/476/113 224/477/113 223/478/113
f 231/479/30 226/480/30 228/481/30
f 228/482/114 225/483/114 227/484/114
f 227/485/28 230/486/28 232/487/28
f 232/488/115 229/489/115 231/490/115
f 230/491/41 226/492/41 229/493/41
f 228/494/39 232/495/39 231/496/39
f 239/497/116 234/498/116 236/499/116
f 235/500/117 234/501/117 233/502/117
f 235/503/118 238/504/118 240/505/118
f 240/506/119 237/507/119 239/508/119
f 233/509/120 237/510/120 238/511/120
f 236/512/121 240/513/121 239/514/121
f 244/515/122 245/516/122 242/517/122
f 244/518/123 241/519/123 243/520/123
f 248/521/124 241/522/124 246/523/124
f 248/524/125 245/525/125 247/526/125
f 241/527/126 245/528/126 246/529/126
f 244/530/127 248/531/127 247/532/127
f 255/533/122 250/534/122 252/535/122
f 252/536/123 249/537/123 251/538/123
f 256/539/124 249/540/124 254/541/124
f 256/542/125 253/543/125 255/544/125
f 249/545/126 253/546/126 254/547/126
f 252/548/127 256/549/127 255/550/127
f 260/551/128 261/552/128 258/553/128
f 259/554/129 258/555/129 257/556/129
f 259/557/130 262/558/131 264/559/131
f 263/560/132 262/561/132 261/562/132
f 262/563/133 258/564/133 261/565/134
f 260/566/135 264/567/136 263/568/136
f 268/222/8 269/569/8 266/570/8
f 267/571/137 266/572/137 265/573/137
f 272/574/10 265/575/10 270/576/10
f 272/577/138 269/578/138 271/579/138
f 270/580/134 266/581/134 269/582/134
f 268/583/136 272/584/136 271/585/136
f 276/586/8 277/587/8 274/588/8
f 275/589/137 274/590/137 273/591/137
f 280/592/10 273/593/10 278/594/10
f 280/595/138 277/596/138 279/597/138
f 278/598/133 274/599/133 277/600/133
f 276/601/135 280/30/135 279/602/135
f 287/603/139 282/604/139 284/605/139
f 284/606/140 281/607/140 283/608/140
f 288/609/141 281/610/141 286/611/141
f 288/612/142 285/613/142 287/614/142
f 281/615/143 285/616/143 286/617/143
f 287/618/144 283/619/144 288/620/144
f 292/621/139 293/622/139 290/623/139
f 291/624/140 290/123/140 289/625/140
f 291/626/141 294/627/141 296/628/141
f 295/629/142 294/218/142 293/630/142
f 289/631/143 293/632/143 294/633/143
f 295/634/144 291/635/144 296/636/144
f 303/637/139 298/638/139 300/639/139
f 300/640/140 297/641/140 299/642/140
f 304/643/141 297/644/141 302/645/141
f 304/646/142 301/647/142 303/648/142
f 297/649/143 301/650/143 302/651/143
f 303/652/144 299/263/144 304/653/144
f 308/654/139 309/655/139 306/593/139
f 308/656/140 305/657/140 307/658/140
f 312/659/141 305/20/141 310/655/141
f 312/660/142 309/661/142 311/662/142
f 310/663/143 306/664/143 309/665/143
f 311/91/144 307/664/144 312/665/144
f 316/666/145 317/667/145 314/668/145
f 315/669/146 314/670/146 313/671/146
f 315/672/147 318/673/147 320/674/147
f 320/675/148 317/676/148 319/677/148
f 313/678/149 317/97/149 318/91/149
f 316/679/150 320/97/150 319/680/150
f 327/681/145 322/682/145 324/683/145
f 323/684/146 322/685/146 321/686/146
f 328/687/147 321/688/147 326/689/147
f 327/690/148 326/220/148 325/691/148
f 321/692/149 325/693/149 326/694/149
f 324/202/150 328/695/150 327/696/150
f 335/697/145 330/32/145 332/698/145
f 332/699/146 329/700/146 331/701/146
f 331/702/147 334/703/147 336/697/147
f 335/704/148 334/93/148 333/705/148
f 329/679/149 333/706/149 334/680/149
f 332/707/150 336/706/150 335/670/150
f 340/708/145 341/709/145 338/710/145
f 339/711/146 338/331/146 337/712/146
f 344/713/147 337/714/147 342/715/147
f 344/716/148 341/717/148 343/718/148
f 337/719/149 341/720/149 342/721/149
f 340/722/150 344/723/150 343/724/150
f 348/725/39 349/726/39 346/284/39
f 348/727/151 345/728/151 347/729/151
f 347/730/41 350/731/41 352/732/41
f 352/733/152 349/734/152 351/735/152
f 345/736/153 349/737/153 350/738/153
f 348/739/154 352/248/154 351/740/154
f 356/741/155 357/742/155 354/743/155
f 356/744/156 353/745/156 355/746/157
f 360/747/158 353/748/158 358/742/158
f 360/257/159 357/749/159 359/744/159
f 353/750/160 357/751/160 358/752/160
f 356/753/161 360/754/162 359/203/161
f 364/755/163 365/756/163 362/680/163
f 364/757/164 361/758/164 363/759/164
f 363/760/165 366/761/165 368/762/165
f 367/763/166 366/764/166 365/765/166
f 366/766/167 362/767/167 365/768/167
f 367/769/168 363/770/168 368/771/168
f 375/772/39 370/773/39 372/774/39
f 372/775/169 369/776/169 371/777/169
f 371/778/41 374/779/41 376/780/41
f 376/781/170 373/782/170 375/783/170
f 369/784/171 373/785/171 374/786/171
f 372/787/172 376/788/172 375/789/172
f 383/790/39 378/791/39 380/792/39
f 380/793/70 377/794/70 379/795/70
f 379/796/41 382/797/41 384/798/41
f 384/799/71 381/800/71 383/801/71
f 377/802/72 381/803/72 382/804/72
f 380/805/73 384/806/73 383/807/73
f 388/808/155 389/809/155 386/96/155
f 388/810/156 385/811/156 387/812/157
f 387/813/158 390/748/158 392/814/158
f 392/815/159 389/816/159 391/817/159
f 385/818/160 389/819/160 390/820/160
f 391/821/161 387/822/161 392/383/161
f 396/823/173 397/824/173 394/825/173
f 395/826/174 394/827/174 393/828/174
f 395/829/175 398/830/175 400/831/175
f 400/832/176 397/833/176 399/834/177
f 398/835/178 394/836/178 397/837/178
f 396/838/179 400/839/179 399/840/179
f 407/529/39 402/841/39 404/842/39
f 404/843/70 401/844/70 403/845/70
f 403/846/41 406/847/41 408/848/41
f 408/849/71 405/845/71 407/343/71
f 401/850/72 405/851/72 406/852/72
f 404/853/73 408/854/73 407/855/73
f 415/256/180 410/856/180 412/813/180
f 411/857/181 410/858/181 409/859/181
f 411/860/182 414/861/182 416/862/182
f 415/863/183 414/864/183 413/865/183
f 414/866/184 410/867/184 413/868/184
f 415/869/185 411/870/186 416/871/186
f 420/872/187 421/873/187 418/874/187
f 420/875/188 417/876/188 419/877/188
f 419/878/189 422/879/189 424/880/189
f 423/881/190 422/882/190 421/883/190
f 417/884/85 421/885/85 422/886/85
f 423/887/86 419/216/86 424/888/86
f 428/889/191 429/890/191 426/891/191
f 427/892/192 426/893/192 425/894/192
f 427/895/193 430/896/193 432/897/193
f 432/898/194 429/899/194 431/900/194
f 425/901/91 429/902/91 430/903/91
f 428/904/92 432/905/92 431/906/92
f 439/907/195 434/908/195 436/909/195
f 436/910/196 433/911/196 435/912/196
f 435/913/197 438/914/197 440/915/197
f 440/916/198 437/917/198 439/918/198
f 433/919/97 437/920/97 438/921/97
f 439/922/98 435/923/98 440/924/98
f 444/925/199 445/926/199 442/927/199
f 443/928/200 442/929/200 441/930/200
f 448/931/201 441/932/201 446/933/201
f 448/934/202 445/935/202 447/936/202
f 446/937/103 442/938/103 445/939/103
f 447/940/104 443/941/105 448/942/105
f 455/943/203 450/944/204 452/945/203
f 451/946/205 450/947/205 449/948/205
f 451/949/206 454/950/207 456/951/206
f 455/952/208 454/953/208 453/954/208
f 449/955/209 453/956/209 454/957/209
f 452/958/210 456/959/210 455/960/210
f 463/961/211 458/187/211 460/962/211
f 459/963/212 458/964/212 457/965/212
f 464/966/213 457/967/213 462/968/213
f 464/969/214 461/970/214 463/971/214
f 457/972/120 461/973/120 462/974/120
f 463/975/121 459/976/121 464/977/121
f 471/978/123 466/979/123 468/980/123
f 468/981/215 465/982/215 467/983/215
f 467/984/125 470/985/125 472/986/125
f 472/987/216 469/988/216 471/989/216
f 465/990/41 469/991/41 470/992/41
f 471/993/39 467/994/39 472/995/39
f 479/996/217 474/997/217 476/998/217
f 476/999/218 473/1000/218 475/1001/218
f 475/1002/219 478/1003/219 480/1004/219
f 480/1005/220 477/1006/220 479/1007/220
f 473/1008/72 477/1009/72 478/1010/72
f 476/1011/73 480/1012/73 479/1013/73
f 487/1014/221 482/1015/221 484/1016/221
f 484/1017/222 481/1018/222 483/1019/222
f 488/1020/223 481/1021/223 486/1022/223
f 487/1023/224 486/1024/224 485/1025/224
f 481/1026/225 485/1027/225 486/1028/225
f 484/1029/226 488/1030/226 487/1031/227
f 495/1032/39 490/1033/39 492/1034/39
f 492/1035/70 489/1036/70 491/1037/70
f 491/1038/41 494/1039/41 496/1040/41
f 496/1041/71 493/1042/71 495/1043/71
f 489/198/72 493/1044/72 494/1045/72
f 492/534/73 496/1046/73 495/1047/73
f 503/1048/72 498/1049/72 500/1050/72
f 500/1051/228 497/385/228 499/384/228
f 499/1052/73 502/1053/73 504/1054/73
f 504/1055/229 501/1056/229 503/1051/229
f 497/753/230 501/1057/230 502/1058/230
f 500/1059/231 504/1060/231 503/1061/231
f 508/1062/72 509/1063/72 506/1064/72
f 508/1065/232 505/1066/232 507/1067/232
f 507/1068/73 510/1069/73 512/1070/73
f 512/1071/233 509/1072/233 511/1065/233
f 505/1073/234 509/1074/234 510/1075/234
f 508/661/235 512/1076/235 511/1077/235
f 519/1078/236 514/1079/236 516/1080/236
f 515/1081/70 514/1082/70 513/1083/70
f 515/1084/237 518/1085/237 520/1086/237
f 520/1087/71 517/1088/71 519/1089/71
f 513/1090/238 517/1091/238 518/1092/238
f 516/1093/239 520/1094/239 519/1095/239
f 524/1096/240 525/1097/240 522/1098/240
f 523/1099/241 522/1100/241 521/1101/241
f 523/1102/242 526/106/242 528/1103/242
f 527/1104/243 526/1105/243 525/1106/243
f 521/1107/244 525/1108/244 526/1109/244
f 527/1110/245 523/1111/245 528/1112/245
f 535/1113/240 530/1114/240 532/1115/240
f 532/1116/70 529/1117/70 531/1118/70
f 531/1119/242 534/1120/242 536/1121/242
f 536/1122/71 533/1123/71 535/1124/71
f 529/1125/246 533/1126/246 534/1127/246
f 532/1128/247 536/1129/247 535/1130/247
f 543/1131/248 538/348/248 540/1132/248
f 540/1133/249 537/1134/249 539/1135/249
f 539/1136/250 542/1137/250 544/1138/250
f 544/1139/251 541/1140/251 543/1141/251
f 537/1142/72 541/1143/72 542/1144/72
f 543/1145/73 539/1146/73 544/1147/73
f 551/1148/252 546/1149/252 548/1150/252
f 548/1151/253 545/1152/253 547/1153/253
f 552/1154/254 545/652/254 550/1155/254
f 551/1156/255 550/1157/255 549/1158/255
f 545/1159/256 549/1160/256 550/1161/256
f 551/1162/257 547/1163/257 552/1164/257
f 559/1165/39 554/1166/39 556/1167/39
f 556/1168/70 553/1169/70 555/1170/70
f 555/1171/41 558/1172/41 560/1173/41
f 560/1174/71 557/1175/71 559/1176/71
f 553/1177/72 557/1178/72 558/1179/72
f 556/1180/73 560/1181/73 559/1046/73
f 567/1182/72 562/1183/72 564/1184/72
f 564/1185/258 561/1186/258 563/1187/258
f 563/1188/73 566/1189/73 568/1190/73
f 568/1191/259 565/1192/259 567/1193/259
f 561/1194/260 565/1195/260 566/1196/260
f 564/1197/261 568/1198/261 567/1199/261
f 575/1200/240 570/1201/240 572/1202/240
f 571/1203/262 570/1204/262 569/1205/262
f 571/1206/242 574/105/242 576/1207/242
f 576/1208/263 573/1209/263 575/1210/263
f 574/1211/264 570/1212/264 573/1213/264
f 572/1214/265 576/1215/265 575/1216/265
f 583/1217/240 578/1218/240 580/1219/240
f 580/1220/70 577/1221/70 579/1222/70
f 579/1223/242 582/1224/242 584/1225/242
f 584/1226/71 581/1227/71 583/1228/71
f 577/1229/246 581/1230/246 582/1231/246
f 580/1232/247 584/1233/247 583/1234/247
f 591/1235/236 586/1236/236 588/1237/236
f 587/1238/70 586/1239/70 585/1240/70
f 587/1241/237 590/1242/237 592/1243/237
f 592/1244/71 589/1245/71 591/1246/71
f 585/1247/238 589/1248/238 590/1249/238
f 588/1250/239 592/1251/239 591/1252/239
f 599/1253/72 594/1254/72 596/1255/72
f 596/365/266 593/1256/266 595/1257/266
f 600/1258/73 593/1259/73 598/1260/73
f 600/1067/267 597/1261/267 599/1262/267
f 593/102/268 597/1263/268 598/1264/268
f 596/1265/269 600/1266/269 599/1267/269
f 607/1268/39 602/1269/39 604/1270/39
f 604/1271/70 601/1272/70 603/1273/70
f 603/1274/41 606/1275/41 608/1276/41
f 608/1277/71 605/1278/71 607/417/71
f 601/1279/72 605/1280/72 606/1281/72
f 604/1282/73 608/1283/73 607/1284/73
f 615/1285/39 610/1286/39 612/1287/39
f 612/1288/70 609/1289/70 611/1290/70
f 611/1291/41 614/752/41 616/1292/41
f 616/1293/71 613/1294/71 615/1295/71
f 609/1292/72 613/1296/72 614/1291/72
f 612/1166/73 616/1297/73 615/1298/73
f 623/1299/39 618/1282/39 620/1300/39
f 620/1301/70 617/1302/70 619/444/70
f 619/1303/41 622/1304/41 624/1305/41
f 624/1306/71 621/1307/71 623/1308/71
f 617/1305/72 621/1309/72 622/1303/72
f 620/1221/73 624/1309/73 623/1310/73
f 631/1311/39 626/1312/39 628/1313/39
f 628/1314/70 625/1315/70 627/1316/70
f 627/1317/41 630/1318/41 632/1319/41
f 632/1320/71 629/1316/71 631/988/71
f 625/1321/72 629/1322/72 630/1323/72
f 628/715/73 632/1324/73 631/1325/73
f 639/1326/270 634/236/270 636/1327/270
f 636/527/70 633/1328/70 635/1329/70
f 635/1330/271 638/1331/271 640/1332/271
f 640/1333/71 637/1329/71 639/1334/71
f 633/1335/5 637/1336/5 638/1337/5
f 636/1338/7 640/1339/7 639/1340/7
f 647/1341/272 642/1342/272 644/1343/272
f 643/1168/273 642/1344/273 641/1345/273
f 643/1346/274 646/1347/274 648/1348/274
f 648/1349/275 645/1350/275 647/1351/275
f 641/1352/5 645/1353/5 646/1354/5
f 644/1355/7 648/1356/7 647/1357/7
f 655/1358/276 650/1359/276 652/1360/276
f 651/1361/277 650/1362/277 649/1363/277
f 656/1364/278 649/1365/278 654/1366/278
f 655/1367/279 654/1368/279 653/1369/279
f 649/1370/5 653/1371/280 654/1372/5
f 652/1373/7 656/1374/7 655/1375/7
f 663/1376/1 658/268/1 660/1377/1
f 659/1378/2 658/1379/2 657/1380/2
f 664/1381/3 657/1382/3 662/265/3
f 664/1383/4 661/1384/4 663/1385/4
f 657/722/280 661/1386/5 662/1387/280
f 663/1388/6 659/1389/7 664/1390/7
f 671/1391/270 666/1392/270 668/1393/270
f 668/1394/70 665/1395/70 667/1396/70
f 667/1397/271 670/1398/271 672/1399/271
f 672/1400/71 669/1401/71 671/1402/71
f 665/1403/5 669/1404/5 670/1405/5
f 668/1406/7 672/1407/7 671/1408/7
f 679/1409/281 674/1410/281 676/1411/281
f 676/1412/277 673/1413/277 675/1414/277
f 675/1415/282 678/1416/278 680/1417/282
f 679/1412/279 678/1418/279 677/1419/279
f 673/1420/5 677/1421/5 678/1422/5
f 676/1423/7 680/1424/6 679/1425/7
f 687/1426/270 682/1332/270 684/1427/270
f 684/1313/70 681/1428/70 683/1429/70
f 683/1430/271 686/1431/271 688/1432/271
f 688/1433/71 685/1434/71 687/1321/71
f 681/1435/5 685/1436/5 686/1437/5
f 684/638/7 688/1426/7 687/1438/7
f 695/1439/270 690/1440/270 692/1441/270
f 692/1442/70 689/1443/70 691/1444/70
f 691/1445/271 694/1446/271 696/1447/271
f 696/1448/71 693/1449/71 695/1450/71
f 689/1451/5 693/1452/5 694/1453/5
f 692/1454/7 696/1455/7 695/1456/7
f 700/1457/283 701/1458/283 698/1459/283
f 700/1460/284 697/1461/284 699/1462/284
f 704/1463/285 697/1464/285 702/1465/285
f 704/1466/286 701/1467/286 703/1468/286
f 697/598/5 701/1469/5 702/1470/5
f 703/1471/7 699/1472/7 704/1473/7
f 711/1474/287 706/1475/287 708/1476/287
f 708/1477/288 705/1418/288 707/1478/288
f 707/1479/289 710/1480/290 712/1481/289
f 711/1477/291 710/1482/291 709/1483/291
f 710/1421/5 706/556/5 709/1484/5
f 711/1485/7 707/1486/6 712/1487/6
f 716/1488/292 717/1489/292 714/1490/292
f 715/1491/288 714/1492/288 713/1493/288
f 720/1494/290 713/1495/290 718/1496/290
f 720/1497/291 717/1498/291 719/1499/291
f 718/1500/5 714/1501/280 717/1502/280
f 719/1503/7 715/1504/7 720/1505/7
f 724/1506/293 725/1507/293 722/1508/293
f 724/1509/294 721/1510/294 723/1511/294
f 723/1512/295 726/1513/295 728/1514/295
f 728/1515/296 725/1516/296 727/1517/296
f 726/1518/280 722/1519/5 725/1520/5
f 727/1521/6 723/190/7 728/1522/7
f 732/1523/293 733/1524/293 730/1525/293
f 731/1526/294 730/1527/294 729/1528/294
f 731/1529/295 734/1530/295 736/1531/295
f 736/1532/296 733/1533/296 735/1534/296
f 729/1535/5 733/1536/5 734/1537/5
f 732/1538/7 736/1539/6 735/1540/7
f 7/1/1 5/1541/1 2/2/1
f 4/4/2 2/1542/2 1/5/2
f 3/7/3 1/1543/3 6/8/3
f 8/10/4 6/1544/4 5/11/4
f 1/13/5 2/1545/5 5/14/5
f 4/16/6 3/1546/7 8/17/7
f 15/19/8 13/26/8 10/20/8
f 11/22/9 12/1547/9 10/23/9
f 11/25/10 9/223/10 14/26/10
f 16/27/11 14/1548/11 13/28/11
f 9/30/12 10/602/12 13/31/12
f 12/33/13 11/665/13 16/34/13
f 23/36/8 21/1549/8 18/37/8
f 19/39/9 20/1550/9 18/40/9
f 19/42/10 17/1551/10 22/43/10
f 24/45/11 22/1552/11 21/46/11
f 17/48/14 18/1553/14 21/49/14
f 23/51/15 20/1554/15 19/52/15
f 31/54/16 29/1555/16 26/55/16
f 28/57/17 26/1556/17 25/58/17
f 27/60/18 25/1557/18 30/61/19
f 32/63/20 30/1558/20 29/64/20
f 25/66/12 26/1559/14 29/67/12
f 31/69/13 28/1560/15 27/70/15
f 39/72/21 37/1561/21 34/73/21
f 35/75/22 36/1562/22 34/76/22
f 35/78/23 33/1563/23 38/79/23
f 40/81/24 38/297/24 37/82/24
f 33/84/25 34/1564/25 37/85/25
f 36/87/26 35/1564/26 40/85/26
f 44/89/21 47/1565/21 45/90/21
f 44/92/22 42/1566/22 41/93/22
f 48/95/23 43/1567/23 41/96/23
f 48/98/24 46/84/24 45/99/24
f 46/101/25 41/1568/25 42/102/25
f 44/104/26 43/1569/26 48/105/26
f 55/107/21 53/1570/21 50/108/21
f 52/110/22 50/1304/22 49/111/22
f 51/113/23 49/1571/23 54/114/23
f 56/116/24 54/1572/24 53/117/24
f 49/119/25 50/235/25 53/120/25
f 55/122/26 52/218/26 51/123/26
f 63/125/21 61/1573/21 58/126/21
f 59/128/22 60/127/22 58/126/22
f 64/130/23 59/1574/23 57/131/23
f 63/133/24 64/130/24 62/132/24
f 62/135/25 57/1575/25 58/136/25
f 63/138/26 60/193/26 59/139/26
f 71/141/27 69/1576/27 66/142/27
f 68/144/28 66/1577/28 65/145/28
f 67/147/29 65/1578/29 70/148/29
f 71/150/30 72/1579/30 70/151/30
f 65/153/31 66/1580/31 69/154/31
f 68/156/32 67/1581/32 72/157/32
f 76/159/27 79/1582/27 77/160/27
f 76/162/28 74/1583/28 73/163/28
f 75/165/29 73/1584/29 78/166/29
f 79/168/30 80/1585/30 78/169/30
f 73/171/31 74/1586/31 77/172/31
f 79/174/32 76/1587/32 75/175/32
f 84/177/33 87/1588/33 85/178/33
f 83/180/34 84/186/34 82/181/34
f 83/183/35 81/1589/35 86/184/35
f 87/186/36 88/1590/36 86/187/36
f 86/88/37 81/87/37 82/188/37
f 84/190/38 83/188/38 88/189/38
f 95/192/33 93/138/33 90/193/33
f 92/195/34 90/1591/34 89/196/34
f 96/192/35 91/1592/35 89/198/35
f 96/199/36 94/1227/36 93/200/36
f 94/202/37 89/140/37 90/138/37
f 92/203/38 91/754/38 96/204/38
f 100/206/33 103/1593/33 101/207/33
f 100/209/34 98/1516/34 97/210/34
f 99/212/35 97/1594/35 102/213/35
f 103/215/36 104/1595/36 102/216/36
f 97/218/37 98/685/37 101/219/37
f 100/220/38 99/685/38 104/219/38
f 111/222/33 109/570/33 106/223/33
f 107/224/34 108/1596/34 106/225/34
f 107/227/35 105/1597/35 110/228/35
f 112/230/36 110/1598/36 109/231/36
f 105/202/37 106/198/37 109/233/37
f 108/233/38 107/234/38 112/235/38
f 119/237/39 117/244/39 114/238/39
f 116/240/40 114/1599/40 113/241/40
f 120/237/41 115/1600/41 113/243/41
f 120/245/42 118/1601/42 117/246/42
f 113/248/43 114/740/43 117/249/43
f 116/251/44 115/1602/44 120/252/44
f 127/254/45 125/261/45 122/255/45
f 123/257/46 124/1603/46 122/258/46
f 123/260/48 121/276/48 126/261/48
f 127/262/49 128/1604/297 126/263/49
f 126/205/50 121/203/50 122/265/50
f 127/267/51 124/236/51 123/235/52
f 132/269/53 135/1605/53 133/270/53
f 132/272/54 130/1606/54 129/273/54
f 131/275/55 129/373/55 134/276/55
f 136/277/56 134/1607/56 133/278/56
f 129/280/57 130/1608/57 133/281/57
f 132/283/58 131/1609/59 136/284/59
f 143/286/60 141/1610/60 138/101/60
f 140/288/61 138/1611/61 137/289/61
f 144/291/62 139/1612/62 137/292/62
f 144/294/63 142/1613/63 141/295/63
f 137/297/64 138/1614/64 141/298/64
f 140/300/65 139/1615/65 144/301/65
f 151/303/39 149/1616/39 146/304/39
f 148/306/66 146/1617/66 145/307/66
f 147/309/41 145/1618/41 150/310/41
f 152/312/67 150/1619/67 149/313/67
f 145/315/68 146/1620/68 149/316/68
f 148/318/69 147/1621/69 152/319/69
f 159/321/39 157/1622/39 154/322/39
f 156/324/70 154/1623/70 153/325/70
f 155/327/41 153/1624/41 158/328/41
f 160/330/71 158/1625/71 157/331/71
f 153/333/72 154/1626/72 157/334/72
f 156/336/73 155/252/73 160/337/73
f 167/339/39 165/1627/39 162/340/39
f 164/342/70 162/849/70 161/343/70
f 163/157/41 161/1628/41 166/345/41
f 168/347/71 166/342/71 165/344/71
f 161/349/72 162/1629/72 165/350/72
f 164/352/73 163/1630/73 168/353/73
f 175/355/74 173/1631/74 170/356/74
f 172/358/75 170/1632/75 169/359/75
f 171/361/77 169/1633/77 174/136/77
f 176/363/78 174/1634/78 173/364/78
f 169/366/79 170/1635/79 173/367/79
f 175/369/80 172/1636/80 171/370/80
f 183/372/45 181/825/45 178/373/45
f 179/374/46 180/1637/46 178/375/46
f 184/377/48 179/1638/48 177/378/48
f 183/380/49 184/1639/297 182/381/49
f 177/383/50 178/821/50 181/384/50
f 180/386/51 179/1640/51 184/387/51
f 191/389/81 189/1641/81 186/390/81
f 188/392/82 186/1642/82 185/393/82
f 192/395/83 187/1643/83 185/396/83
f 192/398/84 190/1644/84 189/399/84
f 190/401/85 185/1645/85 186/402/85
f 188/404/86 187/1646/86 192/405/86
f 199/407/87 197/1647/87 194/408/87
f 195/410/88 196/1648/88 194/411/88
f 200/413/89 195/1649/89 193/414/89
f 200/416/90 198/1650/90 197/417/90
f 193/419/91 194/1651/91 197/420/91
f 196/422/92 195/1652/92 200/423/92
f 207/425/93 205/1653/93 202/426/93
f 204/428/94 202/1654/94 201/429/94
f 208/431/95 203/1655/95 201/432/95
f 208/434/96 206/1656/96 205/435/96
f 201/437/97 202/1657/97 205/438/97
f 204/440/98 203/1658/98 208/441/98
f 215/443/99 213/1659/99 210/444/99
f 211/446/100 212/1660/100 210/447/100
f 211/449/101 209/1661/101 214/450/101
f 216/452/102 214/1662/102 213/453/102
f 209/455/103 210/1663/103 213/456/103
f 212/458/104 211/1664/105 216/459/105
f 220/461/106 223/1665/106 221/462/107
f 220/464/108 218/1666/108 217/465/108
f 224/467/109 219/1667/109 217/468/110
f 224/470/111 222/1668/111 221/471/111
f 217/473/112 218/1669/112 221/474/112
f 220/476/113 219/1670/113 224/477/113
f 231/479/30 229/1671/30 226/480/30
f 228/482/114 226/1672/114 225/483/114
f 227/485/28 225/1673/28 230/486/28
f 232/488/115 230/1674/115 229/489/115
f 230/491/41 225/1675/41 226/492/41
f 228/494/39 227/1676/39 232/495/39
f 239/497/116 237/1677/116 234/498/116
f 235/500/117 236/1678/117 234/501/117
f 235/503/118 233/1679/118 238/504/118
f 240/506/119 238/1680/119 237/507/119
f 233/509/120 234/1681/120 237/510/120
f 236/512/121 235/1682/121 240/513/121
f 244/515/122 247/1683/122 245/516/122
f 244/518/123 242/1684/123 241/519/123
f 248/521/124 243/1685/124 241/522/124
f 248/524/125 246/1686/125 245/525/125
f 241/527/126 242/1687/126 245/528/126
f 244/530/127 243/1688/127 248/531/127
f 255/533/122 253/1689/122 250/534/122
f 252/536/123 250/1690/123 249/537/123
f 256/539/124 251/1691/124 249/540/124
f 256/542/125 254/1692/125 253/543/125
f 249/545/126 250/1693/126 253/546/126
f 252/548/127 251/1694/127 256/549/127
f 260/551/128 263/1695/128 261/552/128
f 259/554/129 260/1696/129 258/555/129
f 259/557/130 257/1697/130 262/558/131
f 263/560/132 264/1698/132 262/561/132
f 262/563/133 257/1699/133 258/564/133
f 260/566/135 259/1700/135 264/567/136
f 268/222/8 271/1701/8 269/569/8
f 267/571/137 268/1702/137 266/572/137
f 272/574/10 267/1703/10 265/575/10
f 272/577/138 270/1704/138 269/578/138
f 270/580/134 265/1705/134 266/581/134
f 268/583/136 267/1706/136 272/584/136
f 276/586/8 279/1707/8 277/587/8
f 275/589/137 276/1708/137 274/590/137
f 280/592/10 275/654/10 273/593/10
f 280/595/138 278/1709/138 277/596/138
f 278/598/133 273/663/133 274/599/133
f 276/601/135 275/1710/135 280/30/135
f 287/603/139 285/1711/139 282/604/139
f 284/606/140 282/1712/140 281/607/140
f 288/609/141 283/1713/141 281/610/141
f 288/612/142 286/1714/142 285/613/142
f 281/615/143 282/1715/143 285/616/143
f 287/618/144 284/1716/144 283/619/144
f 292/621/139 295/1717/139 293/622/139
f 291/624/140 292/1718/140 290/123/140
f 291/626/141 289/517/141 294/627/141
f 295/629/142 296/1719/142 294/218/142
f 289/631/143 290/48/143 293/632/143
f 295/634/144 292/1720/144 291/635/144
f 303/637/139 301/1721/139 298/638/139
f 300/640/140 298/965/140 297/641/140
f 304/643/141 299/1722/141 297/644/141
f 304/646/142 302/507/142 301/647/142
f 297/649/143 298/1723/143 301/650/143
f 303/652/144 300/1724/144 299/263/144
f 308/654/139 311/659/139 309/655/139
f 308/656/140 306/1403/140 305/657/140
f 312/659/141 307/21/141 305/20/141
f 312/660/142 310/1725/142 309/661/142
f 310/663/143 305/1726/143 306/664/143
f 311/91/144 308/678/144 307/664/144
f 316/666/145 319/1727/145 317/667/145
f 315/669/146 316/1728/146 314/670/146
f 315/672/147 313/1729/147 318/673/147
f 320/675/148 318/1730/148 317/676/148
f 313/678/149 314/1731/149 317/97/149
f 316/679/150 315/1731/150 320/97/150
f 327/681/145 325/1732/145 322/682/145
f 323/684/146 324/1733/146 322/685/146
f 328/687/147 323/1734/147 321/688/147
f 327/690/148 328/1735/148 326/220/148
f 321/692/149 322/139/149 325/693/149
f 324/202/150 323/1736/150 328/695/150
f 335/697/145 333/703/145 330/32/145
f 332/699/146 330/719/146 329/700/146
f 331/702/147 329/1737/147 334/703/147
f 335/704/148 336/94/148 334/93/148
f 329/679/149 330/1738/149 333/706/149
f 332/707/150 331/1738/150 336/706/150
f 340/708/145 343/1739/145 341/709/145
f 339/711/146 340/1740/146 338/331/146
f 344/713/147 339/1741/147 337/714/147
f 344/716/148 342/1630/148 341/717/148
f 337/719/149 338/1742/149 341/720/149
f 340/722/150 339/1743/150 344/723/150
f 348/725/39 351/1744/39 349/726/39
f 348/727/151 346/1745/151 345/728/151
f 347/730/41 345/692/41 350/731/41
f 352/733/152 350/1746/152 349/734/152
f 345/736/153 346/1747/153 349/737/153
f 348/739/154 347/1748/154 352/248/154
f 356/741/155 359/747/155 357/742/155
f 356/744/156 354/749/156 353/745/156
f 360/747/158 355/814/158 353/748/158
f 360/257/159 358/259/298 357/749/159
f 353/750/160 354/1749/160 357/751/160
f 356/753/161 355/1750/162 360/754/162
f 364/755/163 367/1751/163 365/756/163
f 364/757/164 362/1752/164 361/758/164
f 363/760/165 361/1753/165 366/761/165
f 367/763/166 368/1754/166 366/764/166
f 366/766/167 361/1755/167 362/767/167
f 367/769/168 364/1756/168 363/770/168
f 375/772/39 373/1757/39 370/773/39
f 372/775/169 370/1758/169 369/776/169
f 371/778/41 369/1759/41 374/779/41
f 376/781/170 374/1760/170 373/782/170
f 369/784/171 370/1761/171 373/785/171
f 372/787/172 371/1762/172 376/788/172
f 383/790/39 381/1763/39 378/791/39
f 380/793/70 378/1764/70 377/794/70
f 379/796/41 377/1765/41 382/797/41
f 384/799/71 382/1766/71 381/800/71
f 377/802/72 378/1767/72 381/803/72
f 380/805/73 379/1768/73 384/806/73
f 388/808/155 391/1769/155 389/809/155
f 388/810/156 386/1770/156 385/811/156
f 387/813/158 385/856/158 390/748/158
f 392/815/159 390/1771/298 389/816/159
f 385/818/160 386/1772/160 389/819/160
f 391/821/161 388/1191/161 387/822/161
f 396/823/173 399/1773/173 397/824/173
f 395/826/174 396/1774/174 394/827/174
f 395/829/175 393/1775/175 398/830/175
f 400/832/176 398/1776/176 397/833/176
f 398/835/178 393/1777/178 394/836/178
f 396/838/179 395/266/179 400/839/179
f 407/529/39 405/1778/39 402/841/39
f 404/843/70 402/1779/70 401/844/70
f 403/846/41 401/1780/41 406/847/41
f 408/849/71 406/843/71 405/845/71
f 401/850/72 402/1781/72 405/851/72
f 404/853/73 403/1782/73 408/854/73
f 415/256/180 413/255/180 410/856/180
f 411/857/181 412/1783/181 410/858/181
f 411/860/182 409/1784/182 414/861/182
f 415/863/183 416/1785/183 414/864/183
f 414/866/184 409/1786/184 410/867/184
f 415/869/185 412/1787/185 411/870/186
f 420/872/187 423/1788/187 421/873/187
f 420/875/188 418/1789/188 417/876/188
f 419/878/189 417/1790/189 422/879/189
f 423/881/190 424/1791/190 422/882/190
f 417/884/85 418/1792/85 421/885/85
f 423/887/86 420/1793/86 419/216/86
f 428/889/191 431/1794/191 429/890/191
f 427/892/192 428/1795/192 426/893/192
f 427/895/193 425/1796/193 430/896/193
f 432/898/194 430/1797/194 429/899/194
f 425/901/91 426/1798/91 429/902/91
f 428/904/92 427/1799/92 432/905/92
f 439/907/195 437/1800/195 434/908/195
f 436/910/196 434/1801/196 433/911/196
f 435/913/197 433/1802/197 438/914/197
f 440/916/198 438/1803/198 437/917/198
f 433/919/97 434/1804/97 437/920/97
f 439/922/98 436/1805/98 435/923/98
f 444/925/199 447/1806/199 445/926/199
f 443/928/200 444/1807/200 442/929/200
f 448/931/201 443/1808/201 441/932/201
f 448/934/202 446/1809/202 445/935/202
f 446/937/103 441/1810/103 442/938/103
f 447/940/104 444/1811/104 443/941/105
f 455/943/203 453/1812/204 450/944/204
f 451/946/205 452/1813/205 450/947/205
f 451/949/206 449/1814/207 454/950/207
f 455/952/208 456/1815/208 454/953/208
f 449/955/209 450/1816/209 453/956/209
f 452/958/210 451/1817/210 456/959/210
f 463/961/211 461/1818/211 458/187/211
f 459/963/212 460/1819/212 458/964/212
f 464/966/213 459/1820/213 457/967/213
f 464/969/214 462/1821/214 461/970/214
f 457/972/120 458/1822/120 461/973/120
f 463/975/121 460/1823/121 459/976/121
f 471/978/123 469/1824/123 466/979/123
f 468/981/215 466/1825/215 465/982/215
f 467/984/125 465/1826/125 470/985/125
f 472/987/216 470/1827/216 469/988/216
f 465/990/41 466/1828/41 469/991/41
f 471/993/39 468/1829/39 467/994/39
f 479/996/217 477/1830/217 474/997/217
f 476/999/218 474/1831/218 473/1000/218
f 475/1002/219 473/1832/219 478/1003/219
f 480/1005/220 478/1833/220 477/1006/220
f 473/1008/72 474/1834/72 477/1009/72
f 476/1011/73 475/1835/73 480/1012/73
f 487/1014/221 485/1836/221 482/1015/221
f 484/1017/222 482/1837/222 481/1018/222
f 488/1020/223 483/1838/223 481/1021/223
f 487/1023/224 488/1839/224 486/1024/224
f 481/1026/225 482/1840/225 485/1027/225
f 484/1029/226 483/1841/226 488/1030/226
f 495/1032/39 493/1842/39 490/1033/39
f 492/1035/70 490/509/70 489/1036/70
f 491/1038/41 489/1843/41 494/1039/41
f 496/1041/71 494/1844/71 493/1042/71
f 489/198/72 490/142/72 493/1044/72
f 492/534/73 491/1180/73 496/1046/73
f 503/1048/72 501/1845/72 498/1049/72
f 500/1051/228 498/1056/228 497/385/228
f 499/1052/73 497/1846/73 502/1053/73
f 504/1055/229 502/1535/229 501/1056/229
f 497/753/230 498/1847/230 501/1057/230
f 500/1059/231 499/1720/231 504/1060/231
f 508/1062/72 511/1848/72 509/1063/72
f 508/1065/232 506/1072/232 505/1066/232
f 507/1068/73 505/1849/73 510/1069/73
f 512/1071/233 510/802/233 509/1072/233
f 505/1073/234 506/1850/234 509/1074/234
f 508/661/235 507/1851/235 512/1076/235
f 519/1078/236 517/1852/236 514/1079/236
f 515/1081/70 516/1853/70 514/1082/70
f 515/1084/237 513/1854/237 518/1085/237
f 520/1087/71 518/1855/71 517/1088/71
f 513/1090/238 514/1856/238 517/1091/238
f 516/1093/239 515/1857/239 520/1094/239
f 524/1096/240 527/1858/240 525/1097/240
f 523/1099/241 524/1859/241 522/1100/241
f 523/1102/242 521/1860/242 526/106/242
f 527/1104/243 528/1861/243 526/1105/243
f 521/1107/244 522/1862/244 525/1108/244
f 527/1110/245 524/1863/245 523/1111/245
f 535/1113/240 533/1864/240 530/1114/240
f 532/1116/70 530/1865/70 529/1117/70
f 531/1119/242 529/1866/242 534/1120/242
f 536/1122/71 534/1867/71 533/1123/71
f 529/1125/246 530/1868/246 533/1126/246
f 532/1128/247 531/1869/247 536/1129/247
f 543/1131/248 541/347/248 538/348/248
f 540/1133/249 538/1870/249 537/1134/249
f 539/1136/250 537/1871/250 542/1137/250
f 544/1139/251 542/1872/251 541/1140/251
f 537/1142/72 538/1873/72 541/1143/72
f 543/1145/73 540/1874/73 539/1146/73
f 551/1148/252 549/1875/252 546/1149/252
f 548/1151/253 546/1876/253 545/1152/253
f 552/1154/254 547/1877/254 545/652/254
f 551/1156/255 552/1878/255 550/1157/255
f 545/1159/256 546/1879/256 549/1160/256
f 551/1162/257 548/1880/299 547/1163/257
f 559/1165/39 557/1881/39 554/1166/39
f 556/1168/70 554/1882/70 553/1169/70
f 555/1171/41 553/1883/41 558/1172/41
f 560/1174/71 558/1646/71 557/1175/71
f 553/1177/72 554/1884/72 557/1178/72
f 556/1180/73 555/1885/73 560/1181/73
f 567/1182/72 565/1886/72 562/1183/72
f 564/1185/258 562/370/258 561/1186/258
f 563/1188/73 561/1887/73 566/1189/73
f 568/1191/259 566/822/259 565/1192/259
f 561/1194/260 562/1888/260 565/1195/260
f 564/1197/261 563/1889/261 568/1198/261
f 575/1200/240 573/1890/240 570/1201/240
f 571/1203/262 572/1891/262 570/1204/262
f 571/1206/242 569/1892/242 574/105/242
f 576/1208/263 574/1893/263 573/1209/263
f 574/1211/264 569/1894/264 570/1212/264
f 572/1214/265 571/1895/265 576/1215/265
f 583/1217/240 581/1896/240 578/1218/240
f 580/1220/70 578/1897/70 577/1221/70
f 579/1223/242 577/1898/242 582/1224/242
f 584/1226/71 582/1899/71 581/1227/71
f 577/1229/246 578/1900/246 581/1230/246
f 580/1232/247 579/1901/247 584/1233/247
f 591/1235/236 589/1902/236 586/1236/236
f 587/1238/70 588/1903/70 586/1239/70
f 587/1241/237 585/1904/237 590/1242/237
f 592/1244/71 590/1905/71 589/1245/71
f 585/1247/238 586/1906/238 589/1248/238
f 588/1250/239 587/1907/239 592/1251/239
f 599/1253/72 597/1908/72 594/1254/72
f 596/365/266 594/359/266 593/1256/266
f 600/1258/73 595/1909/73 593/1259/73
f 600/1067/267 598/1066/267 597/1261/267
f 593/102/268 594/1910/268 597/1263/268
f 596/1265/269 595/104/269 600/1266/269
f 607/1268/39 605/1911/39 602/1269/39
f 604/1271/70 602/1363/70 601/1272/70
f 603/1274/41 601/1912/41 606/1275/41
f 608/1277/71 606/1913/71 605/1278/71
f 601/1279/72 602/1914/72 605/1280/72
f 604/1282/73 603/220/73 608/1283/73
f 615/1285/39 613/1915/39 610/1286/39
f 612/1288/70 610/1916/70 609/1289/70
f 611/1291/41 609/1917/41 614/752/41
f 616/1293/71 614/1918/71 613/1294/71
f 609/1292/72 610/1919/72 613/1296/72
f 612/1166/73 611/1920/73 616/1297/73
f 623/1299/39 621/1284/39 618/1282/39
f 620/1301/70 618/1921/70 617/1302/70
f 619/1303/41 617/1922/41 622/1304/41
f 624/1306/71 622/1401/71 621/1307/71
f 617/1305/72 618/1572/72 621/1309/72
f 620/1221/73 619/1572/73 624/1309/73
f 631/1311/39 629/1923/39 626/1312/39
f 628/1314/70 626/1652/70 625/1315/70
f 627/1317/41 625/1924/41 630/1318/41
f 632/1320/71 630/1314/71 629/1316/71
f 625/1321/72 626/1039/72 629/1322/72
f 628/715/73 627/1712/73 632/1324/73
f 639/1326/270 637/1925/270 634/236/270
f 636/527/70 634/1926/70 633/1328/70
f 635/1330/271 633/1927/271 638/1331/271
f 640/1333/71 638/527/71 637/1329/71
f 633/1335/5 634/1928/5 637/1336/5
f 636/1338/7 635/1929/7 640/1339/7
f 647/1341/272 645/1930/272 642/1342/272
f 643/1168/273 644/1931/273 642/1344/273
f 643/1346/274 641/1932/274 646/1347/274
f 648/1349/275 646/1933/275 645/1350/275
f 641/1352/5 642/1934/5 645/1353/5
f 644/1355/7 643/1935/7 648/1356/7
f 655/1358/276 653/1936/276 650/1359/276
f 651/1361/277 652/1937/277 650/1362/277
f 656/1364/278 651/1938/278 649/1365/278
f 655/1367/279 656/1939/279 654/1368/279
f 649/1370/5 650/1940/280 653/1371/280
f 652/1373/7 651/1941/7 656/1374/7
f 663/1376/1 661/1942/1 658/268/1
f 659/1378/2 660/1943/2 658/1379/2
f 664/1381/3 659/1944/3 657/1382/3
f 664/1383/4 662/1945/4 661/1384/4
f 657/722/280 658/1946/5 661/1386/5
f 663/1388/6 660/1947/6 659/1389/7
f 671/1391/270 669/1948/270 666/1392/270
f 668/1394/70 666/1949/70 665/1395/70
f 667/1397/271 665/1950/271 670/1398/271
f 672/1400/71 670/1951/71 669/1401/71
f 665/1403/5 666/1952/5 669/1404/5
f 668/1406/7 667/622/7 672/1407/7
f 679/1409/281 677/1953/281 674/1410/281
f 676/1412/277 674/1419/277 673/1413/277
f 675/1415/282 673/1954/278 678/1416/278
f 679/1412/279 680/1478/279 678/1418/279
f 673/1420/5 674/1955/5 677/1421/5
f 676/1423/7 675/1956/6 680/1424/6
f 687/1426/270 685/1330/270 682/1332/270
f 684/1313/70 682/1957/70 681/1428/70
f 683/1430/271 681/1958/271 686/1431/271
f 688/1433/71 686/955/71 685/1434/71
f 681/1435/5 682/1959/5 685/1436/5
f 684/638/7 683/1427/7 688/1426/7
f 695/1439/270 693/1960/270 690/1440/270
f 692/1442/70 690/1961/70 689/1443/70
f 691/1445/271 689/1962/271 694/1446/271
f 696/1448/71 694/1963/71 693/1449/71
f 689/1451/5 690/1964/5 693/1452/5
f 692/1454/7 691/1965/7 696/1455/7
f 700/1457/283 703/1966/283 701/1458/283
f 700/1460/284 698/1967/284 697/1461/284
f 704/1463/285 699/1968/285 697/1464/285
f 704/1466/286 702/1969/286 701/1467/286
f 697/598/5 698/1970/5 701/1469/5
f 703/1471/7 700/1971/7 699/1472/7
f 711/1474/287 709/1972/287 706/1475/287
f 708/1477/288 706/1483/288 705/1418/288
f 707/1479/289 705/1973/290 710/1480/290
f 711/1477/291 712/1974/291 710/1482/291
f 710/1421/5 705/1955/5 706/556/5
f 711/1485/7 708/1975/7 707/1486/6
f 716/1488/292 719/1976/292 717/1489/292
f 715/1491/288 716/1977/288 714/1492/288
f 720/1494/290 715/1978/290 713/1495/290
f 720/1497/291 718/1979/291 717/1498/291
f 718/1500/5 713/1980/5 714/1501/280
f 719/1503/7 716/1981/7 715/1504/7
f 724/1506/293 727/1982/293 725/1507/293
f 724/1509/294 722/1983/300 721/1510/294
f 723/1512/295 721/1984/295 726/1513/295
f 728/1515/296 726/1985/296 725/1516/296
f 726/1518/280 721/1986/280 722/1519/5
f 727/1521/6 724/1987/6 723/190/7
f 732/1523/293 735/1988/293 733/1524/293
f 731/1526/294 732/1989/294 730/1527/294
f 731/1529/295 729/1990/295 734/1530/295
f 736/1532/296 734/1991/296 733/1533/296
f 729/1535/5 730/1992/5 733/1536/5
f 732/1538/7 731/1993/6 736/1539/6
