# Made in Blockbench 5.0.6
mtllib pmc_h.mtl

o VOLGA2_selection
v -0.01894375 1.92974 -0.45313
v -0.029555 2.060326875 -0.414193125
v -0.020738125 2.04999875 -0.393203125
v -0.27219625 2.004716875 -0.30986375
v -0.27040125 1.884458125 -0.36979125
v -0.279218125 1.894786875 -0.39078125
v -0.281011875 2.01504625 -0.330855
v -0.02776 1.940068125 -0.47412
v 0.01894375 1.92974 -0.45313
v 0.029555 2.060326875 -0.414193125
v 0.02776 1.940068125 -0.47412
v 0.279218125 1.894786875 -0.39078125
v 0.281011875 2.01504625 -0.330855
v 0.27219625 2.004716875 -0.30986375
v 0.27040125 1.884458125 -0.36979125
v 0.020738125 2.04999875 -0.393203125
v 0.00071 2.121476875 -0.381215
v 0.029411875 2.141001875 -0.17933
v 0.029411875 2.05893625 -0.351385
v -0.241978125 2.03954 -0.13093375
v -0.241978125 1.95747375 -0.30299
v -0.27067875 2.020015 -0.33282
v -0.27067875 2.10208125 -0.160765
v 0.00071 2.203543125 -0.20916
v 0.00071 2.212561875 -0.162008125
v 0.029411875 2.14327125 0.153616875
v 0.029411875 2.14327125 -0.162008125
v -0.241978125 2.030858125 0.153616875
v -0.241978125 2.030858125 -0.162008125
v -0.27067875 2.10014875 0.153616875
v -0.27067875 2.10014875 -0.162008125
v 0.00071 2.212561875 0.153616875
v -0.029411875 2.14327125 -0.162008125
v -0.00071 2.212561875 0.153616875
v -0.00071 2.212561875 -0.162008125
v 0.27067875 2.10014875 0.153616875
v 0.27067875 2.10014875 -0.162008125
v 0.241978125 2.030858125 0.153616875
v 0.241978125 2.030858125 -0.162008125
v -0.029411875 2.14327125 0.153616875
v -0.00071 2.121476875 -0.381215
v -0.029411875 2.141001875 -0.17933
v -0.00071 2.203543125 -0.20916
v 0.27067875 2.10208125 -0.160765
v 0.27067875 2.020015 -0.33282
v 0.241978125 2.03954 -0.13093375
v 0.241978125 1.95747375 -0.30299
v -0.029411875 2.05893625 -0.351385
v 0.029411875 2.127005 -0.208055
v 0.00071 2.209538125 -0.118671875
v 0.029411875 2.140921875 -0.109028125
v -0.036991875 2.099766875 -0.204226875
v -0.036991875 2.11368375 -0.1052
v -0.065693125 2.18230125 -0.11484375
v -0.065693125 2.16838375 -0.21387
v 0.00071 2.19562125 -0.217698125
v -0.029411875 2.127005 -0.208055
v -0.00071 2.209538125 -0.118671875
v -0.00071 2.19562125 -0.217698125
v 0.065693125 2.16838375 -0.21387
v 0.065693125 2.18230125 -0.11484375
v 0.036991875 2.099766875 -0.204226875
v 0.036991875 2.11368375 -0.1052
v -0.029411875 2.140921875 -0.109028125
v 0.0378 2.10074 -0.194896875
v 0.06650125 2.179795 -0.13027
v 0.06650125 2.169356875 -0.20454
v 0.16466375 2.13953 -0.12461125
v 0.16466375 2.129091875 -0.19888125
v 0.135961875 2.06047625 -0.189238125
v 0.135961875 2.07091375 -0.114968125
v 0.0378 2.111178125 -0.120626875
v -0.16466375 2.130831875 -0.186503125
v -0.135961875 2.06743375 -0.13972375
v -0.135961875 2.062215 -0.17685875
v -0.23989875 2.02480125 -0.133733125
v -0.23989875 2.019583125 -0.170868125
v -0.2686 2.093418125 -0.14337625
v -0.2686 2.08819875 -0.18051125
v -0.16466375 2.13605125 -0.149368125
v -0.0378 2.10074 -0.194896875
v -0.06650125 2.179795 -0.13027
v -0.0378 2.111178125 -0.120626875
v -0.135961875 2.07091375 -0.114968125
v -0.135961875 2.06047625 -0.189238125
v -0.16466375 2.13953 -0.12461125
v -0.16466375 2.129091875 -0.19888125
v -0.06650125 2.169356875 -0.20454
v -0.011603125 2.01873375 -0.35350125
v 0.00624625 2.091816875 -0.379353125
v 0.00624625 2.04043 -0.402231875
v 0.160348125 2.019458125 -0.355128125
v 0.160348125 2.070845 -0.33224875
v 0.1425 2.049148125 -0.283518125
v 0.1425 1.99776125 -0.306396875
v -0.011603125 2.07012125 -0.330621875
v -0.00624625 2.04043 -0.402231875
v 0.011603125 2.07012125 -0.330621875
v 0.011603125 2.01873375 -0.35350125
v -0.1425 2.049148125 -0.283518125
v -0.1425 1.99776125 -0.306396875
v -0.160348125 2.019458125 -0.355128125
v -0.160348125 2.070845 -0.33224875
v -0.00624625 2.091816875 -0.379353125
v -0.160348125 2.019458125 -0.355128125
v -0.1425 2.02631 -0.29368625
v -0.1425 1.99776125 -0.306396875
v -0.225478125 2.015016875 -0.268321875
v -0.225478125 1.98646875 -0.281033125
v -0.243326875 2.008165 -0.32976375
v -0.243326875 2.03671375 -0.31705375
v -0.160348125 2.048006875 -0.342418125
v 0.1425 1.99776125 -0.306396875
v 0.160348125 2.048006875 -0.342418125
v 0.160348125 2.019458125 -0.355128125
v 0.243326875 2.03671375 -0.31705375
v 0.243326875 2.008165 -0.32976375
v 0.225478125 2.015016875 -0.268321875
v 0.225478125 1.98646875 -0.281033125
v 0.1425 2.02631 -0.29368625
v -0.27067875 2.01732375 0.33846125
v -0.241978125 2.03954 0.13093375
v -0.241978125 1.954783125 0.30863125
v 0.029411875 2.056245 0.35702625
v 0.029411875 2.141001875 0.17932875
v 0.00071 2.11878625 0.38685625
v 0.00071 2.203543125 0.20916
v -0.27067875 2.10208125 0.160765
v 0.27067875 2.01732375 0.33846125
v 0.241978125 2.03954 0.13093375
v 0.27067875 2.10208125 0.160765
v -0.00071 2.203543125 0.20916
v -0.00071 2.11878625 0.38685625
v -0.029411875 2.141001875 0.17932875
v -0.029411875 2.056245 0.35702625
v 0.241978125 1.954783125 0.30863125
v 0.135961875 2.062215 -0.17685875
v 0.16466375 2.13605125 -0.149368125
v 0.16466375 2.130831875 -0.186503125
v 0.2686 2.08819875 -0.18051125
v 0.2686 2.093418125 -0.14337625
v 0.23989875 2.019583125 -0.170868125
v 0.23989875 2.02480125 -0.133733125
v 0.135961875 2.06743375 -0.13972375
v 0.135961875 2.06047625 0.189238125
v 0.16466375 2.13953 0.12461125
v 0.16466375 2.129091875 0.19888125
v 0.06650125 2.179795 0.13027
v 0.06650125 2.169356875 0.20454
v 0.0378 2.10074 0.19489625
v 0.0378 2.111178125 0.12062625
v 0.135961875 2.07091375 0.114966875
v 0.23989875 2.019583125 0.170868125
v 0.2686 2.093418125 0.14337625
v 0.2686 2.08819875 0.18051125
v 0.16466375 2.13605125 0.149368125
v 0.16466375 2.130831875 0.186503125
v 0.135961875 2.06743375 0.13972375
v 0.135961875 2.062215 0.17685875
v 0.23989875 2.02480125 0.133731875
v -0.23989875 2.019583125 0.170868125
v -0.2686 2.093418125 0.14337625
v -0.23989875 2.02480125 0.133731875
v -0.135961875 2.06743375 0.13972375
v -0.135961875 2.062215 0.17685875
v -0.16466375 2.13605125 0.149368125
v -0.16466375 2.130831875 0.186503125
v -0.2686 2.08819875 0.18051125
v -0.135961875 2.06047625 0.189238125
v -0.16466375 2.13953 0.12461125
v -0.135961875 2.07091375 0.114966875
v -0.0378 2.111178125 0.12062625
v -0.0378 2.10074 0.19489625
v -0.06650125 2.179795 0.13027
v -0.06650125 2.169356875 0.20454
v -0.16466375 2.129091875 0.19888125
v -0.28422125 2.09625625 0.1625
v -0.33795625 1.944821875 -0.090625
v -0.305153125 2.059123125 -0.090625
v -0.33186625 1.94341625 -0.090625
v -0.305153125 2.059123125 0.090625
v -0.33186625 1.94341625 0.090625
v -0.311243125 2.06052875 0.090625
v -0.33795625 1.944821875 0.090625
v -0.311243125 2.06052875 -0.090625
v -0.05561625 2.050326875 -0.428975
v -0.116505 2.01665125 -0.356273125
v -0.035756875 2.03429875 -0.39343875
v -0.11581125 1.937038125 -0.39257
v -0.03506375 1.95468625 -0.42973625
v -0.13567125 1.95306625 -0.42810625
v -0.054923125 1.97071375 -0.465271875
v -0.13636375 2.03268 -0.39180875
v 0.29375 1.825 -0.2
v 0.36875 1.9375 -0.2
v 0.36875 1.825 -0.2
v 0.36875 1.9375 0.1625
v 0.36875 1.825 0.1625
v 0.29375 1.9375 0.1625
v 0.29375 1.825 0.1625
v 0.29375 1.9375 -0.2
v 0.35826375 1.792683125 -0.28267125
v 0.28646 1.88404625 -0.31765
v 0.355043125 1.88438125 -0.32243375
v 0.36316375 1.93673625 -0.202353125
v 0.366385 1.845038125 -0.16259
v 0.29458125 1.936401875 -0.19756875
v 0.297801875 1.84470375 -0.15780625
v 0.28968125 1.792348125 -0.277886875
v 0.36657125 1.85726125 0.065406875
v 0.306491875 1.938953125 0.16157375
v 0.36657125 1.92442375 0.17083
v 0.29421625 1.71161 0.306408125
v 0.29421625 1.644446875 0.20098375
v 0.234136875 1.658976875 0.191728125
v 0.234136875 1.72613875 0.297151875
v 0.306491875 1.87179125 0.05615
v 0.327288125 1.822566875 0.139353125
v 0.292455 1.90539125 0.193328125
v 0.33707125 1.892938125 0.200518125
v 0.28388625 1.781398125 0.33735375
v 0.274103125 1.71102625 0.27618875
v 0.23927125 1.79385 0.33016375
v 0.229488125 1.723478125 0.26899875
v 0.282673125 1.83501875 0.132161875
v -0.36875 1.825 -0.2
v -0.2875 1.9375 -0.2
v -0.2875 1.825 -0.2
v -0.2875 1.9375 0.1625
v -0.2875 1.825 0.1625
v -0.36875 1.9375 0.1625
v -0.36875 1.825 0.1625
v -0.36875 1.9375 -0.2
v -0.23411375 1.72361875 0.293346875
v -0.288185 1.64338 0.19625375
v -0.23411375 1.656456875 0.187923125
v -0.30646875 1.86927125 0.05234625
v -0.30646875 1.936433125 0.15777
v -0.36054 1.923356875 0.1661
v -0.36054 1.85619375 0.06067625
v -0.288185 1.710543125 0.301678125
v -0.35826375 1.792683125 -0.28267125
v -0.28646 1.88404625 -0.31765
v -0.28968125 1.792348125 -0.277886875
v -0.29458125 1.936401875 -0.19756875
v -0.297801875 1.84470375 -0.15780625
v -0.366385 1.845038125 -0.16259
v -0.36316375 1.93673625 -0.202353125
v -0.355043125 1.88438125 -0.32243375
v -0.327288125 1.822566875 0.139353125
v -0.292455 1.90539125 0.193328125
v -0.282673125 1.83501875 0.132161875
v -0.23927125 1.79385 0.33016375
v -0.229488125 1.723478125 0.26899875
v -0.274103125 1.71102625 0.27618875
v -0.28388625 1.781398125 0.33735375
v -0.33707125 1.892938125 0.200518125
v -0.279455 1.838676875 -0.32163875
v -0.30425 1.86694125 -0.320106875
v -0.27983125 1.86596625 -0.31484125
v -0.29854125 1.845061875 -0.23196
v -0.298165 1.81777375 -0.238758125
v -0.322585 1.81875 -0.24402375
v -0.32296 1.846038125 -0.237226875
v -0.303875 1.839653125 -0.326905
v -0.255648125 1.855421875 -0.38754375
v -0.279776875 1.896535 -0.38583875
v -0.25619125 1.89483875 -0.37772625
v -0.28103625 1.877411875 -0.30914
v -0.28049375 1.837995 -0.31895875
v -0.304621875 1.879108125 -0.317253125
v -0.30408 1.839691875 -0.327071875
v -0.27923375 1.857118125 -0.395658125
v 0.010295 1.880848125 -0.47473
v 0.00068625 1.943998125 -0.483106875
v 0.009501875 1.938458125 -0.46037875
v -0.27040125 1.851635 -0.372965
v -0.27119375 1.909245 -0.358615
v -0.28001125 1.914785 -0.381343125
v -0.279218125 1.857175 -0.395693125
v 0.00147875 1.88638875 -0.497458125
v -0.010295 1.880848125 -0.47473
v -0.00068625 1.943998125 -0.483106875
v -0.00147875 1.88638875 -0.497458125
v 0.28001125 1.914785 -0.381343125
v 0.279218125 1.857175 -0.395693125
v 0.27040125 1.851635 -0.372965
v 0.27119375 1.909245 -0.358615
v -0.009501875 1.938458125 -0.46037875
v 0.255648125 1.855421875 -0.38754375
v 0.279776875 1.896535 -0.38583875
v 0.27923375 1.857118125 -0.395658125
v 0.304621875 1.879108125 -0.317253125
v 0.30408 1.839691875 -0.327071875
v 0.28049375 1.837995 -0.31895875
v 0.28103625 1.877411875 -0.30914
v 0.25619125 1.89483875 -0.37772625
v 0.279455 1.838676875 -0.32163875
v 0.30425 1.86694125 -0.320106875
v 0.303875 1.839653125 -0.326905
v 0.32296 1.846038125 -0.237226875
v 0.322585 1.81875 -0.24402375
v 0.29854125 1.845061875 -0.23196
v 0.298165 1.81777375 -0.238758125
v 0.27983125 1.86596625 -0.31484125
v 0.04375 2.029506875 -0.386343125
v 0.04375 2.123823125 -0.374608125
v 0.04375 2.099043125 -0.338553125
v -0.04375 2.099043125 -0.338553125
v -0.04375 2.029506875 -0.386343125
v -0.04375 2.123823125 -0.374608125
v -0.04375 2.054286875 -0.42239875
v 0.04375 2.054286875 -0.42239875
v 0.263615 1.896321875 -0.073451875
v 0.280408125 2.09604375 -0.16047625
v 0.219325 2.084138125 -0.1547
v 0.261933125 1.82154625 -0.245388125
v 0.217641875 2.009363125 -0.32663625
v 0.278725 2.02126875 -0.332411875
v 0.32301625 1.833451875 -0.25116375
v 0.324698125 1.908228125 -0.079226875
v 0.035756875 2.03429875 -0.39343875
v 0.13636375 2.03268 -0.39180875
v 0.05561625 2.050326875 -0.428975
v 0.13567125 1.95306625 -0.42810625
v 0.054923125 1.97071375 -0.465271875
v 0.03506375 1.95468625 -0.42973625
v 0.11581125 1.937038125 -0.39257
v 0.116505 2.01665125 -0.356273125
v 0.08919875 2.05133625 -0.414188125
v -0.087578125 2.05133625 -0.414188125
v 0.00081 2.129736875 -0.373375
v 0.00081 2.10665 -0.32902375
v 0.08919875 2.028248125 -0.369836875
v -0.087578125 2.028248125 -0.369836875
v 0.00081 1.949846875 -0.41065125
v 0.00081 1.97293375 -0.45500125
v 0.04375 1.941023125 -0.48808625
v 0.04375 1.937225 -0.426648125
v 0.04375 1.91505 -0.438191875
v -0.04375 1.937225 -0.426648125
v -0.04375 1.91505 -0.438191875
v -0.04375 1.963198125 -0.476543125
v -0.04375 1.941023125 -0.48808625
v 0.04375 1.963198125 -0.476543125
v 0.120135 2.015348125 -0.44239125
v -0.008028125 2.015348125 -0.44239125
v 0.056053125 2.07218875 -0.41280125
v 0.056053125 2.05776 -0.385081875
v 0.120135 2.000918125 -0.414671875
v -0.008028125 2.000918125 -0.414671875
v 0.056053125 1.944076875 -0.44426125
v 0.056053125 1.958506875 -0.47198
v 0.056948125 1.97283625 -0.49270625
v -0.055551875 2.072625 -0.44075875
v 0.056948125 2.072625 -0.44075875
v -0.055551875 2.046651875 -0.390865
v 0.056948125 2.046651875 -0.390865
v -0.055551875 1.946863125 -0.44281125
v 0.056948125 1.946863125 -0.44281125
v -0.055551875 1.97283625 -0.49270625
v 0.007635 2.015348125 -0.44239125
v -0.120528125 2.015348125 -0.44239125
v -0.056446875 2.07218875 -0.41280125
v -0.056446875 2.05776 -0.385081875
v 0.007635 2.000918125 -0.414671875
v -0.120528125 2.000918125 -0.414671875
v -0.056446875 1.944076875 -0.44426125
v -0.056446875 1.958506875 -0.47198
v -0.255648125 1.89131125 -0.383205
v -0.28102875 2.014981875 -0.330831875
v -0.257443125 2.01157 -0.32327875
v -0.282288125 1.979711875 -0.26009
v -0.28049375 1.859453125 -0.320016875
v -0.30408 1.862865 -0.32757125
v -0.30587375 1.98312375 -0.26764375
v -0.27923375 1.894723125 -0.39075875
v -0.303875 1.86279125 -0.32741625
v -0.281083125 1.96977 -0.26813375
v -0.279455 1.860698125 -0.32248625
v -0.299793125 1.93142375 -0.191741875
v -0.298165 1.822351875 -0.24609375
v -0.322585 1.824445 -0.25102375
v -0.324211875 1.933516875 -0.196671875
v -0.305501875 1.971863125 -0.27306375
v 0.255648125 1.89131125 -0.383205
v 0.28102875 2.014981875 -0.330831875
v 0.27923375 1.894723125 -0.39075875
v 0.30587375 1.98312375 -0.26764375
v 0.30408 1.862865 -0.32757125
v 0.282288125 1.979711875 -0.26009
v 0.28049375 1.859453125 -0.320016875
v 0.257443125 2.01157 -0.32327875
v 0.303875 1.86279125 -0.32741625
v 0.281083125 1.96977 -0.26813375
v 0.305501875 1.971863125 -0.27306375
v 0.324211875 1.933516875 -0.196671875
v 0.322585 1.824445 -0.25102375
v 0.299793125 1.93142375 -0.191741875
v 0.298165 1.822351875 -0.24609375
v 0.279455 1.860698125 -0.32248625
v -0.26851875 1.878316875 0.1625
v -0.329538125 1.89184375 0.1625
v -0.28422125 2.09625625 -0.1625
v -0.329538125 1.89184375 -0.1625
v -0.26851875 1.878316875 -0.1625
v -0.223201875 2.08272875 -0.1625
v -0.223201875 2.08272875 0.1625
v -0.255983125 1.84677625 0.256301875
v -0.278725 2.02126875 0.332411875
v -0.31706625 1.85868125 0.262076875
v -0.31874875 1.933456875 0.09014125
v -0.280408125 2.09604375 0.160475
v -0.25766625 1.92155125 0.08436625
v -0.219325 2.084138125 0.1547
v -0.217641875 2.009363125 0.32663625
v -0.263615 1.896321875 -0.073451875
v -0.280408125 2.09604375 -0.16047625
v -0.324698125 1.908228125 -0.079226875
v -0.278725 2.02126875 -0.332411875
v -0.32301625 1.833451875 -0.25116375
v -0.261933125 1.82154625 -0.245388125
v -0.217641875 2.009363125 -0.32663625
v -0.219325 2.084138125 -0.1547
v 0.255983125 1.84677625 0.256301875
v 0.278725 2.02126875 0.332411875
v 0.217641875 2.009363125 0.32663625
v 0.219325 2.084138125 0.1547
v 0.25766625 1.92155125 0.08436625
v 0.280408125 2.09604375 0.160475
v 0.31874875 1.933456875 0.09014125
v 0.31706625 1.85868125 0.262076875
v -0.282228125 1.807771875 0.304976875
v -0.25352625 2.001761875 0.245758125
v -0.25352625 1.811398125 0.23578125
v 0.029411875 1.995628125 0.36279375
v 0.029411875 1.80526375 0.352818125
v 0.00071 1.801638125 0.42201375
v 0.00071 1.992001875 0.43199
v -0.282228125 1.998135 0.31495375
v 0.282228125 1.807771875 0.304976875
v 0.25352625 2.001761875 0.245758125
v 0.282228125 1.998135 0.31495375
v -0.00071 1.801638125 0.42201375
v -0.00071 1.992001875 0.43199
v -0.029411875 1.995628125 0.36279375
v -0.029411875 1.80526375 0.352818125
v 0.25352625 1.811398125 0.23578125
v -0.24074625 1.67864375 0.243543125
v -0.310868125 1.89413875 0.28431375
v -0.299708125 1.89869375 0.255481875
v -0.041653125 1.961878125 0.365353125
v 0.01730875 1.74182875 0.35341375
v -0.052813125 1.95732375 0.394185
v 0.00614875 1.73727375 0.38224625
v -0.25190625 1.67408875 0.272375
v 0.24074625 1.67864375 0.243543125
v 0.310868125 1.89413875 0.28431375
v 0.25190625 1.67408875 0.272375
v 0.047203125 1.958696875 0.396573125
v -0.01175875 1.738646875 0.38463375
v -0.02291875 1.743201875 0.355803125
v 0.036043125 1.963251875 0.367741875
v 0.299708125 1.89869375 0.255481875
v -0.036991875 2.099766875 0.204226875
v -0.065693125 2.18230125 0.114843125
v -0.036991875 2.11368375 0.1052
v 0.029411875 2.140921875 0.109028125
v 0.029411875 2.127005 0.208055
v 0.00071 2.209538125 0.11867125
v 0.00071 2.19562125 0.217698125
v -0.065693125 2.16838375 0.21387
v 0.036991875 2.099766875 0.204226875
v 0.065693125 2.18230125 0.114843125
v 0.065693125 2.16838375 0.21387
v -0.00071 2.209538125 0.11867125
v -0.00071 2.19562125 0.217698125
v -0.029411875 2.127005 0.208055
v -0.029411875 2.140921875 0.109028125
v 0.036991875 2.11368375 0.1052
v 0.065693125 1.98303 0.401846875
v 0.036991875 2.07773 0.29480375
v 0.065693125 2.10086 0.36012125
v -0.00071 2.110041875 0.386048125
v -0.00071 1.992211875 0.42777375
v -0.029411875 2.086911875 0.320731875
v -0.029411875 1.969081875 0.362458125
v 0.036991875 1.9599 0.33653
v 0.16466375 1.978183125 0.36007375
v 0.135961875 2.049316875 0.261376875
v 0.16466375 2.072446875 0.326693125
v 0.06650125 2.08602 0.36502125
v 0.06650125 1.99175625 0.398401875
v 0.0378 1.96862625 0.333085
v 0.0378 2.06289 0.29970375
v 0.135961875 1.955053125 0.294756875
v 0.234125 1.947371875 0.254343125
v 0.26282625 2.03530875 0.29671
v 0.26282625 1.970501875 0.31966
v 0.16466375 2.04888125 0.335038125
v 0.16466375 1.984075 0.357986875
v 0.135961875 1.960945 0.29267125
v 0.135961875 2.02575125 0.269721875
v 0.234125 2.01217875 0.23139375
v -0.036991875 1.9599 0.33653
v -0.065693125 2.10086 0.36012125
v -0.036991875 2.07773 0.29480375
v 0.029411875 2.086911875 0.320731875
v 0.029411875 1.969081875 0.362458125
v 0.00071 1.992211875 0.42777375
v 0.00071 2.110041875 0.386048125
v -0.065693125 1.98303 0.401846875
v -0.16466375 1.978183125 0.36007375
v -0.135961875 2.049316875 0.261376875
v -0.135961875 1.955053125 0.294756875
v -0.0378 1.96862625 0.333085
v -0.0378 2.06289 0.29970375
v -0.06650125 2.08602 0.36502125
v -0.06650125 1.99175625 0.398401875
v -0.16466375 2.072446875 0.326693125
v -0.26282625 1.970501875 0.31966
v -0.234125 2.01217875 0.23139375
v -0.234125 1.947371875 0.254343125
v -0.135961875 1.960945 0.29267125
v -0.135961875 2.02575125 0.269721875
v -0.16466375 2.04888125 0.335038125
v -0.16466375 1.984075 0.357986875
v -0.26282625 2.03530875 0.29671
v 0.065693125 1.98303 0.401846875
v 0.036991875 2.07773 0.29480375
v 0.065693125 2.10086 0.36012125
v -0.00071 2.110041875 0.386048125
v -0.00071 1.992211875 0.42777375
v -0.029411875 2.086911875 0.320731875
v -0.029411875 1.969081875 0.362458125
v 0.036991875 1.9599 0.33653
v 0.271078125 1.878316875 -0.1
v 0.304535625 2.068453125 -0.1
v 0.34174125 1.89455 -0.1
v 0.304535625 2.068453125 0.1
v 0.34174125 1.89455 0.1
v 0.2338725 2.05222 0.1
v 0.271078125 1.878316875 0.1
v 0.2338725 2.05222 -0.1
v 0.28820625 2.08903875 -0.1
v -0.001001875 2.215598125 -0.1
v 0.290598125 2.094813125 -0.1
v -0.001001875 2.215598125 0.1
v 0.290598125 2.094813125 0.1
v 0.28820625 2.08903875 0.1
v -0.003393125 2.20982375 0.1
v -0.003393125 2.20982375 -0.1
v 0.29291375 2.06390375 -0.1
v 0.29091875 2.092645 -0.1
v 0.298906875 2.06567875 -0.1
v 0.29091875 2.092645 0.1
v 0.298906875 2.06567875 0.1
v 0.29291375 2.06390375 0.1
v 0.28492625 2.09087 0.1
v 0.28492625 2.09087 -0.1
v -0.28820625 2.08903875 -0.1
v 0.001001875 2.215598125 -0.1
v 0.003393125 2.20982375 -0.1
v 0.003393125 2.20982375 0.1
v -0.28820625 2.08903875 0.1
v 0.001001875 2.215598125 0.1
v -0.290598125 2.094813125 0.1
v -0.290598125 2.094813125 -0.1
v -0.29291375 2.06390375 -0.1
v -0.29091875 2.092645 -0.1
v -0.28492625 2.09087 -0.1
v -0.28492625 2.09087 0.1
v -0.29291375 2.06390375 0.1
v -0.29091875 2.092645 0.1
v -0.298906875 2.06567875 0.1
v -0.298906875 2.06567875 -0.1
v -0.04375 1.91784125 -0.450866875
v 0.034375 2.0416 -0.41770625
v 0.034375 1.91784125 -0.450866875
v 0.034375 2.01733625 -0.32715125
v 0.034375 1.893576875 -0.360311875
v -0.04375 2.01733625 -0.32715125
v -0.04375 1.893576875 -0.360311875
v -0.04375 2.0416 -0.41770625
v 0.27040125 1.903316875 -0.36131
v 0.183788125 2.021348125 -0.364788125
v 0.27040125 2.01145875 -0.33030125
v 0.234525 1.879443125 -0.27805125
v 0.234525 1.987585 -0.247041875
v 0.14791125 1.99747375 -0.28152875
v 0.14791125 1.889331875 -0.312538125
v 0.183788125 1.91320625 -0.395796875
v -0.27040125 1.888296875 -0.365616875
v -0.183788125 2.021348125 -0.364788125
v -0.183788125 1.89818625 -0.40010375
v -0.14791125 1.99747375 -0.28152875
v -0.14791125 1.874311875 -0.316845
v -0.234525 1.864423125 -0.282358125
v -0.234525 1.987585 -0.247041875
v -0.27040125 2.01145875 -0.33030125
v 0.10708125 1.85463125 0.24239375
v 0.22256625 1.979626875 0.15678875
v 0.22256625 1.841445 0.196411875
v 0.27040125 2.01145875 0.2678
v 0.27040125 1.873276875 0.307423125
v 0.15491625 1.886463125 0.35340625
v 0.15491625 2.02464375 0.313783125
v 0.10708125 1.992811875 0.202771875
v -0.059375 1.86435875 0.273288125
v 0.065625 2.009248125 0.234465
v 0.065625 1.86435875 0.273288125
v 0.065625 2.0416 0.35520625
v 0.065625 1.89671125 0.39402875
v -0.059375 2.0416 0.35520625
v -0.059375 1.89671125 0.39402875
v -0.059375 2.009248125 0.234465
v -0.10708125 1.85463125 0.24239375
v -0.22256625 1.979626875 0.15678875
v -0.10708125 1.992811875 0.202771875
v -0.15491625 1.886463125 0.35340625
v -0.15491625 2.02464375 0.313783125
v -0.27040125 1.873276875 0.307423125
v -0.27040125 2.01145875 0.2678
v -0.22256625 1.841445 0.196411875
v -0.059375 1.96897375 -0.175105
v 0.065625 2.11897375 -0.175105
v 0.065625 1.96897375 -0.175105
v 0.065625 2.11897375 0.199895
v 0.065625 1.96897375 0.199895
v -0.059375 2.11897375 0.199895
v -0.059375 1.96897375 0.199895
v -0.059375 2.11897375 -0.175105
v 0.08125 1.96897375 -0.175105
v 0.14375 2.11897375 -0.175105
v 0.14375 1.96897375 -0.175105
v 0.14375 2.11897375 0.199895
v 0.14375 1.96897375 0.199895
v 0.08125 2.11897375 0.199895
v 0.08125 1.96897375 0.199895
v 0.08125 2.11897375 -0.175105
v -0.1375 1.96897375 -0.175105
v -0.075 2.11897375 -0.175105
v -0.075 1.96897375 -0.175105
v -0.075 2.11897375 0.199895
v -0.075 1.96897375 0.199895
v -0.1375 2.11897375 0.199895
v -0.1375 1.96897375 0.199895
v -0.1375 2.11897375 -0.175105
v -0.068303125 1.908366875 -0.446946875
v -0.15491625 2.00662 -0.38145125
v -0.068303125 2.01650875 -0.415938125
v -0.03242625 1.992635 -0.33268
v -0.03242625 1.884493125 -0.36368875
v -0.11904 1.98274625 -0.298193125
v -0.11904 1.87460375 -0.329201875
v -0.15491625 1.898478125 -0.41246125
v 0.068303125 1.908366875 -0.446946875
v 0.15491625 2.00662 -0.38145125
v 0.15491625 1.898478125 -0.41246125
v 0.11904 1.87460375 -0.329201875
v 0.11904 1.98274625 -0.298193125
v 0.03242625 1.884493125 -0.36368875
v 0.03242625 1.992635 -0.33268
v 0.068303125 2.01650875 -0.415938125
v 0.3 1.78393125 0.318971875
v 0.26875 1.806028125 0.296875
v 0.26875 1.78393125 0.318971875
v 0.26875 1.76183375 0.296875
v 0.26875 1.78393125 0.274778125
v 0.3 1.78393125 0.274778125
v 0.3 1.76183375 0.296875
v 0.3 1.806028125 0.296875
v -0.26875 1.78393125 0.318971875
v -0.3 1.806028125 0.296875
v -0.3 1.78393125 0.318971875
v -0.3 1.76183375 0.296875
v -0.3 1.78393125 0.274778125
v -0.26875 1.78393125 0.274778125
v -0.26875 1.76183375 0.296875
v -0.26875 1.806028125 0.296875
v -0.346875 1.87768125 -0.215403125
v -0.378125 1.899778125 -0.2375
v -0.378125 1.87768125 -0.215403125
v -0.378125 1.85558375 -0.2375
v -0.378125 1.87768125 -0.259596875
v -0.346875 1.87768125 -0.259596875
v -0.346875 1.85558375 -0.2375
v -0.346875 1.899778125 -0.2375
v 0.378125 1.87768125 -0.215403125
v 0.346875 1.899778125 -0.2375
v 0.346875 1.87768125 -0.215403125
v 0.346875 1.85558375 -0.2375
v 0.346875 1.87768125 -0.259596875
v 0.378125 1.87768125 -0.259596875
v 0.378125 1.85558375 -0.2375
v 0.378125 1.899778125 -0.2375
v 0.022096875 2.11827875 -0.389488125
v 0 2.111806875 -0.35176625
v 0.022096875 2.096181875 -0.36739125
v -0.022096875 2.096181875 -0.36739125
v 0 2.080556875 -0.38301625
v 0 2.10265375 -0.405113125
v -0.022096875 2.11827875 -0.389488125
v 0 2.13390375 -0.373863125
v -0.14113875 2.00919875 -0.43483125
v -0.10690125 2.020598125 -0.40931625
v -0.12065625 2.0328 -0.43458375
v -0.12195875 1.99274625 -0.45321625
v -0.101476875 2.016346875 -0.45297
v -0.10820375 1.980545 -0.427948125
v -0.087721875 2.004145 -0.42770125
v -0.12738375 1.996998125 -0.409563125
v 0.14113875 2.00919875 -0.43483125
v 0.10690125 2.020598125 -0.40931625
v 0.12738375 1.996998125 -0.409563125
v 0.087721875 2.004145 -0.42770125
v 0.10820375 1.980545 -0.427948125
v 0.101476875 2.016346875 -0.45297
v 0.12195875 1.99274625 -0.45321625
v 0.12065625 2.0328 -0.43458375
v -0.35625 1.671215 0.21563875
v -0.29375 1.77663875 0.148476875
v -0.29375 1.671215 0.21563875
v -0.29375 1.70479625 0.26835125
v -0.29375 1.81022 0.20118875
v -0.35625 1.81022 0.20118875
v -0.35625 1.70479625 0.26835125
v -0.35625 1.77663875 0.148476875
v -0.40234625 1.658351875 0.145875
v -0.390796875 1.72198 0.10588375
v -0.390796875 1.65606875 0.14167125
v -0.35492125 1.76330875 0.18200125
v -0.35492125 1.697398125 0.217788125
v -0.36646875 1.69968 0.221991875
v -0.36646875 1.76559125 0.186205
v -0.40234625 1.724263125 0.110088125
v -0.36875 1.64577625 -0.108756875
v -0.35625 1.720773125 -0.10941125
v -0.35625 1.64577625 -0.108756875
v -0.35625 1.64752125 0.09123625
v -0.35625 1.722518125 0.09058125
v -0.36875 1.722518125 0.09058125
v -0.36875 1.64752125 0.09123625
v -0.36875 1.720773125 -0.10941125
v -0.40625 1.64499625 0.10007125
v -0.375 1.72432 0.082485
v -0.375 1.64499625 0.10007125
v -0.375 1.655818125 0.14888625
v -0.375 1.735141875 0.1313
v -0.40625 1.735141875 0.1313
v -0.40625 1.655818125 0.14888625
v -0.40625 1.72432 0.082485
v -0.4 1.64637625 -0.04000875
v -0.38125 1.721373125 -0.04066375
v -0.38125 1.64637625 -0.04000875
v -0.38125 1.722573125 0.09683125
v -0.38125 1.647575 0.097485
v -0.4 1.722573125 0.09683125
v -0.4 1.647575 0.097485
v -0.4 1.721373125 -0.04066375
v -0.41875 1.65268 -0.03381375
v -0.3625 1.715178125 -0.03436
v -0.3625 1.65268 -0.03381375
v -0.3625 1.653225 0.028683125
v -0.3625 1.715723125 0.028138125
v -0.41875 1.715723125 0.028138125
v -0.41875 1.653225 0.028683125
v -0.41875 1.715178125 -0.03436
v 0.35625 1.64577625 -0.108756875
v 0.36875 1.720773125 -0.10941125
v 0.36875 1.64577625 -0.108756875
v 0.36875 1.64752125 0.09123625
v 0.36875 1.722518125 0.09058125
v 0.35625 1.722518125 0.09058125
v 0.35625 1.64752125 0.09123625
v 0.35625 1.720773125 -0.10941125
v 0.38125 1.64637625 -0.04000875
v 0.4 1.721373125 -0.04066375
v 0.4 1.64637625 -0.04000875
v 0.4 1.722573125 0.09683125
v 0.4 1.647575 0.097485
v 0.38125 1.722573125 0.09683125
v 0.38125 1.647575 0.097485
v 0.38125 1.721373125 -0.04066375
v 0.3625 1.65268 -0.03381375
v 0.41875 1.715178125 -0.03436
v 0.41875 1.65268 -0.03381375
v 0.41875 1.653225 0.028683125
v 0.41875 1.715723125 0.028138125
v 0.3625 1.715723125 0.028138125
v 0.3625 1.653225 0.028683125
v 0.3625 1.715178125 -0.03436
v 0.375 1.64499625 0.10007125
v 0.40625 1.72432 0.082485
v 0.40625 1.64499625 0.10007125
v 0.40625 1.655818125 0.14888625
v 0.40625 1.735141875 0.1313
v 0.375 1.735141875 0.1313
v 0.375 1.655818125 0.14888625
v 0.375 1.72432 0.082485
v 0.40234625 1.658351875 0.145875
v 0.390796875 1.72198 0.10588375
v 0.40234625 1.724263125 0.110088125
v 0.36646875 1.76559125 0.186205
v 0.36646875 1.69968 0.221991875
v 0.35492125 1.76330875 0.18200125
v 0.35492125 1.697398125 0.217788125
v 0.390796875 1.65606875 0.14167125
v 0.29375 1.671215 0.21563875
v 0.35625 1.77663875 0.148476875
v 0.35625 1.671215 0.21563875
v 0.35625 1.70479625 0.26835125
v 0.35625 1.81022 0.20118875
v 0.29375 1.81022 0.20118875
v 0.29375 1.70479625 0.26835125
v 0.29375 1.77663875 0.148476875
v 0.30208625 1.581578125 -0.125
v 0.25426 1.79097125 -0.125
v 0.28541375 1.793421875 -0.125
v 0.28541375 1.793421875 0.1
v 0.30208625 1.581578125 0.1
v 0.25426 1.79097125 0.1
v 0.270933125 1.57912625 0.1
v 0.270933125 1.57912625 -0.125
v 0.35526625 1.56820875 -0.1
v 0.282123125 1.781355 -0.1
v 0.35712 1.78070125 -0.1
v 0.35712 1.78070125 0.075
v 0.35526625 1.56820875 0.075
v 0.282123125 1.781355 0.075
v 0.28026875 1.568863125 0.075
v 0.28026875 1.568863125 -0.1
v 0.278713125 1.758061875 -0.096875
v 0.34544875 1.817678125 -0.096875
v 0.356411875 1.781816875 -0.096875
v 0.34544875 1.817678125 0.071875
v 0.356411875 1.781816875 0.071875
v 0.278713125 1.758061875 0.071875
v 0.26774875 1.793923125 0.071875
v 0.26774875 1.793923125 -0.096875
v 0.296736875 1.60939875 -0.084375
v 0.38569125 1.667166875 -0.084375
v 0.370098125 1.59380625 -0.084375
v 0.38569125 1.667166875 0.059375
v 0.370098125 1.59380625 0.059375
v 0.296736875 1.60939875 0.059375
v 0.31233 1.68276 0.059375
v 0.31233 1.68276 -0.084375
v 0.312321875 1.707045 -0.078125
v 0.38707875 1.669061875 -0.078125
v 0.35693375 1.64675625 -0.078125
v 0.38707875 1.669061875 0.053125
v 0.35693375 1.64675625 0.053125
v 0.342466875 1.72935125 0.053125
v 0.312321875 1.707045 0.053125
v 0.342466875 1.72935125 -0.078125
v 0.302576875 1.575346875 -0.13125
v 0.316076875 1.802105 -0.13125
v 0.33373 1.57779875 -0.13125
v 0.316076875 1.802105 0.10625
v 0.33373 1.57779875 0.10625
v 0.302576875 1.575346875 0.10625
v 0.284923125 1.799653125 0.10625
v 0.284923125 1.799653125 -0.13125
v -0.30208625 1.581578125 -0.125
v -0.25426 1.79097125 -0.125
v -0.270933125 1.57912625 -0.125
v -0.25426 1.79097125 0.1
v -0.270933125 1.57912625 0.1
v -0.30208625 1.581578125 0.1
v -0.28541375 1.793421875 0.1
v -0.28541375 1.793421875 -0.125
v -0.35526625 1.56820875 -0.1
v -0.282123125 1.781355 -0.1
v -0.28026875 1.568863125 -0.1
v -0.282123125 1.781355 0.075
v -0.28026875 1.568863125 0.075
v -0.35526625 1.56820875 0.075
v -0.35712 1.78070125 0.075
v -0.35712 1.78070125 -0.1
v -0.278713125 1.758061875 -0.096875
v -0.34544875 1.817678125 -0.096875
v -0.26774875 1.793923125 -0.096875
v -0.26774875 1.793923125 0.071875
v -0.278713125 1.758061875 0.071875
v -0.34544875 1.817678125 0.071875
v -0.356411875 1.781816875 0.071875
v -0.356411875 1.781816875 -0.096875
v -0.302576875 1.575346875 -0.13125
v -0.316076875 1.802105 -0.13125
v -0.284923125 1.799653125 -0.13125
v -0.284923125 1.799653125 0.10625
v -0.302576875 1.575346875 0.10625
v -0.316076875 1.802105 0.10625
v -0.33373 1.57779875 0.10625
v -0.33373 1.57779875 -0.13125
v -0.296736875 1.60939875 -0.084375
v -0.38569125 1.667166875 -0.084375
v -0.31233 1.68276 -0.084375
v -0.31233 1.68276 0.059375
v -0.296736875 1.60939875 0.059375
v -0.38569125 1.667166875 0.059375
v -0.370098125 1.59380625 0.059375
v -0.370098125 1.59380625 -0.084375
v -0.35693375 1.64675625 -0.078125
v -0.342466875 1.72935125 -0.078125
v -0.312321875 1.707045 -0.078125
v -0.342466875 1.72935125 0.053125
v -0.312321875 1.707045 0.053125
v -0.38707875 1.669061875 0.053125
v -0.35693375 1.64675625 0.053125
v -0.38707875 1.669061875 -0.078125
v -0.425 1.85625 -0.14375
v -0.36875 1.90625 -0.14375
v -0.36875 1.85625 -0.14375
v -0.36875 1.90625 -0.05
v -0.36875 1.85625 -0.05
v -0.425 1.90625 -0.05
v -0.425 1.85625 -0.05
v -0.425 1.90625 -0.14375
v -0.40625 1.875 -0.2375
v -0.39375 1.8875 -0.2375
v -0.39375 1.875 -0.2375
v -0.39375 1.8875 -0.1375
v -0.39375 1.875 -0.1375
v -0.40625 1.8875 -0.1375
v -0.40625 1.875 -0.1375
v -0.40625 1.8875 -0.2375
v -0.3875 1.8625 -0.26875
v -0.4125 1.9 -0.26875
v -0.3875 1.9 -0.26875
v -0.4125 1.9 -0.21875
v -0.3875 1.9 -0.21875
v -0.4125 1.8625 -0.21875
v -0.3875 1.8625 -0.21875
v -0.4125 1.8625 -0.26875
v -0.05 2.103293125 -0.53491125
v 0.05 2.05468 -0.486298125
v 0.05 2.103293125 -0.53491125
v 0.05 1.97955 -0.561428125
v 0.05 2.028163125 -0.61004125
v -0.05 1.97955 -0.561428125
v -0.05 2.028163125 -0.61004125
v -0.05 2.05468 -0.486298125
v -0.04375 2.08561625 -0.481878125
v -0.03125 2.076776875 -0.47303875
v -0.03125 2.08561625 -0.481878125
v -0.03125 1.94419375 -0.6233
v -0.03125 1.935355 -0.61446125
v -0.04375 1.935355 -0.61446125
v -0.04375 1.94419375 -0.6233
v -0.04375 2.076776875 -0.47303875
v -0.05 1.97513 -0.601203125
v 0.05 1.926516875 -0.55258875
v 0.05 1.97513 -0.601203125
v 0.05 1.90441875 -0.57468625
v 0.05 1.953033125 -0.6233
v -0.05 1.90441875 -0.57468625
v -0.05 1.953033125 -0.6233
v -0.05 1.926516875 -0.55258875
v -0.0625 1.93628875 -0.52452875
v 0.0625 1.87701875 -0.504696875
v 0.0625 1.93628875 -0.52452875
v 0.0625 1.857188125 -0.563966875
v 0.0625 1.916458125 -0.58379875
v -0.0625 1.857188125 -0.563966875
v -0.0625 1.916458125 -0.58379875
v -0.0625 1.87701875 -0.504696875
v 0.03125 2.08561625 -0.481878125
v 0.04375 2.076776875 -0.47303875
v 0.04375 2.08561625 -0.481878125
v 0.04375 1.94419375 -0.6233
v 0.04375 1.935355 -0.61446125
v 0.03125 1.935355 -0.61446125
v 0.03125 1.94419375 -0.6233
v 0.03125 2.076776875 -0.47303875
v -0.03125 2.090035 -0.47745875
v 0.03125 2.08119625 -0.46862
v 0.03125 2.090035 -0.47745875
v 0.03125 2.08119625 -0.486298125
v 0.03125 2.072356875 -0.47745875
v -0.03125 2.072356875 -0.47745875
v -0.03125 2.08119625 -0.486298125
v -0.03125 2.08119625 -0.46862
v 0.05625 1.91067375 -0.580093125
v 0.06875 2.009843125 -0.503998125
v 0.06875 1.91067375 -0.580093125
v 0.06875 1.9756 -0.45937125
v 0.06875 1.87643125 -0.53546625
v 0.05625 1.9756 -0.45937125
v 0.05625 1.87643125 -0.53546625
v 0.05625 2.009843125 -0.503998125
v -0.06875 1.91067375 -0.580093125
v -0.05625 2.009843125 -0.503998125
v -0.05625 1.91067375 -0.580093125
v -0.05625 1.9756 -0.45937125
v -0.05625 1.87643125 -0.53546625
v -0.06875 1.9756 -0.45937125
v -0.06875 1.87643125 -0.53546625
v -0.06875 2.009843125 -0.503998125
v -0.05 1.932705 -0.519496875
v 0.05 2.064533125 -0.462176875
v 0.05 1.932705 -0.519496875
v 0.05 1.920245 -0.49083875
v 0.05 2.052071875 -0.43351875
v -0.05 2.052071875 -0.43351875
v -0.05 1.920245 -0.49083875
v -0.05 2.064533125 -0.462176875
v -0.075 1.89073625 -0.57462
v -0.0625 1.935481875 -0.55231
v -0.0625 1.89073625 -0.57462
v -0.0625 1.86842625 -0.529873125
v -0.0625 1.913171875 -0.507563125
v -0.075 1.913171875 -0.507563125
v -0.075 1.86842625 -0.529873125
v -0.075 1.935481875 -0.55231
v -0.05625 1.98585375 -0.49926125
v 0.05625 2.008228125 -0.48810625
v 0.05625 1.98585375 -0.49926125
v 0.05625 1.99428375 -0.46013875
v 0.05625 1.97191 -0.47129375
v -0.05625 1.99428375 -0.46013875
v -0.05625 1.97191 -0.47129375
v -0.05625 2.008228125 -0.48810625
v -0.040215 1.98569875 -0.50327
v 0.03853875 2.022498125 -0.48727
v 0.01922625 1.967986875 -0.510971875
v 0.01922625 1.95303375 -0.476581875
v 0.03853875 2.007545 -0.45288
v -0.020901875 2.025256875 -0.44517875
v -0.040215 1.97074625 -0.46888125
v -0.020901875 2.04021 -0.479568125
v -0.0625 2.18241875 0.114521875
v 0.0625 2.242496875 0.13174875
v 0.0625 2.18241875 0.114521875
v 0.0625 2.190815 0.31198625
v 0.0625 2.130736875 0.29475875
v -0.0625 2.190815 0.31198625
v -0.0625 2.130736875 0.29475875
v -0.0625 2.242496875 0.13174875
v -0.04375 2.23388375 0.16178875
v 0.04375 2.257915 0.16868
v 0.04375 2.23388375 0.16178875
v 0.04375 2.21657 0.31286875
v 0.04375 2.192538125 0.305978125
v -0.04375 2.21657 0.31286875
v -0.04375 2.192538125 0.305978125
v -0.04375 2.257915 0.16868
v 0.33186625 1.94341625 -0.090625
v 0.311243125 2.06052875 -0.090625
v 0.33795625 1.944821875 -0.090625
v 0.311243125 2.06052875 0.090625
v 0.33795625 1.944821875 0.090625
v 0.305153125 2.059123125 0.090625
v 0.33186625 1.94341625 0.090625
v 0.305153125 2.059123125 -0.090625
v 0.26851875 1.878316875 0.1625
v 0.28422125 2.09625625 0.1625
v 0.223201875 2.08272875 0.1625
v 0.223201875 2.08272875 -0.16875
v 0.26851875 1.878316875 -0.16875
v 0.28422125 2.09625625 -0.16875
v 0.329538125 1.89184375 -0.16875
v 0.329538125 1.89184375 0.1625
v -0.3456475 1.89455 -0.1
v -0.22996625 2.05222 -0.1
v -0.26986625 1.878316875 -0.1
v -0.22996625 2.05222 0.1
v -0.26986625 1.878316875 0.1
v -0.305746875 2.068453125 0.1
v -0.3456475 1.89455 0.1
v -0.305746875 2.068453125 -0.1
v -0.34174125 1.89455 -0.1
v -0.2338725 2.05222 -0.1
v -0.271078125 1.878316875 -0.1
v -0.2338725 2.05222 0.1
v -0.271078125 1.878316875 0.1
v -0.304535625 2.068453125 0.1
v -0.34174125 1.89455 0.1
v -0.304535625 2.068453125 -0.1
vt 0.28125 0.076171875
vt 0.28710875 0.109375
vt 0.28125 0.109375
vt 0.223633125 0.482421875
vt 0.15625 0.515625
vt 0.15625 0.482421875
vt 0.375 0.076171875
vt 0.38085875 0.109375
vt 0.375 0.109375
vt 0.551758125 0.779296875
vt 0.484375 0.8125
vt 0.484375 0.779296875
vt 0.22460875 0.15625
vt 0.21875 0.08886687500000001
vt 0.22460875 0.08886687500000001
vt 0.84375 0.526366875
vt 0.84960875 0.59375
vt 0.84960875 0.526366875
vt 0.89648375 0.560546875
vt 0.890625 0.59375
vt 0.890625 0.560546875
vt 0.234375 0.482421875
vt 0.301758125 0.515625
vt 0.234375 0.515625
vt 0.42773375 0.076171875
vt 0.421875 0.109375
vt 0.421875 0.076171875
vt 0.3125 0.482421875
vt 0.379883125 0.515625
vt 0.3125 0.515625
vt 0.546875 0.15625
vt 0.55273375 0.08886687500000001
vt 0.55273375 0.15625
vt 0.84375 0.385741875
vt 0.84960875 0.453125
vt 0.84960875 0.385741875
vt 0.018555 0.280273125
vt 0 0.328125
vt 0 0.280273125
vt 0.401366875 0.952148125
vt 0.328125 1
vt 0.328125 0.952148125
vt 0.671875 0.920898125
vt 0.69043 0.96875
vt 0.671875 0.96875
vt 0.078125 0.608398125
vt 0.151366875 0.65625
vt 0.078125 0.65625
vt 0 0.4375
vt 0.018555 0.364258125
vt 0.018555 0.4375
vt 0.03125 0.364258125
vt 0.049805 0.4375
vt 0.049805 0.364258125
vt 0.549805 0.686523125
vt 0.53125 0.765625
vt 0.53125 0.686523125
vt 0.073241875 0.920898125
vt 0 1
vt 0 0.920898125
vt 0.268555 0.389648125
vt 0.25 0.46875
vt 0.25 0.389648125
vt 0.151366875 0.920898125
vt 0.078125 1
vt 0.078125 0.920898125
vt 0.5625 0.859375
vt 0.581055 0.786133125
vt 0.581055 0.859375
vt 0.581055 0.708008125
vt 0.5625 0.78125
vt 0.581055 0.78125
vt 0.299805 0.389648125
vt 0.28125 0.46875
vt 0.28125 0.389648125
vt 0.073241875 0.827148125
vt 0 0.90625
vt 0 0.827148125
vt 0.331055 0.389648125
vt 0.3125 0.46875
vt 0.3125 0.389648125
vt 0.151366875 0.827148125
vt 0.078125 0.90625
vt 0.078125 0.827148125
vt 0.456055 0.4375
vt 0.4375 0.364258125
vt 0.456055 0.364258125
vt 0.46875 0.364258125
vt 0.487305 0.4375
vt 0.487305 0.364258125
vt 0.078125 0.280273125
vt 0.09668 0.328125
vt 0.078125 0.328125
vt 0.432616875 0.702148125
vt 0.359375 0.75
vt 0.359375 0.702148125
vt 0.69043 0.858398125
vt 0.671875 0.90625
vt 0.671875 0.858398125
vt 0.432616875 0.639648125
vt 0.359375 0.6875
vt 0.359375 0.639648125
vt 0.5625 0.515625
vt 0.581055 0.442383125
vt 0.581055 0.515625
vt 0.5 0.364258125
vt 0.518555 0.4375
vt 0.518555 0.364258125
vt 0.8125 0.80273375
vt 0.831055 0.828125
vt 0.8125 0.828125
vt 0.109375 0.14648375000000002
vt 0.126953125 0.171875
vt 0.109375 0.171875
vt 0.22168 0.16210875000000002
vt 0.203125 0.1875
vt 0.203125 0.16210875000000002
vt 0.845703125 0.84960875
vt 0.828125 0.875
vt 0.828125 0.84960875
vt 0.859375 0.640625
vt 0.87793 0.623046875
vt 0.87793 0.640625
vt 0.87793 0.576171875
vt 0.859375 0.59375
vt 0.87793 0.59375
vt 0.831055 0.77148375
vt 0.8125 0.796875
vt 0.8125 0.77148375
vt 0.140625 0.14648375000000002
vt 0.158203125 0.171875
vt 0.140625 0.171875
vt 0.8125 0.74023375
vt 0.831055 0.765625
vt 0.8125 0.765625
vt 0.189453125 0.14648375000000002
vt 0.171875 0.171875
vt 0.171875 0.14648375000000002
vt 0.87793 0.5625
vt 0.859375 0.544921875
vt 0.87793 0.544921875
vt 0.859375 0.482421875
vt 0.87793 0.5
vt 0.87793 0.482421875
vt 0.862305 0.325195
vt 0.84375 0.34375
vt 0.84375 0.325195
vt 0.291991875 0.18457
vt 0.265625 0.203125
vt 0.265625 0.18457
vt 0.6875 0.137695
vt 0.706055 0.15625
vt 0.6875 0.15625
vt 0.823241875 0.68457
vt 0.796875 0.703125
vt 0.796875 0.68457
vt 0.331055 0.203125
vt 0.3125 0.176758125
vt 0.331055 0.176758125
vt 0.796875 0.645508125
vt 0.81543 0.671875
vt 0.81543 0.645508125
vt 0.90918 0.38085875
vt 0.890625 0.390625
vt 0.890625 0.38085875
vt 0.90332 0.45898375
vt 0.875 0.46875
vt 0.875 0.45898375
vt 0.90918 0.36523375
vt 0.890625 0.375
vt 0.890625 0.36523375
vt 0.59082 0.11523375000000002
vt 0.5625 0.125
vt 0.5625 0.11523375000000002
vt 0.78125 0.796875
vt 0.799805 0.768555
vt 0.799805 0.796875
vt 0.78125 0.737305
vt 0.799805 0.765625
vt 0.799805 0.737305
vt 0.84375 0.293945
vt 0.862305 0.3125
vt 0.84375 0.3125
vt 0.370116875 0.18457
vt 0.34375 0.203125
vt 0.34375 0.18457
vt 0.862305 0.262695
vt 0.84375 0.28125
vt 0.84375 0.262695
vt 0.823241875 0.62207
vt 0.796875 0.640625
vt 0.796875 0.62207
vt 0.375 0.203125
vt 0.393555 0.176758125
vt 0.393555 0.203125
vt 0.424805 0.176758125
vt 0.40625 0.203125
vt 0.424805 0.203125
vt 0.904296875 0.611328125
vt 0.890625 0.625
vt 0.890625 0.611328125
vt 0.765625 0.986328125
vt 0.80664125 1
vt 0.765625 1
vt 0.904296875 0.533203125
vt 0.890625 0.546875
vt 0.890625 0.533203125
vt 0.765625 0.970703125
vt 0.80664125 0.984375
vt 0.765625 0.984375
vt 0.015625 0.234375
vt 0.029296875 0.19335875000000002
vt 0.029296875 0.234375
vt 0.765625 0.92773375
vt 0.779296875 0.96875
vt 0.779296875 0.92773375
vt 0.482421875 0.095703125
vt 0.46875 0.109375
vt 0.46875 0.095703125
vt 0.08789125 0.220703125
vt 0.046875 0.234375
vt 0.046875 0.220703125
vt 0.484375 0.095703125
vt 0.498046875 0.109375
vt 0.484375 0.109375
vt 0.80664125 0.908203125
vt 0.765625 0.921875
vt 0.765625 0.908203125
vt 0.107421875 0.234375
vt 0.09375 0.19335875000000002
vt 0.107421875 0.19335875000000002
vt 0.765625 0.86523375
vt 0.779296875 0.90625
vt 0.779296875 0.86523375
vt 0.935546875 0.898438125
vt 0.921875 0.90625
vt 0.921875 0.898438125
vt 0.92773375 0.960938125
vt 0.90625 0.96875
vt 0.90625 0.960938125
vt 0.921875 0.882811875
vt 0.935546875 0.890625
vt 0.921875 0.890625
vt 0.90625 0.945311875
vt 0.92773375 0.953125
vt 0.90625 0.953125
vt 0.873046875 0.171875
vt 0.859375 0.15039124999999998
vt 0.873046875 0.15039124999999998
vt 0.857421875 0.11914124999999998
vt 0.84375 0.140625
vt 0.857421875 0.140625
vt 0.935546875 0.851561875
vt 0.921875 0.859375
vt 0.921875 0.851561875
vt 0.08398375 0.08593812499999998
vt 0.0625 0.09375
vt 0.0625 0.08593812499999998
vt 0.935546875 0.835938125
vt 0.921875 0.84375
vt 0.921875 0.835938125
vt 0.09375 0.08593812499999998
vt 0.11523375 0.09375
vt 0.09375 0.09375
vt 0.859375 0.140625
vt 0.873046875 0.11914124999999998
vt 0.873046875 0.140625
vt 0 0.10351624999999998
vt 0.013671875 0.125
vt 0.013671875 0.10351624999999998
vt 0.28125 0.076171875
vt 0.28710875 0.076171875
vt 0.28710875 0.109375
vt 0.223633125 0.482421875
vt 0.223633125 0.515625
vt 0.15625 0.515625
vt 0.375 0.076171875
vt 0.38085875 0.076171875
vt 0.38085875 0.109375
vt 0.551758125 0.779296875
vt 0.551758125 0.8125
vt 0.484375 0.8125
vt 0.22460875 0.15625
vt 0.21875 0.15625
vt 0.21875 0.08886687500000001
vt 0.84375 0.526366875
vt 0.84375 0.59375
vt 0.84960875 0.59375
vt 0.89648375 0.560546875
vt 0.89648375 0.59375
vt 0.890625 0.59375
vt 0.234375 0.482421875
vt 0.301758125 0.482421875
vt 0.301758125 0.515625
vt 0.42773375 0.076171875
vt 0.42773375 0.109375
vt 0.421875 0.109375
vt 0.3125 0.482421875
vt 0.379883125 0.482421875
vt 0.379883125 0.515625
vt 0.546875 0.15625
vt 0.546875 0.08886687500000001
vt 0.55273375 0.08886687500000001
vt 0.84375 0.385741875
vt 0.84375 0.453125
vt 0.84960875 0.453125
vt 0.018555 0.280273125
vt 0.018555 0.328125
vt 0 0.328125
vt 0.401366875 0.952148125
vt 0.401366875 1
vt 0.328125 1
vt 0.671875 0.920898125
vt 0.69043 0.920898125
vt 0.69043 0.96875
vt 0.078125 0.608398125
vt 0.151366875 0.608398125
vt 0.151366875 0.65625
vt 0 0.4375
vt 0 0.364258125
vt 0.018555 0.364258125
vt 0.03125 0.364258125
vt 0.03125 0.4375
vt 0.049805 0.4375
vt 0.549805 0.686523125
vt 0.549805 0.765625
vt 0.53125 0.765625
vt 0.073241875 0.920898125
vt 0.073241875 1
vt 0 1
vt 0.268555 0.389648125
vt 0.268555 0.46875
vt 0.25 0.46875
vt 0.151366875 0.920898125
vt 0.151366875 1
vt 0.078125 1
vt 0.5625 0.859375
vt 0.5625 0.786133125
vt 0.581055 0.786133125
vt 0.581055 0.708008125
vt 0.5625 0.708008125
vt 0.5625 0.78125
vt 0.299805 0.389648125
vt 0.299805 0.46875
vt 0.28125 0.46875
vt 0.073241875 0.827148125
vt 0.073241875 0.90625
vt 0 0.90625
vt 0.331055 0.389648125
vt 0.331055 0.46875
vt 0.3125 0.46875
vt 0.151366875 0.827148125
vt 0.151366875 0.90625
vt 0.078125 0.90625
vt 0.456055 0.4375
vt 0.4375 0.4375
vt 0.4375 0.364258125
vt 0.46875 0.364258125
vt 0.46875 0.4375
vt 0.487305 0.4375
vt 0.078125 0.280273125
vt 0.09668 0.280273125
vt 0.09668 0.328125
vt 0.432616875 0.702148125
vt 0.432616875 0.75
vt 0.359375 0.75
vt 0.69043 0.858398125
vt 0.69043 0.90625
vt 0.671875 0.90625
vt 0.432616875 0.639648125
vt 0.432616875 0.6875
vt 0.359375 0.6875
vt 0.5625 0.515625
vt 0.5625 0.442383125
vt 0.581055 0.442383125
vt 0.5 0.364258125
vt 0.5 0.4375
vt 0.518555 0.4375
vt 0.8125 0.80273375
vt 0.831055 0.80273375
vt 0.831055 0.828125
vt 0.109375 0.14648375000000002
vt 0.126953125 0.14648375000000002
vt 0.126953125 0.171875
vt 0.22168 0.16210875000000002
vt 0.22168 0.1875
vt 0.203125 0.1875
vt 0.845703125 0.84960875
vt 0.845703125 0.875
vt 0.828125 0.875
vt 0.859375 0.640625
vt 0.859375 0.623046875
vt 0.87793 0.623046875
vt 0.87793 0.576171875
vt 0.859375 0.576171875
vt 0.859375 0.59375
vt 0.831055 0.77148375
vt 0.831055 0.796875
vt 0.8125 0.796875
vt 0.140625 0.14648375000000002
vt 0.158203125 0.14648375000000002
vt 0.158203125 0.171875
vt 0.8125 0.74023375
vt 0.831055 0.74023375
vt 0.831055 0.765625
vt 0.189453125 0.14648375000000002
vt 0.189453125 0.171875
vt 0.171875 0.171875
vt 0.87793 0.5625
vt 0.859375 0.5625
vt 0.859375 0.544921875
vt 0.859375 0.482421875
vt 0.859375 0.5
vt 0.87793 0.5
vt 0.862305 0.325195
vt 0.862305 0.34375
vt 0.84375 0.34375
vt 0.291991875 0.18457
vt 0.291991875 0.203125
vt 0.265625 0.203125
vt 0.6875 0.137695
vt 0.706055 0.137695
vt 0.706055 0.15625
vt 0.823241875 0.68457
vt 0.823241875 0.703125
vt 0.796875 0.703125
vt 0.331055 0.203125
vt 0.3125 0.203125
vt 0.3125 0.176758125
vt 0.796875 0.645508125
vt 0.796875 0.671875
vt 0.81543 0.671875
vt 0.90918 0.38085875
vt 0.90918 0.390625
vt 0.890625 0.390625
vt 0.90332 0.45898375
vt 0.90332 0.46875
vt 0.875 0.46875
vt 0.90918 0.36523375
vt 0.90918 0.375
vt 0.890625 0.375
vt 0.59082 0.11523375000000002
vt 0.59082 0.125
vt 0.5625 0.125
vt 0.78125 0.796875
vt 0.78125 0.768555
vt 0.799805 0.768555
vt 0.78125 0.737305
vt 0.78125 0.765625
vt 0.799805 0.765625
vt 0.84375 0.293945
vt 0.862305 0.293945
vt 0.862305 0.3125
vt 0.370116875 0.18457
vt 0.370116875 0.203125
vt 0.34375 0.203125
vt 0.862305 0.262695
vt 0.862305 0.28125
vt 0.84375 0.28125
vt 0.823241875 0.62207
vt 0.823241875 0.640625
vt 0.796875 0.640625
vt 0.375 0.203125
vt 0.375 0.176758125
vt 0.393555 0.176758125
vt 0.424805 0.176758125
vt 0.40625 0.176758125
vt 0.40625 0.203125
vt 0.904296875 0.611328125
vt 0.904296875 0.625
vt 0.890625 0.625
vt 0.765625 0.986328125
vt 0.80664125 0.986328125
vt 0.80664125 1
vt 0.904296875 0.533203125
vt 0.904296875 0.546875
vt 0.890625 0.546875
vt 0.765625 0.970703125
vt 0.80664125 0.970703125
vt 0.80664125 0.984375
vt 0.015625 0.234375
vt 0.015625 0.19335875000000002
vt 0.029296875 0.19335875000000002
vt 0.765625 0.92773375
vt 0.765625 0.96875
vt 0.779296875 0.96875
vt 0.482421875 0.095703125
vt 0.482421875 0.109375
vt 0.46875 0.109375
vt 0.08789125 0.220703125
vt 0.08789125 0.234375
vt 0.046875 0.234375
vt 0.484375 0.095703125
vt 0.498046875 0.095703125
vt 0.498046875 0.109375
vt 0.80664125 0.908203125
vt 0.80664125 0.921875
vt 0.765625 0.921875
vt 0.107421875 0.234375
vt 0.09375 0.234375
vt 0.09375 0.19335875000000002
vt 0.765625 0.86523375
vt 0.765625 0.90625
vt 0.779296875 0.90625
vt 0.935546875 0.898438125
vt 0.935546875 0.90625
vt 0.921875 0.90625
vt 0.92773375 0.960938125
vt 0.92773375 0.96875
vt 0.90625 0.96875
vt 0.921875 0.882811875
vt 0.935546875 0.882811875
vt 0.935546875 0.890625
vt 0.90625 0.945311875
vt 0.92773375 0.945311875
vt 0.92773375 0.953125
vt 0.873046875 0.171875
vt 0.859375 0.171875
vt 0.859375 0.15039124999999998
vt 0.857421875 0.11914124999999998
vt 0.84375 0.11914124999999998
vt 0.84375 0.140625
vt 0.935546875 0.851561875
vt 0.935546875 0.859375
vt 0.921875 0.859375
vt 0.08398375 0.08593812499999998
vt 0.08398375 0.09375
vt 0.0625 0.09375
vt 0.935546875 0.835938125
vt 0.935546875 0.84375
vt 0.921875 0.84375
vt 0.09375 0.08593812499999998
vt 0.11523375 0.08593812499999998
vt 0.11523375 0.09375
vt 0.859375 0.140625
vt 0.859375 0.11914124999999998
vt 0.873046875 0.11914124999999998
vt 0 0.10351624999999998
vt 0 0.125
vt 0.013671875 0.125
vt 0.65918 0.341796875
vt 0.640625 0.390625
vt 0.640625 0.341796875
vt 0.3125 0.826171875
vt 0.385741875 0.875
vt 0.3125 0.875
vt 0.046875 0.294921875
vt 0.06543 0.34375
vt 0.046875 0.34375
vt 0.385741875 0.763671875
vt 0.3125 0.8125
vt 0.3125 0.763671875
vt 0.5625 0.4375
vt 0.581055 0.364258125
vt 0.581055 0.4375
vt 0.59668 0.629883125
vt 0.578125 0.703125
vt 0.59668 0.703125
vt 0.390625 0.294921875
vt 0.40918 0.34375
vt 0.390625 0.34375
vt 0.276366875 0.638671875
vt 0.203125 0.6875
vt 0.203125 0.638671875
vt 0.612305 0.294921875
vt 0.59375 0.34375
vt 0.59375 0.294921875
vt 0.354491875 0.638671875
vt 0.28125 0.6875
vt 0.28125 0.638671875
vt 0.59668 0.625
vt 0.578125 0.551758125
vt 0.59668 0.551758125
vt 0.40625 0.348633125
vt 0.424805 0.421875
vt 0.424805 0.348633125
vt 0.90918 0.41210875
vt 0.890625 0.421875
vt 0.890625 0.41210875
vt 0.875 0.59960875
vt 0.90332 0.609375
vt 0.875 0.609375
vt 0.890625 0.39648375
vt 0.90918 0.40625
vt 0.890625 0.40625
vt 0.90332 0.50585875
vt 0.875 0.515625
vt 0.875 0.50585875
vt 0.799805 0.828125
vt 0.78125 0.799805
vt 0.799805 0.799805
vt 0.22168 0.19043
vt 0.203125 0.21875
vt 0.22168 0.21875
vt 0.59668 0.137695
vt 0.578125 0.15625
vt 0.578125 0.137695
vt 0.807616875 0.27832
vt 0.78125 0.296875
vt 0.78125 0.27832
vt 0.625 0.137695
vt 0.643555 0.15625
vt 0.625 0.15625
vt 0.807616875 0.24707
vt 0.78125 0.265625
vt 0.78125 0.24707
vt 0.78125 0.234375
vt 0.799805 0.208008125
vt 0.799805 0.234375
vt 0.12793 0.176758125
vt 0.109375 0.203125
vt 0.12793 0.203125
vt 0.518555 0.09960875000000002
vt 0.5 0.109375
vt 0.5 0.09960875000000002
vt 0.90332 0.83398375
vt 0.875 0.84375
vt 0.875 0.83398375
vt 0.90918 0.49023375
vt 0.890625 0.5
vt 0.890625 0.49023375
vt 0.90332 0.77148375
vt 0.875 0.78125
vt 0.875 0.77148375
vt 0.03125 0.21875
vt 0.049805 0.19043
vt 0.049805 0.21875
vt 0.78125 0.94043
vt 0.799805 0.96875
vt 0.799805 0.94043
vt 0.890625 0.47460875
vt 0.90918 0.484375
vt 0.890625 0.484375
vt 0.90332 0.75585875
vt 0.875 0.765625
vt 0.875 0.75585875
vt 0.581055 0.09960875000000002
vt 0.5625 0.109375
vt 0.5625 0.09960875000000002
vt 0.875 0.70898375
vt 0.90332 0.71875
vt 0.875 0.71875
vt 0.081055 0.21875
vt 0.0625 0.19043
vt 0.081055 0.19043
vt 0.799805 0.87793
vt 0.78125 0.90625
vt 0.799805 0.90625
vt 0.84375 0.356445
vt 0.862305 0.375
vt 0.84375 0.375
vt 0.823241875 0.856445
vt 0.796875 0.875
vt 0.796875 0.856445
vt 0.674805 0.137695
vt 0.65625 0.15625
vt 0.65625 0.137695
vt 0.166991875 0.18457
vt 0.140625 0.203125
vt 0.140625 0.18457
vt 0.19043 0.203125
vt 0.171875 0.176758125
vt 0.19043 0.176758125
vt 0.234375 0.176758125
vt 0.25293 0.203125
vt 0.25293 0.176758125
vt 0.65918 0.341796875
vt 0.65918 0.390625
vt 0.640625 0.390625
vt 0.3125 0.826171875
vt 0.385741875 0.826171875
vt 0.385741875 0.875
vt 0.046875 0.294921875
vt 0.06543 0.294921875
vt 0.06543 0.34375
vt 0.385741875 0.763671875
vt 0.385741875 0.8125
vt 0.3125 0.8125
vt 0.5625 0.4375
vt 0.5625 0.364258125
vt 0.581055 0.364258125
vt 0.59668 0.629883125
vt 0.578125 0.629883125
vt 0.578125 0.703125
vt 0.390625 0.294921875
vt 0.40918 0.294921875
vt 0.40918 0.34375
vt 0.276366875 0.638671875
vt 0.276366875 0.6875
vt 0.203125 0.6875
vt 0.612305 0.294921875
vt 0.612305 0.34375
vt 0.59375 0.34375
vt 0.354491875 0.638671875
vt 0.354491875 0.6875
vt 0.28125 0.6875
vt 0.59668 0.625
vt 0.578125 0.625
vt 0.578125 0.551758125
vt 0.40625 0.348633125
vt 0.40625 0.421875
vt 0.424805 0.421875
vt 0.90918 0.41210875
vt 0.90918 0.421875
vt 0.890625 0.421875
vt 0.875 0.59960875
vt 0.90332 0.59960875
vt 0.90332 0.609375
vt 0.890625 0.39648375
vt 0.90918 0.39648375
vt 0.90918 0.40625
vt 0.90332 0.50585875
vt 0.90332 0.515625
vt 0.875 0.515625
vt 0.799805 0.828125
vt 0.78125 0.828125
vt 0.78125 0.799805
vt 0.22168 0.19043
vt 0.203125 0.19043
vt 0.203125 0.21875
vt 0.59668 0.137695
vt 0.59668 0.15625
vt 0.578125 0.15625
vt 0.807616875 0.27832
vt 0.807616875 0.296875
vt 0.78125 0.296875
vt 0.625 0.137695
vt 0.643555 0.137695
vt 0.643555 0.15625
vt 0.807616875 0.24707
vt 0.807616875 0.265625
vt 0.78125 0.265625
vt 0.78125 0.234375
vt 0.78125 0.208008125
vt 0.799805 0.208008125
vt 0.12793 0.176758125
vt 0.109375 0.176758125
vt 0.109375 0.203125
vt 0.518555 0.09960875000000002
vt 0.518555 0.109375
vt 0.5 0.109375
vt 0.90332 0.83398375
vt 0.90332 0.84375
vt 0.875 0.84375
vt 0.90918 0.49023375
vt 0.90918 0.5
vt 0.890625 0.5
vt 0.90332 0.77148375
vt 0.90332 0.78125
vt 0.875 0.78125
vt 0.03125 0.21875
vt 0.03125 0.19043
vt 0.049805 0.19043
vt 0.78125 0.94043
vt 0.78125 0.96875
vt 0.799805 0.96875
vt 0.890625 0.47460875
vt 0.90918 0.47460875
vt 0.90918 0.484375
vt 0.90332 0.75585875
vt 0.90332 0.765625
vt 0.875 0.765625
vt 0.581055 0.09960875000000002
vt 0.581055 0.109375
vt 0.5625 0.109375
vt 0.875 0.70898375
vt 0.90332 0.70898375
vt 0.90332 0.71875
vt 0.081055 0.21875
vt 0.0625 0.21875
vt 0.0625 0.19043
vt 0.799805 0.87793
vt 0.78125 0.87793
vt 0.78125 0.90625
vt 0.84375 0.356445
vt 0.862305 0.356445
vt 0.862305 0.375
vt 0.823241875 0.856445
vt 0.823241875 0.875
vt 0.796875 0.875
vt 0.674805 0.137695
vt 0.674805 0.15625
vt 0.65625 0.15625
vt 0.166991875 0.18457
vt 0.166991875 0.203125
vt 0.140625 0.203125
vt 0.19043 0.203125
vt 0.171875 0.203125
vt 0.171875 0.176758125
vt 0.234375 0.176758125
vt 0.234375 0.203125
vt 0.25293 0.203125
vt 0.736328125 0.033203125
vt 0.734375 0.0625
vt 0.734375 0.033203125
vt 0.201171875 0.626953125
vt 0.15625 0.65625
vt 0.15625 0.626953125
vt 0.939453125 0.236328125
vt 0.9375 0.265625
vt 0.9375 0.236328125
vt 0.607421875 0.970703125
vt 0.5625 1
vt 0.5625 0.970703125
vt 0.75 0.078125
vt 0.751953125 0.033203125
vt 0.751953125 0.078125
vt 0.921875 0.205078125
vt 0.923828125 0.25
vt 0.923828125 0.205078125
vt 0.682616875 0.10253875000000001
vt 0.671875 0.125
vt 0.671875 0.10253875000000001
vt 0.47460875 0.18066375
vt 0.453125 0.203125
vt 0.453125 0.18066375
vt 0.698241875 0.10253875000000001
vt 0.6875 0.125
vt 0.6875 0.10253875000000001
vt 0.796875 0.52441375
vt 0.81835875 0.546875
vt 0.796875 0.546875
vt 0.885741875 0.171875
vt 0.875 0.15039124999999998
vt 0.885741875 0.15039124999999998
vt 0.885741875 0.11914124999999998
vt 0.875 0.140625
vt 0.885741875 0.140625
vt 0.799805 0.706055
vt 0.78125 0.734375
vt 0.78125 0.706055
vt 0.52832 0.706055
vt 0.4375 0.734375
vt 0.4375 0.706055
vt 0.799805 0.56543
vt 0.78125 0.59375
vt 0.78125 0.56543
vt 0.52832 0.674805
vt 0.4375 0.703125
vt 0.4375 0.674805
vt 0.1875 0.46875
vt 0.206055 0.37793
vt 0.206055 0.46875
vt 0.21875 0.37793
vt 0.237305 0.46875
vt 0.237305 0.37793
vt 0.234375 0.14648375000000002
vt 0.251953125 0.171875
vt 0.234375 0.171875
vt 0.705078125 0.58398375
vt 0.671875 0.609375
vt 0.671875 0.58398375
vt 0.283203125 0.14648375000000002
vt 0.265625 0.171875
vt 0.265625 0.14648375000000002
vt 0.671875 0.55273375
vt 0.705078125 0.578125
vt 0.671875 0.578125
vt 0.515625 0.25
vt 0.533203125 0.216796875
vt 0.533203125 0.25
vt 0.767578125 0.435546875
vt 0.75 0.46875
vt 0.767578125 0.46875
vt 0.0625 0.59375
vt 0.078125 0.625
vt 0.0625 0.625
vt 0.59668 0.890625
vt 0.53125 0.921875
vt 0.53125 0.890625
vt 0.546875 0.484375
vt 0.5625 0.515625
vt 0.546875 0.515625
vt 0.53125 0.859375
vt 0.59668 0.890625
vt 0.53125 0.890625
vt 0.109375 0.375
vt 0.125 0.30957
vt 0.125 0.375
vt 0.125 0.30957
vt 0.140625 0.375
vt 0.140625 0.30957
vt 0.59375 0.10156187500000002
vt 0.60546875 0.125
vt 0.59375 0.125
vt 0.045898125 0.335938125
vt 0 0.359375
vt 0 0.335938125
vt 0.63671875 0.10156187500000002
vt 0.625 0.125
vt 0.625 0.10156187500000002
vt 0.640625 0.976561875
vt 0.686523125 1
vt 0.640625 1
vt 0.765625 0.28125
vt 0.77734375 0.235351875
vt 0.77734375 0.28125
vt 0.77734375 0.188476875
vt 0.765625 0.234375
vt 0.77734375 0.234375
vt 0.754883125 0.65918
vt 0.734375 0.6875
vt 0.734375 0.65918
vt 0.481445 0.768555
vt 0.390625 0.796875
vt 0.390625 0.768555
vt 0.567383125 0.22168
vt 0.546875 0.25
vt 0.546875 0.22168
vt 0.52832 0.737305
vt 0.4375 0.765625
vt 0.4375 0.737305
vt 0.078125 0.46875
vt 0.098633125 0.37793
vt 0.098633125 0.46875
vt 0.15625 0.37793
vt 0.176758125 0.46875
vt 0.176758125 0.37793
vt 0 0.125
vt 0.013671875 0.15625
vt 0 0.15625
vt 0.06543 0.4375
vt 0 0.46875
vt 0 0.4375
vt 0.84375 0.96875
vt 0.857421875 1
vt 0.84375 1
vt 0.59668 0.921875
vt 0.53125 0.953125
vt 0.53125 0.921875
vt 0.421875 0.34375
vt 0.435546875 0.27832
vt 0.435546875 0.34375
vt 0.625 0.27832
vt 0.638671875 0.34375
vt 0.638671875 0.27832
vt 0.830078125 0.30273375
vt 0.8125 0.328125
vt 0.8125 0.30273375
vt 0.705078125 0.64648375
vt 0.671875 0.671875
vt 0.671875 0.64648375
vt 0.6875 0.16210875000000002
vt 0.705078125 0.1875
vt 0.6875 0.1875
vt 0.671875 0.61523375
vt 0.705078125 0.640625
vt 0.671875 0.640625
vt 0.470703125 0.25
vt 0.453125 0.216796875
vt 0.470703125 0.216796875
vt 0.75 0.482421875
vt 0.767578125 0.515625
vt 0.767578125 0.482421875
vt 0.30859375 0.10156187500000002
vt 0.296875 0.125
vt 0.296875 0.10156187500000002
vt 0.670898125 0.398438125
vt 0.625 0.421875
vt 0.625 0.398438125
vt 0.875 0.398438125
vt 0.88671875 0.421875
vt 0.875 0.421875
vt 0.639648125 0.351561875
vt 0.59375 0.375
vt 0.59375 0.351561875
vt 0.296875 0.234375
vt 0.30859375 0.188476875
vt 0.30859375 0.234375
vt 0.765625 0.282226875
vt 0.77734375 0.328125
vt 0.77734375 0.282226875
vt 0.03125 0.04003875000000001
vt 0.03710875 0.046875
vt 0.03125 0.046875
vt 0.92773375 0.55566375
vt 0.90625 0.5625
vt 0.90625 0.55566375
vt 0.046875 0.04003875000000001
vt 0.05273375 0.046875
vt 0.046875 0.046875
vt 0.90625 0.54003875
vt 0.92773375 0.546875
vt 0.90625 0.546875
vt 0.765625 0.09375
vt 0.77148375 0.07226624999999998
vt 0.77148375 0.09375
vt 0.91210875 0.21289124999999998
vt 0.90625 0.234375
vt 0.91210875 0.234375
vt 0.703125 0.052733750000000024
vt 0.70898375 0.0625
vt 0.703125 0.0625
vt 0.90918 0.34960875
vt 0.890625 0.359375
vt 0.890625 0.34960875
vt 0.94335875 0.28710875
vt 0.9375 0.296875
vt 0.9375 0.28710875
vt 0.90918 0.33398375
vt 0.890625 0.34375
vt 0.890625 0.33398375
vt 0.046875 0.078125
vt 0.05273375 0.05957000000000001
vt 0.05273375 0.078125
vt 0.0625 0.05957000000000001
vt 0.06835875 0.078125
vt 0.06835875 0.05957000000000001
vt 0.921875 0.188476875
vt 0.92773375 0.203125
vt 0.921875 0.203125
vt 0.15625 0.360351875
vt 0.231445 0.375
vt 0.15625 0.375
vt 0.84960875 0.06347687499999999
vt 0.84375 0.078125
vt 0.84375 0.06347687499999999
vt 0.234375 0.360351875
vt 0.30957 0.375
vt 0.234375 0.375
vt 0.53710875 0.171875
vt 0.53125 0.09667999999999999
vt 0.53710875 0.09667999999999999
vt 0.71875 0.09667999999999999
vt 0.72460875 0.171875
vt 0.72460875 0.09667999999999999
vt 0.86523375 0.06347687499999999
vt 0.859375 0.078125
vt 0.859375 0.06347687499999999
vt 0.387695 0.360351875
vt 0.3125 0.375
vt 0.3125 0.360351875
vt 0.921875 0.125976875
vt 0.92773375 0.140625
vt 0.921875 0.140625
vt 0.700195 0.532226875
vt 0.625 0.546875
vt 0.625 0.532226875
vt 0.734375 0.171875
vt 0.74023375 0.09667999999999999
vt 0.74023375 0.171875
vt 0.78125 0.09667999999999999
vt 0.78710875 0.171875
vt 0.78710875 0.09667999999999999
vt 0.72460875 0.052733750000000024
vt 0.71875 0.0625
vt 0.71875 0.052733750000000024
vt 0.90918 0.31835875
vt 0.890625 0.328125
vt 0.890625 0.31835875
vt 0.9375 0.27148375
vt 0.94335875 0.28125
vt 0.9375 0.28125
vt 0.890625 0.30273375
vt 0.90918 0.3125
vt 0.890625 0.3125
vt 0.92773375 0.9375
vt 0.921875 0.918945
vt 0.92773375 0.918945
vt 0.078125 0.05957000000000001
vt 0.08398375 0.078125
vt 0.08398375 0.05957000000000001
vt 0.95898375 0.94628875
vt 0.953125 0.953125
vt 0.953125 0.94628875
vt 0.49023375 0.08691375000000001
vt 0.46875 0.09375
vt 0.46875 0.08691375000000001
vt 0.06835875 0.04003875000000001
vt 0.0625 0.046875
vt 0.0625 0.04003875000000001
vt 0.90625 0.52441375
vt 0.92773375 0.53125
vt 0.90625 0.53125
vt 0.78710875 0.09375
vt 0.78125 0.07226624999999998
vt 0.78710875 0.07226624999999998
vt 0.8125 0.07226624999999998
vt 0.81835875 0.09375
vt 0.81835875 0.07226624999999998
vt 0.765625 0.10351624999999998
vt 0.776366875 0.125
vt 0.765625 0.125
vt 0.83398375 0.36914125
vt 0.8125 0.390625
vt 0.8125 0.36914125
vt 0.885741875 0.19726624999999998
vt 0.875 0.21875
vt 0.875 0.19726624999999998
vt 0.64648375 0.16601624999999998
vt 0.625 0.1875
vt 0.625 0.16601624999999998
vt 0.8125 0.125
vt 0.823241875 0.10351624999999998
vt 0.823241875 0.125
vt 0.828125 0.10351624999999998
vt 0.838866875 0.125
vt 0.838866875 0.10351624999999998
vt 0.6875 0.41601625
vt 0.703125 0.46875
vt 0.6875 0.46875
vt 0.4375 0.49414125
vt 0.484375 0.546875
vt 0.4375 0.546875
vt 0.578125 0.25976625
vt 0.5625 0.3125
vt 0.5625 0.25976625
vt 0.46875 0.94726625
vt 0.515625 1
vt 0.46875 1
vt 0.046875 0.28125
vt 0.0625 0.234375
vt 0.0625 0.28125
vt 0.0625 0.234375
vt 0.078125 0.28125
vt 0.078125 0.234375
vt 0.885741875 0.29003875
vt 0.875 0.3125
vt 0.875 0.29003875
vt 0.50585875 0.18066375
vt 0.484375 0.203125
vt 0.484375 0.18066375
vt 0.703125 0.10253875000000001
vt 0.713866875 0.125
vt 0.703125 0.125
vt 0.515625 0.18066375
vt 0.53710875 0.203125
vt 0.515625 0.203125
vt 0.901366875 1
vt 0.890625 0.97851625
vt 0.901366875 0.97851625
vt 0.890625 0.94726625
vt 0.901366875 0.96875
vt 0.901366875 0.94726625
vt 0.171875 0.328125
vt 0.203125 0.359375
vt 0.171875 0.359375
vt 0.856445 0.78125
vt 0.84375 0.8125
vt 0.84375 0.78125
vt 0.234375 0.328125
vt 0.203125 0.359375
vt 0.203125 0.328125
vt 0.203125 0.125
vt 0.21582 0.15625
vt 0.203125 0.15625
vt 0.84375 0.78125
vt 0.875 0.768555
vt 0.875 0.78125
vt 0.875 0.75293
vt 0.84375 0.765625
vt 0.875 0.765625
vt 0.888671875 0.07226624999999998
vt 0.875 0.078125
vt 0.875 0.07226624999999998
vt 0.92773375 0.18164124999999998
vt 0.90625 0.1875
vt 0.90625 0.18164124999999998
vt 0.904296875 0.07226624999999998
vt 0.890625 0.078125
vt 0.890625 0.07226624999999998
vt 0.92773375 0.16601624999999998
vt 0.90625 0.171875
vt 0.90625 0.16601624999999998
vt 0.015625 0.125
vt 0.029296875 0.10351624999999998
vt 0.029296875 0.125
vt 0.03125 0.10351624999999998
vt 0.044921875 0.125
vt 0.044921875 0.10351624999999998
vt 0.78125 0.49316375
vt 0.80371125 0.515625
vt 0.78125 0.515625
vt 0.898438125 0.14941375
vt 0.890625 0.171875
vt 0.890625 0.14941375
vt 0.80371125 0.46191375
vt 0.78125 0.484375
vt 0.78125 0.46191375
vt 0.851561875 0.08691375000000001
vt 0.84375 0.109375
vt 0.84375 0.08691375000000001
vt 0.91308625 0.203125
vt 0.890625 0.19531187500000002
vt 0.91308625 0.19531187500000002
vt 0.859375 0.10156187500000002
vt 0.88183625 0.109375
vt 0.88183625 0.10156187500000002
vt 0.731445 0.924805
vt 0.703125 0.953125
vt 0.703125 0.924805
vt 0.857421875 0.72168
vt 0.84375 0.75
vt 0.84375 0.72168
vt 0.731445 0.893555
vt 0.703125 0.921875
vt 0.703125 0.893555
vt 0.576171875 0.12793
vt 0.5625 0.15625
vt 0.5625 0.12793
vt 0.87207 0.71875
vt 0.84375 0.705078125
vt 0.87207 0.705078125
vt 0.84375 0.501953125
vt 0.87207 0.515625
vt 0.87207 0.501953125
vt 0.546875 0.19628875
vt 0.56933625 0.21875
vt 0.546875 0.21875
vt 0.898438125 0.11816375000000001
vt 0.890625 0.140625
vt 0.890625 0.11816375000000001
vt 0.80371125 0.43066375
vt 0.78125 0.453125
vt 0.78125 0.43066375
vt 0.898438125 0.08691375000000001
vt 0.890625 0.109375
vt 0.890625 0.08691375000000001
vt 0 0.09375
vt 0.02246125 0.08593812499999998
vt 0.02246125 0.09375
vt 0.90625 0.992188125
vt 0.92871125 1
vt 0.92871125 0.992188125
vt 0.390625 0.076171875
vt 0.39648375 0.109375
vt 0.390625 0.109375
vt 0.674805 0.232421875
vt 0.65625 0.265625
vt 0.65625 0.232421875
vt 0.40625 0.076171875
vt 0.41210875 0.109375
vt 0.40625 0.109375
vt 0.706055 0.232421875
vt 0.6875 0.265625
vt 0.6875 0.232421875
vt 0.90625 0.09375
vt 0.91210875 0.07519500000000001
vt 0.91210875 0.09375
vt 0.00585875 0.05957000000000001
vt 0 0.078125
vt 0.00585875 0.078125
vt 0.61523375 0.07910187499999999
vt 0.609375 0.109375
vt 0.609375 0.07910187499999999
vt 0.75585875 0.875976875
vt 0.734375 0.90625
vt 0.734375 0.875976875
vt 0.75 0.07910187499999999
vt 0.75585875 0.109375
vt 0.75 0.109375
vt 0.75585875 0.844726875
vt 0.734375 0.875
vt 0.734375 0.844726875
vt 0.69335875 0.09375
vt 0.6875 0.07226624999999998
vt 0.69335875 0.07226624999999998
vt 0.703125 0.07226624999999998
vt 0.70898375 0.09375
vt 0.70898375 0.07226624999999998
vt 0.44335875 0.076171875
vt 0.4375 0.109375
vt 0.4375 0.076171875
vt 0.12793 0.216796875
vt 0.109375 0.25
vt 0.109375 0.216796875
vt 0.45898375 0.076171875
vt 0.453125 0.109375
vt 0.453125 0.076171875
vt 0.140625 0.216796875
vt 0.15918 0.25
vt 0.140625 0.25
vt 0.02148375 0.078125
vt 0.015625 0.05957000000000001
vt 0.02148375 0.05957000000000001
vt 0.03125 0.05957000000000001
vt 0.03710875 0.078125
vt 0.03710875 0.05957000000000001
vt 0.890625 0.204101875
vt 0.89648375 0.234375
vt 0.890625 0.234375
vt 0.75585875 0.813476875
vt 0.734375 0.84375
vt 0.734375 0.813476875
vt 0.80273375 0.07910187499999999
vt 0.796875 0.109375
vt 0.796875 0.07910187499999999
vt 0.19335875 0.235351875
vt 0.171875 0.265625
vt 0.171875 0.235351875
vt 0.72460875 0.09375
vt 0.71875 0.07226624999999998
vt 0.72460875 0.07226624999999998
vt 0.74023375 0.07226624999999998
vt 0.734375 0.09375
vt 0.74023375 0.09375
vt 0.046875 0.27539125
vt 0.03125 0.328125
vt 0.03125 0.27539125
vt 0.237305 0.82226625
vt 0.15625 0.875
vt 0.15625 0.82226625
vt 0.671875 0.41601625
vt 0.6875 0.46875
vt 0.671875 0.46875
vt 0.081055 0.75976625
vt 0 0.8125
vt 0 0.75976625
vt 0.59375 0.828125
vt 0.609375 0.74707
vt 0.609375 0.828125
vt 0.59375 0.43457
vt 0.609375 0.515625
vt 0.609375 0.43457
vt 0.28125 0.236328125
vt 0.265625 0.28125
vt 0.265625 0.236328125
vt 0.390625 0.470703125
vt 0.4375 0.515625
vt 0.390625 0.515625
vt 0.28125 0.236328125
vt 0.296875 0.28125
vt 0.28125 0.28125
vt 0.515625 0.955078125
vt 0.5625 1
vt 0.515625 1
vt 0.578125 0.3125
vt 0.59375 0.265625
vt 0.59375 0.3125
vt 0.71875 0.5
vt 0.703125 0.546875
vt 0.71875 0.546875
vt 0.6875 0.35351625
vt 0.671875 0.40625
vt 0.671875 0.35351625
vt 0.484375 0.61914125
vt 0.4375 0.671875
vt 0.4375 0.61914125
vt 0.640625 0.27539125
vt 0.65625 0.328125
vt 0.640625 0.328125
vt 0.484375 0.55664125
vt 0.4375 0.609375
vt 0.4375 0.55664125
vt 0.71875 0.5
vt 0.703125 0.453125
vt 0.71875 0.453125
vt 0.703125 0.40625
vt 0.71875 0.453125
vt 0.71875 0.40625
vt 0.296875 0.236328125
vt 0.3125 0.28125
vt 0.296875 0.28125
vt 0.484375 0.439453125
vt 0.4375 0.484375
vt 0.4375 0.439453125
vt 0.734375 0.658203125
vt 0.71875 0.703125
vt 0.71875 0.658203125
vt 0.53125 0.439453125
vt 0.484375 0.484375
vt 0.484375 0.439453125
vt 0.25 0.28125
vt 0.234375 0.234375
vt 0.25 0.234375
vt 0.25 0.234375
vt 0.265625 0.28125
vt 0.265625 0.234375
vt 0.69043 0.795898125
vt 0.671875 0.84375
vt 0.671875 0.795898125
vt 0.279296875 0.702148125
vt 0.203125 0.75
vt 0.203125 0.702148125
vt 0.171875 0.280273125
vt 0.19043 0.328125
vt 0.171875 0.328125
vt 0.357421875 0.702148125
vt 0.28125 0.75
vt 0.28125 0.702148125
vt 0.53125 0.484375
vt 0.549805 0.408203125
vt 0.549805 0.484375
vt 0.109375 0.376953125
vt 0.12793 0.453125
vt 0.12793 0.376953125
vt 0.203125 0.280273125
vt 0.22168 0.328125
vt 0.203125 0.328125
vt 0 0.639648125
vt 0.076171875 0.6875
vt 0 0.6875
vt 0.69043 0.733398125
vt 0.671875 0.78125
vt 0.671875 0.733398125
vt 0.3125 0.889648125
vt 0.388671875 0.9375
vt 0.3125 0.9375
vt 0.56543 0.671875
vt 0.546875 0.595703125
vt 0.56543 0.595703125
vt 0.546875 0.517578125
vt 0.56543 0.59375
vt 0.56543 0.517578125
vt 0.765625 0.13085875000000002
vt 0.773438125 0.1875
vt 0.765625 0.1875
vt 0.07226625 0.69335875
vt 0 0.75
vt 0 0.69335875
vt 0.382811875 0.11523375000000002
vt 0.375 0.171875
vt 0.375 0.11523375000000002
vt 0.32226625 0.94335875
vt 0.25 1
vt 0.25 0.94335875
vt 0.734375 0.25
vt 0.742188125 0.17773375000000002
vt 0.742188125 0.25
vt 0 0.16210875000000002
vt 0.007811875 0.234375
vt 0.007811875 0.16210875000000002
vt 0.398438125 0.11523375000000002
vt 0.390625 0.171875
vt 0.390625 0.11523375000000002
vt 0.166991875 0.75585875
vt 0.09375 0.8125
vt 0.09375 0.75585875
vt 0.40625 0.11523375000000002
vt 0.414061875 0.171875
vt 0.40625 0.171875
vt 0.245116875 0.75585875
vt 0.171875 0.8125
vt 0.171875 0.75585875
vt 0.726561875 0.25
vt 0.71875 0.176758125
vt 0.726561875 0.176758125
vt 0.757811875 0.208008125
vt 0.75 0.28125
vt 0.757811875 0.28125
vt 0.046875 0.16210875000000002
vt 0.06543 0.1875
vt 0.046875 0.1875
vt 0.830078125 0.27148375
vt 0.8125 0.296875
vt 0.8125 0.27148375
vt 0.831055 0.91210875
vt 0.8125 0.9375
vt 0.8125 0.91210875
vt 0.8125 0.24023375000000002
vt 0.830078125 0.265625
vt 0.8125 0.265625
vt 0.87793 0.703125
vt 0.859375 0.685546875
vt 0.87793 0.685546875
vt 0.3125 0.123046875
vt 0.331055 0.140625
vt 0.331055 0.123046875
vt 0.09668 0.16210875000000002
vt 0.078125 0.1875
vt 0.078125 0.16210875000000002
vt 0.830078125 0.20898375000000002
vt 0.8125 0.234375
vt 0.8125 0.20898375000000002
vt 0.8125 0.88085875
vt 0.831055 0.90625
vt 0.8125 0.90625
vt 0.8125 0.17773375000000002
vt 0.830078125 0.203125
vt 0.8125 0.203125
vt 0.859375 0.671875
vt 0.87793 0.654296875
vt 0.87793 0.671875
vt 0.362305 0.123046875
vt 0.34375 0.140625
vt 0.362305 0.140625
vt 0.578125 0.21875
vt 0.59668 0.25
vt 0.578125 0.25
vt 0.783203125 0.828125
vt 0.765625 0.859375
vt 0.765625 0.828125
vt 0.768555 0.390625
vt 0.75 0.421875
vt 0.75 0.390625
vt 0.171875 0.203125
vt 0.189453125 0.234375
vt 0.171875 0.234375
vt 0.12793 0.140625
vt 0.109375 0.123046875
vt 0.12793 0.123046875
vt 0.87793 0.873046875
vt 0.859375 0.890625
vt 0.87793 0.890625
vt 0.78125 0.17773375000000002
vt 0.799805 0.203125
vt 0.78125 0.203125
vt 0.541991875 0.25585875
vt 0.515625 0.28125
vt 0.515625 0.25585875
vt 0.8125 0.97460875
vt 0.831055 1
vt 0.8125 1
vt 0.745116875 0.44335875
vt 0.71875 0.46875
vt 0.71875 0.44335875
vt 0.59668 0.21875
vt 0.578125 0.192383125
vt 0.59668 0.192383125
vt 0.78125 0.395508125
vt 0.799805 0.421875
vt 0.799805 0.395508125
vt 0.15918 0.123046875
vt 0.140625 0.140625
vt 0.140625 0.123046875
vt 0.838866875 0.716796875
vt 0.8125 0.734375
vt 0.8125 0.716796875
vt 0.171875 0.123046875
vt 0.19043 0.140625
vt 0.171875 0.140625
vt 0.838866875 0.576171875
vt 0.8125 0.59375
vt 0.8125 0.576171875
vt 0.78125 0.390625
vt 0.799805 0.364258125
vt 0.799805 0.390625
vt 0.625 0.192383125
vt 0.643555 0.21875
vt 0.643555 0.192383125
vt 0.75 0.359375
vt 0.768555 0.390625
vt 0.75 0.390625
vt 0.251953125 0.203125
vt 0.234375 0.234375
vt 0.234375 0.203125
vt 0.75 0.328125
vt 0.768555 0.359375
vt 0.75 0.359375
vt 0.265625 0.203125
vt 0.283203125 0.234375
vt 0.265625 0.234375
vt 0.859375 0.8125
vt 0.87793 0.794921875
vt 0.87793 0.8125
vt 0.234375 0.123046875
vt 0.25293 0.140625
vt 0.25293 0.123046875
vt 0.03418 0.16210875000000002
vt 0.015625 0.1875
vt 0.015625 0.16210875000000002
vt 0.71875 0.41210875
vt 0.745116875 0.4375
vt 0.71875 0.4375
vt 0.831055 0.94335875
vt 0.8125 0.96875
vt 0.8125 0.94335875
vt 0.59375 0.25585875
vt 0.620116875 0.28125
vt 0.59375 0.28125
vt 0.78125 0.359375
vt 0.799805 0.333008125
vt 0.799805 0.359375
vt 0.65625 0.192383125
vt 0.674805 0.21875
vt 0.674805 0.192383125
vt 0.87793 0.732421875
vt 0.859375 0.75
vt 0.859375 0.732421875
vt 0.546875 0.169921875
vt 0.573241875 0.1875
vt 0.546875 0.1875
vt 0.28418 0.123046875
vt 0.265625 0.140625
vt 0.265625 0.123046875
vt 0.8125 0.435546875
vt 0.838866875 0.453125
vt 0.8125 0.453125
vt 0.799805 0.328125
vt 0.78125 0.301758125
vt 0.799805 0.301758125
vt 0.6875 0.192383125
vt 0.706055 0.21875
vt 0.706055 0.192383125
vt 0.578125 0.21875
vt 0.59668 0.25
vt 0.578125 0.25
vt 0.783203125 0.828125
vt 0.765625 0.859375
vt 0.765625 0.828125
vt 0.768555 0.390625
vt 0.75 0.421875
vt 0.75 0.390625
vt 0.171875 0.203125
vt 0.189453125 0.234375
vt 0.171875 0.234375
vt 0.12793 0.140625
vt 0.109375 0.123046875
vt 0.12793 0.123046875
vt 0.87793 0.873046875
vt 0.859375 0.890625
vt 0.87793 0.890625
vt 0.456055 0.283203125
vt 0.4375 0.328125
vt 0.4375 0.283203125
vt 0.53418 0.626953125
vt 0.484375 0.671875
vt 0.484375 0.626953125
vt 0.487305 0.283203125
vt 0.46875 0.328125
vt 0.46875 0.283203125
vt 0.53418 0.580078125
vt 0.484375 0.625
vt 0.484375 0.580078125
vt 0.640625 0.6875
vt 0.65918 0.637695
vt 0.65918 0.6875
vt 0.328125 0.30957
vt 0.34668 0.359375
vt 0.34668 0.30957
vt 0.298828125 0.014648125000000012
vt 0.296875 0.09375
vt 0.296875 0.014648125000000012
vt 0.299805 0.858398125
vt 0.25 0.9375
vt 0.25 0.858398125
vt 0.3125 0.014648125000000012
vt 0.314453125 0.09375
vt 0.3125 0.09375
vt 0.12793 0.670898125
vt 0.078125 0.75
vt 0.078125 0.670898125
vt 0.921875 0.796875
vt 0.923828125 0.74707
vt 0.923828125 0.796875
vt 0.21875 0.028320000000000012
vt 0.220703125 0.078125
vt 0.220703125 0.028320000000000012
vt 0.955078125 0.86816375
vt 0.953125 0.875
vt 0.953125 0.86816375
vt 0.893555 0.18066375
vt 0.84375 0.1875
vt 0.84375 0.18066375
vt 0.140625 0.04003875000000001
vt 0.142578125 0.046875
vt 0.140625 0.046875
vt 0.90918 0.93066375
vt 0.859375 0.9375
vt 0.859375 0.93066375
vt 0.921875 0.734375
vt 0.923828125 0.68457
vt 0.923828125 0.734375
vt 0.921875 0.62207
vt 0.923828125 0.671875
vt 0.923828125 0.62207
vt 0.328125 0.014648125000000012
vt 0.330078125 0.09375
vt 0.328125 0.09375
vt 0.19043 0.670898125
vt 0.140625 0.75
vt 0.140625 0.670898125
vt 0.345703125 0.014648125000000012
vt 0.34375 0.09375
vt 0.34375 0.014648125000000012
vt 0.299805 0.764648125
vt 0.25 0.84375
vt 0.25 0.764648125
vt 0.359375 0.078125
vt 0.361328125 0.028320000000000012
vt 0.361328125 0.078125
vt 0.46875 0.028320000000000012
vt 0.470703125 0.078125
vt 0.470703125 0.028320000000000012
vt 0.953125 0.85253875
vt 0.955078125 0.859375
vt 0.953125 0.859375
vt 0.90918 0.91503875
vt 0.859375 0.921875
vt 0.859375 0.91503875
vt 0.158203125 0.04003875000000001
vt 0.15625 0.046875
vt 0.15625 0.04003875000000001
vt 0.90918 0.89941375
vt 0.859375 0.90625
vt 0.859375 0.89941375
vt 0.484375 0.078125
vt 0.486328125 0.028320000000000012
vt 0.486328125 0.078125
vt 0.546875 0.028320000000000012
vt 0.548828125 0.078125
vt 0.548828125 0.028320000000000012
vt 0.22265625 0.233398125
vt 0.203125 0.265625
vt 0.203125 0.233398125
vt 0.164061875 0.264648125
vt 0.140625 0.296875
vt 0.140625 0.264648125
vt 0.64453125 0.233398125
vt 0.625 0.265625
vt 0.625 0.233398125
vt 0.726561875 0.811523125
vt 0.703125 0.84375
vt 0.703125 0.811523125
vt 0.8125 0.359375
vt 0.83203125 0.335938125
vt 0.83203125 0.359375
vt 0.65625 0.16406187500000002
vt 0.67578125 0.1875
vt 0.67578125 0.16406187500000002
vt 0.71875 0.31543
vt 0.742188125 0.34375
vt 0.71875 0.34375
vt 0.71875 0.28418
vt 0.742188125 0.3125
vt 0.71875 0.3125
vt 0.742188125 0.25293
vt 0.71875 0.28125
vt 0.71875 0.25293
vt 0.023438125 0.237305
vt 0 0.265625
vt 0 0.237305
vt 0.765625 0.6875
vt 0.789061875 0.664061875
vt 0.789061875 0.6875
vt 0.765625 0.632811875
vt 0.789061875 0.65625
vt 0.789061875 0.632811875
vt 0.726561875 0.764648125
vt 0.703125 0.796875
vt 0.703125 0.764648125
vt 0.726561875 0.717773125
vt 0.703125 0.75
vt 0.703125 0.717773125
vt 0.328125 0.264648125
vt 0.351561875 0.296875
vt 0.328125 0.296875
vt 0.359375 0.264648125
vt 0.382811875 0.296875
vt 0.359375 0.296875
vt 0.765625 0.625
vt 0.789061875 0.601561875
vt 0.789061875 0.625
vt 0.390625 0.21093812499999998
vt 0.414061875 0.234375
vt 0.414061875 0.21093812499999998
vt 0.640625 0.745116875
vt 0.609375 0.78125
vt 0.609375 0.745116875
vt 0.640625 0.698241875
vt 0.609375 0.734375
vt 0.609375 0.698241875
vt 0.609375 0.651366875
vt 0.640625 0.6875
vt 0.609375 0.6875
vt 0.640625 0.604491875
vt 0.609375 0.640625
vt 0.609375 0.604491875
vt 0.671875 0.78125
vt 0.640625 0.75
vt 0.671875 0.75
vt 0.234375 0.328125
vt 0.265625 0.359375
vt 0.265625 0.328125
vt 0.5625 0.36914125
vt 0.53125 0.40625
vt 0.53125 0.36914125
vt 0.625 0.38476625
vt 0.59375 0.421875
vt 0.59375 0.38476625
vt 0.640625 0.96289125
vt 0.609375 1
vt 0.609375 0.96289125
vt 0.640625 0.91601625
vt 0.609375 0.953125
vt 0.609375 0.91601625
vt 0.640625 0.75
vt 0.671875 0.71875
vt 0.671875 0.75
vt 0.265625 0.328125
vt 0.296875 0.359375
vt 0.296875 0.328125
vt 0.609375 0.557616875
vt 0.640625 0.59375
vt 0.609375 0.59375
vt 0.609375 0.479491875
vt 0.640625 0.515625
vt 0.609375 0.515625
vt 0.609375 0.432616875
vt 0.640625 0.46875
vt 0.609375 0.46875
vt 0.109375 0.338866875
vt 0.078125 0.375
vt 0.078125 0.338866875
vt 0.640625 0.71875
vt 0.671875 0.6875
vt 0.671875 0.71875
vt 0.296875 0.328125
vt 0.328125 0.359375
vt 0.328125 0.328125
vt 0.640625 0.86914125
vt 0.609375 0.90625
vt 0.609375 0.86914125
vt 0.25 0.58789125
vt 0.15625 0.625
vt 0.15625 0.58789125
vt 0.640625 0.79101625
vt 0.609375 0.828125
vt 0.609375 0.79101625
vt 0.34375 0.58789125
vt 0.25 0.625
vt 0.25 0.58789125
vt 0 0.5625
vt 0.03125 0.46875
vt 0.03125 0.5625
vt 0.03125 0.46875
vt 0.0625 0.5625
vt 0.0625 0.46875
vt 0.046875 0.22851624999999998
vt 0.03125 0.265625
vt 0.03125 0.22851624999999998
vt 0.4375 0.58789125
vt 0.34375 0.625
vt 0.34375 0.58789125
vt 0.390625 0.21289124999999998
vt 0.375 0.25
vt 0.375 0.21289124999999998
vt 0.484375 0.90039125
vt 0.390625 0.9375
vt 0.390625 0.90039125
vt 0.34375 0.46875
vt 0.359375 0.375
vt 0.359375 0.46875
vt 0.359375 0.375
vt 0.375 0.46875
vt 0.375 0.375
vt 0.625 0.21289124999999998
vt 0.609375 0.25
vt 0.609375 0.21289124999999998
vt 0.484375 0.85351625
vt 0.390625 0.890625
vt 0.390625 0.85351625
vt 0.765625 0.29101625
vt 0.75 0.328125
vt 0.75 0.29101625
vt 0.484375 0.80664125
vt 0.390625 0.84375
vt 0.390625 0.80664125
vt 0.375 0.46875
vt 0.390625 0.375
vt 0.390625 0.46875
vt 0.390625 0.375
vt 0.40625 0.46875
vt 0.40625 0.375
vt 0.703125 0.764648125
vt 0.726561875 0.796875
vt 0.703125 0.796875
vt 0.726561875 0.717773125
vt 0.703125 0.75
vt 0.703125 0.717773125
vt 0.351561875 0.264648125
vt 0.328125 0.296875
vt 0.328125 0.264648125
vt 0.382811875 0.264648125
vt 0.359375 0.296875
vt 0.359375 0.264648125
vt 0.789061875 0.625
vt 0.765625 0.601561875
vt 0.789061875 0.601561875
vt 0.390625 0.21093812499999998
vt 0.414061875 0.234375
vt 0.414061875 0.21093812499999998
vt 0.757811875 0.97168
vt 0.734375 1
vt 0.734375 0.97168
vt 0.734375 0.94043
vt 0.757811875 0.96875
vt 0.734375 0.96875
vt 0.734375 0.90918
vt 0.757811875 0.9375
vt 0.734375 0.9375
vt 0.078125 0.237305
vt 0.101561875 0.265625
vt 0.078125 0.265625
vt 0.789061875 0.546875
vt 0.765625 0.523438125
vt 0.789061875 0.523438125
vt 0.484375 0.21093812499999998
vt 0.507811875 0.234375
vt 0.507811875 0.21093812499999998
vt 0.210938125 0.054688124999999976
vt 0.203125 0.0625
vt 0.203125 0.054688124999999976
vt 0.9375 0.789061875
vt 0.945311875 0.796875
vt 0.9375 0.796875
vt 0.945311875 0.773438125
vt 0.9375 0.78125
vt 0.9375 0.773438125
vt 0.242188125 0.054688124999999976
vt 0.234375 0.0625
vt 0.234375 0.054688124999999976
vt 0.9375 0.765625
vt 0.945311875 0.757811875
vt 0.945311875 0.765625
vt 0.25 0.054688124999999976
vt 0.257811875 0.0625
vt 0.257811875 0.054688124999999976
vt 0.945311875 0.742188125
vt 0.9375 0.75
vt 0.9375 0.742188125
vt 0.265625 0.054688124999999976
vt 0.273438125 0.0625
vt 0.265625 0.0625
vt 0.945311875 0.726561875
vt 0.9375 0.734375
vt 0.9375 0.726561875
vt 0.289061875 0.054688124999999976
vt 0.28125 0.0625
vt 0.28125 0.054688124999999976
vt 0.9375 0.71875
vt 0.945311875 0.710938125
vt 0.945311875 0.71875
vt 0.9375 0.695311875
vt 0.945311875 0.703125
vt 0.945311875 0.695311875
vt 0.945311875 0.679688125
vt 0.9375 0.6875
vt 0.9375 0.679688125
vt 0.9375 0.664061875
vt 0.945311875 0.671875
vt 0.9375 0.671875
vt 0.945311875 0.648438125
vt 0.9375 0.65625
vt 0.9375 0.648438125
vt 0.945311875 0.632811875
vt 0.9375 0.640625
vt 0.9375 0.632811875
vt 0.375 0.0625
vt 0.382811875 0.054688124999999976
vt 0.382811875 0.0625
vt 0.9375 0.617188125
vt 0.945311875 0.625
vt 0.945311875 0.617188125
vt 0.398438125 0.054688124999999976
vt 0.390625 0.0625
vt 0.390625 0.054688124999999976
vt 0.9375 0.601561875
vt 0.945311875 0.609375
vt 0.9375 0.609375
vt 0.414061875 0.054688124999999976
vt 0.40625 0.0625
vt 0.40625 0.054688124999999976
vt 0.945311875 0.585938125
vt 0.9375 0.59375
vt 0.9375 0.585938125
vt 0.421875 0.0625
vt 0.429688125 0.054688124999999976
vt 0.429688125 0.0625
vt 0.9375 0.570311875
vt 0.945311875 0.578125
vt 0.945311875 0.570311875
vt 0.445311875 0.054688124999999976
vt 0.4375 0.0625
vt 0.4375 0.054688124999999976
vt 0.945311875 0.554688125
vt 0.9375 0.5625
vt 0.9375 0.554688125
vt 0.453125 0.054688124999999976
vt 0.460938125 0.0625
vt 0.453125 0.0625
vt 0.945311875 0.539061875
vt 0.9375 0.546875
vt 0.9375 0.539061875
vt 0.945311875 0.53125
vt 0.9375 0.523438125
vt 0.945311875 0.523438125
vt 0.9375 0.492188125
vt 0.945311875 0.5
vt 0.945311875 0.492188125
vt 0.9375 0.476561875
vt 0.945311875 0.484375
vt 0.9375 0.484375
vt 0.9375 0.414061875
vt 0.945311875 0.421875
vt 0.9375 0.421875
vt 0.9375 0.398438125
vt 0.945311875 0.40625
vt 0.9375 0.40625
vt 0.945311875 0.382811875
vt 0.9375 0.390625
vt 0.9375 0.382811875
vt 0.9375 0.375
vt 0.945311875 0.367188125
vt 0.945311875 0.375
vt 0.9375 0.351561875
vt 0.945311875 0.359375
vt 0.945311875 0.351561875
vt 0.664061875 0.054688124999999976
vt 0.65625 0.0625
vt 0.65625 0.054688124999999976
vt 0.945311875 0.335938125
vt 0.9375 0.34375
vt 0.9375 0.335938125
vt 0.679688125 0.054688124999999976
vt 0.671875 0.0625
vt 0.671875 0.054688124999999976
vt 0.945311875 0.320311875
vt 0.9375 0.328125
vt 0.9375 0.320311875
vt 0.695311875 0.0625
vt 0.6875 0.054688124999999976
vt 0.695311875 0.054688124999999976
vt 0.945311875 0.304688125
vt 0.9375 0.3125
vt 0.945311875 0.3125
vt 0.578125 0.671875
vt 0.5625 0.703125
vt 0.5625 0.671875
vt 0.59375 0.703125
vt 0.609375 0.734375
vt 0.59375 0.734375
vt 0.40625 0.34375
vt 0.390625 0.375
vt 0.390625 0.34375
vt 0.703125 0.96875
vt 0.6875 1
vt 0.6875 0.96875
vt 0.109375 0.53125
vt 0.125 0.515625
vt 0.125 0.53125
vt 0.515625 0.9375
vt 0.53125 0.953125
vt 0.53125 0.9375
vt 0.81543 0.04394500000000001
vt 0.8125 0.0625
vt 0.8125 0.04394500000000001
vt 0.851561875 0.62207
vt 0.828125 0.640625
vt 0.828125 0.62207
vt 0.9375 0.168945
vt 0.94043 0.1875
vt 0.9375 0.1875
vt 0.828125 0.481445
vt 0.851561875 0.5
vt 0.828125 0.5
vt 0.94043 0.859375
vt 0.9375 0.835938125
vt 0.94043 0.835938125
vt 0.171875 0.039061875000000024
vt 0.174805 0.0625
vt 0.174805 0.039061875000000024
vt 0.84668 0.04394500000000001
vt 0.84375 0.0625
vt 0.84375 0.04394500000000001
vt 0.4375 0.34082
vt 0.487305 0.359375
vt 0.4375 0.359375
vt 0.94043 0.137695
vt 0.9375 0.15625
vt 0.9375 0.137695
vt 0.69043 0.512695
vt 0.640625 0.53125
vt 0.640625 0.512695
vt 0.5 0.09375
vt 0.50293 0.04394500000000001
vt 0.50293 0.09375
vt 0.515625 0.04394500000000001
vt 0.518555 0.09375
vt 0.518555 0.04394500000000001
vt 0.242188125 0.07324187500000001
vt 0.234375 0.09375
vt 0.234375 0.07324187500000001
vt 0.875 0.354491875
vt 0.887695 0.375
vt 0.875 0.375
vt 0.914061875 0.745116875
vt 0.90625 0.765625
vt 0.90625 0.745116875
vt 0.65332 0.10449187500000001
vt 0.640625 0.125
vt 0.640625 0.10449187500000001
vt 0.171875 0.078125
vt 0.179688125 0.06542999999999999
vt 0.179688125 0.078125
vt 0.921875 0.81543
vt 0.929688125 0.828125
vt 0.929688125 0.81543
vt 0.926758125 0.356445
vt 0.921875 0.375
vt 0.921875 0.356445
vt 0.768555 0.793945
vt 0.734375 0.8125
vt 0.734375 0.793945
vt 0.926758125 0.325195
vt 0.921875 0.34375
vt 0.921875 0.325195
vt 0.734375 0.762695
vt 0.768555 0.78125
vt 0.734375 0.78125
vt 0.125 0.09375
vt 0.129883125 0.05957000000000001
vt 0.129883125 0.09375
vt 0.140625 0.05957000000000001
vt 0.145508125 0.09375
vt 0.145508125 0.05957000000000001
vt 0.904296875 0.8125
vt 0.890625 0.828125
vt 0.890625 0.8125
vt 0.625 0.515625
vt 0.640625 0.53125
vt 0.625 0.53125
vt 0.201171875 0.09375
vt 0.1875 0.109375
vt 0.1875 0.09375
vt 0.640625 0.375
vt 0.625 0.390625
vt 0.625 0.375
vt 0.890625 0.8125
vt 0.904296875 0.796875
vt 0.904296875 0.8125
vt 0.890625 0.78125
vt 0.904296875 0.796875
vt 0.904296875 0.78125
vt 0.862305 0.04394500000000001
vt 0.859375 0.0625
vt 0.859375 0.04394500000000001
vt 0.5 0.34082
vt 0.549805 0.359375
vt 0.5 0.359375
vt 0.87793 0.04394500000000001
vt 0.875 0.0625
vt 0.875 0.04394500000000001
vt 0.69043 0.481445
vt 0.640625 0.5
vt 0.640625 0.481445
vt 0.625 0.09375
vt 0.62793 0.04394500000000001
vt 0.62793 0.09375
vt 0.640625 0.04394500000000001
vt 0.643555 0.09375
vt 0.643555 0.04394500000000001
vt 0.926758125 0.293945
vt 0.921875 0.3125
vt 0.921875 0.293945
vt 0.768555 0.731445
vt 0.734375 0.75
vt 0.734375 0.731445
vt 0.926758125 0.262695
vt 0.921875 0.28125
vt 0.921875 0.262695
vt 0.734375 0.700195
vt 0.768555 0.71875
vt 0.734375 0.71875
vt 0.90625 0.859375
vt 0.911133125 0.825195
vt 0.911133125 0.859375
vt 0.15625 0.05957000000000001
vt 0.161133125 0.09375
vt 0.161133125 0.05957000000000001
vt 0.248046875 0.09375
vt 0.234375 0.109375
vt 0.234375 0.09375
vt 0.765625 0.8125
vt 0.78125 0.828125
vt 0.765625 0.828125
vt 0.263671875 0.09375
vt 0.25 0.109375
vt 0.25 0.09375
vt 0.796875 0.859375
vt 0.78125 0.875
vt 0.78125 0.859375
vt 0.890625 0.75
vt 0.904296875 0.734375
vt 0.904296875 0.75
vt 0.265625 0.09375
vt 0.279296875 0.109375
vt 0.279296875 0.09375
vt 0.257811875 0.07324187500000001
vt 0.25 0.09375
vt 0.25 0.07324187500000001
vt 0.65625 0.10449187500000001
vt 0.668945 0.125
vt 0.65625 0.125
vt 0.273438125 0.07324187500000001
vt 0.265625 0.09375
vt 0.265625 0.07324187500000001
vt 0.887695 0.323241875
vt 0.875 0.34375
vt 0.875 0.323241875
vt 0.1875 0.078125
vt 0.195311875 0.06542999999999999
vt 0.195311875 0.078125
vt 0.203125 0.06542999999999999
vt 0.210938125 0.078125
vt 0.210938125 0.06542999999999999
vt 0.9375 0.10644500000000001
vt 0.94043 0.125
vt 0.9375 0.125
vt 0.820311875 0.15332
vt 0.796875 0.171875
vt 0.796875 0.15332
vt 0.893555 0.04394500000000001
vt 0.890625 0.0625
vt 0.890625 0.04394500000000001
vt 0.828125 0.15332
vt 0.851561875 0.171875
vt 0.828125 0.171875
vt 0.9375 0.828125
vt 0.94043 0.804688125
vt 0.94043 0.828125
vt 0.19043 0.039061875000000024
vt 0.1875 0.0625
vt 0.19043 0.0625
vt 0.71875 0.671875
vt 0.703125 0.703125
vt 0.703125 0.671875
vt 0.3125 0.25
vt 0.328125 0.28125
vt 0.3125 0.28125
vt 0.5625 0.25
vt 0.546875 0.28125
vt 0.546875 0.25
vt 0.453125 0.171875
vt 0.4375 0.203125
vt 0.4375 0.171875
vt 0.78125 0.703125
vt 0.796875 0.6875
vt 0.796875 0.703125
vt 0.8125 0.546875
vt 0.828125 0.5625
vt 0.828125 0.546875
vt 0.078125 0.10351624999999998
vt 0.085938125 0.15625
vt 0.078125 0.15625
vt 0.36914125 0.52539125
vt 0.3125 0.578125
vt 0.3125 0.52539125
vt 0.101561875 0.10351624999999998
vt 0.09375 0.15625
vt 0.09375 0.10351624999999998
vt 0.43164125 0.52539125
vt 0.375 0.578125
vt 0.375 0.52539125
vt 0.46875 0.171875
vt 0.476561875 0.11523375000000002
vt 0.476561875 0.171875
vt 0.484375 0.11523375000000002
vt 0.492188125 0.171875
vt 0.492188125 0.11523375000000002
vt 0.140625 0.30664125
vt 0.15918 0.359375
vt 0.140625 0.359375
vt 0.15332 0.46289125
vt 0.109375 0.515625
vt 0.109375 0.46289125
vt 0.65918 0.79101625
vt 0.640625 0.84375
vt 0.640625 0.79101625
vt 0.52832 0.82226625
vt 0.484375 0.875
vt 0.484375 0.82226625
vt 0.6875 0.3125
vt 0.706055 0.268555
vt 0.706055 0.3125
vt 0.703125 0.956055
vt 0.72168 1
vt 0.72168 0.956055
vt 0.333008125 0.09960875000000002
vt 0.3125 0.109375
vt 0.3125 0.09960875000000002
vt 0.870116875 0.45898375
vt 0.828125 0.46875
vt 0.828125 0.45898375
vt 0.890625 0.67773375
vt 0.911133125 0.6875
vt 0.890625 0.6875
vt 0.885741875 0.81835875
vt 0.84375 0.828125
vt 0.84375 0.81835875
vt 0.671875 0.71875
vt 0.692383125 0.676758125
vt 0.692383125 0.71875
vt 0.296875 0.286133125
vt 0.317383125 0.328125
vt 0.317383125 0.286133125
vt 0.87793 0.981445
vt 0.859375 1
vt 0.859375 0.981445
vt 0.473633125 0.262695
vt 0.4375 0.28125
vt 0.4375 0.262695
vt 0.859375 0.950195
vt 0.87793 0.96875
vt 0.859375 0.96875
vt 0.754883125 0.52832
vt 0.71875 0.546875
vt 0.71875 0.52832
vt 0.484375 0.28125
vt 0.50293 0.245116875
vt 0.50293 0.28125
vt 0.71875 0.479491875
vt 0.737305 0.515625
vt 0.737305 0.479491875
vt 0.90918 0.25585875
vt 0.890625 0.265625
vt 0.890625 0.25585875
vt 0.892578125 0.44335875
vt 0.859375 0.453125
vt 0.859375 0.44335875
vt 0.90918 0.24023375000000002
vt 0.890625 0.25
vt 0.890625 0.24023375000000002
vt 0.892578125 0.42773375
vt 0.859375 0.4375
vt 0.859375 0.42773375
vt 0.75 0.59375
vt 0.768555 0.560546875
vt 0.768555 0.59375
vt 0.421875 0.216796875
vt 0.44043 0.25
vt 0.44043 0.216796875
vt 0.507811875 0.11523375000000002
vt 0.5 0.171875
vt 0.5 0.11523375000000002
vt 0.12207 0.53710875
vt 0.0625 0.59375
vt 0.0625 0.53710875
vt 0.515625 0.11523375000000002
vt 0.523438125 0.171875
vt 0.515625 0.171875
vt 0.18457 0.52148375
vt 0.125 0.578125
vt 0.125 0.52148375
vt 0.296875 0.1875
vt 0.304688125 0.12793
vt 0.304688125 0.1875
vt 0.8125 0.456055
vt 0.820311875 0.515625
vt 0.820311875 0.456055
vt 0.070311875 0.10351624999999998
vt 0.0625 0.15625
vt 0.0625 0.10351624999999998
vt 0.24414125 0.52539125
vt 0.1875 0.578125
vt 0.1875 0.52539125
vt 0.84375 0.88476625
vt 0.851561875 0.9375
vt 0.84375 0.9375
vt 0.30664125 0.52539125
vt 0.25 0.578125
vt 0.25 0.52539125
vt 0.421875 0.171875
vt 0.429688125 0.11523375000000002
vt 0.429688125 0.171875
vt 0.4375 0.11523375000000002
vt 0.445311875 0.171875
vt 0.445311875 0.11523375000000002
vt 0.65918 0.91601625
vt 0.640625 0.96875
vt 0.640625 0.91601625
vt 0.106445 0.47851625
vt 0.0625 0.53125
vt 0.0625 0.47851625
vt 0.640625 0.85351625
vt 0.65918 0.90625
vt 0.640625 0.90625
vt 0.52832 0.88476625
vt 0.484375 0.9375
vt 0.484375 0.88476625
vt 0.6875 0.40625
vt 0.706055 0.362305
vt 0.706055 0.40625
vt 0.6875 0.31543
vt 0.706055 0.359375
vt 0.706055 0.31543
vt 0.890625 0.72460875
vt 0.911133125 0.734375
vt 0.890625 0.734375
vt 0.870116875 0.83398375
vt 0.828125 0.84375
vt 0.828125 0.83398375
vt 0.911133125 0.69335875
vt 0.890625 0.703125
vt 0.890625 0.69335875
vt 0.870116875 0.59960875
vt 0.828125 0.609375
vt 0.828125 0.59960875
vt 0.234375 0.328125
vt 0.254883125 0.286133125
vt 0.254883125 0.328125
vt 0.265625 0.286133125
vt 0.286133125 0.328125
vt 0.286133125 0.286133125
vt 0.828125 0.50585875
vt 0.835938125 0.5625
vt 0.828125 0.5625
vt 0.05957 0.56835875
vt 0 0.625
vt 0 0.56835875
vt 0.460938125 0.11523375000000002
vt 0.453125 0.171875
vt 0.453125 0.11523375000000002
vt 0.46582 0.94335875
vt 0.40625 1
vt 0.40625 0.94335875
vt 0.609375 0.203125
vt 0.617188125 0.143555
vt 0.617188125 0.203125
vt 0.75 0.143555
vt 0.757811875 0.203125
vt 0.757811875 0.143555
vt 0.84375 0.231445
vt 0.862305 0.25
vt 0.84375 0.25
vt 0.754883125 0.637695
vt 0.71875 0.65625
vt 0.71875 0.637695
vt 0.862305 0.200195
vt 0.84375 0.21875
vt 0.84375 0.200195
vt 0.754883125 0.606445
vt 0.71875 0.625
vt 0.71875 0.606445
vt 0.390625 0.28125
vt 0.40918 0.245116875
vt 0.40918 0.28125
vt 0.71875 0.557616875
vt 0.737305 0.59375
vt 0.737305 0.557616875
vt 0.90918 0.28710875
vt 0.890625 0.296875
vt 0.890625 0.28710875
vt 0.892578125 0.84960875
vt 0.859375 0.859375
vt 0.859375 0.84960875
vt 0.90918 0.27148375
vt 0.890625 0.28125
vt 0.890625 0.27148375
vt 0.892578125 0.52148375
vt 0.859375 0.53125
vt 0.859375 0.52148375
vt 0.3125 0.25
vt 0.331055 0.216796875
vt 0.331055 0.25
vt 0.34375 0.216796875
vt 0.362305 0.25
vt 0.362305 0.216796875
vt 0.919921875 0.97168
vt 0.90625 0.984375
vt 0.90625 0.97168
vt 0.882811875 0.37793
vt 0.859375 0.390625
vt 0.859375 0.37793
vt 0.044921875 0.08105499999999999
vt 0.03125 0.09375
vt 0.03125 0.08105499999999999
vt 0.835938125 0.12793
vt 0.8125 0.140625
vt 0.8125 0.12793
vt 0.859375 0.421875
vt 0.873046875 0.398438125
vt 0.873046875 0.421875
vt 0.609375 0.11718812499999998
vt 0.623046875 0.140625
vt 0.623046875 0.11718812499999998
vt 0.956055 0.84082
vt 0.953125 0.84375
vt 0.953125 0.84082
vt 0.96289125 0.99707
vt 0.9375 1
vt 0.9375 0.99707
vt 0.956055 0.825195
vt 0.953125 0.828125
vt 0.953125 0.825195
vt 0.96289125 0.96582
vt 0.9375 0.96875
vt 0.9375 0.96582
vt 0.9375 0.953125
vt 0.94043 0.92773375
vt 0.94043 0.953125
vt 0.9375 0.89648375
vt 0.94043 0.921875
vt 0.94043 0.89648375
vt 0.77539125 0.056641249999999976
vt 0.765625 0.0625
vt 0.765625 0.056641249999999976
vt 0.106445 0.056641249999999976
vt 0.09375 0.0625
vt 0.09375 0.056641249999999976
vt 0.94726625 0.22851624999999998
vt 0.9375 0.234375
vt 0.9375 0.22851624999999998
vt 0.12207 0.056641249999999976
vt 0.109375 0.0625
vt 0.109375 0.056641249999999976
vt 0.828125 0.09375
vt 0.83789125 0.08105499999999999
vt 0.83789125 0.09375
vt 0.90625 0.12793
vt 0.91601625 0.140625
vt 0.91601625 0.12793
vt 0.85351625 0.685546875
vt 0.828125 0.703125
vt 0.828125 0.685546875
vt 0.604491875 0.169921875
vt 0.578125 0.1875
vt 0.578125 0.169921875
vt 0.33789125 0.154296875
vt 0.3125 0.171875
vt 0.3125 0.154296875
vt 0.838866875 0.404296875
vt 0.8125 0.421875
vt 0.8125 0.404296875
vt 0.71875 0.40625
vt 0.74414125 0.379883125
vt 0.74414125 0.40625
vt 0.71875 0.348633125
vt 0.74414125 0.375
vt 0.74414125 0.348633125
vt 0.956055 0.80957
vt 0.953125 0.8125
vt 0.953125 0.80957
vt 0.90625 0.512695
vt 0.956055 0.515625
vt 0.90625 0.515625
vt 0.206055 0.04394500000000001
vt 0.203125 0.046875
vt 0.203125 0.04394500000000001
vt 0.956055 0.46582
vt 0.90625 0.46875
vt 0.90625 0.46582
vt 0.53125 0.09375
vt 0.53418 0.04394500000000001
vt 0.53418 0.09375
vt 0.5625 0.04394500000000001
vt 0.56543 0.09375
vt 0.56543 0.04394500000000001
vt 0.85351625 0.654296875
vt 0.828125 0.671875
vt 0.828125 0.654296875
vt 0.664061875 0.076171875
vt 0.65625 0.09375
vt 0.65625 0.076171875
vt 0.36914125 0.154296875
vt 0.34375 0.171875
vt 0.34375 0.154296875
vt 0.671875 0.076171875
vt 0.679688125 0.09375
vt 0.671875 0.09375
vt 0.890625 0.671875
vt 0.91601625 0.664061875
vt 0.91601625 0.671875
vt 0.34375 0.10156187500000002
vt 0.36914125 0.109375
vt 0.36914125 0.10156187500000002
vt 0.15625 0.578125
vt 0.125 0.59375
vt 0.125 0.578125
vt 0.0625 0.34375
vt 0.046875 0.359375
vt 0.046875 0.34375
vt 0.671875 0.546875
vt 0.640625 0.5625
vt 0.640625 0.546875
vt 0.671875 0.265625
vt 0.6875 0.28125
vt 0.671875 0.28125
vt 0.78125 0.9375
vt 0.8125 0.921875
vt 0.8125 0.9375
vt 0.78125 0.546875
vt 0.8125 0.5625
vt 0.8125 0.546875
vt 0.956055 0.793945
vt 0.953125 0.796875
vt 0.953125 0.793945
vt 0.90625 0.450195
vt 0.956055 0.453125
vt 0.90625 0.453125
vt 0.956055 0.77832
vt 0.953125 0.78125
vt 0.953125 0.77832
vt 0.956055 0.43457
vt 0.90625 0.4375
vt 0.90625 0.43457
vt 0.578125 0.09375
vt 0.581055 0.04394500000000001
vt 0.581055 0.09375
vt 0.59375 0.04394500000000001
vt 0.59668 0.09375
vt 0.59668 0.04394500000000001
vt 0.9375 0.05957000000000001
vt 0.921875 0.0625
vt 0.921875 0.05957000000000001
vt 0.234375 0.04394500000000001
vt 0.237305 0.046875
vt 0.234375 0.046875
vt 0.953125 0.07519500000000001
vt 0.9375 0.078125
vt 0.9375 0.07519500000000001
vt 0.956055 0.762695
vt 0.953125 0.765625
vt 0.953125 0.762695
vt 0.9375 0.0625
vt 0.953125 0.05957000000000001
vt 0.953125 0.0625
vt 0 0.04394500000000001
vt 0.015625 0.046875
vt 0.015625 0.04394500000000001
vt 0.924805 0.578125
vt 0.921875 0.609375
vt 0.921875 0.578125
vt 0.029296875 0.125
vt 0.015625 0.15625
vt 0.015625 0.125
vt 0.924805 0.46875
vt 0.921875 0.5
vt 0.921875 0.46875
vt 0.03125 0.125
vt 0.044921875 0.15625
vt 0.03125 0.15625
vt 0.953125 0.9375
vt 0.956055 0.923828125
vt 0.956055 0.9375
vt 0.078125 0.033203125
vt 0.081055 0.046875
vt 0.081055 0.033203125
vt 0.924805 0.390625
vt 0.921875 0.421875
vt 0.921875 0.390625
vt 0.857421875 0.9375
vt 0.84375 0.96875
vt 0.84375 0.9375
vt 0.612305 0.046875
vt 0.609375 0.078125
vt 0.609375 0.046875
vt 0.046875 0.125
vt 0.060546875 0.15625
vt 0.046875 0.15625
vt 0.953125 0.921875
vt 0.956055 0.908203125
vt 0.956055 0.921875
vt 0.09375 0.033203125
vt 0.09668 0.046875
vt 0.09668 0.033203125
vt 0.66601625 0.432616875
vt 0.640625 0.46875
vt 0.640625 0.432616875
vt 0.046875 0.08886687500000001
vt 0.054688125 0.125
vt 0.046875 0.125
vt 0.58789125 0.323241875
vt 0.5625 0.359375
vt 0.5625 0.323241875
vt 0.210938125 0.08886687500000001
vt 0.203125 0.125
vt 0.203125 0.08886687500000001
vt 0.890625 0.65625
vt 0.91601625 0.648438125
vt 0.91601625 0.65625
vt 0.890625 0.632811875
vt 0.91601625 0.640625
vt 0.91601625 0.632811875
vt 0.956055 0.893555
vt 0.953125 0.90625
vt 0.953125 0.893555
vt 0.90625 0.78418
vt 0.918945 0.796875
vt 0.90625 0.796875
vt 0.112305 0.03417999999999999
vt 0.109375 0.046875
vt 0.109375 0.03417999999999999
vt 0.918945 0.768555
vt 0.90625 0.78125
vt 0.90625 0.768555
vt 0.953125 0.890625
vt 0.956055 0.87793
vt 0.956055 0.890625
vt 0.125 0.03417999999999999
vt 0.12793 0.046875
vt 0.12793 0.03417999999999999
vt 0.200195 0.08789124999999998
vt 0.171875 0.09375
vt 0.171875 0.08789124999999998
vt 0.023438125 0.041016249999999976
vt 0.015625 0.046875
vt 0.015625 0.041016249999999976
vt 0.93457 0.80664125
vt 0.90625 0.8125
vt 0.90625 0.80664125
vt 0.953125 0.97851625
vt 0.960938125 0.984375
vt 0.953125 0.984375
vt 0.109375 0.109375
vt 0.137695 0.10156187500000002
vt 0.137695 0.109375
vt 0.890625 0.882811875
vt 0.918945 0.890625
vt 0.918945 0.882811875
vt 0.4375 0.25
vt 0.421875 0.265625
vt 0.421875 0.25
vt 0.90625 0.703125
vt 0.91601625 0.71875
vt 0.90625 0.71875
vt 0.59375 0.25
vt 0.578125 0.265625
vt 0.578125 0.25
vt 0.359375 0.078125
vt 0.36914125 0.09375
vt 0.359375 0.09375
vt 0.921875 0.625
vt 0.90625 0.61523375
vt 0.921875 0.61523375
vt 0.90625 0.59960875
vt 0.921875 0.609375
vt 0.921875 0.59960875
vt 0.828125 0.828125
vt 0.796875 0.84375
vt 0.796875 0.828125
vt 0.4375 0.75
vt 0.390625 0.765625
vt 0.390625 0.75
vt 0.828125 0.59375
vt 0.796875 0.609375
vt 0.796875 0.59375
vt 0.609375 0.953125
vt 0.5625 0.96875
vt 0.5625 0.953125
vt 0.53125 0.859375
vt 0.5625 0.8125
vt 0.5625 0.859375
vt 0.40625 0.421875
vt 0.4375 0.46875
vt 0.4375 0.421875
vt 0.92773375 0.15039124999999998
vt 0.90625 0.15625
vt 0.90625 0.15039124999999998
vt 0.92773375 0.86914125
vt 0.890625 0.875
vt 0.890625 0.86914125
vt 0.88085875 0.08789124999999998
vt 0.859375 0.09375
vt 0.859375 0.08789124999999998
vt 0.140625 0.10351624999999998
vt 0.17773375 0.109375
vt 0.140625 0.109375
vt 0.109375 0.296875
vt 0.13085875 0.25976625
vt 0.13085875 0.296875
vt 0.703125 0.85351625
vt 0.72460875 0.890625
vt 0.72460875 0.85351625
vt 0.783203125 0.033203125
vt 0.78125 0.0625
vt 0.78125 0.033203125
vt 0.623046875 0.517578125
vt 0.578125 0.546875
vt 0.578125 0.517578125
vt 0.939453125 0.189453125
vt 0.9375 0.21875
vt 0.9375 0.189453125
vt 0.638671875 0.830078125
vt 0.59375 0.859375
vt 0.59375 0.830078125
vt 0.796875 0.078125
vt 0.798828125 0.033203125
vt 0.798828125 0.078125
vt 0.828125 0.033203125
vt 0.830078125 0.078125
vt 0.830078125 0.033203125
vt 0.736328125 0.033203125
vt 0.736328125 0.0625
vt 0.734375 0.0625
vt 0.201171875 0.626953125
vt 0.201171875 0.65625
vt 0.15625 0.65625
vt 0.939453125 0.236328125
vt 0.939453125 0.265625
vt 0.9375 0.265625
vt 0.607421875 0.970703125
vt 0.607421875 1
vt 0.5625 1
vt 0.75 0.078125
vt 0.75 0.033203125
vt 0.751953125 0.033203125
vt 0.921875 0.205078125
vt 0.921875 0.25
vt 0.923828125 0.25
vt 0.682616875 0.10253875000000001
vt 0.682616875 0.125
vt 0.671875 0.125
vt 0.47460875 0.18066375
vt 0.47460875 0.203125
vt 0.453125 0.203125
vt 0.698241875 0.10253875000000001
vt 0.698241875 0.125
vt 0.6875 0.125
vt 0.796875 0.52441375
vt 0.81835875 0.52441375
vt 0.81835875 0.546875
vt 0.885741875 0.171875
vt 0.875 0.171875
vt 0.875 0.15039124999999998
vt 0.885741875 0.11914124999999998
vt 0.875 0.11914124999999998
vt 0.875 0.140625
vt 0.799805 0.706055
vt 0.799805 0.734375
vt 0.78125 0.734375
vt 0.52832 0.706055
vt 0.52832 0.734375
vt 0.4375 0.734375
vt 0.799805 0.56543
vt 0.799805 0.59375
vt 0.78125 0.59375
vt 0.52832 0.674805
vt 0.52832 0.703125
vt 0.4375 0.703125
vt 0.1875 0.46875
vt 0.1875 0.37793
vt 0.206055 0.37793
vt 0.21875 0.37793
vt 0.21875 0.46875
vt 0.237305 0.46875
vt 0.234375 0.14648375000000002
vt 0.251953125 0.14648375000000002
vt 0.251953125 0.171875
vt 0.705078125 0.58398375
vt 0.705078125 0.609375
vt 0.671875 0.609375
vt 0.283203125 0.14648375000000002
vt 0.283203125 0.171875
vt 0.265625 0.171875
vt 0.671875 0.55273375
vt 0.705078125 0.55273375
vt 0.705078125 0.578125
vt 0.515625 0.25
vt 0.515625 0.216796875
vt 0.533203125 0.216796875
vt 0.767578125 0.435546875
vt 0.75 0.435546875
vt 0.75 0.46875
vt 0.0625 0.59375
vt 0.078125 0.59375
vt 0.078125 0.625
vt 0.59668 0.890625
vt 0.59668 0.921875
vt 0.53125 0.921875
vt 0.546875 0.484375
vt 0.5625 0.484375
vt 0.5625 0.515625
vt 0.53125 0.859375
vt 0.59668 0.859375
vt 0.59668 0.890625
vt 0.109375 0.375
vt 0.109375 0.30957
vt 0.125 0.30957
vt 0.125 0.30957
vt 0.125 0.375
vt 0.140625 0.375
vt 0.59375 0.10156187500000002
vt 0.60546875 0.10156187500000002
vt 0.60546875 0.125
vt 0.045898125 0.335938125
vt 0.045898125 0.359375
vt 0 0.359375
vt 0.63671875 0.10156187500000002
vt 0.63671875 0.125
vt 0.625 0.125
vt 0.640625 0.976561875
vt 0.686523125 0.976561875
vt 0.686523125 1
vt 0.765625 0.28125
vt 0.765625 0.235351875
vt 0.77734375 0.235351875
vt 0.77734375 0.188476875
vt 0.765625 0.188476875
vt 0.765625 0.234375
vt 0.754883125 0.65918
vt 0.754883125 0.6875
vt 0.734375 0.6875
vt 0.481445 0.768555
vt 0.481445 0.796875
vt 0.390625 0.796875
vt 0.567383125 0.22168
vt 0.567383125 0.25
vt 0.546875 0.25
vt 0.52832 0.737305
vt 0.52832 0.765625
vt 0.4375 0.765625
vt 0.078125 0.46875
vt 0.078125 0.37793
vt 0.098633125 0.37793
vt 0.15625 0.37793
vt 0.15625 0.46875
vt 0.176758125 0.46875
vt 0 0.125
vt 0.013671875 0.125
vt 0.013671875 0.15625
vt 0.06543 0.4375
vt 0.06543 0.46875
vt 0 0.46875
vt 0.84375 0.96875
vt 0.857421875 0.96875
vt 0.857421875 1
vt 0.59668 0.921875
vt 0.59668 0.953125
vt 0.53125 0.953125
vt 0.421875 0.34375
vt 0.421875 0.27832
vt 0.435546875 0.27832
vt 0.625 0.27832
vt 0.625 0.34375
vt 0.638671875 0.34375
vt 0.830078125 0.30273375
vt 0.830078125 0.328125
vt 0.8125 0.328125
vt 0.705078125 0.64648375
vt 0.705078125 0.671875
vt 0.671875 0.671875
vt 0.6875 0.16210875000000002
vt 0.705078125 0.16210875000000002
vt 0.705078125 0.1875
vt 0.671875 0.61523375
vt 0.705078125 0.61523375
vt 0.705078125 0.640625
vt 0.470703125 0.25
vt 0.453125 0.25
vt 0.453125 0.216796875
vt 0.75 0.482421875
vt 0.75 0.515625
vt 0.767578125 0.515625
vt 0.30859375 0.10156187500000002
vt 0.30859375 0.125
vt 0.296875 0.125
vt 0.670898125 0.398438125
vt 0.670898125 0.421875
vt 0.625 0.421875
vt 0.875 0.398438125
vt 0.88671875 0.398438125
vt 0.88671875 0.421875
vt 0.639648125 0.351561875
vt 0.639648125 0.375
vt 0.59375 0.375
vt 0.296875 0.234375
vt 0.296875 0.188476875
vt 0.30859375 0.188476875
vt 0.765625 0.282226875
vt 0.765625 0.328125
vt 0.77734375 0.328125
vt 0.03125 0.04003875000000001
vt 0.03710875 0.04003875000000001
vt 0.03710875 0.046875
vt 0.92773375 0.55566375
vt 0.92773375 0.5625
vt 0.90625 0.5625
vt 0.046875 0.04003875000000001
vt 0.05273375 0.04003875000000001
vt 0.05273375 0.046875
vt 0.90625 0.54003875
vt 0.92773375 0.54003875
vt 0.92773375 0.546875
vt 0.765625 0.09375
vt 0.765625 0.07226624999999998
vt 0.77148375 0.07226624999999998
vt 0.91210875 0.21289124999999998
vt 0.90625 0.21289124999999998
vt 0.90625 0.234375
vt 0.703125 0.052733750000000024
vt 0.70898375 0.052733750000000024
vt 0.70898375 0.0625
vt 0.90918 0.34960875
vt 0.90918 0.359375
vt 0.890625 0.359375
vt 0.94335875 0.28710875
vt 0.94335875 0.296875
vt 0.9375 0.296875
vt 0.90918 0.33398375
vt 0.90918 0.34375
vt 0.890625 0.34375
vt 0.046875 0.078125
vt 0.046875 0.05957000000000001
vt 0.05273375 0.05957000000000001
vt 0.0625 0.05957000000000001
vt 0.0625 0.078125
vt 0.06835875 0.078125
vt 0.921875 0.188476875
vt 0.92773375 0.188476875
vt 0.92773375 0.203125
vt 0.15625 0.360351875
vt 0.231445 0.360351875
vt 0.231445 0.375
vt 0.84960875 0.06347687499999999
vt 0.84960875 0.078125
vt 0.84375 0.078125
vt 0.234375 0.360351875
vt 0.30957 0.360351875
vt 0.30957 0.375
vt 0.53710875 0.171875
vt 0.53125 0.171875
vt 0.53125 0.09667999999999999
vt 0.71875 0.09667999999999999
vt 0.71875 0.171875
vt 0.72460875 0.171875
vt 0.86523375 0.06347687499999999
vt 0.86523375 0.078125
vt 0.859375 0.078125
vt 0.387695 0.360351875
vt 0.387695 0.375
vt 0.3125 0.375
vt 0.921875 0.125976875
vt 0.92773375 0.125976875
vt 0.92773375 0.140625
vt 0.700195 0.532226875
vt 0.700195 0.546875
vt 0.625 0.546875
vt 0.734375 0.171875
vt 0.734375 0.09667999999999999
vt 0.74023375 0.09667999999999999
vt 0.78125 0.09667999999999999
vt 0.78125 0.171875
vt 0.78710875 0.171875
vt 0.72460875 0.052733750000000024
vt 0.72460875 0.0625
vt 0.71875 0.0625
vt 0.90918 0.31835875
vt 0.90918 0.328125
vt 0.890625 0.328125
vt 0.9375 0.27148375
vt 0.94335875 0.27148375
vt 0.94335875 0.28125
vt 0.890625 0.30273375
vt 0.90918 0.30273375
vt 0.90918 0.3125
vt 0.92773375 0.9375
vt 0.921875 0.9375
vt 0.921875 0.918945
vt 0.078125 0.05957000000000001
vt 0.078125 0.078125
vt 0.08398375 0.078125
vt 0.95898375 0.94628875
vt 0.95898375 0.953125
vt 0.953125 0.953125
vt 0.49023375 0.08691375000000001
vt 0.49023375 0.09375
vt 0.46875 0.09375
vt 0.06835875 0.04003875000000001
vt 0.06835875 0.046875
vt 0.0625 0.046875
vt 0.90625 0.52441375
vt 0.92773375 0.52441375
vt 0.92773375 0.53125
vt 0.78710875 0.09375
vt 0.78125 0.09375
vt 0.78125 0.07226624999999998
vt 0.8125 0.07226624999999998
vt 0.8125 0.09375
vt 0.81835875 0.09375
vt 0.765625 0.10351624999999998
vt 0.776366875 0.10351624999999998
vt 0.776366875 0.125
vt 0.83398375 0.36914125
vt 0.83398375 0.390625
vt 0.8125 0.390625
vt 0.885741875 0.19726624999999998
vt 0.885741875 0.21875
vt 0.875 0.21875
vt 0.64648375 0.16601624999999998
vt 0.64648375 0.1875
vt 0.625 0.1875
vt 0.8125 0.125
vt 0.8125 0.10351624999999998
vt 0.823241875 0.10351624999999998
vt 0.828125 0.10351624999999998
vt 0.828125 0.125
vt 0.838866875 0.125
vt 0.6875 0.41601625
vt 0.703125 0.41601625
vt 0.703125 0.46875
vt 0.4375 0.49414125
vt 0.484375 0.49414125
vt 0.484375 0.546875
vt 0.578125 0.25976625
vt 0.578125 0.3125
vt 0.5625 0.3125
vt 0.46875 0.94726625
vt 0.515625 0.94726625
vt 0.515625 1
vt 0.046875 0.28125
vt 0.046875 0.234375
vt 0.0625 0.234375
vt 0.0625 0.234375
vt 0.0625 0.28125
vt 0.078125 0.28125
vt 0.885741875 0.29003875
vt 0.885741875 0.3125
vt 0.875 0.3125
vt 0.50585875 0.18066375
vt 0.50585875 0.203125
vt 0.484375 0.203125
vt 0.703125 0.10253875000000001
vt 0.713866875 0.10253875000000001
vt 0.713866875 0.125
vt 0.515625 0.18066375
vt 0.53710875 0.18066375
vt 0.53710875 0.203125
vt 0.901366875 1
vt 0.890625 1
vt 0.890625 0.97851625
vt 0.890625 0.94726625
vt 0.890625 0.96875
vt 0.901366875 0.96875
vt 0.171875 0.328125
vt 0.203125 0.328125
vt 0.203125 0.359375
vt 0.856445 0.78125
vt 0.856445 0.8125
vt 0.84375 0.8125
vt 0.234375 0.328125
vt 0.234375 0.359375
vt 0.203125 0.359375
vt 0.203125 0.125
vt 0.21582 0.125
vt 0.21582 0.15625
vt 0.84375 0.78125
vt 0.84375 0.768555
vt 0.875 0.768555
vt 0.875 0.75293
vt 0.84375 0.75293
vt 0.84375 0.765625
vt 0.888671875 0.07226624999999998
vt 0.888671875 0.078125
vt 0.875 0.078125
vt 0.92773375 0.18164124999999998
vt 0.92773375 0.1875
vt 0.90625 0.1875
vt 0.904296875 0.07226624999999998
vt 0.904296875 0.078125
vt 0.890625 0.078125
vt 0.92773375 0.16601624999999998
vt 0.92773375 0.171875
vt 0.90625 0.171875
vt 0.015625 0.125
vt 0.015625 0.10351624999999998
vt 0.029296875 0.10351624999999998
vt 0.03125 0.10351624999999998
vt 0.03125 0.125
vt 0.044921875 0.125
vt 0.78125 0.49316375
vt 0.80371125 0.49316375
vt 0.80371125 0.515625
vt 0.898438125 0.14941375
vt 0.898438125 0.171875
vt 0.890625 0.171875
vt 0.80371125 0.46191375
vt 0.80371125 0.484375
vt 0.78125 0.484375
vt 0.851561875 0.08691375000000001
vt 0.851561875 0.109375
vt 0.84375 0.109375
vt 0.91308625 0.203125
vt 0.890625 0.203125
vt 0.890625 0.19531187500000002
vt 0.859375 0.10156187500000002
vt 0.859375 0.109375
vt 0.88183625 0.109375
vt 0.731445 0.924805
vt 0.731445 0.953125
vt 0.703125 0.953125
vt 0.857421875 0.72168
vt 0.857421875 0.75
vt 0.84375 0.75
vt 0.731445 0.893555
vt 0.731445 0.921875
vt 0.703125 0.921875
vt 0.576171875 0.12793
vt 0.576171875 0.15625
vt 0.5625 0.15625
vt 0.87207 0.71875
vt 0.84375 0.71875
vt 0.84375 0.705078125
vt 0.84375 0.501953125
vt 0.84375 0.515625
vt 0.87207 0.515625
vt 0.546875 0.19628875
vt 0.56933625 0.19628875
vt 0.56933625 0.21875
vt 0.898438125 0.11816375000000001
vt 0.898438125 0.140625
vt 0.890625 0.140625
vt 0.80371125 0.43066375
vt 0.80371125 0.453125
vt 0.78125 0.453125
vt 0.898438125 0.08691375000000001
vt 0.898438125 0.109375
vt 0.890625 0.109375
vt 0 0.09375
vt 0 0.08593812499999998
vt 0.02246125 0.08593812499999998
vt 0.90625 0.992188125
vt 0.90625 1
vt 0.92871125 1
vt 0.390625 0.076171875
vt 0.39648375 0.076171875
vt 0.39648375 0.109375
vt 0.674805 0.232421875
vt 0.674805 0.265625
vt 0.65625 0.265625
vt 0.40625 0.076171875
vt 0.41210875 0.076171875
vt 0.41210875 0.109375
vt 0.706055 0.232421875
vt 0.706055 0.265625
vt 0.6875 0.265625
vt 0.90625 0.09375
vt 0.90625 0.07519500000000001
vt 0.91210875 0.07519500000000001
vt 0.00585875 0.05957000000000001
vt 0 0.05957000000000001
vt 0 0.078125
vt 0.61523375 0.07910187499999999
vt 0.61523375 0.109375
vt 0.609375 0.109375
vt 0.75585875 0.875976875
vt 0.75585875 0.90625
vt 0.734375 0.90625
vt 0.75 0.07910187499999999
vt 0.75585875 0.07910187499999999
vt 0.75585875 0.109375
vt 0.75585875 0.844726875
vt 0.75585875 0.875
vt 0.734375 0.875
vt 0.69335875 0.09375
vt 0.6875 0.09375
vt 0.6875 0.07226624999999998
vt 0.703125 0.07226624999999998
vt 0.703125 0.09375
vt 0.70898375 0.09375
vt 0.44335875 0.076171875
vt 0.44335875 0.109375
vt 0.4375 0.109375
vt 0.12793 0.216796875
vt 0.12793 0.25
vt 0.109375 0.25
vt 0.45898375 0.076171875
vt 0.45898375 0.109375
vt 0.453125 0.109375
vt 0.140625 0.216796875
vt 0.15918 0.216796875
vt 0.15918 0.25
vt 0.02148375 0.078125
vt 0.015625 0.078125
vt 0.015625 0.05957000000000001
vt 0.03125 0.05957000000000001
vt 0.03125 0.078125
vt 0.03710875 0.078125
vt 0.890625 0.204101875
vt 0.89648375 0.204101875
vt 0.89648375 0.234375
vt 0.75585875 0.813476875
vt 0.75585875 0.84375
vt 0.734375 0.84375
vt 0.80273375 0.07910187499999999
vt 0.80273375 0.109375
vt 0.796875 0.109375
vt 0.19335875 0.235351875
vt 0.19335875 0.265625
vt 0.171875 0.265625
vt 0.72460875 0.09375
vt 0.71875 0.09375
vt 0.71875 0.07226624999999998
vt 0.74023375 0.07226624999999998
vt 0.734375 0.07226624999999998
vt 0.734375 0.09375
vt 0.046875 0.27539125
vt 0.046875 0.328125
vt 0.03125 0.328125
vt 0.237305 0.82226625
vt 0.237305 0.875
vt 0.15625 0.875
vt 0.671875 0.41601625
vt 0.6875 0.41601625
vt 0.6875 0.46875
vt 0.081055 0.75976625
vt 0.081055 0.8125
vt 0 0.8125
vt 0.59375 0.828125
vt 0.59375 0.74707
vt 0.609375 0.74707
vt 0.59375 0.43457
vt 0.59375 0.515625
vt 0.609375 0.515625
vt 0.28125 0.236328125
vt 0.28125 0.28125
vt 0.265625 0.28125
vt 0.390625 0.470703125
vt 0.4375 0.470703125
vt 0.4375 0.515625
vt 0.28125 0.236328125
vt 0.296875 0.236328125
vt 0.296875 0.28125
vt 0.515625 0.955078125
vt 0.5625 0.955078125
vt 0.5625 1
vt 0.578125 0.3125
vt 0.578125 0.265625
vt 0.59375 0.265625
vt 0.71875 0.5
vt 0.703125 0.5
vt 0.703125 0.546875
vt 0.6875 0.35351625
vt 0.6875 0.40625
vt 0.671875 0.40625
vt 0.484375 0.61914125
vt 0.484375 0.671875
vt 0.4375 0.671875
vt 0.640625 0.27539125
vt 0.65625 0.27539125
vt 0.65625 0.328125
vt 0.484375 0.55664125
vt 0.484375 0.609375
vt 0.4375 0.609375
vt 0.71875 0.5
vt 0.703125 0.5
vt 0.703125 0.453125
vt 0.703125 0.40625
vt 0.703125 0.453125
vt 0.71875 0.453125
vt 0.296875 0.236328125
vt 0.3125 0.236328125
vt 0.3125 0.28125
vt 0.484375 0.439453125
vt 0.484375 0.484375
vt 0.4375 0.484375
vt 0.734375 0.658203125
vt 0.734375 0.703125
vt 0.71875 0.703125
vt 0.53125 0.439453125
vt 0.53125 0.484375
vt 0.484375 0.484375
vt 0.25 0.28125
vt 0.234375 0.28125
vt 0.234375 0.234375
vt 0.25 0.234375
vt 0.25 0.28125
vt 0.265625 0.28125
vt 0.69043 0.795898125
vt 0.69043 0.84375
vt 0.671875 0.84375
vt 0.279296875 0.702148125
vt 0.279296875 0.75
vt 0.203125 0.75
vt 0.171875 0.280273125
vt 0.19043 0.280273125
vt 0.19043 0.328125
vt 0.357421875 0.702148125
vt 0.357421875 0.75
vt 0.28125 0.75
vt 0.53125 0.484375
vt 0.53125 0.408203125
vt 0.549805 0.408203125
vt 0.109375 0.376953125
vt 0.109375 0.453125
vt 0.12793 0.453125
vt 0.203125 0.280273125
vt 0.22168 0.280273125
vt 0.22168 0.328125
vt 0 0.639648125
vt 0.076171875 0.639648125
vt 0.076171875 0.6875
vt 0.69043 0.733398125
vt 0.69043 0.78125
vt 0.671875 0.78125
vt 0.3125 0.889648125
vt 0.388671875 0.889648125
vt 0.388671875 0.9375
vt 0.56543 0.671875
vt 0.546875 0.671875
vt 0.546875 0.595703125
vt 0.546875 0.517578125
vt 0.546875 0.59375
vt 0.56543 0.59375
vt 0.765625 0.13085875000000002
vt 0.773438125 0.13085875000000002
vt 0.773438125 0.1875
vt 0.07226625 0.69335875
vt 0.07226625 0.75
vt 0 0.75
vt 0.382811875 0.11523375000000002
vt 0.382811875 0.171875
vt 0.375 0.171875
vt 0.32226625 0.94335875
vt 0.32226625 1
vt 0.25 1
vt 0.734375 0.25
vt 0.734375 0.17773375000000002
vt 0.742188125 0.17773375000000002
vt 0 0.16210875000000002
vt 0 0.234375
vt 0.007811875 0.234375
vt 0.398438125 0.11523375000000002
vt 0.398438125 0.171875
vt 0.390625 0.171875
vt 0.166991875 0.75585875
vt 0.166991875 0.8125
vt 0.09375 0.8125
vt 0.40625 0.11523375000000002
vt 0.414061875 0.11523375000000002
vt 0.414061875 0.171875
vt 0.245116875 0.75585875
vt 0.245116875 0.8125
vt 0.171875 0.8125
vt 0.726561875 0.25
vt 0.71875 0.25
vt 0.71875 0.176758125
vt 0.757811875 0.208008125
vt 0.75 0.208008125
vt 0.75 0.28125
vt 0.046875 0.16210875000000002
vt 0.06543 0.16210875000000002
vt 0.06543 0.1875
vt 0.830078125 0.27148375
vt 0.830078125 0.296875
vt 0.8125 0.296875
vt 0.831055 0.91210875
vt 0.831055 0.9375
vt 0.8125 0.9375
vt 0.8125 0.24023375000000002
vt 0.830078125 0.24023375000000002
vt 0.830078125 0.265625
vt 0.87793 0.703125
vt 0.859375 0.703125
vt 0.859375 0.685546875
vt 0.3125 0.123046875
vt 0.3125 0.140625
vt 0.331055 0.140625
vt 0.09668 0.16210875000000002
vt 0.09668 0.1875
vt 0.078125 0.1875
vt 0.830078125 0.20898375000000002
vt 0.830078125 0.234375
vt 0.8125 0.234375
vt 0.8125 0.88085875
vt 0.831055 0.88085875
vt 0.831055 0.90625
vt 0.8125 0.17773375000000002
vt 0.830078125 0.17773375000000002
vt 0.830078125 0.203125
vt 0.859375 0.671875
vt 0.859375 0.654296875
vt 0.87793 0.654296875
vt 0.362305 0.123046875
vt 0.34375 0.123046875
vt 0.34375 0.140625
vt 0.578125 0.21875
vt 0.59668 0.21875
vt 0.59668 0.25
vt 0.783203125 0.828125
vt 0.783203125 0.859375
vt 0.765625 0.859375
vt 0.768555 0.390625
vt 0.768555 0.421875
vt 0.75 0.421875
vt 0.171875 0.203125
vt 0.189453125 0.203125
vt 0.189453125 0.234375
vt 0.12793 0.140625
vt 0.109375 0.140625
vt 0.109375 0.123046875
vt 0.87793 0.873046875
vt 0.859375 0.873046875
vt 0.859375 0.890625
vt 0.78125 0.17773375000000002
vt 0.799805 0.17773375000000002
vt 0.799805 0.203125
vt 0.541991875 0.25585875
vt 0.541991875 0.28125
vt 0.515625 0.28125
vt 0.8125 0.97460875
vt 0.831055 0.97460875
vt 0.831055 1
vt 0.745116875 0.44335875
vt 0.745116875 0.46875
vt 0.71875 0.46875
vt 0.59668 0.21875
vt 0.578125 0.21875
vt 0.578125 0.192383125
vt 0.78125 0.395508125
vt 0.78125 0.421875
vt 0.799805 0.421875
vt 0.15918 0.123046875
vt 0.15918 0.140625
vt 0.140625 0.140625
vt 0.838866875 0.716796875
vt 0.838866875 0.734375
vt 0.8125 0.734375
vt 0.171875 0.123046875
vt 0.19043 0.123046875
vt 0.19043 0.140625
vt 0.838866875 0.576171875
vt 0.838866875 0.59375
vt 0.8125 0.59375
vt 0.78125 0.390625
vt 0.78125 0.364258125
vt 0.799805 0.364258125
vt 0.625 0.192383125
vt 0.625 0.21875
vt 0.643555 0.21875
vt 0.75 0.359375
vt 0.768555 0.359375
vt 0.768555 0.390625
vt 0.251953125 0.203125
vt 0.251953125 0.234375
vt 0.234375 0.234375
vt 0.75 0.328125
vt 0.768555 0.328125
vt 0.768555 0.359375
vt 0.265625 0.203125
vt 0.283203125 0.203125
vt 0.283203125 0.234375
vt 0.859375 0.8125
vt 0.859375 0.794921875
vt 0.87793 0.794921875
vt 0.234375 0.123046875
vt 0.234375 0.140625
vt 0.25293 0.140625
vt 0.03418 0.16210875000000002
vt 0.03418 0.1875
vt 0.015625 0.1875
vt 0.71875 0.41210875
vt 0.745116875 0.41210875
vt 0.745116875 0.4375
vt 0.831055 0.94335875
vt 0.831055 0.96875
vt 0.8125 0.96875
vt 0.59375 0.25585875
vt 0.620116875 0.25585875
vt 0.620116875 0.28125
vt 0.78125 0.359375
vt 0.78125 0.333008125
vt 0.799805 0.333008125
vt 0.65625 0.192383125
vt 0.65625 0.21875
vt 0.674805 0.21875
vt 0.87793 0.732421875
vt 0.87793 0.75
vt 0.859375 0.75
vt 0.546875 0.169921875
vt 0.573241875 0.169921875
vt 0.573241875 0.1875
vt 0.28418 0.123046875
vt 0.28418 0.140625
vt 0.265625 0.140625
vt 0.8125 0.435546875
vt 0.838866875 0.435546875
vt 0.838866875 0.453125
vt 0.799805 0.328125
vt 0.78125 0.328125
vt 0.78125 0.301758125
vt 0.6875 0.192383125
vt 0.6875 0.21875
vt 0.706055 0.21875
vt 0.578125 0.21875
vt 0.59668 0.21875
vt 0.59668 0.25
vt 0.783203125 0.828125
vt 0.783203125 0.859375
vt 0.765625 0.859375
vt 0.768555 0.390625
vt 0.768555 0.421875
vt 0.75 0.421875
vt 0.171875 0.203125
vt 0.189453125 0.203125
vt 0.189453125 0.234375
vt 0.12793 0.140625
vt 0.109375 0.140625
vt 0.109375 0.123046875
vt 0.87793 0.873046875
vt 0.859375 0.873046875
vt 0.859375 0.890625
vt 0.456055 0.283203125
vt 0.456055 0.328125
vt 0.4375 0.328125
vt 0.53418 0.626953125
vt 0.53418 0.671875
vt 0.484375 0.671875
vt 0.487305 0.283203125
vt 0.487305 0.328125
vt 0.46875 0.328125
vt 0.53418 0.580078125
vt 0.53418 0.625
vt 0.484375 0.625
vt 0.640625 0.6875
vt 0.640625 0.637695
vt 0.65918 0.637695
vt 0.328125 0.30957
vt 0.328125 0.359375
vt 0.34668 0.359375
vt 0.298828125 0.014648125000000012
vt 0.298828125 0.09375
vt 0.296875 0.09375
vt 0.299805 0.858398125
vt 0.299805 0.9375
vt 0.25 0.9375
vt 0.3125 0.014648125000000012
vt 0.314453125 0.014648125000000012
vt 0.314453125 0.09375
vt 0.12793 0.670898125
vt 0.12793 0.75
vt 0.078125 0.75
vt 0.921875 0.796875
vt 0.921875 0.74707
vt 0.923828125 0.74707
vt 0.21875 0.028320000000000012
vt 0.21875 0.078125
vt 0.220703125 0.078125
vt 0.955078125 0.86816375
vt 0.955078125 0.875
vt 0.953125 0.875
vt 0.893555 0.18066375
vt 0.893555 0.1875
vt 0.84375 0.1875
vt 0.140625 0.04003875000000001
vt 0.142578125 0.04003875000000001
vt 0.142578125 0.046875
vt 0.90918 0.93066375
vt 0.90918 0.9375
vt 0.859375 0.9375
vt 0.921875 0.734375
vt 0.921875 0.68457
vt 0.923828125 0.68457
vt 0.921875 0.62207
vt 0.921875 0.671875
vt 0.923828125 0.671875
vt 0.328125 0.014648125000000012
vt 0.330078125 0.014648125000000012
vt 0.330078125 0.09375
vt 0.19043 0.670898125
vt 0.19043 0.75
vt 0.140625 0.75
vt 0.345703125 0.014648125000000012
vt 0.345703125 0.09375
vt 0.34375 0.09375
vt 0.299805 0.764648125
vt 0.299805 0.84375
vt 0.25 0.84375
vt 0.359375 0.078125
vt 0.359375 0.028320000000000012
vt 0.361328125 0.028320000000000012
vt 0.46875 0.028320000000000012
vt 0.46875 0.078125
vt 0.470703125 0.078125
vt 0.953125 0.85253875
vt 0.955078125 0.85253875
vt 0.955078125 0.859375
vt 0.90918 0.91503875
vt 0.90918 0.921875
vt 0.859375 0.921875
vt 0.158203125 0.04003875000000001
vt 0.158203125 0.046875
vt 0.15625 0.046875
vt 0.90918 0.89941375
vt 0.90918 0.90625
vt 0.859375 0.90625
vt 0.484375 0.078125
vt 0.484375 0.028320000000000012
vt 0.486328125 0.028320000000000012
vt 0.546875 0.028320000000000012
vt 0.546875 0.078125
vt 0.548828125 0.078125
vt 0.22265625 0.233398125
vt 0.22265625 0.265625
vt 0.203125 0.265625
vt 0.164061875 0.264648125
vt 0.164061875 0.296875
vt 0.140625 0.296875
vt 0.64453125 0.233398125
vt 0.64453125 0.265625
vt 0.625 0.265625
vt 0.726561875 0.811523125
vt 0.726561875 0.84375
vt 0.703125 0.84375
vt 0.8125 0.359375
vt 0.8125 0.335938125
vt 0.83203125 0.335938125
vt 0.65625 0.16406187500000002
vt 0.65625 0.1875
vt 0.67578125 0.1875
vt 0.71875 0.31543
vt 0.742188125 0.31543
vt 0.742188125 0.34375
vt 0.71875 0.28418
vt 0.742188125 0.28418
vt 0.742188125 0.3125
vt 0.742188125 0.25293
vt 0.742188125 0.28125
vt 0.71875 0.28125
vt 0.023438125 0.237305
vt 0.023438125 0.265625
vt 0 0.265625
vt 0.765625 0.6875
vt 0.765625 0.664061875
vt 0.789061875 0.664061875
vt 0.765625 0.632811875
vt 0.765625 0.65625
vt 0.789061875 0.65625
vt 0.726561875 0.764648125
vt 0.726561875 0.796875
vt 0.703125 0.796875
vt 0.726561875 0.717773125
vt 0.726561875 0.75
vt 0.703125 0.75
vt 0.328125 0.264648125
vt 0.351561875 0.264648125
vt 0.351561875 0.296875
vt 0.359375 0.264648125
vt 0.382811875 0.264648125
vt 0.382811875 0.296875
vt 0.765625 0.625
vt 0.765625 0.601561875
vt 0.789061875 0.601561875
vt 0.390625 0.21093812499999998
vt 0.390625 0.234375
vt 0.414061875 0.234375
vt 0.640625 0.745116875
vt 0.640625 0.78125
vt 0.609375 0.78125
vt 0.640625 0.698241875
vt 0.640625 0.734375
vt 0.609375 0.734375
vt 0.609375 0.651366875
vt 0.640625 0.651366875
vt 0.640625 0.6875
vt 0.640625 0.604491875
vt 0.640625 0.640625
vt 0.609375 0.640625
vt 0.671875 0.78125
vt 0.640625 0.78125
vt 0.640625 0.75
vt 0.234375 0.328125
vt 0.234375 0.359375
vt 0.265625 0.359375
vt 0.5625 0.36914125
vt 0.5625 0.40625
vt 0.53125 0.40625
vt 0.625 0.38476625
vt 0.625 0.421875
vt 0.59375 0.421875
vt 0.640625 0.96289125
vt 0.640625 1
vt 0.609375 1
vt 0.640625 0.91601625
vt 0.640625 0.953125
vt 0.609375 0.953125
vt 0.640625 0.75
vt 0.640625 0.71875
vt 0.671875 0.71875
vt 0.265625 0.328125
vt 0.265625 0.359375
vt 0.296875 0.359375
vt 0.609375 0.557616875
vt 0.640625 0.557616875
vt 0.640625 0.59375
vt 0.609375 0.479491875
vt 0.640625 0.479491875
vt 0.640625 0.515625
vt 0.609375 0.432616875
vt 0.640625 0.432616875
vt 0.640625 0.46875
vt 0.109375 0.338866875
vt 0.109375 0.375
vt 0.078125 0.375
vt 0.640625 0.71875
vt 0.640625 0.6875
vt 0.671875 0.6875
vt 0.296875 0.328125
vt 0.296875 0.359375
vt 0.328125 0.359375
vt 0.640625 0.86914125
vt 0.640625 0.90625
vt 0.609375 0.90625
vt 0.25 0.58789125
vt 0.25 0.625
vt 0.15625 0.625
vt 0.640625 0.79101625
vt 0.640625 0.828125
vt 0.609375 0.828125
vt 0.34375 0.58789125
vt 0.34375 0.625
vt 0.25 0.625
vt 0 0.5625
vt 0 0.46875
vt 0.03125 0.46875
vt 0.03125 0.46875
vt 0.03125 0.5625
vt 0.0625 0.5625
vt 0.046875 0.22851624999999998
vt 0.046875 0.265625
vt 0.03125 0.265625
vt 0.4375 0.58789125
vt 0.4375 0.625
vt 0.34375 0.625
vt 0.390625 0.21289124999999998
vt 0.390625 0.25
vt 0.375 0.25
vt 0.484375 0.90039125
vt 0.484375 0.9375
vt 0.390625 0.9375
vt 0.34375 0.46875
vt 0.34375 0.375
vt 0.359375 0.375
vt 0.359375 0.375
vt 0.359375 0.46875
vt 0.375 0.46875
vt 0.625 0.21289124999999998
vt 0.625 0.25
vt 0.609375 0.25
vt 0.484375 0.85351625
vt 0.484375 0.890625
vt 0.390625 0.890625
vt 0.765625 0.29101625
vt 0.765625 0.328125
vt 0.75 0.328125
vt 0.484375 0.80664125
vt 0.484375 0.84375
vt 0.390625 0.84375
vt 0.375 0.46875
vt 0.375 0.375
vt 0.390625 0.375
vt 0.390625 0.375
vt 0.390625 0.46875
vt 0.40625 0.46875
vt 0.703125 0.764648125
vt 0.726561875 0.764648125
vt 0.726561875 0.796875
vt 0.726561875 0.717773125
vt 0.726561875 0.75
vt 0.703125 0.75
vt 0.351561875 0.264648125
vt 0.351561875 0.296875
vt 0.328125 0.296875
vt 0.382811875 0.264648125
vt 0.382811875 0.296875
vt 0.359375 0.296875
vt 0.789061875 0.625
vt 0.765625 0.625
vt 0.765625 0.601561875
vt 0.390625 0.21093812499999998
vt 0.390625 0.234375
vt 0.414061875 0.234375
vt 0.757811875 0.97168
vt 0.757811875 1
vt 0.734375 1
vt 0.734375 0.94043
vt 0.757811875 0.94043
vt 0.757811875 0.96875
vt 0.734375 0.90918
vt 0.757811875 0.90918
vt 0.757811875 0.9375
vt 0.078125 0.237305
vt 0.101561875 0.237305
vt 0.101561875 0.265625
vt 0.789061875 0.546875
vt 0.765625 0.546875
vt 0.765625 0.523438125
vt 0.484375 0.21093812499999998
vt 0.484375 0.234375
vt 0.507811875 0.234375
vt 0.210938125 0.054688124999999976
vt 0.210938125 0.0625
vt 0.203125 0.0625
vt 0.9375 0.789061875
vt 0.945311875 0.789061875
vt 0.945311875 0.796875
vt 0.945311875 0.773438125
vt 0.945311875 0.78125
vt 0.9375 0.78125
vt 0.242188125 0.054688124999999976
vt 0.242188125 0.0625
vt 0.234375 0.0625
vt 0.9375 0.765625
vt 0.9375 0.757811875
vt 0.945311875 0.757811875
vt 0.25 0.054688124999999976
vt 0.25 0.0625
vt 0.257811875 0.0625
vt 0.945311875 0.742188125
vt 0.945311875 0.75
vt 0.9375 0.75
vt 0.265625 0.054688124999999976
vt 0.273438125 0.054688124999999976
vt 0.273438125 0.0625
vt 0.945311875 0.726561875
vt 0.945311875 0.734375
vt 0.9375 0.734375
vt 0.289061875 0.054688124999999976
vt 0.289061875 0.0625
vt 0.28125 0.0625
vt 0.9375 0.71875
vt 0.9375 0.710938125
vt 0.945311875 0.710938125
vt 0.9375 0.695311875
vt 0.9375 0.703125
vt 0.945311875 0.703125
vt 0.945311875 0.679688125
vt 0.945311875 0.6875
vt 0.9375 0.6875
vt 0.9375 0.664061875
vt 0.945311875 0.664061875
vt 0.945311875 0.671875
vt 0.945311875 0.648438125
vt 0.945311875 0.65625
vt 0.9375 0.65625
vt 0.945311875 0.632811875
vt 0.945311875 0.640625
vt 0.9375 0.640625
vt 0.375 0.0625
vt 0.375 0.054688124999999976
vt 0.382811875 0.054688124999999976
vt 0.9375 0.617188125
vt 0.9375 0.625
vt 0.945311875 0.625
vt 0.398438125 0.054688124999999976
vt 0.398438125 0.0625
vt 0.390625 0.0625
vt 0.9375 0.601561875
vt 0.945311875 0.601561875
vt 0.945311875 0.609375
vt 0.414061875 0.054688124999999976
vt 0.414061875 0.0625
vt 0.40625 0.0625
vt 0.945311875 0.585938125
vt 0.945311875 0.59375
vt 0.9375 0.59375
vt 0.421875 0.0625
vt 0.421875 0.054688124999999976
vt 0.429688125 0.054688124999999976
vt 0.9375 0.570311875
vt 0.9375 0.578125
vt 0.945311875 0.578125
vt 0.445311875 0.054688124999999976
vt 0.445311875 0.0625
vt 0.4375 0.0625
vt 0.945311875 0.554688125
vt 0.945311875 0.5625
vt 0.9375 0.5625
vt 0.453125 0.054688124999999976
vt 0.460938125 0.054688124999999976
vt 0.460938125 0.0625
vt 0.945311875 0.539061875
vt 0.945311875 0.546875
vt 0.9375 0.546875
vt 0.945311875 0.53125
vt 0.9375 0.53125
vt 0.9375 0.523438125
vt 0.9375 0.492188125
vt 0.9375 0.5
vt 0.945311875 0.5
vt 0.9375 0.476561875
vt 0.945311875 0.476561875
vt 0.945311875 0.484375
vt 0.9375 0.414061875
vt 0.945311875 0.414061875
vt 0.945311875 0.421875
vt 0.9375 0.398438125
vt 0.945311875 0.398438125
vt 0.945311875 0.40625
vt 0.945311875 0.382811875
vt 0.945311875 0.390625
vt 0.9375 0.390625
vt 0.9375 0.375
vt 0.9375 0.367188125
vt 0.945311875 0.367188125
vt 0.9375 0.351561875
vt 0.9375 0.359375
vt 0.945311875 0.359375
vt 0.664061875 0.054688124999999976
vt 0.664061875 0.0625
vt 0.65625 0.0625
vt 0.945311875 0.335938125
vt 0.945311875 0.34375
vt 0.9375 0.34375
vt 0.679688125 0.054688124999999976
vt 0.679688125 0.0625
vt 0.671875 0.0625
vt 0.945311875 0.320311875
vt 0.945311875 0.328125
vt 0.9375 0.328125
vt 0.695311875 0.0625
vt 0.6875 0.0625
vt 0.6875 0.054688124999999976
vt 0.945311875 0.304688125
vt 0.9375 0.304688125
vt 0.9375 0.3125
vt 0.578125 0.671875
vt 0.578125 0.703125
vt 0.5625 0.703125
vt 0.59375 0.703125
vt 0.609375 0.703125
vt 0.609375 0.734375
vt 0.40625 0.34375
vt 0.40625 0.375
vt 0.390625 0.375
vt 0.703125 0.96875
vt 0.703125 1
vt 0.6875 1
vt 0.109375 0.53125
vt 0.109375 0.515625
vt 0.125 0.515625
vt 0.515625 0.9375
vt 0.515625 0.953125
vt 0.53125 0.953125
vt 0.81543 0.04394500000000001
vt 0.81543 0.0625
vt 0.8125 0.0625
vt 0.851561875 0.62207
vt 0.851561875 0.640625
vt 0.828125 0.640625
vt 0.9375 0.168945
vt 0.94043 0.168945
vt 0.94043 0.1875
vt 0.828125 0.481445
vt 0.851561875 0.481445
vt 0.851561875 0.5
vt 0.94043 0.859375
vt 0.9375 0.859375
vt 0.9375 0.835938125
vt 0.171875 0.039061875000000024
vt 0.171875 0.0625
vt 0.174805 0.0625
vt 0.84668 0.04394500000000001
vt 0.84668 0.0625
vt 0.84375 0.0625
vt 0.4375 0.34082
vt 0.487305 0.34082
vt 0.487305 0.359375
vt 0.94043 0.137695
vt 0.94043 0.15625
vt 0.9375 0.15625
vt 0.69043 0.512695
vt 0.69043 0.53125
vt 0.640625 0.53125
vt 0.5 0.09375
vt 0.5 0.04394500000000001
vt 0.50293 0.04394500000000001
vt 0.515625 0.04394500000000001
vt 0.515625 0.09375
vt 0.518555 0.09375
vt 0.242188125 0.07324187500000001
vt 0.242188125 0.09375
vt 0.234375 0.09375
vt 0.875 0.354491875
vt 0.887695 0.354491875
vt 0.887695 0.375
vt 0.914061875 0.745116875
vt 0.914061875 0.765625
vt 0.90625 0.765625
vt 0.65332 0.10449187500000001
vt 0.65332 0.125
vt 0.640625 0.125
vt 0.171875 0.078125
vt 0.171875 0.06542999999999999
vt 0.179688125 0.06542999999999999
vt 0.921875 0.81543
vt 0.921875 0.828125
vt 0.929688125 0.828125
vt 0.926758125 0.356445
vt 0.926758125 0.375
vt 0.921875 0.375
vt 0.768555 0.793945
vt 0.768555 0.8125
vt 0.734375 0.8125
vt 0.926758125 0.325195
vt 0.926758125 0.34375
vt 0.921875 0.34375
vt 0.734375 0.762695
vt 0.768555 0.762695
vt 0.768555 0.78125
vt 0.125 0.09375
vt 0.125 0.05957000000000001
vt 0.129883125 0.05957000000000001
vt 0.140625 0.05957000000000001
vt 0.140625 0.09375
vt 0.145508125 0.09375
vt 0.904296875 0.8125
vt 0.904296875 0.828125
vt 0.890625 0.828125
vt 0.625 0.515625
vt 0.640625 0.515625
vt 0.640625 0.53125
vt 0.201171875 0.09375
vt 0.201171875 0.109375
vt 0.1875 0.109375
vt 0.640625 0.375
vt 0.640625 0.390625
vt 0.625 0.390625
vt 0.890625 0.8125
vt 0.890625 0.796875
vt 0.904296875 0.796875
vt 0.890625 0.78125
vt 0.890625 0.796875
vt 0.904296875 0.796875
vt 0.862305 0.04394500000000001
vt 0.862305 0.0625
vt 0.859375 0.0625
vt 0.5 0.34082
vt 0.549805 0.34082
vt 0.549805 0.359375
vt 0.87793 0.04394500000000001
vt 0.87793 0.0625
vt 0.875 0.0625
vt 0.69043 0.481445
vt 0.69043 0.5
vt 0.640625 0.5
vt 0.625 0.09375
vt 0.625 0.04394500000000001
vt 0.62793 0.04394500000000001
vt 0.640625 0.04394500000000001
vt 0.640625 0.09375
vt 0.643555 0.09375
vt 0.926758125 0.293945
vt 0.926758125 0.3125
vt 0.921875 0.3125
vt 0.768555 0.731445
vt 0.768555 0.75
vt 0.734375 0.75
vt 0.926758125 0.262695
vt 0.926758125 0.28125
vt 0.921875 0.28125
vt 0.734375 0.700195
vt 0.768555 0.700195
vt 0.768555 0.71875
vt 0.90625 0.859375
vt 0.90625 0.825195
vt 0.911133125 0.825195
vt 0.15625 0.05957000000000001
vt 0.15625 0.09375
vt 0.161133125 0.09375
vt 0.248046875 0.09375
vt 0.248046875 0.109375
vt 0.234375 0.109375
vt 0.765625 0.8125
vt 0.78125 0.8125
vt 0.78125 0.828125
vt 0.263671875 0.09375
vt 0.263671875 0.109375
vt 0.25 0.109375
vt 0.796875 0.859375
vt 0.796875 0.875
vt 0.78125 0.875
vt 0.890625 0.75
vt 0.890625 0.734375
vt 0.904296875 0.734375
vt 0.265625 0.09375
vt 0.265625 0.109375
vt 0.279296875 0.109375
vt 0.257811875 0.07324187500000001
vt 0.257811875 0.09375
vt 0.25 0.09375
vt 0.65625 0.10449187500000001
vt 0.668945 0.10449187500000001
vt 0.668945 0.125
vt 0.273438125 0.07324187500000001
vt 0.273438125 0.09375
vt 0.265625 0.09375
vt 0.887695 0.323241875
vt 0.887695 0.34375
vt 0.875 0.34375
vt 0.1875 0.078125
vt 0.1875 0.06542999999999999
vt 0.195311875 0.06542999999999999
vt 0.203125 0.06542999999999999
vt 0.203125 0.078125
vt 0.210938125 0.078125
vt 0.9375 0.10644500000000001
vt 0.94043 0.10644500000000001
vt 0.94043 0.125
vt 0.820311875 0.15332
vt 0.820311875 0.171875
vt 0.796875 0.171875
vt 0.893555 0.04394500000000001
vt 0.893555 0.0625
vt 0.890625 0.0625
vt 0.828125 0.15332
vt 0.851561875 0.15332
vt 0.851561875 0.171875
vt 0.9375 0.828125
vt 0.9375 0.804688125
vt 0.94043 0.804688125
vt 0.19043 0.039061875000000024
vt 0.1875 0.039061875000000024
vt 0.1875 0.0625
vt 0.71875 0.671875
vt 0.71875 0.703125
vt 0.703125 0.703125
vt 0.3125 0.25
vt 0.328125 0.25
vt 0.328125 0.28125
vt 0.5625 0.25
vt 0.5625 0.28125
vt 0.546875 0.28125
vt 0.453125 0.171875
vt 0.453125 0.203125
vt 0.4375 0.203125
vt 0.78125 0.703125
vt 0.78125 0.6875
vt 0.796875 0.6875
vt 0.8125 0.546875
vt 0.8125 0.5625
vt 0.828125 0.5625
vt 0.078125 0.10351624999999998
vt 0.085938125 0.10351624999999998
vt 0.085938125 0.15625
vt 0.36914125 0.52539125
vt 0.36914125 0.578125
vt 0.3125 0.578125
vt 0.101561875 0.10351624999999998
vt 0.101561875 0.15625
vt 0.09375 0.15625
vt 0.43164125 0.52539125
vt 0.43164125 0.578125
vt 0.375 0.578125
vt 0.46875 0.171875
vt 0.46875 0.11523375000000002
vt 0.476561875 0.11523375000000002
vt 0.484375 0.11523375000000002
vt 0.484375 0.171875
vt 0.492188125 0.171875
vt 0.140625 0.30664125
vt 0.15918 0.30664125
vt 0.15918 0.359375
vt 0.15332 0.46289125
vt 0.15332 0.515625
vt 0.109375 0.515625
vt 0.65918 0.79101625
vt 0.65918 0.84375
vt 0.640625 0.84375
vt 0.52832 0.82226625
vt 0.52832 0.875
vt 0.484375 0.875
vt 0.6875 0.3125
vt 0.6875 0.268555
vt 0.706055 0.268555
vt 0.703125 0.956055
vt 0.703125 1
vt 0.72168 1
vt 0.333008125 0.09960875000000002
vt 0.333008125 0.109375
vt 0.3125 0.109375
vt 0.870116875 0.45898375
vt 0.870116875 0.46875
vt 0.828125 0.46875
vt 0.890625 0.67773375
vt 0.911133125 0.67773375
vt 0.911133125 0.6875
vt 0.885741875 0.81835875
vt 0.885741875 0.828125
vt 0.84375 0.828125
vt 0.671875 0.71875
vt 0.671875 0.676758125
vt 0.692383125 0.676758125
vt 0.296875 0.286133125
vt 0.296875 0.328125
vt 0.317383125 0.328125
vt 0.87793 0.981445
vt 0.87793 1
vt 0.859375 1
vt 0.473633125 0.262695
vt 0.473633125 0.28125
vt 0.4375 0.28125
vt 0.859375 0.950195
vt 0.87793 0.950195
vt 0.87793 0.96875
vt 0.754883125 0.52832
vt 0.754883125 0.546875
vt 0.71875 0.546875
vt 0.484375 0.28125
vt 0.484375 0.245116875
vt 0.50293 0.245116875
vt 0.71875 0.479491875
vt 0.71875 0.515625
vt 0.737305 0.515625
vt 0.90918 0.25585875
vt 0.90918 0.265625
vt 0.890625 0.265625
vt 0.892578125 0.44335875
vt 0.892578125 0.453125
vt 0.859375 0.453125
vt 0.90918 0.24023375000000002
vt 0.90918 0.25
vt 0.890625 0.25
vt 0.892578125 0.42773375
vt 0.892578125 0.4375
vt 0.859375 0.4375
vt 0.75 0.59375
vt 0.75 0.560546875
vt 0.768555 0.560546875
vt 0.421875 0.216796875
vt 0.421875 0.25
vt 0.44043 0.25
vt 0.507811875 0.11523375000000002
vt 0.507811875 0.171875
vt 0.5 0.171875
vt 0.12207 0.53710875
vt 0.12207 0.59375
vt 0.0625 0.59375
vt 0.515625 0.11523375000000002
vt 0.523438125 0.11523375000000002
vt 0.523438125 0.171875
vt 0.18457 0.52148375
vt 0.18457 0.578125
vt 0.125 0.578125
vt 0.296875 0.1875
vt 0.296875 0.12793
vt 0.304688125 0.12793
vt 0.8125 0.456055
vt 0.8125 0.515625
vt 0.820311875 0.515625
vt 0.070311875 0.10351624999999998
vt 0.070311875 0.15625
vt 0.0625 0.15625
vt 0.24414125 0.52539125
vt 0.24414125 0.578125
vt 0.1875 0.578125
vt 0.84375 0.88476625
vt 0.851561875 0.88476625
vt 0.851561875 0.9375
vt 0.30664125 0.52539125
vt 0.30664125 0.578125
vt 0.25 0.578125
vt 0.421875 0.171875
vt 0.421875 0.11523375000000002
vt 0.429688125 0.11523375000000002
vt 0.4375 0.11523375000000002
vt 0.4375 0.171875
vt 0.445311875 0.171875
vt 0.65918 0.91601625
vt 0.65918 0.96875
vt 0.640625 0.96875
vt 0.106445 0.47851625
vt 0.106445 0.53125
vt 0.0625 0.53125
vt 0.640625 0.85351625
vt 0.65918 0.85351625
vt 0.65918 0.90625
vt 0.52832 0.88476625
vt 0.52832 0.9375
vt 0.484375 0.9375
vt 0.6875 0.40625
vt 0.6875 0.362305
vt 0.706055 0.362305
vt 0.6875 0.31543
vt 0.6875 0.359375
vt 0.706055 0.359375
vt 0.890625 0.72460875
vt 0.911133125 0.72460875
vt 0.911133125 0.734375
vt 0.870116875 0.83398375
vt 0.870116875 0.84375
vt 0.828125 0.84375
vt 0.911133125 0.69335875
vt 0.911133125 0.703125
vt 0.890625 0.703125
vt 0.870116875 0.59960875
vt 0.870116875 0.609375
vt 0.828125 0.609375
vt 0.234375 0.328125
vt 0.234375 0.286133125
vt 0.254883125 0.286133125
vt 0.265625 0.286133125
vt 0.265625 0.328125
vt 0.286133125 0.328125
vt 0.828125 0.50585875
vt 0.835938125 0.50585875
vt 0.835938125 0.5625
vt 0.05957 0.56835875
vt 0.05957 0.625
vt 0 0.625
vt 0.460938125 0.11523375000000002
vt 0.460938125 0.171875
vt 0.453125 0.171875
vt 0.46582 0.94335875
vt 0.46582 1
vt 0.40625 1
vt 0.609375 0.203125
vt 0.609375 0.143555
vt 0.617188125 0.143555
vt 0.75 0.143555
vt 0.75 0.203125
vt 0.757811875 0.203125
vt 0.84375 0.231445
vt 0.862305 0.231445
vt 0.862305 0.25
vt 0.754883125 0.637695
vt 0.754883125 0.65625
vt 0.71875 0.65625
vt 0.862305 0.200195
vt 0.862305 0.21875
vt 0.84375 0.21875
vt 0.754883125 0.606445
vt 0.754883125 0.625
vt 0.71875 0.625
vt 0.390625 0.28125
vt 0.390625 0.245116875
vt 0.40918 0.245116875
vt 0.71875 0.557616875
vt 0.71875 0.59375
vt 0.737305 0.59375
vt 0.90918 0.28710875
vt 0.90918 0.296875
vt 0.890625 0.296875
vt 0.892578125 0.84960875
vt 0.892578125 0.859375
vt 0.859375 0.859375
vt 0.90918 0.27148375
vt 0.90918 0.28125
vt 0.890625 0.28125
vt 0.892578125 0.52148375
vt 0.892578125 0.53125
vt 0.859375 0.53125
vt 0.3125 0.25
vt 0.3125 0.216796875
vt 0.331055 0.216796875
vt 0.34375 0.216796875
vt 0.34375 0.25
vt 0.362305 0.25
vt 0.919921875 0.97168
vt 0.919921875 0.984375
vt 0.90625 0.984375
vt 0.882811875 0.37793
vt 0.882811875 0.390625
vt 0.859375 0.390625
vt 0.044921875 0.08105499999999999
vt 0.044921875 0.09375
vt 0.03125 0.09375
vt 0.835938125 0.12793
vt 0.835938125 0.140625
vt 0.8125 0.140625
vt 0.859375 0.421875
vt 0.859375 0.398438125
vt 0.873046875 0.398438125
vt 0.609375 0.11718812499999998
vt 0.609375 0.140625
vt 0.623046875 0.140625
vt 0.956055 0.84082
vt 0.956055 0.84375
vt 0.953125 0.84375
vt 0.96289125 0.99707
vt 0.96289125 1
vt 0.9375 1
vt 0.956055 0.825195
vt 0.956055 0.828125
vt 0.953125 0.828125
vt 0.96289125 0.96582
vt 0.96289125 0.96875
vt 0.9375 0.96875
vt 0.9375 0.953125
vt 0.9375 0.92773375
vt 0.94043 0.92773375
vt 0.9375 0.89648375
vt 0.9375 0.921875
vt 0.94043 0.921875
vt 0.77539125 0.056641249999999976
vt 0.77539125 0.0625
vt 0.765625 0.0625
vt 0.106445 0.056641249999999976
vt 0.106445 0.0625
vt 0.09375 0.0625
vt 0.94726625 0.22851624999999998
vt 0.94726625 0.234375
vt 0.9375 0.234375
vt 0.12207 0.056641249999999976
vt 0.12207 0.0625
vt 0.109375 0.0625
vt 0.828125 0.09375
vt 0.828125 0.08105499999999999
vt 0.83789125 0.08105499999999999
vt 0.90625 0.12793
vt 0.90625 0.140625
vt 0.91601625 0.140625
vt 0.85351625 0.685546875
vt 0.85351625 0.703125
vt 0.828125 0.703125
vt 0.604491875 0.169921875
vt 0.604491875 0.1875
vt 0.578125 0.1875
vt 0.33789125 0.154296875
vt 0.33789125 0.171875
vt 0.3125 0.171875
vt 0.838866875 0.404296875
vt 0.838866875 0.421875
vt 0.8125 0.421875
vt 0.71875 0.40625
vt 0.71875 0.379883125
vt 0.74414125 0.379883125
vt 0.71875 0.348633125
vt 0.71875 0.375
vt 0.74414125 0.375
vt 0.956055 0.80957
vt 0.956055 0.8125
vt 0.953125 0.8125
vt 0.90625 0.512695
vt 0.956055 0.512695
vt 0.956055 0.515625
vt 0.206055 0.04394500000000001
vt 0.206055 0.046875
vt 0.203125 0.046875
vt 0.956055 0.46582
vt 0.956055 0.46875
vt 0.90625 0.46875
vt 0.53125 0.09375
vt 0.53125 0.04394500000000001
vt 0.53418 0.04394500000000001
vt 0.5625 0.04394500000000001
vt 0.5625 0.09375
vt 0.56543 0.09375
vt 0.85351625 0.654296875
vt 0.85351625 0.671875
vt 0.828125 0.671875
vt 0.664061875 0.076171875
vt 0.664061875 0.09375
vt 0.65625 0.09375
vt 0.36914125 0.154296875
vt 0.36914125 0.171875
vt 0.34375 0.171875
vt 0.671875 0.076171875
vt 0.679688125 0.076171875
vt 0.679688125 0.09375
vt 0.890625 0.671875
vt 0.890625 0.664061875
vt 0.91601625 0.664061875
vt 0.34375 0.10156187500000002
vt 0.34375 0.109375
vt 0.36914125 0.109375
vt 0.15625 0.578125
vt 0.15625 0.59375
vt 0.125 0.59375
vt 0.0625 0.34375
vt 0.0625 0.359375
vt 0.046875 0.359375
vt 0.671875 0.546875
vt 0.671875 0.5625
vt 0.640625 0.5625
vt 0.671875 0.265625
vt 0.6875 0.265625
vt 0.6875 0.28125
vt 0.78125 0.9375
vt 0.78125 0.921875
vt 0.8125 0.921875
vt 0.78125 0.546875
vt 0.78125 0.5625
vt 0.8125 0.5625
vt 0.956055 0.793945
vt 0.956055 0.796875
vt 0.953125 0.796875
vt 0.90625 0.450195
vt 0.956055 0.450195
vt 0.956055 0.453125
vt 0.956055 0.77832
vt 0.956055 0.78125
vt 0.953125 0.78125
vt 0.956055 0.43457
vt 0.956055 0.4375
vt 0.90625 0.4375
vt 0.578125 0.09375
vt 0.578125 0.04394500000000001
vt 0.581055 0.04394500000000001
vt 0.59375 0.04394500000000001
vt 0.59375 0.09375
vt 0.59668 0.09375
vt 0.9375 0.05957000000000001
vt 0.9375 0.0625
vt 0.921875 0.0625
vt 0.234375 0.04394500000000001
vt 0.237305 0.04394500000000001
vt 0.237305 0.046875
vt 0.953125 0.07519500000000001
vt 0.953125 0.078125
vt 0.9375 0.078125
vt 0.956055 0.762695
vt 0.956055 0.765625
vt 0.953125 0.765625
vt 0.9375 0.0625
vt 0.9375 0.05957000000000001
vt 0.953125 0.05957000000000001
vt 0 0.04394500000000001
vt 0 0.046875
vt 0.015625 0.046875
vt 0.924805 0.578125
vt 0.924805 0.609375
vt 0.921875 0.609375
vt 0.029296875 0.125
vt 0.029296875 0.15625
vt 0.015625 0.15625
vt 0.924805 0.46875
vt 0.924805 0.5
vt 0.921875 0.5
vt 0.03125 0.125
vt 0.044921875 0.125
vt 0.044921875 0.15625
vt 0.953125 0.9375
vt 0.953125 0.923828125
vt 0.956055 0.923828125
vt 0.078125 0.033203125
vt 0.078125 0.046875
vt 0.081055 0.046875
vt 0.924805 0.390625
vt 0.924805 0.421875
vt 0.921875 0.421875
vt 0.857421875 0.9375
vt 0.857421875 0.96875
vt 0.84375 0.96875
vt 0.612305 0.046875
vt 0.612305 0.078125
vt 0.609375 0.078125
vt 0.046875 0.125
vt 0.060546875 0.125
vt 0.060546875 0.15625
vt 0.953125 0.921875
vt 0.953125 0.908203125
vt 0.956055 0.908203125
vt 0.09375 0.033203125
vt 0.09375 0.046875
vt 0.09668 0.046875
vt 0.66601625 0.432616875
vt 0.66601625 0.46875
vt 0.640625 0.46875
vt 0.046875 0.08886687500000001
vt 0.054688125 0.08886687500000001
vt 0.054688125 0.125
vt 0.58789125 0.323241875
vt 0.58789125 0.359375
vt 0.5625 0.359375
vt 0.210938125 0.08886687500000001
vt 0.210938125 0.125
vt 0.203125 0.125
vt 0.890625 0.65625
vt 0.890625 0.648438125
vt 0.91601625 0.648438125
vt 0.890625 0.632811875
vt 0.890625 0.640625
vt 0.91601625 0.640625
vt 0.956055 0.893555
vt 0.956055 0.90625
vt 0.953125 0.90625
vt 0.90625 0.78418
vt 0.918945 0.78418
vt 0.918945 0.796875
vt 0.112305 0.03417999999999999
vt 0.112305 0.046875
vt 0.109375 0.046875
vt 0.918945 0.768555
vt 0.918945 0.78125
vt 0.90625 0.78125
vt 0.953125 0.890625
vt 0.953125 0.87793
vt 0.956055 0.87793
vt 0.125 0.03417999999999999
vt 0.125 0.046875
vt 0.12793 0.046875
vt 0.200195 0.08789124999999998
vt 0.200195 0.09375
vt 0.171875 0.09375
vt 0.023438125 0.041016249999999976
vt 0.023438125 0.046875
vt 0.015625 0.046875
vt 0.93457 0.80664125
vt 0.93457 0.8125
vt 0.90625 0.8125
vt 0.953125 0.97851625
vt 0.960938125 0.97851625
vt 0.960938125 0.984375
vt 0.109375 0.109375
vt 0.109375 0.10156187500000002
vt 0.137695 0.10156187500000002
vt 0.890625 0.882811875
vt 0.890625 0.890625
vt 0.918945 0.890625
vt 0.4375 0.25
vt 0.4375 0.265625
vt 0.421875 0.265625
vt 0.90625 0.703125
vt 0.91601625 0.703125
vt 0.91601625 0.71875
vt 0.59375 0.25
vt 0.59375 0.265625
vt 0.578125 0.265625
vt 0.359375 0.078125
vt 0.36914125 0.078125
vt 0.36914125 0.09375
vt 0.921875 0.625
vt 0.90625 0.625
vt 0.90625 0.61523375
vt 0.90625 0.59960875
vt 0.90625 0.609375
vt 0.921875 0.609375
vt 0.828125 0.828125
vt 0.828125 0.84375
vt 0.796875 0.84375
vt 0.4375 0.75
vt 0.4375 0.765625
vt 0.390625 0.765625
vt 0.828125 0.59375
vt 0.828125 0.609375
vt 0.796875 0.609375
vt 0.609375 0.953125
vt 0.609375 0.96875
vt 0.5625 0.96875
vt 0.53125 0.859375
vt 0.53125 0.8125
vt 0.5625 0.8125
vt 0.40625 0.421875
vt 0.40625 0.46875
vt 0.4375 0.46875
vt 0.92773375 0.15039124999999998
vt 0.92773375 0.15625
vt 0.90625 0.15625
vt 0.92773375 0.86914125
vt 0.92773375 0.875
vt 0.890625 0.875
vt 0.88085875 0.08789124999999998
vt 0.88085875 0.09375
vt 0.859375 0.09375
vt 0.140625 0.10351624999999998
vt 0.17773375 0.10351624999999998
vt 0.17773375 0.109375
vt 0.109375 0.296875
vt 0.109375 0.25976625
vt 0.13085875 0.25976625
vt 0.703125 0.85351625
vt 0.703125 0.890625
vt 0.72460875 0.890625
vt 0.783203125 0.033203125
vt 0.783203125 0.0625
vt 0.78125 0.0625
vt 0.623046875 0.517578125
vt 0.623046875 0.546875
vt 0.578125 0.546875
vt 0.939453125 0.189453125
vt 0.939453125 0.21875
vt 0.9375 0.21875
vt 0.638671875 0.830078125
vt 0.638671875 0.859375
vt 0.59375 0.859375
vt 0.796875 0.078125
vt 0.796875 0.033203125
vt 0.798828125 0.033203125
vt 0.828125 0.033203125
vt 0.828125 0.078125
vt 0.830078125 0.078125
vt 0.65625 0.27539125
vt 0.671875 0.328125
vt 0.65625 0.328125
vt 0.239258125 0.94726625
vt 0.15625 1
vt 0.15625 0.94726625
vt 0.6875 0.29101625
vt 0.671875 0.34375
vt 0.671875 0.29101625
vt 0.239258125 0.88476625
vt 0.15625 0.9375
vt 0.15625 0.88476625
vt 0.140625 0.453125
vt 0.15625 0.370116875
vt 0.15625 0.453125
vt 0.0625 0.354491875
vt 0.078125 0.4375
vt 0.078125 0.354491875
vt 0.65625 0.27539125
vt 0.671875 0.27539125
vt 0.671875 0.328125
vt 0.239258125 0.94726625
vt 0.239258125 1
vt 0.15625 1
vt 0.6875 0.29101625
vt 0.6875 0.34375
vt 0.671875 0.34375
vt 0.239258125 0.88476625
vt 0.239258125 0.9375
vt 0.15625 0.9375
vt 0.140625 0.453125
vt 0.140625 0.370116875
vt 0.15625 0.370116875
vt 0.0625 0.354491875
vt 0.0625 0.4375
vt 0.078125 0.4375
vt 0.518555 0.283203125
vt 0.5 0.328125
vt 0.5 0.283203125
vt 0.53418 0.533203125
vt 0.484375 0.578125
vt 0.484375 0.533203125
vt 0.549805 0.283203125
vt 0.53125 0.328125
vt 0.53125 0.283203125
vt 0.53418 0.486328125
vt 0.484375 0.53125
vt 0.484375 0.486328125
vt 0.359375 0.359375
vt 0.37793 0.30957
vt 0.37793 0.359375
vt 0.640625 0.575195
vt 0.65918 0.625
vt 0.65918 0.575195
vt 0.518555 0.283203125
vt 0.518555 0.328125
vt 0.5 0.328125
vt 0.53418 0.533203125
vt 0.53418 0.578125
vt 0.484375 0.578125
vt 0.549805 0.283203125
vt 0.549805 0.328125
vt 0.53125 0.328125
vt 0.53418 0.486328125
vt 0.53418 0.53125
vt 0.484375 0.53125
vt 0.359375 0.359375
vt 0.359375 0.30957
vt 0.37793 0.30957
vt 0.640625 0.575195
vt 0.640625 0.625
vt 0.65918 0.625
vt 0.518555 0.283203125
vt 0.5 0.328125
vt 0.5 0.283203125
vt 0.53418 0.533203125
vt 0.484375 0.578125
vt 0.484375 0.533203125
vt 0.549805 0.283203125
vt 0.53125 0.328125
vt 0.53125 0.283203125
vt 0.53418 0.486328125
vt 0.484375 0.53125
vt 0.484375 0.486328125
vt 0.359375 0.359375
vt 0.37793 0.30957
vt 0.37793 0.359375
vt 0.640625 0.575195
vt 0.65918 0.625
vt 0.65918 0.575195
vt 0.518555 0.283203125
vt 0.518555 0.328125
vt 0.5 0.328125
vt 0.53418 0.533203125
vt 0.53418 0.578125
vt 0.484375 0.578125
vt 0.549805 0.283203125
vt 0.549805 0.328125
vt 0.53125 0.328125
vt 0.53418 0.486328125
vt 0.53418 0.53125
vt 0.484375 0.53125
vt 0.359375 0.359375
vt 0.359375 0.30957
vt 0.37793 0.30957
vt 0.640625 0.575195
vt 0.640625 0.625
vt 0.65918 0.625
vn 0.9356492716713345 0.16849494435956133 -0.3101127120035064
vn 0.35266291687145307 -0.4131331336613023 0.8396129351879421
vn -0.9356742951204063 -0.1684598448926179 0.3100562757140804
vn -0.35266119839730276 0.4131299387942523 -0.8396152290286519
vn -0.013352915886339054 0.8949490888835652 0.44596841585902586
vn 0.013353952460598985 -0.8949490613409699 -0.4459684400925667
vn -0.9356574630337754 0.16848917527827229 -0.31009113125538884
vn 0.3526599732303322 0.4131278746065572 -0.8396167593040591
vn 0.9356506799348291 -0.1684983895864958 0.31010659110094696
vn -0.35266394619553343 -0.41313091590275974 0.8396135940890554
vn 0.013347130475242334 0.8949397490628136 0.44598733127238627
vn -0.013355928878956962 -0.8949487054409538 -0.44596909511012245
vn 0.923875505996066 0.34541352065125647 -0.1647529944244332
vn 0.3826826340238272 -0.8338810686458361 0.3977390664376129
vn -0.923883550841361 -0.3453955031167015 0.16474565521287377
vn -0.3826824993432688 0.8338799961702993 -0.39774144451315463
vn -0.000002304220506687176 0.4305173361842169 0.9025823082907934
vn -0.000002079590025856645 -0.4305077836939304 -0.9025868646144898
vn 0.9238759574311147 0.3826920632580994 0
vn 0.38268257897969765 -0.9238798859946286 0
vn -0.9238818500318858 -0.38267783732750993 0
vn -0.38268408346326704 0.9238792628173225 0
vn 0 0 1
vn 0 0 -1
vn -0.9238759574311147 0.3826920632580994 0
vn 0.38268408346326704 0.9238792628173225 0
vn 0.9238818500318858 -0.38267783732750993 0
vn -0.38268257897969765 -0.9238798859946286 0
vn 0 0 1
vn 0 0 -1
vn -0.9238766075472367 0.34541063284159185 -0.16475287174122397
vn 0.38268249934326887 0.8338799961702993 -0.39774144451315463
vn 0.9238825001069028 -0.3453982578418667 0.1647457722553826
vn -0.38268263402379227 -0.833881122851988 0.39773895279155147
vn -0.0000012442144437126042 0.43051866276955675 0.9025816755316745
vn 0.0000012333368050292069 -0.43050746730171424 -0.9025870155258952
vn 0.9238759710257136 0.3789679324302179 -0.05325876783085207
vn 0.382689175640642 -0.9148866107771927 0.12857481972807774
vn -0.9238799560143675 -0.3789580295935476 0.05326010403169151
vn -0.38268490007364153 0.9148882527240273 -0.12857586197729132
vn 0.000001994932159731226 0.1391765978849206 0.9902675772725267
vn -0.0000035909697422050715 -0.13916965049536353 -0.9902685536601187
vn -0.9238758011777588 0.37896829215299177 -0.053259154525761486
vn 0.38267755001561155 0.9148904717667833 -0.12858194812804113
vn 0.923881334341954 -0.3789551103257567 0.05325696585916483
vn -0.38268917564064187 -0.9148866107771926 0.12857481972807774
vn 0.0000011289852276797344 0.13917780279781722 0.9902674079293419
vn 0.000002029059641168045 -0.13917025293474714 -0.9902684689991708
vn -0.9238799560149431 0.378958060477617 -0.05325988427390425
vn 0.3826870534692819 0.914886648195823 -0.12858086972800992
vn 0.9238758011773527 -0.3789684329133295 0.05325815293567946
vn -0.3826791891132683 -0.9148898740127417 0.12858132309383485
vn -0.000001423089052710176 0.1391687612717679 0.9902686786342668
vn 0.0000021794178746254513 -0.13916907150361152 -0.9902686350339855
vn 0.9238773494189628 0.37896473158099764 -0.05325763277065706
vn 0.3826732286514529 -0.9148955018262036 0.12855901684305157
vn -0.9238775389460887 -0.37896339944139174 0.053263823696225655
vn -0.38268590433085786 0.91488605844575 -0.12858848583008234
vn 0.000003221846625950214 0.13916949908810713 0.990268574939741
vn 0.000003094145149964716 -0.1391845987244589 -0.9902664527632639
vn 0.9238799560149431 0.378958060477617 -0.053259884273904275
vn 0.3826791891045267 -0.9148909350704431 0.1285737731896842
vn -0.923874592591008 -0.378970882697242 0.053261686346496064
vn -0.3826870534692819 0.9148866481958238 -0.1285808697280046
vn 2.2294058507479506e-7 0.1391695120758944 0.9902685731196906
vn 2.2088345099445927e-7 -0.13917057312296985 -0.9902684240025912
vn -0.94831675008564 0.1290670673412902 -0.28989141697354326
vn 0.3173060496475853 0.3857243217505236 -0.8663334337696674
vn 0.9483249141936945 -0.129057143340392 0.28986912714592356
vn -0.3173033888693836 -0.3857207686252102 0.866335990285052
vn 0.0000032069960993283077 0.9135408214858249 0.40674705588205523
vn -0.000001612231991350274 -0.913545392178795 -0.4067367901066886
vn 0.9483167500853268 0.129068699769662 -0.2898906901702311
vn 0.31730514185093267 -0.38571565156197163 0.8663376265031337
vn -0.948323892231089 -0.12906132798497033 0.28987060741378007
vn -0.31730288977775456 0.3857159580490276 -0.8663383148891701
vn -0.0000029350249802137486 0.9135515039985201 0.406723062455804
vn -2.3628558678817687e-7 -0.9135456437668477 -0.40673622503357165
vn 0.9483249141935071 0.1290570747391048 -0.28986915768957283
vn 0.3173038329958481 -0.3857385006063982 0.8663279325498345
vn -0.9483225927409404 -0.12905460041694652 0.2898778539459731
vn -0.31731016472568435 0.3856989342234946 -0.8663432296155027
vn -0.0000015201375431413573 0.9135449278324457 0.40673783304396594
vn 0.0000018729478852256789 -0.9135453567033316 -0.40673686978472334
vn -0.9483249141629041 0.12905177860951075 -0.28987151570246156
vn 0.3173101647256843 0.38569893422349444 -0.8663432296155027
vn 0.9483200936599188 -0.12907058894948187 0.2898789109767681
vn -0.31731231418957007 -0.38571447042439677 0.8663355253993031
vn 0.0000015201424806612954 0.9135449278245292 0.406737833061746
vn 0.00000334684365392454 -0.9135436518318734 -0.40674069895510045
vn 0.9356574630337754 0.16848917527827229 -0.31009113125538884
vn 0.35266394619553343 -0.41313091590275974 0.8396135940890554
vn -0.9356506799348291 -0.1684983895864958 0.31010659110094696
vn -0.3526599732303322 0.4131278746065572 -0.8396167593040591
vn -0.013347130475242334 0.8949397490628136 0.44598733127238627
vn 0.013347920744935453 -0.8949393239793876 -0.44598816061315366
vn -0.9356492716713345 0.16849494435956133 -0.3101127120035064
vn 0.35266119839730276 0.4131299387942523 -0.8396152290286519
vn 0.9356742951204063 -0.1684598448926179 0.3100562757140804
vn -0.35266291687145307 -0.4131331336613023 0.8396129351879421
vn 0.013352915886339054 0.8949490888835652 0.44596841585902586
vn -0.013345944378703406 -0.8949396798893271 -0.4459875055741239
vn 0.9238766075472367 0.34541063284159185 -0.16475287174122397
vn 0.3826825585345945 -0.8338811510745642 0.3977389662529641
vn -0.9238825001069028 -0.3453982578418667 0.1647457722553826
vn -0.38268249934326887 0.8338799961702993 -0.39774144451315463
vn 0.000007000893279488809 0.4305061187375525 0.9025876587238029
vn -0.000002606246982905633 -0.4305044756677101 -0.9025884424383451
vn 0.9238759574311147 0.3826920632580994 0
vn 0.38268257897969765 -0.9238798859946286 0
vn -0.9238818500318858 -0.38267783732750993 0
vn -0.38268408346326704 0.9238792628173225 0
vn 0 0 1
vn 0 0 -1
vn -0.9238759574311147 0.3826920632580994 0
vn 0.38268408346326704 0.9238792628173225 0
vn 0.9238818500318858 -0.38267783732750993 0
vn -0.38268257897969765 -0.9238798859946286 0
vn 0 0 1
vn 0 0 -1
vn -0.923875505996066 0.34541352065125647 -0.1647529944244332
vn 0.3826824993432688 0.8338799961702993 -0.39774144451315463
vn 0.923883550841361 -0.3453955031167015 0.16474565521287377
vn -0.38268255853518274 -0.8338810968682037 0.3977390798989308
vn -0.000003452484106321984 0.43050479209376963 0.9025882915107977
vn 0.0000034525061269941846 -0.4305047920457856 -0.9025882915336843
vn 0.9238758011777588 0.37896829215299177 -0.053259154525761486
vn 0.38268917564064187 -0.9148866107771926 0.12857481972807774
vn -0.923881334341954 -0.3789551103257567 0.05325696585916483
vn -0.38267755001561155 0.9148904717667833 -0.12858194812804113
vn -0.0000011289852276797344 0.13917780279781722 0.9902674079293419
vn -0.000002029059641168045 -0.13917025293474714 -0.9902684689991708
vn -0.9238759710257136 0.3789679324302179 -0.05325876783085207
vn 0.38268490007364153 0.9148882527240273 -0.12857586197729132
vn 0.9238799560143675 -0.3789580295935476 0.05326010403169151
vn -0.382689175640642 -0.9148866107771927 0.12857481972807774
vn -0.000001994932159731226 0.1391765978849206 0.9902675772725267
vn 0.0000035909697422050715 -0.13916965049536353 -0.9902685536601187
vn -0.9238799560149431 0.378958060477617 -0.053259884273904275
vn 0.38268705346927845 0.9148866481958253 -0.12858086972800478
vn 0.923874592591008 -0.378970882697242 0.053261686346496064
vn -0.3826841611762921 -0.9148888956229941 0.12857348657688286
vn -2.2294058507479506e-7 0.1391695120758944 0.9902685731196906
vn -2.2088345099445927e-7 -0.13917057312296985 -0.9902684240025912
vn 0.9238785579631453 0.3789609632886162 -0.05326348129162373
vn 0.38267792446753734 -0.9148914537950676 0.12857384608840863
vn -0.9238799559970869 -0.37895937894892856 0.05325050247146415
vn -0.38268590433085786 0.91488605844575 -0.1285884858300823
vn -0.000012101275594364368 0.1391796609272658 0.9902671467022071
vn 0.000006402585128672401 -0.1391680374577383 -0.9902687803365148
vn 0.9238799560149431 0.378958060477617 -0.05325988427390425
vn 0.3826841611792673 -0.9148878345700233 0.12858103646453603
vn -0.9238758011773527 -0.3789684329133295 0.05325815293567946
vn -0.3826870534692784 0.9148866481958245 -0.12858086972801014
vn 0.000001423089052710176 0.1391687612717679 0.9902686786342668
vn -0.0000021794178746254513 -0.13916907150361152 -0.9902686350339855
vn -0.9483173171183293 0.129068010523108 -0.28988914210970523
vn 0.31730288977775456 0.3857159580490276 -0.8663383148891701
vn 0.948323892231089 -0.12906132798497033 0.28987060741378007
vn -0.31730514185093267 -0.38571565156197163 0.8663376265031337
vn 0.0000029350249802137486 0.9135515039985201 0.406723062455804
vn 0.000002023093318871811 -0.9135434716835448 -0.4067411035785337
vn 0.948317317126961 0.12906637809334268 -0.28988986888642654
vn 0.3173033888693836 -0.3857207686252102 0.866335990285052
vn -0.9483249141936945 -0.129057143340392 0.28986912714592356
vn -0.3173060496475853 0.3857243217505236 -0.8663334337696674
vn -0.0000032069960993283077 0.9135408214858249 0.40674705588205523
vn -1.7457250912557282e-7 -0.913543220116563 -0.4067416686043255
vn 0.9483259361120379 0.12905053635618488 -0.28986872539721864
vn 0.31731231418957007 -0.38571447042439677 0.8663355253993031
vn -0.9483200936599188 -0.12907058894948187 0.2898789109767681
vn -0.3173101647256843 0.38569893422349444 -0.8663432296155027
vn -0.0000015201424806612954 0.9135449278245292 0.406737833061746
vn -0.00000334684365392454 -0.9135436518318734 -0.40674069895510045
vn -0.9483259361343271 0.129055832444904 -0.28986636742972594
vn 0.31731016472568435 0.3856989342234946 -0.8663432296155027
vn 0.9483225927409404 -0.12905460041694652 0.2898778539459731
vn -0.3173038329958481 -0.3857385006063982 0.8663279325498345
vn 0.0000015201375431413573 0.9135449278324457 0.40673783304396594
vn -0.0000018729478852256789 -0.9135453567033316 -0.40673686978472334
vn -0.9238813986276293 -0.3454007343641308 -0.16474675708667175
vn 0.38268099486171947 -0.83388186571337 -0.3977389724505688
vn 0.9238776583556685 0.3454084342212375 0.1647515886420517
vn -0.38268413850443084 0.8338784635753717 0.3977430805460971
vn -0.000002304205810425107 0.4305173361521933 -0.9025823083060682
vn -0.0000026062406061487405 -0.4305044757077636 0.902588442419241
vn 0.9238835508431279 -0.34539512213967577 -0.16474645393334697
vn 0.38268413850722693 0.8338796032434299 0.39774069119158695
vn -0.923876607550721 0.3454111742520763 0.1647517366293081
vn -0.3826809948617193 -0.8338818657133699 -0.3977389724505686
vn 0.0000023042114478429257 0.4305173361876035 -0.9025823082891781
vn 0.0000020795951140321333 -0.4305077836619708 0.9025868646297338
vn -0.9238773494431176 0.3789638524820196 -0.053263887371705135
vn 0.38268590433085786 0.91488605844575 -0.1285884858300823
vn 0.9238799559970869 -0.37895937894892856 0.05325050247146415
vn -0.3826732286183411 -0.9148933799054112 0.1285741167734324
vn 0.000012101275594364368 0.1391796609272658 0.9902671467022071
vn -0.000006402585128672401 -0.1391680374577383 -0.9902687803365148
vn 0.923874592591008 -0.378970882697242 -0.053261686346496064
vn 0.3826870534692819 0.9148866481958238 0.1285808697280046
vn -0.9238801258611009 0.3789576544218408 0.05325982720562707
vn -0.38267849035913315 -0.9148915198935663 -0.12857169145381545
vn -0.0000036468107705057255 0.13917851859334737 -0.9902673073210396
vn -0.0000063602581079614185 -0.13917441388724505 0.9902678842003758
vn 0.9238775389460887 -0.37896339944139174 -0.053263823696225655
vn 0.38268590433085786 0.91488605844575 0.12858848583008234
vn -0.9238773494189628 0.37896473158099764 0.05325763277065706
vn -0.38267322864474257 -0.9148960981044949 -0.1285547733527585
vn 0.0000019358918440284137 0.13918383062427284 -0.9902665607244375
vn -0.000006402585128672401 -0.1391680374577383 0.9902687803365148
vn -0.9238802956052403 -0.3789588140183471 -0.053248630688328254
vn 0.3826732286183411 -0.9148933799054112 -0.1285741167734324
vn 0.9238773494431176 0.3789638524820196 0.053263887371705135
vn -0.38268590433085786 0.91488605844575 0.1285884858300823
vn -0.000003094155017442231 0.13918459874804906 -0.9902664527599483
vn 0.0000030941451499615034 -0.1391845987244589 0.9902664527632639
vn -0.9238761408617474 -0.37896774437076775 -0.053257159827927024
vn 0.3826784903217731 -0.9148901606406457 -0.12858136337736645
vn 0.9238801258611009 0.3789576544218408 0.05325982720562703
vn -0.3826870534692819 0.914886648195823 0.12858086972800992
vn -0.000006093108023799774 0.1391846117923318 -0.9902664509126279
vn 2.208834509808536e-7 -0.1391705731229699 0.9902684240025912
vn -0.9238835508431279 -0.34539512213967577 -0.16474645393334697
vn 0.3826809948617193 -0.8338818657133699 -0.3977389724505686
vn 0.923876607550721 0.3454111742520763 0.1647517366293081
vn -0.3826824993431672 0.8338802160659688 0.3977409834933285
vn -0.0000023042114478429257 0.4305173361876035 -0.9025823082891781
vn -0.0000020795951140321333 -0.4305077836619708 0.9025868646297338
vn 0.9238813986276293 -0.3454007343641308 -0.16474675708667175
vn 0.3826824993426112 0.8338790763962354 0.397743372849195
vn -0.9238776583556685 0.3454084342212375 0.1647515886420517
vn -0.38268099486171947 -0.83388186571337 -0.3977389724505688
vn 0.000002304205810425107 0.4305173361521933 -0.9025823083060682
vn 0.0000026062406061487405 -0.4305044757077636 0.902588442419241
vn -0.9238785579417945 0.37896184237419017 -0.05325722673731853
vn 0.38268590433085786 0.91488605844575 -0.12858848583008234
vn 0.9238775389460887 -0.37896339944139174 0.053263823696225655
vn -0.3826779245115402 -0.9148935757069253 0.1285587461891898
vn -0.000003221846625950214 0.13916949908810713 0.990268574939741
vn -0.000003094145149964716 -0.1391845987244589 -0.9902664527632639
vn 0.9238761408617474 -0.37896774437076775 -0.053257159827927024
vn 0.3826870534692784 0.9148866481958245 0.12858086972801014
vn -0.9238801258611009 0.3789576544218408 0.05325982720562703
vn -0.3826848599654326 -0.9148875479393294 -0.12858099618061236
vn 0.000006093108023799774 0.1391846117923318 -0.9902664509126279
vn -2.208834509808536e-7 -0.1391705731229699 0.9902684240025912
vn 0.9238802956052403 -0.3789588140183471 -0.053248630688328254
vn 0.38268590433085786 0.91488605844575 0.1285884858300823
vn -0.9238785579631453 0.3789609632886162 0.05326348129162373
vn -0.3826792443201746 -0.9148909124222251 -0.12857377000682732
vn 0.000003094155017442231 0.13918459874804906 -0.9902664527599483
vn -0.0000030941451499615034 -0.1391845987244589 0.9902664527632639
vn -0.9238775389460887 -0.37896339944139174 -0.053263823696225655
vn 0.38267924416196164 -0.9148936306897028 -0.1285544266489634
vn 0.9238785579417945 0.37896184237419017 0.05325722673731853
vn -0.38268590433085786 0.91488605844575 0.12858848583008234
vn -0.0000019358918440284137 0.13918383062427284 -0.9902665607244375
vn 0.000006402585128672401 -0.1391680374577383 0.9902687803365148
vn -0.923874592591008 -0.378970882697242 -0.053261686346496064
vn 0.38268485990505385 -0.9148889072284592 -0.12857132429031598
vn 0.9238801258611009 0.3789576544218408 0.05325982720562707
vn -0.38268705346927845 0.9148866481958253 0.12858086972800478
vn 0.0000036468107705057255 0.13917851859334737 -0.9902673073210396
vn 0.0000063602581079614185 -0.13917441388724505 0.9902678842003758
vn 0 0 -1
vn 0.9743699022321303 -0.224951758437557 0
vn 0 0 1
vn -0.9743699022321303 0.22495175843755744 0
vn 0.2248960227489848 0.9743827681931205 0
vn -0.22489602274898277 -0.9743827681931208 0
vn -0.007927183745191245 0.9098713544210498 0.41481475162037645
vn 0.453926463858014 -0.3663678944947204 0.8122347759686633
vn 0.007930393953897429 -0.9098739453361834 -0.41480900719500297
vn -0.45392194554530846 0.3663670665378807 -0.812237674519466
vn -0.8910107513831701 -0.19472337334584772 0.4101007788244402
vn 0.8910024098702242 0.19473446595815586 -0.4101136347080464
vn 0 0 -1
vn 1 0 0
vn 0 0 1
vn -1 0 0
vn 0 1 0
vn 0 -1 0
vn -0.06186726471158057 -0.3988979899548503 -0.9149059160192852
vn 0.9975638908473542 0.00486746349099356 -0.0695887309602046
vn 0.0618708821949733 0.39889800759687466 0.9149056637007225
vn -0.9975638894131676 -0.004867454245049336 0.06958875216618059
vn -0.03220957199691334 0.9169815790357607 -0.39762712078134044
vn 0.03220580058097752 -0.9169807815559321 0.3976292653540613
vn 0.27563508683301646 0.810718480884869 -0.5164889579248388
vn 0.9612615087254682 -0.23247034805348188 0.1481008072858815
vn -0.2756272937012356 -0.810723931078377 0.5164845617671027
vn -0.9612617031154918 0.23247062749489716 -0.1480991069373254
vn -0.000005020910151803221 0.5373019941829849 0.8433899258479308
vn 0.000002798364071501742 -0.5373014566911213 -0.8433902682802122
vn 0.2884575872400549 0.6049682474247698 -0.742162812307009
vn 0.9517880288121008 -0.26564715268569183 0.1533986260693374
vn -0.288449132940205 -0.6049674621435466 0.7421667383099574
vn -0.9517914454964399 0.26563338428887256 -0.15340126932668346
vn 0.10435376618253933 0.7506282624119689 0.6524319912082089
vn -0.10435557195555249 -0.750632049691619 -0.6524273450565884
vn 0 0 -1
vn 1 0 0
vn 0 0 1
vn -1 0 0
vn 0 1 0
vn 0 -1 0
vn 0.27564203132259396 -0.8107203669832076 0.5164822912036456
vn 0.9612615087265397 0.23247119924290113 -0.14809947117847572
vn -0.2756451738048284 0.8107152509960056 -0.5164886445611268
vn -0.9612615505510395 -0.2324702250342767 0.14810072891354825
vn 0.00001870674517351056 -0.5372956163919025 -0.8433939887479064
vn 0.000015971763290214193 0.5373057648760188 0.8433875234884016
vn 0.06187592615396706 -0.3989036312008221 -0.9149028706793895
vn 0.9975643496412785 -0.004863898602256806 0.06958240305680859
vn -0.061879543716367176 0.3989036488496864 0.9149026183173052
vn -0.9975643510743267 0.004863907841359716 -0.06958238186616145
vn 0.032213846245949654 0.9169824828200954 -0.3976246902685193
vn -0.0322176176979964 -0.9169832802697765 0.3976225456579978
vn -0.28846898288791756 0.6049694922910048 -0.7421573682911019
vn 0.9517883288080379 0.2656465235299035 -0.15339785422644958
vn 0.2884491329402058 -0.6049674621435467 0.7421667383099569
vn -0.9517878440046009 -0.2656484820431299 0.1533974706220892
vn -0.10435503003717062 0.7506309131188104 0.6524287393856607
vn 0.10433773669422733 -0.7506339954538191 -0.6524279589123708
vn 0.2137953732729796 0.23889000885676284 -0.9472186136449617
vn 0.9767795262087845 -0.03901377410490387 0.21066485850619246
vn -0.21385356903531322 -0.23886835151614827 0.9472109383103725
vn -0.9767797840695636 0.0390562554641884 -0.2106557911431186
vn -0.013341061516779246 0.9702600316452139 0.24169709776791679
vn 0.013327867668284418 -0.9702603585346856 -0.2416965134203642
vn 0.3312563616525172 0.23233469564268833 -0.9144888255552148
vn 0.9434387198165067 -0.06785552321272043 0.32452890459945033
vn -0.3312753105942447 -0.2323541922438058 0.9144770078779539
vn -0.9434375926421628 0.06784698615703719 -0.3245339662638835
vn -0.013359204157931246 0.970260670123297 0.2416935325492959
vn 0.013367185319588777 -0.9702638883837382 -0.24168017141482814
vn 0.9356665789052828 0.09737579626345663 -0.33918432661569436
vn 0.3526612316180017 -0.2216033370909755 0.909132562778288
vn -0.9356501759298095 -0.09737923519472068 0.33922858493264985
vn -0.35265945605658916 0.22162438532860276 -0.909128120718741
vn -0.013358697031623741 0.9702630680884239 0.24168393392457044
vn 0.01335099991869841 -0.970257516983064 -0.24170664355584068
vn -0.9356593062508867 0.09737187935200543 -0.3392055125400653
vn 0.35266378342641097 0.22159946456074356 -0.909132516834461
vn 0.9356420576933709 -0.09737486270257022 0.3392522306322697
vn -0.35266429451489517 -0.22161800813023672 0.9091277984126861
vn 0.01335842182047648 0.9702628379352589 0.24168487310604242
vn -0.013349134629305585 -0.9702577111059978 -0.24170596733220895
vn -0.33132050433480154 0.23237099399014693 -0.9144563655852388
vn 0.9434379274274963 0.06787132052245382 -0.3245279047198386
vn 0.3312776234509455 -0.23235550103846622 0.9144758374817004
vn -0.9434427885823496 -0.0678286684518816 0.3245226901281396
vn 0.013352836241761324 0.9702607281314154 0.2416936515719778
vn -0.013371235727197697 -0.9702610478810572 -0.24169135073452788
vn -0.21381943357289274 0.2389105408115571 -0.9472080042502263
vn 0.9767803027166053 0.03904645237079576 -0.21065520354862424
vn 0.21379617672460802 -0.23892068504890576 0.9472106951854492
vn -0.9767798813159457 -0.039007057077365584 0.21066445584049096
vn 0.013378870325487442 0.970258966897422 0.2416992821337323
vn -0.013334138809135733 -0.9702601820868683 -0.2416968758568804
vn 1 0 0
vn 0 -0.5663986658180471 0.8241313920483411
vn -1 0 0
vn 0 0.5664036968304702 -0.8241279343747409
vn 0 0.8241252813007811 0.566407557083156
vn 0 -0.8241298643884312 -0.5664008886143334
vn 0.008983988534341996 0.39880366087230956 0.916992327135216
vn -0.977328190112388 -0.19049719002818147 0.09241444369259028
vn -0.008975266982935924 -0.3988008942735355 -0.9169936157407061
vn 0.9773292977553305 0.19049235843713447 -0.0924126892051675
vn -0.21153130966012007 0.89703466360256 -0.3880506633532751
vn 0.21153632715352183 -0.8970317784151817 0.3880545977149281
vn 0.007919092436039697 0.9098731227644138 0.4148110273918999
vn 0.45391636554833725 0.36636242710932765 -0.8122428855274454
vn -0.007930223081421899 -0.9098706374174027 -0.41481626622822837
vn -0.4539163398595071 -0.36635947706997934 0.8122442304932427
vn 0.8910106627731449 -0.19473355505348133 0.41009613672990625
vn -0.8910062977876279 0.19473523131875478 -0.4101048243876393
vn 0 0.4617516654224204 -0.8870092443033619
vn 0.7071066465230071 0.6272096086374991 0.32650926062790686
vn 0 -0.46175989603812845 0.8870049596314875
vn -0.7071113640098386 -0.6272054241618332 -0.3265070822970315
vn -0.7071091465165223 0.6272073911158403 0.3265081062429179
vn 0.7071067377248133 -0.6272129989937788 -0.3265025503076542
vn 1 0 0
vn 0 -0.46175414137602677 0.8870079553882751
vn -1 0 0
vn 0 0.4617344712811918 -0.8870181948701381
vn 0 0.887014968823857 0.4617406686468197
vn 0 -0.8870125998699268 -0.4617452194359931
vn 0 0.4617565139831337 -0.8870067202643644
vn 0.7071102314481614 0.6272063989718435 0.3265076624982947
vn 0 -0.4617448456075991 0.8870127944707533
vn -0.7071074365347029 -0.627205862722201 -0.32651474540090947
vn -0.7071075624716467 0.6272087663898619 0.3265088949157647
vn 0.7071039882541914 -0.6272089213510772 -0.3265163376810333
vn 0 0.4617539615095239 -0.8870080490222516
vn 0 0.8870102308459538 0.46174977030271264
vn 0 -0.4617452194359912 0.8870125998699278
vn 0 -0.8870149688238553 -0.4617406686468227
vn -1 0 0
vn 1 0 0
vn 0 0.46175651398313367 -0.8870067202643644
vn 0.7071102314481615 0.6272063989718435 0.3265076624982947
vn 0 -0.461744845607599 0.8870127944707532
vn -0.7071074365347029 -0.627205862722201 -0.32651474540090947
vn -0.7071136796982269 0.6272033403012574 0.3265060702323596
vn 0.7071039882541914 -0.6272089213510772 -0.3265163376810333
vn 0.3312574138807513 0.4247788202825244 -0.84251497291646
vn 0.9434396007957585 -0.13648771791078376 0.30214702134862503
vn -0.3312772222168818 -0.4247802016629559 0.8425064879960541
vn -0.9434361035175314 0.13648819997218412 -0.30215772346245107
vn -0.013364692211030673 0.8949524390968537 0.44596133997993237
vn 0.013376052621577702 -0.8949524310431042 -0.4459610155454207
vn 0.2138187931579789 0.43824920666511463 -0.873051634526769
vn 0.9767800557106735 -0.08369655638686796 0.19721969783678728
vn -0.21382932507527866 -0.4382423422714128 0.8730525008144224
vn -0.9767802029873178 0.08370642738403707 -0.19721477902696732
vn -0.013325819666803396 0.8949480973553253 0.44597121607822526
vn 0.013324487739361965 -0.8949494375915649 -0.4459685663598114
vn -0.331277233404314 0.42477945260137806 -0.8425068612632525
vn 0.9434362394714914 0.13649731191495876 -0.30215318282599873
vn 0.331289311636909 -0.42477632920559827 0.8425036867229486
vn -0.9434429619715979 -0.13647812393046024 0.3021408598562603
vn 0.013352942437665388 0.8949524960910804 0.44596157756986354
vn -0.013364655315819358 -0.8949524864051875 -0.44596124614753496
vn -0.21382926541239497 0.43824634912497257 -0.8730505041129226
vn 0.9767801894877702 0.08370552226578322 -0.1972152300570332
vn 0.21381885282011873 -0.4382451998114659 0.8730536312397404
vn -0.9767800692204219 -0.08369746152635085 0.1972192467985636
vn 0.013325819666803398 0.8949480973553253 0.4459712160782254
vn -0.01332448773935385 -0.8949494375915629 -0.4459685663598154
vn 0 0 1
vn -0.9762962949807465 0.21643831547779915 0
vn 0 0 -1
vn 0.976296155143006 -0.21643894624808985 0
vn 0.21643702512600516 0.976296581042157 0
vn -0.21642749367592062 -0.976298694038438 0
vn 0.008969235641348806 -0.3988040076055721 0.9169923207583283
vn -0.9773291540638122 0.19049323692175998 0.09241239799931407
vn -0.00896638484367465 0.3987988085390893 -0.9169946097173299
vn 0.9773285058070185 -0.19049585132084546 -0.09241386457976487
vn 0.21152750552140062 0.8970359186398139 0.3880498358174103
vn -0.21152958446472359 -0.8970349998554055 -0.38805082647843214
vn -0.008960756960565341 0.39880538631602297 0.9169918040419016
vn -0.9773282399486429 0.19049940479126778 -0.09240935111264909
vn 0.008975266982937253 -0.3988008942735353 -0.9169936157407061
vn 0.9773293568670574 -0.1904948112832031 0.09240700774292417
vn 0.21153509056940045 0.8970344402526693 -0.3880491186156414
vn -0.2115363119495248 -0.8970324550188108 0.388053041953956
vn -0.008974678020327368 -0.3988033918687981 0.9169925352958842
vn -0.9773284356309697 -0.19049601432835944 -0.0924142707168713
vn 0.008966479015930548 0.3987987978848437 -0.9169946134300139
vn 0.9773287329455055 0.19049589935110073 0.09241136342219072
vn -0.2115312864405806 0.8970356952974112 0.388048291091564
vn 0.21151878322755394 -0.8970356378361307 -0.3880552393588588
vn -0.9238758657742299 0.02002923456034274 -0.38216778305195276
vn 0.3826854383017935 0.04834748779463421 -0.9226127983806166
vn 0.9238770845354707 -0.020027829285565683 0.3821649103781598
vn -0.38268534714978997 -0.048353848018657754 0.9226125028735701
vn -5.856086289321625e-7 0.998629677027297 0.052333241443788286
vn -0.000001031701394490339 -0.9986296172630337 -0.0523343818538308
vn 0.9238759296496937 0.020029292069415672 -0.382167625621418
vn 0.38268351642926396 -0.04835070857079619 0.9226134267579436
vn -0.9238758019073549 -0.020026674472962542 0.38216807161194966
vn -0.3826818680343653 0.04835376512248063 -0.9226139502935172
vn 0.0000019555988541106583 0.9986292105825259 0.05234214141107589
vn 0.000002914576727612093 -0.9986295764416752 -0.052335160718448334
vn -0.8975860770833781 -0.2197725742653036 -0.38215082078529405
vn 0.35712871807028385 0.1457509607379199 -0.922613535654799
vn 0.8975888064848571 0.21977368817513693 0.38214376935780037
vn -0.35713127486994006 -0.14574857811487596 0.9226129223500306
vn -0.25846334494679174 0.9646027623307135 0.05232791055329
vn 0.2584702346948389 -0.9645999504799512 -0.0523457095746239
vn 0.8975860770833782 -0.21977257426530367 -0.38215082078529367
vn 0.3571278742058551 -0.14575034366745135 0.9226139597827614
vn -0.8975833475287369 0.21977146030152317 0.3821578724506965
vn -0.3571320514491778 0.14574876825856922 -0.9226125917083573
vn 0.258468826378398 0.9646002953071833 0.05234630917140773
vn -0.25846957417676364 -0.9645999900912835 -0.0523482410476081
vn -0.9238811645075108 -0.378955516357523 -0.05325702292138494
vn 0.38268917564064187 -0.9148866107771926 -0.12857481972807774
vn 0.9238758011777292 0.37896833847826195 0.053258824895359796
vn -0.38267755001387077 0.9148905836138373 0.12858115231290304
vn 0.000005152843549549484 0.13916904806958771 -0.9902686383163172
vn -0.0000035909697422151275 -0.13916965049536348 0.9902685536601187
vn 0.9238799560152139 -0.37895807591954883 -0.053259774395692225
vn 0.38268490007104095 0.9148883645613122 0.1285750661984866
vn -0.9238758011777292 0.3789683384782619 0.053258824895359776
vn -0.382689175640642 -0.9148866107771927 -0.12857481972807774
vn -0.0000020290596413490604 0.13917025293474722 -0.9902684689991708
vn 0.000002029059641168045 -0.13917025293474714 0.9902684689991708
vn 0.9238814679958407 -0.12774034219398842 -0.36072903690999586
vn 0.3826792284335676 0.30839681347973386 0.8708892085455162
vn -0.9238750704962007 0.1277471980106394 0.3607429937172319
vn -0.3826901470635892 -0.30839940845076125 -0.8708834917528689
vn 0.000003633863678207566 0.9426416237695993 -0.3338064845442769
vn -4.4021959310692114e-7 -0.9426390501062739 0.3338137522849353
vn 0.9238762209426794 -0.12774529676623753 -0.36074072064403784
vn 0.3826853950139377 0.3083977137908045 0.8708861800325183
vn -0.9238814679909214 0.12774319352013372 0.36072802720639513
vn -0.3826874747276243 -0.30839229536680274 -0.8708871849125976
vn 0.000005647970092558914 0.9426393351057001 -0.33381294744150386
vn -0.000003084245023922586 -0.9426406946955369 0.3338091081657348
vn 0.923880317631679 -0.12774509477131862 -0.3607303001615678
vn 0.38267592914867155 0.30839422206094297 0.8708915759436572
vn -0.9238762209434378 0.12774639965667842 0.3607403300852687
vn -0.38268331529785354 -0.30839802109241315 -0.8708869850783897
vn -0.000003103108576852708 0.9426405451499535 -0.33380953046575734
vn -0.0000030842213357112515 -0.9426406947080975 0.33380910813026493
vn -0.9238814679939249 -0.12774204238626258 -0.3607284348431334
vn 0.3826901470635883 -0.3083994084507608 -0.8708834917528693
vn 0.9238762209414899 0.1277445706591546 0.36074097777488473
vn -0.38267922843356755 0.3083968134797338 0.8708892085455162
vn -0.000006868343615116044 0.9426391663533865 -0.33381342395029395
vn 0.00000793288938144315 -0.9426400242680164 0.33381100129423935
vn -0.9238773713633184 -0.1277422443744113 -0.36073885524710725
vn 0.3826780089230163 -0.3084038658965884 -0.8708872469997222
vn 0.9238803176362658 0.1277419953422781 0.36073139773283697
vn -0.3826853950139386 0.30839771379080544 0.8708861800325174
vn -0.000004148757629389379 0.9426415525757764 -0.33380668558361387
vn 0.000003084228262597741 -0.9426406946978546 0.3338091081591901
vn -0.923880317636267 -0.12774200352021786 -0.36073139483686634
vn 0.38268163928927224 -0.30840089564711937 -0.8708867036043954
vn 0.9238750704875577 0.12774423537290178 0.3607440428622529
vn -0.3826837189791197 0.308405428243757 0.8708841846411585
vn 0.000003103135337108123 0.9426405451443102 -0.3338095304816933
vn 0.000006712470577134314 -0.9426401930214823 0.33381052478219647
vn 0.9238814679958407 -0.12774034219398842 -0.36072903690999586
vn 0.3826792284335676 0.30839681347973386 0.8708892085455162
vn -0.9238750704962007 0.1277471980106394 0.3607429937172319
vn -0.3826901470635892 -0.30839940845076125 -0.8708834917528689
vn 0.000003633863678207566 0.9426416237695993 -0.3338064845442769
vn -4.4021959310692114e-7 -0.9426390501062739 0.3338137522849353
vn 0 0 -1
vn 0.9778707132982754 0.20921010509419055 0
vn 0 0 1
vn -0.9778707132982754 -0.20921010509419039 0
vn -0.22389363817854163 0.9746135843415977 0
vn 0.2238936381785415 -0.9746135843415976 0
vn 0 0 -1
vn 0.3826843118427879 0.923879168219206 0
vn 0 0 1
vn -0.38268501194948495 -0.9238788782244254 0
vn -0.9239120247932573 0.3826049796362091 0
vn 0.9238766724085321 -0.3826903371909695 0
vn 0 0 -1
vn 0.9588162699480456 0.2840270418162971 0
vn 0 0 1
vn -0.9588223216434741 -0.2840066117508862 0
vn -0.28400661175092745 0.9588223216434618 0
vn 0.28397938242535886 -0.9588303866468312 0
vn 0 0 -1
vn 0.38268501194948495 -0.9238788782244254 0
vn 0 0 1
vn -0.3826843118427879 0.923879168219206 0
vn 0.9239120247932573 0.3826049796362091 0
vn -0.9238766724085321 -0.3826903371909695 0
vn 0 0 -1
vn 0.9588223216434741 -0.2840066117508862 0
vn 0 0 1
vn -0.9588162699480456 0.2840270418162971 0
vn 0.28400661175092745 0.9588223216434618 0
vn -0.28397938242535886 -0.9588303866468312 0
vn 0 0.25881589837502306 -0.9659266694466665
vn 1 0 0
vn 0 -0.2588146788761729 0.9659269962053155
vn -1 0 0
vn 0 0.9659268639436136 0.2588151724919846
vn 0 -0.9659251972710987 -0.25882139261813175
vn 0.38268763932554095 0.2546519403292348 -0.8880892747882955
vn 0.9238820568550218 -0.1054807709751894 0.36785289447796127
vn -0.38268371382437166 -0.25465713122325373 0.8880894778628611
vn -0.9238790304882561 0.10548082038783492 -0.36786048109900227
vn -0.000002439571121451601 0.9612615663957053 0.2756378075745846
vn -0.0000027778209425780444 -0.9612604224617751 -0.2756417969047754
vn -0.38268763932625727 0.2546520705101591 -0.8880892374597191
vn 0.9238790304913684 0.10548259923341534 -0.3678599710179022
vn 0.3826837138254934 -0.2546566830155669 0.8880896063845345
vn -0.9238820568581797 -0.1054788604306634 0.3678534423078684
vn -1.2799902336401182e-8 0.961263198307013 0.27563211638082413
vn 0.0000052302420354307785 -0.9612620543981082 -0.27563610566646246
vn -0.3826819641037962 -0.25465653201645044 -0.888090403647633
vn 0.9238807164330807 -0.105481332028036 -0.3678561001216225
vn 0.3826878162428234 0.25465799248218657 0.8880874631275018
vn -0.9238821241314663 0.10547820212872777 0.36785346210960307
vn -0.000002928372156291149 0.961262233787139 -0.2756354800927929
vn -0.00000955390594008327 -0.9612616309845171 0.2756375821721507
vn 0 -0.2588198784470123 -0.9659256029946995
vn 1 0 0
vn 0 0.25881703256051863 0.9659263655458254
vn -1 0 0
vn 0 0.965927117134451 -0.2588142275539133
vn 0 -0.9659255322130408 0.25882014260670266
vn 0.382687816264594 -0.2546505690832497 -0.8880895917350984
vn 0.9238807164322141 0.10548221372915688 0.3678558472982255
vn -0.38268781625139986 0.2546558638560804 0.8880880735019744
vn -0.9238807164330806 -0.10548133202803604 -0.3678561001216224
vn 0.000002928372156429928 0.9612622337871392 -0.275635480092793
vn 0.000008499089044419029 -0.9612609290616153 0.2756400300888207
vn 0 0 -1
vn 1 0 0
vn 0 0 1
vn -1 0 0
vn 0 1 0
vn 0 -1 0
vn 0 0 -1
vn 1 0 0
vn 0 0 1
vn -1 0 0
vn 0 1 0
vn 0 -1 0
vn 0 0 -1
vn 1 0 0
vn 0 0 1
vn -1 0 0
vn 0 1 0
vn 0 -1 0
vn -0.3826860708678419 0.25465211940389676 -0.88808989930459
vn 0.9238778228778539 0.10548162397213671 -0.36786328356969505
vn 0.3826852822754729 -0.2546508495122603 0.8880906032452015
vn -0.9238823259510947 -0.10548255635340145 0.3678517066704284
vn 0.0000013936145097837934 0.9612622624309528 0.2756353802112204
vn 9.558683656261422e-7 -0.9612611787330921 -0.2756391595179333
vn 0.38267513090764493 0.2546628538598576 -0.8880915352871964
vn 0.9238801799148876 -0.10547949221599008 0.3678579751511338
vn -0.38268371383201977 -0.25465238851083905 0.8880908378051524
vn -0.9238778228778539 0.10548162397213671 -0.36786328356969505
vn -0.0000013936109543297552 0.9612622624333188 0.2756353802029694
vn -0.0000020018033321987566 -0.9612618747655333 -0.27563673216435625
vn 0 0.7071067811865458 0.7071067811865493
vn -1 0 0
vn 0 -0.7070967811613614 -0.7071167810703137
vn 1 0 0
vn 0 0.7071067811865458 -0.7071067811865493
vn 0 -0.7070967811613614 0.7071167810703137
vn 0 0.7071067811865458 0.7071067811865493
vn -1 0 0
vn 0 -0.7070967811613614 -0.7071167810703137
vn 1 0 0
vn 0 0.7071067811865458 -0.7071067811865493
vn 0 -0.7070967811613614 0.7071167810703137
vn 0 0.7071067811865454 0.7071067811865498
vn -1 0 0
vn 0 -0.7070967811613614 -0.7071167810703137
vn 1 0 0
vn 0 0.7071067811865458 -0.7071067811865493
vn 0 -0.707096781161361 0.7071167810703142
vn 0 0.7071067811865454 0.7071067811865498
vn -1 0 0
vn 0 -0.7070967811613614 -0.7071167810703137
vn 1 0 0
vn 0 0.7071067811865458 -0.7071067811865493
vn 0 -0.707096781161361 0.7071167810703142
vn 0.7071101717879502 0.49999760247126085 0.49999760247125835
vn 0 -0.7071067811865476 0.7071067811865476
vn -0.7071101717879503 -0.4999976024712609 -0.4999976024712584
vn 0 0.7071067811865476 -0.7071067811865476
vn -0.7071101717879503 0.4999976024712609 0.4999976024712584
vn 0.7071101717879502 -0.49999760247126085 -0.49999760247125835
vn -0.6137428881096703 0.5264710011146351 0.588343396563737
vn -0.4401833413596012 0.39045113018013966 -0.8085706777583197
vn 0.6137397767421612 -0.5264957106487064 -0.5883245304362176
vn 0.44013660134931665 -0.39045422607948876 0.8085946261813395
vn 0.655432428382604 0.7552125371952646 0.00789654909272772
vn -0.6554111560305875 -0.755231171728516 -0.00787996194294015
vn 0.6137358219999844 0.5265086096178222 0.5883171124421857
vn -0.4401423710016307 -0.3904475779909703 0.808594695808752
vn -0.6137384219535064 -0.5264961617290173 -0.5883255400733785
vn 0.4401410313166489 0.3904587556071093 -0.8085900275920205
vn -0.6554327612659909 0.7552122475655044 0.007896618662302835
vn 0.655408534118912 -0.7552332266425541 -0.007901061901774692
vn 0 -0.5372969855510972 -0.8433931167123101
vn 1 0 0
vn 0 0.5373005421096556 0.8433908509396283
vn -1 0 0
vn 0 0.8433908509396291 -0.5373005421096544
vn 0 -0.843393737824744 0.5372960105919334
vn -0.3826720142470522 -0.4408452833083692 -0.8119221426324496
vn 0.9238827585718076 -0.18259831845734545 -0.33630120801195007
vn 0.3827046836920929 0.44083288015554556 0.8119134786748534
vn -0.9238747557088329 0.1826062001511418 0.3363189132806918
vn 0.000021676852150947283 0.8788126639009192 -0.47716695327472597
vn -0.00004371740896864401 -0.8788083067826261 0.4771749763122977
vn 0 -0.00872503143622369 -0.9999619361887916
vn 1 0 0
vn 0 0.008733364164286002 0.9999618634479888
vn -1 0 0
vn 0 0.9999619365059833 -0.008724995083329756
vn 0 -0.9999619367438742 0.008724967818859612
vn 0 -0.21644662920958024 -0.9762944518452468
vn 1 0 0
vn 0 0.21644662920958024 0.9762944518452468
vn -1 0 0
vn 0 0.976296640858876 -0.21643675530666048
vn 0 -0.976296640858876 0.21643675530666048
vn 0 -0.008733364164285908 -0.9999618634479888
vn 1 0 0
vn 0 0.008716553435438552 0.9999620101264883
vn -1 0 0
vn 0 0.9999619167611842 -0.008727257719288055
vn 0 -0.9999619953644455 0.008718246770802632
vn 0 -0.00873992838313534 -0.9999618060965417
vn 1 0 0
vn 0 0.008719930069493223 0.9999619806870576
vn -1 0 0
vn 0 0.9999619806870577 -0.00871993006949351
vn 0 -0.9999619791662806 0.008720104463553428
vn 0 -0.00872503143622369 -0.9999619361887916
vn 1 0 0
vn 0 0.008733364164286002 0.9999618634479888
vn -1 0 0
vn 0 0.9999619365059833 -0.008724995083329756
vn 0 -0.9999619367438742 0.008724967818859612
vn 0 -0.008733364164285908 -0.9999618634479888
vn 1 0 0
vn 0 0.008716553435438552 0.9999620101264883
vn -1 0 0
vn 0 0.9999619167611842 -0.008727257719288055
vn 0 -0.9999619953644455 0.008718246770802632
vn 0 -0.00873992838313534 -0.9999618060965417
vn 1 0 0
vn 0 0.008719930069493223 0.9999619806870576
vn -1 0 0
vn 0 0.9999619806870577 -0.00871993006949351
vn 0 -0.9999619791662806 0.008720104463553428
vn 0 -0.21644662920958024 -0.9762944518452468
vn 1 0 0
vn 0 0.21644662920958024 0.9762944518452468
vn -1 0 0
vn 0 0.976296640858876 -0.21643675530666048
vn 0 -0.976296640858876 0.21643675530666048
vn 0.3827095165980302 -0.44083192488387873 -0.8119117192826304
vn 0.923874755708833 0.18260620015114207 0.33631891328069125
vn -0.38268431808471315 0.440840133944875 0.8119191394440107
vn -0.9238831506940515 -0.1825989923618407 -0.33629976487067803
vn -0.0000021001682678665935 0.8788151505756028 -0.4771623739508073
vn -0.000041958848666764875 -0.8788191888178697 0.477154934591435
vn 0 -0.5372969855510972 -0.8433931167123101
vn 1 0 0
vn 0 0.5373005421096556 0.8433908509396283
vn -1 0 0
vn 0 0.8433908509396291 -0.5373005421096544
vn 0 -0.843393737824744 0.5372960105919334
vn 0 0 -1
vn 0.9969173207416668 0.07845926079983681 0
vn 0 0 1
vn -0.9969171268984758 -0.07846172376699555 0
vn -0.07842003204243281 0.9969204073417616 0
vn 0.0784613502686874 -0.9969171562943504 0
vn 0 0 -1
vn 0.9999619495031485 -0.008723505365560899 0
vn 0 0 1
vn -0.9999619236185292 0.008726471975034688 0
vn 0.008716698706345487 0.9999620088601681 0
vn -0.008724958730741136 -0.9999619368231708 0
vn 0 0 -1
vn 0.9563104178633599 0.29235318483985434 0
vn 0 0 1
vn -0.9563010980202381 -0.29238366904683155 0
vn -0.29236862125914 0.9563056986670266 0
vn 0.29237292275324833 -0.9563043835728889 0
vn 0 0 -1
vn 0.9781480270269646 -0.20790968525601922 0
vn 0 0 1
vn -0.9781483872452127 0.20790799053809722 0
vn 0.20790799053809877 0.9781483872452124 0
vn -0.2079000174116259 -0.978150081920073 0
vn 0 0 -1
vn 0.5948141432556291 -0.8038632563956832 0
vn 0 0 1
vn -0.5948249129853725 0.8038552872824462 0
vn 0.8038563234159205 0.5948235127365419 0
vn -0.803853374935239 -0.5948274973513131 0
vn 0 0 -1
vn 0.9969173892589598 0.07845839020206576 0
vn 0 0 1
vn -0.9969171719868787 -0.07846115088172251 0
vn -0.0784597858835363 0.9969172794164569 0
vn 0.0784613502686874 -0.9969171562943505 0
vn 0 0 -1
vn 0.9969171268984758 -0.07846172376699555 0
vn 0 0 1
vn -0.9969173207416668 0.07845926079983681 0
vn 0.07842003204243281 0.9969204073417616 0
vn -0.0784613502686874 -0.9969171562943504 0
vn 0 0 -1
vn 0.9999619236185292 0.008726471975034688 0
vn 0 0 1
vn -0.9999619495031485 -0.008723505365560899 0
vn -0.008716698706345487 0.9999620088601681 0
vn 0.008724958730741136 -0.9999619368231708 0
vn 0 0 -1
vn 0.9563010980202381 -0.29238366904683155 0
vn 0 0 1
vn -0.9563104178633599 0.29235318483985434 0
vn 0.29236862125914 0.9563056986670266 0
vn -0.29237292275324833 -0.9563043835728889 0
vn 0 0 -1
vn 0.9969171719868787 -0.07846115088172251 0
vn 0 0 1
vn -0.9969173892589598 0.07845839020206576 0
vn 0.0784597858835363 0.9969172794164569 0
vn -0.0784613502686874 -0.9969171562943505 0
vn 0 0 -1
vn 0.9781483872452127 0.20790799053809722 0
vn 0 0 1
vn -0.9781480270269646 -0.20790968525601922 0
vn -0.20790799053809877 0.9781483872452124 0
vn 0.2079000174116259 -0.978150081920073 0
vn 0 0 -1
vn 0.5948249129853725 0.8038552872824462 0
vn 0 0 1
vn -0.5948141432556291 -0.8038632563956832 0
vn -0.8038563234159205 0.5948235127365419 0
vn 0.803853374935239 -0.5948274973513131 0
vn 0 0 -1
vn 1 0 0
vn 0 0 1
vn -1 0 0
vn 0 1 0
vn 0 -1 0
vn 0 0 -1
vn 1 0 0
vn 0 0 1
vn -1 0 0
vn 0 1 0
vn 0 -1 0
vn 0 0 -1
vn 0 1 0
vn 0 0 1
vn 0 -1 0
vn -1 0 0
vn 1 0 0
vn 0 0.7071067811865459 0.7071067811865491
vn 1 0 0
vn 0 -0.7071067811865483 -0.7071067811865467
vn -1 0 0
vn 0 -0.7071067811865476 0.7071067811865476
vn 0 0.707106781186547 -0.707106781186548
vn 0 0.7071067811865476 0.7071067811865476
vn 1 0 0
vn 0 -0.7071067811865476 -0.7071067811865476
vn -1 0 0
vn 0 -0.7071083436756362 0.7071052186940062
vn 0 0.7071052186940049 -0.7071083436756377
vn 0 0.7071158720075036 0.7070976902487153
vn 1 0 0
vn 0 -0.7071022357614601 -0.7071113265824163
vn -1 0 0
vn 0 -0.7070967814441975 0.7071167807874855
vn 0 0.7071067811865458 -0.7071067811865493
vn 0 0.3173105618781744 0.9483216792421004
vn 1 0 0
vn 0 -0.3173105618781761 -0.9483216792421001
vn -1 0 0
vn 0 -0.9483276973700767 0.3172925753949635
vn 0 0.9483276973700767 -0.3172925753949629
vn 0 0.7071067811865476 0.7071067811865476
vn 1 0 0
vn 0 -0.7071067811865476 -0.7071067811865476
vn -1 0 0
vn 0 -0.7071083436756362 0.7071052186940062
vn 0 0.7071052186940049 -0.7071083436756377
vn 0 0.7071067811865565 0.7071067811865387
vn 1 0 0
vn 0 -0.7071067811865498 -0.7071067811865454
vn -1 0 0
vn 0 -0.7070817813887609 0.7071317801004963
vn 0 0.7071317801005074 -0.7070817813887498
vn 0 0.608759727998604 -0.7933546455193072
vn 1 0 0
vn 0 -0.608762142816076 0.793352792567077
vn -1 0 0
vn 0 0.7933557492851656 0.6087582895338456
vn 0 -0.7933611154600064 -0.6087512960775151
vn 0 0.608759727998604 -0.7933546455193072
vn 1 0 0
vn 0 -0.608762142816076 0.793352792567077
vn -1 0 0
vn 0 0.7933557492851656 0.6087582895338456
vn 0 -0.7933611154600064 -0.6087512960775151
vn 0 0.39874614303127975 -0.9170613465944787
vn 1 0 0
vn 0 -0.39874932282059966 0.9170599639882406
vn -1 0 0
vn 0 0.917056065287689 0.39875828909135197
vn 0 -0.9170706921895317 -0.398724648757778
vn 0 0.44620829449666755 -0.8949291356986737
vn 1 0 0
vn 0 -0.44620829449666577 0.8949291356986746
vn -1 0 0
vn 0 0.894934113170207 0.44619831138660254
vn 0 -0.8949341131702074 -0.44619831138660165
vn 0 0.44618333745495675 -0.8949415787511251
vn 1 0 0
vn 0 -0.44619331997826517 0.8949366017806923
vn -1 0 0
vn 0 0.8949306064869357 0.4462053446261323
vn 0 -0.8949385926089527 -0.44618932692199964
vn -0.000008751678148880968 0.3987475582575844 -0.9170607311988789
vn 0.9510617540832453 -0.2833725828597614 -0.12321330773698293
vn -0.00001655028300269731 -0.39875270697168874 0.917058492359587
vn -0.951058815248231 0.2833800589517752 0.12321879778313029
vn 0.3090247959419697 0.8721717876393874 0.37923613796543637
vn -0.3090218569037873 -0.8721759394740296 -0.3792289843331197
vn 0 0.2756336577655987 -0.9612627563297961
vn 1 0 0
vn 0 -0.27564289811088416 0.9612601066938297
vn -1 0 0
vn 0 0.9612622561865996 0.2756354019915594
vn 0 -0.9612620029369614 -0.2756362851832487
vn 0 0.2756521383797555 -0.9612574569836471
vn 1 0 0
vn 0 -0.2756224138125718 0.9612659803634639
vn -1 0 0
vn 0 0.96126250625636 0.27563452988648135
vn 0 -0.9612617188249738 -0.2756372760017356
vn 0 0 -1
vn 0.9743699022321303 0.22495175843755744 0
vn 0 0 1
vn -0.9743699022321303 -0.224951758437557 0
vn -0.2248960227489848 0.9743827681931205 0
vn 0.22489602274898277 -0.9743827681931208 0
vn 0 0 -1
vn 0.9743699022321303 -0.224951758437557 0
vn 0 0 1
vn -0.9743699022321303 0.22495175843755744 0
vn 0.2248960227489848 0.9743827681931205 0
vn -0.22489602274898277 -0.9743827681931208 0
vn -0.00791055376340742 0.9098662312063351 0.4148263063615136
vn 0.4539163398595071 -0.36635947706997934 0.8122442304932427
vn 0.007930223081421899 -0.9098706374174027 -0.41481626622822837
vn -0.45391636554833725 0.36636242710932765 -0.8122428855274454
vn -0.8910005038132027 -0.1947417542752475 0.4101143149737863
vn 0.8910062977876279 0.19473523131875478 -0.4101048243876393
vn 0 0 -1
vn 1 0 0
vn 0 0 1
vn -1 0 0
vn 0 1 0
vn 0 -1 0
vn -0.06187592615396706 -0.3989036312008221 -0.9149028706793895
vn 0.9975643510743267 0.004863907841359716 -0.06958238186616145
vn 0.061879543716367176 0.3989036488496864 0.9149026183173052
vn -0.9975643496412785 -0.004863898602256806 0.06958240305680859
vn -0.032213846245949654 0.9169824828200954 -0.3976246902685193
vn 0.0322176176979964 -0.9169832802697765 0.3976225456579978
vn 0.27564784458357 0.8107189610676425 -0.5164813955427966
vn 0.9612615505509976 -0.23247005381880873 0.14810099766636345
vn -0.2756379151399814 -0.810718393993533 0.5164875849212944
vn -0.9612617031154918 0.23247062749489722 -0.14809910693732542
vn 4.965432464134212e-7 0.5373017822767996 0.8433900608626641
vn -0.000012308863937955406 -0.5372942794400719 -0.843394840587412
vn 0.28846898288791756 0.6049694922910048 -0.7421573682911019
vn 0.9517875842421664 -0.26564902682059405 0.15339813894481455
vn -0.2884491329402058 -0.6049674621435467 0.7421667383099569
vn -0.9517883288080379 0.2656465235299035 -0.15339785422644958
vn 0.10437143269987863 0.7506263349209429 0.6524313828743427
vn -0.10433773669422733 -0.7506339954538191 -0.6524279589123708
vn 0 0 -1
vn 1 0 0
vn 0 0 1
vn -1 0 0
vn 0 1 0
vn 0 -1 0
vn 0.27563022973315915 -0.810720252594518 0.5164887689876005
vn 0.9612615087265397 0.23247119924290113 -0.1480994711784757
vn -0.2756278559113247 0.810723795119225 -0.5164844751521648
vn -0.9612614533546457 -0.23247011303783913 0.14810153557167635
vn 0.000003054000151794341 -0.5372965176744751 -0.8433934147748343
vn -0.000006323316568081228 0.5372957270152073 0.843393918457571
vn 0.06186726471158057 -0.3988979899548503 -0.9149059160192852
vn 0.9975638894131676 -0.004867454245049336 0.06958875216618059
vn -0.0618708821949733 0.39889800759687466 0.9149056637007225
vn -0.9975638908473542 0.00486746349099356 -0.0695887309602046
vn 0.03220957199691334 0.9169815790357607 -0.39762712078134044
vn -0.03220580058097752 -0.9169807815559321 0.3976292653540613
vn -0.2884575872400549 0.6049682474247698 -0.742162812307009
vn 0.9517914454964399 0.26563338428887256 -0.15340126932668346
vn 0.288449132940205 -0.6049674621435466 0.7421667383099574
vn -0.9517877690513451 -0.2656476974577037 0.15339929439108785
vn -0.10437016885108027 0.7506236843099784 0.6524346345856505
vn 0.10435557195555249 -0.750632049691619 -0.6524273450565884
vn 0.21381943357289274 0.2389105408115571 -0.9472080042502263
vn 0.9767798813159457 -0.039007057077365584 0.21066445584049096
vn -0.21379617672460802 -0.23892068504890576 0.9472106951854492
vn -0.9767803027166053 0.03904645237079576 -0.21065520354862424
vn -0.013378870325487442 0.970258966897422 0.2416992821337323
vn 0.013334138809135733 -0.9702601820868683 -0.2416968758568804
vn 0.33132050433480154 0.23237099399014693 -0.9144563655852388
vn 0.9434427885823496 -0.0678286684518816 0.3245226901281396
vn -0.3312776234509455 -0.23235550103846622 0.9144758374817004
vn -0.9434424278598972 0.06786816394072648 -0.3245154813520267
vn -0.013352836241761324 0.9702607281314154 0.2416936515719778
vn 0.013336635128011748 -0.9702585592220785 -0.24170325281170527
vn 0.9356593062508867 0.09737187935200543 -0.3392055125400653
vn 0.35266429451489517 -0.22161800813023672 0.9091277984126861
vn -0.9356420576933709 -0.09737486270257022 0.3392522306322697
vn -0.35266378342641097 0.22159946456074356 -0.909132516834461
vn -0.01335842182047648 0.9702628379352589 0.24168487310604242
vn 0.01335757133828887 -0.9702630127160398 -0.24168421844037888
vn -0.9356665789052828 0.09737579626345663 -0.33918432661569436
vn 0.35265945605658916 0.22162438532860276 -0.909128120718741
vn 0.9356501759298095 -0.09737923519472068 0.33922858493264985
vn -0.3526612316180017 -0.2216033370909755 0.909132562778288
vn 0.013358697031623741 0.9702630680884239 0.24168393392457044
vn -0.013359436603413507 -0.9702628185823321 -0.2416848947086019
vn -0.3312563616525172 0.23233469564268833 -0.9144888255552148
vn 0.9434420929850474 0.06784382936278517 -0.3245215432007351
vn 0.3312753105942447 -0.2323541922438058 0.9144770078779539
vn -0.9434387198165067 -0.06785552321272043 0.32452890459945033
vn 0.013359204157931246 0.970260670123297 0.2416935325492959
vn -0.013332585312958067 -0.9702613997390094 -0.2416920734020274
vn -0.2137953732729796 0.23889000885676284 -0.9472186136449617
vn 0.9767797840695636 0.0390562554641884 -0.2106557911431186
vn 0.21385356903531322 -0.23886835151614827 0.9472109383103725
vn -0.9767795262087845 -0.03901377410490387 0.21066485850619246
vn 0.013341061516779246 0.9702600316452139 0.24169709776791679
vn -0.013327867668284418 -0.9702603585346856 -0.2416965134203642
vn 1 0 0
vn 0 -0.5663986658180471 0.8241313920483411
vn -1 0 0
vn 0 0.5664036968304702 -0.8241279343747409
vn 0 0.8241252813007811 0.566407557083156
vn 0 -0.8241298643884312 -0.5664008886143334
vn 0.008960756960565341 0.39880538631602297 0.9169918040419016
vn -0.9773293568670574 -0.1904948112832031 0.09240700774292417
vn -0.008975266982937253 -0.3988008942735353 -0.9169936157407061
vn 0.9773282399486429 0.19049940479126778 -0.09240935111264909
vn -0.21153509056940045 0.8970344402526693 -0.3880491186156414
vn 0.21153133754344075 -0.8970334245947887 0.38805351228513374
vn 0.007918645216352679 0.9098644628723521 0.4148300305666696
vn 0.45392194554530846 0.3663670665378807 -0.812237674519466
vn -0.007930393953897429 -0.9098739453361834 -0.41480900719500297
vn -0.453926463858014 -0.3663678944947204 0.8122347759686633
vn 0.8910005925164886 -0.19473157268785934 0.410118956808606
vn -0.8910024098702242 0.19473446595815586 -0.4101136347080464
vn 0 0.46174297702965766 -0.8870137671782716
vn 0.7071022113894865 0.6272207828578599 0.326497399988532
vn 0 -0.4617458731291714 0.8870122595816696
vn -0.707109237718006 -0.6272107814595614 -0.326501395946092
vn -0.707104711398682 0.6272185653245123 0.32649624565995716
vn 0.7071088640241635 -0.6272076416904458 -0.3265082366856407
vn 1 0 0
vn 0 -0.46175414137602677 0.8870079553882751
vn -1 0 0
vn 0 0.4617344712811918 -0.8870181948701381
vn 0 0.887014968823857 0.4617406686468197
vn 0 -0.8870125998699268 -0.4617452194359931
vn 0 0.4617371718339687 -0.8870167891008425
vn 0.7071041139310774 0.6272234096274643 0.32648823329033483
vn 0 -0.46174852463173316 0.8870108793021751
vn -0.707109028863297 -0.6272074656829837 -0.3265082178009216
vn -0.7071136795505447 0.627214924637804 0.3264838166036467
vn 0.7071055805905504 -0.6272105243334526 -0.3265098100563843
vn 0 0.4617539615095239 -0.8870080490222516
vn 0 0.8870102308459538 0.46174977030271264
vn 0 -0.4617452194359912 0.8870125998699278
vn 0 -0.8870149688238553 -0.4617406686468227
vn -1 0 0
vn 1 0 0
vn 0 0.4617371718339687 -0.8870167891008425
vn 0.7071041139310775 0.6272234096274641 0.3264882332903347
vn 0 -0.46174852463173316 0.8870108793021751
vn -0.707109028863297 -0.6272074656829837 -0.3265082178009216
vn -0.7071075622109763 0.6272203509268476 0.3264866411466979
vn 0.7071055805905505 -0.6272105243334525 -0.3265098100563843
vn 0.331277233404314 0.42477945260137806 -0.8425068612632525
vn 0.9434429619715979 -0.13647812393046024 0.3021408598562603
vn -0.331289311636909 -0.42477632920559827 0.8425036867229486
vn -0.943442282604294 0.1364895630913986 -0.30213781385572874
vn -0.013352942437665388 0.8949524960910804 0.44596157756986354
vn 0.013364655315819358 -0.8949524864051875 -0.44596124614753496
vn 0.21382926541239497 0.43824634912497257 -0.8730505041129226
vn 0.9767797679979975 -0.08369807889207555 0.19722047667408718
vn -0.21381885282011873 -0.4382451998114659 0.8730536312397404
vn -0.9767798882713552 0.08370613961052481 -0.19721645991169837
vn -0.013325819666803386 0.8949480973553253 0.4459712160782254
vn 0.01332448773935385 -0.8949494375915629 -0.4459685663598154
vn -0.3312574138807513 0.4247788202825244 -0.84251497291646
vn 0.9434421466623216 0.13648045114717766 -0.3021423544554013
vn 0.3312772222168818 -0.4247802016629559 0.8425064879960541
vn -0.9434396007957585 -0.13648771791078376 0.30214702134862503
vn 0.013364692211030673 0.8949524390968537 0.44596133997993237
vn -0.013376052621577702 -0.8949524310431042 -0.4459610155454207
vn -0.2138187931579789 0.43824920666511463 -0.873051634526769
vn 0.9767799017716758 0.08370704473301116 -0.19721600887600715
vn 0.21382932507527866 -0.4382423422714128 0.8730525008144224
vn -0.9767797544874758 -0.08369717374836007 0.19722092771793628
vn 0.013325819666803372 0.8949480973553253 0.44597121607822526
vn -0.013324487739361965 -0.8949494375915649 -0.4459685663598114
vn 0 0 1
vn -0.9762962949807465 0.21643831547779915 0
vn 0 0 -1
vn 0.976296155143006 -0.21643894624808985 0
vn 0.21643702512600516 0.976296581042157 0
vn -0.21642749367592062 -0.976298694038438 0
vn 0.008974678020327368 -0.3988033918687981 0.9169925352958842
vn -0.9773287329455055 0.19049589935110073 0.09241136342219072
vn -0.008966479015930548 0.3987987978848437 -0.9169946134300139
vn 0.9773284356309697 -0.19049601432835944 -0.0924142707168713
vn 0.2115312864405806 0.8970356952974112 0.388048291091564
vn -0.21151878322755394 -0.8970356378361307 -0.3880552393588588
vn -0.008983988534341996 0.39880366087230956 0.916992327135216
vn -0.9773292977553305 0.19049235843713447 -0.0924126892051675
vn 0.008975266982935924 -0.3988008942735355 -0.9169936157407061
vn 0.977328190112388 -0.19049719002818147 0.09241444369259028
vn 0.21153130966012007 0.89703466360256 -0.3880506633532751
vn -0.2115313527692704 -0.8970327479862434 0.38805506804556916
vn -0.008969235641348806 -0.3988040076055721 0.9169923207583283
vn -0.9773285058070185 -0.19049585132084546 -0.09241386457976487
vn 0.00896638484367465 0.3987988085390893 -0.9169946097173299
vn 0.9773291540638122 0.19049323692175998 0.09241239799931407
vn -0.21152750552140062 0.8970359186398139 0.3880498358174103
vn 0.21152958446472359 -0.8970349998554055 -0.38805082647843214
vn -0.9238759296496937 0.020029292069415672 -0.382167625621418
vn 0.3826818680343653 0.04835376512248063 -0.9226139502935172
vn 0.9238758019073549 -0.020026674472962542 0.38216807161194966
vn -0.38268351642926396 -0.04835070857079619 0.9226134267579436
vn -0.0000019555988541106583 0.9986292105825259 0.05234214141107589
vn -0.000006099258128697096 -0.9986299787742923 -0.05232748279877389
vn 0.9238758657742299 0.02002923456034274 -0.38216778305195276
vn 0.38268534714978997 -0.048353848018657754 0.9226125028735701
vn -0.9238770845354707 -0.020027829285565683 0.3821649103781598
vn -0.3826854383017935 0.04834748779463421 -0.9226127983806166
vn 5.856086289321625e-7 0.998629677027297 0.052333241443788286
vn 0.00000421638216716561 -0.9986300195956834 -0.052326703933528715
vn -0.8975860770833782 -0.21977257426530367 -0.38215082078529367
vn 0.3571315592640231 0.14574864774813764 -0.9226128012645592
vn 0.8975877617640846 0.21977278576969364 0.38214674218992023
vn -0.35713127486994006 -0.145748578114876 0.9226129223500306
vn -0.25846835249788236 0.9646004113365786 0.05234651092798641
vn 0.25846975868186967 -0.9646001280848974 -0.052344787185888635
vn 0.8975860770833781 -0.2197725742653036 -0.38215082078529405
vn 0.3571302894908121 -0.14574833684693297 0.9226133418906113
vn -0.8975808884439263 0.2197693363213617 0.38216486954334283
vn -0.35713205144917765 0.14574876825856906 -0.9226125917083572
vn 0.25846910030060266 0.9646001671802082 0.05234731765536374
vn -0.2584686264408728 -0.9646003442618163 -0.052346394295636915
vn -0.9238799560152139 -0.37895807591954883 -0.053259774395692225
vn 0.382689175640642 -0.9148866107771927 -0.12857481972807774
vn 0.9238758011777292 0.3789683384782619 0.053258824895359776
vn -0.38268490007104095 0.9148883645613122 0.1285750661984866
vn 0.0000020290596413490604 0.13917025293474722 -0.9902684689991708
vn -0.000002029059641168045 -0.13917025293474714 0.9902684689991708
vn 0.9238811645075108 -0.378955516357523 -0.05325702292138494
vn 0.38267755001387077 0.9148905836138373 0.12858115231290304
vn -0.9238758011777292 0.37896833847826195 0.053258824895359796
vn -0.38268917564064187 -0.9148866107771926 -0.12857481972807774
vn -0.000005152843549549484 0.13916904806958771 -0.9902686383163172
vn 0.0000035909697422151275 -0.13916965049536348 0.9902685536601187
vn 0.9238803176359006 -0.12774296945636593 -0.360731052779571
vn 0.38267922843356755 0.3083968134797338 0.8708892085455162
vn -0.9238762209414899 0.1277445706591546 0.36074097777488473
vn -0.3826901470635883 -0.3083994084507608 -0.8708834917528693
vn 0.000006868343615116044 0.9426391663533865 -0.33381342395029395
vn -0.00000793288938144315 -0.9426400242680164 0.33381100129423935
vn 0.9238773713633184 -0.1277422443744113 -0.36073885524710725
vn 0.3826853950139386 0.30839771379080544 0.8708861800325174
vn -0.9238803176362658 0.1277419953422781 0.36073139773283697
vn -0.3826780089230163 -0.3084038658965884 -0.8708872469997222
vn 0.000004148757629389379 0.9426415525757764 -0.33380668558361387
vn -0.0000030842380981853177 -0.9426406947057808 0.33380910813680703
vn 0.9238791672521058 -0.12774293059649197 -0.3607340128130079
vn 0.3826837189791197 0.308405428243757 0.8708841846411585
vn -0.9238750704875577 0.12774423537290178 0.3607440428622529
vn -0.38268163928927224 -0.30840089564711937 -0.8708867036043954
vn -0.000003103135337108123 0.9426405451443102 -0.3338095304816933
vn -0.000004583414173218304 -0.9426384771959069 0.33381537006071815
vn -0.9238803176358965 -0.12774126925330023 -0.3607316548551724
vn 0.3826901470635892 -0.30839940845076125 -0.8708834917528689
vn 0.9238750704962007 0.1277471980106394 0.3607429937172319
vn -0.3826792284335676 0.30839681347973386 0.8708892085455162
vn -0.000003633863678207566 0.9426416237695993 -0.3338064845442769
vn 4.4021959310692114e-7 -0.9426390501062739 0.3338137522849353
vn -0.9238762209426794 -0.12774529676623753 -0.36074072064403784
vn 0.3826874747276243 -0.30839229536680274 -0.8708871849125976
vn 0.9238814679909214 0.12774319352013372 0.36072802720639513
vn -0.3826853950139377 0.3083977137908045 0.8708861800325183
vn -0.000005647970092558914 0.9426393351057001 -0.33381294744150386
vn 0.0000030842548596170687 -0.9426406947034633 0.3338091081433516
vn -0.9238791672510089 -0.12774602186721387 -0.3607329181218203
vn 0.38268331529785354 -0.30839802109241315 -0.8708869850783897
vn 0.9238762209434378 0.12774639965667842 0.3607403300852687
vn -0.38267592914867155 0.30839422206094297 0.8708915759436572
vn 0.000003103108576852708 0.9426405451499535 -0.33380953046575734
vn 9.551444449174134e-7 -0.9426389789048109 0.33381395334584685
vn 0.9238803176359006 -0.12774296945636593 -0.360731052779571
vn 0.38267922843356755 0.3083968134797338 0.8708892085455162
vn -0.9238762209414899 0.1277445706591546 0.36074097777488473
vn -0.3826901470635883 -0.3083994084507608 -0.8708834917528693
vn 0.000006868343615116044 0.9426391663533865 -0.33381342395029395
vn -0.00000793288938144315 -0.9426400242680164 0.33381100129423935
vn 0 0 -1
vn 0.9778707132982754 0.20921010509419055 0
vn 0 0 1
vn -0.9778707132982754 -0.20921010509419039 0
vn -0.22389363817854163 0.9746135843415977 0
vn 0.2238936381785415 -0.9746135843415976 0
vn 0 0 -1
vn 0.3826843118427879 0.923879168219206 0
vn 0 0 1
vn -0.38268501194948495 -0.9238788782244254 0
vn -0.9239120247932573 0.3826049796362091 0
vn 0.9238766724085321 -0.3826903371909695 0
vn 0 0 -1
vn 0.9588162699480456 0.2840270418162971 0
vn 0 0 1
vn -0.9588223216434741 -0.2840066117508862 0
vn -0.28400661175092745 0.9588223216434618 0
vn 0.28397938242535886 -0.9588303866468312 0
vn 0 0 -1
vn 0.38268501194948495 -0.9238788782244254 0
vn 0 0 1
vn -0.3826843118427879 0.923879168219206 0
vn 0.9239120247932573 0.3826049796362091 0
vn -0.9238766724085321 -0.3826903371909695 0
vn 0 0 -1
vn 0.9588223216434741 -0.2840066117508862 0
vn 0 0 1
vn -0.9588162699480456 0.2840270418162971 0
vn 0.28400661175092745 0.9588223216434618 0
vn -0.28397938242535886 -0.9588303866468312 0
vn 0 0.25881589837502306 -0.9659266694466665
vn 1 0 0
vn 0 -0.2588146788761729 0.9659269962053155
vn -1 0 0
vn 0 0.9659268639436136 0.2588151724919846
vn 0 -0.9659251972710987 -0.25882139261813175
vn 0.38268763932554106 0.2546519403292349 -0.8880892747882956
vn 0.923881118395196 -0.10547943100789035 0.3678556356875526
vn -0.38268371382437194 -0.2546571312232539 0.8880894778628607
vn -0.9238799689738291 0.10548216037351373 -0.3678577398558485
vn 0.0000059334540112194215 0.9612625223354132 0.27563447374766714
vn 6.903988481187332e-7 -0.9612627303728867 -0.27563374828853365
vn -0.38268763932625716 0.25465207051015903 -0.8880892374597193
vn 0.9238799689721127 0.10548024980706554 -0.3678582877042833
vn 0.382683713825493 -0.25465668301556665 0.8880896063845345
vn -0.9238811183937703 -0.10548120983306011 0.3678551256237028
vn -0.0000034810444510603234 0.9612608904180742 0.2756401649624627
vn -0.0000031427814044005353 -0.961261098442585 -0.2756394395058116
vn -0.382687816264594 -0.2546505690832497 -0.8880895917350984
vn 0.9238807164330806 -0.10548133202803603 -0.36785610012162234
vn 0.3826901689506425 0.25465559523672127 0.8880871367175409
vn -0.9238807164322141 0.10548221372915688 0.3678558472982255
vn -0.000002928372156429928 0.9612622337871392 -0.275635480092793
vn -0.0000059525129397691015 -0.961261219828594 0.2756390161392449
vn 0 -0.2588198784470123 -0.9659256029946995
vn 1 0 0
vn 0 0.25881703256051863 0.9659263655458254
vn -1 0 0
vn 0 0.965927117134451 -0.2588142275539133
vn 0 -0.9659255322130408 0.25882014260670266
vn 0.3826819641037962 -0.25465653201645044 -0.888090403647633
vn 0.9238821241314663 0.10547820212872777 0.36785346210960307
vn -0.3826901689617317 0.2546577238583366 0.8880865263358815
vn -0.9238807164330807 -0.10548133202803595 -0.36785610012162234
vn 0.000002928372156291149 0.961262233787139 -0.2756354800927929
vn 0.000007007348570940599 -0.9612619217463318 0.27563656824058436
vn 0 0 -1
vn 1 0 0
vn 0 0 1
vn -1 0 0
vn 0 1 0
vn 0 -1 0
vn 0 0 -1
vn 1 0 0
vn 0 0 1
vn -1 0 0
vn 0 1 0
vn 0 -1 0
vn 0 0 -1
vn 1 0 0
vn 0 0 1
vn -1 0 0
vn 0 1 0
vn 0 -1 0
vn -0.38267513090764493 0.2546628538598576 -0.8880915352871964
vn 0.9238778228778539 0.10548162397213671 -0.36786328356969505
vn 0.38268371383201977 -0.25465238851083905 0.8880908378051524
vn -0.9238801799148876 -0.10547949221599008 0.3678579751511338
vn 0.0000013936023708514905 0.9612622624323387 0.2756353802063871
vn 0.00000452698229932908 -0.9612615864475137 -0.27563773761935345
vn 0.3826860708678419 0.25465211940389676 -0.88808989930459
vn 0.9238823259510947 -0.10548255635340145 0.3678517066704284
vn -0.3826852822754729 -0.2546508495122603 0.8880906032452015
vn -0.9238778228778539 0.10548162397213671 -0.36786328356969505
vn -0.0000013936059262493953 0.9612622624299729 0.27563538021463807
vn -0.0000034810318948276313 -0.9612608904264308 -0.27564016493332005
vn 0 0.7071067811865458 0.7071067811865493
vn -1 0 0
vn 0 -0.7070967811613614 -0.7071167810703137
vn 1 0 0
vn 0 0.7071067811865458 -0.7071067811865493
vn 0 -0.7070967811613614 0.7071167810703137
vn 0 0.7071067811865458 0.7071067811865493
vn -1 0 0
vn 0 -0.7070967811613614 -0.7071167810703137
vn 1 0 0
vn 0 0.7071067811865458 -0.7071067811865493
vn 0 -0.7070967811613614 0.7071167810703137
vn 0 0.7071067811865454 0.7071067811865498
vn -1 0 0
vn 0 -0.7070967811613614 -0.7071167810703137
vn 1 0 0
vn 0 0.7071067811865458 -0.7071067811865493
vn 0 -0.707096781161361 0.7071167810703142
vn 0 0.7071067811865454 0.7071067811865498
vn -1 0 0
vn 0 -0.7070967811613614 -0.7071167810703137
vn 1 0 0
vn 0 0.7071067811865458 -0.7071067811865493
vn 0 -0.707096781161361 0.7071167810703142
vn 0.7071101717879503 0.4999976024712609 0.4999976024712584
vn 0 -0.7071067811865476 0.7071067811865476
vn -0.7071101717879502 -0.49999760247126085 -0.49999760247125835
vn 0 0.7071067811865476 -0.7071067811865476
vn -0.7071101717879502 0.49999760247126085 0.49999760247125835
vn 0.7071101717879503 -0.4999976024712609 -0.4999976024712584
vn -0.6137358219999844 0.5265086096178222 0.5883171124421857
vn -0.4401410313166489 0.3904587556071093 -0.8085900275920205
vn 0.6137384219535064 -0.5264961617290173 -0.5883255400733785
vn 0.4401477736988157 -0.39045221268744223 0.8085895169463035
vn 0.6554327612659909 0.7552122475655044 0.007896618662302835
vn -0.655408534118912 -0.7552332266425541 -0.007901061901774692
vn 0.6137428881096703 0.5264710011146351 0.588343396563737
vn -0.4401420039048577 -0.39045886079680875 0.8085894473859244
vn -0.6137397767421612 -0.5264957106487064 -0.5883245304362176
vn 0.4401833413596012 0.39045113018013966 -0.8085706777583197
vn -0.655432428382604 0.7552125371952646 0.00789654909272772
vn 0.6554111560305875 -0.755231171728516 -0.00787996194294015
vn 0 -0.5372969855510972 -0.8433931167123101
vn 1 0 0
vn 0 0.5373005421096556 0.8433908509396283
vn -1 0 0
vn 0 0.8433908509396291 -0.5373005421096544
vn 0 -0.843393737824744 0.5372960105919334
vn -0.3827095165980302 -0.44083192488387873 -0.8119117192826304
vn 0.9238831506940515 -0.1825989923618407 -0.33629976487067803
vn 0.38268431808471315 0.440840133944875 0.8119191394440107
vn -0.923874755708833 0.18260620015114207 0.33631891328069125
vn 0.0000021001682678665935 0.8788151505756028 -0.4771623739508073
vn 0.000041958848666764875 -0.8788191888178697 0.477154934591435
vn 0 -0.00872503143622369 -0.9999619361887916
vn 1 0 0
vn 0 0.008733364164286002 0.9999618634479888
vn -1 0 0
vn 0 0.9999619365059833 -0.008724995083329756
vn 0 -0.9999619367438742 0.008724967818859612
vn 0 -0.21644662920958024 -0.9762944518452468
vn 1 0 0
vn 0 0.21644662920958024 0.9762944518452468
vn -1 0 0
vn 0 0.976296640858876 -0.21643675530666048
vn 0 -0.976296640858876 0.21643675530666048
vn 0 -0.008733364164285908 -0.9999618634479888
vn 1 0 0
vn 0 0.008716553435438552 0.9999620101264883
vn -1 0 0
vn 0 0.9999619167611842 -0.008727257719288055
vn 0 -0.9999619953644455 0.008718246770802632
vn 0 -0.00873992838313534 -0.9999618060965417
vn 1 0 0
vn 0 0.008719930069493223 0.9999619806870576
vn -1 0 0
vn 0 0.9999619806870577 -0.00871993006949351
vn 0 -0.9999619791662806 0.008720104463553428
vn 0 -0.00872503143622369 -0.9999619361887916
vn 1 0 0
vn 0 0.008733364164286002 0.9999618634479888
vn -1 0 0
vn 0 0.9999619365059833 -0.008724995083329756
vn 0 -0.9999619367438742 0.008724967818859612
vn 0 -0.008733364164285908 -0.9999618634479888
vn 1 0 0
vn 0 0.008716553435438552 0.9999620101264883
vn -1 0 0
vn 0 0.9999619167611842 -0.008727257719288055
vn 0 -0.9999619953644455 0.008718246770802632
vn 0 -0.00873992838313534 -0.9999618060965417
vn 1 0 0
vn 0 0.008719930069493223 0.9999619806870576
vn -1 0 0
vn 0 0.9999619806870577 -0.00871993006949351
vn 0 -0.9999619791662806 0.008720104463553428
vn 0 -0.21644662920958024 -0.9762944518452468
vn 1 0 0
vn 0 0.21644662920958024 0.9762944518452468
vn -1 0 0
vn 0 0.976296640858876 -0.21643675530666048
vn 0 -0.976296640858876 0.21643675530666048
vn 0.3826720142470522 -0.4408452833083692 -0.8119221426324496
vn 0.9238747557088329 0.1826062001511418 0.3363189132806918
vn -0.3827046836920929 0.44083288015554556 0.8119134786748534
vn -0.9238827585718076 -0.18259831845734545 -0.33630120801195007
vn -0.000021676852150947283 0.8788126639009192 -0.47716695327472597
vn 0.00004371740896864401 -0.8788083067826261 0.4771749763122977
vn 0 -0.5372969855510972 -0.8433931167123101
vn 1 0 0
vn 0 0.5373005421096556 0.8433908509396283
vn -1 0 0
vn 0 0.8433908509396291 -0.5373005421096544
vn 0 -0.843393737824744 0.5372960105919334
vn 0 0 -1
vn 0.9969173207416668 0.07845926079983681 0
vn 0 0 1
vn -0.9969171268984758 -0.07846172376699555 0
vn -0.07842003204243281 0.9969204073417616 0
vn 0.0784613502686874 -0.9969171562943504 0
vn 0 0 -1
vn 0.9999619495031485 -0.008723505365560899 0
vn 0 0 1
vn -0.9999619236185292 0.008726471975034688 0
vn 0.008716698706345487 0.9999620088601681 0
vn -0.008724958730741136 -0.9999619368231708 0
vn 0 0 -1
vn 0.9563104178633599 0.29235318483985434 0
vn 0 0 1
vn -0.9563010980202381 -0.29238366904683155 0
vn -0.29236862125914 0.9563056986670266 0
vn 0.29237292275324833 -0.9563043835728889 0
vn 0 0 -1
vn 0.9781480270269646 -0.20790968525601922 0
vn 0 0 1
vn -0.9781483872452127 0.20790799053809722 0
vn 0.20790799053809877 0.9781483872452124 0
vn -0.2079000174116259 -0.978150081920073 0
vn 0 0 -1
vn 0.5948141432556291 -0.8038632563956832 0
vn 0 0 1
vn -0.5948249129853725 0.8038552872824462 0
vn 0.8038563234159205 0.5948235127365419 0
vn -0.803853374935239 -0.5948274973513131 0
vn 0 0 -1
vn 0.9969173892589598 0.07845839020206576 0
vn 0 0 1
vn -0.9969171719868787 -0.07846115088172251 0
vn -0.0784597858835363 0.9969172794164569 0
vn 0.0784613502686874 -0.9969171562943505 0
vn 0 0 -1
vn 0.9969171268984758 -0.07846172376699555 0
vn 0 0 1
vn -0.9969173207416668 0.07845926079983681 0
vn 0.07842003204243281 0.9969204073417616 0
vn -0.0784613502686874 -0.9969171562943504 0
vn 0 0 -1
vn 0.9999619236185292 0.008726471975034688 0
vn 0 0 1
vn -0.9999619495031485 -0.008723505365560899 0
vn -0.008716698706345487 0.9999620088601681 0
vn 0.008724958730741136 -0.9999619368231708 0
vn 0 0 -1
vn 0.9563010980202381 -0.29238366904683155 0
vn 0 0 1
vn -0.9563104178633599 0.29235318483985434 0
vn 0.29236862125914 0.9563056986670266 0
vn -0.29237292275324833 -0.9563043835728889 0
vn 0 0 -1
vn 0.9969171719868787 -0.07846115088172251 0
vn 0 0 1
vn -0.9969173892589598 0.07845839020206576 0
vn 0.0784597858835363 0.9969172794164569 0
vn -0.0784613502686874 -0.9969171562943505 0
vn 0 0 -1
vn 0.9781483872452127 0.20790799053809722 0
vn 0 0 1
vn -0.9781480270269646 -0.20790968525601922 0
vn -0.20790799053809877 0.9781483872452124 0
vn 0.2079000174116259 -0.978150081920073 0
vn 0 0 -1
vn 0.5948249129853725 0.8038552872824462 0
vn 0 0 1
vn -0.5948141432556291 -0.8038632563956832 0
vn -0.8038563234159205 0.5948235127365419 0
vn 0.803853374935239 -0.5948274973513131 0
vn 0 0 -1
vn 1 0 0
vn 0 0 1
vn -1 0 0
vn 0 1 0
vn 0 -1 0
vn 0 0 -1
vn 1 0 0
vn 0 0 1
vn -1 0 0
vn 0 1 0
vn 0 -1 0
vn 0 0 -1
vn 0 1 0
vn 0 0 1
vn 0 -1 0
vn -1 0 0
vn 1 0 0
vn 0 0.7071067811865459 0.7071067811865491
vn 1 0 0
vn 0 -0.7071067811865483 -0.7071067811865467
vn -1 0 0
vn 0 -0.7071067811865476 0.7071067811865476
vn 0 0.707106781186547 -0.707106781186548
vn 0 0.7071067811865476 0.7071067811865476
vn 1 0 0
vn 0 -0.7071067811865476 -0.7071067811865476
vn -1 0 0
vn 0 -0.7071083436756362 0.7071052186940062
vn 0 0.7071052186940049 -0.7071083436756377
vn 0 0.7071158720075036 0.7070976902487153
vn 1 0 0
vn 0 -0.7071022357614601 -0.7071113265824163
vn -1 0 0
vn 0 -0.7070967814441975 0.7071167807874855
vn 0 0.7071067811865458 -0.7071067811865493
vn 0 0.3173105618781744 0.9483216792421004
vn 1 0 0
vn 0 -0.3173105618781761 -0.9483216792421001
vn -1 0 0
vn 0 -0.9483276973700767 0.3172925753949635
vn 0 0.9483276973700767 -0.3172925753949629
vn 0 0.7071067811865476 0.7071067811865476
vn 1 0 0
vn 0 -0.7071067811865476 -0.7071067811865476
vn -1 0 0
vn 0 -0.7071083436756362 0.7071052186940062
vn 0 0.7071052186940049 -0.7071083436756377
vn 0 0.7071067811865565 0.7071067811865387
vn 1 0 0
vn 0 -0.7071067811865498 -0.7071067811865454
vn -1 0 0
vn 0 -0.7070817813887609 0.7071317801004963
vn 0 0.7071317801005074 -0.7070817813887498
vn 0 0.608759727998604 -0.7933546455193072
vn 1 0 0
vn 0 -0.608762142816076 0.793352792567077
vn -1 0 0
vn 0 0.7933557492851656 0.6087582895338456
vn 0 -0.7933611154600064 -0.6087512960775151
vn 0 0.608759727998604 -0.7933546455193072
vn 1 0 0
vn 0 -0.608762142816076 0.793352792567077
vn -1 0 0
vn 0 0.7933557492851656 0.6087582895338456
vn 0 -0.7933611154600064 -0.6087512960775151
vn 0 0.39874614303127975 -0.9170613465944787
vn 1 0 0
vn 0 -0.39874932282059966 0.9170599639882406
vn -1 0 0
vn 0 0.917056065287689 0.39875828909135197
vn 0 -0.9170706921895317 -0.398724648757778
vn 0 0.44620829449666755 -0.8949291356986737
vn 1 0 0
vn 0 -0.44620829449666577 0.8949291356986746
vn -1 0 0
vn 0 0.894934113170207 0.44619831138660254
vn 0 -0.8949341131702074 -0.44619831138660165
vn 0 0.44618333745495675 -0.8949415787511251
vn 1 0 0
vn 0 -0.44619331997826517 0.8949366017806923
vn -1 0 0
vn 0 0.8949306064869357 0.4462053446261323
vn 0 -0.8949385926089527 -0.44618932692199964
vn -0.000008751734337085402 0.39874755835871306 -0.9170607311549066
vn 0.9510617540832449 -0.2833725828597616 -0.1232133077369849
vn 2.990024492596842e-8 -0.398744959583434 0.9170618611668488
vn -0.9510583203236205 0.28338252030777583 0.12321695714156704
vn 0.30902118919084404 0.8721753826971725 0.37923080893845823
vn -0.30902293839318545 -0.8721748614759527 -0.37923058230612744
vn 0 0.2756336577655987 -0.9612627563297961
vn 1 0 0
vn 0 -0.27564289811088416 0.9612601066938297
vn -1 0 0
vn 0 0.9612622561865996 0.2756354019915594
vn 0 -0.9612620029369614 -0.2756362851832487
vn 0 0.2756521383797555 -0.9612574569836471
vn 1 0 0
vn 0 -0.2756224138125718 0.9612659803634639
vn -1 0 0
vn 0 0.96126250625636 0.27563452988648135
vn 0 -0.9612617188249738 -0.2756372760017356
vn 0 0 -1
vn 0.9743699022321303 0.22495175843755744 0
vn 0 0 1
vn -0.9743699022321303 -0.224951758437557 0
vn -0.2248960227489848 0.9743827681931205 0
vn 0.22489602274898277 -0.9743827681931208 0
vn 0 0 1
vn -0.9762961551430062 -0.21643894624808988 0
vn 0 0 -1
vn 0.9762962949807465 0.21643831547779918 0
vn -0.21643702512600516 0.976296581042157 0
vn 0.21642749367592057 -0.976298694038438 0
vn 0 0 1
vn -0.9762961551430062 -0.21643894624808988 0
vn 0 0 -1
vn 0.9762962949807465 0.21643831547779918 0
vn -0.21643702512600516 0.976296581042157 0
vn 0.21642749367592057 -0.976298694038438 0
vn 0 0 -1
vn 0.9746746862831378 -0.22362749365600618 0
vn 0 0 1
vn -0.9746739227637093 0.22363082140975754 0
vn 0.20946024459476228 0.9778171638574886 0
vn -0.20945859287864205 -0.9778175176735684 0
vn 0 0 -1
vn 0.9746746862831378 -0.22362749365600618 0
vn 0 0 1
vn -0.9746739227637093 0.22363082140975754 0
vn 0.20946024459476228 0.9778171638574886 0
vn -0.20945859287864205 -0.9778175176735684 0
vn 0 0 -1
vn 0.9778707132982754 -0.20921010509419039 0
vn 0 0 1
vn -0.9778707132982754 0.20921010509419055 0
vn 0.22389363817854163 0.9746135843415977 0
vn -0.2238936381785415 -0.9746135843415976 0
vn 0 0 -1
vn 0.9778707132982754 -0.20921010509419039 0
vn 0 0 1
vn -0.9778707132982754 0.20921010509419055 0
vn 0.22389363817854163 0.9746135843415977 0
vn -0.2238936381785415 -0.9746135843415976 0
usemtl m_31e126ed-651c-3ee0-e845-ab399b9238c6
f 1/1/1 2/2/1 3/3/1
f 1/4/2 4/5/2 5/6/2
f 6/7/3 4/8/3 7/9/3
f 6/10/4 2/11/4 8/12/4
f 7/13/5 3/14/5 2/15/5
f 1/16/6 6/17/6 8/18/6
f 9/19/7 10/20/7 11/21/7
f 12/22/8 10/23/8 13/24/8
f 12/25/9 14/26/9 15/27/9
f 9/28/10 14/29/10 16/30/10
f 13/31/11 16/32/11 14/33/11
f 11/34/12 15/35/12 9/36/12
f 17/37/13 18/38/13 19/39/13
f 19/40/14 20/41/14 21/42/14
f 22/43/15 20/44/15 23/45/15
f 17/46/16 23/47/16 24/48/16
f 20/49/17 24/50/17 23/51/17
f 19/52/18 22/53/18 17/54/18
f 25/55/19 26/56/19 27/57/19
f 27/58/20 28/59/20 29/60/20
f 29/61/21 30/62/21 31/63/21
f 31/64/22 32/65/22 25/66/22
f 28/67/23 32/68/23 30/69/23
f 25/70/24 29/71/24 31/72/24
f 33/73/25 34/74/25 35/75/25
f 35/76/26 36/77/26 37/78/26
f 37/79/27 38/80/27 39/81/27
f 39/82/28 40/83/28 33/84/28
f 38/85/29 34/86/29 40/87/29
f 35/88/30 39/89/30 33/90/30
f 41/91/31 42/92/31 43/93/31
f 41/94/32 44/95/32 45/96/32
f 45/97/33 46/98/33 47/99/33
f 47/100/34 42/101/34 48/102/34
f 44/103/35 42/104/35 46/105/35
f 41/106/36 47/107/36 48/108/36
f 49/109/37 50/110/37 51/111/37
f 52/112/38 51/113/38 53/114/38
f 52/115/39 54/116/39 55/117/39
f 55/118/40 50/119/40 56/120/40
f 53/121/41 50/122/41 54/123/41
f 56/124/42 52/125/42 55/126/42
f 57/127/43 58/128/43 59/129/43
f 60/130/44 58/131/44 61/132/44
f 62/133/45 61/134/45 63/135/45
f 62/136/46 64/137/46 57/138/46
f 63/139/47 58/140/47 64/141/47
f 59/142/48 62/143/48 57/144/48
f 65/145/49 66/146/49 67/147/49
f 67/148/50 68/149/50 69/150/50
f 70/151/51 68/152/51 71/153/51
f 70/154/52 72/155/52 65/156/52
f 71/157/53 66/158/53 72/159/53
f 67/160/54 70/161/54 65/162/54
f 73/163/55 74/164/55 75/165/55
f 75/166/56 76/167/56 77/168/56
f 77/169/57 78/170/57 79/171/57
f 79/172/58 80/173/58 73/174/58
f 76/175/59 80/176/59 78/177/59
f 75/178/60 79/179/60 73/180/60
f 81/181/61 82/182/61 83/183/61
f 81/184/62 84/185/62 85/186/62
f 85/187/63 86/188/63 87/189/63
f 87/190/64 82/191/64 88/192/64
f 84/193/65 82/194/65 86/195/65
f 88/196/66 85/197/66 87/198/66
f 89/199/67 90/200/67 91/201/67
f 92/202/68 90/203/68 93/204/68
f 92/205/69 94/206/69 95/207/69
f 89/208/70 94/209/70 96/210/70
f 93/211/71 96/212/71 94/213/71
f 91/214/72 95/215/72 89/216/72
f 97/217/73 98/218/73 99/219/73
f 99/220/74 100/221/74 101/222/74
f 102/223/75 100/224/75 103/225/75
f 102/226/76 104/227/76 97/228/76
f 103/229/77 98/230/77 104/231/77
f 99/232/78 102/233/78 97/234/78
f 105/235/79 106/236/79 107/237/79
f 107/238/80 108/239/80 109/240/80
f 110/241/81 108/242/81 111/243/81
f 105/244/82 111/245/82 112/246/82
f 111/247/83 106/248/83 112/249/83
f 105/250/84 109/251/84 110/252/84
f 113/253/85 114/254/85 115/255/85
f 115/256/86 116/257/86 117/258/86
f 117/259/87 118/260/87 119/261/87
f 113/262/88 118/263/88 120/264/88
f 116/265/89 120/266/89 118/267/89
f 115/268/90 119/269/90 113/270/90
f 1/271/91 8/272/91 2/273/91
f 1/274/92 3/275/92 4/276/92
f 6/277/93 5/278/93 4/279/93
f 6/280/94 7/281/94 2/282/94
f 7/283/95 4/284/95 3/285/95
f 1/286/96 5/287/96 6/288/96
f 9/289/97 16/290/97 10/291/97
f 12/292/98 11/293/98 10/294/98
f 12/295/99 13/296/99 14/297/99
f 9/298/100 15/299/100 14/300/100
f 13/301/101 10/302/101 16/303/101
f 11/304/102 12/305/102 15/306/102
f 17/307/103 24/308/103 18/309/103
f 19/310/104 18/311/104 20/312/104
f 22/313/105 21/314/105 20/315/105
f 17/316/106 22/317/106 23/318/106
f 20/319/107 18/320/107 24/321/107
f 19/322/108 21/323/108 22/324/108
f 25/325/109 32/326/109 26/327/109
f 27/328/110 26/329/110 28/330/110
f 29/331/111 28/332/111 30/333/111
f 31/334/112 30/335/112 32/336/112
f 28/337/113 26/338/113 32/339/113
f 25/340/114 27/341/114 29/342/114
f 33/343/115 40/344/115 34/345/115
f 35/346/116 34/347/116 36/348/116
f 37/349/117 36/350/117 38/351/117
f 39/352/118 38/353/118 40/354/118
f 38/355/119 36/356/119 34/357/119
f 35/358/120 37/359/120 39/360/120
f 41/361/121 48/362/121 42/363/121
f 41/364/122 43/365/122 44/366/122
f 45/367/123 44/368/123 46/369/123
f 47/370/124 46/371/124 42/372/124
f 44/373/125 43/374/125 42/375/125
f 41/376/126 45/377/126 47/378/126
f 49/379/127 56/380/127 50/381/127
f 52/382/128 49/383/128 51/384/128
f 52/385/129 53/386/129 54/387/129
f 55/388/130 54/389/130 50/390/130
f 53/391/131 51/392/131 50/393/131
f 56/394/132 49/395/132 52/396/132
f 57/397/133 64/398/133 58/399/133
f 60/400/134 59/401/134 58/402/134
f 62/403/135 60/404/135 61/405/135
f 62/406/136 63/407/136 64/408/136
f 63/409/137 61/410/137 58/411/137
f 59/412/138 60/413/138 62/414/138
f 65/415/139 72/416/139 66/417/139
f 67/418/140 66/419/140 68/420/140
f 70/421/141 69/422/141 68/423/141
f 70/424/142 71/425/142 72/426/142
f 71/427/143 68/428/143 66/429/143
f 67/430/144 69/431/144 70/432/144
f 73/433/145 80/434/145 74/435/145
f 75/436/146 74/437/146 76/438/146
f 77/439/147 76/440/147 78/441/147
f 79/442/148 78/443/148 80/444/148
f 76/445/149 74/446/149 80/447/149
f 75/448/150 77/449/150 79/450/150
f 81/451/151 88/452/151 82/453/151
f 81/454/152 83/455/152 84/456/152
f 85/457/153 84/458/153 86/459/153
f 87/460/154 86/461/154 82/462/154
f 84/463/155 83/464/155 82/465/155
f 88/466/156 81/467/156 85/468/156
f 89/469/157 96/470/157 90/471/157
f 92/472/158 91/473/158 90/474/158
f 92/475/159 93/476/159 94/477/159
f 89/478/160 95/479/160 94/480/160
f 93/481/161 90/482/161 96/483/161
f 91/484/162 92/485/162 95/486/162
f 97/487/163 104/488/163 98/489/163
f 99/490/164 98/491/164 100/492/164
f 102/493/165 101/494/165 100/495/165
f 102/496/166 103/497/166 104/498/166
f 103/499/167 100/500/167 98/501/167
f 99/502/168 101/503/168 102/504/168
f 105/505/169 112/506/169 106/507/169
f 107/508/170 106/509/170 108/510/170
f 110/511/171 109/512/171 108/513/171
f 105/514/172 110/515/172 111/516/172
f 111/517/173 108/518/173 106/519/173
f 105/520/174 107/521/174 109/522/174
f 113/523/175 120/524/175 114/525/175
f 115/526/176 114/527/176 116/528/176
f 117/529/177 116/530/177 118/531/177
f 113/532/178 119/533/178 118/534/178
f 116/535/179 114/536/179 120/537/179
f 115/538/180 117/539/180 119/540/180
f 121/541/181 122/542/181 123/543/181
f 124/544/182 122/545/182 125/546/182
f 126/547/183 125/548/183 127/549/183
f 126/550/184 128/551/184 121/552/184
f 125/553/185 128/554/185 127/555/185
f 121/556/186 124/557/186 126/558/186
f 129/559/187 130/560/187 131/561/187
f 129/562/188 132/563/188 133/564/188
f 133/565/189 134/566/189 135/567/189
f 135/568/190 130/569/190 136/570/190
f 134/571/191 131/572/191 130/573/191
f 129/574/192 135/575/192 136/576/192
f 137/577/193 138/578/193 139/579/193
f 140/580/194 138/581/194 141/582/194
f 142/583/195 141/584/195 143/585/195
f 142/586/196 144/587/196 137/588/196
f 143/589/197 138/590/197 144/591/197
f 137/592/198 140/593/198 142/594/198
f 145/595/199 146/596/199 147/597/199
f 147/598/200 148/599/200 149/600/200
f 150/601/201 148/602/201 151/603/201
f 150/604/202 152/605/202 145/606/202
f 148/607/203 152/608/203 151/609/203
f 145/610/204 149/611/204 150/612/204
f 153/613/205 154/614/205 155/615/205
f 155/616/206 156/617/206 157/618/206
f 157/619/207 158/620/207 159/621/207
f 159/622/208 160/623/208 153/624/208
f 156/625/209 160/626/209 158/627/209
f 155/628/210 159/629/210 153/630/210
f 161/631/211 162/632/211 163/633/211
f 161/634/212 164/635/212 165/636/212
f 165/637/213 166/638/213 167/639/213
f 168/640/214 166/641/214 162/642/214
f 166/643/215 163/644/215 162/645/215
f 168/646/216 165/647/216 167/648/216
f 169/649/217 170/650/217 171/651/217
f 169/652/218 172/653/218 173/654/218
f 173/655/219 174/656/219 175/657/219
f 175/658/220 170/659/220 176/660/220
f 174/661/221 171/662/221 170/663/221
f 169/664/222 175/665/222 176/666/222
f 121/667/223 128/668/223 122/669/223
f 124/670/224 123/671/224 122/672/224
f 126/673/225 124/674/225 125/675/225
f 126/676/226 127/677/226 128/678/226
f 125/679/227 122/680/227 128/681/227
f 121/682/228 123/683/228 124/684/228
f 129/685/229 136/686/229 130/687/229
f 129/688/230 131/689/230 132/690/230
f 133/691/231 132/692/231 134/693/231
f 135/694/232 134/695/232 130/696/232
f 134/697/233 132/698/233 131/699/233
f 129/700/234 133/701/234 135/702/234
f 137/703/235 144/704/235 138/705/235
f 140/706/236 139/707/236 138/708/236
f 142/709/237 140/710/237 141/711/237
f 142/712/238 143/713/238 144/714/238
f 143/715/239 141/716/239 138/717/239
f 137/718/240 139/719/240 140/720/240
f 145/721/241 152/722/241 146/723/241
f 147/724/242 146/725/242 148/726/242
f 150/727/243 149/728/243 148/729/243
f 150/730/244 151/731/244 152/732/244
f 148/733/245 146/734/245 152/735/245
f 145/736/246 147/737/246 149/738/246
f 153/739/247 160/740/247 154/741/247
f 155/742/248 154/743/248 156/744/248
f 157/745/249 156/746/249 158/747/249
f 159/748/250 158/749/250 160/750/250
f 156/751/251 154/752/251 160/753/251
f 155/754/252 157/755/252 159/756/252
f 161/757/253 168/758/253 162/759/253
f 161/760/254 163/761/254 164/762/254
f 165/763/255 164/764/255 166/765/255
f 168/766/256 167/767/256 166/768/256
f 166/769/257 164/770/257 163/771/257
f 168/772/258 161/773/258 165/774/258
f 169/775/259 176/776/259 170/777/259
f 169/778/260 171/779/260 172/780/260
f 173/781/261 172/782/261 174/783/261
f 175/784/262 174/785/262 170/786/262
f 174/787/263 172/788/263 171/789/263
f 169/790/264 173/791/264 175/792/264
f 178/793/265 179/794/265 180/795/265
f 180/796/266 181/797/266 182/798/266
f 182/799/267 183/800/267 184/801/267
f 184/802/268 185/803/268 178/804/268
f 181/805/269 185/806/269 183/807/269
f 180/808/270 184/809/270 178/810/270
f 186/811/271 187/812/271 188/813/271
f 188/814/272 189/815/272 190/816/272
f 190/817/273 191/818/273 192/819/273
f 186/820/274 191/821/274 193/822/274
f 191/823/275 187/824/275 193/825/275
f 186/826/276 190/827/276 192/828/276
f 194/829/277 195/830/277 196/831/277
f 196/832/278 197/833/278 198/834/278
f 198/835/279 199/836/279 200/837/279
f 200/838/280 201/839/280 194/840/280
f 197/841/281 201/842/281 199/843/281
f 196/844/282 200/845/282 194/846/282
f 202/847/283 203/848/283 204/849/283
f 202/850/284 205/851/284 206/852/284
f 206/853/285 207/854/285 208/855/285
f 209/856/286 207/857/286 203/858/286
f 205/859/287 203/860/287 207/861/287
f 209/862/288 206/863/288 208/864/288
f 210/865/289 211/866/289 212/867/289
f 210/868/290 213/869/290 214/870/290
f 215/871/291 213/872/291 216/873/291
f 217/874/292 216/875/292 211/876/292
f 213/877/293 211/878/293 216/879/293
f 210/880/294 215/881/294 217/882/294
f 218/883/295 219/884/295 220/885/295
f 218/886/296 221/887/296 222/888/296
f 222/889/297 223/890/297 224/891/297
f 225/892/298 223/893/298 219/894/298
f 221/895/299 219/896/299 223/897/299
f 225/898/300 222/899/300 224/900/300
f 226/901/301 227/902/301 228/903/301
f 228/904/302 229/905/302 230/906/302
f 230/907/303 231/908/303 232/909/303
f 232/910/304 233/911/304 226/912/304
f 229/913/305 233/914/305 231/915/305
f 228/916/306 232/917/306 226/918/306
f 234/919/307 235/920/307 236/921/307
f 234/922/308 237/923/308 238/924/308
f 239/925/309 237/926/309 240/927/309
f 239/928/310 235/929/310 241/930/310
f 237/931/311 235/932/311 240/933/311
f 234/934/312 239/935/312 241/936/312
f 242/937/313 243/938/313 244/939/313
f 244/940/314 245/941/314 246/942/314
f 247/943/315 245/944/315 248/945/315
f 242/946/316 248/947/316 249/948/316
f 248/949/317 243/950/317 249/951/317
f 244/952/318 247/953/318 242/954/318
f 250/955/319 251/956/319 252/957/319
f 252/958/320 253/959/320 254/960/320
f 255/961/321 253/962/321 256/963/321
f 255/964/322 257/965/322 250/966/322
f 253/967/323 257/968/323 256/969/323
f 252/970/324 255/971/324 250/972/324
f 258/973/325 259/974/325 260/975/325
f 258/976/326 261/977/326 262/978/326
f 263/979/327 261/980/327 264/981/327
f 265/982/328 264/983/328 259/984/328
f 261/985/329 259/986/329 264/987/329
f 265/988/330 262/989/330 263/990/330
f 266/991/331 267/992/331 268/993/331
f 266/994/332 269/995/332 270/996/332
f 270/997/333 271/998/333 272/999/333
f 272/1000/334 267/1001/334 273/1002/334
f 269/1003/335 267/1004/335 271/1005/335
f 266/1006/336 272/1007/336 273/1008/336
f 274/1009/337 275/1010/337 276/1011/337
f 277/1012/338 276/1013/338 278/1014/338
f 277/1015/339 279/1016/339 280/1017/339
f 281/1018/340 279/1019/340 275/1020/340
f 279/1021/341 276/1022/341 275/1023/341
f 274/1024/342 280/1025/342 281/1026/342
f 282/1027/343 283/1028/343 284/1029/343
f 284/1030/344 285/1031/344 286/1032/344
f 287/1033/345 285/1034/345 288/1035/345
f 287/1036/346 289/1037/346 282/1038/346
f 285/1039/347 289/1040/347 288/1041/347
f 284/1042/348 287/1043/348 282/1044/348
f 290/1045/349 291/1046/349 292/1047/349
f 292/1048/350 293/1049/350 294/1050/350
f 295/1051/351 293/1052/351 296/1053/351
f 290/1054/352 296/1055/352 297/1056/352
f 296/1057/353 291/1058/353 297/1059/353
f 292/1060/354 295/1061/354 290/1062/354
f 298/1063/355 299/1064/355 300/1065/355
f 300/1066/356 301/1067/356 302/1068/356
f 302/1069/357 303/1070/357 304/1071/357
f 298/1072/358 303/1073/358 305/1074/358
f 303/1075/359 299/1076/359 305/1077/359
f 300/1078/360 304/1079/360 298/1080/360
f 306/1081/361 307/1082/361 308/1083/361
f 306/1084/362 309/1085/362 310/1086/362
f 310/1087/363 311/1088/363 312/1089/363
f 312/1090/364 307/1091/364 313/1092/364
f 309/1093/365 307/1094/365 311/1095/365
f 306/1096/366 312/1097/366 313/1098/366
f 314/1099/367 315/1100/367 316/1101/367
f 317/1102/368 316/1103/368 318/1104/368
f 317/1105/369 319/1106/369 320/1107/369
f 321/1108/370 319/1109/370 315/1110/370
f 318/1111/371 315/1112/371 319/1113/371
f 314/1114/372 320/1115/372 321/1116/372
f 322/1117/373 323/1118/373 324/1119/373
f 324/1120/374 325/1121/374 326/1122/374
f 327/1123/375 325/1124/375 328/1125/375
f 322/1126/376 328/1127/376 329/1128/376
f 328/1129/377 323/1130/377 329/1131/377
f 324/1132/378 327/1133/378 322/1134/378
f 330/1135/379 331/1136/379 332/1137/379
f 330/1138/380 333/1139/380 334/1140/380
f 334/1141/381 335/1142/381 336/1143/381
f 337/1144/382 335/1145/382 331/1146/382
f 333/1147/383 331/1148/383 335/1149/383
f 337/1150/384 334/1151/384 336/1152/384
f 338/1153/385 339/1154/385 340/1155/385
f 340/1156/386 341/1157/386 342/1158/386
f 342/1159/387 343/1160/387 344/1161/387
f 344/1162/388 345/1163/388 338/1164/388
f 341/1165/389 345/1166/389 343/1167/389
f 340/1168/390 344/1169/390 338/1170/390
f 346/1171/391 347/1172/391 348/1173/391
f 346/1174/392 349/1175/392 350/1176/392
f 350/1177/393 351/1178/393 352/1179/393
f 352/1180/394 347/1181/394 353/1182/394
f 351/1183/395 348/1184/395 347/1185/395
f 346/1186/396 352/1187/396 353/1188/396
f 354/1189/397 355/1190/397 356/1191/397
f 356/1192/398 357/1193/398 358/1194/398
f 358/1195/399 359/1196/399 360/1197/399
f 360/1198/400 361/1199/400 354/1200/400
f 359/1201/401 355/1202/401 361/1203/401
f 356/1204/402 360/1205/402 354/1206/402
f 362/1207/403 363/1208/403 364/1209/403
f 362/1210/404 365/1211/404 366/1212/404
f 366/1213/405 367/1214/405 368/1215/405
f 368/1216/406 363/1217/406 369/1218/406
f 365/1219/407 363/1220/407 367/1221/407
f 362/1222/408 368/1223/408 369/1224/408
f 370/1225/409 371/1226/409 372/1227/409
f 370/1228/410 373/1229/410 374/1230/410
f 375/1231/411 373/1232/411 376/1233/411
f 375/1234/412 371/1235/412 377/1236/412
f 373/1237/413 371/1238/413 376/1239/413
f 377/1240/414 374/1241/414 375/1242/414
f 378/1243/415 379/1244/415 380/1245/415
f 380/1246/416 381/1247/416 382/1248/416
f 383/1249/417 381/1250/417 384/1251/417
f 383/1252/418 385/1253/418 378/1254/418
f 384/1255/419 379/1256/419 385/1257/419
f 380/1258/420 383/1259/420 378/1260/420
f 386/1261/421 387/1262/421 388/1263/421
f 388/1264/422 389/1265/422 390/1266/422
f 390/1267/423 391/1268/423 392/1269/423
f 386/1270/424 391/1271/424 393/1272/424
f 391/1273/425 387/1274/425 393/1275/425
f 388/1276/426 392/1277/426 386/1278/426
f 394/1279/427 395/1280/427 396/1281/427
f 394/1282/428 397/1283/428 398/1284/428
f 398/1285/429 399/1286/429 400/1287/429
f 400/1288/430 395/1289/430 401/1290/430
f 399/1291/431 396/1292/431 395/1293/431
f 401/1294/432 398/1295/432 400/1296/432
f 402/1297/433 177/1298/433 403/1299/433
f 403/1300/434 404/1301/434 405/1302/434
f 406/1303/435 404/1304/435 407/1305/435
f 406/1306/436 408/1307/436 402/1308/436
f 404/1309/437 408/1310/437 407/1311/437
f 403/1312/438 406/1313/438 402/1314/438
f 409/1315/439 410/1316/439 411/1317/439
f 412/1318/440 410/1319/440 413/1320/440
f 414/1321/441 413/1322/441 415/1323/441
f 409/1324/442 415/1325/442 416/1326/442
f 413/1327/443 416/1328/443 415/1329/443
f 409/1330/444 412/1331/444 414/1332/444
f 417/1333/445 418/1334/445 419/1335/445
f 419/1336/446 420/1337/446 421/1338/446
f 422/1339/447 420/1340/447 423/1341/447
f 422/1342/448 424/1343/448 417/1344/448
f 423/1345/449 418/1346/449 424/1347/449
f 419/1348/450 422/1349/450 417/1350/450
f 425/1351/451 426/1352/451 427/1353/451
f 425/1354/452 428/1355/452 429/1356/452
f 429/1357/453 430/1358/453 431/1359/453
f 431/1360/454 426/1361/454 432/1362/454
f 430/1363/455 427/1364/455 426/1365/455
f 425/1366/456 431/1367/456 432/1368/456
f 433/1369/457 434/1370/457 435/1371/457
f 435/1372/458 436/1373/458 437/1374/458
f 438/1375/459 436/1376/459 439/1377/459
f 438/1378/460 440/1379/460 433/1380/460
f 436/1381/461 440/1382/461 439/1383/461
f 435/1384/462 438/1385/462 433/1386/462
f 441/1387/463 442/1388/463 443/1389/463
f 444/1390/464 443/1391/464 445/1392/464
f 444/1393/465 446/1394/465 447/1395/465
f 448/1396/466 446/1397/466 442/1398/466
f 446/1399/467 443/1400/467 442/1401/467
f 441/1402/468 447/1403/468 448/1404/468
f 449/1405/469 450/1406/469 451/1407/469
f 449/1408/470 452/1409/470 453/1410/470
f 453/1411/471 454/1412/471 455/1413/471
f 455/1414/472 450/1415/472 456/1416/472
f 452/1417/473 450/1418/473 454/1419/473
f 449/1420/474 455/1421/474 456/1422/474
f 457/1423/475 458/1424/475 459/1425/475
f 459/1426/476 460/1427/476 461/1428/476
f 462/1429/477 460/1430/477 463/1431/477
f 462/1432/478 464/1433/478 457/1434/478
f 463/1435/479 458/1436/479 464/1437/479
f 457/1438/480 461/1439/480 462/1440/480
f 465/1441/481 466/1442/481 467/1443/481
f 465/1444/482 468/1445/482 469/1446/482
f 469/1447/483 470/1448/483 471/1449/483
f 472/1450/484 470/1451/484 466/1452/484
f 470/1453/485 467/1454/485 466/1455/485
f 465/1456/486 471/1457/486 472/1458/486
f 473/1459/487 474/1460/487 475/1461/487
f 475/1462/488 476/1463/488 477/1464/488
f 478/1465/489 476/1466/489 479/1467/489
f 473/1468/490 479/1469/490 480/1470/490
f 476/1471/491 480/1472/491 479/1473/491
f 473/1474/492 477/1475/492 478/1476/492
f 481/1477/493 482/1478/493 483/1479/493
f 481/1480/494 484/1481/494 485/1482/494
f 485/1483/495 486/1484/495 487/1485/495
f 488/1486/496 486/1487/496 482/1488/496
f 486/1489/497 483/1490/497 482/1491/497
f 488/1492/498 485/1493/498 487/1494/498
f 489/1495/499 490/1496/499 491/1497/499
f 489/1498/500 492/1499/500 493/1500/500
f 494/1501/501 492/1502/501 495/1503/501
f 494/1504/502 490/1505/502 496/1506/502
f 495/1507/503 491/1508/503 490/1509/503
f 489/1510/504 494/1511/504 496/1512/504
f 497/1513/505 498/1514/505 499/1515/505
f 499/1516/506 500/1517/506 501/1518/506
f 502/1519/507 500/1520/507 503/1521/507
f 502/1522/508 504/1523/508 497/1524/508
f 500/1525/509 504/1526/509 503/1527/509
f 499/1528/510 502/1529/510 497/1530/510
f 505/1531/511 506/1532/511 507/1533/511
f 505/1534/512 508/1535/512 509/1536/512
f 510/1537/513 508/1538/513 511/1539/513
f 512/1540/514 511/1541/514 506/1542/514
f 508/1543/515 506/1544/515 511/1545/515
f 505/1546/516 510/1547/516 512/1548/516
f 513/1549/517 514/1550/517 515/1551/517
f 516/1552/518 514/1553/518 517/1554/518
f 516/1555/519 518/1556/519 519/1557/519
f 513/1558/520 518/1559/520 520/1560/520
f 517/1561/521 520/1562/521 518/1563/521
f 515/1564/522 519/1565/522 513/1566/522
f 521/1567/523 522/1568/523 523/1569/523
f 524/1570/524 522/1571/524 525/1572/524
f 524/1573/525 526/1574/525 527/1575/525
f 521/1576/526 526/1577/526 528/1578/526
f 526/1579/527 522/1580/527 528/1581/527
f 523/1582/528 527/1583/528 521/1584/528
f 529/1585/529 530/1586/529 531/1587/529
f 529/1588/530 532/1589/530 533/1590/530
f 533/1591/531 534/1592/531 535/1593/531
f 536/1594/532 534/1595/532 530/1596/532
f 534/1597/533 531/1598/533 530/1599/533
f 536/1600/534 533/1601/534 535/1602/534
f 537/1603/535 538/1604/535 539/1605/535
f 539/1606/536 540/1607/536 541/1608/536
f 541/1609/537 542/1610/537 543/1611/537
f 543/1612/538 544/1613/538 537/1614/538
f 540/1615/539 544/1616/539 542/1617/539
f 539/1618/540 543/1619/540 537/1620/540
f 545/1621/541 546/1622/541 547/1623/541
f 547/1624/542 548/1625/542 549/1626/542
f 550/1627/543 548/1628/543 551/1629/543
f 550/1630/544 552/1631/544 545/1632/544
f 548/1633/545 552/1634/545 551/1635/545
f 547/1636/546 550/1637/546 545/1638/546
f 553/1639/547 554/1640/547 555/1641/547
f 555/1642/548 556/1643/548 557/1644/548
f 558/1645/549 556/1646/549 559/1647/549
f 558/1648/550 560/1649/550 553/1650/550
f 556/1651/551 560/1652/551 559/1653/551
f 555/1654/552 558/1655/552 553/1656/552
f 561/1657/553 562/1658/553 563/1659/553
f 561/1660/554 564/1661/554 565/1662/554
f 565/1663/555 566/1664/555 567/1665/555
f 567/1666/556 562/1667/556 568/1668/556
f 564/1669/557 562/1670/557 566/1671/557
f 561/1672/558 567/1673/558 568/1674/558
f 569/1675/559 570/1676/559 571/1677/559
f 569/1678/560 572/1679/560 573/1680/560
f 573/1681/561 574/1682/561 575/1683/561
f 575/1684/562 570/1685/562 576/1686/562
f 572/1687/563 570/1688/563 574/1689/563
f 569/1690/564 575/1691/564 576/1692/564
f 577/1693/565 578/1694/565 579/1695/565
f 579/1696/566 580/1697/566 581/1698/566
f 581/1699/567 582/1700/567 583/1701/567
f 583/1702/568 584/1703/568 577/1704/568
f 580/1705/569 584/1706/569 582/1707/569
f 579/1708/570 583/1709/570 577/1710/570
f 585/1711/571 586/1712/571 587/1713/571
f 588/1714/572 587/1715/572 589/1716/572
f 588/1717/573 590/1718/573 591/1719/573
f 591/1720/574 586/1721/574 592/1722/574
f 589/1723/575 586/1724/575 590/1725/575
f 585/1726/576 591/1727/576 592/1728/576
f 593/1729/577 594/1730/577 595/1731/577
f 595/1732/578 596/1733/578 597/1734/578
f 598/1735/579 596/1736/579 599/1737/579
f 593/1738/580 599/1739/580 600/1740/580
f 596/1741/581 600/1742/581 599/1743/581
f 595/1744/582 598/1745/582 593/1746/582
f 601/1747/583 602/1748/583 603/1749/583
f 603/1750/584 604/1751/584 605/1752/584
f 606/1753/585 604/1754/585 607/1755/585
f 606/1756/586 608/1757/586 601/1758/586
f 607/1759/587 602/1760/587 608/1761/587
f 603/1762/588 606/1763/588 601/1764/588
f 609/1765/589 610/1766/589 611/1767/589
f 611/1768/590 612/1769/590 613/1770/590
f 613/1771/591 614/1772/591 615/1773/591
f 615/1774/592 616/1775/592 609/1776/592
f 612/1777/593 616/1778/593 614/1779/593
f 611/1780/594 615/1781/594 609/1782/594
f 617/1783/595 618/1784/595 619/1785/595
f 620/1786/596 619/1787/596 621/1788/596
f 622/1789/597 621/1790/597 623/1791/597
f 622/1792/598 618/1793/598 624/1794/598
f 621/1795/599 618/1796/599 623/1797/599
f 617/1798/600 622/1799/600 624/1800/600
f 625/1801/601 626/1802/601 627/1803/601
f 627/1804/602 628/1805/602 629/1806/602
f 629/1807/603 630/1808/603 631/1809/603
f 631/1810/604 632/1811/604 625/1812/604
f 628/1813/605 632/1814/605 630/1815/605
f 627/1816/606 631/1817/606 625/1818/606
f 633/1819/607 634/1820/607 635/1821/607
f 635/1822/608 636/1823/608 637/1824/608
f 637/1825/609 638/1826/609 639/1827/609
f 639/1828/610 640/1829/610 633/1830/610
f 636/1831/611 640/1832/611 638/1833/611
f 635/1834/612 639/1835/612 633/1836/612
f 641/1837/613 642/1838/613 643/1839/613
f 643/1840/614 644/1841/614 645/1842/614
f 645/1843/615 646/1844/615 647/1845/615
f 647/1846/616 648/1847/616 641/1848/616
f 644/1849/617 648/1850/617 646/1851/617
f 643/1852/618 647/1853/618 641/1854/618
f 649/1855/619 650/1856/619 651/1857/619
f 649/1858/620 652/1859/620 653/1860/620
f 653/1861/621 654/1862/621 655/1863/621
f 655/1864/622 650/1865/622 656/1866/622
f 654/1867/623 651/1868/623 650/1869/623
f 649/1870/624 655/1871/624 656/1872/624
f 657/1873/625 658/1874/625 659/1875/625
f 660/1876/626 658/1877/626 661/1878/626
f 662/1879/627 661/1880/627 663/1881/627
f 657/1882/628 663/1883/628 664/1884/628
f 663/1885/629 658/1886/629 664/1887/629
f 659/1888/630 662/1889/630 657/1890/630
f 665/1891/631 666/1892/631 667/1893/631
f 668/1894/632 666/1895/632 669/1896/632
f 668/1897/633 670/1898/633 671/1899/633
f 671/1900/634 672/1901/634 665/1902/634
f 669/1903/635 672/1904/635 670/1905/635
f 667/1906/636 671/1907/636 665/1908/636
f 673/1909/637 674/1910/637 675/1911/637
f 676/1912/638 674/1913/638 677/1914/638
f 676/1915/639 678/1916/639 679/1917/639
f 679/1918/640 680/1919/640 673/1920/640
f 677/1921/641 680/1922/641 678/1923/641
f 675/1924/642 679/1925/642 673/1926/642
f 681/1927/643 682/1928/643 683/1929/643
f 684/1930/644 682/1931/644 685/1932/644
f 684/1933/645 686/1934/645 687/1935/645
f 687/1936/646 688/1937/646 681/1938/646
f 685/1939/647 688/1940/647 686/1941/647
f 683/1942/648 687/1943/648 681/1944/648
f 689/1945/649 690/1946/649 691/1947/649
f 692/1948/650 690/1949/650 693/1950/650
f 692/1951/651 694/1952/651 695/1953/651
f 695/1954/652 696/1955/652 689/1956/652
f 693/1957/653 696/1958/653 694/1959/653
f 691/1960/654 695/1961/654 689/1962/654
f 697/1963/655 698/1964/655 699/1965/655
f 699/1966/656 700/1967/656 701/1968/656
f 702/1969/657 700/1970/657 703/1971/657
f 702/1972/658 704/1973/658 697/1974/658
f 703/1975/659 698/1976/659 704/1977/659
f 699/1978/660 702/1979/660 697/1980/660
f 705/1981/661 706/1982/661 707/1983/661
f 708/1984/662 707/1985/662 709/1986/662
f 710/1987/663 709/1988/663 711/1989/663
f 710/1990/664 706/1991/664 712/1992/664
f 709/1993/665 706/1994/665 711/1995/665
f 705/1996/666 710/1997/666 712/1998/666
f 713/1999/667 714/2000/667 715/2001/667
f 715/2002/668 716/2003/668 717/2004/668
f 717/2005/669 718/2006/669 719/2007/669
f 719/2008/670 720/2009/670 713/2010/670
f 718/2011/671 714/2012/671 720/2013/671
f 713/2014/672 717/2015/672 719/2016/672
f 721/2017/673 722/2018/673 723/2019/673
f 724/2020/674 722/2021/674 725/2022/674
f 724/2023/675 726/2024/675 727/2025/675
f 727/2026/676 728/2027/676 721/2028/676
f 725/2029/677 728/2030/677 726/2031/677
f 723/2032/678 727/2033/678 721/2034/678
f 729/2035/679 730/2036/679 731/2037/679
f 731/2038/680 732/2039/680 733/2040/680
f 734/2041/681 732/2042/681 735/2043/681
f 729/2044/682 735/2045/682 736/2046/682
f 735/2047/683 730/2048/683 736/2049/683
f 731/2050/684 734/2051/684 729/2052/684
f 737/2053/685 738/2054/685 739/2055/685
f 740/2056/686 738/2057/686 741/2058/686
f 740/2059/687 742/2060/687 743/2061/687
f 743/2062/688 744/2063/688 737/2064/688
f 741/2065/689 744/2066/689 742/2067/689
f 739/2068/690 743/2069/690 737/2070/690
f 745/2071/691 746/2072/691 747/2073/691
f 748/2074/692 746/2075/692 749/2076/692
f 748/2077/693 750/2078/693 751/2079/693
f 751/2080/694 752/2081/694 745/2082/694
f 749/2083/695 752/2084/695 750/2085/695
f 747/2086/696 751/2087/696 745/2088/696
f 753/2089/697 754/2090/697 755/2091/697
f 755/2092/698 756/2093/698 757/2094/698
f 757/2095/699 758/2096/699 759/2097/699
f 753/2098/700 758/2099/700 760/2100/700
f 756/2101/701 760/2102/701 758/2103/701
f 755/2104/702 759/2105/702 753/2106/702
f 761/2107/703 762/2108/703 763/2109/703
f 764/2110/704 762/2111/704 765/2112/704
f 764/2113/705 766/2114/705 767/2115/705
f 767/2116/706 768/2117/706 761/2118/706
f 765/2119/707 768/2120/707 766/2121/707
f 763/2122/708 767/2123/708 761/2124/708
f 769/2125/709 770/2126/709 771/2127/709
f 772/2128/710 770/2129/710 773/2130/710
f 772/2131/711 774/2132/711 775/2133/711
f 775/2134/712 776/2135/712 769/2136/712
f 773/2137/713 776/2138/713 774/2139/713
f 771/2140/714 775/2141/714 769/2142/714
f 777/2143/715 778/2144/715 779/2145/715
f 779/2146/716 780/2147/716 781/2148/716
f 781/2149/717 782/2150/717 783/2151/717
f 777/2152/718 782/2153/718 784/2154/718
f 780/2155/719 784/2156/719 782/2157/719
f 779/2158/720 783/2159/720 777/2160/720
f 785/2161/721 786/2162/721 787/2163/721
f 788/2164/722 786/2165/722 789/2166/722
f 788/2167/723 790/2168/723 791/2169/723
f 791/2170/724 792/2171/724 785/2172/724
f 789/2173/725 792/2174/725 790/2175/725
f 787/2176/726 791/2177/726 785/2178/726
f 793/2179/727 794/2180/727 795/2181/727
f 796/2182/728 794/2183/728 797/2184/728
f 796/2185/729 798/2186/729 799/2187/729
f 799/2188/730 800/2189/730 793/2190/730
f 797/2191/731 800/2192/731 798/2193/731
f 795/2194/732 799/2195/732 793/2196/732
f 801/2197/733 802/2198/733 803/2199/733
f 801/2200/734 804/2201/734 805/2202/734
f 805/2203/735 806/2204/735 807/2205/735
f 808/2206/736 806/2207/736 802/2208/736
f 804/2209/737 802/2210/737 806/2211/737
f 808/2212/738 805/2213/738 807/2214/738
f 809/2215/739 810/2216/739 811/2217/739
f 812/2218/740 810/2219/740 813/2220/740
f 812/2221/741 814/2222/741 815/2223/741
f 815/2224/742 816/2225/742 809/2226/742
f 813/2227/743 816/2228/743 814/2229/743
f 811/2230/744 815/2231/744 809/2232/744
f 817/2233/745 818/2234/745 819/2235/745
f 817/2236/746 820/2237/746 821/2238/746
f 821/2239/747 822/2240/747 823/2241/747
f 823/2242/748 818/2243/748 824/2244/748
f 820/2245/749 818/2246/749 822/2247/749
f 817/2248/750 823/2249/750 824/2250/750
f 825/2251/751 826/2252/751 827/2253/751
f 825/2254/752 828/2255/752 829/2256/752
f 829/2257/753 830/2258/753 831/2259/753
f 831/2260/754 826/2261/754 832/2262/754
f 828/2263/755 826/2264/755 830/2265/755
f 825/2266/756 831/2267/756 832/2268/756
f 833/2269/757 834/2270/757 835/2271/757
f 835/2272/758 836/2273/758 837/2274/758
f 838/2275/759 836/2276/759 839/2277/759
f 838/2278/760 840/2279/760 833/2280/760
f 836/2281/761 840/2282/761 839/2283/761
f 835/2284/762 838/2285/762 833/2286/762
f 841/2287/763 842/2288/763 843/2289/763
f 843/2290/764 844/2291/764 845/2292/764
f 846/2293/765 844/2294/765 847/2295/765
f 846/2296/766 848/2297/766 841/2298/766
f 844/2299/767 848/2300/767 847/2301/767
f 843/2302/768 846/2303/768 841/2304/768
f 849/2305/769 850/2306/769 851/2307/769
f 851/2308/770 852/2309/770 853/2310/770
f 853/2311/771 854/2312/771 855/2313/771
f 855/2314/772 856/2315/772 849/2316/772
f 852/2317/773 856/2318/773 854/2319/773
f 851/2320/774 855/2321/774 849/2322/774
f 857/2323/775 858/2324/775 859/2325/775
f 859/2326/776 860/2327/776 861/2328/776
f 862/2329/777 860/2330/777 863/2331/777
f 862/2332/778 864/2333/778 857/2334/778
f 860/2335/779 864/2336/779 863/2337/779
f 859/2338/780 862/2339/780 857/2340/780
f 865/2341/781 866/2342/781 867/2343/781
f 867/2344/782 868/2345/782 869/2346/782
f 870/2347/783 868/2348/783 871/2349/783
f 870/2350/784 872/2351/784 865/2352/784
f 868/2353/785 872/2354/785 871/2355/785
f 867/2356/786 870/2357/786 865/2358/786
f 873/2359/787 874/2360/787 875/2361/787
f 875/2362/788 876/2363/788 877/2364/788
f 878/2365/789 876/2366/789 879/2367/789
f 878/2368/790 880/2369/790 873/2370/790
f 876/2371/791 880/2372/791 879/2373/791
f 875/2374/792 878/2375/792 873/2376/792
f 881/2377/793 882/2378/793 883/2379/793
f 881/2380/794 884/2381/794 885/2382/794
f 885/2383/795 886/2384/795 887/2385/795
f 887/2386/796 882/2387/796 888/2388/796
f 884/2389/797 882/2390/797 886/2391/797
f 881/2392/798 887/2393/798 888/2394/798
f 889/2395/799 890/2396/799 891/2397/799
f 889/2398/800 892/2399/800 893/2400/800
f 893/2401/801 894/2402/801 895/2403/801
f 895/2404/802 890/2405/802 896/2406/802
f 892/2407/803 890/2408/803 894/2409/803
f 889/2410/804 895/2411/804 896/2412/804
f 897/2413/805 898/2414/805 899/2415/805
f 897/2416/806 900/2417/806 901/2418/806
f 901/2419/807 902/2420/807 903/2421/807
f 903/2422/808 898/2423/808 904/2424/808
f 900/2425/809 898/2426/809 902/2427/809
f 897/2428/810 903/2429/810 904/2430/810
f 905/2431/811 906/2432/811 907/2433/811
f 907/2434/812 908/2435/812 909/2436/812
f 909/2437/813 910/2438/813 911/2439/813
f 911/2440/814 912/2441/814 905/2442/814
f 908/2443/815 912/2444/815 910/2445/815
f 907/2446/816 911/2447/816 905/2448/816
f 913/2449/817 914/2450/817 915/2451/817
f 915/2452/818 916/2453/818 917/2454/818
f 917/2455/819 918/2456/819 919/2457/819
f 919/2458/820 920/2459/820 913/2460/820
f 916/2461/821 920/2462/821 918/2463/821
f 915/2464/822 919/2465/822 913/2466/822
f 921/2467/823 922/2468/823 923/2469/823
f 923/2470/824 924/2471/824 925/2472/824
f 925/2473/825 926/2474/825 927/2475/825
f 927/2476/826 928/2477/826 921/2478/826
f 924/2479/827 928/2480/827 926/2481/827
f 923/2482/828 927/2483/828 921/2484/828
f 929/2485/829 930/2486/829 931/2487/829
f 931/2488/830 932/2489/830 933/2490/830
f 933/2491/831 934/2492/831 935/2493/831
f 935/2494/832 936/2495/832 929/2496/832
f 932/2497/833 936/2498/833 934/2499/833
f 931/2500/834 935/2501/834 929/2502/834
f 937/2503/835 938/2504/835 939/2505/835
f 939/2506/836 940/2507/836 941/2508/836
f 941/2509/837 942/2510/837 943/2511/837
f 943/2512/838 944/2513/838 937/2514/838
f 940/2515/839 944/2516/839 942/2517/839
f 939/2518/840 943/2519/840 937/2520/840
f 945/2521/841 946/2522/841 947/2523/841
f 948/2524/842 946/2525/842 949/2526/842
f 948/2527/843 950/2528/843 951/2529/843
f 951/2530/844 952/2531/844 945/2532/844
f 949/2533/845 952/2534/845 950/2535/845
f 947/2536/846 951/2537/846 945/2538/846
f 953/2539/847 954/2540/847 955/2541/847
f 955/2542/848 956/2543/848 957/2544/848
f 957/2545/849 958/2546/849 959/2547/849
f 953/2548/850 958/2549/850 960/2550/850
f 956/2551/851 960/2552/851 958/2553/851
f 955/2554/852 959/2555/852 953/2556/852
f 961/2557/853 962/2558/853 963/2559/853
f 963/2560/854 964/2561/854 965/2562/854
f 965/2563/855 966/2564/855 967/2565/855
f 961/2566/856 966/2567/856 968/2568/856
f 964/2569/857 968/2570/857 966/2571/857
f 963/2572/858 967/2573/858 961/2574/858
f 969/2575/859 970/2576/859 971/2577/859
f 972/2578/860 970/2579/860 973/2580/860
f 972/2581/861 974/2582/861 975/2583/861
f 975/2584/862 976/2585/862 969/2586/862
f 973/2587/863 976/2588/863 974/2589/863
f 971/2590/864 975/2591/864 969/2592/864
f 977/2593/865 978/2594/865 979/2595/865
f 980/2596/866 978/2597/866 981/2598/866
f 980/2599/867 982/2600/867 983/2601/867
f 983/2602/868 984/2603/868 977/2604/868
f 981/2605/869 984/2606/869 982/2607/869
f 979/2608/870 983/2609/870 977/2610/870
f 985/2611/871 986/2612/871 987/2613/871
f 987/2614/872 988/2615/872 989/2616/872
f 989/2617/873 990/2618/873 991/2619/873
f 985/2620/874 990/2621/874 992/2622/874
f 988/2623/875 992/2624/875 990/2625/875
f 987/2626/876 991/2627/876 985/2628/876
f 993/2629/877 994/2630/877 995/2631/877
f 995/2632/878 996/2633/878 997/2634/878
f 997/2635/879 998/2636/879 999/2637/879
f 993/2638/880 998/2639/880 1000/2640/880
f 996/2641/881 1000/2642/881 998/2643/881
f 995/2644/882 999/2645/882 993/2646/882
f 1001/2647/883 1002/2648/883 1003/2649/883
f 1004/2650/884 1002/2651/884 1005/2652/884
f 1004/2653/885 1006/2654/885 1007/2655/885
f 1007/2656/886 1008/2657/886 1001/2658/886
f 1005/2659/887 1008/2660/887 1006/2661/887
f 1003/2662/888 1007/2663/888 1001/2664/888
f 1009/2665/889 1010/2666/889 1011/2667/889
f 1012/2668/890 1010/2669/890 1013/2670/890
f 1012/2671/891 1014/2672/891 1015/2673/891
f 1015/2674/892 1016/2675/892 1009/2676/892
f 1013/2677/893 1016/2678/893 1014/2679/893
f 1011/2680/894 1015/2681/894 1009/2682/894
f 1017/2683/895 1018/2684/895 1019/2685/895
f 1019/2686/896 1020/2687/896 1021/2688/896
f 1021/2689/897 1022/2690/897 1023/2691/897
f 1017/2692/898 1022/2693/898 1024/2694/898
f 1020/2695/899 1024/2696/899 1022/2697/899
f 1019/2698/900 1023/2699/900 1017/2700/900
f 1025/2701/901 1026/2702/901 1027/2703/901
f 1028/2704/902 1026/2705/902 1029/2706/902
f 1028/2707/903 1030/2708/903 1031/2709/903
f 1025/2710/904 1030/2711/904 1032/2712/904
f 1030/2713/905 1026/2714/905 1032/2715/905
f 1027/2716/906 1031/2717/906 1025/2718/906
f 1033/2719/907 1034/2720/907 1035/2721/907
f 1035/2722/908 1036/2723/908 1037/2724/908
f 1037/2725/909 1038/2726/909 1039/2727/909
f 1039/2728/910 1040/2729/910 1033/2730/910
f 1036/2731/911 1040/2732/911 1038/2733/911
f 1035/2734/912 1039/2735/912 1033/2736/912
f 1041/2737/913 1042/2738/913 1043/2739/913
f 1043/2740/914 1044/2741/914 1045/2742/914
f 1045/2743/915 1046/2744/915 1047/2745/915
f 1041/2746/916 1046/2747/916 1048/2748/916
f 1044/2749/917 1048/2750/917 1046/2751/917
f 1043/2752/918 1047/2753/918 1041/2754/918
f 1049/2755/919 1050/2756/919 1051/2757/919
f 1051/2758/920 1052/2759/920 1053/2760/920
f 1053/2761/921 1054/2762/921 1055/2763/921
f 1055/2764/922 1056/2765/922 1049/2766/922
f 1052/2767/923 1056/2768/923 1054/2769/923
f 1051/2770/924 1055/2771/924 1049/2772/924
f 178/2773/925 185/2774/925 179/2775/925
f 180/2776/926 179/2777/926 181/2778/926
f 182/2779/927 181/2780/927 183/2781/927
f 184/2782/928 183/2783/928 185/2784/928
f 181/2785/929 179/2786/929 185/2787/929
f 180/2788/930 182/2789/930 184/2790/930
f 186/2791/931 193/2792/931 187/2793/931
f 188/2794/932 187/2795/932 189/2796/932
f 190/2797/933 189/2798/933 191/2799/933
f 186/2800/934 192/2801/934 191/2802/934
f 191/2803/935 189/2804/935 187/2805/935
f 186/2806/936 188/2807/936 190/2808/936
f 194/2809/937 201/2810/937 195/2811/937
f 196/2812/938 195/2813/938 197/2814/938
f 198/2815/939 197/2816/939 199/2817/939
f 200/2818/940 199/2819/940 201/2820/940
f 197/2821/941 195/2822/941 201/2823/941
f 196/2824/942 198/2825/942 200/2826/942
f 202/2827/943 209/2828/943 203/2829/943
f 202/2830/944 204/2831/944 205/2832/944
f 206/2833/945 205/2834/945 207/2835/945
f 209/2836/946 208/2837/946 207/2838/946
f 205/2839/947 204/2840/947 203/2841/947
f 209/2842/948 202/2843/948 206/2844/948
f 210/2845/949 217/2846/949 211/2847/949
f 210/2848/950 212/2849/950 213/2850/950
f 215/2851/951 214/2852/951 213/2853/951
f 217/2854/952 215/2855/952 216/2856/952
f 213/2857/953 212/2858/953 211/2859/953
f 210/2860/954 214/2861/954 215/2862/954
f 218/2863/955 225/2864/955 219/2865/955
f 218/2866/956 220/2867/956 221/2868/956
f 222/2869/957 221/2870/957 223/2871/957
f 225/2872/958 224/2873/958 223/2874/958
f 221/2875/959 220/2876/959 219/2877/959
f 225/2878/960 218/2879/960 222/2880/960
f 226/2881/961 233/2882/961 227/2883/961
f 228/2884/962 227/2885/962 229/2886/962
f 230/2887/963 229/2888/963 231/2889/963
f 232/2890/964 231/2891/964 233/2892/964
f 229/2893/965 227/2894/965 233/2895/965
f 228/2896/966 230/2897/966 232/2898/966
f 234/2899/967 241/2900/967 235/2901/967
f 234/2902/968 236/2903/968 237/2904/968
f 239/2905/969 238/2906/969 237/2907/969
f 239/2908/970 240/2909/970 235/2910/970
f 237/2911/971 236/2912/971 235/2913/971
f 234/2914/972 238/2915/972 239/2916/972
f 242/2917/973 249/2918/973 243/2919/973
f 244/2920/974 243/2921/974 245/2922/974
f 247/2923/975 246/2924/975 245/2925/975
f 242/2926/976 247/2927/976 248/2928/976
f 248/2929/977 245/2930/977 243/2931/977
f 244/2932/978 246/2933/978 247/2934/978
f 250/2935/979 257/2936/979 251/2937/979
f 252/2938/980 251/2939/980 253/2940/980
f 255/2941/981 254/2942/981 253/2943/981
f 255/2944/982 256/2945/982 257/2946/982
f 253/2947/983 251/2948/983 257/2949/983
f 252/2950/984 254/2951/984 255/2952/984
f 258/2953/985 265/2954/985 259/2955/985
f 258/2956/986 260/2957/986 261/2958/986
f 263/2959/987 262/2960/987 261/2961/987
f 265/2962/988 263/2963/988 264/2964/988
f 261/2965/989 260/2966/989 259/2967/989
f 265/2968/990 258/2969/990 262/2970/990
f 266/2971/991 273/2972/991 267/2973/991
f 266/2974/992 268/2975/992 269/2976/992
f 270/2977/993 269/2978/993 271/2979/993
f 272/2980/994 271/2981/994 267/2982/994
f 269/2983/995 268/2984/995 267/2985/995
f 266/2986/996 270/2987/996 272/2988/996
f 274/2989/997 281/2990/997 275/2991/997
f 277/2992/998 274/2993/998 276/2994/998
f 277/2995/999 278/2996/999 279/2997/999
f 281/2998/1000 280/2999/1000 279/3000/1000
f 279/3001/1001 278/3002/1001 276/3003/1001
f 274/3004/1002 277/3005/1002 280/3006/1002
f 282/3007/1003 289/3008/1003 283/3009/1003
f 284/3010/1004 283/3011/1004 285/3012/1004
f 287/3013/1005 286/3014/1005 285/3015/1005
f 287/3016/1006 288/3017/1006 289/3018/1006
f 285/3019/1007 283/3020/1007 289/3021/1007
f 284/3022/1008 286/3023/1008 287/3024/1008
f 290/3025/1009 297/3026/1009 291/3027/1009
f 292/3028/1010 291/3029/1010 293/3030/1010
f 295/3031/1011 294/3032/1011 293/3033/1011
f 290/3034/1012 295/3035/1012 296/3036/1012
f 296/3037/1013 293/3038/1013 291/3039/1013
f 292/3040/1014 294/3041/1014 295/3042/1014
f 298/3043/1015 305/3044/1015 299/3045/1015
f 300/3046/1016 299/3047/1016 301/3048/1016
f 302/3049/1017 301/3050/1017 303/3051/1017
f 298/3052/1018 304/3053/1018 303/3054/1018
f 303/3055/1019 301/3056/1019 299/3057/1019
f 300/3058/1020 302/3059/1020 304/3060/1020
f 306/3061/1021 313/3062/1021 307/3063/1021
f 306/3064/1022 308/3065/1022 309/3066/1022
f 310/3067/1023 309/3068/1023 311/3069/1023
f 312/3070/1024 311/3071/1024 307/3072/1024
f 309/3073/1025 308/3074/1025 307/3075/1025
f 306/3076/1026 310/3077/1026 312/3078/1026
f 314/3079/1027 321/3080/1027 315/3081/1027
f 317/3082/1028 314/3083/1028 316/3084/1028
f 317/3085/1029 318/3086/1029 319/3087/1029
f 321/3088/1030 320/3089/1030 319/3090/1030
f 318/3091/1031 316/3092/1031 315/3093/1031
f 314/3094/1032 317/3095/1032 320/3096/1032
f 322/3097/1033 329/3098/1033 323/3099/1033
f 324/3100/1034 323/3101/1034 325/3102/1034
f 327/3103/1035 326/3104/1035 325/3105/1035
f 322/3106/1036 327/3107/1036 328/3108/1036
f 328/3109/1037 325/3110/1037 323/3111/1037
f 324/3112/1038 326/3113/1038 327/3114/1038
f 330/3115/1039 337/3116/1039 331/3117/1039
f 330/3118/1040 332/3119/1040 333/3120/1040
f 334/3121/1041 333/3122/1041 335/3123/1041
f 337/3124/1042 336/3125/1042 335/3126/1042
f 333/3127/1043 332/3128/1043 331/3129/1043
f 337/3130/1044 330/3131/1044 334/3132/1044
f 338/3133/1045 345/3134/1045 339/3135/1045
f 340/3136/1046 339/3137/1046 341/3138/1046
f 342/3139/1047 341/3140/1047 343/3141/1047
f 344/3142/1048 343/3143/1048 345/3144/1048
f 341/3145/1049 339/3146/1049 345/3147/1049
f 340/3148/1050 342/3149/1050 344/3150/1050
f 346/3151/1051 353/3152/1051 347/3153/1051
f 346/3154/1052 348/3155/1052 349/3156/1052
f 350/3157/1053 349/3158/1053 351/3159/1053
f 352/3160/1054 351/3161/1054 347/3162/1054
f 351/3163/1055 349/3164/1055 348/3165/1055
f 346/3166/1056 350/3167/1056 352/3168/1056
f 354/3169/1057 361/3170/1057 355/3171/1057
f 356/3172/1058 355/3173/1058 357/3174/1058
f 358/3175/1059 357/3176/1059 359/3177/1059
f 360/3178/1060 359/3179/1060 361/3180/1060
f 359/3181/1061 357/3182/1061 355/3183/1061
f 356/3184/1062 358/3185/1062 360/3186/1062
f 362/3187/1063 369/3188/1063 363/3189/1063
f 362/3190/1064 364/3191/1064 365/3192/1064
f 366/3193/1065 365/3194/1065 367/3195/1065
f 368/3196/1066 367/3197/1066 363/3198/1066
f 365/3199/1067 364/3200/1067 363/3201/1067
f 362/3202/1068 366/3203/1068 368/3204/1068
f 370/3205/1069 377/3206/1069 371/3207/1069
f 370/3208/1070 372/3209/1070 373/3210/1070
f 375/3211/1071 374/3212/1071 373/3213/1071
f 375/3214/1072 376/3215/1072 371/3216/1072
f 373/3217/1073 372/3218/1073 371/3219/1073
f 377/3220/1074 370/3221/1074 374/3222/1074
f 378/3223/1075 385/3224/1075 379/3225/1075
f 380/3226/1076 379/3227/1076 381/3228/1076
f 383/3229/1077 382/3230/1077 381/3231/1077
f 383/3232/1078 384/3233/1078 385/3234/1078
f 384/3235/1079 381/3236/1079 379/3237/1079
f 380/3238/1080 382/3239/1080 383/3240/1080
f 386/3241/1081 393/3242/1081 387/3243/1081
f 388/3244/1082 387/3245/1082 389/3246/1082
f 390/3247/1083 389/3248/1083 391/3249/1083
f 386/3250/1084 392/3251/1084 391/3252/1084
f 391/3253/1085 389/3254/1085 387/3255/1085
f 388/3256/1086 390/3257/1086 392/3258/1086
f 394/3259/1087 401/3260/1087 395/3261/1087
f 394/3262/1088 396/3263/1088 397/3264/1088
f 398/3265/1089 397/3266/1089 399/3267/1089
f 400/3268/1090 399/3269/1090 395/3270/1090
f 399/3271/1091 397/3272/1091 396/3273/1091
f 401/3274/1092 394/3275/1092 398/3276/1092
f 402/3277/1093 408/3278/1093 177/3279/1093
f 403/3280/1094 177/3281/1094 404/3282/1094
f 406/3283/1095 405/3284/1095 404/3285/1095
f 406/3286/1096 407/3287/1096 408/3288/1096
f 404/3289/1097 177/3290/1097 408/3291/1097
f 403/3292/1098 405/3293/1098 406/3294/1098
f 409/3295/1099 416/3296/1099 410/3297/1099
f 412/3298/1100 411/3299/1100 410/3300/1100
f 414/3301/1101 412/3302/1101 413/3303/1101
f 409/3304/1102 414/3305/1102 415/3306/1102
f 413/3307/1103 410/3308/1103 416/3309/1103
f 409/3310/1104 411/3311/1104 412/3312/1104
f 417/3313/1105 424/3314/1105 418/3315/1105
f 419/3316/1106 418/3317/1106 420/3318/1106
f 422/3319/1107 421/3320/1107 420/3321/1107
f 422/3322/1108 423/3323/1108 424/3324/1108
f 423/3325/1109 420/3326/1109 418/3327/1109
f 419/3328/1110 421/3329/1110 422/3330/1110
f 425/3331/1111 432/3332/1111 426/3333/1111
f 425/3334/1112 427/3335/1112 428/3336/1112
f 429/3337/1113 428/3338/1113 430/3339/1113
f 431/3340/1114 430/3341/1114 426/3342/1114
f 430/3343/1115 428/3344/1115 427/3345/1115
f 425/3346/1116 429/3347/1116 431/3348/1116
f 433/3349/1117 440/3350/1117 434/3351/1117
f 435/3352/1118 434/3353/1118 436/3354/1118
f 438/3355/1119 437/3356/1119 436/3357/1119
f 438/3358/1120 439/3359/1120 440/3360/1120
f 436/3361/1121 434/3362/1121 440/3363/1121
f 435/3364/1122 437/3365/1122 438/3366/1122
f 441/3367/1123 448/3368/1123 442/3369/1123
f 444/3370/1124 441/3371/1124 443/3372/1124
f 444/3373/1125 445/3374/1125 446/3375/1125
f 448/3376/1126 447/3377/1126 446/3378/1126
f 446/3379/1127 445/3380/1127 443/3381/1127
f 441/3382/1128 444/3383/1128 447/3384/1128
f 449/3385/1129 456/3386/1129 450/3387/1129
f 449/3388/1130 451/3389/1130 452/3390/1130
f 453/3391/1131 452/3392/1131 454/3393/1131
f 455/3394/1132 454/3395/1132 450/3396/1132
f 452/3397/1133 451/3398/1133 450/3399/1133
f 449/3400/1134 453/3401/1134 455/3402/1134
f 457/3403/1135 464/3404/1135 458/3405/1135
f 459/3406/1136 458/3407/1136 460/3408/1136
f 462/3409/1137 461/3410/1137 460/3411/1137
f 462/3412/1138 463/3413/1138 464/3414/1138
f 463/3415/1139 460/3416/1139 458/3417/1139
f 457/3418/1140 459/3419/1140 461/3420/1140
f 465/3421/1141 472/3422/1141 466/3423/1141
f 465/3424/1142 467/3425/1142 468/3426/1142
f 469/3427/1143 468/3428/1143 470/3429/1143
f 472/3430/1144 471/3431/1144 470/3432/1144
f 470/3433/1145 468/3434/1145 467/3435/1145
f 465/3436/1146 469/3437/1146 471/3438/1146
f 473/3439/1147 480/3440/1147 474/3441/1147
f 475/3442/1148 474/3443/1148 476/3444/1148
f 478/3445/1149 477/3446/1149 476/3447/1149
f 473/3448/1150 478/3449/1150 479/3450/1150
f 476/3451/1151 474/3452/1151 480/3453/1151
f 473/3454/1152 475/3455/1152 477/3456/1152
f 481/3457/1153 488/3458/1153 482/3459/1153
f 481/3460/1154 483/3461/1154 484/3462/1154
f 485/3463/1155 484/3464/1155 486/3465/1155
f 488/3466/1156 487/3467/1156 486/3468/1156
f 486/3469/1157 484/3470/1157 483/3471/1157
f 488/3472/1158 481/3473/1158 485/3474/1158
f 489/3475/1159 496/3476/1159 490/3477/1159
f 489/3478/1160 491/3479/1160 492/3480/1160
f 494/3481/1161 493/3482/1161 492/3483/1161
f 494/3484/1162 495/3485/1162 490/3486/1162
f 495/3487/1163 492/3488/1163 491/3489/1163
f 489/3490/1164 493/3491/1164 494/3492/1164
f 497/3493/1165 504/3494/1165 498/3495/1165
f 499/3496/1166 498/3497/1166 500/3498/1166
f 502/3499/1167 501/3500/1167 500/3501/1167
f 502/3502/1168 503/3503/1168 504/3504/1168
f 500/3505/1169 498/3506/1169 504/3507/1169
f 499/3508/1170 501/3509/1170 502/3510/1170
f 505/3511/1171 512/3512/1171 506/3513/1171
f 505/3514/1172 507/3515/1172 508/3516/1172
f 510/3517/1173 509/3518/1173 508/3519/1173
f 512/3520/1174 510/3521/1174 511/3522/1174
f 508/3523/1175 507/3524/1175 506/3525/1175
f 505/3526/1176 509/3527/1176 510/3528/1176
f 513/3529/1177 520/3530/1177 514/3531/1177
f 516/3532/1178 515/3533/1178 514/3534/1178
f 516/3535/1179 517/3536/1179 518/3537/1179
f 513/3538/1180 519/3539/1180 518/3540/1180
f 517/3541/1181 514/3542/1181 520/3543/1181
f 515/3544/1182 516/3545/1182 519/3546/1182
f 521/3547/1183 528/3548/1183 522/3549/1183
f 524/3550/1184 523/3551/1184 522/3552/1184
f 524/3553/1185 525/3554/1185 526/3555/1185
f 521/3556/1186 527/3557/1186 526/3558/1186
f 526/3559/1187 525/3560/1187 522/3561/1187
f 523/3562/1188 524/3563/1188 527/3564/1188
f 529/3565/1189 536/3566/1189 530/3567/1189
f 529/3568/1190 531/3569/1190 532/3570/1190
f 533/3571/1191 532/3572/1191 534/3573/1191
f 536/3574/1192 535/3575/1192 534/3576/1192
f 534/3577/1193 532/3578/1193 531/3579/1193
f 536/3580/1194 529/3581/1194 533/3582/1194
f 537/3583/1195 544/3584/1195 538/3585/1195
f 539/3586/1196 538/3587/1196 540/3588/1196
f 541/3589/1197 540/3590/1197 542/3591/1197
f 543/3592/1198 542/3593/1198 544/3594/1198
f 540/3595/1199 538/3596/1199 544/3597/1199
f 539/3598/1200 541/3599/1200 543/3600/1200
f 545/3601/1201 552/3602/1201 546/3603/1201
f 547/3604/1202 546/3605/1202 548/3606/1202
f 550/3607/1203 549/3608/1203 548/3609/1203
f 550/3610/1204 551/3611/1204 552/3612/1204
f 548/3613/1205 546/3614/1205 552/3615/1205
f 547/3616/1206 549/3617/1206 550/3618/1206
f 553/3619/1207 560/3620/1207 554/3621/1207
f 555/3622/1208 554/3623/1208 556/3624/1208
f 558/3625/1209 557/3626/1209 556/3627/1209
f 558/3628/1210 559/3629/1210 560/3630/1210
f 556/3631/1211 554/3632/1211 560/3633/1211
f 555/3634/1212 557/3635/1212 558/3636/1212
f 561/3637/1213 568/3638/1213 562/3639/1213
f 561/3640/1214 563/3641/1214 564/3642/1214
f 565/3643/1215 564/3644/1215 566/3645/1215
f 567/3646/1216 566/3647/1216 562/3648/1216
f 564/3649/1217 563/3650/1217 562/3651/1217
f 561/3652/1218 565/3653/1218 567/3654/1218
f 569/3655/1219 576/3656/1219 570/3657/1219
f 569/3658/1220 571/3659/1220 572/3660/1220
f 573/3661/1221 572/3662/1221 574/3663/1221
f 575/3664/1222 574/3665/1222 570/3666/1222
f 572/3667/1223 571/3668/1223 570/3669/1223
f 569/3670/1224 573/3671/1224 575/3672/1224
f 577/3673/1225 584/3674/1225 578/3675/1225
f 579/3676/1226 578/3677/1226 580/3678/1226
f 581/3679/1227 580/3680/1227 582/3681/1227
f 583/3682/1228 582/3683/1228 584/3684/1228
f 580/3685/1229 578/3686/1229 584/3687/1229
f 579/3688/1230 581/3689/1230 583/3690/1230
f 585/3691/1231 592/3692/1231 586/3693/1231
f 588/3694/1232 585/3695/1232 587/3696/1232
f 588/3697/1233 589/3698/1233 590/3699/1233
f 591/3700/1234 590/3701/1234 586/3702/1234
f 589/3703/1235 587/3704/1235 586/3705/1235
f 585/3706/1236 588/3707/1236 591/3708/1236
f 593/3709/1237 600/3710/1237 594/3711/1237
f 595/3712/1238 594/3713/1238 596/3714/1238
f 598/3715/1239 597/3716/1239 596/3717/1239
f 593/3718/1240 598/3719/1240 599/3720/1240
f 596/3721/1241 594/3722/1241 600/3723/1241
f 595/3724/1242 597/3725/1242 598/3726/1242
f 601/3727/1243 608/3728/1243 602/3729/1243
f 603/3730/1244 602/3731/1244 604/3732/1244
f 606/3733/1245 605/3734/1245 604/3735/1245
f 606/3736/1246 607/3737/1246 608/3738/1246
f 607/3739/1247 604/3740/1247 602/3741/1247
f 603/3742/1248 605/3743/1248 606/3744/1248
f 609/3745/1249 616/3746/1249 610/3747/1249
f 611/3748/1250 610/3749/1250 612/3750/1250
f 613/3751/1251 612/3752/1251 614/3753/1251
f 615/3754/1252 614/3755/1252 616/3756/1252
f 612/3757/1253 610/3758/1253 616/3759/1253
f 611/3760/1254 613/3761/1254 615/3762/1254
f 617/3763/1255 624/3764/1255 618/3765/1255
f 620/3766/1256 617/3767/1256 619/3768/1256
f 622/3769/1257 620/3770/1257 621/3771/1257
f 622/3772/1258 623/3773/1258 618/3774/1258
f 621/3775/1259 619/3776/1259 618/3777/1259
f 617/3778/1260 620/3779/1260 622/3780/1260
f 625/3781/1261 632/3782/1261 626/3783/1261
f 627/3784/1262 626/3785/1262 628/3786/1262
f 629/3787/1263 628/3788/1263 630/3789/1263
f 631/3790/1264 630/3791/1264 632/3792/1264
f 628/3793/1265 626/3794/1265 632/3795/1265
f 627/3796/1266 629/3797/1266 631/3798/1266
f 633/3799/1267 640/3800/1267 634/3801/1267
f 635/3802/1268 634/3803/1268 636/3804/1268
f 637/3805/1269 636/3806/1269 638/3807/1269
f 639/3808/1270 638/3809/1270 640/3810/1270
f 636/3811/1271 634/3812/1271 640/3813/1271
f 635/3814/1272 637/3815/1272 639/3816/1272
f 641/3817/1273 648/3818/1273 642/3819/1273
f 643/3820/1274 642/3821/1274 644/3822/1274
f 645/3823/1275 644/3824/1275 646/3825/1275
f 647/3826/1276 646/3827/1276 648/3828/1276
f 644/3829/1277 642/3830/1277 648/3831/1277
f 643/3832/1278 645/3833/1278 647/3834/1278
f 649/3835/1279 656/3836/1279 650/3837/1279
f 649/3838/1280 651/3839/1280 652/3840/1280
f 653/3841/1281 652/3842/1281 654/3843/1281
f 655/3844/1282 654/3845/1282 650/3846/1282
f 654/3847/1283 652/3848/1283 651/3849/1283
f 649/3850/1284 653/3851/1284 655/3852/1284
f 657/3853/1285 664/3854/1285 658/3855/1285
f 660/3856/1286 659/3857/1286 658/3858/1286
f 662/3859/1287 660/3860/1287 661/3861/1287
f 657/3862/1288 662/3863/1288 663/3864/1288
f 663/3865/1289 661/3866/1289 658/3867/1289
f 659/3868/1290 660/3869/1290 662/3870/1290
f 665/3871/1291 672/3872/1291 666/3873/1291
f 668/3874/1292 667/3875/1292 666/3876/1292
f 668/3877/1293 669/3878/1293 670/3879/1293
f 671/3880/1294 670/3881/1294 672/3882/1294
f 669/3883/1295 666/3884/1295 672/3885/1295
f 667/3886/1296 668/3887/1296 671/3888/1296
f 673/3889/1297 680/3890/1297 674/3891/1297
f 676/3892/1298 675/3893/1298 674/3894/1298
f 676/3895/1299 677/3896/1299 678/3897/1299
f 679/3898/1300 678/3899/1300 680/3900/1300
f 677/3901/1301 674/3902/1301 680/3903/1301
f 675/3904/1302 676/3905/1302 679/3906/1302
f 681/3907/1303 688/3908/1303 682/3909/1303
f 684/3910/1304 683/3911/1304 682/3912/1304
f 684/3913/1305 685/3914/1305 686/3915/1305
f 687/3916/1306 686/3917/1306 688/3918/1306
f 685/3919/1307 682/3920/1307 688/3921/1307
f 683/3922/1308 684/3923/1308 687/3924/1308
f 689/3925/1309 696/3926/1309 690/3927/1309
f 692/3928/1310 691/3929/1310 690/3930/1310
f 692/3931/1311 693/3932/1311 694/3933/1311
f 695/3934/1312 694/3935/1312 696/3936/1312
f 693/3937/1313 690/3938/1313 696/3939/1313
f 691/3940/1314 692/3941/1314 695/3942/1314
f 697/3943/1315 704/3944/1315 698/3945/1315
f 699/3946/1316 698/3947/1316 700/3948/1316
f 702/3949/1317 701/3950/1317 700/3951/1317
f 702/3952/1318 703/3953/1318 704/3954/1318
f 703/3955/1319 700/3956/1319 698/3957/1319
f 699/3958/1320 701/3959/1320 702/3960/1320
f 705/3961/1321 712/3962/1321 706/3963/1321
f 708/3964/1322 705/3965/1322 707/3966/1322
f 710/3967/1323 708/3968/1323 709/3969/1323
f 710/3970/1324 711/3971/1324 706/3972/1324
f 709/3973/1325 707/3974/1325 706/3975/1325
f 705/3976/1326 708/3977/1326 710/3978/1326
f 713/3979/1327 720/3980/1327 714/3981/1327
f 715/3982/1328 714/3983/1328 716/3984/1328
f 717/3985/1329 716/3986/1329 718/3987/1329
f 719/3988/1330 718/3989/1330 720/3990/1330
f 718/3991/1331 716/3992/1331 714/3993/1331
f 713/3994/1332 715/3995/1332 717/3996/1332
f 721/3997/1333 728/3998/1333 722/3999/1333
f 724/4000/1334 723/4001/1334 722/4002/1334
f 724/4003/1335 725/4004/1335 726/4005/1335
f 727/4006/1336 726/4007/1336 728/4008/1336
f 725/4009/1337 722/4010/1337 728/4011/1337
f 723/4012/1338 724/4013/1338 727/4014/1338
f 729/4015/1339 736/4016/1339 730/4017/1339
f 731/4018/1340 730/4019/1340 732/4020/1340
f 734/4021/1341 733/4022/1341 732/4023/1341
f 729/4024/1342 734/4025/1342 735/4026/1342
f 735/4027/1343 732/4028/1343 730/4029/1343
f 731/4030/1344 733/4031/1344 734/4032/1344
f 737/4033/1345 744/4034/1345 738/4035/1345
f 740/4036/1346 739/4037/1346 738/4038/1346
f 740/4039/1347 741/4040/1347 742/4041/1347
f 743/4042/1348 742/4043/1348 744/4044/1348
f 741/4045/1349 738/4046/1349 744/4047/1349
f 739/4048/1350 740/4049/1350 743/4050/1350
f 745/4051/1351 752/4052/1351 746/4053/1351
f 748/4054/1352 747/4055/1352 746/4056/1352
f 748/4057/1353 749/4058/1353 750/4059/1353
f 751/4060/1354 750/4061/1354 752/4062/1354
f 749/4063/1355 746/4064/1355 752/4065/1355
f 747/4066/1356 748/4067/1356 751/4068/1356
f 753/4069/1357 760/4070/1357 754/4071/1357
f 755/4072/1358 754/4073/1358 756/4074/1358
f 757/4075/1359 756/4076/1359 758/4077/1359
f 753/4078/1360 759/4079/1360 758/4080/1360
f 756/4081/1361 754/4082/1361 760/4083/1361
f 755/4084/1362 757/4085/1362 759/4086/1362
f 761/4087/1363 768/4088/1363 762/4089/1363
f 764/4090/1364 763/4091/1364 762/4092/1364
f 764/4093/1365 765/4094/1365 766/4095/1365
f 767/4096/1366 766/4097/1366 768/4098/1366
f 765/4099/1367 762/4100/1367 768/4101/1367
f 763/4102/1368 764/4103/1368 767/4104/1368
f 769/4105/1369 776/4106/1369 770/4107/1369
f 772/4108/1370 771/4109/1370 770/4110/1370
f 772/4111/1371 773/4112/1371 774/4113/1371
f 775/4114/1372 774/4115/1372 776/4116/1372
f 773/4117/1373 770/4118/1373 776/4119/1373
f 771/4120/1374 772/4121/1374 775/4122/1374
f 777/4123/1375 784/4124/1375 778/4125/1375
f 779/4126/1376 778/4127/1376 780/4128/1376
f 781/4129/1377 780/4130/1377 782/4131/1377
f 777/4132/1378 783/4133/1378 782/4134/1378
f 780/4135/1379 778/4136/1379 784/4137/1379
f 779/4138/1380 781/4139/1380 783/4140/1380
f 785/4141/1381 792/4142/1381 786/4143/1381
f 788/4144/1382 787/4145/1382 786/4146/1382
f 788/4147/1383 789/4148/1383 790/4149/1383
f 791/4150/1384 790/4151/1384 792/4152/1384
f 789/4153/1385 786/4154/1385 792/4155/1385
f 787/4156/1386 788/4157/1386 791/4158/1386
f 793/4159/1387 800/4160/1387 794/4161/1387
f 796/4162/1388 795/4163/1388 794/4164/1388
f 796/4165/1389 797/4166/1389 798/4167/1389
f 799/4168/1390 798/4169/1390 800/4170/1390
f 797/4171/1391 794/4172/1391 800/4173/1391
f 795/4174/1392 796/4175/1392 799/4176/1392
f 801/4177/1393 808/4178/1393 802/4179/1393
f 801/4180/1394 803/4181/1394 804/4182/1394
f 805/4183/1395 804/4184/1395 806/4185/1395
f 808/4186/1396 807/4187/1396 806/4188/1396
f 804/4189/1397 803/4190/1397 802/4191/1397
f 808/4192/1398 801/4193/1398 805/4194/1398
f 809/4195/1399 816/4196/1399 810/4197/1399
f 812/4198/1400 811/4199/1400 810/4200/1400
f 812/4201/1401 813/4202/1401 814/4203/1401
f 815/4204/1402 814/4205/1402 816/4206/1402
f 813/4207/1403 810/4208/1403 816/4209/1403
f 811/4210/1404 812/4211/1404 815/4212/1404
f 817/4213/1405 824/4214/1405 818/4215/1405
f 817/4216/1406 819/4217/1406 820/4218/1406
f 821/4219/1407 820/4220/1407 822/4221/1407
f 823/4222/1408 822/4223/1408 818/4224/1408
f 820/4225/1409 819/4226/1409 818/4227/1409
f 817/4228/1410 821/4229/1410 823/4230/1410
f 825/4231/1411 832/4232/1411 826/4233/1411
f 825/4234/1412 827/4235/1412 828/4236/1412
f 829/4237/1413 828/4238/1413 830/4239/1413
f 831/4240/1414 830/4241/1414 826/4242/1414
f 828/4243/1415 827/4244/1415 826/4245/1415
f 825/4246/1416 829/4247/1416 831/4248/1416
f 833/4249/1417 840/4250/1417 834/4251/1417
f 835/4252/1418 834/4253/1418 836/4254/1418
f 838/4255/1419 837/4256/1419 836/4257/1419
f 838/4258/1420 839/4259/1420 840/4260/1420
f 836/4261/1421 834/4262/1421 840/4263/1421
f 835/4264/1422 837/4265/1422 838/4266/1422
f 841/4267/1423 848/4268/1423 842/4269/1423
f 843/4270/1424 842/4271/1424 844/4272/1424
f 846/4273/1425 845/4274/1425 844/4275/1425
f 846/4276/1426 847/4277/1426 848/4278/1426
f 844/4279/1427 842/4280/1427 848/4281/1427
f 843/4282/1428 845/4283/1428 846/4284/1428
f 849/4285/1429 856/4286/1429 850/4287/1429
f 851/4288/1430 850/4289/1430 852/4290/1430
f 853/4291/1431 852/4292/1431 854/4293/1431
f 855/4294/1432 854/4295/1432 856/4296/1432
f 852/4297/1433 850/4298/1433 856/4299/1433
f 851/4300/1434 853/4301/1434 855/4302/1434
f 857/4303/1435 864/4304/1435 858/4305/1435
f 859/4306/1436 858/4307/1436 860/4308/1436
f 862/4309/1437 861/4310/1437 860/4311/1437
f 862/4312/1438 863/4313/1438 864/4314/1438
f 860/4315/1439 858/4316/1439 864/4317/1439
f 859/4318/1440 861/4319/1440 862/4320/1440
f 865/4321/1441 872/4322/1441 866/4323/1441
f 867/4324/1442 866/4325/1442 868/4326/1442
f 870/4327/1443 869/4328/1443 868/4329/1443
f 870/4330/1444 871/4331/1444 872/4332/1444
f 868/4333/1445 866/4334/1445 872/4335/1445
f 867/4336/1446 869/4337/1446 870/4338/1446
f 873/4339/1447 880/4340/1447 874/4341/1447
f 875/4342/1448 874/4343/1448 876/4344/1448
f 878/4345/1449 877/4346/1449 876/4347/1449
f 878/4348/1450 879/4349/1450 880/4350/1450
f 876/4351/1451 874/4352/1451 880/4353/1451
f 875/4354/1452 877/4355/1452 878/4356/1452
f 881/4357/1453 888/4358/1453 882/4359/1453
f 881/4360/1454 883/4361/1454 884/4362/1454
f 885/4363/1455 884/4364/1455 886/4365/1455
f 887/4366/1456 886/4367/1456 882/4368/1456
f 884/4369/1457 883/4370/1457 882/4371/1457
f 881/4372/1458 885/4373/1458 887/4374/1458
f 889/4375/1459 896/4376/1459 890/4377/1459
f 889/4378/1460 891/4379/1460 892/4380/1460
f 893/4381/1461 892/4382/1461 894/4383/1461
f 895/4384/1462 894/4385/1462 890/4386/1462
f 892/4387/1463 891/4388/1463 890/4389/1463
f 889/4390/1464 893/4391/1464 895/4392/1464
f 897/4393/1465 904/4394/1465 898/4395/1465
f 897/4396/1466 899/4397/1466 900/4398/1466
f 901/4399/1467 900/4400/1467 902/4401/1467
f 903/4402/1468 902/4403/1468 898/4404/1468
f 900/4405/1469 899/4406/1469 898/4407/1469
f 897/4408/1470 901/4409/1470 903/4410/1470
f 905/4411/1471 912/4412/1471 906/4413/1471
f 907/4414/1472 906/4415/1472 908/4416/1472
f 909/4417/1473 908/4418/1473 910/4419/1473
f 911/4420/1474 910/4421/1474 912/4422/1474
f 908/4423/1475 906/4424/1475 912/4425/1475
f 907/4426/1476 909/4427/1476 911/4428/1476
f 913/4429/1477 920/4430/1477 914/4431/1477
f 915/4432/1478 914/4433/1478 916/4434/1478
f 917/4435/1479 916/4436/1479 918/4437/1479
f 919/4438/1480 918/4439/1480 920/4440/1480
f 916/4441/1481 914/4442/1481 920/4443/1481
f 915/4444/1482 917/4445/1482 919/4446/1482
f 921/4447/1483 928/4448/1483 922/4449/1483
f 923/4450/1484 922/4451/1484 924/4452/1484
f 925/4453/1485 924/4454/1485 926/4455/1485
f 927/4456/1486 926/4457/1486 928/4458/1486
f 924/4459/1487 922/4460/1487 928/4461/1487
f 923/4462/1488 925/4463/1488 927/4464/1488
f 929/4465/1489 936/4466/1489 930/4467/1489
f 931/4468/1490 930/4469/1490 932/4470/1490
f 933/4471/1491 932/4472/1491 934/4473/1491
f 935/4474/1492 934/4475/1492 936/4476/1492
f 932/4477/1493 930/4478/1493 936/4479/1493
f 931/4480/1494 933/4481/1494 935/4482/1494
f 937/4483/1495 944/4484/1495 938/4485/1495
f 939/4486/1496 938/4487/1496 940/4488/1496
f 941/4489/1497 940/4490/1497 942/4491/1497
f 943/4492/1498 942/4493/1498 944/4494/1498
f 940/4495/1499 938/4496/1499 944/4497/1499
f 939/4498/1500 941/4499/1500 943/4500/1500
f 945/4501/1501 952/4502/1501 946/4503/1501
f 948/4504/1502 947/4505/1502 946/4506/1502
f 948/4507/1503 949/4508/1503 950/4509/1503
f 951/4510/1504 950/4511/1504 952/4512/1504
f 949/4513/1505 946/4514/1505 952/4515/1505
f 947/4516/1506 948/4517/1506 951/4518/1506
f 953/4519/1507 960/4520/1507 954/4521/1507
f 955/4522/1508 954/4523/1508 956/4524/1508
f 957/4525/1509 956/4526/1509 958/4527/1509
f 953/4528/1510 959/4529/1510 958/4530/1510
f 956/4531/1511 954/4532/1511 960/4533/1511
f 955/4534/1512 957/4535/1512 959/4536/1512
f 961/4537/1513 968/4538/1513 962/4539/1513
f 963/4540/1514 962/4541/1514 964/4542/1514
f 965/4543/1515 964/4544/1515 966/4545/1515
f 961/4546/1516 967/4547/1516 966/4548/1516
f 964/4549/1517 962/4550/1517 968/4551/1517
f 963/4552/1518 965/4553/1518 967/4554/1518
f 969/4555/1519 976/4556/1519 970/4557/1519
f 972/4558/1520 971/4559/1520 970/4560/1520
f 972/4561/1521 973/4562/1521 974/4563/1521
f 975/4564/1522 974/4565/1522 976/4566/1522
f 973/4567/1523 970/4568/1523 976/4569/1523
f 971/4570/1524 972/4571/1524 975/4572/1524
f 977/4573/1525 984/4574/1525 978/4575/1525
f 980/4576/1526 979/4577/1526 978/4578/1526
f 980/4579/1527 981/4580/1527 982/4581/1527
f 983/4582/1528 982/4583/1528 984/4584/1528
f 981/4585/1529 978/4586/1529 984/4587/1529
f 979/4588/1530 980/4589/1530 983/4590/1530
f 985/4591/1531 992/4592/1531 986/4593/1531
f 987/4594/1532 986/4595/1532 988/4596/1532
f 989/4597/1533 988/4598/1533 990/4599/1533
f 985/4600/1534 991/4601/1534 990/4602/1534
f 988/4603/1535 986/4604/1535 992/4605/1535
f 987/4606/1536 989/4607/1536 991/4608/1536
f 993/4609/1537 1000/4610/1537 994/4611/1537
f 995/4612/1538 994/4613/1538 996/4614/1538
f 997/4615/1539 996/4616/1539 998/4617/1539
f 993/4618/1540 999/4619/1540 998/4620/1540
f 996/4621/1541 994/4622/1541 1000/4623/1541
f 995/4624/1542 997/4625/1542 999/4626/1542
f 1001/4627/1543 1008/4628/1543 1002/4629/1543
f 1004/4630/1544 1003/4631/1544 1002/4632/1544
f 1004/4633/1545 1005/4634/1545 1006/4635/1545
f 1007/4636/1546 1006/4637/1546 1008/4638/1546
f 1005/4639/1547 1002/4640/1547 1008/4641/1547
f 1003/4642/1548 1004/4643/1548 1007/4644/1548
f 1009/4645/1549 1016/4646/1549 1010/4647/1549
f 1012/4648/1550 1011/4649/1550 1010/4650/1550
f 1012/4651/1551 1013/4652/1551 1014/4653/1551
f 1015/4654/1552 1014/4655/1552 1016/4656/1552
f 1013/4657/1553 1010/4658/1553 1016/4659/1553
f 1011/4660/1554 1012/4661/1554 1015/4662/1554
f 1017/4663/1555 1024/4664/1555 1018/4665/1555
f 1019/4666/1556 1018/4667/1556 1020/4668/1556
f 1021/4669/1557 1020/4670/1557 1022/4671/1557
f 1017/4672/1558 1023/4673/1558 1022/4674/1558
f 1020/4675/1559 1018/4676/1559 1024/4677/1559
f 1019/4678/1560 1021/4679/1560 1023/4680/1560
f 1025/4681/1561 1032/4682/1561 1026/4683/1561
f 1028/4684/1562 1027/4685/1562 1026/4686/1562
f 1028/4687/1563 1029/4688/1563 1030/4689/1563
f 1025/4690/1564 1031/4691/1564 1030/4692/1564
f 1030/4693/1565 1029/4694/1565 1026/4695/1565
f 1027/4696/1566 1028/4697/1566 1031/4698/1566
f 1033/4699/1567 1040/4700/1567 1034/4701/1567
f 1035/4702/1568 1034/4703/1568 1036/4704/1568
f 1037/4705/1569 1036/4706/1569 1038/4707/1569
f 1039/4708/1570 1038/4709/1570 1040/4710/1570
f 1036/4711/1571 1034/4712/1571 1040/4713/1571
f 1035/4714/1572 1037/4715/1572 1039/4716/1572
f 1041/4717/1573 1048/4718/1573 1042/4719/1573
f 1043/4720/1574 1042/4721/1574 1044/4722/1574
f 1045/4723/1575 1044/4724/1575 1046/4725/1575
f 1041/4726/1576 1047/4727/1576 1046/4728/1576
f 1044/4729/1577 1042/4730/1577 1048/4731/1577
f 1043/4732/1578 1045/4733/1578 1047/4734/1578
f 1049/4735/1579 1056/4736/1579 1050/4737/1579
f 1051/4738/1580 1050/4739/1580 1052/4740/1580
f 1053/4741/1581 1052/4742/1581 1054/4743/1581
f 1055/4744/1582 1054/4745/1582 1056/4746/1582
f 1052/4747/1583 1050/4748/1583 1056/4749/1583
f 1051/4750/1584 1053/4751/1584 1055/4752/1584
f 1057/4753/1585 1058/4754/1585 1059/4755/1585
f 1057/4756/1586 1060/4757/1586 1061/4758/1586
f 1061/4759/1587 1062/4760/1587 1063/4761/1587
f 1063/4762/1588 1058/4763/1588 1064/4764/1588
f 1060/4765/1589 1058/4766/1589 1062/4767/1589
f 1057/4768/1590 1063/4769/1590 1064/4770/1590
f 1057/4771/1591 1064/4772/1591 1058/4773/1591
f 1057/4774/1592 1059/4775/1592 1060/4776/1592
f 1061/4777/1593 1060/4778/1593 1062/4779/1593
f 1063/4780/1594 1062/4781/1594 1058/4782/1594
f 1060/4783/1595 1059/4784/1595 1058/4785/1595
f 1057/4786/1596 1061/4787/1596 1063/4788/1596
f 1065/4789/1597 1066/4790/1597 1067/4791/1597
f 1067/4792/1598 1068/4793/1598 1069/4794/1598
f 1069/4795/1599 1070/4796/1599 1071/4797/1599
f 1071/4798/1600 1072/4799/1600 1065/4800/1600
f 1068/4801/1601 1072/4802/1601 1070/4803/1601
f 1067/4804/1602 1071/4805/1602 1065/4806/1602
f 1065/4807/1603 1072/4808/1603 1066/4809/1603
f 1067/4810/1604 1066/4811/1604 1068/4812/1604
f 1069/4813/1605 1068/4814/1605 1070/4815/1605
f 1071/4816/1606 1070/4817/1606 1072/4818/1606
f 1068/4819/1607 1066/4820/1607 1072/4821/1607
f 1067/4822/1608 1069/4823/1608 1071/4824/1608
f 1073/4825/1609 1074/4826/1609 1075/4827/1609
f 1075/4828/1610 1076/4829/1610 1077/4830/1610
f 1077/4831/1611 1078/4832/1611 1079/4833/1611
f 1079/4834/1612 1080/4835/1612 1073/4836/1612
f 1076/4837/1613 1080/4838/1613 1078/4839/1613
f 1075/4840/1614 1079/4841/1614 1073/4842/1614
f 1073/4843/1615 1080/4844/1615 1074/4845/1615
f 1075/4846/1616 1074/4847/1616 1076/4848/1616
f 1077/4849/1617 1076/4850/1617 1078/4851/1617
f 1079/4852/1618 1078/4853/1618 1080/4854/1618
f 1076/4855/1619 1074/4856/1619 1080/4857/1619
f 1075/4858/1620 1077/4859/1620 1079/4860/1620
