# Made in Blockbench 5.0.7
mtllib press_h.mtl

o cube
v 0.3306223341206685 2.0321790885911764 -0.21968177810549216
v 0.27612051799816795 2.0178965884247515 -0.3556446021885557
v 0.36887429860466603 1.9387702336454826 -0.22106083872528534
v 0.3422214797539188 2.036835720741518 -0.21956142893356975
v 0.2879959944894662 2.020878479364592 -0.3581608264487355
v 0.37832509891036037 1.9469499376138417 -0.22089057190335032
v 0.2965824914293405 1.9243003235321618 -0.36999076775494205
v 0.33441425166905514 2.0302039921658417 0.18663131628851104
v 0.342221519998252 2.036836374067998 -0.21956133977207745
v 0.3705179965799418 1.9403178495961124 0.18530218034963897
v 0.37832526490913854 1.9469502314982694 -0.22089047571094944
v 0.32281487083800586 2.0255467571097565 0.18651079256197345
v 0.3306221391672026 2.0321791390119133 -0.21968186349861493
v 0.3589186157488924 1.9356606145400277 0.1851816566231015
v 0.3667258840780892 1.9422929964421842 -0.22101099943748695
v 0.16486900225800213 1.9859893982932322 0.37114574119243704
v 0.29607723529239593 2.0162152859231566 0.3061638216743384
v 0.1793839187112868 1.8904000123508051 0.3634283589631616
v 0.32643296846235226 1.9255690713945306 0.2917265264284593
v 0.1698847698411831 1.9852024410149747 0.38256834609236945
v 0.3113679283845946 2.0182857917702504 0.31262196528462516
v 0.18439968629446757 1.8896130550725478 0.37485096386309413
v 0.3314086232215434 1.9248163114227101 0.29691864293918135
v -0.006509738146280031 1.9772492084660398 0.3791295620175782
v 0.1647911037342165 1.9859890799675752 0.37117601031108194
v -0.0025640908597668877 1.8809511391193376 0.37100348832828745
v 0.17932720597213134 1.8904001813012883 0.36345071059128053
v -0.00797022944031378 1.978471521577354 0.3895646140610738
v 0.169884784822771 1.985203105855033 0.3825683270170088
v -0.0038458255436579214 1.8821745975420012 0.38136882109025183
v 0.1843999033494323 1.8896134518416965 0.37485113617739285
v 0.2993402924648406 2.016153055921469 0.3099683857135527
v 0.3228142462651197 2.0255469925904794 0.18651080889704663
v 0.319381132943682 1.9226836485818177 0.294264875613066
v 0.3610668835299678 1.9321389704264735 0.1851320649185958
v 0.3113677833742061 2.0182861218577046 0.31262158984003885
v 0.33441357862617876 2.030204518794009 0.18663139893291525
v 0.33140862385304726 1.924816714518054 0.2969180797395522
v 0.37051724435318045 1.9403183454863102 0.1853021327939799
v -0.006509877910584827 1.977249137766514 0.3791298276913533
v -0.16706205444306244 1.9859207624042614 0.375368583492961
v -0.003096146948688594 1.8809874048249797 0.3687958624788843
v -0.17934583858296077 1.8904003006822758 0.3634434434348994
v -0.005390596302360828 1.9784736370421636 0.38943179993361954
v -0.17211611920953418 1.9851339135636816 0.3867762762354545
v -0.0019768653404644843 1.8822119041006293 0.37909783472115066
v -0.1843999033494324 1.8896134518416963 0.37485113617739285
v -0.16813270675767955 1.9859269310992544 0.37495106018871893
v -0.29934037765377836 2.016152680007559 0.3099693760041058
v -0.179383918711287 1.8904000123508053 0.3634283589631617
v -0.32643296846235254 1.9255690713945308 0.2917265264284594
v -0.17314847434086061 1.9851399738209974 0.38637366508865145
v -0.31136792838459476 2.0182857917702504 0.31262196528462516
v -0.18439968629446796 1.889613055072548 0.37485096386309413
v -0.3314086232215437 1.9248163114227101 0.29691864293918147
v -0.299340292464841 2.016153055921469 0.3099683857135527
v -0.32281424626511984 2.0255469925904794 0.18651080889704663
v -0.31938113294368214 1.9226836485818177 0.294264875613066
v -0.361066883529968 1.9321389704264735 0.1851320649185958
v -0.3113677833742064 2.0182861218577046 0.31262158984003885
v -0.3344135786261791 2.030204518794009 0.18663139893291525
v -0.33140862385304753 1.9248167145180537 0.2969180797395522
v -0.37051724435318073 1.9403183454863102 0.18530213279398
v -0.3344142516690552 2.0302039921658412 0.18663131628851093
v -0.3422215199982522 2.0368363740679984 -0.21956133977207737
v -0.37051799657994194 1.9403178495961124 0.18530218034963897
v -0.3783252649091387 1.9469502314982696 -0.2208904757109494
v -0.32281487083800603 2.025546757109756 0.18651079256197334
v -0.3306221391672031 2.0321791390119133 -0.21968186349861493
v -0.35891861574889267 1.9356606145400275 0.1851816566231015
v -0.3667258840780894 1.9422929964421842 -0.22101099943748692
v -0.3306223341206686 2.0321790885911764 -0.2196817781054921
v -0.276120517998168 2.017896588424752 -0.35564460218855554
v -0.3688742986046661 1.9387702336454828 -0.2210608387252852
v -0.342221479753919 2.0368357207415184 -0.2195614289335696
v -0.2879959944894664 2.0208784793645926 -0.35816082644873537
v -0.3783250989103604 1.946949937613842 -0.2208905719033502
v -0.2965824914293406 1.924300323532162 -0.369990767754942
v 0.11249999999999993 2.1654900415033373 0.15457372597500507
v 0.1124999999999999 2.1846730717829725 -0.11975638784644654
v 0.0979096647590059 2.1048649617444175 0.15033440742364268
v 0.09790966475900587 2.1240479920240514 -0.12399570639780896
v 0.2375000470606386 2.1368664036564553 0.14729305658837705
v 0.23750031536574967 2.1418648675882817 -0.12056513227917737
v 0.23749986091538966 2.081902927969289 0.12999310653087165
v 0.23749998331714836 2.0850280423192675 -0.11108364736804907
v 0.23749982232535094 2.1368666299520043 0.1472930724125034
v 0.2375000103177917 2.141864987251885 -0.12056512391148314
v 0.23749993012282145 2.0819027327567374 0.12999309288028027
v 0.2375001181152621 2.0850283467255695 -0.1110836260818869
v 0.35742681327928094 1.9696981771871653 0.1322121292066829
v 0.35351887873316007 1.9884582497010403 -0.14573567617185929
v 0.281622231201877 1.9710162112341414 0.11335814325188687
v 0.2850152208875676 1.9861615289407433 -0.1300564434904963
v 0.31570651622813145 1.8832284525339353 0.16031075606131218
v 0.3358478717044792 1.9044255754120385 -0.016686641003147873
v 0.31488753128960073 1.693649501788123 0.18023665184512416
v 0.3348126655832692 1.700483208958409 -0.052988055897690456
v 0.36355295669943277 1.8838122802518835 0.1678319717657023
v 0.3858473779973268 1.904207959837981 -0.016702022475139078
v 0.3627339717609024 1.694233329506071 0.1877578675495143
v 0.3848120745732737 1.7002656583349056 -0.05300282341644058
v 0.3353813126879114 1.8183176318965133 0.0861619668084766
v 0.33595484737229153 1.9586452839814525 -0.035824683049959394
v 0.3348121524976193 1.697357970839362 -0.05298772745695712
v 0.3353862072525816 1.8376856954081158 -0.17497366631420744
v 0.38538081898075893 1.8181000163224559 0.08614658533648528
v 0.38595425636229586 1.9584277333579494 -0.03583945056870946
v 0.38481165879046675 1.6971403552653044 -0.05300310892894844
v 0.38538571354542916 1.8374680798340586 -0.1749890477861987
v 0.2682682883151609 1.9585371361002333 0.2918204970439344
v 0.29412252155042534 1.9710162523311927 0.1133582233316695
v 0.26826831318691824 1.7172513098177233 0.2749481726261268
v 0.2941223912638282 1.7029211097445793 0.09461128929168033
v 0.3164113964221441 1.95748239811367 0.30690371245568127
v 0.35742644635321086 1.9696978201417001 0.1322120416957629
v 0.31637052635087115 1.717451687061 0.2899888365504275
v 0.3699268975105794 1.7016027761643016 0.11346562900784024
v 0.29412247130265645 1.9710161056503555 0.11335813586874932
v 0.283495992481838 1.9865318154692142 -0.13181865626975692
v 0.3327054059907166 1.8301623118096217 0.12378745218731418
v 0.3301728024100657 1.855562732296553 -0.14303943092448757
v 0.3574267189131645 1.9696980116781397 0.13221211763316454
v 0.35351864865258853 1.9884586619149178 -0.14573564734705696
v 0.3706938480370424 1.8399455949162777 0.12447156598530346
v 0.3674263738481211 1.8329205982180452 -0.16046193169206388
v 0.2975153432010196 1.986161439663571 -0.13005657048929736
v 0.2665617516715551 1.9990835290807587 -0.26340252947014264
v 0.3299721094357204 1.8368110593336895 -0.14380038276915244
v 0.267969366441288 1.8684847817888286 -0.2763851457873036
v 0.3535192205348563 1.9884581024721983 -0.14573559144998452
v 0.32256562900539176 2.0013801918893863 -0.27908155043082983
v 0.36722581307537266 1.839071203494964 -0.1594832175281285
v 0.3239732437751247 1.8707814445974562 -0.29206416674799074
v 0.3163706130360727 1.7174521402449774 0.2899888395515723
v 0.31641164290850166 1.9574822655617587 0.3069038120913695
v 0.25572747519004413 1.7183702817831583 0.2748970565449469
v 0.25576814588885133 1.9585370229442298 0.2918204402504383
v 0.11250028043343324 1.7285022057973556 0.37807067172162623
v 0.11250026992863732 1.9627965839085315 0.37193540434280603
v 0.11249344146293144 1.729483516564178 0.31575364880727785
v 0.11250031101906124 1.961160983868071 0.3094572634371935
v 0.11249999999999993 2.1654900415033373 0.15457372597500507
v 0.11249999999999993 2.099455871205249 0.2961845139669492
v 0.11249999999999988 2.1113634537668102 0.12332372597500507
v 0.1124999999999998 2.0332384537668102 0.25864019531632365
v 0.23749999999999988 2.136866896805501 0.14729296686405424
v 0.23749999999999982 2.0579045555791535 0.2965597537526782
v 0.2374999999999998 2.0819029678426264 0.12999328441135982
v 0.2374999999999999 2.0037779678426264 0.2653097537526783
v 0.1124999999999998 2.1855745789374468 -0.1209188966210436
v 0.11249999999999982 2.1042830745874106 -0.32255788716314154
v 0.11249999999999993 2.124931056733225 -0.10579855323217388
v 0.1124999999999998 2.087130605070566 -0.25740718606233365
v 0.23749999999999985 2.1418648318510702 -0.1205654505882158
v 0.23749999999999982 2.0850281576139897 -0.11108362789065551
v 0.23749999999999982 2.0264958773927533 -0.25595610516671613
v 0.1124999999999998 2.1855745789374468 -0.1209188966210436
v 0.11249999999999993 2.124931056733225 -0.10579855323217388
v 0.11249999999999982 2.0871311845604748 -0.2574074201914546
v -0.1125000000000001 2.1855745789374468 -0.12091889662104355
v -0.11250000000000004 2.124931056733225 -0.10579855323217388
v -0.1125000000000001 2.0871311845604743 -0.2574074201914546
v -0.1125000000000001 2.1855745789374468 -0.12091889662104355
v -0.11250000000000004 2.103193091890701 -0.30697150735970036
v -0.11250000000000004 2.124931056733225 -0.10579855323217388
v -0.11250000000000016 2.087130605070566 -0.2574071860623337
v -0.2375000000000002 2.1418648318510702 -0.12056545058821572
v -0.2375000000000001 2.0850281576139893 -0.11108362789065562
v -0.2375000000000002 2.026495877392753 -0.25595610516671613
v 0.23749999999999985 2.1418648318510702 -0.1205654505882158
v 0.23749999999999982 2.0850281576139897 -0.11108362789065551
v 0.23749999999999982 2.0264958773927533 -0.25595610516671613
v 0.3535187499999998 1.9884585899237484 -0.1457356314406132
v 0.3225649999999999 2.0013803590926513 -0.27908157390963567
v 0.2850156249999999 1.9861616691899942 -0.13005663036675327
v 0.2540618749999998 1.9990834383588962 -0.26340257283577573
v -0.2375000000000002 2.1418648318510702 -0.12056545058821572
v -0.2375000000000001 2.0850281576139893 -0.11108362789065562
v -0.2375000000000002 2.026495877392753 -0.25595610516671613
v -0.35351875000000005 1.9884585899237484 -0.14573563144061313
v -0.32256500000000027 2.0013803590926513 -0.2790815739096356
v -0.28501562500000016 1.9861616691899942 -0.13005663036675325
v -0.25406187499999994 1.999083438358896 -0.26340257283577573
v -0.11250000000000021 1.9777222612339505 -0.36742033234576177
v -0.11250000000000021 1.9409855898663002 -0.31685668298586206
v -0.11250000000000016 2.111037690036258 -0.2219633006013945
v 0.11249999999999977 1.9777222612339505 -0.3674203323457617
v 0.11249999999999982 1.9409855898663002 -0.31685668298586206
v 0.1124999999999998 2.111037690036258 -0.22196330060139452
v -0.11250000000000004 1.8904955139361002 -0.4017803302934039
v -0.11250000000000016 2.1080474458390115 -0.22506323573683834
v -0.1125000000000001 1.8675895842136616 -0.34362901323068523
v -0.2375000000000001 2.068857674880706 -0.28045934531270833
v -0.32397250000000016 1.870781584041962 -0.29206439572505083
v -0.2375000000000002 2.0466167079411663 -0.2577193970752057
v -0.25546937500000005 1.8684848974373285 -0.2763848151612818
v -0.32256500000000016 2.00138093858256 -0.2790818080387565
v 0.11249999999999988 1.8904955139361002 -0.40178033029340393
v 0.11249999999999988 2.1080474458390115 -0.2250632357368384
v 0.11249999999999977 1.8675895842136616 -0.34362901323068523
v 0.23749999999999993 2.068857674880706 -0.28045934531270844
v 0.32397249999999983 1.8707815840419622 -0.2920643957250508
v 0.23749999999999982 2.0466167079411663 -0.25771939707520575
v 0.25546937499999994 1.8684848974373285 -0.2763848151612818
v 0.32256499999999994 2.00138093858256 -0.2790818080387565
v -0.11250000000000004 1.8904955139361002 -0.4017803302934039
v -0.1125000000000001 1.9777226065947384 -0.36742114596479186
v -0.1125000000000001 1.8675895842136616 -0.34362901323068523
v -0.1125000000000001 1.9548160973823911 -0.30926959477295224
v 0.11249999999999988 1.8904955139361002 -0.40178033029340393
v 0.11249999999999988 1.9777226065947384 -0.3674211459647918
v 0.11249999999999977 1.8675895842136616 -0.34362901323068523
v 0.11249999999999985 1.9548160973823911 -0.30926959477295224
v 0.23749999999999988 2.136866896805501 0.14729296686405424
v 0.23749999999999982 2.0579045555791535 0.2965597537526782
v 0.2374999999999998 2.0819029678426264 0.12999328441135982
v 0.2374999999999999 2.0037779678426264 0.2653097537526783
v 0.3574268749999998 1.9696976737257064 0.1322123047000745
v 0.31641124999999987 1.9574822376448509 0.30690381062872607
v 0.2816224999999999 1.971016403255352 0.11335819815328635
v 0.25576812499999985 1.9585371130153921 0.2918204628912956
v 0.11249999999999985 2.0994559213891546 0.29618487695261164
v 0.11249999999999988 1.9627965895196018 0.3719357830790937
v 0.11249999999999988 2.069155234179035 0.24152095670479057
v 0.1124999999999999 1.9611604474272664 0.3094571643114209
v 0.23749999999999996 2.0579040644971807 0.2965598042383407
v 0.3164112499999999 1.9574822878287554 0.3069041736143886
v 0.23749999999999977 2.0037774767606535 0.2653098042383407
v 0.2557675 1.9585371631992967 0.2918208258769581
v 0.38408358454339897 1.8670747681844642 -0.16541926335596394
v 0.3451631889667741 1.8771452879656239 -0.17304808430205731
v 0.37873815366481756 1.8364751747021624 -0.1564773180793027
v 0.33732503304567657 1.835256195989049 -0.16154014972710207
v 0.3347781877899064 1.9010169987731154 -0.35772019421139767
v 0.2951940149325194 1.925765330875377 -0.3128675783742942
v 0.33266416231633683 1.8705872928841973 -0.35093046551777957
v 0.29096634371857694 1.8649051492361708 -0.29928833161983964
v 0.11249999999999993 2.1654900415033373 0.15457372597500507
v 0.1124999999999999 2.184673071782972 -0.1197563878464466
v 0.11249999999999988 2.1031422883620987 0.15021394636599728
v 0.11249999999999988 2.122325318641733 -0.1241161674554544
v -0.1125000000000001 2.1654900415033373 0.15457372597500507
v -0.11250000000000004 2.184673071782972 -0.11975638784644654
v -0.11250000000000016 2.1031422883620987 0.15021394636599728
v -0.11250000000000016 2.122325318641733 -0.1241161674554544
v -0.1125000000000001 2.1654900415033373 0.15457372597500507
v -0.1125000000000001 2.1846730717829725 -0.1197563878464466
v -0.09790966475900592 2.1048649617444175 0.1503344074236428
v -0.09790966475900614 2.124047992024052 -0.12399570639780891
v -0.23750004706063882 2.1368664036564557 0.147293056588377
v -0.23750031536574995 2.141864867588281 -0.12056513227917748
v -0.23749986091538983 2.081902927969289 0.12999310653087165
v -0.23749998331714878 2.0850280423192675 -0.11108364736804907
v -0.23749982232535133 2.1368666299520047 0.14729307241250345
v -0.23750001031779205 2.1418649872518856 -0.120565123911483
v -0.2374999301228216 2.0819027327567374 0.12999309288028033
v -0.23750011811526234 2.0850283467255695 -0.11108362608188688
v -0.3574268132792811 1.9696981771871653 0.1322121292066829
v -0.3535188787331604 1.9884582497010403 -0.14573567617185926
v -0.2816222312018772 1.9710162112341416 0.11335814325188687
v -0.28501522088756776 1.9861615289407433 -0.13005644349049625
v -0.2941224713026565 1.9710161056503557 0.11335813586874932
v -0.29751540790455694 1.986161501949494 -0.13005644537790817
v -0.3327054059907168 1.8301623118096217 0.12378745218731424
v -0.3301728024100658 1.8555627322965529 -0.1430394309244876
v -0.35742671891316474 1.96969801167814 0.13221211763316448
v -0.3535186486525887 1.9884586619149178 -0.14573564734705696
v -0.3706938480370429 1.8399455949162777 0.12447156598530346
v -0.3674263738481213 1.8329205982180454 -0.16046193169206385
v -0.29751534320101997 1.986161439663571 -0.13005657048929736
v -0.2665617516715553 1.9990835290807585 -0.26340252947014264
v -0.3299721094357208 1.8368110593336895 -0.14380038276915244
v -0.26796936644128827 1.8684847817888286 -0.2763851457873036
v -0.35351922053485657 1.9884581024721986 -0.1457355914499845
v -0.32256562900539204 2.0013801918893863 -0.2790815504308299
v -0.3672258130753728 1.839071203494964 -0.1594832175281285
v -0.3239732437751249 1.870781444597456 -0.2920641667479907
v -0.2682680652415141 1.9585370562911324 0.2918206025411393
v -0.2941222851086838 1.971016355918256 0.11335830345613745
v -0.268268065241514 1.7172512516345373 0.2749482554542789
v -0.29412228510868393 1.7029210174109282 0.09461125113740376
v -0.31641156251187436 1.95748234957013 0.30690361135690547
v -0.3574266531021065 1.9696979676604014 0.13221213392848086
v -0.31637055236174055 1.7174519471991074 0.28998869920702197
v -0.36992663872399595 1.701602609726668 0.11346535942028946
v -0.335381276696697 1.8183177803041883 0.08616168155572501
v -0.33595507650514617 1.958645194784528 -0.035824615840984286
v -0.3348125230687265 1.697357825924764 -0.05298774026887121
v -0.3353863228771757 1.8376852404051034 -0.17497403766558062
v -0.3853809151517957 1.8181002040928755 0.08614621641902465
v -0.38595456375906007 1.9584275762704595 -0.03583947602010057
v -0.3848120103226403 1.6971402074106958 -0.053002600447987436
v -0.38538581013108947 1.8374676218910353 -0.1749888978446969
v -0.3157064458700461 1.8832285287715333 0.1603106540581425
v -0.3358476713437714 1.9044256256091456 -0.016686707080939
v -0.31488775700561206 1.6936492384702233 0.18023690037983697
v -0.33481283974472714 1.700482958455433 -0.05298802504376976
v -0.36355299539940605 1.8838121554664309 0.1678321063655347
v -0.3858473097988698 1.9042080493978322 -0.016702172217639477
v -0.3627338513013278 1.6942335414926686 0.18775764049457466
v -0.38481232699864115 1.700265963418896 -0.05300284162508995
v -0.3163706130360729 1.7174521402449772 0.2899888395515724
v -0.3164116429085017 1.9574822655617592 0.30690381209136963
v -0.2557274751900444 1.7183702817831583 0.2748970565449469
v -0.2557681458888516 1.95853702294423 0.2918204402504383
v -0.11250028043343357 1.7285022057973556 0.37807067172162634
v -0.11250026992863743 1.9627965839085317 0.37193540434280603
v -0.11249344146293161 1.7294835165641782 0.31575364880727796
v -0.1125003110190616 1.961160983868071 0.3094572634371935
v -0.1125000000000001 2.1654900415033373 0.15457372597500507
v -0.11250000000000004 2.099455871205249 0.2961845139669492
v -0.1125000000000001 2.11136345376681 0.12332372597500507
v -0.1125000000000001 2.03323845376681 0.25864019531632354
v -0.2375000000000002 2.1368668968055013 0.1472929668640543
v -0.23750000000000032 2.0579045555791535 0.2965597537526783
v -0.2375000000000002 2.0819029678426264 0.12999328441135977
v -0.2375 2.003777967842626 0.2653097537526783
v -0.2375000000000002 2.1368668968055013 0.1472929668640543
v -0.23750000000000032 2.0579045555791535 0.2965597537526783
v -0.2375000000000002 2.0819029678426264 0.12999328441135977
v -0.2375 2.003777967842626 0.2653097537526783
v -0.3574268750000001 1.9696976737257061 0.13221230470007445
v -0.31641125 1.9574822376448509 0.30690381062872607
v -0.28162250000000016 1.9710164032553519 0.1133581981532863
v -0.2557681250000002 1.958537113015392 0.2918204628912956
v -0.11250000000000021 2.0994559213891546 0.29618487695261153
v -0.11250000000000021 1.9627965895196018 0.3719357830790936
v -0.11250000000000021 2.0691552341790356 0.24152095670479068
v -0.11250000000000016 1.9611604474272664 0.309457164311421
v -0.2375000000000001 2.057904064497181 0.2965598042383407
v -0.3164112500000001 1.9574822878287554 0.3069041736143885
v -0.2375000000000002 2.0037774767606535 0.2653098042383407
v -0.2557675000000001 1.9585371631992965 0.291820825876958
v 0.11249999999999977 2.165581163033685 0.1543343949505297
v 0.1124999999999998 2.0995470596367007 0.2959449866750061
v 0.11249999999999982 2.1089369263438944 0.12792075359173594
v 0.11249999999999985 2.0429028229469104 0.2695313453162126
v -0.11250000000000016 2.165581163033685 0.15433439495052959
v -0.11250000000000016 2.0995470596367007 0.2959449866750061
v -0.1125000000000001 2.1089369263438944 0.12792075359173594
v -0.1125000000000001 2.0429028229469104 0.2695313453162125
v -0.11250000000000016 1.9628875915221355 0.3716961724796023
v -0.11250000000000016 2.0995469207626662 0.2959446693161121
v -0.11250000000000004 1.9325869902567394 0.31703244078339
v -0.11250000000000027 2.06924631949727 0.2412809376199
v 0.11249999999999982 1.9628875915221355 0.3716961724796023
v 0.1124999999999999 2.0995469207626662 0.2959446693161122
v 0.11249999999999988 1.9325869902567394 0.31703244078339
v 0.11249999999999988 2.0692463194972697 0.24128093761989988
v -0.11250000000000004 1.728592843567142 0.37783146415380864
v -0.11250000000000021 1.9628875291082883 0.37169624189415085
v -0.1125000000000001 1.7269567842979 0.31535288134283634
v -0.11249999999999999 1.9612514698390462 0.30921765908317855
v 0.11249999999999988 1.728592843567142 0.37783146415380864
v 0.11249999999999988 1.9628875291082883 0.37169624189415096
v 0.11249999999999988 1.7269567842979 0.31535288134283623
v 0.1124999999999998 1.9612514698390462 0.30921765908317855
v -0.38408358454339925 1.8695271567238607 -0.1650731209061176
v -0.3451631889667745 1.8795307198736886 -0.1727895321184426
v -0.37873815366481783 1.8390067605831975 -0.15586448767257366
v -0.337325033045677 1.8377436473049618 -0.16091648908224554
v -0.3347781877899067 1.9017899739968955 -0.357662927611473
v -0.2951940149325199 1.9269287717028016 -0.31302798682316063
v -0.33266416231633716 1.8714206775864055 -0.3506079115412741
v -0.29096634371857716 1.8661894072116698 -0.29891815858930126
v -0.11250000000000004 1.9230055992469879 -0.44195657511520603
v -0.11250000000000021 1.9298712627507524 -0.35510396283909573
v -0.1125000000000001 1.8690981427258975 -0.34051362759810166
v 0.11249999999999982 1.9230055992469879 -0.44195657511520603
v 0.1124999999999998 1.9298712627507524 -0.3551039628390958
v 0.11249999999999974 1.8690981427258975 -0.3405136275981016
v 0.00011999999999989797 1.9298712627507524 -0.35510396283909573
v -0.001155625000000049 1.9267606015917056 -0.4408803004491513
v -0.00039687500000012976 1.896374041579278 -0.43358513282865424
v 0.0006818749999999429 1.8690981427258975 -0.3405136275981017
v 0.3347781249999998 1.901017589577655 -0.3577205017860085
v 0.29519437499999995 1.925765755607256 -0.3128679416012833
v 0.3326643749999998 1.8705874046484723 -0.35093099662495264
v 0.29096687499999985 1.8649053857488918 -0.2992889312791715
v 0.11249999999999985 1.9290750130928649 -0.35491601400679235
v 0.11249999999999985 1.892555887200758 -0.43492713193256993
v 0.1124999999999999 1.8666950179180604 -0.34398543044188223
v -0.3347781250000002 1.9017904715923597 -0.35766309125151063
v -0.2951943750000002 1.9269292050719173 -0.31302835059824385
v -0.33266437500000007 1.871420715965474 -0.3506084935015847
v -0.2909668750000001 1.8661892319902986 -0.2989184014638392
v -0.11250000000000021 1.9298712627507524 -0.35510396283909573
v -0.11250000000000021 1.8926188933312085 -0.4346620152259092
v -0.1125000000000001 1.867589105944913 -0.34362931155339327
v -0.29758254900272346 2.1354851426158707 0.024250442449058274
v -0.2941860416051491 2.1248225908555964 0.009205967467933118
v -0.36596413357612595 1.8275561215614629 0.22705250576130565
v -0.3625676261785515 1.816893569801189 0.2120080307801805
v -0.31570259687038366 2.136391666162539 0.01951709476131802
v -0.3123060894728094 2.1257291144022656 0.004472619780192921
v -0.38408418144378637 1.8284626451081318 0.2223191580735655
v -0.3806876740462119 1.817800093347858 0.20727468309244024
v -0.28017198704639495 2.0217655001519157 -0.3119330437535064
v -0.2960201718616711 2.034771586704005 -0.3433325143009599
v -0.28017198704639484 1.9033934350489068 -0.36096435852528336
v -0.2960201718616711 1.9163995216009966 -0.3923638290727369
v -0.29150083438435287 2.0197438875646267 -0.30705243922740977
v -0.30734901919962926 2.0327499741167165 -0.3384519097748633
v -0.29150083438435287 1.901371822461618 -0.3560837539991868
v -0.30734901919962915 1.9143779090137079 -0.38748322454664036
v 0.12499999999999989 2.102672396483706 -0.37187024933932705
v 0.12499999999999989 2.1361571968156516 -0.45270970843406455
v 0.12499999999999994 1.8861381310513732 -0.46156167879989485
v 0.12499999999999989 1.9196229313833189 -0.5424011378946325
v -0.12500000000000017 2.1026723964837064 -0.371870249339327
v -0.12500000000000017 2.1361571968156516 -0.4527097084340645
v -0.12500000000000006 1.886138131051373 -0.4615616787998949
v -0.12500000000000022 1.9196229313833186 -0.5424011378946325
v -0.08758158230110658 2.1023268907613883 -0.37576914907889447
v -0.1245606802034177 2.132674426049598 -0.44903458035628574
v -0.0875815823011068 1.891566872407251 -0.4630688070871807
v -0.12456068020341787 1.9219144076954604 -0.536334238364572
v -0.28017198704639473 2.06795947677748 -0.2927988721352518
v -0.31715108494870586 2.09830701206569 -0.3660643034126432
v -0.28017198704639473 1.8571994584233422 -0.38009853014353806
v -0.317151084948706 1.8875469937115517 -0.45336396142092933
v 0.2801719870463944 2.0679594767774803 -0.2927988721352518
v 0.31715108494870553 2.0983070120656895 -0.3660643034126431
v 0.28017198704639446 1.8571994584233424 -0.380098530143538
v 0.31715108494870553 1.8875469937115517 -0.4533639614209294
v 0.08758158230110641 2.102326890761389 -0.37576914907889436
v 0.12456068020341743 2.132674426049598 -0.44903458035628574
v 0.0875815823011063 1.891566872407251 -0.4630688070871806
v 0.12456068020341748 1.9219144076954602 -0.5363342383645721
v 0.2915008343843526 2.0197438875646267 -0.30705243922740977
v 0.30734901919962887 2.032749974116716 -0.3384519097748633
v 0.29150083438435254 1.9013718224616183 -0.3560837539991868
v 0.30734901919962887 1.914377909013708 -0.3874832245466403
v 0.28017198704639457 2.0217655001519157 -0.3119330437535063
v 0.2960201718616709 2.0347715867040055 -0.3433325143009599
v 0.2801719870463945 1.903393435048907 -0.36096435852528336
v 0.29602017186167084 1.9163995216009968 -0.3923638290727369
vt 0.7436088913036784 0.84375
vt 0.7068152086860549 0.84375
vt 0.703125 0.8198140393671809
vt 0.7445655713033198 0.8186786738149122
vt 0.6875 0.8370133321292825
vt 0.6875 0.8744338811010917
vt 0.65625 0.875
vt 0.6571070580965238 0.8324774959080345
vt 0.8125 0.08758122420573211
vt 0.828125 0.08699055437600545
vt 0.828125 0.12378504995326745
vt 0.8127204084270567 0.125
vt 0.8622285061475689 0.06241583680743623
vt 0.8594511813524311 0.06098236855172723
vt 0.8622285061475689 0.01953125
vt 0.046875 0.0625
vt 0.03125 0.0625
vt 0.03141635230517725 0.037264744350575474
vt 0.046875 0.03828087304102379
vt 0.206396484375 0.046875
vt 0.203271484375 0.046875
vt 0.206396484375 0.022656250000000044
vt 0.2188556538744145 0.453125
vt 0.24307434868281935 0.453125
vt 0.24365234375 0.5625
vt 0.21943210024854973 0.5625
vt 0.578125 0.6163055982514308
vt 0.578125 0.6405240858508158
vt 0.46875 0.6399411438493849
vt 0.46875 0.61572265625
vt 0.7270059217689608 0.734375
vt 0.6254243415299842 0.734375
vt 0.6254692010110233 0.71875
vt 0.72705078125 0.71875
vt 0.46875 0.30419921875
vt 0.46875 0.4057807989889767
vt 0.453125 0.4058246716361785
vt 0.453125 0.30424407823103916
vt 0.53125 0.0625
vt 0.53125 0.09375
vt 0.515625 0.09375
vt 0.515625 0.0625
vt 0.09375 0.5
vt 0.125 0.5
vt 0.125 0.515625
vt 0.09375 0.515625
vt 0.7443093978903309 0.7966940386486054
vt 0.7069320331488255 0.7966940386486054
vt 0.703284629032812 0.7728025556614033
vt 0.7451171875 0.7724609375
vt 0.6875 0.7713033725274834
vt 0.6875 0.811619145771533
vt 0.65625 0.8125
vt 0.656328088620698 0.7699978507457585
vt 0.8751065170843881 0.875
vt 0.8778639739999674 0.859375
vt 0.9152406452235771 0.859375
vt 0.9154208266656119 0.8749746100530584
vt 0.9802309554856736 0.19970703125
vt 0.9800683245715599 0.20282744803190678
vt 0.9382349893058519 0.20282744803190678
vt 0.9377377945143264 0.20110221467036404
vt 0.328125 0.062344982425986406
vt 0.3125 0.0625
vt 0.3125 0.03825175697005945
vt 0.328125 0.03809673939604585
vt 0.941856543982331 0.09375
vt 0.9376747288112599 0.09375
vt 0.9375 0.06953241208193772
vt 0.9391147270881524 0.06974964495742664
vt 0.717300809115206 0.4060140167106907
vt 0.6743740111289647 0.4060140167106907
vt 0.671875 0.3818944571918038
vt 0.7174486445320533 0.3818359375
vt 0.65625 0.5492199017144548
vt 0.65625 0.59375
vt 0.625 0.5935496679547649
vt 0.6250982562144521 0.5464243542485653
vt 0.8595735271137929 0.75
vt 0.8607028234214088 0.734375
vt 0.9036296415125017 0.734375
vt 0.904098347886207 0.7496355042427508
vt 0.8307216257623851 0.062257402972298204
vt 0.828125 0.06184702968838507
vt 0.828125 0.016273436592214696
vt 0.8309697983109534 0.01513671875
vt 0.9560546875 0.78125
vt 0.9534585339140279 0.7807116048193528
vt 0.9534585339140279 0.7565316174423755
vt 0.9560309243657933 0.7570674430870388
vt 0.961905650008859 0.640625
vt 0.9617476970656654 0.65625
vt 0.9375 0.65625
vt 0.9376563313934212 0.640625
vt 0.8291015625 0.5310931796394294
vt 0.7975956935573405 0.5310931796394294
vt 0.7972179970010329 0.505859375
vt 0.8260638235117658 0.5075612572709745
vt 0.265625 0.2646484375
vt 0.265625 0.29680771472023815
vt 0.234375 0.29422888755302656
vt 0.234703765059217 0.26478875577110994
vt 0.9063234571381895 0.625
vt 0.9069208916993335 0.609375
vt 0.9384257313960596 0.609375
vt 0.9384765625 0.625
vt 0.17512647969019776 0.04637385687922124
vt 0.17204148905980224 0.04686841051499102
vt 0.17204148905980224 0.017566676084670996
vt 0.1745521389552655 0.0166015625
vt 0.953125 0.90625
vt 0.953125 0.921875
vt 0.921875 0.921875
vt 0.921875 0.90625
vt 0.15625 0.04345703125
vt 0.15625 0.046582164059677855
vt 0.12601612869044831 0.046582164059677855
vt 0.125 0.043624924114704866
vt 0.671875 0.3818944571918038
vt 0.6743740111289647 0.4060140167106907
vt 0.717300809115206 0.4060140167106907
vt 0.7174486445320533 0.3818359375
vt 0.625 0.5935496679547649
vt 0.65625 0.59375
vt 0.65625 0.5492199017144548
vt 0.6250982562144521 0.5464243542485653
vt 0.9036296415125017 0.734375
vt 0.8607028234214088 0.734375
vt 0.8595735271137929 0.75
vt 0.904098347886207 0.7496355042427508
vt 0.828125 0.016273436592214696
vt 0.828125 0.06184702968838507
vt 0.8307216257623851 0.062257402972298204
vt 0.8309697983109534 0.01513671875
vt 0.9534585339140279 0.7565316174423755
vt 0.9534585339140279 0.7807116048193528
vt 0.9560546875 0.78125
vt 0.9560309243657933 0.7570674430870388
vt 0.9375 0.65625
vt 0.9617476970656654 0.65625
vt 0.961905650008859 0.640625
vt 0.9376563313934212 0.640625
vt 0.703284629032812 0.7728025556614033
vt 0.7069320331488255 0.7966940386486054
vt 0.7443093978903309 0.7966940386486054
vt 0.7451171875 0.7724609375
vt 0.65625 0.8125
vt 0.6875 0.811619145771533
vt 0.6875 0.7713033725274834
vt 0.656328088620698 0.7699978507457585
vt 0.9152406452235771 0.859375
vt 0.8778639739999674 0.859375
vt 0.8751065170843881 0.875
vt 0.9154208266656119 0.8749746100530584
vt 0.9382349893058519 0.20282744803190678
vt 0.9800683245715599 0.20282744803190678
vt 0.9802309554856736 0.19970703125
vt 0.9377377945143264 0.20110221467036404
vt 0.3125 0.03825175697005945
vt 0.3125 0.0625
vt 0.328125 0.062344982425986406
vt 0.328125 0.03809673939604585
vt 0.9375 0.06953241208193772
vt 0.9376747288112599 0.09375
vt 0.941856543982331 0.09375
vt 0.9391147270881524 0.06974964495742664
vt 0.7972179970010329 0.505859375
vt 0.7975956935573405 0.5310931796394294
vt 0.8291015625 0.5310931796394294
vt 0.8260638235117658 0.5075612572709745
vt 0.234375 0.29422888755302656
vt 0.265625 0.29680771472023815
vt 0.265625 0.2646484375
vt 0.234703765059217 0.26478875577110994
vt 0.9384257313960596 0.609375
vt 0.9069208916993335 0.609375
vt 0.9063234571381895 0.625
vt 0.9384765625 0.625
vt 0.17204148905980224 0.017566676084670996
vt 0.17204148905980224 0.04686841051499102
vt 0.17512647969019776 0.04637385687922124
vt 0.1745521389552655 0.0166015625
vt 0.921875 0.921875
vt 0.953125 0.921875
vt 0.953125 0.90625
vt 0.921875 0.90625
vt 0.12601612869044831 0.046582164059677855
vt 0.15625 0.046582164059677855
vt 0.15625 0.04345703125
vt 0.125 0.043624924114704866
vt 0.24365234375 0.5625
vt 0.24307434868281935 0.453125
vt 0.2188556538744145 0.453125
vt 0.21943210024854973 0.5625
vt 0.46875 0.6399411438493849
vt 0.578125 0.6405240858508158
vt 0.578125 0.6163055982514308
vt 0.46875 0.61572265625
vt 0.6254692010110233 0.71875
vt 0.6254243415299842 0.734375
vt 0.7270059217689608 0.734375
vt 0.72705078125 0.71875
vt 0.453125 0.4058246716361785
vt 0.46875 0.4057807989889767
vt 0.46875 0.30419921875
vt 0.453125 0.30424407823103916
vt 0.515625 0.09375
vt 0.53125 0.09375
vt 0.53125 0.0625
vt 0.515625 0.0625
vt 0.125 0.515625
vt 0.125 0.5
vt 0.09375 0.5
vt 0.09375 0.515625
vt 0.703125 0.8198140393671809
vt 0.7068152086860549 0.84375
vt 0.7436088913036784 0.84375
vt 0.7445655713033198 0.8186786738149122
vt 0.65625 0.875
vt 0.6875 0.8744338811010917
vt 0.6875 0.8370133321292825
vt 0.6571070580965238 0.8324774959080345
vt 0.828125 0.12378504995326745
vt 0.828125 0.08699055437600545
vt 0.8125 0.08758122420573211
vt 0.8127204084270567 0.125
vt 0.8594511813524311 0.06098236855172723
vt 0.8622285061475689 0.06241583680743623
vt 0.8622285061475689 0.01953125
vt 0.03141635230517725 0.037264744350575474
vt 0.03125 0.0625
vt 0.046875 0.0625
vt 0.046875 0.03828087304102379
vt 0.203271484375 0.046875
vt 0.206396484375 0.046875
vt 0.206396484375 0.022656250000000044
vt 0.8125 0.921875
vt 0.8125 0.9375
vt 0.75 0.9375
vt 0.75 0.921875
vt 0.359375 0.2607421875
vt 0.359375 0.3277186558635463
vt 0.3440931348139031 0.3236504943075945
vt 0.34375 0.2633770131005181
vt 0.53125 0.39999844632437387
vt 0.53125 0.46875
vt 0.5007738732783465 0.46743277763711855
vt 0.5 0.40054356653365597
vt 0.5328773944722809 0.5582057292152053
vt 0.5375492041616506 0.5936280772682296
vt 0.46879845208834936 0.5936280772682296
vt 0.4726995800095344 0.5576171875
vt 0.90625 0.42090109492906624
vt 0.90625 0.4530119613025825
vt 0.890625 0.453125
vt 0.8926034654365542 0.41759518643370863
vt 0.296875 0.0777557903007966
vt 0.296875 0.09338155254782887
vt 0.26895095993450224 0.09028223968161908
vt 0.265625 0.07666015625
vt 0.3923185024181139 0.65761953125
vt 0.39453125 0.6718540910763999
vt 0.32813816980105437 0.663033307882743
vt 0.3326152148075083 0.6493413837032587
vt 0.703210870563006 0.859375
vt 0.772863348186994 0.859375
vt 0.7678731019739059 0.875
vt 0.7069193768738148 0.8732967723836339
vt 0.33010127497531805 0.8550118326690513
vt 0.333984375 0.921875
vt 0.28241260036063814 0.921875
vt 0.28170105372659543 0.8522379957139283
vt 0.39265912741811393 0.62749609375
vt 0.3923185024181139 0.65761953125
vt 0.33261537741811387 0.64934140625
vt 0.3319997524181139 0.62158203125
vt 0.453125 0.1513671875
vt 0.453125 0.20293865357651608
vt 0.4449086435473469 0.19148839785306537
vt 0.4375 0.16230651956671083
vt 0.8972727546565261 0.7090590297154676
vt 0.908203125 0.7184435671690136
vt 0.8597072279189952 0.7184435671690136
vt 0.8700055449542006 0.70458984375
vt 0.44289367804147084 0.5428481888882046
vt 0.3982252580294368 0.546875
vt 0.3906940838718609 0.5
vt 0.44921875 0.5
vt 0.16921443547740678 0.9873031612661016
vt 0.12257109375000001 0.9904218839676929
vt 0.10937705628862986 0.9446295112256428
vt 0.16912572505528906 0.935546875
vt 0.859375 0.8907554636475625
vt 0.875 0.8921564181188761
vt 0.875 0.9370053234192358
vt 0.8597045851504987 0.9375
vt 0.8729613794851667 0.409551961352125
vt 0.872109895002976 0.4216314888239351
vt 0.81356716335999 0.4216314888239351
vt 0.8125 0.4091796875
vt 0.890625 0.5625
vt 0.890625 0.578125
vt 0.84375 0.578125
vt 0.84375 0.5625
vt 0.8874999531249121 0.125
vt 0.875 0.125
vt 0.8750360040412655 0.078125
vt 0.8875359571661775 0.078125
vt 0.484375 0.421875
vt 0.484375 0.46875
vt 0.4375 0.46875
vt 0.4375 0.421875
vt 0.578125 0.875
vt 0.53125 0.875
vt 0.53125 0.828125
vt 0.578125 0.828125
vt 0.890625 0.59375
vt 0.890625 0.609375
vt 0.84375 0.609375
vt 0.84375 0.59375
vt 0.28125 0.109375
vt 0.296875 0.109375
vt 0.296875 0.15625
vt 0.28125 0.15625
vt 0.890625 0.234375
vt 0.890625 0.25
vt 0.84375 0.25
vt 0.84375 0.234375
vt 0.015625 0.140625
vt 0 0.140625
vt 0 0.09375
vt 0.015625 0.09375
vt 0.1721902693191448 0.1640625
vt 0.1875 0.16461137585908525
vt 0.1875 0.21738718606203822
vt 0.171875 0.21857127198150939
vt 0.12257109375000001 0.9904218839676929
vt 0.16921484375 0.987303133967693
vt 0.17626953125 0.999828133967693
vt 0.25 0.595780419274586
vt 0.25 0.65625
vt 0.203125 0.65625
vt 0.203125 0.5890623502500851
vt 0.515625 0.8923154927035507
vt 0.515625 0.937279933216522
vt 0.46015483994058665 0.9372497108210031
vt 0.453125 0.8916015625
vt 0.515625 0.14029041156489108
vt 0.515625 0.18548039734109067
vt 0.503887668010772 0.1875
vt 0.5 0.14270317454183357
vt 0.8125 0.79248046875
vt 0.8125 0.8050800509913384
vt 0.7668115112360145 0.8123823330323362
vt 0.765625 0.7928909505671744
vt 0.859375 0.3623832652945025
vt 0.859375 0.375
vt 0.796875 0.375
vt 0.79718734421997 0.36240335173516114
vt 0.125 0.1875
vt 0.125 0.25
vt 0.11236826432910302 0.25
vt 0.109375 0.1875
vt 0.4367686068985603 0.06225234464237461
vt 0.40972690529736144 0.06225234464237461
vt 0.40625 0.0506545307840881
vt 0.43488991999585636 0.0498046875
vt 0.5945488806528357 0.37345643494965797
vt 0.607985720184047 0.34814453125
vt 0.6474609375 0.3748446779824445
vt 0.593961937322244 0.3748446779824445
vt 0.5308950864158576 0.5312325519680876
vt 0.4694209766271311 0.5312325519680876
vt 0.4691938883638589 0.49636075137891755
vt 0.5361328125 0.4951171875
vt 0.125 0.6015913743949542
vt 0.125 0.6712439744703687
vt 0.08465856626223517 0.671543425165801
vt 0.078125 0.6005859375
vt 0.15625 0.2741288813315348
vt 0.171875 0.2768711499267984
vt 0.171875 0.3383453433340984
vt 0.15829009466211608 0.34375
vt 0.21324948394913962 0.14056783625467228
vt 0.20344102177733198 0.14056783625467228
vt 0.20325442230086038 0.07355705705624849
vt 0.2107846415453984 0.06982421875
vt 0.9064213755666604 0.8076778414786869
vt 0.890625 0.8125
vt 0.890625 0.7758972439495564
vt 0.9000899241465006 0.7757348086781499
vt 0.17418288951482677 0.1402232825546057
vt 0.15638351673517323 0.13882132224367338
vt 0.15638351673517323 0.099609375
vt 0.16570188929475274 0.10645598564849801
vt 0.08137147918470237 0.34375
vt 0.04699661589133526 0.34375
vt 0.04699661589133526 0.3109385874565941
vt 0.08337447785866474 0.3061698654614289
vt 0.109375 0.765625
vt 0.109375 0.795926772216114
vt 0.078125 0.796875
vt 0.08305823215466168 0.765625
vt 0.765625 0.07429798005678023
vt 0.78125 0.07500116163184334
vt 0.78125 0.109375
vt 0.765625 0.10867181842493678
vt 0.8910259690662908 0.9172853787669064
vt 0.9010673984215384 0.916015625
vt 0.90673828125 0.9530213001949923
vt 0.8921887698750431 0.9530213001949923
vt 0.9282022211621997 0.5325872568314437
vt 0.9309555739892087 0.546875
vt 0.8925925933160023 0.546875
vt 0.8908217697607913 0.5369914773303193
vt 0.3583108953678393 0.078125
vt 0.34376123658143537 0.078125
vt 0.34383601281955695 0.046875
vt 0.35838720091856463 0.046875
vt 0.07824490106572675 0.9091978996227121
vt 0.09178594249037472 0.8505859375
vt 0.10701777404608578 0.8540650778837741
vt 0.09346916143427325 0.9127111483668972
vt 0.4063073686711395 0.17643423980895578
vt 0.421875 0.17578099922970325
vt 0.421875 0.234375
vt 0.40625 0.234375
vt 0.00008064263391063808 0.7006097332561272
vt 0.00008064263391063808 0.64501953125
vt 0.06005859375 0.6496676629662007
vt 0.05839858371876144 0.7029135251513576
vt 0.09346916143427325 0.9127111483668972
vt 0.10701759893427325 0.8540658358668971
vt 0.14245822393427326 0.8658283358668971
vt 0.12800666143427325 0.9216736483668971
vt 0.5360331545112325 0.19112777855672125
vt 0.546875 0.1787109375
vt 0.546875 0.23430073482294633
vt 0.53125 0.22814217757493427
vt 0.6160247248878161 0.203125
vt 0.5625 0.203125
vt 0.575801173601677 0.19492555236844689
vt 0.6112700513094234 0.18824290329599136
vt 0.83154296875 0.1485857100606215
vt 0.8281397825650699 0.1875
vt 0.8125131685181038 0.1875
vt 0.8125131685181038 0.1484365375077401
vt 0.8987301138412338 0.140625
vt 0.90185546875 0.15468360256206304
vt 0.8596686745702097 0.15625
vt 0.8596686745702097 0.140625
vt 0.23007109059398645 0.327293868785946
vt 0.2314453125 0.359375
vt 0.1923824829388902 0.359375
vt 0.1879076215672414 0.3268142400824604
vt 0.03125 0.3044431186996127
vt 0.03125 0.3435053452611557
vt 0 0.338378632811543
vt 0 0.29931640625
vt 0.9382474807129039 0.828125
vt 0.9409548980700783 0.84375
vt 0.908882538262651 0.8421751027575336
vt 0.90625 0.828125
vt 0.8124998007748798 0.24951171875
vt 0.8214884388323551 0.2811932636806378
vt 0.8024588677600658 0.2811932636806378
vt 0.796875 0.2495314870169355
vt 0.046875 0.53125
vt 0.046875 0.546875
vt 0 0.5393520820161737
vt 0.01476702343536495 0.53125
vt 0.578125 0.0966796875
vt 0.578125 0.1406236007555014
vt 0.5625 0.1368774386421714
vt 0.5642325661103645 0.09785349270797894
vt 0.4375 0.35189696050052
vt 0.4375 0.40625
vt 0.4068643875012789 0.4022461904026823
vt 0.40625 0.35834781312062014
vt 0.050757940353040376 0.4146712204416414
vt 0.0556640625 0.44713271159442003
vt 0.01662850745650453 0.44858411028840195
vt 0.012043880044251746 0.41455078125
vt 0.859375 0.09189349801575508
vt 0.859375 0.125
vt 0.84375 0.11998490394193051
vt 0.8449776365375051 0.08719762776148876
vt 0.01662850745650453 0.44858411028840195
vt 0.00034881995650452857 0.45290129778840194
vt 0.004212882456504528 0.4189778602884019
vt 0.01213319495650453 0.41521379778840195
vt 0.7898403632661737 0.71142578125
vt 0.79736328125 0.7652549961965923
vt 0.7817370571573239 0.7652549961965923
vt 0.7817370571573239 0.726192804685365
vt 0.375 0.5
vt 0.375 0.515625
vt 0.328125 0.5068953399921743
vt 0.33917602205408975 0.5
vt 0.359375 0.828125
vt 0.296875 0.828125
vt 0.296875 0.773773093897844
vt 0.359375 0.7772851668735584
vt 0.015735728979762432 0.9430579961916326
vt 0.0512346994533613 0.9267578125
vt 0.07470703125 0.9778762726600054
vt 0.03920806077640114 0.994176456351638
vt 0 0.1875
vt 0.015625 0.1875
vt 0.015625 0.25
vt 0 0.25
vt 0.027391978979762432 0.9996079961916325
vt 0.0004294789797624349 0.9500861211916325
vt 0.015735728979762432 0.9430579961916326
vt 0.039206041479762435 0.9941720586916325
vt 0.6480086212421744 0.15283203125
vt 0.65673828125 0.20294524481531706
vt 0.6411120571573239 0.20294524481531706
vt 0.6411120571573239 0.1638830533040898
vt 0.91519915038667 0.4704653274967664
vt 0.9189453125 0.484375
vt 0.8750013992444986 0.484375
vt 0.8761752044524775 0.47219789360713094
vt 0.6404764495261286 0.6234310880915066
vt 0.6448188282046714 0.65625
vt 0.5939507030453286 0.65625
vt 0.5965360054698379 0.6232759100081915
vt 0.5667191470686795 0.7214531713242582
vt 0.5625167943222911 0.6826171875
vt 0.5953459223356821 0.682782957994806
vt 0.6010574244277089 0.7210720936138093
vt 0.9234126858617169 0.500826465434028
vt 0.9284268884143458 0.515625
vt 0.8953213108979317 0.515625
vt 0.890625 0.5020534337480156
vt 0.5977003970686795 0.7298687963242583
vt 0.5649269595686796 0.7343562963242583
vt 0.5667191470686795 0.7214531713242582
vt 0.6005097720686795 0.7210781713242582
vt 0.11937733201814715 0.3924609375
vt 0.11485133069032688 0.40613675673349137
vt 0.07815860548185284 0.3819559496960402
vt 0.0858393591266792 0.3724340926178743
vt 0.375 0.765625
vt 0.40625 0.765625
vt 0.40625 0.78125
vt 0.375 0.78125
vt 0.6226229644030918 0.8669307336989016
vt 0.642244510854403 0.90625
vt 0.59375 0.90625
vt 0.5966064984405102 0.8724324471029538
vt 0.12008358201814716 0.36464062500000005
vt 0.11937733201814715 0.3924609375
vt 0.08583983201814716 0.372434375
vt 0.08572108201814715 0.3642578125
vt 0.375 0.13900613579304433
vt 0.375 0.1875
vt 0.36384369894829677 0.17657091156508142
vt 0.359375 0.1493036220434949
vt 0.9581855201006726 0.4737640363797486
vt 0.96484375 0.4840280078265916
vt 0.9376981170063673 0.4840280078265916
vt 0.9507065863556897 0.47265625
vt 0.6357421875 0.8194732024245542
vt 0.5989953125 0.8435716399245542
vt 0.5945 0.8298857024245542
vt 0.6280828125 0.8099341399245542
vt 0.453125 0.625
vt 0.453125 0.640625
vt 0.421875 0.640625
vt 0.421875 0.625
vt 0.546875 0.6858791840460534
vt 0.546875 0.734375
vt 0.5 0.7147525977275366
vt 0.5055017074613992 0.6887364435161512
vt 0.6280833541223435 0.8099338181465007
vt 0.5945 0.8298857024245542
vt 0.5938570893392506 0.8020627234319495
vt 0.6282205146707712 0.8017578125
vt 0.8969398080508123 0.20936617364385968
vt 0.9078694248164801 0.21875
vt 0.859375 0.21875
vt 0.8696722693900331 0.20489705025123162
vt 0.921875 0.05078125
vt 0.921875 0.07792775685581221
vt 0.9073579044174276 0.07126900013903115
vt 0.90625 0.06379005694771889
vt 0.8492598107966424 0.453125
vt 0.814503980668447 0.4510361176848401
vt 0.8126444102482347 0.4375
vt 0.861328125 0.4375
vt 0.18784628252893404 0.248046875
vt 0.20335958857104441 0.24990644542021234
vt 0.208984375 0.28300026631974284
vt 0.18784628252893404 0.29673058975176525
vt 0.59375 0.921875
vt 0.65625 0.921875
vt 0.65625 0.953125
vt 0.59375 0.9516800296188421
vt 0.46875 0.78125
vt 0.421875 0.78125
vt 0.421875 0.71875
vt 0.46875 0.71875
vt 0.8125 0.984375
vt 0.8125 1
vt 0.75 1
vt 0.75 0.984375
vt 0 0.365427540273634
vt 0.0625 0.36928164295461163
vt 0.0625 0.390625
vt 0 0.390625
vt 0.31268415324559196 0.259765625
vt 0.31494140625 0.3179398921688428
vt 0.297112861500448 0.3280838359836089
vt 0.297112861500448 0.2610589721779728
vt 0.546875 0.4375
vt 0.6139007431085834 0.4375
vt 0.5965152074074834 0.4645230024944774
vt 0.5545095664591199 0.46875
vt 0.71875 0.109375
vt 0.703125 0.10411357000037202
vt 0.7173674766416709 0.07425794938622321
vt 0.71875 0.07406130353243767
vt 0.85693359375 0.6403603670591174
vt 0.7971701641947357 0.6403603670591174
vt 0.8043153182106467 0.62646484375
vt 0.8436303407268925 0.6291830913968757
vt 0.06607844710203231 0.109375
vt 0.07242663284009163 0.11283049928209443
vt 0.048159330844926365 0.125
vt 0.03125 0.109375
vt 0.34531353339146537 0.109375
vt 0.3125 0.109375
vt 0.3125006473010426 0.091797312517363
vt 0.21378856462465717 0.721484375
vt 0.18951512712465718 0.733640625
vt 0.15644481462465717 0.734375
vt 0.1642151271246572 0.6767703125
vt 0.1641566349843403 0.6767175539795143
vt 0.22246143537534283 0.6898377640391848
vt 0.21378856462465717 0.721484375
vt 0.69189453125 0.6805969767402249
vt 0.6825421603033662 0.703125
vt 0.6255444653372949 0.703125
vt 0.6252264375111146 0.6875033249349843
vt 0.049639699374472865 0.4842076016634309
vt 0.06702425506189205 0.515462749316274
vt 0 0.515462749316274
vt 0.00763465079550737 0.47998046875
vt 0.8496416366287007 0.86083984375
vt 0.8567854692768876 0.8747358172463444
vt 0.7970231244731124 0.8747358172463444
vt 0.8103257925713209 0.8635586466052912
vt 0.8766113896604129 0.9830420117951773
vt 0.90087890625 0.995209081385747
vt 0.8945298273841419 1
vt 0.8597016379634971 1
vt 0.45332060178689626 0.09179818852640798
vt 0.4861329470246265 0.09179818852640798
vt 0.4533201779753735 0.109375
vt 0.7189854124944014 0.21304740362891228
vt 0.7480426406376647 0.19511822505624754
vt 0.754082595222489 0.21875
vt 0.71875 0.21875
vt 0.17460844969879333 0.8435223327799677
vt 0.14305965190702719 0.8304682266819137
vt 0.12582201942900773 0.809495446396962
vt 0.1886390625 0.7893265625
vt 0.1300890625 0.77734375
vt 0.1886390625 0.7893265625
vt 0.125 0.8097593750000001
vt 0.9375 0.390625
vt 0.90625 0.390625
vt 0.90625 0.375
vt 0.9375 0.375
vt 0.90625 0.25
vt 0.921875 0.25
vt 0.921875 0.28125
vt 0.90625 0.28125
vt 0.328125 0.390625
vt 0.390625 0.390625
vt 0.390625 0.421875
vt 0.328125 0.421875
vt 0.578125 0.421875
vt 0.546875 0.421875
vt 0.546875 0.359375
vt 0.578125 0.359375
vt 0.53125 0.25
vt 0.53125 0.265625
vt 0.46875 0.265625
vt 0.46875 0.25
vt 0.390625 0.203125
vt 0.390625 0.265625
vt 0.375 0.265625
vt 0.375 0.203125
vt 0.6057780805503243 0.5798921875
vt 0.5659015180503243 0.59375
vt 0.5637077680503243 0.5795125
vt 0.6001046430503243 0.5653328125
vt 0.625 0.24966573184425567
vt 0.625 0.2301351590434958
vt 0.671875 0.2294921875
vt 0.671875 0.24511743764306526
vt 0.2657929679016443 0.4551247391711727
vt 0.31689453125 0.4620785273217459
vt 0.29834306782615294 0.5
vt 0.2664271802559391 0.5
vt 0.6001045176051062 0.5653328613716131
vt 0.5637077680503243 0.5795125
vt 0.5629863009583487 0.5493962581555591
vt 0.60791015625 0.5539767619266824
vt 0.32137110636582034 0.19438501031547195
vt 0.3328229030462052 0.203125
vt 0.28125 0.203125
vt 0.29219057690539946 0.18697732758753383
vt 0.390625 0.0615234375
vt 0.390625 0.09355668019716246
vt 0.375 0.08358222266969206
vt 0.37670689259293577 0.07137106297879892
vt 0.4375 0.08593688731484517
vt 0.4375 0.125
vt 0.421875 0.125
vt 0.42364144099245127 0.09315146712057598
vt 0.5052484375 0.778385531824036
vt 0.4992078125 0.792794906824036
vt 0.484375 0.764402719324036
vt 0.49808125000000003 0.768352719324036
vt 0.29162578211774864 0.4023265474596961
vt 0.3046875 0.4325560899528166
vt 0.2659394054207373 0.4375
vt 0.2659394054207373 0.3843968094169695
vt 0.7079882777326836 0.421875
vt 0.7064045263417611 0.453125
vt 0.6758221210306342 0.43458164573656977
vt 0.6718945347673164 0.421875
vt 0.5332158233804715 0.7992953810999004
vt 0.5248642496166808 0.8125
vt 0.49999755959366593 0.7909110352001903
vt 0.5052484375 0.778385531824036
vt 0.21875 0.1650390625
vt 0.21875 0.21856445570065908
vt 0.203125 0.21380878219295918
vt 0.20981015371041917 0.17834069527535634
vt 0.79852614366944 0.046875
vt 0.8066071812850752 0.046875
vt 0.8079096233115112 0.06234441236013055
vt 0.796875 0.0625
vt 0.953125 0.2343745249303002
vt 0.9375 0.23145573146395182
vt 0.9375 0.22364207139383063
vt 0.953125 0.21875
vt 0.8019325076230387 0.3392838810191301
vt 0.7973056621021397 0.328125
vt 0.84765625 0.328125
vt 0.8404150368177442 0.34375
vt 0.5938978483252383 0.14052604791816492
vt 0.5938978483252383 0.08984375
vt 0.6037229899879147 0.0933592756235595
vt 0.60693359375 0.13027202929806136
vt 0.991078780877192 0.8902764799981138
vt 0.9407283064417024 0.8902764799981138
vt 0.937632156622808 0.8828125
vt 0.988304691256754 0.8830271214919814
vt 0.8632583228237823 0.5026083691353852
vt 0.875 0.5078152229699064
vt 0.875 0.546875
vt 0.859375 0.5394394089295975
vt 0.609375 0.21875
vt 0.609375 0.28125
vt 0.59375 0.28125
vt 0.59375 0.21875
vt 0.78125 0.3125
vt 0.78125 0.328125
vt 0.71875 0.328125
vt 0.71875 0.3125
vt 0.25 0.96875
vt 0.1875 0.96875
vt 0.1875 0.90625
vt 0.25 0.90625
vt 0.203125 0.828125
vt 0.265625 0.828125
vt 0.265625 0.890625
vt 0.203125 0.890625
vt 0.71875 0.640625
vt 0.734375 0.640625
vt 0.734375 0.703125
vt 0.71875 0.703125
vt 0.140625 0.28125
vt 0.078125 0.28125
vt 0.078125 0.265625
vt 0.140625 0.265625
vt 0.71875 0.234375
vt 0.71875 0.296875
vt 0.703125 0.296875
vt 0.703125 0.234375
vt 0.813315837138747 0.5799307451830383
vt 0.8173828125 0.59375
vt 0.7504076848799158 0.59375
vt 0.7530421390652712 0.5795876424677306
vt 0.41123295872036036 0.45229074293530913
vt 0.41254906588163515 0.484375
vt 0.34379859036836485 0.484375
vt 0.34434376546836903 0.4515148560787632
vt 0.5469237266958172 0.75
vt 0.6156739295541828 0.75
vt 0.6110009831152194 0.7806626364987392
vt 0.5508236974326199 0.78125
vt 0.9375 0.5778933526588377
vt 0.9375 0.5935187061704637
vt 0.9096549171833701 0.59375
vt 0.90625 0.580127400551576
vt 0.6386215949080846 0.09170376913366918
vt 0.641722760982766 0.12459063375589141
vt 0.6260975380937307 0.12459063375589141
vt 0.625 0.08837890625
vt 0.39453125 0.740664397311251
vt 0.32815 0.749575334811251
vt 0.33034375 0.735337834811251
vt 0.3900359375 0.726978459811251
vt 0.7209979002774668 0.98095703125
vt 0.7259881147449015 0.999840281162152
vt 0.6563361040050985 0.999840281162152
vt 0.6600459628544468 0.9826612478340673
vt 0.40625 0.9484275690198045
vt 0.40625 1
vt 0.34652426988733764 0.9961167796349426
vt 0.34375 0.9477160914676368
vt 0.39003541307718614 0.7269785332521341
vt 0.33034375 0.735337834811251
vt 0.3299617821855607 0.7052164660758335
vt 0.39061338831590237 0.69921875
vt 0.8214632943144068 0.20955729614121443
vt 0.8329149168189975 0.21829716710443559
vt 0.7813428956810025 0.21829716710443559
vt 0.7922819102830407 0.2021484375
vt 0.484375 0.138671875
vt 0.484375 0.1871651977976495
vt 0.47321863853325963 0.17623579537739564
vt 0.46875 0.14896946081229323
vt 0.07854304377152688 0.421875
vt 0.11235436093689372 0.421875
vt 0.11474609375 0.47829933300642424
vt 0.07866339304572309 0.484375
vt 0.4375 0.8885699407883706
vt 0.4375 0.9212340596444568
vt 0.3607409411974827 0.921875
vt 0.359375 0.8826891876602379
vt 0.406364589794639 0.32362066783201904
vt 0.406364589794639 0.26264386480158386
vt 0.4203136250974649 0.25850122819595456
vt 0.422248691455361 0.328125
vt 0.6756367865965852 0.53125
vt 0.742646928851613 0.53125
vt 0.74267578125 0.546875
vt 0.671925516249482 0.5446074022784471
vt 0.8909590714660753 0.671875
vt 0.9275624082026886 0.671875
vt 0.9227389570509886 0.6875
vt 0.8907969667973114 0.6811690657592618
vt 0.6875 0.10009765625
vt 0.6875 0.13931030969173241
vt 0.671875 0.14035020055102876
vt 0.6769425040661808 0.10694563386635514
vt 0.06726728605977594 0.21875
vt 0.09375 0.21875
vt 0.09375 0.24799703455776856
vt 0.0625 0.25
vt 0.703125 0.6177229067478618
vt 0.703125 0.6553839179873138
vt 0.6726995409736228 0.65625
vt 0.671875 0.6235437790321885
vt 0.734375 0.109375
vt 0.734375 0.07499953235403323
vt 0.75 0.07429588958281286
vt 0.75 0.10867135722877952
vt 0.125 0.10894971401489817
vt 0.1294654072640521 0.07177734375
vt 0.140625 0.0727218454010975
vt 0.140625 0.10847541360288904
vt 0.8767714214228586 0.640625
vt 0.9151356485854283 0.640625
vt 0.9123816787130902 0.65625
vt 0.875 0.6518457216945245
vt 0.109375 0.06058109908999443
vt 0.109375 0.09339226014898572
vt 0.09375 0.09335956685062308
vt 0.09375 0.060546875
vt 0.453125 0.5625
vt 0.453125 0.609375
vt 0.3973444973862886 0.609375
vt 0.390625 0.5625
vt 0.1875 0.5960941853100166
vt 0.1875 0.65625
vt 0.1413042453373161 0.6562281986247057
vt 0.140625 0.5890413169030574
vt 0.24695779599719092 0.1875
vt 0.23450628187812095 0.18548047706118131
vt 0.23450628187812095 0.14029060781788116
vt 0.25084528062187905 0.14270356740264845
vt 0.23556086495139686 0.21435546875
vt 0.28125 0.22165572142792023
vt 0.28125 0.23425597757921046
vt 0.234375 0.2338483485273023
vt 0 0.890625
vt 0.0625 0.890625
vt 0.0625 0.90625
vt 0.0003133901570288797 0.9062312669881505
vt 0.6883998599839798 0.953125
vt 0.6718828732112424 0.953125
vt 0.6718828732112424 0.890625
vt 0.6913983767887576 0.890625
vt 0.1875 0.4375
vt 0.1875 0.484375
vt 0.140625 0.484375
vt 0.140625 0.4375
vt 0.53125 0.890625
vt 0.578125 0.890625
vt 0.578125 0.9375
vt 0.53125 0.9375
vt 0.84375 0.828125
vt 0.890625 0.828125
vt 0.890625 0.84375
vt 0.84375 0.84375
vt 0.78125 0.171875
vt 0.78125 0.125
vt 0.796875 0.125
vt 0.796875 0.171875
vt 0.84375 0.265625
vt 0.890625 0.265625
vt 0.890625 0.28125
vt 0.84375 0.28125
vt 0.546875 0.109375
vt 0.546875 0.15625
vt 0.53125 0.15625
vt 0.53125 0.109375
vt 0.3750317762698249 0.80078125
vt 0.42626953125 0.8083133373653872
vt 0.42224159717071935 0.8529805484226605
vt 0.3750317762698249 0.8593045702758805
vt 0.513671875 0.828125
vt 0.5075096146556622 0.8710727296206133
vt 0.4609266907634917 0.875
vt 0.4532364194333313 0.828125
vt 0.23451216048978146 0.10888020531716913
vt 0.23451216048978146 0.06403143594433336
vt 0.24693315201021854 0.0626298508271762
vt 0.24660518180581192 0.109375
vt 0.7666902473397894 0.828125
vt 0.8252334337936867 0.828125
vt 0.8260844313296871 0.8433786371569939
vt 0.765625 0.84375
vt 0.203125 0.984375
vt 0.25 0.984375
vt 0.25 1
vt 0.203125 1
vt 0.84375 0.890625
vt 0.84375 0.9375
vt 0.828125 0.9375
vt 0.828125 0.890625
vt 0.78125 0.2421875
vt 0.78125 0.29670365156309186
vt 0.765625 0.2954341213347218
vt 0.7659911045893555 0.24266444939145526
vt 0.88623046875 0.3361084175125285
vt 0.88623046875 0.390625
vt 0.8751106061041893 0.3815149441478699
vt 0.453125 0.06240272348201714
vt 0.453125 0.05029296875
vt 0.48080759007686 0.05499235706996708
vt 0.4583782302653714 0.06240272348201714
vt 0.04860768727695945 0.8125567680351754
vt 0.06382643727695946 0.8160973930351754
vt 0.050340499776959466 0.8747223930351753
vt 0.03511393727695945 0.8712161430351754
vt 0.6875 0.2963873822122972
vt 0.625 0.2963873822122972
vt 0.6256528706650547 0.28081884767280985
vt 0.6875 0.28076171875
vt 0.3101135135476048 0.7320965790879301
vt 0.25 0.734375
vt 0.25219390688484905 0.671875
vt 0.3105562484468328 0.671875
vt 0.01159507791668811 0.8076171875
vt 0.04860768727695945 0.8125567680351754
vt 0.035114120100691745 0.8712153482727207
vt 0.00013840647304054488 0.8641523466529372
vt 0.78125 0.4755859375
vt 0.78125 0.5311759184887368
vt 0.7704078756385828 0.5187594105118289
vt 0.765625 0.4817440131726589
vt 0.837098474568368 0.47617593633898436
vt 0.8503980749832636 0.484375
vt 0.796875 0.484375
vt 0.8016299143848655 0.4694921718132228
vt 0.875 0.765625
vt 0.875 0.7778468138150699
vt 0.8282741725528814 0.78125
vt 0.828125 0.765625
vt 0.84423828125 0.953125
vt 0.8426752019974464 1
vt 0.8286125559245469 0.9968757511717437
vt 0.8286125559245469 0.953125
vt 0.140625 0.3046877414382462
vt 0.140625 0.34375
vt 0.10985549721986639 0.3423753005657315
vt 0.109375 0.30021249921508353
vt 0.28125 0.35400358365433626
vt 0.25 0.35913169967311576
vt 0.25 0.3200679743798329
vt 0.28125 0.31494140625
vt 0.0633206793170023 0.09217686825789084
vt 0.03125 0.09375
vt 0.03395669996905663 0.078125
vt 0.06595499536432926 0.078125
vt 0.8180868884352049 0.703125
vt 0.837117622469672 0.703125
vt 0.8281253823199161 0.734375
vt 0.8125 0.7343545530170804
vt 0.60718662198163 0.5169309411788812
vt 0.60499287198163 0.5311684411788813
vt 0.5651163094816299 0.5173106286788812
vt 0.57078974698163 0.5027512536788812
vt 0.5140771670042004 0.2343722637223632
vt 0.4691121628983595 0.2343722637223632
vt 0.4688329892457997 0.21484375
vt 0.5138537865242258 0.21874914302009718
vt 0.5320482935242734 0.9546688932714897
vt 0.5511337058020983 0.9923239992849984
vt 0.5001358254479017 1
vt 0.5001358254479017 0.9551192310626238
vt 0.60791015625 0.48681640625
vt 0.60718662198163 0.5169309411788812
vt 0.5707894522977208 0.5027511388743617
vt 0.5629847160529577 0.49139529258349857
vt 0.078125 0.15155297886200492
vt 0.078125 0.203125
vt 0.06990885864121435 0.19167444817838697
vt 0.0625 0.16249306414702092
vt 0.9597512484171948 0.80029296875
vt 0.9697265625 0.8123205107339613
vt 0.9376921909676497 0.8123205107339613
vt 0.9475398614683274 0.8020006540082606
vt 0.046875 0.15576171875
vt 0.046875 0.17138794045942152
vt 0 0.17138794045942152
vt 0.007214190988496308 0.15752905327301436
vt 0.3572109092971561 0.3525609773919248
vt 0.3298844032028439 0.369278125
vt 0.33211713894719974 0.3538125649285885
vt 0.343425060691283 0.3488967673345109
vt 0.203125 0.38439752917964587
vt 0.24187362354951839 0.38933991236322574
vt 0.2288125385281295 0.41957189472910916
vt 0.203125 0.4375
vt 0.5946651937518364 0.30958280416141637
vt 0.564082924681484 0.328125
vt 0.5625 0.296875
vt 0.5985930243433548 0.296875
vt 0.3298844032028439 0.369278125
vt 0.29745471570284393 0.375
vt 0.2970859657028439 0.35937968750000004
vt 0.33182502820284393 0.3558359375
vt 0.6875 0.16979372511483437
vt 0.703125 0.1650390625
vt 0.703125 0.21856291106979786
vt 0.6941854011435832 0.20526227386738238
vt 0.875 0.796875
vt 0.875 0.8125
vt 0.828125 0.8125
vt 0.828125 0.796875
vt 0.140625 0.125
vt 0.140625 0.171875
vt 0.125 0.171875
vt 0.125 0.125
vt 0.140625 0.359375
vt 0.171875 0.359375
vt 0.171875 0.421875
vt 0.140625 0.421875
vt 0.640625 1
vt 0.578125 1
vt 0.578125 0.96875
vt 0.640625 0.96875
vt 0.8125 0.96875
vt 0.75 0.96875
vt 0.75 0.953125
vt 0.8125 0.953125
vt 0.03125 0.1875
vt 0.046875 0.1875
vt 0.046875 0.25
vt 0.03125 0.25
vt 0.3125 0.125
vt 0.328125 0.125
vt 0.328125 0.171875
vt 0.3125 0.171875
vt 0.9375 0.359375
vt 0.90625 0.359375
vt 0.90625 0.34375
vt 0.9375 0.34375
vt 0.375 0.59375
vt 0.328125 0.59375
vt 0.328125 0.53125
vt 0.375 0.53125
vt 0.0625 0.53125
vt 0.125 0.53125
vt 0.125 0.578125
vt 0.0625 0.578125
vt 0.765625 0.6875
vt 0.765625 0.75
vt 0.75 0.75
vt 0.75 0.6875
vt 0.8125 0.65625
vt 0.8125 0.671875
vt 0.75 0.671875
vt 0.75 0.65625
vt 0.5625 0.21875
vt 0.578125 0.21875
vt 0.578125 0.28125
vt 0.5625 0.28125
vt 0.78125 0.359375
vt 0.71875 0.359375
vt 0.71875 0.34375
vt 0.78125 0.34375
vt 0.0625 0.78125
vt 0 0.78125
vt 0 0.71875
vt 0.0625 0.71875
vt 0.21875 0.75
vt 0.28125 0.75
vt 0.28125 0.8125
vt 0.21875 0.8125
vt 0.75 0.453125
vt 0.75 0.515625
vt 0.734375 0.515625
vt 0.734375 0.453125
vt 0.796875 0.421875
vt 0.796875 0.4375
vt 0.734375 0.4375
vt 0.734375 0.421875
vt 0.9486312427983467 0.11485324686232179
vt 0.947328643465923 0.125
vt 0.93924749467257 0.125
vt 0.9375992259516533 0.11469697405980028
vt 0.9423947635803192 0.25
vt 0.9502081616537009 0.25
vt 0.9531249557333252 0.265625
vt 0.9375 0.265625
vt 0.7970905489577047 0.296875
vt 0.8474407010422953 0.296875
vt 0.8428134302314529 0.3080334412161323
vt 0.8043309279730023 0.3125
vt 0.9066408860648691 0.17752635841588205
vt 0.91015625 0.18735114034418654
vt 0.8594746093765053 0.18735114034418654
vt 0.869728191499435 0.17431640625
vt 0.9912109375 0.9609375
vt 0.9881146636916651 0.9684019723385435
vt 0.937764449541759 0.9684019723385435
vt 0.9405375819388305 0.9611532914651967
vt 0.91943359375 0.3125
vt 0.880374589406411 0.3125
vt 0.8751674509258155 0.30276970699771544
vt 0.9120000130277508 0.2988860679555019
vt 0.95166015625 0.7137249196978828
vt 0.9447303763450006 0.734375
vt 0.9378038527189837 0.7307632933060136
vt 0.9378038527189837 0.7065027726741697
vt 0.6810292009328383 0.0625
vt 0.6845703125 0.07122271916998835
vt 0.6639110243864352 0.078125
vt 0.6567073316544437 0.0625
vt 0.013585262706950603 0.5728243633536763
vt 0.03557872298055992 0.590840625
vt 0.021910511557518622 0.6073847907487819
vt 0 0.5898246018192468
vt 0.03557872298055992 0.590840625
vt 0.057500597980559925 0.6080234375
vt 0.04385528548055992 0.625
vt 0.021922472980559923 0.6073703125000001
vt 0.18798828125 0.5510682465744678
vt 0.16638203125 0.5621026215744678
vt 0.15365859375000002 0.5371119965744677
vt 0.17512734375 0.5258838715744678
vt 0.17514502326605424 0.5258746252133057
vt 0.15365859375000002 0.5371119965744677
vt 0.14080122010016777 0.5119660964140166
vt 0.16247498010779693 0.5009765625
vt 0.7284015720963135 0.5858995110569091
vt 0.7265757272140598 0.5934962918266565
vt 0.6993079753598529 0.5878172102883995
vt 0.7009484375 0.58017734375
vt 0.7009484375 0.58017734375
vt 0.6993078125 0.58781796875
vt 0.671875 0.58035078125
vt 0.6737 0.57275390625
vt 0.6520796875 0.40908750000000005
vt 0.6247203125 0.41547500000000004
vt 0.6213046875 0.4002265625
vt 0.648528125 0.393871875
vt 0.6247203125 0.41547500000000004
vt 0.5973015625 0.421875
vt 0.59375 0.4066578125
vt 0.6213046875 0.4002265625
vt 0.5991294301085593 0.046875
vt 0.6069430901786805 0.046875
vt 0.60986328125 0.0625
vt 0.5942373587147287 0.0625
vt 0.0771484375 0.04198386605841098
vt 0.06973740801995733 0.0625
vt 0.06289634316269005 0.05872754896725696
vt 0.06289634316269005 0.035090206942649305
vt 0.3027013248183854 0.22978292595628513
vt 0.296875 0.21875
vt 0.35655331604737184 0.21875
vt 0.34901587552281954 0.234375
vt 0.5158298253387504 0.34334625298003374
vt 0.5158298253387504 0.2841796875
vt 0.5317200379784869 0.28916329854826284
vt 0.53759765625 0.3346759364355385
vt 0.982362828830422 0.4530827454126103
vt 0.9226818176279924 0.4530827454126103
vt 0.921875 0.4453125
vt 0.9810412981784528 0.44538351864177683
vt 0.39078354355600253 0.109375
vt 0.40625 0.109375
vt 0.40625 0.15625
vt 0.390625 0.1553610200162191
vt 0.953125 0.296875
vt 0.9375 0.2939582059203757
vt 0.9375 0.28614480784699403
vt 0.953125 0.28125004426667477
vt 0.9459335446280531 0.140625
vt 0.94970703125 0.1488368448509465
vt 0.929225507948456 0.15625
vt 0.9223320603307646 0.140625
vt 0.765625 0.546875
vt 0.8252926013951458 0.546875
vt 0.81945939788804 0.5579287682558672
vt 0.7731418669006567 0.5625
vt 0.6949951263374894 0.3276277607481298
vt 0.6999868982958025 0.343517154623171
vt 0.6408334142041975 0.343517154623171
vt 0.6494772314634896 0.32177734375
vt 0.982421875 0.4140625
vt 0.9816162473597687 0.4218328468883603
vt 0.921949749970995 0.4218328468883603
vt 0.9232688205096062 0.4141337056020232
vt 0.109375 0.12499979281279605
vt 0.109375 0.171875
vt 0.09390515899275417 0.171875
vt 0.09375 0.12588842658475163
vt 0.71875 0.5
vt 0.71875 0.515625
vt 0.625 0.515625
vt 0.625 0.5
vt 0.390625 0.28125
vt 0.390625 0.375
vt 0.375 0.375
vt 0.375 0.28125
vt 0.65625 0.453125
vt 0.640625 0.453125
vt 0.640625 0.4375
vt 0.65625 0.4375
vt 0.9375 0.3125
vt 0.953125 0.3125
vt 0.953125 0.328125
vt 0.9375 0.328125
vt 0.625 0.46875
vt 0.71875 0.46875
vt 0.71875 0.484375
vt 0.625 0.484375
vt 0.5 0.375
vt 0.484375 0.375
vt 0.484375 0.28125
vt 0.5 0.28125
vt 0.1875 0.859375
vt 0.1875 0.890625
vt 0.171875 0.890625
vt 0.171875 0.859375
vt 0.171875 0.75
vt 0.203125 0.75
vt 0.203125 0.765625
vt 0.171875 0.765625
vt 0.453125 0.796875
vt 0.46875 0.796875
vt 0.46875 0.8125
vt 0.453125 0.8125
vt 0.09375 0.828125
vt 0.09375 0.8125
vt 0.109375 0.8125
vt 0.109375 0.828125
vt 0.921875 0.984375
vt 0.953125 0.984375
vt 0.953125 1
vt 0.921875 1
vt 0.921875 0.09375
vt 0.921875 0.125
vt 0.90625 0.125
vt 0.90625 0.09375
vt 0.453125 0.21875
vt 0.453125 0.28125
vt 0.4375 0.28125
vt 0.4375 0.21875
vt 0.71875 0.609375
vt 0.78125 0.609375
vt 0.78125 0.625
vt 0.71875 0.625
vt 0.734375 0.234375
vt 0.75 0.234375
vt 0.75 0.296875
vt 0.734375 0.296875
vt 0.734375 0.40625
vt 0.734375 0.390625
vt 0.796875 0.390625
vt 0.796875 0.40625
vt 0.078125 0.6875
vt 0.140625 0.6875
vt 0.140625 0.75
vt 0.078125 0.75
vt 0.328125 0.9375
vt 0.328125 1
vt 0.265625 1
vt 0.265625 0.9375
vt 0.734375 0.890625
vt 0.734375 0.953125
vt 0.71875 0.953125
vt 0.71875 0.890625
vt 0 0.265625
vt 0.0625 0.265625
vt 0.0625 0.28125
vt 0 0.28125
vt 0.75 0.125
vt 0.765625 0.125
vt 0.765625 0.171875
vt 0.75 0.171875
vt 0.828125 0.6875
vt 0.828125 0.671875
vt 0.875 0.671875
vt 0.875 0.6875
vt 0.421875 0.953125
vt 0.484375 0.953125
vt 0.484375 1
vt 0.421875 1
vt 0.3125 0.59375
vt 0.3125 0.65625
vt 0.265625 0.65625
vt 0.265625 0.59375
vt 0.15625 0.1875
vt 0.15625 0.25
vt 0.140625 0.25
vt 0.140625 0.1875
vt 0.75 0.890625
vt 0.8125 0.890625
vt 0.8125 0.90625
vt 0.75 0.90625
vt 0.71875 0.125
vt 0.734375 0.125
vt 0.734375 0.171875
vt 0.71875 0.171875
vt 0.5625 0.171875
vt 0.5625 0.15625
vt 0.609375 0.15625
vt 0.609375 0.171875
vt 0.421875 0.65625
vt 0.484375 0.65625
vt 0.484375 0.703125
vt 0.421875 0.703125
vt 0.3125 0.515625
vt 0.3125 0.578125
vt 0.265625 0.578125
vt 0.265625 0.515625
vt 0.9375 0.75
vt 0.9375 0.78125
vt 0.921875 0.78125
vt 0.921875 0.75
vt 0.546875 0.0625
vt 0.578125 0.0625
vt 0.578125 0.078125
vt 0.546875 0.078125
vt 0.515625 0.359375
vt 0.53125 0.359375
vt 0.53125 0.375
vt 0.515625 0.375
vt 0.5625 0.8125
vt 0.5625 0.796875
vt 0.578125 0.796875
vt 0.578125 0.8125
vt 0.15625 0.0625
vt 0.1875 0.0625
vt 0.1875 0.078125
vt 0.15625 0.078125
vt 0.015625 0.046875
vt 0.015625 0.078125
vt 0 0.078125
vt 0 0.046875
vn -0.8885549543800566 -0.2529228179506301 0.38275336864169884
vn 0.8579270535648307 0.35015534780656027 -0.3759686199193162
vn -0.24431708259293264 0.9696874480979129 -0.003926341125767729
vn 0.6379888741971841 -0.7321644611368793 -0.238548523887181
vn -0.0038199648813274922 -0.016325945985565554 0.9998594257974377
vn -0.22981193786533796 0.09817239780353992 -0.9682709607976899
vn 0.9278012101592427 0.37230784365312136 0.023912004964200817
vn -0.9278012101592426 -0.37230784365312136 -0.02391200496420092
vn -0.37265571746007814 0.9279352860398736 0.007988815081873796
vn 0.3726557174600618 -0.9279352860398802 -0.007988815081875433
vn -0.0038344789700338333 -0.01632496459134597 0.9998593862649486
vn 0.0038344789700274504 0.016324964591343753 -0.9998593862649487
vn -0.44279034306997767 -0.005478714472805596 -0.8966084406092198
vn 0.4440938387121978 -0.004901525964823725 0.8959668729708039
vn -0.17540226181272145 0.9792676084756361 0.10133606239335548
vn 0.1653023069688237 -0.9762777339541425 -0.1398461064747576
vn -0.9066943021475411 -0.16888254759459984 0.386502428933042
vn 0.3524576450946511 0.22805377508113917 -0.9076150528090497
vn -0.04996816658659152 0.07290307256157379 -0.996086504445802
vn 0.04230491199510728 -0.0829280654154748 0.9956571851734578
vn -0.04660580078647065 0.9948977985099083 0.08947776178017386
vn 0.05661053807954814 -0.9906744236668332 0.12393318066898787
vn -0.9903890890267882 -0.02917085142584587 -0.13519805384612638
vn 0.9040687198156125 0.16897399984342232 -0.39256532861152516
vn -0.9076257431382766 -0.3687312813191303 -0.20063088637954937
vn 0.9655194389528059 0.1745714576726129 0.19312436192857277
vn -0.3726153876466723 0.92798583852439 -0.0002374596910946491
vn 0.17826469126639513 -0.9838331469212783 -0.017147561537181933
vn -0.17713283697887158 -0.19988336775055998 0.9636755664436611
vn 0.0038385640064092785 0.01632804374621584 -0.9998593203115078
vn 0.029731718894977832 0.12006171392094142 -0.9923211222895117
vn -0.0201234066334218 -0.1074233465982671 0.9940096946766137
vn 0.05157059306828012 0.994474152100596 0.09144197468551546
vn -0.05667144821344819 -0.9906739206046138 0.12390936200010938
vn 0.9924132021178492 0.047373551111433536 -0.11345388013324849
vn -0.9058974148008083 0.16518054357720793 -0.38995546140649223
vn 0.4515694917196761 0.04440722088094899 -0.8911301772926692
vn -0.4793543157864276 -0.049235614424837884 0.8762392904961148
vn 0.1896514121566055 0.9791697055807759 0.07251916670689364
vn -0.16530230696882364 -0.9762777339541426 -0.13984610647475765
vn 0.9085718734369701 -0.15385730798241767 0.38836204703811866
vn -0.17708617919960257 0.19987280472483035 -0.9636863323031599
vn 0.9076257431382766 -0.368731281319131 -0.20063088637954823
vn -0.9655194389528057 0.17457145767261337 0.19312436192857324
vn 0.3726153876466973 0.92798583852438 -0.00023745969110030869
vn -0.17826469126639663 -0.9838331469212779 -0.017147561537182346
vn 0.17713283697887444 -0.19988336775055987 0.9636755664436607
vn -0.0038385640064106386 0.016328043746215756 -0.9998593203115078
vn -0.9278012101592426 0.3723078436531214 0.023912004964201483
vn 0.9278012101592421 -0.37230784365312247 -0.023912004964202177
vn 0.37265571746008785 0.9279352860398699 0.007988815081874372
vn -0.37265571746007836 -0.9279352860398736 -0.007988815081875371
vn 0.003834478970032946 -0.016324964591345307 0.9998593862649487
vn -0.003834478970032474 0.01632496459134539 -0.9998593862649487
vn 0.888554954380057 -0.2529228179506294 0.38275336864169796
vn -0.8579270535648309 0.35015534780655916 -0.3759686199193164
vn 0.24431708259292273 0.9696874480979153 -0.0039263411257683956
vn -0.6379888741971876 -0.7321644611368753 -0.23854852388718353
vn 0.003819964881333876 -0.016325945985567275 0.9998594257974377
vn 0.2298119378653429 0.09817239780353909 -0.9682709607976889
vn -0.9723699203976764 0.2328767026824763 0.01628432539450289
vn 0.9999999999927923 -0.0000036803699285103963 9.329896381582437e-7
vn 0.22645441104396188 0.9716490974595187 0.0679443237131359
vn -0.17167327334782406 -0.9827541553869207 -0.06872086501044385
vn 0.03986918058921975 -0.07924623995492447 0.9960574691714081
vn 0.01610954142657739 0.0658887623349742 -0.9976969247587119
vn -0.9999999999982339 -0.0000017301753963659683 -7.341215549627744e-7
vn -0.0006007720887709683 -0.9977303565013411 -0.06733331113649581
vn 0.8129501537667564 0.5822319065881265 0.010865286069058011
vn -0.9293821964374026 -0.36908783080271335 -0.0047860316063590425
vn -0.28607184351779247 -0.28768439583751987 0.9140025102470632
vn -0.3962428084244886 -0.1510782195941849 -0.9056307240460237
vn -0.993613117903379 0.024644111868099783 -0.11011648232920762
vn 0.9926345259739642 0.00841437578039054 0.12085485561064668
vn 0.004357908935041505 0.9928369584595899 0.11939758182821161
vn 0.016576617099365407 -0.999474119138418 -0.027869354818955812
vn -0.1556845490384741 0.10392088626239923 0.9823251857654495
vn 0.0004598291763191764 0.17523878429620215 -0.9845258539192954
vn -0.9999904867175627 0.004351329130005823 0.0003039887735491742
vn 0.9999904796448533 -0.00435278091506883 -0.00030646037540618676
vn 0.0030774383529020566 0.6560539136271836 0.7547077525689266
vn -0.0030875418861396053 -0.65605149210001 -0.7547098162860026
vn -0.003082911223315027 -0.7547033022318342 0.656059007451886
vn 0.0030899916588823517 0.7547030718622842 -0.6560592391493164
vn 0.0667379479990231 -0.9335850047896639 -0.3520867579571305
vn 0.9913439241063081 0.04195629454959488 0.1244061633729385
vn -0.9897178617271055 0.009977390019411475 -0.1426849882318624
vn 0.9736511997637279 -0.01619527142332834 0.22746660058606033
vn 6.376312645635722e-7 0.9975641144772024 0.0697555553838436
vn -0.01973209012749684 -0.9968829842630871 0.07638691187580604
vn -0.2996346406323456 -0.06655138034694687 0.9517300015797765
vn 0.2860795363178714 0.06684055355907272 -0.9558717692766475
vn -0.02435209623771021 -0.9727845849970134 0.2304281376069731
vn 0.91331219107554 0.038666616252982976 0.40542044154228474
vn -0.9412578174622948 -0.33712753526642214 0.01946139849303738
vn 0.9947452203521199 0.1021353993759476 -0.007092727326527382
vn -0.014780450907474247 0.997853975617747 0.06378856962519822
vn 0.24987770344806387 -0.963693135555815 -0.09410990278458053
vn -0.2855718238247092 -0.007266220945796195 0.9583297634272852
vn -0.19637297949055293 0.07500507168064656 -0.9776563261945295
vn -0.9742727052888038 -0.03266816796873712 0.22299212212722264
vn 0.9705865401259527 0.10881700566501631 -0.2147571358638222
vn -0.012966162936230272 0.994960281536163 0.09942794770179329
vn -0.032517861405130584 -0.9754467264068832 -0.21782165326645486
vn 0.27060852064859353 -0.029739670158255863 0.9622300039861873
vn -0.27195424464503243 0.09228962949059329 -0.9578744766972545
vn 0.2419062895096896 0.06816691567767069 -0.9679021741388165
vn -0.9999999939691405 0.0000028301252846842095 0.00010978938615791023
vn 0.39282495458143335 -0.06471183643041747 0.9173335997792175
vn -0.2688078881321419 0.06774900766685311 -0.9608081969040932
vn -0.029355453356285373 -0.997928342798769 0.05724753267302847
vn 0.021184056932117133 0.9996590193659997 -0.015266981761468488
vn -1 2.4286128663675293e-17 1.3877787807814454e-16
vn 1 -1.3877787807814453e-15 -5.273559366969493e-16
vn 0.22613343636770322 0.882831152102291 0.411670773597392
vn -0.17470138620336428 -0.8527072001830219 -0.4923107315655987
vn 0.06391902341146276 0.4989775441956597 -0.8642544583828269
vn -0.16430020057802536 -0.4865198234917992 0.8580815261031607
vn -1 -1.9567680809018388e-15 5.828670879282073e-16
vn 1 -6.522560269672795e-16 8.881784197001252e-16
vn 0.3094053406965023 0.8819542045085296 -0.3555630974921444
vn -0.28691912350874954 -0.9294992069325633 0.23175124784282616
vn 0.08157948993758385 0.24111876038871344 0.9670607686232204
vn -0.18506555536395855 -0.9503423597938482 -0.250200198639589
vn 1 1.9290125052862095e-15 -5.551115123125783e-16
vn -1 -1.0304257447302232e-15 2.7755575615628907e-17
vn -9.71445146547012e-17 0.9274646663648115 -0.3739108084086483
vn 8.326672684688674e-17 -0.9702964231020308 0.24191910076594791
vn 1.1102230246251568e-16 0.24192513595524598 0.9702949183588648
vn -0.012950397573102776 -0.9669677529916718 -0.2545695423198464
vn 1 1.0304257447302232e-15 -2.7755575615628907e-17
vn -1 -2.9490299091605716e-16 2.4980018054066017e-16
vn -0.3055366408853372 0.8706484329727838 -0.38551091714572827
vn 0.28691912350875015 -0.9294992069325633 0.23175124784282566
vn -0.08157948993758282 0.2411187603887126 0.9670607686232208
vn 0.1922619466986235 -0.9335451354622504 -0.3025373099411447
vn -1 6.800116025829084e-16 -8.881784197001252e-16
vn 0.010724620068404045 -0.9950383095754025 -0.09891281515412526
vn 0.7437675500997478 0.6080529399876912 -0.27763546889931867
vn -0.8717929657788424 -0.45420372628224615 0.18351021729008066
vn 0.39624473410504435 0.15108230074497664 0.9056292006641722
vn -0.35779216582316303 -0.46755369437638805 -0.8083181978345912
vn 1 3.2265856653168607e-16 -2.4980018054066017e-16
vn -0.010724620068403327 -0.9950383095754023 -0.09891281515412627
vn -0.7437675500997484 0.6080529399876904 -0.27763546889931867
vn 0.871792965778842 -0.45420372628224653 0.18351021729008132
vn -0.396244734105041 0.15108230074497334 0.9056292006641742
vn 0.35779216582316 -0.4675536943763842 -0.808318197834595
vn -1 9.228728892196614e-16 8.326672684688674e-17
vn 1 6.245004513516504e-17 -1.3322676295501875e-15
vn 3.608224830031759e-16 0.4340309454124201 -0.9008979622712001
vn 5.551115123125783e-17 -0.487290129187648 0.8732401330655191
vn 2.498001805406602e-16 -0.8090167681263608 -0.5877855636968113
vn -0.011188652798954197 0.9957068286716405 -0.09188430434633109
vn 1 -4.891920202254596e-16 9.71445146547012e-16
vn -0.01697171904592271 -0.44218023749291985 0.8967656317697125
vn -0.2756417074313186 0.9595767035877848 -0.05687001895505449
vn -0.10285999365203151 -0.9254851104222357 -0.3645505892090235
vn -0.4857846284030757 0.6248847413970607 0.61117293360915
vn -0.22512397248824237 -0.09397815188304552 0.9697872467607317
vn -0.28337382904506836 0.33892234118879244 -0.8971236925059132
vn -0.46533423344737923 0.09252227861542175 -0.8802861348117159
vn -1 -6.210310043996968e-16 6.938893903907226e-16
vn 0.01697171904592254 -0.4421802374929198 0.8967656317697124
vn 0.1028599936520318 -0.9254851104222359 -0.3645505892090234
vn 0.48578462840307446 0.6248847413970628 0.6111729336091485
vn 0.2251239724882423 -0.09397815188304512 0.9697872467607318
vn 0.2839913314818382 0.9581129297210355 -0.03699375007412589
vn 0.3996392219715162 0.48796580335169126 -0.7760012029767349
vn 0.46533423344737995 0.09252227861542073 -0.8802861348117157
vn -1 -1.6306400674181984e-16 -1.1657341758564142e-15
vn 1 -2.8796409701214993e-16 1.7486012637846212e-15
vn -1.6653345369377348e-16 0.3664967831384444 -0.9304193183447838
vn 1.3877787807814457e-16 -0.3665010528425963 0.9304176364758293
vn 4.85722573273506e-17 -0.9304202045031648 -0.3664945334548513
vn -1.734723475976807e-16 0.9304175460239034 0.3665012824682306
vn -1 1.3877787807814453e-15 5.273559366969493e-16
vn -0.000004250135943114318 -0.997564053928342 -0.06975642115238187
vn 0.7905580396496447 0.5413121628513794 0.2863548991976085
vn -0.9210457323659844 -0.3372774364937651 -0.194727218751262
vn 0.2860689735850752 0.28767949641974105 -0.9140049505837842
vn -0.5999087465490519 -0.4000342159784431 0.6928795868406415
vn -1 -4.649058915617842e-16 -3.3306690738754686e-16
vn 0.59990874654905 0.4000342159784421 -0.6928795868406437
vn 0.15657816889999127 0.478826875701731 0.8638333752117042
vn -0.11660659037333285 -0.5288411612702564 -0.8406723078749724
vn 0.28046359620325356 0.8395166713505331 -0.4653514045635399
vn -0.017701331255049912 -0.9995006635493726 0.026174155882533204
vn -0.10929465832723181 0.2963560466769951 0.9488033364502447
vn -0.7703356808527648 -0.08741481687392584 -0.6316182301010678
vn 0.22825018277197823 0.9671182236803024 0.11217930063079799
vn 0.051429740371732285 -0.981510741298959 -0.18436823620153325
vn 0.9280814451946288 -0.2442619688074784 -0.2810710260410057
vn -0.8711634627363622 0.27479299176698957 0.4068943755680804
vn 1 -5.898059818321143e-16 -5.5511151231257815e-17
vn -1 1.4953316362920073e-15 2.4980018054066017e-16
vn -1.205632815803881e-16 0.9975640502598242 0.06975647374412623
vn 1.3791051634015616e-16 -0.9975640502598244 -0.06975647374412457
vn -5.551115123125783e-17 -0.06975647374412439 0.9975640502598244
vn -1.942890293094024e-16 0.06975647374412447 -0.9975640502598244
vn 0.9723699203976762 0.23287670268247743 0.016284325394502724
vn -0.9999999999927922 -0.000003680369928912852 9.32989638463555e-7
vn -0.22645441104395936 0.9716490974595191 0.06794432371313597
vn 0.1716732733478253 -0.9827541553869205 -0.06872086501044386
vn -0.03986918058922048 -0.07924623995492472 0.9960574691714081
vn -0.01610954142657653 0.06588876233497247 -0.997696924758712
vn 0.9999999999982337 -0.000001730175390825261 -7.341215546574629e-7
vn 0.0006007720887726978 -0.9977303565013411 -0.06733331113649585
vn -0.8129501537667574 0.5822319065881251 0.01086528606905765
vn 0.9293821964374016 -0.36908783080271546 -0.004786031606360207
vn 0.28607184351778764 -0.28768439583751604 0.9140025102470659
vn 0.39624280842448656 -0.15107821959418227 -0.9056307240460252
vn 0.9703983069096094 -0.23982869701976214 -0.028448585777977486
vn -0.9947452203521199 0.10213539937594826 -0.007092727326527772
vn 0.023639074931340057 0.9978113682786798 0.06175489835000595
vn -0.24987770344806548 -0.9636931355558146 -0.09410990278458006
vn 0.2855718238247087 -0.007266220945796195 0.9583297634272853
vn 0.2715369457537919 0.06662374170647485 -0.9601192447460531
vn 0.9742727052888038 -0.03266816796873697 0.22299212212722286
vn -0.9705865401259529 0.10881700566501584 -0.21475713586382209
vn 0.012966162936231613 0.9949602815361628 0.09942794770179432
vn 0.03251786140512788 -0.975446726406883 -0.2178216532664568
vn -0.27060852064859303 -0.029739670158255953 0.9622300039861873
vn 0.2719542446450321 0.09228962949059272 -0.9578744766972546
vn 0.9897178765092658 0.00997749863820476 -0.14268487810176117
vn -0.9736510976627906 -0.016195922323684712 0.22746699127593953
vn -7.138387103644561e-16 0.9975640502598242 0.06975647374412698
vn 0.01972537152853635 -0.9968830337676355 0.07638800104922751
vn 0.29962867922278874 -0.06655157512902349 0.9517318647786535
vn -0.28607782268030457 0.06684109865011684 -0.9558722440272767
vn 0.9999904804329851 0.004352806742493863 0.0003035076117022529
vn -0.9999904804120524 -0.0043527310447217735 -0.00030466001538695386
vn -0.0030797210996619806 0.6560534533974386 0.7547081433264407
vn 0.0030797210996582614 -0.6560534533974387 -0.7547081433264407
vn 0.0030812044900630498 -0.7547018904010339 0.6560606395783825
vn -0.003089790028908357 0.7547018530326246 -0.6560606421869096
vn 0.9936132176309926 0.024642118259599277 -0.11011602860921647
vn -0.9926346407859316 0.00841323554911116 0.12085399198777051
vn -0.004357315635157667 0.9928369838537644 0.11939739231916054
vn -0.016586262098494974 -0.9994739813068401 -0.027868559350178124
vn 0.1556885106366132 0.10392220973776661 0.9823244178879873
vn -0.00045804071005195457 0.17523835796476234 -0.9845259306369344
vn 0.0041884684293454905 -0.9388147570473266 -0.34439702188373444
vn -0.9913444271406804 0.0419488081304694 0.12440467946805432
vn 0.021420219728063142 -0.9769962456177825 0.21217801543882708
vn -0.2419062895096885 0.068166915677671 -0.9679021741388167
vn 0.9999999939691405 0.000002830125284510737 0.00010978938616026945
vn -0.3928249545814335 -0.06471183643041763 0.9173335997792176
vn 0.26880788813214185 0.0677490076668529 -0.9608081969040934
vn 0.02935545335628522 -0.997928342798769 0.05724753267303037
vn -0.02118405693211488 0.9996590193659998 -0.015266981761470805
vn 1 -1.1345091532888316e-15 -2.2204460492503126e-16
vn -1 1.0477729794899913e-15 -5.5511151231257815e-17
vn -0.22613343636770117 0.8828311521022916 0.41167077359739235
vn 0.17470138620336342 -0.8527072001830214 -0.49231073156559957
vn -0.06391902341146173 0.49897754419566026 -0.8642544583828268
vn 0.16430020057802508 -0.48651982349179873 0.858081526103161
vn 1 -9.436895709313829e-16 1.1102230246251563e-16
vn 0.0000042501359436911135 -0.997564053928342 -0.06975642115238076
vn -0.7905580396496455 0.5413121628513785 0.28635489919760826
vn 0.9210457323659846 -0.3372774364937633 -0.1947272187512635
vn -0.28606897358507705 0.28767949641974183 -0.9140049505837835
vn 0.5999087465490505 -0.40003421597844124 0.6928795868406437
vn 1 -4.544975507059234e-16 -3.3306690738754686e-16
vn -0.5999087465490512 0.4000342159784427 -0.6928795868406422
vn -0.15657816889998996 0.4788268757017311 0.8638333752117046
vn 0.11660659037333404 -0.5288411612702545 -0.8406723078749734
vn -0.28046359620325323 0.8395166713505353 -0.46535140456353613
vn 0.017701331255049614 -0.9995006635493726 0.026174155882533558
vn 1 -1.0755285551056204e-16 -1.3877787807814457e-16
vn -1 -2.7061686225238186e-16 0
vn -1.942890293094024e-16 0.9063077870366493 0.42261826174070094
vn -1.3877787807814457e-17 -0.9063077870366499 -0.42261826174069944
vn 3.608224830031759e-16 0.42261826174069916 -0.90630778703665
vn -3.0531133177191805e-16 -0.42261826174069894 0.9063077870366503
vn -1 7.285838599102589e-17 -6.661338147750937e-16
vn 1 -1.9428902930940235e-16 7.771561172376094e-16
vn 8.326672684688677e-17 0.4848096202463377 0.8746197071393955
vn -8.326672684688677e-17 -0.4848096202463364 -0.8746197071393964
vn 1.387778780781446e-16 -0.8746197071393965 0.4848096202463361
vn 8.326672684688674e-17 0.8746197071393969 -0.48480962024633517
vn -1 -1.2490009027033009e-16 -6.383782391594649e-16
vn 1 4.163336342344336e-17 -2.2204460492503126e-16
vn 1.3877787807814457e-16 0.026176948307872983 0.9996573249755574
vn -5.551115123125783e-17 -0.026176948307872983 -0.9996573249755574
vn 1.457167719820518e-16 -0.9996573249755574 0.026176948307873246
vn -6.938893903907228e-17 0.9996573249755574 -0.026176948307873163
vn 0.1092946583272263 0.30462452834333054 0.9461810473650054
vn 0.770335680852764 -0.0929233272919486 -0.6308313515117189
vn -0.22825018277198933 0.9680603354308958 0.10373543767669338
vn -0.05142974037172445 -0.9830822643354328 -0.17579602769805502
vn -0.9280814451946297 -0.24670544434647534 -0.2789287629758826
vn 0.8711634627363655 0.27833330670435374 0.40448089147969113
vn -1 1.8388068845354155e-15 -1.2490009027033011e-15
vn 1 1.1102230246251565e-16 5.273559366969494e-16
vn 0.032650931135817775 0.9987925430717142 -0.03670657434714007
vn -0.032839890178766616 0.9963524509306898 -0.07876125403683178
vn 0.03480566450498369 -0.9695942874450643 -0.24223022823806484
vn -0.035774191037628904 -0.9591363491546216 -0.28067360222498117
vn 0.017268678758585867 -0.23339110916349792 -0.9722295937160959
vn -0.016930502475895975 -0.23381159874975294 -0.9721345042616264
vn 2.2204460492503136e-16 0.2334453638559044 0.972369920397677
vn 5.551115123125783e-17 0.23344536385590436 0.972369920397677
vn 0.770338601269601 0.08741477825784157 0.6316146736231887
vn -1 6.938893903907227e-18 3.3306690738754686e-16
vn 0.21299427825489217 0.9227573919920297 -0.3211732133207021
vn -0.04368840871742697 -0.9886057286520163 -0.14404872863081855
vn 0.3253413336707907 -0.2273872309935278 -0.9178496956399819
vn -0.2145388345229359 0.22686458239011653 0.9500029209105088
vn -0.7703370525016583 0.09291985470952159 0.6308301880409803
vn 1 -1.8388068845354155e-15 1.2490009027033011e-15
vn -0.21273065999735466 0.9198996906674445 -0.32943925905548954
vn 0.043623528641423395 -0.9898342874431345 -0.13537012650807814
vn -0.32489919192568006 -0.2353880813388889 -0.9159874269058702
vn 0.21454004027837903 0.23514991527136447 0.9479858060462836
vn 0.9664025529418792 -0.04834792248900679 0.25244521001281717
vn -0.9664025529418809 0.048347922489012166 -0.25244521001280995
vn 0.1823508921957218 0.8211440561450891 -0.5408055021659963
vn -0.18235089219574505 -0.8211440561450879 0.5408055021659902
vn -0.18114706120398438 0.5686694272146088 0.8023719989933403
vn 0.18114706120396687 -0.5686694272146082 -0.8023719989933444
vn 0.9063077870366496 0.16172900698309922 -0.3904483620877307
vn -0.9063077870366493 -0.1617290069830997 0.3904483620877317
vn 5.35682609381638e-15 0.9238795325112934 0.38268343236507407
vn 5.537237335317968e-15 -0.923879532511287 -0.38268343236508934
vn 0.4226182617407148 -0.34682897472238927 0.8373192145987532
vn -0.4226182617406926 0.3468289747223944 -0.8373192145987624
vn 1 -1.0755285551056202e-16 1.9428902930940235e-16
vn -1 -6.279698983036041e-16 1.6653345369377343e-16
vn 9.992007221626409e-16 0.9238795325112863 0.38268343236509106
vn 7.494005416219807e-16 -0.9238795325112857 -0.38268343236509256
vn -4.163336342344336e-16 -0.3826834323650891 0.923879532511287
vn 3.608224830031759e-16 0.3826834323650898 -0.9238795325112867
vn 0.90630778703665 0.16172900698309833 -0.3904483620877299
vn -0.9063077870366505 -0.1617290069830985 0.3904483620877293
vn 1.734723475976807e-15 0.9238795325112868 0.3826834323650895
vn 8.604228440844963e-16 -0.9238795325112865 -0.38268343236509056
vn 0.4226182617406994 -0.3468289747223946 0.8373192145987589
vn -0.4226182617406987 0.3468289747223935 -0.8373192145987596
vn 0.9063077870366499 -0.16172900698309864 0.3904483620877299
vn -0.9063077870366506 0.16172900698309847 -0.3904483620877287
vn 1.8735013540549517e-15 0.9238795325112872 0.38268343236508895
vn -9.992007221626409e-16 -0.9238795325112874 -0.3826834323650884
vn -0.4226182617406996 -0.34682897472239377 0.837319214598759
vn 0.42261826174070005 0.3468289747223938 -0.8373192145987589
vn 0.9063077870366493 -0.16172900698309953 0.3904483620877317
vn -0.9063077870366487 0.16172900698309972 -0.39044836208773304
vn 2.1802004646076505e-14 0.923879532511286 0.3826834323650915
vn -3.913536161803677e-15 -0.9238795325112867 -0.38268343236509
vn -0.4226182617407037 -0.3468289747223927 0.8373192145987574
vn 0.42261826174071193 0.34682897472239127 -0.8373192145987538
usemtl m_7350c69e-eb74-13fb-dc29-56ce35bd5b83
f 1/1/1 2/2/1 7/3/1 3/4/1
f 5/5/2 4/6/2 6/7/2 7/8/2
f 5/9/3 2/10/3 1/11/3 4/12/3
f 6/13/4 3/14/4 7/15/4
f 4/16/5 1/17/5 3/18/5 6/19/5
f 2/20/6 5/21/6 7/22/6
f 11/23/7 9/24/7 8/25/7 10/26/7
f 14/27/8 12/28/8 13/29/8 15/30/8
f 8/31/9 9/32/9 13/33/9 12/34/9
f 11/35/10 10/36/10 14/37/10 15/38/10
f 10/39/11 8/40/11 12/41/11 14/42/11
f 15/43/12 13/44/12 9/45/12 11/46/12
f 16/47/13 17/48/13 19/49/13 18/50/13
f 21/51/14 20/52/14 22/53/14 23/54/14
f 21/55/15 17/56/15 16/57/15 20/58/15
f 22/59/16 18/60/16 19/61/16 23/62/16
f 20/63/17 16/64/17 18/65/17 22/66/17
f 17/67/18 21/68/18 23/69/18 19/70/18
f 24/71/19 25/72/19 27/73/19 26/74/19
f 29/75/20 28/76/20 30/77/20 31/78/20
f 29/79/21 25/80/21 24/81/21 28/82/21
f 30/83/22 26/84/22 27/85/22 31/86/22
f 28/87/23 24/88/23 26/89/23 30/90/23
f 25/91/24 29/92/24 31/93/24 27/94/24
f 32/95/25 33/96/25 35/97/25 34/98/25
f 37/99/26 36/100/26 38/101/26 39/102/26
f 37/103/27 33/104/27 32/105/27 36/106/27
f 38/107/28 34/108/28 35/109/28 39/110/28
f 36/111/29 32/112/29 34/113/29 38/114/29
f 33/115/30 37/116/30 39/117/30 35/118/30
f 43/119/31 41/120/31 40/121/31 42/122/31
f 46/123/32 44/124/32 45/125/32 47/126/32
f 40/127/33 41/128/33 45/129/33 44/130/33
f 43/131/34 42/132/34 46/133/34 47/134/34
f 42/135/35 40/136/35 44/137/35 46/138/35
f 47/139/36 45/140/36 41/141/36 43/142/36
f 51/143/37 49/144/37 48/145/37 50/146/37
f 54/147/38 52/148/38 53/149/38 55/150/38
f 48/151/39 49/152/39 53/153/39 52/154/39
f 51/155/40 50/156/40 54/157/40 55/158/40
f 50/159/41 48/160/41 52/161/41 54/162/41
f 55/163/42 53/164/42 49/165/42 51/166/42
f 59/167/43 57/168/43 56/169/43 58/170/43
f 62/171/44 60/172/44 61/173/44 63/174/44
f 56/175/45 57/176/45 61/177/45 60/178/45
f 59/179/46 58/180/46 62/181/46 63/182/46
f 58/183/47 56/184/47 60/185/47 62/186/47
f 63/187/48 61/188/48 57/189/48 59/190/48
f 64/191/49 65/192/49 67/193/49 66/194/49
f 69/195/50 68/196/50 70/197/50 71/198/50
f 69/199/51 65/200/51 64/201/51 68/202/51
f 70/203/52 66/204/52 67/205/52 71/206/52
f 68/207/53 64/208/53 66/209/53 70/210/53
f 65/211/54 69/212/54 71/213/54 67/214/54
f 78/215/55 73/216/55 72/217/55 74/218/55
f 77/219/56 75/220/56 76/221/56 78/222/56
f 72/223/57 73/224/57 76/225/57 75/226/57
f 74/227/58 77/228/58 78/229/58
f 74/230/59 72/231/59 75/232/59 77/233/59
f 76/234/60 73/235/60 78/236/60
f 81/237/61 79/238/61 80/239/61 82/240/61
f 84/241/62 83/242/62 85/243/62 86/244/62
f 80/245/63 79/246/63 83/247/63 84/248/63
f 85/249/64 81/250/64 82/251/64 86/252/64
f 83/253/65 79/254/65 81/255/65 85/256/65
f 82/257/66 80/258/66 84/259/66 86/260/66
f 89/261/67 87/262/67 88/263/67 90/264/67
f 92/265/68 91/266/68 93/267/68 94/268/68
f 88/269/69 87/270/69 91/271/69 92/272/69
f 93/273/70 89/274/70 90/275/70 94/276/70
f 91/277/71 87/278/71 89/279/71 93/280/71
f 90/281/72 88/282/72 92/283/72 94/284/72
f 95/285/73 96/286/73 98/287/73 97/288/73
f 100/289/74 99/290/74 101/291/74 102/292/74
f 100/293/75 96/294/75 95/295/75 99/296/75
f 101/297/76 97/298/76 98/299/76 102/300/76
f 99/301/77 95/302/77 97/303/77 101/304/77
f 96/305/78 100/306/78 102/307/78 98/308/78
f 103/309/79 104/310/79 106/311/79 105/312/79
f 108/313/80 107/314/80 109/315/80 110/316/80
f 108/317/81 104/318/81 103/319/81 107/320/81
f 109/321/82 105/322/82 106/323/82 110/324/82
f 107/325/83 103/326/83 105/327/83 109/328/83
f 104/329/84 108/330/84 110/331/84 106/332/84
f 99/333/85 95/334/85 104/335/85 108/336/85
f 99/337/86 100/338/86 108/339/86
f 113/340/87 111/341/87 112/342/87 114/343/87
f 116/344/88 115/345/88 117/346/88 118/347/88
f 112/348/89 111/349/89 115/350/89 116/351/89
f 117/352/90 113/353/90 114/354/90 118/355/90
f 115/356/91 111/357/91 113/358/91 117/359/91
f 114/360/92 112/361/92 116/362/92 118/363/92
f 113/364/93 97/365/93 101/366/93 117/367/93
f 117/368/94 101/369/94 99/370/94 113/371/94
f 119/372/95 120/373/95 122/374/95 121/375/95
f 124/376/96 123/377/96 125/378/96 126/379/96
f 124/380/97 120/381/97 119/382/97 123/383/97
f 125/384/98 121/385/98 122/386/98 126/387/98
f 123/388/99 119/389/99 121/390/99 125/391/99
f 120/392/100 124/393/100 126/394/100 122/395/100
f 127/396/101 128/397/101 130/398/101 129/399/101
f 132/400/102 131/401/102 133/402/102 134/403/102
f 132/404/103 128/405/103 127/406/103 131/407/103
f 133/408/104 129/409/104 130/410/104 134/411/104
f 131/412/105 127/413/105 129/414/105 133/415/105
f 128/416/106 132/417/106 134/418/106 130/419/106
f 136/420/107 135/421/107 137/422/107 138/423/107
f 141/424/108 139/425/108 140/426/108 142/427/108
f 139/428/109 135/429/109 136/430/109 140/431/109
f 138/432/110 137/433/110 141/434/110 142/435/110
f 137/436/111 135/437/111 139/438/111 141/439/111
f 140/440/112 136/441/112 138/442/112 142/443/112
f 144/444/113 143/445/113 145/446/113 146/447/113
f 149/448/114 147/449/114 148/450/114 150/451/114
f 147/452/115 143/453/115 144/454/115 148/455/115
f 146/456/116 145/457/116 149/458/116 150/459/116
f 145/460/117 143/461/117 147/462/117 149/463/117
f 148/464/118 144/465/118 146/466/118 150/467/118
f 153/468/119 151/469/119 152/470/119 154/471/119
f 202/472/120 155/473/120 156/474/120 157/475/120
f 152/476/121 151/477/121 155/478/121 202/479/121
f 156/480/122 153/481/122 154/482/122 157/483/122
f 155/484/123 151/485/123 153/486/123 156/487/123
f 154/488/124 152/489/124 202/490/124 157/491/124
f 152/492/125 158/493/125 159/494/125 160/495/125
f 162/496/126 161/497/126 165/498/126 163/499/126
f 161/500/127 158/501/127 152/502/127 165/503/127
f 160/504/128 159/505/128 162/506/128 163/507/128
f 159/508/129 158/509/129 161/510/129 162/511/129
f 165/512/130 152/513/130 160/514/130 163/515/130
f 165/516/131 164/517/131 166/518/131 167/519/131
f 169/520/132 168/521/132 194/522/132 170/523/132
f 168/524/133 164/525/133 165/526/133 194/527/133
f 167/528/134 166/529/134 169/530/134 170/531/134
f 166/532/135 164/533/135 168/534/135 169/535/135
f 194/536/136 165/537/136 167/538/136 170/539/136
f 172/540/137 171/541/137 202/542/137 173/543/137
f 175/544/138 174/545/138 176/546/138 177/547/138
f 202/548/139 171/549/139 174/550/139 175/551/139
f 176/552/140 172/553/140 173/554/140 177/555/140
f 174/556/141 171/557/141 172/558/141 176/559/141
f 173/560/142 202/561/142 175/562/142 177/563/142
f 194/564/143 178/565/143 179/566/143 180/567/143
f 183/568/144 181/569/144 182/570/144 184/571/144
f 181/572/145 178/573/145 194/574/145 182/575/145
f 180/576/146 179/577/146 183/578/146 184/579/146
f 179/580/147 178/581/147 181/582/147 183/583/147
f 182/584/148 194/585/148 180/586/148 184/587/148
f 165/588/149 185/589/149 186/590/149 187/591/149
f 189/592/150 188/593/150 152/594/150 190/595/150
f 188/596/151 185/597/151 165/598/151 152/599/151
f 187/600/152 186/601/152 189/602/152 190/603/152
f 186/604/153 185/605/153 188/606/153 189/607/153
f 152/608/154 165/609/154 187/610/154 190/611/154
f 191/612/155 165/613/155 192/614/155 193/615/155
f 193/616/156 192/617/156 196/618/156 197/619/156
f 192/620/157 165/621/157 194/622/157 196/623/157
f 195/624/158 191/625/158 193/626/158 197/627/158
f 196/628/159 194/629/159 198/630/159 197/631/159
f 198/632/160 195/633/160 197/634/160
f 198/635/161 194/636/161 165/637/161 191/638/161
f 191/639/162 195/640/162 198/641/162
f 200/642/163 152/643/163 199/644/163 201/645/163
f 204/646/164 200/647/164 201/648/164 205/649/164
f 201/650/165 199/651/165 203/652/165 205/653/165
f 206/654/166 202/655/166 204/656/166 205/657/166
f 203/658/167 206/659/167 205/660/167
f 202/661/168 152/662/168 200/663/168 204/664/168
f 152/665/169 202/666/169 206/667/169 199/668/169
f 203/669/170 199/670/170 206/671/170
f 208/672/171 207/673/171 209/674/171 210/675/171
f 213/676/172 211/677/172 212/678/172 214/679/172
f 211/680/173 207/681/173 208/682/173 212/683/173
f 210/684/174 209/685/174 213/686/174 214/687/174
f 209/688/175 207/689/175 211/690/175 213/691/175
f 212/692/176 208/693/176 210/694/176 214/695/176
f 216/696/177 215/697/177 217/698/177 218/699/177
f 221/700/178 219/701/178 220/702/178 222/703/178
f 219/704/179 215/705/179 216/706/179 220/707/179
f 218/708/180 217/709/180 221/710/180 222/711/180
f 217/712/181 215/713/181 219/714/181 221/715/181
f 220/716/182 216/717/182 218/718/182 222/719/182
f 224/720/183 223/721/183 225/722/183 226/723/183
f 229/724/184 227/725/184 228/726/184 230/727/184
f 227/728/185 223/729/185 224/730/185 228/731/185
f 226/732/186 225/733/186 229/734/186 230/735/186
f 225/736/187 223/737/187 227/738/187 229/739/187
f 228/740/188 224/741/188 226/742/188 230/743/188
f 233/744/189 231/745/189 232/746/189 234/747/189
f 236/748/190 235/749/190 237/750/190 238/751/190
f 232/752/191 231/753/191 235/754/191 236/755/191
f 237/756/192 233/757/192 234/758/192 238/759/192
f 235/760/193 231/761/193 233/762/193 237/763/193
f 234/764/194 232/765/194 236/766/194 238/767/194
f 240/768/195 239/769/195 241/770/195 242/771/195
f 245/772/196 243/773/196 244/774/196 246/775/196
f 243/776/197 239/777/197 240/778/197 244/779/197
f 242/780/198 241/781/198 245/782/198 246/783/198
f 241/784/199 239/785/199 243/786/199 245/787/199
f 244/788/200 240/789/200 242/790/200 246/791/200
f 248/792/201 247/793/201 249/794/201 250/795/201
f 253/796/202 251/797/202 252/798/202 254/799/202
f 251/800/203 247/801/203 248/802/203 252/803/203
f 250/804/204 249/805/204 253/806/204 254/807/204
f 249/808/205 247/809/205 251/810/205 253/811/205
f 252/812/206 248/813/206 250/814/206 254/815/206
f 256/816/207 255/817/207 257/818/207 258/819/207
f 261/820/208 259/821/208 260/822/208 262/823/208
f 259/824/209 255/825/209 256/826/209 260/827/209
f 258/828/210 257/829/210 261/830/210 262/831/210
f 257/832/211 255/833/211 259/834/211 261/835/211
f 260/836/212 256/837/212 258/838/212 262/839/212
f 266/840/213 264/841/213 263/842/213 265/843/213
f 269/844/214 267/845/214 268/846/214 270/847/214
f 263/848/215 264/849/215 268/850/215 267/851/215
f 266/852/216 265/853/216 269/854/216 270/855/216
f 265/856/217 263/857/217 267/858/217 269/859/217
f 270/860/218 268/861/218 264/862/218 266/863/218
f 274/864/219 272/865/219 271/866/219 273/867/219
f 277/868/220 275/869/220 276/870/220 278/871/220
f 271/872/221 272/873/221 276/874/221 275/875/221
f 274/876/222 273/877/222 277/878/222 278/879/222
f 273/880/223 271/881/223 275/882/223 277/883/223
f 278/884/224 276/885/224 272/886/224 274/887/224
f 280/888/225 279/889/225 281/890/225 282/891/225
f 285/892/226 283/893/226 284/894/226 286/895/226
f 283/896/227 279/897/227 280/898/227 284/899/227
f 282/900/228 281/901/228 285/902/228 286/903/228
f 281/904/229 279/905/229 283/906/229 285/907/229
f 284/908/230 280/909/230 282/910/230 286/911/230
f 290/912/231 288/913/231 287/914/231 289/915/231
f 293/916/232 291/917/232 292/918/232 294/919/232
f 287/920/233 288/921/233 292/922/233 291/923/233
f 290/924/234 289/925/234 293/926/234 294/927/234
f 289/928/235 287/929/235 291/930/235 293/931/235
f 294/932/236 292/933/236 288/934/236 290/935/236
f 298/936/237 296/937/237 295/938/237 297/939/237
f 301/940/238 299/941/238 300/942/238 302/943/238
f 295/944/239 296/945/239 300/946/239 299/947/239
f 298/948/240 297/949/240 301/950/240 302/951/240
f 297/952/241 295/953/241 299/954/241 301/955/241
f 302/956/242 300/957/242 296/958/242 298/959/242
f 299/960/243 292/961/243 288/962/243 295/963/243
f 299/964/244 292/965/244 300/966/244
f 301/967/245 297/968/245 285/969/245 299/970/245
f 305/971/246 303/972/246 304/973/246 306/974/246
f 308/975/247 307/976/247 309/977/247 310/978/247
f 304/979/248 303/980/248 307/981/248 308/982/248
f 309/983/249 305/984/249 306/985/249 310/986/249
f 307/987/250 303/988/250 305/989/250 309/990/250
f 306/991/251 304/992/251 308/993/251 310/994/251
f 313/995/252 311/996/252 312/997/252 314/998/252
f 316/999/253 315/1000/253 317/1001/253 318/1002/253
f 312/1003/254 311/1004/254 315/1005/254 316/1006/254
f 317/1007/255 313/1008/255 314/1009/255 318/1010/255
f 315/1011/256 311/1012/256 313/1013/256 317/1014/256
f 314/1015/257 312/1016/257 316/1017/257 318/1018/257
f 321/1019/258 319/1020/258 320/1021/258 322/1022/258
f 324/1023/259 323/1024/259 325/1025/259 326/1026/259
f 320/1027/260 319/1028/260 323/1029/260 324/1030/260
f 325/1031/261 321/1032/261 322/1033/261 326/1034/261
f 323/1035/262 319/1036/262 321/1037/262 325/1038/262
f 322/1039/263 320/1040/263 324/1041/263 326/1042/263
f 329/1043/264 327/1044/264 328/1045/264 330/1046/264
f 332/1047/265 331/1048/265 333/1049/265 334/1050/265
f 328/1051/266 327/1052/266 331/1053/266 332/1054/266
f 333/1055/267 329/1056/267 330/1057/267 334/1058/267
f 331/1059/268 327/1060/268 329/1061/268 333/1062/268
f 330/1063/269 328/1064/269 332/1065/269 334/1066/269
f 337/1067/270 335/1068/270 336/1069/270 338/1070/270
f 340/1071/271 339/1072/271 341/1073/271 342/1074/271
f 336/1075/272 335/1076/272 339/1077/272 340/1078/272
f 341/1079/273 337/1080/273 338/1081/273 342/1082/273
f 339/1083/274 335/1084/274 337/1085/274 341/1086/274
f 338/1087/275 336/1088/275 340/1089/275 342/1090/275
f 345/1091/276 343/1092/276 344/1093/276 346/1094/276
f 348/1095/277 347/1096/277 349/1097/277 350/1098/277
f 344/1099/278 343/1100/278 347/1101/278 348/1102/278
f 349/1103/279 345/1104/279 346/1105/279 350/1106/279
f 347/1107/280 343/1108/280 345/1109/280 349/1110/280
f 346/1111/281 344/1112/281 348/1113/281 350/1114/281
f 353/1115/282 351/1116/282 352/1117/282 354/1118/282
f 356/1119/283 355/1120/283 357/1121/283 358/1122/283
f 352/1123/284 351/1124/284 355/1125/284 356/1126/284
f 357/1127/285 353/1128/285 354/1129/285 358/1130/285
f 355/1131/286 351/1132/286 353/1133/286 357/1134/286
f 354/1135/287 352/1136/287 356/1137/287 358/1138/287
f 360/1139/288 359/1140/288 361/1141/288 362/1142/288
f 365/1143/289 363/1144/289 364/1145/289 366/1146/289
f 363/1147/290 359/1148/290 360/1149/290 364/1150/290
f 362/1151/291 361/1152/291 365/1153/291 366/1154/291
f 361/1155/292 359/1156/292 363/1157/292 365/1158/292
f 364/1159/293 360/1160/293 362/1161/293 366/1162/293
f 368/1163/294 367/1164/294 389/1165/294 369/1166/294
f 382/1167/295 370/1168/295 371/1169/295 372/1170/295
f 370/1171/296 374/1172/296 373/1173/296 371/1174/296
f 374/1175/297 367/1176/297 368/1177/297 373/1178/297
f 369/1179/298 389/1180/298 375/1181/298 376/1182/298
f 376/1183/299 375/1184/299 382/1185/299 372/1186/299
f 389/1187/300 367/1188/300 374/1189/300 375/1190/300
f 375/1191/301 374/1192/301 370/1193/301 382/1194/301
f 371/1195/302 373/1196/302 376/1197/302 372/1198/302
f 373/1199/303 368/1200/303 369/1201/303 376/1202/303
f 379/1203/304 377/1204/304 378/1205/304 380/1206/304
f 381/1207/305 370/1208/305 382/1209/305 383/1210/305
f 378/1211/306 377/1212/306 370/1213/306 381/1214/306
f 382/1215/307 379/1216/307 380/1217/307 383/1218/307
f 370/1219/308 377/1220/308 379/1221/308 382/1222/308
f 380/1223/309 378/1224/309 381/1225/309 383/1226/309
f 385/1227/310 384/1228/310 386/1229/310 387/1230/310
f 389/1231/311 367/1232/311 388/1233/311 390/1234/311
f 367/1235/312 384/1236/312 385/1237/312 388/1238/312
f 387/1239/313 386/1240/313 389/1241/313 390/1242/313
f 386/1243/314 384/1244/314 367/1245/314 389/1246/314
f 388/1247/315 385/1248/315 387/1249/315 390/1250/315
f 392/1251/316 391/1252/316 393/1253/316 394/1254/316
f 397/1255/317 395/1256/317 396/1257/317 398/1258/317
f 395/1259/318 391/1260/318 392/1261/318 396/1262/318
f 394/1263/319 393/1264/319 397/1265/319 398/1266/319
f 393/1267/320 391/1268/320 395/1269/320 397/1270/320
f 396/1271/321 392/1272/321 394/1273/321 398/1274/321
f 402/1275/322 400/1276/322 399/1277/322 401/1278/322
f 405/1279/323 403/1280/323 404/1281/323 406/1282/323
f 399/1283/324 400/1284/324 404/1285/324 403/1286/324
f 402/1287/325 401/1288/325 405/1289/325 406/1290/325
f 401/1291/326 399/1292/326 403/1293/326 405/1294/326
f 406/1295/327 404/1296/327 400/1297/327 402/1298/327
f 410/1299/328 408/1300/328 407/1301/328 409/1302/328
f 413/1303/329 411/1304/329 412/1305/329 414/1306/329
f 407/1307/330 408/1308/330 412/1309/330 411/1310/330
f 410/1311/331 409/1312/331 413/1313/331 414/1314/331
f 409/1315/332 407/1316/332 411/1317/332 413/1318/332
f 414/1319/333 412/1320/333 408/1321/333 410/1322/333
f 418/1323/334 416/1324/334 415/1325/334 417/1326/334
f 421/1327/335 419/1328/335 420/1329/335 422/1330/335
f 415/1331/336 416/1332/336 420/1333/336 419/1334/336
f 418/1335/337 417/1336/337 421/1337/337 422/1338/337
f 417/1339/338 415/1340/338 419/1341/338 421/1342/338
f 422/1343/339 420/1344/339 416/1345/339 418/1346/339
f 426/1347/340 424/1348/340 423/1349/340 425/1350/340
f 429/1351/341 427/1352/341 428/1353/341 430/1354/341
f 423/1355/342 424/1356/342 428/1357/342 427/1358/342
f 426/1359/343 425/1360/343 429/1361/343 430/1362/343
f 425/1363/344 423/1364/344 427/1365/344 429/1366/344
f 430/1367/345 428/1368/345 424/1369/345 426/1370/345
f 434/1371/346 432/1372/346 431/1373/346 433/1374/346
f 437/1375/347 435/1376/347 436/1377/347 438/1378/347
f 431/1379/348 432/1380/348 436/1381/348 435/1382/348
f 434/1383/349 433/1384/349 437/1385/349 438/1386/349
f 433/1387/350 431/1388/350 435/1389/350 437/1390/350
f 438/1391/351 436/1392/351 432/1393/351 434/1394/351
