# Made in Blockbench 5.1.6
mtllib ratnik_veteran_h.mtl

o cuboid
v 0.096875 2.0948840631833328 -0.36805107131551595
v 0.096875 2.1090025237419208 -0.39939289156347835
v 0.096875 2.0094063715979806 -0.40655596374802944
v 0.096875 2.0235248321565686 -0.43789778399599183
v -0.090625 2.0948840631833328 -0.36805107131551595
v -0.090625 2.1090025237419208 -0.39939289156347835
v -0.090625 2.0094063715979806 -0.40655596374802944
v -0.090625 2.0235248321565686 -0.43789778399599183
v -0.3609375 1.8390624999999998 0.04531250000000003
v -0.3609375 1.8390625 -0.11093749999999991
v -0.3609375 1.7765624999999998 0.04531250000000003
v -0.3609375 1.7765625 -0.11093749999999991
v -0.3921875 1.8390624999999998 0.04531250000000003
v -0.3921875 1.8390625 -0.11093749999999991
v -0.3921875 1.7765624999999998 0.04531250000000003
v -0.3921875 1.7765625 -0.11093749999999991
v -0.3504549883166553 1.902998170657476 0.04531250000000003
v -0.3504549883166553 1.902998170657476 -0.11093749999999991
v -0.3743727028394734 1.8452556998755203 0.04531250000000009
v -0.3743727028394734 1.8452556998755205 -0.11093749999999991
v -0.37932622370763297 1.9149570279188848 0.04531250000000003
v -0.37932622370763297 1.914957027918885 -0.11093749999999991
v -0.40324393823045107 1.8572145571369296 0.04531250000000003
v -0.40324393823045107 1.8572145571369298 -0.11093749999999991
v 0.3504549883166553 1.902998170657476 0.04531250000000003
v 0.3504549883166553 1.902998170657476 -0.11093749999999991
v 0.3743727028394734 1.8452556998755203 0.04531250000000009
v 0.3743727028394734 1.8452556998755205 -0.11093749999999991
v 0.37932622370763297 1.9149570279188848 0.04531250000000003
v 0.37932622370763297 1.914957027918885 -0.11093749999999991
v 0.40324393823045107 1.8572145571369296 0.04531250000000003
v 0.40324393823045107 1.8572145571369298 -0.11093749999999991
v 0.3609375 1.8390624999999998 0.04531250000000003
v 0.3609375 1.8390625 -0.11093749999999991
v 0.3609375 1.7765624999999998 0.04531250000000003
v 0.3609375 1.7765625 -0.11093749999999991
v 0.3921875 1.8390624999999998 0.04531250000000003
v 0.3921875 1.8390625 -0.11093749999999991
v 0.3921875 1.7765624999999998 0.04531250000000003
v 0.3921875 1.7765625 -0.11093749999999991
v -0.16859680601613117 2.1120459734136645 -0.3601952170228542
v -0.16519286479987855 2.0480528023947553 -0.4101436879418018
v -0.14846638887847255 2.0980135746732325 -0.340845266339367
v -0.1450624476622199 2.0340204036543232 -0.3907937372583146
v -0.2831565045488803 2.048753932572767 -0.2869136160695464
v -0.27975256333262766 1.9847607615538578 -0.33686208698849374
v -0.2630260874112217 2.034721533832335 -0.26756366538605914
v -0.25962214619496904 1.9707283628134258 -0.3175121363050067
v -0.1649541832583965 2.1846064622220047 -0.19087904742725625
v -0.16782551938458234 2.171880801481988 -0.23914718378635413
v -0.1458698526633926 2.1604220747967 -0.18563822396110685
v -0.14874118878957843 2.147696414056683 -0.2339063603202048
v -0.2241875393272483 2.141112850746848 -0.17588854077575417
v -0.22705887545343412 2.1283871900068316 -0.22415667713485185
v -0.20510320873224439 2.116928463321543 -0.17064771730960487
v -0.20797454485843023 2.1042028025815265 -0.21891585366870264
v -0.22490537335879474 2.137931435561844 -0.18795557486552852
v -0.22705887545343412 2.1283871900068316 -0.22415667713485185
v -0.20582104276379085 2.113747048136539 -0.1827147513993792
v -0.20797454485843023 2.1042028025815265 -0.21891585366870264
v -0.2742665034161712 2.1016867593325466 -0.17546348598927677
v -0.2764200055108106 2.0921425137775342 -0.2116645882586001
v -0.25518217282116734 2.0775023719072414 -0.17022266252312734
v -0.25733567491580667 2.067958126352229 -0.20642376479245078
v -0.16283662184760062 2.183270302102441 0.1145204393067768
v -0.16637617977366012 2.177049607316433 0.1640055328811797
v -0.14407812390686986 2.1583410072737665 0.11272836945529358
v -0.14761768183292934 2.152120312487758 0.1622134630296963
v -0.22258588937986354 2.1390180033409005 0.10468381978188918
v -0.22612544730592304 2.1327973085548924 0.1541689133562919
v -0.20382739143913275 2.1140887085122255 0.10289174993040578
v -0.20736694936519223 2.1078680137262173 0.1523768435048085
v -0.22302833412062098 2.1382404164926494 0.1108694564786894
v -0.2256830025651656 2.133574895403143 0.1479832766594914
v -0.2042698361798902 2.113311121663974 0.10907738662720595
v -0.20692450462443482 2.1086456005744685 0.14619120680800812
v -0.27281939039750674 2.1013635008580316 0.10267227354128283
v -0.27547405884205134 2.0966979797685257 0.13978609372208495
v -0.25406089245677593 2.076434206029357 0.10088020368979961
v -0.2567155609013206 2.071768684939851 0.13799402387060167
v 0.16596980825839652 2.1846064622220047 -0.19087904742725625
v 0.16884114438458236 2.171880801481988 -0.23914718378635413
v 0.14688547766339263 2.1604220747967 -0.18563822396110685
v 0.14975681378957845 2.147696414056683 -0.2339063603202048
v 0.22520316432724832 2.141112850746848 -0.17588854077575417
v 0.22807450045343414 2.1283871900068316 -0.22415667713485185
v 0.2061188337322444 2.116928463321543 -0.17064771730960487
v 0.20899016985843025 2.1042028025815265 -0.21891585366870264
v 0.16961243101613116 2.1120459734136645 -0.3601952170228542
v 0.16620848979987854 2.0480528023947553 -0.4101436879418018
v 0.14948201387847254 2.0980135746732325 -0.340845266339367
v 0.1460780726622199 2.0340204036543232 -0.3907937372583146
v 0.2841721295488803 2.048753932572767 -0.2869136160695464
v 0.2807681883326277 1.9847607615538578 -0.33686208698849374
v 0.26404171241122165 2.034721533832335 -0.26756366538605914
v 0.260637771194969 1.9707283628134258 -0.3175121363050067
v 0.22592099835879476 2.137931435561844 -0.18795557486552852
v 0.22807450045343414 2.1283871900068316 -0.22415667713485185
v 0.20683666776379087 2.113747048136539 -0.1827147513993792
v 0.20899016985843025 2.1042028025815265 -0.21891585366870264
v 0.2752821284161712 2.1016867593325466 -0.17546348598927677
v 0.2774356305108106 2.0921425137775342 -0.2116645882586001
v 0.25619779782116736 2.0775023719072414 -0.17022266252312734
v 0.25835129991580674 2.067958126352229 -0.20642376479245078
v 0.16385224684760064 2.183270302102441 0.1145204393067768
v 0.16739180477366014 2.177049607316433 0.1640055328811797
v 0.14509374890686988 2.1583410072737665 0.11272836945529358
v 0.14863330683292936 2.152120312487758 0.1622134630296963
v 0.22360151437986356 2.1390180033409005 0.10468381978188918
v 0.22714107230592306 2.1327973085548924 0.1541689133562919
v 0.20484301643913277 2.1140887085122255 0.10289174993040578
v 0.20838257436519225 2.1078680137262173 0.1523768435048085
v 0.224043959120621 2.1382404164926494 0.1108694564786894
v 0.22669862756516562 2.133574895403143 0.1479832766594914
v 0.20528546117989022 2.113311121663974 0.10907738662720595
v 0.20794012962443484 2.1086456005744685 0.14619120680800812
v 0.27383501539750676 2.1013635008580316 0.10267227354128283
v 0.27648968384205136 2.0966979797685257 0.13978609372208495
v 0.25507651745677595 2.076434206029357 0.10088020368979961
v 0.2577311859013206 2.071768684939851 0.13799402387060167
v -0.27442734621081866 1.7995440754674805 -0.2773498368738868
v -0.2736464842663274 1.918181604366645 -0.23798580517839613
v -0.23200406226563935 1.8233924308916651 -0.35006689761528675
v -0.23122320032114813 1.9420299597908297 -0.3107028659197961
v -0.331821785094657 1.8099044763432386 -0.30743606468501206
v -0.33104092315016576 1.9285420052424034 -0.2680720329895216
v -0.2893985011494777 1.8337528317674234 -0.380153125426412
v -0.2886176392049865 1.952390360666588 -0.3407890937309216
v -0.2668562541011429 1.9209144887883058 -0.2500503094818181
v -0.2653438717564978 1.9874441841160382 -0.227348767783231
v -0.23125099069219532 1.9409301319519965 -0.31108067612477125
v -0.22973860834755022 2.007459827279729 -0.288379134426184
v -0.3187701706040501 1.9312702738955771 -0.27694070950006244
v -0.3047576026678382 1.9977998771708183 -0.2542392757850777
v -0.28316490719510257 1.9512859170592676 -0.3379710761430156
v -0.28165252485045744 2.0178156123870004 -0.3152695344444283
v -0.2795122418548841 1.790661055915914 -0.21835045201456138
v -0.2759977853910854 1.9132260836412756 -0.19405101633293684
v -0.26557710561580367 1.8058431519668694 -0.2969435715448221
v -0.26206264915200495 1.9284081796922308 -0.27264413586319747
v -0.3456772299090863 1.7947283798973104 -0.22929629084343378
v -0.3421627734452875 1.9172934076226718 -0.2049968551618089
v -0.3317420936700058 1.8099104759482656 -0.3078894103736944
v -0.32822763720620707 1.9324755036736272 -0.2835899746920694
v -0.2959687464821091 1.7809733313867575 -0.07846591810360293
v -0.2898677733704966 1.90547130084044 -0.06908328899437866
v -0.27756674762744415 1.790790444862798 -0.22069479428966954
v -0.27146577451583165 1.9152884143164808 -0.21131216518044527
v -0.3640704796273777 1.7849539680732636 -0.08700236784460552
v -0.3579695065157652 1.9094519375269465 -0.07761973873538103
v -0.34566848077271284 1.794771081549304 -0.22923124403067194
v -0.3395675076611003 1.9192690510029866 -0.2198486149214476
v -0.21243745509163775 2.085548332879717 -0.1917910929240663
v -0.2157487664617172 2.030799248308903 -0.3178776622154394
v -0.24985571805863055 1.9705161888148035 -0.14085935499611046
v -0.25316702942871 1.9157671042439892 -0.2669459242874834
v -0.27981073209371093 2.1045870000845843 -0.19828865810759672
v -0.2831220434637904 2.0498379155137703 -0.32437522739896973
v -0.31722899506070373 1.9895548560196712 -0.1473569201796405
v -0.3205403064307832 1.9348057714488567 -0.2734434894710135
v -0.24697984654452604 1.9826697728974125 -0.14621229358066348
v -0.25029115791460554 1.9279206883265982 -0.2722988628720365
v -0.2591438960436596 1.862914654422578 -0.09389298549214808
v -0.26245520741373907 1.8081655698517638 -0.21997955478352105
v -0.3169692475840004 1.9893203006498192 -0.14726199782477012
v -0.3202805589540799 1.9345712160790047 -0.2733485671161432
v -0.32913329708313394 1.869565182174985 -0.09494268973625469
v -0.33244460845321344 1.8148160976041705 -0.2210292590276276
v -0.23801617720698115 2.0923372809520075 0.12236750000000002
v -0.23801617720698115 2.0923372809520075 -0.1932575
v -0.30010456946749126 1.892379980081284 0.12236750000000002
v -0.30010456946749126 1.8923799800812837 -0.1932575
v -0.2812905184401974 2.105774321068088 0.12236750000000002
v -0.2812905184401974 2.105774321068088 -0.1932575
v -0.34337891070070753 1.9058170201973645 0.12236750000000007
v -0.34337891070070753 1.9058170201973645 -0.19325749999999994
v -0.21898380969649617 2.0036718391245474 0.3013162074243745
v -0.21228671299957735 2.0880366024099417 0.12355934753809183
v -0.27402374547715674 1.8366582487868444 0.21997661920454925
v -0.267326648780238 1.9210230120722385 0.04221975931826677
v -0.2848599094501913 2.022287403715375 0.30766937483960244
v -0.27816281275327254 2.106652167000769 0.12991251495331985
v -0.3086497507499499 1.8552739135166512 0.22632973384180133
v -0.3269526983802418 1.9396386508766363 0.04857308151655154
v -0.2687779263760226 1.9342766510079956 0.2270269809354467
v -0.3219828469082008 1.8844324410303854 -0.07845631659344038
v -0.2859217255992293 1.7164460253486191 0.2655552082245263
v -0.3391266461314075 1.666601815371009 -0.03992808930436076
v -0.31636836479325103 1.939341985816572 0.23448914957351752
v -0.36957328532542927 1.8894977758389615 -0.07099414795536929
v -0.3335121640164578 1.7215113601571952 0.2730173768625973
v -0.38671708454863596 1.671667150179585 -0.03246592066628973
v -0.33009085413689443 1.796451439606098 0.09794153784288112
v -0.3197753167413666 1.9275237487242025 -0.033536191742549015
v -0.34031971930186844 1.6664804552331212 -0.03243121300466434
v -0.3300041819063406 1.7975527643512257 -0.16390894259009448
v -0.3799367230665309 1.8003743658926217 0.0979415384659415
v -0.36962118567100305 1.9314466750107264 -0.03353619111948869
v -0.39016558823150493 1.670403381519645 -0.03243121238160418
v -0.37985005083597706 1.8014756906377496 -0.16390894196703415
v -0.3188356903420403 1.813999293825416 0.11684460146877101
v -0.3086088642543622 1.9456914721083776 -0.014019206031664566
v -0.359431448706453 1.7850850238742646 0.08457480101989684
v -0.34920462261877494 1.916777202157226 -0.04628900648053885
v -0.3393014257686859 1.8283739028104906 0.12971083304498426
v -0.32907459968100783 1.960066081093452 -0.0011529744554512056
v -0.3798971841330986 1.7994596328593393 0.09744103259611009
v -0.36967035804542053 1.931151811142301 -0.0334227749043256
v -0.3072292244504396 1.9427936995520234 -0.049983660810145436
v -0.31771275942884936 1.8135219327544618 -0.1810296314784314
v -0.3499602674762662 1.915205919968947 -0.019350949460992195
v -0.36044380245467594 1.785934153171385 -0.1503969201292782
v -0.3266909646531345 1.9580052124175653 -0.06343231017074147
v -0.3371744996315443 1.8287334456200033 -0.19447828083902757
v -0.36942200767896116 1.9304174328344885 -0.03279959882158834
v -0.37990554265737086 1.801145666036927 -0.16384556948987433
v 0.3181219626661869 1.93974737490845 0.23448914957351763
v 0.37132688319836515 1.8899031649308395 -0.07099414795536935
v 0.3352657618893936 1.7219167492490735 0.2730173768625973
v 0.38847068242157184 1.6720725392714633 -0.03246592066628967
v 0.2705315242489585 1.9346820400998737 0.2270269809354466
v 0.3237364447811367 1.8848378301222635 -0.07845631659344043
v 0.2876753234721652 1.7168514144404972 0.2655552082245263
v 0.34088024400434336 1.667007204462887 -0.0399280893043607
v 0.33357483635388924 1.8103097667646324 -0.3074357781495092
v 0.332793974409398 1.9289472956637967 -0.26807174645401843
v 0.29115155240870993 1.8341581221888168 -0.38015283889090923
v 0.2903706904642187 1.9527956510879814 -0.34078880719541865
v 0.27618039747005085 1.799949365888874 -0.27734955033838377
v 0.2753995355255597 1.9185868947880382 -0.2379855186428933
v 0.23375711352487158 1.8237977213130585 -0.35006661107978376
v 0.23297625158038038 1.9424352502122229 -0.3107025793842933
v 0.3205094489568901 1.9317932549928463 -0.2768937898535408
v 0.30132050408593625 1.9985266473686831 -0.25475166786740405
v 0.2849041927886147 1.9518088390095727 -0.3379241801186443
v 0.28446495794483834 2.0185424490153525 -0.3157819122899309
v 0.2685811471096078 1.9224195589623982 -0.24967291707204642
v 0.2681419122658315 1.9891531689681783 -0.22753064924333294
v 0.2329758909413323 1.9424351429791247 -0.31070330733714996
v 0.23253665609755603 2.0091687529849045 -0.2885610395084366
v 0.34743021229376114 1.7951337311536164 -0.2292961890216772
v 0.34391575582996237 1.9176987588789778 -0.20499675334005243
v 0.33349507605468065 1.8103158272045718 -0.3078893085519377
v 0.32998061959088193 1.9328808549299334 -0.28358987287031295
v 0.28126522423955896 1.7910664071722202 -0.2183503501928049
v 0.27775076777576024 1.9136314348975816 -0.19405091451118026
v 0.2673300880004785 1.8062485032231756 -0.2969434697230654
v 0.2638156315366798 1.928813530948537 -0.2726440340414408
v 0.36582407375353954 1.7853593415976186 -0.08700244544869395
v 0.35972310064192703 1.9098573110513013 -0.07761981633946957
v 0.3474220748988746 1.7951764550736586 -0.2292313216347606
v 0.3413211017872621 1.9196744245273416 -0.21984869252553615
v 0.29772234060827085 1.781378704911112 -0.07846599570769158
v 0.29162136749665835 1.905876674364795 -0.06908336659846726
v 0.2793203417536059 1.7911958183871526 -0.22069487189375805
v 0.2732193686419934 1.9156937878408355 -0.2113122427845337
v 0.28156432996664665 2.104992389176462 -0.19828865810759672
v 0.2848756413367261 2.0502433046056483 -0.3243752273989696
v 0.31898259293363945 1.9899602451115492 -0.14735692017964072
v 0.3222939043037189 1.9352111605407347 -0.2734434894710136
v 0.21419105296457347 2.085953721971595 -0.1917910929240664
v 0.21750236433465292 2.031204637400781 -0.3178776622154394
v 0.25160931593156627 1.9709215779066818 -0.14085935499611038
v 0.2549206273016457 1.9161724933358673 -0.2669459242874835
v 0.31872284545693624 1.9897256897416973 -0.14726199782477023
v 0.32203415682701575 1.9349766051708828 -0.2733485671161431
v 0.33088689495606977 1.8699705712668628 -0.09494268973625469
v 0.33419820632614927 1.8152214866960488 -0.2210292590276277
v 0.24873344441746187 1.9830751619892906 -0.1462122935806636
v 0.2520447557875414 1.9283260774184763 -0.27229886287203636
v 0.26089749391659545 1.863320043514456 -0.09389298549214803
v 0.2642088052866749 1.8085709589436418 -0.21997955478352105
v 0.28304411631313314 2.106179710159966 0.12236750000000007
v 0.28304411631313314 2.106179710159966 -0.19325749999999992
v 0.34513250857364325 1.9062224092892426 0.12236749999999996
v 0.34513250857364325 1.9062224092892426 -0.19325750000000014
v 0.23976977507991687 2.0927426700438856 0.12236750000000007
v 0.23976977507991687 2.0927426700438856 -0.1932574999999999
v 0.301858167340427 1.892785369173162 0.12236750000000013
v 0.301858167340427 1.892785369173162 -0.1932574999999999
v 0.286613507323127 2.022692792807253 0.30766937483960244
v 0.27991641062620826 2.107057556092647 0.1299125149533198
v 0.3104033486228856 1.8556793026085292 0.22632973384180144
v 0.32870629625317754 1.9400440399685142 0.048573081516551486
v 0.2207374075694319 2.0040772282164254 0.3013162074243746
v 0.21404031087251307 2.0884419915018197 0.12355934753809183
v 0.27577734335009246 1.8370636378787224 0.21997661920454947
v 0.2690802466531737 1.9214284011641167 0.04221975931826677
v 0.3816896978661052 1.8007797059479211 0.09794153846593362
v 0.37137416047057736 1.9318520150660259 -0.03353619111949646
v 0.3919185630310792 1.6708087215749443 -0.03243121238161195
v 0.3816030256355513 1.8018810306930488 -0.16390894196704203
v 0.3318438289364687 1.7968567796613975 0.09794153784287335
v 0.32152829154094087 1.927929088779502 -0.03353619174255684
v 0.3420726941014427 1.6668857952884206 -0.03243121300467222
v 0.3317571567059149 1.7979581044065251 -0.1639089425901024
v 0.125 2.1047762608503575 -0.3758113618519504
v 0.125 2.1382610611823027 -0.4566508209466881
v 0.125 1.8882419954180245 -0.46550279131251837
v 0.125 1.9217267957499697 -0.546342250407256
v -0.125 2.1047762608503575 -0.3758113618519504
v -0.125 2.1382610611823027 -0.4566508209466881
v -0.125 1.8882419954180245 -0.46550279131251837
v -0.125 1.9217267957499697 -0.546342250407256
v -0.0875815823011065 2.1044307551280395 -0.379710261591518
v -0.1245606802034177 2.134778290416249 -0.4529756928689094
v -0.0875815823011065 1.8936707367739023 -0.46700991959980404
v -0.1245606802034177 1.9240182720621117 -0.5402753508771954
v -0.2801719870463946 2.070063341144131 -0.29673998464787543
v -0.3171510849487058 2.1004108764323406 -0.37000541592526687
v -0.2801719870463946 1.8593033227899936 -0.38403964265616136
v -0.3171510849487058 1.8896508580782032 -0.4573050739335527
v 0.2801719870463946 2.070063341144131 -0.29673998464787543
v 0.3171510849487058 2.1004108764323406 -0.37000541592526687
v 0.2801719870463946 1.8593033227899936 -0.38403964265616136
v 0.3171510849487058 1.8896508580782032 -0.4573050739335527
v 0.0875815823011065 2.1044307551280395 -0.379710261591518
v 0.1245606802034177 2.134778290416249 -0.4529756928689094
v 0.0875815823011065 1.8936707367739023 -0.46700991959980404
v 0.1245606802034177 1.9240182720621117 -0.5402753508771954
v -0.2801719870463946 2.023869364518567 -0.3158741562661299
v -0.29602017186167084 2.0368754510706566 -0.3472736268135835
v -0.2801719870463946 1.905497299415558 -0.36490547103790694
v -0.29602017186167084 1.918503385967648 -0.39630494158536045
v -0.29150083438435276 2.0218477519312783 -0.3109935517400332
v -0.307349019199629 2.034853838483368 -0.3423930222874867
v -0.29150083438435276 1.9034756868282694 -0.36002486651181026
v -0.307349019199629 1.9164817733803592 -0.3914243370592638
v 0.29150083438435276 2.0218477519312783 -0.3109935517400332
v 0.307349019199629 2.034853838483368 -0.3423930222874867
v 0.29150083438435276 1.9034756868282694 -0.36002486651181026
v 0.307349019199629 1.9164817733803592 -0.3914243370592638
v 0.2801719870463946 2.023869364518567 -0.3158741562661299
v 0.29602017186167084 2.0368754510706566 -0.3472736268135835
v 0.2801719870463946 1.905497299415558 -0.36490547103790694
v 0.29602017186167084 1.918503385967648 -0.39630494158536045
v -0.3206216962206302 1.983489423261546 -0.2364673018778933
v -0.2798365154972965 2.0270572696103364 -0.38087116019855316
v -0.35169201492132496 1.9023626388682524 -0.27617168504663303
v -0.2941756407514715 1.9365282671706479 -0.4122344321774135
v -0.3275959902119393 1.996918620513889 -0.27175009948716344
v -0.2917604731390259 2.0298235409723002 -0.383404335460989
v -0.3633118777918092 1.906966774996995 -0.2759673544985019
v -0.30609959839320094 1.9392945385326124 -0.4147676074398494
v -0.012384382316398851 1.8999950708116897 0.38044906588337446
v 0.15128388424208367 1.9091487131923195 0.3737101298279536
v -0.007249666141664002 1.8034686633946397 0.3740418054732888
v 0.15641860041681854 1.8126223057752702 0.36730286941786794
v 0.0040138963357054525 1.899197751625131 0.3929112423894642
v 0.15184160643798283 1.9083511708074645 0.3861721871258704
v -0.0026829405549031182 1.8026711204563552 0.3865037395478994
v 0.1569763226127177 1.811824763390415 0.37976492671578477
v 0.15128395219974305 1.909148898052555 0.3737103667571319
v 0.2995906522376271 1.9528986052461987 0.3037435918868422
v 0.15641854122384924 1.812622168389234 0.36730307341198065
v 0.3197232547161194 1.8584429714443542 0.29615562868616263
v 0.1518417465419717 1.9083513200359576 0.3861719159001896
v 0.3047381766819475 1.9530808099616601 0.31513305164298466
v 0.15697633556607787 1.8118245903726367 0.3797646225550384
v 0.32487077916043977 1.8586251761598154 0.307545088442305
v 0.2995907084155967 1.9528984150632605 0.3037434291862321
v 0.32017068876842514 1.9753555234540487 0.12699038746361158
v 0.31972316418572255 1.858442950470404 0.29615559584250106
v 0.34788374590828197 1.8829884585236414 0.1177666460803683
v 0.3047383587499513 1.9530806711125213 0.31513306914098826
v 0.33196426299643617 1.9786421390456805 0.12951224489043728
v 0.32487081452007716 1.8586252065196653 0.30754523579725723
v 0.359677320136293 1.8862750741152736 0.12028850350719411
v 0.3201703614692683 1.9753556986280436 0.12699032172477187
v 0.31597678513710925 1.992314946793115 -0.2719540514345346
v 0.34788389327243036 1.882988847659329 0.11776655057899355
v 0.3516922808818887 1.902362840661862 -0.2761715852229496
v 0.3319645738588954 1.978642126340054 0.12951230091448496
v 0.3275962540324288 1.9969188937592877 -0.27175005407334374
v 0.35967752468861264 1.8862750451739911 0.12028851956883868
v 0.36331174977720826 1.9069667876280345 -0.2759675878617586
v 0.3206216962206302 1.983489423261546 -0.2364673018778933
v 0.2798365154972965 2.0270572696103364 -0.38087116019855316
v 0.35169201492132496 1.9023626388682524 -0.27617168504663303
v 0.2941756407514715 1.9365282671706479 -0.4122344321774135
v 0.3275959902119393 1.996918620513889 -0.27175009948716344
v 0.2917604731390259 2.0298235409723002 -0.383404335460989
v 0.3633118777918092 1.906966774996995 -0.2759673544985019
v 0.30609959839320094 1.9392945385326124 -0.4147676074398494
v -0.35226679828531904 1.9879977143432652 0.12916353778926448
v -0.3157393954729909 1.992057256549741 -0.2684683070334428
v -0.37961411417100466 1.8954505592428597 0.12068407119629682
v -0.3514548921818798 1.902105150634977 -0.2726858372747597
v -0.36420942243633964 1.9913932315110119 0.13061564783407797
v -0.32731368848770404 1.9966943279788334 -0.2693533549254003
v -0.39155615960737444 1.8988458445570346 0.12213622549350472
v -0.3630291851965929 1.9067422220640693 -0.2735708851667171
v -0.3316539112207514 1.9586458968717757 0.3172739251192902
v -0.3514126590015106 1.9910112159064273 0.12666150771242973
v -0.35317125000623056 1.87249251454003 0.3185390740483802
v -0.3791257178197078 1.8986441507929155 0.11743777320544141
v -0.3383392723770235 1.9671315768169844 0.3379622985913987
v -0.36420927710602213 1.9913932178233629 0.1306158750287958
v -0.3584754561697757 1.8726156222555979 0.3309914165136044
v -0.391556104326899 1.8988458794298526 0.1221364374482875
v -0.1503525449184155 1.908918129236121 0.37411051635005044
v -0.3316543472713397 1.9586457368001509 0.31727386360998067
v -0.15334870348247645 1.8120433723489415 0.36636174297215696
v -0.3517869533270813 1.864190102818809 0.30968591213497376
v -0.14861709874942713 1.9076195003589433 0.3867247176485683
v -0.3383392860651513 1.9671314697897226 0.3379621647190816
v -0.1516132573134881 1.8107447434717634 0.3789759442706747
v -0.3584758188574543 1.8726155772340098 0.33099110879891314
v 0.012384382316398851 1.8999950708116897 0.38044906588337446
v -0.15128388424208367 1.9091487131923195 0.3737101298279536
v 0.007249666141664002 1.8034686633946397 0.3740418054732888
v -0.15641860041681854 1.8126223057752702 0.36730286941786794
v 0.003798616354932255 1.899197422628138 0.3929110477461819
v -0.15184160643798283 1.9083511708074645 0.3861721871258704
v -0.0020045991384623763 1.8026708116783148 0.38650394788471043
v -0.1569763226127177 1.811824763390415 0.37976492671578477
v 0.3012977266497122 2.0751592300591906 0.22997571134067296
v 0.3657562898764937 1.8364797746941812 0.19286491488732815
v 0.29040325874277667 2.091412914773102 0.106516696674892
v 0.3548618219695582 1.8527334594080926 0.06940590022154725
v 0.27046492253912335 2.0677245304299277 0.22423807660210926
v 0.3349234857659049 1.8290450750649185 0.18712728014876434
v 0.31438432860656795 2.097195458929195 0.11097930147155283
v 0.3788428918333495 1.858516003564186 0.07386850501820785
v 0.2945079913437045 2.0636120384269097 0.3145660198878941
v 0.35530678191835346 1.8317795334151032 0.2434520502011257
v 0.27923410370995944 2.0963164179843163 0.19489091005165105
v 0.3400328942846084 1.86448391297251 0.12377694036488268
v 0.26341636486361486 2.057149569726599 0.3090520121428355
v 0.3242151554382638 1.8253170647147925 0.2379380424560671
v 0.3034164798611403 2.1013427825290028 0.19917958274225211
v 0.3642152704357893 1.8695102775171963 0.12806561305548375
v -0.16131562499999993 2.0300537174989164 -0.35060509415931573
v 0.1683718750000001 2.0300537174989164 -0.35060509415931596
v -0.16131562499999993 1.8417830270836764 -0.4081716882531907
v 0.1683718750000001 1.8417830270836764 -0.4081716882531907
v -0.16131562499999996 2.0515269708513935 -0.42083305010785743
v 0.16837187500000006 2.0515269708513935 -0.42083305010785765
v -0.16131562499999996 1.8632562804361532 -0.47839964420173237
v 0.16837187500000006 1.8632562804361534 -0.4783996442017326
v 0.21917699191588297 2.0470296244349413 0.3181458757808837
v 0.27943562923761045 2.0388387099686467 0.28958076236286356
v 0.21917699191588297 1.97193105443976 0.3396800442040868
v 0.27943562923761045 1.9637401399734655 0.31111493078606656
v 0.1970625574049329 2.0346690428859207 0.27503940515255565
v 0.2573211947266604 2.026478128419626 0.2464742917345355
v 0.1970625574049329 1.9595704728907393 0.29657357357575875
v 0.2573211947266604 1.951379558424445 0.2680084601577385
v -0.13578857151363685 2.0728995398575565 0.29499139003217767
v -0.1960472088353643 2.0647086253912623 0.2664262766141574
v -0.13578857151363685 1.967761541864303 0.3251392258246619
v -0.1960472088353643 1.9595706273980087 0.29657411240664167
v -0.15790300602458693 2.085260121406577 0.33809786066050573
v -0.21816164334631435 2.077069206940283 0.3095327472424856
v -0.15790300602458693 1.9801221234133235 0.36824569645299
v -0.21816164334631435 1.9719312089470293 0.3396805830349696
v -0.1960472088353643 2.03466919739319 0.2750399439834387
v -0.25630584615709173 2.0264782829268957 0.2464748305654183
v -0.1960472088353643 1.9595706273980087 0.29657411240664167
v -0.25630584615709173 1.951379712931714 0.2680089989886214
v -0.21816164334631435 2.0470297789422105 0.3181464146117665
v -0.2784202806680418 2.0388388644759163 0.28958130119374637
v -0.21816164334631435 1.9719312089470293 0.3396805830349696
v -0.2784202806680418 1.963740294480735 0.31111546961694936
v 0.15891835459415551 2.0852599668993075 0.3380973218296227
v 0.21917699191588297 2.0770690524330133 0.30953220841160245
v 0.15891835459415551 1.9801219689060543 0.3682451576221071
v 0.21917699191588297 1.97193105443976 0.3396800442040868
v 0.13680392008320547 2.0728993853502873 0.29499085120129487
v 0.1970625574049329 2.064708470883993 0.2664257377832746
v 0.13680392008320547 1.9677613873570337 0.3251386869937791
v 0.1970625574049329 1.9595704728907393 0.29657357357575875
v -0.226303687048934 2.0449768657506553 0.12236749999999957
v -0.12217606113570939 2.12487680330805 0.12236749999999952
v -0.226303687048934 2.0449768657506553 -0.19325750000000003
v -0.12217606113570939 2.12487680330805 -0.1932575000000002
v -0.2719607942245881 2.104478366272498 0.12236749999999957
v -0.16783316831136344 2.1843783038298925 0.12236749999999957
v -0.2719607942245881 2.1044783662724975 -0.19325750000000014
v -0.16783316831136344 2.1843783038298925 -0.19325750000000014
v -0.16393687500000004 2.110901875 0.12236687499999988
v 0.167313125 2.110901875 0.12236687499999988
v -0.16393687500000004 2.110901875 -0.193258125
v 0.167313125 2.110901875 -0.193258125
v -0.16393687500000004 2.1859018749999994 0.12236687499999976
v 0.167313125 2.1859018749999994 0.12236687499999976
v -0.16393687500000004 2.1859018749999994 -0.19325812499999995
v 0.167313125 2.1859018749999994 -0.19325812499999995
v 0.16682687500000007 2.1155534848971547 0.13293178193331967
v -0.16286062499999998 2.1155534848971547 0.13293178193331967
v 0.16682687500000007 2.0307966127130213 0.31062825978969866
v -0.16286062499999998 2.0307966127130213 0.31062825978969866
v 0.16682687500000007 2.1832473812233943 0.16522011419394178
v -0.16286062499999998 2.183247381223394 0.16522011419394178
v 0.16682687500000007 2.098490509039261 0.342916592050321
v -0.162860625 2.098490509039261 0.342916592050321
v 0.1664550000000001 1.9822515274974002 0.3176347081157097
v -0.15854500000000007 1.9822515274974002 0.3176347081157097
v 0.1664550000000001 1.7182292454951655 0.322243234190555
v -0.15854500000000007 1.7182292454951655 0.322243234190555
v 0.1664550000000001 1.9832604947445556 0.37543840299193865
v -0.15854500000000007 1.9832604947445556 0.37543840299193865
v 0.1664550000000001 1.719238212742321 0.38004692906678383
v -0.15854500000000007 1.719238212742321 0.38004692906678383
v -0.16341562499999998 2.0738447884201787 -0.30016793967465283
v 0.16783437499999995 2.0738447884201787 -0.30016793967465283
v -0.16341562499999998 2.006356614672615 -0.3533713259434666
v 0.16783437499999995 2.006356614672615 -0.3533713259434666
v -0.16341562499999998 2.1193095003226197 -0.35783965178620764
v 0.16783437499999995 2.1193095003226197 -0.35783965178620764
v -0.16341562499999998 2.0518213265750553 -0.4110430380550212
v 0.16783437499999995 2.0518213265750553 -0.4110430380550212
v -0.16131562499999993 2.0300537174989164 -0.3412300941593159
v 0.1683718750000001 2.0300537174989164 -0.3412300941593161
v -0.16131562499999993 1.8417830270836764 -0.3987966882531907
v 0.1683718750000001 1.8417830270836764 -0.3987966882531907
v -0.16131562499999996 2.0515269708513935 -0.41145805010785746
v 0.16837187500000006 2.0515269708513935 -0.41145805010785763
v -0.16131562499999996 1.8632562804361534 -0.4690246442017324
v 0.16837187500000006 1.8632562804361534 -0.4690246442017326
v 0.16751437500000002 2.111255964456036 0.11680864613225511
v -0.163735625 2.111255964456036 0.11680864613225511
v 0.16751437500000002 2.108204194901885 0.16045207865753075
v -0.163735625 2.108204194901885 0.16045207865753075
v 0.16751437500000002 2.1860732773565097 0.12204025108222771
v -0.163735625 2.1860732773565097 0.12204025108222771
v 0.16751437500000002 2.183021507802359 0.1656836836075034
v -0.163735625 2.183021507802359 0.1656836836075034
v -0.164011875 2.1138270250833537 -0.17899150961240112
v 0.16723812500000004 2.1138270250833537 -0.17899150961240112
v -0.164011875 2.1060754096461816 -0.21887011393996286
v 0.16723812500000004 2.1060754096461816 -0.21887011393996286
v -0.16401187500000003 2.1874490638419286 -0.193302184265642
v 0.16723812500000002 2.1874490638419286 -0.193302184265642
v -0.16401187500000003 2.1796974484047564 -0.23318078859320374
v 0.16723812500000002 2.1796974484047564 -0.23318078859320374
v -0.16394375 2.1135406276185913 -0.2005327188675435
v 0.16730625000000005 2.1135406276185913 -0.2005327188675435
v -0.16394375 2.0524467632960954 -0.32719340877228253
v 0.16730625000000005 2.0524467632960954 -0.32719340877228253
v -0.16394375000000003 2.179685654568844 -0.23243729245818046
v 0.16730625000000002 2.179685654568844 -0.23243729245818046
v -0.16394375000000003 2.118591790246348 -0.3590979823629193
v 0.16730625000000002 2.118591790246348 -0.3590979823629193
v 0.1644918750000001 2.0819215078105517 0.2869952341045976
v -0.16050812500000008 2.0819215078105517 0.2869952341045976
v 0.1644918750000001 1.9677716814178763 0.3197271701078662
v -0.16050812500000008 1.9677716814178763 0.3197271701078662
v 0.1644918750000001 2.0978567924437224 0.3425681759010317
v -0.16050812500000008 2.0978567924437224 0.3425681759010316
v 0.1644918750000001 1.9837069660510467 0.37530011190430046
v -0.16050812500000008 1.9837069660510467 0.37530011190430046
v -0.11721710691305146 2.1282967194746476 0.13975467499996785
v -0.22630319120309636 2.0527460921929763 0.10371887430661259
v -0.11721710691305146 2.043539847290514 0.3174511528563466
v -0.22630319120309636 1.967989220008843 0.2814153521629915
v -0.1628742140887055 2.1820018982423983 0.16537073125136548
v -0.2719602983787504 2.106451270960727 0.12933493055801049
v -0.1628742140887055 2.097245026058265 0.3430672091077447
v -0.2719602983787504 2.0216943987765936 0.30703140841438914
v 0.27375242470048133 2.1044788621183352 0.12236749999999946
v 0.16962479878725667 2.18437879967573 0.12236749999999952
v 0.27375242470048133 2.1044788621183352 -0.19325750000000025
v 0.16962479878725667 2.18437879967573 -0.1932575000000002
v 0.22809531752482726 2.0449773615964926 0.12236749999999957
v 0.12396769161160262 2.1248772991538876 0.12236749999999952
v 0.22809531752482726 2.0449773615964926 -0.1932575
v 0.12396769161160262 2.124877299153887 -0.19325750000000025
v 0.16466584456459876 2.182002345785554 0.165370944718501
v 0.27375192885464367 2.106451718503883 0.12933514402514584
v 0.16466584456459876 2.0972454736014217 0.34306742257488
v 0.27375192885464367 2.02169484631975 0.30703162188152455
v 0.11900873738894471 2.128297167017804 0.13975488846710327
v 0.22809482167898962 2.0527465397361326 0.10371908777374794
v 0.11900873738894471 2.043540294833671 0.31745136632348225
v 0.22809482167898962 1.9679896675519992 0.2814155656301268
v 0.2737519288546436 2.1037610241488314 -0.1974763020523327
v 0.16838468834721393 2.176736061864082 -0.2322836095402328
v 0.2737519288546436 2.043220401160165 -0.3244023576640321
v 0.16838468834721393 2.1161954388754154 -0.3592096651519319
v 0.22809482167898953 2.0500558453810807 -0.17186024580093498
v 0.12272758117155985 2.123030883096331 -0.20666755328883502
v 0.22809482167898953 1.9895152223924142 -0.2987863014126342
v 0.12272758117155985 2.0624902601076647 -0.33359360890053413
v -0.24117881831259885 2.0032496668684745 -0.2636376433759266
v -0.11721735889209334 2.0310597632385887 -0.35460036990841
v -0.24117881831259885 1.8149771680382525 -0.321198322743215
v -0.11721735889209334 1.8427872644083665 -0.41216104927569847
v -0.2868359254882529 2.0206462220096064 -0.3205392113119016
v -0.16287446606774736 2.0484563183797206 -0.411501937844385
v -0.2868359254882529 1.8323737231793844 -0.37809989067919003
v -0.16287446606774736 1.8601838195494984 -0.46906261721167347
v 0.28862755596414597 2.0206463669808996 -0.3205396854916343
v 0.16466609654364045 2.0484564633510134 -0.41150241202411764
v 0.28862755596414597 1.8323738681506772 -0.3781003648589231
v 0.16466609654364045 1.8601839645207912 -0.46906309139140634
v 0.24297044878849192 2.0032498118397677 -0.2636381175556593
v 0.11900898936798643 2.0310599082098815 -0.35460084408814263
v 0.24297044878849192 1.8149773130095452 -0.3211987969229479
v 0.11900898936798643 1.8427874093796592 -0.41216152345543117
v -0.12401476389270405 1.979843817296445 0.3189801584664955
v -0.26355877682965156 1.9840839474542267 0.26412134194901926
v -0.1312357441494928 1.7158879011400292 0.31694652221381736
v -0.2707797570864403 1.7201280312978109 0.2620877056963413
v -0.1451623175832242 1.980007803438257 0.3727857273019036
v -0.2847063305201717 1.9842479335960388 0.3179269107844276
v -0.15238329784001292 1.7160518872818415 0.3707520910492257
v -0.29192731077696044 1.7202920174396232 0.31589327453174953
v 0.14695396396102214 1.9800078016654337 0.37278514562007836
v 0.28649797689796963 1.9842479318232153 0.3179263291026023
v 0.15417494421781086 1.7160518855090183 0.3707515093674003
v 0.2937189571547584 1.7202920156668 0.3158926928499245
v 0.125806410270502 1.9798438155236218 0.31897957678467026
v 0.2653504232074495 1.9840839456814034 0.2641207602671942
v 0.1330273905272907 1.7158878993672062 0.3169459405319922
v 0.27257140346423825 1.720128029524988 0.26208712401451606
v -0.22630319120309628 2.0500553978379243 -0.17186003233379965
v -0.1209359506956666 2.123030435553175 -0.20666733982169969
v -0.22630319120309628 1.9895147748492577 -0.29878608794549866
v -0.1209359506956666 2.0624898125645084 -0.3335933954333987
v -0.27196029837875035 2.103760576605675 -0.19747608858519733
v -0.16659305787132067 2.1767356143209255 -0.23228339607309748
v -0.27196029837875035 2.0432199536170086 -0.3244021441968966
v -0.16659305787132067 2.116194991332259 -0.35920945168479657
v -0.2283166581517983 1.9919699002771607 0.301491907219963
v -0.2522223534082795 1.993234657338163 0.22221499834902558
v -0.2357940739668567 1.7186427696137117 0.29938612891620586
v -0.2596997692233379 1.7199075266747141 0.22010922004526867
v -0.2836453759950477 1.9933548198248043 0.3181981975298629
v -0.30755107125152886 1.9946195768858068 0.2389212886589256
v -0.2911227918101061 1.7200276891613555 0.31609241922610576
v -0.31502848706658726 1.7212924462223578 0.23681551035516857
v 0.2846610009950479 1.9933548198248043 0.3181981975298629
v 0.308566696251529 1.9946195768858068 0.2389212886589257
v 0.29213841681010627 1.7200276891613555 0.31609241922610576
v 0.31604411206658745 1.7212924462223578 0.23681551035516857
v 0.2293322831517985 1.9919699002771607 0.301491907219963
v 0.25323797840827966 1.993234657338163 0.2222149983490257
v 0.23680969896685689 1.7186427696137119 0.2993861289162061
v 0.26071539422333806 1.7199075266747141 0.22010922004526867
v 0.3409756625656763 1.8292007908394068 0.1295410456694357
v 0.33074883647799824 1.9608929691223684 -0.0013227618309997746
v 0.3815714209300891 1.8002865208882555 0.0972712452205613
v 0.37134459484241106 1.931978699171217 -0.03359256227987417
v 0.32050992713903065 1.8148261818543319 0.11667481409322239
v 0.3102831010513526 1.9465183601372935 -0.01418899340721308
v 0.36110568550344346 1.7859119119031805 0.08440501364434805
v 0.3508788594157654 1.9176040901861422 -0.04645879385608742
v 0.3283652014501247 1.9588321004464813 -0.06360209754629009
v 0.3388487364285344 1.8295603336489197 -0.19464806821457614
v 0.37109624447595146 1.931244320863405 -0.03296938619713685
v 0.38157977945436117 1.8019725540658431 -0.1640153568654228
v 0.3089034612474298 1.9436205875809398 -0.050153448185693894
v 0.31938699622583955 1.814348820783378 -0.18119941885397978
v 0.35163450427325654 1.9160328079978632 -0.01952073683654071
v 0.3621180392516663 1.7867610412003012 -0.15056670750482654
v -0.2507484119498012 2.0067917276284493 0.306705344318168
v -0.2816886856932645 1.7968554556067842 0.3179174427089746
v -0.330118053231555 2.0191421616456386 0.3189319269311772
v -0.36105832697501833 1.8092058896239738 0.3301440253219836
v -0.2762098468176596 2.001976608435033 0.14628470985482045
v -0.3071501205611229 1.7920403364133684 0.15749680824562684
v -0.3555794880994134 2.014327042452223 0.15851129246782958
v -0.38651976184287673 1.8043907704305577 0.1697233908586362
vt 0.16015625 0.46875
vt 0.15625 0.46875
vt 0.15625 0.45703125
vt 0.16015625 0.45703125
vt 0.20703125 0.45703125
vt 0.20703125 0.46875
vt 0.203125 0.46875
vt 0.203125 0.45703125
vt 0.5 0.54296875
vt 0.5234375 0.54296875
vt 0.5234375 0.546875
vt 0.5 0.546875
vt 0.53125 0.94921875
vt 0.53125 0.953125
vt 0.5078125 0.953125
vt 0.5078125 0.94921875
vt 0.265625 0.93359375
vt 0.265625 0.9453125
vt 0.2421875 0.9453125
vt 0.2421875 0.93359375
vt 0.3984375 0.90625
vt 0.375 0.90625
vt 0.375 0.89453125
vt 0.3984375 0.89453125
vt 0.48828125 0.9375
vt 0.46875 0.9375
vt 0.46875 0.9296875
vt 0.48828125 0.9296875
vt 0.37109375 0.5234375
vt 0.37109375 0.53125
vt 0.3515625 0.53125
vt 0.3515625 0.5234375
vt 0.5078125 0.51171875
vt 0.51171875 0.51171875
vt 0.51171875 0.53125
vt 0.5078125 0.53125
vt 0.51171875 0.48046875
vt 0.51171875 0.5
vt 0.5078125 0.5
vt 0.5078125 0.48046875
vt 0.39453125 0.453125
vt 0.39453125 0.4609375
vt 0.390625 0.4609375
vt 0.390625 0.453125
vt 0.54296875 0.609375
vt 0.5390625 0.609375
vt 0.5390625 0.6015625
vt 0.54296875 0.6015625
vt 0.40234375 0.53125
vt 0.3828125 0.53125
vt 0.3828125 0.5234375
vt 0.40234375 0.5234375
vt 0.48828125 0.5390625
vt 0.48828125 0.546875
vt 0.46875 0.546875
vt 0.46875 0.5390625
vt 0.046875 0.46484375
vt 0.05078125 0.46484375
vt 0.05078125 0.484375
vt 0.046875 0.484375
vt 0.51953125 0.63671875
vt 0.51953125 0.65625
vt 0.515625 0.65625
vt 0.515625 0.63671875
vt 0.54296875 0.5625
vt 0.54296875 0.5703125
vt 0.5390625 0.5703125
vt 0.5390625 0.5625
vt 0.44921875 0.4609375
vt 0.4453125 0.4609375
vt 0.4453125 0.453125
vt 0.44921875 0.453125
vt 0.3828125 0.5234375
vt 0.3828125 0.53125
vt 0.40234375 0.53125
vt 0.40234375 0.5234375
vt 0.46875 0.546875
vt 0.48828125 0.546875
vt 0.48828125 0.5390625
vt 0.46875 0.5390625
vt 0.05078125 0.484375
vt 0.05078125 0.46484375
vt 0.046875 0.46484375
vt 0.046875 0.484375
vt 0.515625 0.65625
vt 0.51953125 0.65625
vt 0.51953125 0.63671875
vt 0.515625 0.63671875
vt 0.5390625 0.5703125
vt 0.54296875 0.5703125
vt 0.54296875 0.5625
vt 0.5390625 0.5625
vt 0.4453125 0.453125
vt 0.4453125 0.4609375
vt 0.44921875 0.4609375
vt 0.44921875 0.453125
vt 0.46875 0.9296875
vt 0.46875 0.9375
vt 0.48828125 0.9375
vt 0.48828125 0.9296875
vt 0.3515625 0.53125
vt 0.37109375 0.53125
vt 0.37109375 0.5234375
vt 0.3515625 0.5234375
vt 0.51171875 0.53125
vt 0.51171875 0.51171875
vt 0.5078125 0.51171875
vt 0.5078125 0.53125
vt 0.5078125 0.5
vt 0.51171875 0.5
vt 0.51171875 0.48046875
vt 0.5078125 0.48046875
vt 0.390625 0.4609375
vt 0.39453125 0.4609375
vt 0.39453125 0.453125
vt 0.390625 0.453125
vt 0.5390625 0.6015625
vt 0.5390625 0.609375
vt 0.54296875 0.609375
vt 0.54296875 0.6015625
vt 0.501953125 0.46875
vt 0.4921875 0.46875
vt 0.4921875 0.46484375
vt 0.501953125 0.46484375
vt 0.009765625 0.45703125
vt 0.009765625 0.4609375
vt 0 0.4609375
vt 0 0.45703125
vt 0.4296875 0.748046875
vt 0.44921875 0.748046875
vt 0.44921875 0.7578125
vt 0.4296875 0.7578125
vt 0.44921875 0.630859375
vt 0.44921875 0.640625
vt 0.4296875 0.640625
vt 0.4296875 0.630859375
vt 0.52734375 0.55859375
vt 0.52734375 0.5625
vt 0.5078125 0.5625
vt 0.5078125 0.55859375
vt 0.53515625 0.625
vt 0.515625 0.625
vt 0.515625 0.62109375
vt 0.53515625 0.62109375
vt 0.552734375 0.4609375
vt 0.546875 0.4609375
vt 0.546875 0.45703125
vt 0.552734375 0.45703125
vt 0.005859375 0.44140625
vt 0.005859375 0.4453125
vt 0 0.4453125
vt 0 0.44140625
vt 0.3046875 0.916015625
vt 0.314453125 0.916015625
vt 0.314453125 0.921875
vt 0.3046875 0.921875
vt 0.533203125 0.580078125
vt 0.533203125 0.5859375
vt 0.5234375 0.5859375
vt 0.5234375 0.580078125
vt 0.548828125 0.99609375
vt 0.548828125 1
vt 0.5390625 1
vt 0.5390625 0.99609375
vt 0.548828125 0.984375
vt 0.5390625 0.984375
vt 0.5390625 0.98046875
vt 0.548828125 0.98046875
vt 0.55859375 0.578125
vt 0.5546875 0.578125
vt 0.5546875 0.57421875
vt 0.55859375 0.57421875
vt 0.44140625 0.44140625
vt 0.44140625 0.4453125
vt 0.4375 0.4453125
vt 0.4375 0.44140625
vt 0.4609375 0.45703125
vt 0.46875 0.45703125
vt 0.46875 0.4609375
vt 0.4609375 0.4609375
vt 0.546875 0.49609375
vt 0.546875 0.5
vt 0.5390625 0.5
vt 0.5390625 0.49609375
vt 0.5234375 0.45703125
vt 0.5234375 0.4609375
vt 0.515625 0.4609375
vt 0.515625 0.45703125
vt 0.5390625 0.4609375
vt 0.53125 0.4609375
vt 0.53125 0.45703125
vt 0.5390625 0.45703125
vt 0.560546875 0.93359375
vt 0.560546875 0.9375
vt 0.5546875 0.9375
vt 0.5546875 0.93359375
vt 0.560546875 0.921875
vt 0.5546875 0.921875
vt 0.5546875 0.91796875
vt 0.560546875 0.91796875
vt 0.533203125 0.525390625
vt 0.533203125 0.53125
vt 0.5234375 0.53125
vt 0.5234375 0.525390625
vt 0.5234375 0.509765625
vt 0.533203125 0.509765625
vt 0.533203125 0.515625
vt 0.5234375 0.515625
vt 0.548828125 0.96875
vt 0.5390625 0.96875
vt 0.5390625 0.96484375
vt 0.548828125 0.96484375
vt 0.548828125 0.94921875
vt 0.548828125 0.953125
vt 0.5390625 0.953125
vt 0.5390625 0.94921875
vt 0.45703125 0.44140625
vt 0.45703125 0.4453125
vt 0.453125 0.4453125
vt 0.453125 0.44140625
vt 0.55859375 0.5
vt 0.5546875 0.5
vt 0.5546875 0.49609375
vt 0.55859375 0.49609375
vt 0.03125 0.44921875
vt 0.03125 0.453125
vt 0.0234375 0.453125
vt 0.0234375 0.44921875
vt 0.0390625 0.44921875
vt 0.046875 0.44921875
vt 0.046875 0.453125
vt 0.0390625 0.453125
vt 0.0625 0.453125
vt 0.0546875 0.453125
vt 0.0546875 0.44921875
vt 0.0625 0.44921875
vt 0.1171875 0.44921875
vt 0.1171875 0.453125
vt 0.109375 0.453125
vt 0.109375 0.44921875
vt 0.560546875 0.90234375
vt 0.560546875 0.90625
vt 0.5546875 0.90625
vt 0.5546875 0.90234375
vt 0.560546875 0.890625
vt 0.5546875 0.890625
vt 0.5546875 0.88671875
vt 0.560546875 0.88671875
vt 0.5234375 0.4765625
vt 0.5234375 0.470703125
vt 0.533203125 0.470703125
vt 0.533203125 0.4765625
vt 0.541015625 0.9375
vt 0.53125 0.9375
vt 0.53125 0.931640625
vt 0.541015625 0.931640625
vt 0.548828125 0.84375
vt 0.5390625 0.84375
vt 0.5390625 0.83984375
vt 0.548828125 0.83984375
vt 0.181640625 0.45703125
vt 0.181640625 0.4609375
vt 0.171875 0.4609375
vt 0.171875 0.45703125
vt 0.548828125 0.82421875
vt 0.548828125 0.828125
vt 0.5390625 0.828125
vt 0.5390625 0.82421875
vt 0.548828125 0.8125
vt 0.5390625 0.8125
vt 0.5390625 0.80859375
vt 0.548828125 0.80859375
vt 0.4296875 0.6171875
vt 0.4296875 0.607421875
vt 0.44921875 0.607421875
vt 0.44921875 0.6171875
vt 0.45703125 1
vt 0.4375 1
vt 0.4375 0.990234375
vt 0.45703125 0.990234375
vt 0.49609375 0.484375
vt 0.4765625 0.484375
vt 0.4765625 0.48046875
vt 0.49609375 0.48046875
vt 0.01953125 0.47265625
vt 0.01953125 0.4765625
vt 0 0.4765625
vt 0 0.47265625
vt 0.51171875 0.44140625
vt 0.51171875 0.4453125
vt 0.5078125 0.4453125
vt 0.5078125 0.44140625
vt 0.52734375 0.4453125
vt 0.5234375 0.4453125
vt 0.5234375 0.44140625
vt 0.52734375 0.44140625
vt 0.125 0.453125
vt 0.125 0.44921875
vt 0.1328125 0.44921875
vt 0.1328125 0.453125
vt 0.1484375 0.453125
vt 0.140625 0.453125
vt 0.140625 0.44921875
vt 0.1484375 0.44921875
vt 0.2265625 0.453125
vt 0.21875 0.453125
vt 0.21875 0.44921875
vt 0.2265625 0.44921875
vt 0.2421875 0.44921875
vt 0.2421875 0.453125
vt 0.234375 0.453125
vt 0.234375 0.44921875
vt 0.560546875 0.875
vt 0.5546875 0.875
vt 0.5546875 0.87109375
vt 0.560546875 0.87109375
vt 0.560546875 0.85546875
vt 0.560546875 0.859375
vt 0.5546875 0.859375
vt 0.5546875 0.85546875
vt 0.541015625 0.921875
vt 0.53125 0.921875
vt 0.53125 0.916015625
vt 0.541015625 0.916015625
vt 0.53125 0.90625
vt 0.53125 0.900390625
vt 0.541015625 0.900390625
vt 0.541015625 0.90625
vt 0.548828125 0.79296875
vt 0.548828125 0.796875
vt 0.5390625 0.796875
vt 0.5390625 0.79296875
vt 0.548828125 0.78125
vt 0.5390625 0.78125
vt 0.5390625 0.77734375
vt 0.548828125 0.77734375
vt 0.54296875 0.4453125
vt 0.5390625 0.4453125
vt 0.5390625 0.44140625
vt 0.54296875 0.44140625
vt 0.55859375 0.44140625
vt 0.55859375 0.4453125
vt 0.5546875 0.4453125
vt 0.5546875 0.44140625
vt 0.2734375 0.453125
vt 0.265625 0.453125
vt 0.265625 0.44921875
vt 0.2734375 0.44921875
vt 0.3046875 0.453125
vt 0.3046875 0.44921875
vt 0.3125 0.44921875
vt 0.3125 0.453125
vt 0.328125 0.44921875
vt 0.328125 0.453125
vt 0.3203125 0.453125
vt 0.3203125 0.44921875
vt 0.34375 0.453125
vt 0.3359375 0.453125
vt 0.3359375 0.44921875
vt 0.34375 0.44921875
vt 0.296875 0.75390625
vt 0.296875 0.765625
vt 0.28125 0.765625
vt 0.28125 0.75390625
vt 0.4609375 0.80859375
vt 0.4609375 0.8203125
vt 0.4453125 0.8203125
vt 0.4453125 0.80859375
vt 0.46875 0.4921875
vt 0.46875 0.5078125
vt 0.4609375 0.5078125
vt 0.4609375 0.4921875
vt 0.5 0.515625
vt 0.5 0.53125
vt 0.4921875 0.53125
vt 0.4921875 0.515625
vt 0.1015625 0.48046875
vt 0.1015625 0.4921875
vt 0.09375 0.4921875
vt 0.09375 0.48046875
vt 0.1640625 0.48046875
vt 0.1640625 0.4921875
vt 0.15625 0.4921875
vt 0.15625 0.48046875
vt 0.517578125 0.904296875
vt 0.517578125 0.9140625
vt 0.5078125 0.9140625
vt 0.5078125 0.904296875
vt 0.517578125 0.880859375
vt 0.517578125 0.890625
vt 0.5078125 0.88986796875
vt 0.5080546875 0.880859375
vt 0.150390625 0.8828125
vt 0.14065859375 0.8828125
vt 0.140625 0.876709375
vt 0.150390625 0.87544765625
vt 0.1171875 0.466796875
vt 0.1171875 0.4765625
vt 0.109375 0.4765625
vt 0.109375 0.466796875
vt 0.1328125 0.466796875
vt 0.1328125 0.4765625
vt 0.125 0.4765625
vt 0.125 0.466796875
vt 0.5310546875 0.740234375
vt 0.52968828125 0.7492421874999999
vt 0.5236328125 0.75
vt 0.5236328125 0.740234375
vt 0.1015625 0.505859375
vt 0.1015625 0.515625
vt 0.0859375 0.515625
vt 0.0859375 0.505859375
vt 0.5 0.888671875
vt 0.5 0.8984375
vt 0.484375 0.8984375
vt 0.484375 0.888671875
vt 0.484375 0.4921875
vt 0.484375 0.5078125
vt 0.4765625 0.5078125
vt 0.4765625 0.4921875
vt 0.5 0.4921875
vt 0.5 0.5078125
vt 0.4921875 0.5078125
vt 0.4921875 0.4921875
vt 0.1484375 0.466796875
vt 0.1484375 0.4765625
vt 0.140625 0.4765625
vt 0.140625 0.466796875
vt 0.53125 0.833984375
vt 0.53125 0.84375
vt 0.5234375 0.84375
vt 0.5234375 0.833984375
vt 0.1640625 0.607421875
vt 0.1640625 0.625
vt 0.1484375 0.625
vt 0.1484375 0.607421875
vt 0.390625 0.818359375
vt 0.390625 0.8359375
vt 0.375 0.8359375
vt 0.375 0.818359375
vt 0.0078125 0.484375
vt 0.0078125 0.5
vt 0 0.5
vt 0 0.484375
vt 0.0234375 0.484375
vt 0.0234375 0.5
vt 0.015625 0.5
vt 0.015625 0.484375
vt 0.40625 0.498046875
vt 0.40625 0.515625
vt 0.3984375 0.515625
vt 0.3984375 0.498046875
vt 0.453125 0.498046875
vt 0.453125 0.515625
vt 0.4453125 0.515625
vt 0.4453125 0.498046875
vt 0.189453125 0.609375
vt 0.189453125 0.625
vt 0.171875 0.625
vt 0.171875 0.609375
vt 0.392578125 0.7890625
vt 0.392578125 0.8046875
vt 0.375 0.8046875
vt 0.375 0.7890625
vt 0.033203125 0.513671875
vt 0.033203125 0.53125
vt 0.0234375 0.53125
vt 0.0234375 0.513671875
vt 0.478515625 0.951171875
vt 0.478515625 0.96875
vt 0.46875 0.96875
vt 0.46875 0.951171875
vt 0.494140625 0.859375
vt 0.494140625 0.875
vt 0.484375 0.875
vt 0.484375 0.859375
vt 0.494140625 0.8359375
vt 0.494140625 0.8515625
vt 0.484375 0.8515625
vt 0.484375 0.8359375
vt 0.392578125 0.765625
vt 0.392578125 0.78125
vt 0.375 0.78125
vt 0.375 0.765625
vt 0.392578125 0.7421875
vt 0.392578125 0.7578125
vt 0.375 0.7578125
vt 0.375 0.7421875
vt 0.072265625 0.513671875
vt 0.072265625 0.53125
vt 0.0625 0.53125
vt 0.0625 0.513671875
vt 0.119140625 0.513671875
vt 0.119140625 0.53125
vt 0.109375 0.53125
vt 0.109375 0.513671875
vt 0.181640625 0.5
vt 0.181640625 0.515625
vt 0.171875 0.515625
vt 0.171875 0.5
vt 0.205078125 0.5
vt 0.205078125 0.515625
vt 0.1953125 0.515625
vt 0.1953125 0.5
vt 0.203125 0.935546875
vt 0.203125 0.9609375
vt 0.1640625 0.9609375
vt 0.1640625 0.935546875
vt 0.203125 0.857421875
vt 0.203125 0.8828125
vt 0.1640625 0.8828125
vt 0.1640625 0.857421875
vt 0.326171875 0.5546875
vt 0.326171875 0.59375
vt 0.3203125 0.59375
vt 0.3203125 0.5546875
vt 0.076171875 0.5390625
vt 0.076171875 0.578125
vt 0.0703125 0.578125
vt 0.0703125 0.5390625
vt 0.224609375 0.490234375
vt 0.224609375 0.515625
vt 0.21875 0.515625
vt 0.21875 0.490234375
vt 0.490234375 0.623046875
vt 0.490234375 0.6484375
vt 0.484375 0.6484375
vt 0.484375 0.623046875
vt 0.025390625 0.734375
vt 0.025390625 0.7578125
vt 0 0.7578125
vt 0 0.734375
vt 0.26706796875 0.75625703125
vt 0.26720078125 0.7796671875
vt 0.24259140625 0.7796671875
vt 0.24256484375 0.755859375
vt 0.3046875 0.857421875
vt 0.3046875 0.8828125
vt 0.296875 0.8828125
vt 0.296875 0.857421875
vt 0.43009140625 0.765625
vt 0.45470078125 0.765625
vt 0.45456796875 0.77071640625
vt 0.43006484375 0.7734375
vt 0.0546875 0.53046875
vt 0.0546875 0.5546875
vt 0.046875 0.5546875
vt 0.05061796875 0.531578125
vt 0.43030625 0.5541281250000001
vt 0.4310546875 0.578125
vt 0.4224609375 0.578125
vt 0.4224609375 0.55390625
vt 0.0390625 0.87890625
vt 0.0390625 0.90625
vt 0 0.90625
vt 0 0.87890625
vt 0.0859375 0.87890625
vt 0.0859375 0.90625
vt 0.046875 0.90625
vt 0.046875 0.87890625
vt 0.115234375 0.5390625
vt 0.115234375 0.578125
vt 0.109375 0.578125
vt 0.109375 0.5390625
vt 0.427734375 0.84375
vt 0.427734375 0.8828125
vt 0.421875 0.8828125
vt 0.421875 0.84375
vt 0.162109375 0.50390625
vt 0.162109375 0.53125
vt 0.15625 0.53125
vt 0.15625 0.50390625
vt 0.474609375 0.72265625
vt 0.474609375 0.75
vt 0.46875 0.75
vt 0.46875 0.72265625
vt 0.0625 0.71875
vt 0.0625 0.7421875
vt 0.0390625 0.7421875
vt 0.0390625 0.71875
vt 0.09375 0.71875
vt 0.09375 0.7421875
vt 0.0703125 0.7421875
vt 0.0703125 0.71875
vt 0.4765625 0.791015625
vt 0.5 0.791015625
vt 0.5 0.796875
vt 0.4765625 0.796875
vt 0.498046875 0.9765625
vt 0.498046875 1
vt 0.4921875 1
vt 0.4921875 0.9765625
vt 0.498046875 0.9453125
vt 0.498046875 0.96875
vt 0.4921875 0.96875
vt 0.4921875 0.9453125
vt 0.498046875 0.8046875
vt 0.498046875 0.828125
vt 0.4921875 0.828125
vt 0.4921875 0.8046875
vt 0.1328125 0.9140625
vt 0.1328125 0.921875
vt 0.109375 0.921875
vt 0.109375 0.9140625
vt 0.453125 0.5859375
vt 0.453125 0.59375
vt 0.4296875 0.59375
vt 0.4296875 0.5859375
vt 0.51171875 0.8203125
vt 0.51171875 0.84375
vt 0.5078125 0.84375
vt 0.5078125 0.8203125
vt 0.17578125 0.46875
vt 0.17578125 0.4921875
vt 0.171875 0.4921875
vt 0.171875 0.46875
vt 0.35546875 0.4453125
vt 0.35546875 0.453125
vt 0.3515625 0.453125
vt 0.3515625 0.4453125
vt 0.55078125 0.6328125
vt 0.55078125 0.640625
vt 0.546875 0.640625
vt 0.546875 0.6328125
vt 0.4609375 0.96875
vt 0.4609375 0.9765625
vt 0.4375 0.9765625
vt 0.4375 0.96875
vt 0.46875 0.7890625
vt 0.46875 0.796875
vt 0.4453125 0.796875
vt 0.4453125 0.7890625
vt 0.19140625 0.46875
vt 0.19140625 0.4921875
vt 0.1875 0.4921875
vt 0.1875 0.46875
vt 0.51171875 0.7890625
vt 0.51171875 0.8125
vt 0.5078125 0.8125
vt 0.5078125 0.7890625
vt 0.37109375 0.4453125
vt 0.37109375 0.453125
vt 0.3671875 0.453125
vt 0.3671875 0.4453125
vt 0.55078125 0.6171875
vt 0.55078125 0.625
vt 0.546875 0.625
vt 0.546875 0.6171875
vt 0.1328125 0.87890625
vt 0.1328125 0.90625
vt 0.09375 0.90625
vt 0.09375 0.87890625
vt 0.1484375 0.97265625
vt 0.1484375 1
vt 0.109375 1
vt 0.109375 0.97265625
vt 0.130859375 0.5390625
vt 0.130859375 0.578125
vt 0.125 0.578125
vt 0.125 0.5390625
vt 0.357421875 0.5390625
vt 0.357421875 0.578125
vt 0.3515625 0.578125
vt 0.3515625 0.5390625
vt 0.263671875 0.50390625
vt 0.263671875 0.53125
vt 0.2578125 0.53125
vt 0.2578125 0.50390625
vt 0.474609375 0.68359375
vt 0.474609375 0.7109375
vt 0.46875 0.7109375
vt 0.46875 0.68359375
vt 0.265625 0.54296875
vt 0.265625 0.5546875
vt 0.25 0.5546875
vt 0.25 0.54296875
vt 0.4609375 0.72265625
vt 0.4609375 0.734375
vt 0.4453125 0.734375
vt 0.4453125 0.72265625
vt 0.0390625 0.484375
vt 0.0390625 0.5
vt 0.03125 0.5
vt 0.03125 0.484375
vt 0.0703125 0.484375
vt 0.0703125 0.5
vt 0.0625 0.5
vt 0.0625 0.484375
vt 0.2109375 0.48046875
vt 0.2109375 0.4921875
vt 0.203125 0.4921875
vt 0.203125 0.48046875
vt 0.515625 0.76953125
vt 0.515625 0.78125
vt 0.5078125 0.78125
vt 0.5078125 0.76953125
vt 0.3047028125 0.482421875
vt 0.31300328125 0.482421875
vt 0.31358265625 0.4921875
vt 0.3046875 0.491606875
vt 0.517578125 0.857421875
vt 0.517578125 0.8671875
vt 0.5078125 0.8671875
vt 0.5078125 0.857421875
vt 0.2734375 0.4765625
vt 0.275184375 0.466796875
vt 0.2806753125 0.466796875
vt 0.28069953125 0.47627929687500004
vt 0.53125 0.810546875
vt 0.53125 0.8203125
vt 0.5234375 0.8203125
vt 0.5234375 0.810546875
vt 0.53125 0.787109375
vt 0.53125 0.796875
vt 0.5234375 0.796875
vt 0.5234375 0.787109375
vt 0.2265625 0.466796875
vt 0.2265625 0.4765625
vt 0.22079921875 0.47542656250000004
vt 0.21875 0.466796875
vt 0.5 0.740234375
vt 0.5 0.75
vt 0.484375 0.75
vt 0.484375 0.740234375
vt 0.5 0.716796875
vt 0.5 0.7265625
vt 0.484375 0.7265625
vt 0.484375 0.716796875
vt 0.5078125 0.921875
vt 0.5078125 0.9375
vt 0.5 0.9375
vt 0.5 0.921875
vt 0.1171875 0.484375
vt 0.1171875 0.5
vt 0.109375 0.5
vt 0.109375 0.484375
vt 0.53125 0.763671875
vt 0.53125 0.7734375
vt 0.5234375 0.7734375
vt 0.5234375 0.763671875
vt 0.2421875 0.466796875
vt 0.2421875 0.4765625
vt 0.234375 0.4765625
vt 0.234375 0.466796875
vt 0.21875 0.599609375
vt 0.21875 0.6171875
vt 0.203125 0.6171875
vt 0.203125 0.599609375
vt 0.2421875 0.599609375
vt 0.2421875 0.6171875
vt 0.2265625 0.6171875
vt 0.2265625 0.599609375
vt 0.1328125 0.484375
vt 0.1328125 0.5
vt 0.125 0.5
vt 0.125 0.484375
vt 0.1484375 0.484375
vt 0.1484375 0.5
vt 0.140625 0.5
vt 0.140625 0.484375
vt 0.5 0.763671875
vt 0.5 0.78125
vt 0.4921875 0.78125
vt 0.4921875 0.763671875
vt 0.28125 0.490234375
vt 0.28125 0.5078125
vt 0.2734375 0.5078125
vt 0.2734375 0.490234375
vt 0.322265625 0.6015625
vt 0.322265625 0.6171875
vt 0.3046875 0.6171875
vt 0.3046875 0.6015625
vt 0.103515625 0.59375
vt 0.103515625 0.609375
vt 0.0859375 0.609375
vt 0.0859375 0.59375
vt 0.142578125 0.513671875
vt 0.142578125 0.53125
vt 0.1328125 0.53125
vt 0.1328125 0.513671875
vt 0.478515625 0.810546875
vt 0.478515625 0.828125
vt 0.46875 0.828125
vt 0.46875 0.810546875
vt 0.306640625 0.5
vt 0.306640625 0.515625
vt 0.296875 0.515625
vt 0.296875 0.5
vt 0.494140625 0.6875
vt 0.494140625 0.703125
vt 0.484375 0.703125
vt 0.484375 0.6875
vt 0.408203125 0.8671875
vt 0.408203125 0.8828125
vt 0.390625 0.8828125
vt 0.390625 0.8671875
vt 0.408203125 0.84375
vt 0.408203125 0.859375
vt 0.390625 0.859375
vt 0.390625 0.84375
vt 0.478515625 0.763671875
vt 0.478515625 0.78125
vt 0.46875 0.78125
vt 0.46875 0.763671875
vt 0.244140625 0.513671875
vt 0.244140625 0.53125
vt 0.234375 0.53125
vt 0.234375 0.513671875
vt 0.330078125 0.5
vt 0.330078125 0.515625
vt 0.3203125 0.515625
vt 0.3203125 0.5
vt 0.353515625 0.5
vt 0.353515625 0.515625
vt 0.34375 0.515625
vt 0.34375 0.5
vt 0.203125 0.818359375
vt 0.203125 0.84375
vt 0.1640625 0.84375
vt 0.1640625 0.818359375
vt 0.0390625 0.802734375
vt 0.0390625 0.828125
vt 0 0.828125
vt 0 0.802734375
vt 0.373046875 0.5390625
vt 0.373046875 0.578125
vt 0.3671875 0.578125
vt 0.3671875 0.5390625
vt 0.412109375 0.5390625
vt 0.412109375 0.578125
vt 0.40625 0.578125
vt 0.40625 0.5390625
vt 0.373046875 0.490234375
vt 0.373046875 0.515625
vt 0.3671875 0.515625
vt 0.3671875 0.490234375
vt 0.388671875 0.490234375
vt 0.388671875 0.515625
vt 0.3828125 0.515625
vt 0.3828125 0.490234375
vt 0.259765625 0.896484375
vt 0.259765625 0.92049296875
vt 0.234375 0.920520234375
vt 0.234482109375 0.897305234375
vt 0.267578125 0.7890625
vt 0.267578125 0.8125
vt 0.2421875 0.8125
vt 0.2421875 0.7890625
vt 0.4375 0.787109375
vt 0.4375 0.8125
vt 0.4296875 0.8125
vt 0.4296875 0.787109375
vt 0.439453125 0.8965671875
vt 0.4360775 0.92103640625
vt 0.431099453125 0.92103640625
vt 0.431758046875 0.896484375
vt 0.02887421875 0.5460304687499999
vt 0.0326171875 0.569140625
vt 0.0240234375 0.569140625
vt 0.0240234375 0.544921875
vt 0.1796875 0.53046875
vt 0.1796875 0.5546875
vt 0.171875 0.5546875
vt 0.1726234375 0.5306906250000001
vt 0.125 0.71875
vt 0.125 0.7421875
vt 0.1015625 0.7421875
vt 0.1015625 0.71875
vt 0.265625 0.71875
vt 0.265625 0.7421875
vt 0.2421875 0.7421875
vt 0.2421875 0.71875
vt 0.498046875 0.5859375
vt 0.498046875 0.609375
vt 0.4921875 0.609375
vt 0.4921875 0.5859375
vt 0.419921875 0.484375
vt 0.419921875 0.5078125
vt 0.4140625 0.5078125
vt 0.4140625 0.484375
vt 0.498046875 0.5546875
vt 0.498046875 0.578125
vt 0.4921875 0.578125
vt 0.4921875 0.5546875
vt 0.435546875 0.484375
vt 0.435546875 0.5078125
vt 0.4296875 0.5078125
vt 0.4296875 0.484375
vt 0.24609375 0.626953125
vt 0.24609375 0.65625
vt 0.234375 0.65625
vt 0.234375 0.626953125
vt 0.32421875 0.626953125
vt 0.32421875 0.65625
vt 0.3125 0.65625
vt 0.3125 0.626953125
vt 0.3671875 0.83984375
vt 0.3671875 0.8515625
vt 0.3359375 0.8515625
vt 0.3359375 0.83984375
vt 0.3671875 0.81640625
vt 0.3671875 0.828125
vt 0.3359375 0.828125
vt 0.3359375 0.81640625
vt 0.078125 0.798828125
vt 0.078125 0.828125
vt 0.046875 0.828125
vt 0.046875 0.798828125
vt 0.1171875 0.798828125
vt 0.1171875 0.828125
vt 0.0859375 0.828125
vt 0.0859375 0.798828125
vt 0.36328125 0.970703125
vt 0.36328125 1
vt 0.3515625 1
vt 0.3515625 0.970703125
vt 0.36328125 0.931640625
vt 0.36328125 0.9609375
vt 0.3515625 0.9609375
vt 0.3515625 0.931640625
vt 0.38671875 0.71484375
vt 0.38671875 0.7265625
vt 0.359375 0.7265625
vt 0.359375 0.71484375
vt 0.38671875 0.69140625
vt 0.38671875 0.703125
vt 0.359375 0.703125
vt 0.359375 0.69140625
vt 0.15234375 0.798828125
vt 0.15234375 0.828125
vt 0.125 0.828125
vt 0.125 0.798828125
vt 0.22265625 0.892578125
vt 0.22265625 0.921875
vt 0.1953125 0.921875
vt 0.1953125 0.892578125
vt 0.36328125 0.775390625
vt 0.36328125 0.8046875
vt 0.3515625 0.8046875
vt 0.3515625 0.775390625
vt 0.36328125 0.736328125
vt 0.36328125 0.765625
vt 0.3515625 0.765625
vt 0.3515625 0.736328125
vt 0.38671875 0.66796875
vt 0.38671875 0.6796875
vt 0.359375 0.6796875
vt 0.359375 0.66796875
vt 0.38671875 0.64453125
vt 0.38671875 0.65625
vt 0.359375 0.65625
vt 0.359375 0.64453125
vt 0.19140625 0.775390625
vt 0.19140625 0.8046875
vt 0.1640625 0.8046875
vt 0.1640625 0.775390625
vt 0.23046875 0.775390625
vt 0.23046875 0.8046875
vt 0.203125 0.8046875
vt 0.203125 0.775390625
vt 0.52734375 0.7109375
vt 0.52734375 0.7265625
vt 0.5234375 0.7265625
vt 0.5234375 0.7109375
vt 0.52734375 0.6640625
vt 0.52734375 0.6796875
vt 0.5234375 0.6796875
vt 0.5234375 0.6640625
vt 0.564453125 0.99609375
vt 0.564453125 1
vt 0.5625 1
vt 0.5625 0.99609375
vt 0.017578125 0.43359375
vt 0.017578125 0.4375
vt 0.015625 0.4375
vt 0.015625 0.43359375
vt 0.548828125 0.5234375
vt 0.548828125 0.5390625
vt 0.546875 0.5390625
vt 0.546875 0.5234375
vt 0.478515625 0.4375
vt 0.478515625 0.453125
vt 0.4765625 0.453125
vt 0.4765625 0.4375
vt 0.36328125 0.4609375
vt 0.36328125 0.4765625
vt 0.359375 0.4765625
vt 0.359375 0.4609375
vt 0.37890625 0.4609375
vt 0.37890625 0.4765625
vt 0.375 0.4765625
vt 0.375 0.4609375
vt 0.564453125 0.98046875
vt 0.564453125 0.984375
vt 0.5625 0.984375
vt 0.5625 0.98046875
vt 0.033203125 0.43359375
vt 0.033203125 0.4375
vt 0.03125 0.4375
vt 0.03125 0.43359375
vt 0.494140625 0.4375
vt 0.494140625 0.453125
vt 0.4921875 0.453125
vt 0.4921875 0.4375
vt 0.548828125 0.46875
vt 0.548828125 0.484375
vt 0.546875 0.484375
vt 0.546875 0.46875
vt 0.43359375 0.651953125
vt 0.43359375 0.6640625
vt 0.4140625 0.6640625
vt 0.4148078125 0.6524046875
vt 0.418268203125 0.628740078125
vt 0.414390859375 0.640211953125
vt 0.399166640625 0.640200234375
vt 0.399166640625 0.6282307031250001
vt 0.541015625 0.74609375
vt 0.541015625 0.765625
vt 0.539596875 0.765625
vt 0.5390625 0.75041015625
vt 0.539129921875 0.732421875
vt 0.558082109375 0.732421875
vt 0.558526328125 0.734360703125
vt 0.5393328125 0.734375
vt 0.418716953125 0.628695625
vt 0.419192734375 0.640625
vt 0.41442046875 0.640124453125
vt 0.418268203125 0.628740078125
vt 0.158203125 0.43359375
vt 0.158203125 0.4453125
vt 0.15625 0.4453125
vt 0.15625 0.43359375
vt 0.373046875 0.6015625
vt 0.3515625 0.6015625
vt 0.3515625 0.58984375
vt 0.373046875 0.58984375
vt 0.43484296875 0.732812265625
vt 0.416310625 0.732812265625
vt 0.41476640625 0.7207896093749999
vt 0.4347740625 0.720703125
vt 0.290776171875 0.4609375
vt 0.289213671875 0.4609375
vt 0.289213671875 0.4404296875
vt 0.290864453125 0.44240546875
vt 0.55955859375 0.677734375
vt 0.56005859375 0.67931953125
vt 0.53955078125 0.67931953125
vt 0.53955078125 0.67775703125
vt 0.560546875 0.513671875
vt 0.560401015625 0.515625
vt 0.54834890625 0.51444875
vt 0.5484584375 0.513671875
vt 0.173828125 0.4453125
vt 0.171875 0.4453125
vt 0.171875 0.43359375
vt 0.173828125 0.43359375
vt 0.04296875 0.580347578125
vt 0.04296875 0.6015625
vt 0.03125 0.6011089843749999
vt 0.0314646875 0.5781282812499999
vt 0.39969953125 0.96716171875
vt 0.377896328125 0.96716171875
vt 0.37569109375 0.955254453125
vt 0.3992640625 0.955078125
vt 0.25168828125 0.4609375
vt 0.25012578125 0.4609375
vt 0.25038046875 0.43972421875
vt 0.25182734375 0.43913437499999997
vt 0.53215390625 0.6561439062500001
vt 0.5327190625 0.654296875
vt 0.5557103125 0.654296875
vt 0.55573671875 0.65625
vt 0.205078125 0.4453125
vt 0.203125 0.4453125
vt 0.203125 0.43359375
vt 0.205078125 0.43359375
vt 0.189453125 0.4453125
vt 0.1875 0.4453125
vt 0.1875 0.43359375
vt 0.189453125 0.43359375
vt 0.05366953125 0.624955390625
vt 0.03125 0.624792890625
vt 0.03125 0.612683515625
vt 0.05401171875 0.612888203125
vt 0.38671875 0.9199916406249999
vt 0.38671875 0.9436584375
vt 0.375 0.943961171875
vt 0.37503265625 0.919921875
vt 0.095237109375 0.4453125
vt 0.096799609375 0.4453125
vt 0.095507421875 0.46747343750000003
vt 0.094606640625 0.46875
vt 0.563794609375 0.717477421875
vt 0.5625034375 0.718357578125
vt 0.539721015625 0.718357578125
vt 0.539746484375 0.716796875
vt 0.055230859375 0.625
vt 0.05366953125 0.624955390625
vt 0.0540128125 0.612850625
vt 0.05557484375 0.6128953125000001
vt 0.556640625 0.765625
vt 0.5546875 0.765625
vt 0.5546875 0.75390625
vt 0.556640625 0.75390625
vt 0.292537109375 0.96875
vt 0.242619140625 0.96875
vt 0.242619140625 0.956640625
vt 0.2919121875 0.956702421875
vt 0.261434453125 0.8343603125
vt 0.211221796875 0.8343603125
vt 0.21181 0.822265625
vt 0.261400859375 0.82229625
vt 0.0795390625 0.44140625
vt 0.0811015625 0.44140625
vt 0.08058125 0.491890625
vt 0.0790546875 0.4921875
vt 0.558003984375 0.693376875
vt 0.55772359375 0.6949139843750001
vt 0.508418984375 0.6949139843750001
vt 0.508402265625 0.693359375
vt 0.56640625 0.607421875
vt 0.56640625 0.609375
vt 0.5546875 0.609375
vt 0.5546875 0.607421875
vt 0.384765625 0.4453125
vt 0.3828125 0.4453125
vt 0.3828125 0.43359375
vt 0.384765625 0.43359375
vt 0.4140625 0.6640625
vt 0.43359375 0.6640625
vt 0.43359375 0.651953125
vt 0.4148078125 0.6524046875
vt 0.399166640625 0.640200234375
vt 0.414390859375 0.640211953125
vt 0.418268203125 0.628740078125
vt 0.399166640625 0.6282307031250001
vt 0.539596875 0.765625
vt 0.541015625 0.765625
vt 0.541015625 0.74609375
vt 0.5390625 0.75041015625
vt 0.558526328125 0.734360703125
vt 0.558082109375 0.732421875
vt 0.539129921875 0.732421875
vt 0.5393328125 0.734375
vt 0.41442046875 0.640124453125
vt 0.419192734375 0.640625
vt 0.418716953125 0.628695625
vt 0.418268203125 0.628740078125
vt 0.15625 0.4453125
vt 0.158203125 0.4453125
vt 0.158203125 0.43359375
vt 0.15625 0.43359375
vt 0.242619140625 0.956640625
vt 0.242619140625 0.96875
vt 0.292537109375 0.96875
vt 0.2919121875 0.956702421875
vt 0.21181 0.822265625
vt 0.211221796875 0.8343603125
vt 0.261434453125 0.8343603125
vt 0.261400859375 0.82229625
vt 0.08058125 0.491890625
vt 0.0811015625 0.44140625
vt 0.0795390625 0.44140625
vt 0.0790546875 0.4921875
vt 0.508418984375 0.6949139843750001
vt 0.55772359375 0.6949139843750001
vt 0.558003984375 0.693376875
vt 0.508402265625 0.693359375
vt 0.5546875 0.609375
vt 0.56640625 0.609375
vt 0.56640625 0.607421875
vt 0.5546875 0.607421875
vt 0.3828125 0.43359375
vt 0.3828125 0.4453125
vt 0.384765625 0.4453125
vt 0.384765625 0.43359375
vt 0.03125 0.612683515625
vt 0.03125 0.624792890625
vt 0.05366953125 0.624955390625
vt 0.05401171875 0.612888203125
vt 0.375 0.943961171875
vt 0.38671875 0.9436584375
vt 0.38671875 0.9199916406249999
vt 0.37503265625 0.919921875
vt 0.095507421875 0.46747343750000003
vt 0.096799609375 0.4453125
vt 0.095237109375 0.4453125
vt 0.094606640625 0.46875
vt 0.539721015625 0.718357578125
vt 0.5625034375 0.718357578125
vt 0.563794609375 0.717477421875
vt 0.539746484375 0.716796875
vt 0.0540128125 0.612850625
vt 0.05366953125 0.624955390625
vt 0.055230859375 0.625
vt 0.05557484375 0.6128953125000001
vt 0.5546875 0.75390625
vt 0.5546875 0.765625
vt 0.556640625 0.765625
vt 0.556640625 0.75390625
vt 0.03125 0.6011089843749999
vt 0.04296875 0.6015625
vt 0.04296875 0.580347578125
vt 0.0314646875 0.5781282812499999
vt 0.37569109375 0.955254453125
vt 0.377896328125 0.96716171875
vt 0.39969953125 0.96716171875
vt 0.3992640625 0.955078125
vt 0.25038046875 0.43972421875
vt 0.25012578125 0.4609375
vt 0.25168828125 0.4609375
vt 0.25182734375 0.43913437499999997
vt 0.5557103125 0.654296875
vt 0.5327190625 0.654296875
vt 0.53215390625 0.6561439062500001
vt 0.55573671875 0.65625
vt 0.203125 0.43359375
vt 0.203125 0.4453125
vt 0.205078125 0.4453125
vt 0.205078125 0.43359375
vt 0.1875 0.43359375
vt 0.1875 0.4453125
vt 0.189453125 0.4453125
vt 0.189453125 0.43359375
vt 0.3515625 0.58984375
vt 0.3515625 0.6015625
vt 0.373046875 0.6015625
vt 0.373046875 0.58984375
vt 0.41476640625 0.7207896093749999
vt 0.416310625 0.732812265625
vt 0.43484296875 0.732812265625
vt 0.4347740625 0.720703125
vt 0.289213671875 0.4404296875
vt 0.289213671875 0.4609375
vt 0.290776171875 0.4609375
vt 0.290864453125 0.44240546875
vt 0.53955078125 0.67931953125
vt 0.56005859375 0.67931953125
vt 0.55955859375 0.677734375
vt 0.53955078125 0.67775703125
vt 0.54834890625 0.51444875
vt 0.560401015625 0.515625
vt 0.560546875 0.513671875
vt 0.5484584375 0.513671875
vt 0.171875 0.43359375
vt 0.171875 0.4453125
vt 0.173828125 0.4453125
vt 0.173828125 0.43359375
vt 0.1796875 0.6875
vt 0.1796875 0.71875
vt 0.1640625 0.71875
vt 0.1640625 0.6875
vt 0.1796875 0.6875
vt 0.1796875 0.71875
vt 0.1640625 0.71875
vt 0.1640625 0.6875
vt 0.1796875 0.6875
vt 0.1796875 0.71875
vt 0.1640625 0.71875
vt 0.1640625 0.6875
vt 0.1796875 0.6875
vt 0.1796875 0.71875
vt 0.1640625 0.71875
vt 0.1640625 0.6875
vt 0.150390625 0.935546875
vt 0.150390625 0.9609375
vt 0.109375 0.9609375
vt 0.109375 0.935546875
vt 0.041015625 0.841796875
vt 0.041015625 0.8671875
vt 0 0.8671875
vt 0 0.841796875
vt 0.21875 0.71875
vt 0.21875 0.677734375
vt 0.228515625 0.677734375
vt 0.228515625 0.71875
vt 0.09375 0.669921875
vt 0.09375 0.7109375
vt 0.103515625 0.7109375
vt 0.103515625 0.669921875
vt 0.009765625 0.568359375
vt 0.009765625 0.59375
vt 0 0.59375
vt 0 0.568359375
vt 0.392578125 0.576171875
vt 0.392578125 0.6015625
vt 0.3828125 0.6015625
vt 0.3828125 0.576171875
vt 0.5234375 0.927734375
vt 0.5234375 0.9375
vt 0.515625 0.9375
vt 0.515625 0.927734375
vt 0.40625 0.474609375
vt 0.40625 0.484375
vt 0.3984375 0.484375
vt 0.3984375 0.474609375
vt 0.0390625 0.7578125
vt 0.0390625 0.75
vt 0.044921875 0.75
vt 0.044921875 0.7578125
vt 0.359375 0.859375
vt 0.359375 0.8671875
vt 0.365234375 0.8671875
vt 0.365234375 0.859375
vt 0.419921875 0.466796875
vt 0.419921875 0.4765625
vt 0.4140625 0.4765625
vt 0.4140625 0.466796875
vt 0.529296875 0.599609375
vt 0.529296875 0.609375
vt 0.5234375 0.609375
vt 0.5234375 0.599609375
vt 0.5078125 0.642578125
vt 0.5078125 0.65625
vt 0.5 0.65625
vt 0.5 0.642578125
vt 0.5078125 0.619140625
vt 0.5078125 0.6328125
vt 0.5 0.6328125
vt 0.5 0.619140625
vt 0.234375 0.546875
vt 0.234375 0.5390625
vt 0.240234375 0.5390625
vt 0.240234375 0.546875
vt 0.328125 0.4609375
vt 0.328125 0.46875
vt 0.333984375 0.46875
vt 0.333984375 0.4609375
vt 0.349609375 0.478515625
vt 0.349609375 0.4921875
vt 0.34375 0.4921875
vt 0.34375 0.478515625
vt 0.333984375 0.478515625
vt 0.333984375 0.4921875
vt 0.328125 0.4921875
vt 0.328125 0.478515625
vt 0.453125 0.474609375
vt 0.453125 0.484375
vt 0.4453125 0.484375
vt 0.4453125 0.474609375
vt 0.46875 0.474609375
vt 0.46875 0.484375
vt 0.4609375 0.484375
vt 0.4609375 0.474609375
vt 0.34375 0.46875
vt 0.34375 0.4609375
vt 0.349609375 0.4609375
vt 0.349609375 0.46875
vt 0.53125 0.6328125
vt 0.53125 0.640625
vt 0.537109375 0.640625
vt 0.537109375 0.6328125
vt 0.529296875 0.490234375
vt 0.529296875 0.5
vt 0.5234375 0.5
vt 0.5234375 0.490234375
vt 0.435546875 0.466796875
vt 0.435546875 0.4765625
vt 0.4296875 0.4765625
vt 0.4296875 0.466796875
vt 0.515625 0.986328125
vt 0.515625 1
vt 0.5078125 1
vt 0.5078125 0.986328125
vt 0.515625 0.962890625
vt 0.515625 0.9765625
vt 0.5078125 0.9765625
vt 0.5078125 0.962890625
vt 0.53125 0.546875
vt 0.53125 0.5390625
vt 0.537109375 0.5390625
vt 0.537109375 0.546875
vt 0.4765625 0.4609375
vt 0.4765625 0.46875
vt 0.482421875 0.46875
vt 0.482421875 0.4609375
vt 0.513671875 0.572265625
vt 0.513671875 0.5859375
vt 0.5078125 0.5859375
vt 0.5078125 0.572265625
vt 0.513671875 0.595703125
vt 0.513671875 0.609375
vt 0.5078125 0.609375
vt 0.5078125 0.595703125
vt 0.1640625 0.7265625
vt 0.1640625 0.765625
vt 0.1484375 0.765625
vt 0.1484375 0.7265625
vt 0.1875 0.7265625
vt 0.1875 0.765625
vt 0.171875 0.765625
vt 0.171875 0.7265625
vt 0.46875 0.53125
vt 0.46875 0.515625
vt 0.478515625 0.515625
vt 0.478515625 0.53125
vt 0 0.5078125
vt 0 0.5234375
vt 0.009765625 0.5234375
vt 0.009765625 0.5078125
vt 0.056640625 0.6328125
vt 0.056640625 0.671875
vt 0.046875 0.671875
vt 0.046875 0.6328125
vt 0.033203125 0.6328125
vt 0.033203125 0.671875
vt 0.0234375 0.671875
vt 0.0234375 0.6328125
vt 0.041015625 0.9609375
vt 0.041015625 1
vt 0 1
vt 0 0.9609375
vt 0.041015625 0.9140625
vt 0.041015625 0.953125
vt 0 0.953125
vt 0 0.9140625
vt 0.2421875 0.7109375
vt 0.2421875 0.669921875
vt 0.251953125 0.669921875
vt 0.251953125 0.7109375
vt 0.265625 0.662109375
vt 0.265625 0.703125
vt 0.275390625 0.703125
vt 0.275390625 0.662109375
vt 0.080078125 0.6328125
vt 0.080078125 0.671875
vt 0.0703125 0.671875
vt 0.0703125 0.6328125
vt 0.337890625 0.90625
vt 0.337890625 0.9453125
vt 0.328125 0.9453125
vt 0.328125 0.90625
vt 0.095703125 0.841796875
vt 0.095703125 0.8671875
vt 0.0546875 0.8671875
vt 0.0546875 0.841796875
vt 0.150390625 0.841796875
vt 0.150390625 0.8671875
vt 0.109375 0.8671875
vt 0.109375 0.841796875
vt 0.2890625 0.703125
vt 0.2890625 0.662109375
vt 0.298828125 0.662109375
vt 0.298828125 0.703125
vt 0.3046875 0.935546875
vt 0.3046875 0.9765625
vt 0.314453125 0.9765625
vt 0.314453125 0.935546875
vt 0.158203125 0.568359375
vt 0.158203125 0.59375
vt 0.1484375 0.59375
vt 0.1484375 0.568359375
vt 0.416015625 0.896484375
vt 0.416015625 0.921875
vt 0.40625 0.921875
vt 0.40625 0.896484375
vt 0.095703125 0.966796875
vt 0.095703125 1
vt 0.0546875 1
vt 0.0546875 0.966796875
vt 0.095703125 0.919921875
vt 0.095703125 0.953125
vt 0.0546875 0.953125
vt 0.0546875 0.919921875
vt 0.2578125 0.6484375
vt 0.2578125 0.607421875
vt 0.265625 0.607421875
vt 0.265625 0.6484375
vt 0.2734375 0.607421875
vt 0.2734375 0.6484375
vt 0.28125 0.6484375
vt 0.28125 0.607421875
vt 0.1796875 0.568359375
vt 0.1796875 0.6015625
vt 0.171875 0.6015625
vt 0.171875 0.568359375
vt 0.0625 0.568359375
vt 0.0625 0.6015625
vt 0.0546875 0.6015625
vt 0.0546875 0.568359375
vt 0.306640625 0.98828125
vt 0.306640625 1
vt 0.265625 1
vt 0.265625 0.98828125
vt 0.314453125 0.89453125
vt 0.314453125 0.90625
vt 0.2734375 0.90625
vt 0.2734375 0.89453125
vt 0.3046875 0.765625
vt 0.3046875 0.724609375
vt 0.314453125 0.724609375
vt 0.314453125 0.765625
vt 0 0.646484375
vt 0 0.6875
vt 0.009765625 0.6875
vt 0.009765625 0.646484375
vt 0.509765625 0.66796875
vt 0.509765625 0.6796875
vt 0.5 0.6796875
vt 0.5 0.66796875
vt 0.244140625 0.48828125
vt 0.244140625 0.5
vt 0.234375 0.5
vt 0.234375 0.48828125
vt 0.181640625 0.896484375
vt 0.181640625 0.921875
vt 0.140625 0.921875
vt 0.140625 0.896484375
vt 0.197265625 0.974609375
vt 0.197265625 1
vt 0.15625 1
vt 0.15625 0.974609375
vt 0.3125 0.8828125
vt 0.3125 0.841796875
vt 0.322265625 0.841796875
vt 0.322265625 0.8828125
vt 0.3125 0.787109375
vt 0.3125 0.828125
vt 0.322265625 0.828125
vt 0.322265625 0.787109375
vt 0.416015625 0.748046875
vt 0.416015625 0.7734375
vt 0.40625 0.7734375
vt 0.40625 0.748046875
vt 0.416015625 0.787109375
vt 0.416015625 0.8125
vt 0.40625 0.8125
vt 0.40625 0.787109375
vt 0.455078125 0.955078125
vt 0.455078125 0.9609375
vt 0.4140625 0.9609375
vt 0.4140625 0.955078125
vt 0.455078125 0.705078125
vt 0.455078125 0.7109375
vt 0.4140625 0.7109375
vt 0.4140625 0.705078125
vt 0.3125 0.7109375
vt 0.3125 0.669921875
vt 0.322265625 0.669921875
vt 0.322265625 0.7109375
vt 0.1171875 0.638671875
vt 0.1171875 0.6796875
vt 0.126953125 0.6796875
vt 0.126953125 0.638671875
vt 0.541015625 0.869140625
vt 0.541015625 0.875
vt 0.53125 0.875
vt 0.53125 0.869140625
vt 0.541015625 0.884765625
vt 0.541015625 0.890625
vt 0.53125 0.890625
vt 0.53125 0.884765625
vt 0.455078125 0.689453125
vt 0.455078125 0.6953125
vt 0.4140625 0.6953125
vt 0.4140625 0.689453125
vt 0.455078125 0.673828125
vt 0.455078125 0.6796875
vt 0.4140625 0.6796875
vt 0.4140625 0.673828125
vt 0.140625 0.6796875
vt 0.140625 0.638671875
vt 0.150390625 0.638671875
vt 0.150390625 0.6796875
vt 0.1640625 0.638671875
vt 0.1640625 0.6796875
vt 0.173828125 0.6796875
vt 0.173828125 0.638671875
vt 0.314453125 0.462890625
vt 0.314453125 0.46875
vt 0.3046875 0.46875
vt 0.3046875 0.462890625
vt 0.541015625 0.853515625
vt 0.541015625 0.859375
vt 0.53125 0.859375
vt 0.53125 0.853515625
vt 0.041015625 0.771484375
vt 0.041015625 0.7890625
vt 0 0.7890625
vt 0 0.771484375
vt 0.251953125 0.982421875
vt 0.251953125 1
vt 0.2109375 1
vt 0.2109375 0.982421875
vt 0.1875 0.6796875
vt 0.1875 0.638671875
vt 0.197265625 0.638671875
vt 0.197265625 0.6796875
vt 0.328125 0.958984375
vt 0.328125 1
vt 0.337890625 1
vt 0.337890625 0.958984375
vt 0.095703125 0.529296875
vt 0.095703125 0.546875
vt 0.0859375 0.546875
vt 0.0859375 0.529296875
vt 0.462890625 0.904296875
vt 0.462890625 0.921875
vt 0.453125 0.921875
vt 0.453125 0.904296875
vt 0.251953125 0.8671875
vt 0.251953125 0.8828125
vt 0.2109375 0.8828125
vt 0.2109375 0.8671875
vt 0.251953125 0.84375
vt 0.251953125 0.859375
vt 0.2109375 0.859375
vt 0.2109375 0.84375
vt 0.2890625 0.6484375
vt 0.2890625 0.607421875
vt 0.296875 0.607421875
vt 0.296875 0.6484375
vt 0.359375 0.880859375
vt 0.359375 0.921875
vt 0.3671875 0.921875
vt 0.3671875 0.880859375
vt 0.140625 0.7265625
vt 0.140625 0.7421875
vt 0.1328125 0.7421875
vt 0.1328125 0.7265625
vt 0.15625 0.7734375
vt 0.15625 0.7890625
vt 0.1484375 0.7890625
vt 0.1484375 0.7734375
vt 0.205078125 0.693359375
vt 0.205078125 0.71875
vt 0.1875 0.71875
vt 0.1875 0.693359375
vt 0.298828125 0.779296875
vt 0.298828125 0.8046875
vt 0.28125 0.8046875
vt 0.28125 0.779296875
vt 0.1875 0.546875
vt 0.1875 0.529296875
vt 0.197265625 0.529296875
vt 0.197265625 0.546875
vt 0.2109375 0.529296875
vt 0.2109375 0.546875
vt 0.220703125 0.546875
vt 0.220703125 0.529296875
vt 0.283203125 0.568359375
vt 0.283203125 0.59375
vt 0.2734375 0.59375
vt 0.2734375 0.568359375
vt 0.259765625 0.568359375
vt 0.259765625 0.59375
vt 0.25 0.59375
vt 0.25 0.568359375
vt 0.2109375 0.7265625
vt 0.2109375 0.765625
vt 0.1953125 0.765625
vt 0.1953125 0.7265625
vt 0.234375 0.7265625
vt 0.234375 0.765625
vt 0.21875 0.765625
vt 0.21875 0.7265625
vt 0.4765625 0.921875
vt 0.4765625 0.90625
vt 0.486328125 0.90625
vt 0.486328125 0.921875
vt 0.4765625 0.65625
vt 0.4765625 0.671875
vt 0.486328125 0.671875
vt 0.486328125 0.65625
vt 0.345703125 0.859375
vt 0.345703125 0.8984375
vt 0.3359375 0.8984375
vt 0.3359375 0.859375
vt 0.337890625 0.734375
vt 0.337890625 0.7734375
vt 0.328125 0.7734375
vt 0.328125 0.734375
vt 0.048828125 0.685546875
vt 0.048828125 0.7109375
vt 0.03125 0.7109375
vt 0.03125 0.685546875
vt 0.080078125 0.685546875
vt 0.080078125 0.7109375
vt 0.0625 0.7109375
vt 0.0625 0.685546875
vt 0.3046875 0.546875
vt 0.3046875 0.529296875
vt 0.314453125 0.529296875
vt 0.314453125 0.546875
vt 0.328125 0.529296875
vt 0.328125 0.546875
vt 0.337890625 0.546875
vt 0.337890625 0.529296875
vt 0.416015625 0.591796875
vt 0.416015625 0.6171875
vt 0.40625 0.6171875
vt 0.40625 0.591796875
vt 0.306640625 0.568359375
vt 0.306640625 0.59375
vt 0.296875 0.59375
vt 0.296875 0.568359375
vt 0.353515625 0.615234375
vt 0.353515625 0.6328125
vt 0.3359375 0.6328125
vt 0.3359375 0.615234375
vt 0.384765625 0.615234375
vt 0.384765625 0.6328125
vt 0.3671875 0.6328125
vt 0.3671875 0.615234375
vt 0.4609375 0.859375
vt 0.4609375 0.841796875
vt 0.470703125 0.841796875
vt 0.470703125 0.859375
vt 0.2734375 0.521484375
vt 0.2734375 0.5390625
vt 0.283203125 0.5390625
vt 0.283203125 0.521484375
vt 0.470703125 0.873046875
vt 0.470703125 0.890625
vt 0.4609375 0.890625
vt 0.4609375 0.873046875
vt 0.455078125 0.529296875
vt 0.455078125 0.546875
vt 0.4453125 0.546875
vt 0.4453125 0.529296875
vt 0.29296875 0.919921875
vt 0.29296875 0.9453125
vt 0.2734375 0.9453125
vt 0.2734375 0.919921875
vt 0.29296875 0.716796875
vt 0.29296875 0.7421875
vt 0.2734375 0.7421875
vt 0.2734375 0.716796875
vt 0.4375 0.8828125
vt 0.4375 0.86328125
vt 0.447265625 0.86328125
vt 0.447265625 0.8828125
vt 0.4375 0.83203125
vt 0.4375 0.8515625
vt 0.447265625 0.8515625
vt 0.447265625 0.83203125
vt 0.095703125 0.560546875
vt 0.095703125 0.5859375
vt 0.0859375 0.5859375
vt 0.0859375 0.560546875
vt 0.423828125 0.974609375
vt 0.423828125 1
vt 0.4140625 1
vt 0.4140625 0.974609375
vt 0.15234375 0.693359375
vt 0.15234375 0.71875
vt 0.1328125 0.71875
vt 0.1328125 0.693359375
vt 0.30078125 0.818359375
vt 0.30078125 0.84375
vt 0.28125 0.84375
vt 0.28125 0.818359375
vt 0.3828125 0.5625
vt 0.3828125 0.54296875
vt 0.392578125 0.54296875
vt 0.392578125 0.5625
vt 0 0.53515625
vt 0 0.5546875
vt 0.009765625 0.5546875
vt 0.009765625 0.53515625
vt 0.236328125 0.560546875
vt 0.236328125 0.5859375
vt 0.2265625 0.5859375
vt 0.2265625 0.560546875
vt 0.212890625 0.560546875
vt 0.212890625 0.5859375
vt 0.203125 0.5859375
vt 0.203125 0.560546875
vt 0.23046875 0.935546875
vt 0.23046875 0.96875
vt 0.2109375 0.96875
vt 0.2109375 0.935546875
vt 0.07421875 0.755859375
vt 0.07421875 0.7890625
vt 0.0546875 0.7890625
vt 0.0546875 0.755859375
vt 0.1171875 0.7109375
vt 0.1171875 0.69140625
vt 0.125 0.69140625
vt 0.125 0.7109375
vt 0.3359375 0.78515625
vt 0.3359375 0.8046875
vt 0.34375 0.8046875
vt 0.34375 0.78515625
vt 0.40625 0.701171875
vt 0.40625 0.734375
vt 0.3984375 0.734375
vt 0.3984375 0.701171875
vt 0.1953125 0.568359375
vt 0.1953125 0.6015625
vt 0.1875 0.6015625
vt 0.1875 0.568359375
vt 0.10546875 0.755859375
vt 0.10546875 0.7890625
vt 0.0859375 0.7890625
vt 0.0859375 0.755859375
vt 0.13671875 0.755859375
vt 0.13671875 0.7890625
vt 0.1171875 0.7890625
vt 0.1171875 0.755859375
vt 0.4765625 0.5859375
vt 0.4765625 0.56640625
vt 0.484375 0.56640625
vt 0.484375 0.5859375
vt 0.046875 0.49609375
vt 0.046875 0.515625
vt 0.0546875 0.515625
vt 0.0546875 0.49609375
vt 0.34375 0.568359375
vt 0.34375 0.6015625
vt 0.3359375 0.6015625
vt 0.3359375 0.568359375
vt 0.40625 0.654296875
vt 0.40625 0.6875
vt 0.3984375 0.6875
vt 0.3984375 0.654296875
vt 0.017578125 0.607421875
vt 0.017578125 0.625
vt 0 0.625
vt 0 0.607421875
vt 0.392578125 0.982421875
vt 0.392578125 1
vt 0.375 1
vt 0.375 0.982421875
vt 0.421875 0.5390625
vt 0.421875 0.521484375
vt 0.431640625 0.521484375
vt 0.431640625 0.5390625
vt 0.46875 0.982421875
vt 0.46875 1
vt 0.478515625 1
vt 0.478515625 0.982421875
vt 0.470703125 0.599609375
vt 0.470703125 0.6171875
vt 0.4609375 0.6171875
vt 0.4609375 0.599609375
vt 0.470703125 0.630859375
vt 0.470703125 0.6484375
vt 0.4609375 0.6484375
vt 0.4609375 0.630859375
vt 0.220703125 0.62890625
vt 0.220703125 0.6640625
vt 0.2109375 0.6640625
vt 0.2109375 0.62890625
vt 0.345703125 0.69140625
vt 0.345703125 0.7265625
vt 0.3359375 0.7265625
vt 0.3359375 0.69140625
vt 0.5234375 1
vt 0.5234375 0.990234375
vt 0.53125 0.990234375
vt 0.53125 1
vt 0.5234375 0.966796875
vt 0.5234375 0.9765625
vt 0.53125 0.9765625
vt 0.53125 0.966796875
vt 0.125 0.58984375
vt 0.125 0.625
vt 0.1171875 0.625
vt 0.1171875 0.58984375
vt 0.078125 0.58984375
vt 0.078125 0.625
vt 0.0703125 0.625
vt 0.0703125 0.58984375
vt 0.345703125 0.64453125
vt 0.345703125 0.6796875
vt 0.3359375 0.6796875
vt 0.3359375 0.64453125
vt 0.103515625 0.62109375
vt 0.103515625 0.65625
vt 0.09375 0.65625
vt 0.09375 0.62109375
vt 0.03125 0.4765625
vt 0.03125 0.466796875
vt 0.0390625 0.466796875
vt 0.0390625 0.4765625
vt 0.0625 0.466796875
vt 0.0625 0.4765625
vt 0.0703125 0.4765625
vt 0.0703125 0.466796875
vt 0.140625 0.58984375
vt 0.140625 0.625
vt 0.1328125 0.625
vt 0.1328125 0.58984375
vt 0.3828125 0.84765625
vt 0.3828125 0.8828125
vt 0.375 0.8828125
vt 0.375 0.84765625
vt 0.296875 0.546875
vt 0.296875 0.5546875
vt 0.2734375 0.5546875
vt 0.2734375 0.546875
vt 0.46875 0.65625
vt 0.46875 0.6640625
vt 0.4453125 0.6640625
vt 0.4453125 0.65625
vt 0.5078125 0.7578125
vt 0.5078125 0.734375
vt 0.51171875 0.734375
vt 0.51171875 0.7578125
vt 0.2578125 0.46875
vt 0.2578125 0.4921875
vt 0.26171875 0.4921875
vt 0.26171875 0.46875
vt 0.55078125 0.5859375
vt 0.55078125 0.59375
vt 0.546875 0.59375
vt 0.546875 0.5859375
vt 0.41015625 0.4453125
vt 0.41015625 0.453125
vt 0.40625 0.453125
vt 0.40625 0.4453125
vt 0.46875 0.5703125
vt 0.46875 0.578125
vt 0.4453125 0.578125
vt 0.4453125 0.5703125
vt 0.46875 0.5546875
vt 0.46875 0.5625
vt 0.4453125 0.5625
vt 0.4453125 0.5546875
vt 0.5078125 0.7265625
vt 0.5078125 0.703125
vt 0.51171875 0.703125
vt 0.51171875 0.7265625
vt 0.2890625 0.46875
vt 0.2890625 0.4921875
vt 0.29296875 0.4921875
vt 0.29296875 0.46875
vt 0.55078125 0.546875
vt 0.55078125 0.5546875
vt 0.546875 0.5546875
vt 0.546875 0.546875
vt 0.42578125 0.4453125
vt 0.42578125 0.453125
vt 0.421875 0.453125
vt 0.421875 0.4453125
vt 0.42578125 0.935546875
vt 0.42578125 0.9453125
vt 0.3984375 0.9453125
vt 0.3984375 0.935546875
vt 0.42578125 0.826171875
vt 0.42578125 0.8359375
vt 0.3984375 0.8359375
vt 0.3984375 0.826171875
vt 0.265625 0.8828125
vt 0.265625 0.85546875
vt 0.28515625 0.85546875
vt 0.28515625 0.8828125
vt 0 0.69921875
vt 0 0.7265625
vt 0.01953125 0.7265625
vt 0.01953125 0.69921875
vt 0.16015625 0.544921875
vt 0.16015625 0.5546875
vt 0.140625 0.5546875
vt 0.140625 0.544921875
vt 0.45703125 0.935546875
vt 0.45703125 0.9453125
vt 0.4375 0.9453125
vt 0.4375 0.935546875
vn 1 0 0
vn -1 0 0
vn 0 0.9117620435770886 0.41071885261347724
vn 0 -0.9117620435770886 -0.41071885261347724
vn 0 -0.41071885261347724 0.9117620435770886
vn 0 0.41071885261347724 -0.9117620435770886
vn 1 0 0
vn -1 0 0
vn 0 1 9.43689570931383e-16
vn 0 -1 -9.43689570931383e-16
vn 0 6.106226635438361e-16 1
vn 0 -6.106226635438361e-16 -1
vn 0.923879532511287 -0.38268343236508934 -3.885780586188048e-16
vn -0.9238795325112864 0.3826834323650907 3.3306690738754696e-16
vn 0.3826834323650874 0.9238795325112877 9.43689570931383e-16
vn -0.38268343236509417 -0.923879532511285 -8.881784197001252e-16
vn 0 7.216449660063518e-16 1
vn 0 -7.771561172376096e-16 -1
vn -0.923879532511287 -0.38268343236508934 -3.608224830031759e-16
vn 0.9238795325112864 0.3826834323650907 3.608224830031759e-16
vn -0.3826834323650875 0.9238795325112878 8.881784197001252e-16
vn 0.38268343236509417 -0.923879532511285 -9.43689570931383e-16
vn 0 7.771561172376096e-16 1
vn 0 -7.216449660063518e-16 -1
vn -1 0 0
vn 1 0 0
vn 0 1 9.43689570931383e-16
vn 0 -1 -9.43689570931383e-16
vn 0 6.106226635438361e-16 1
vn 0 -6.106226635438361e-16 -1
vn 0.7637313235516643 0.4219469389393117 -0.4885440063553823
vn -0.7637313235516634 -0.42194693893931157 0.48854400635538375
vn -0.6441733484050772 0.4490367596938228 -0.6191984218715865
vn 0.6441733484050771 -0.44903675969382273 0.6191984218715865
vn -0.04189466112310787 0.787608258694263 0.6147504113101276
vn 0.04189466112310654 -0.7876082586942637 -0.6147504113101266
vn 0.7897780809180223 0.5799148196687588 -0.1998734220200298
vn -0.789778080918024 -0.579914819668758 0.19987342202002514
vn -0.6106985790401249 0.7739003976097641 -0.16770635091677738
vn 0.6106985790401268 -0.7739003976097621 0.16770635091678
vn 0.057426722523712316 0.2545132148003391 0.9653627271819548
vn -0.05742672252371797 -0.2545132148003378 -0.9653627271819548
vn 0.7897780809180245 0.5799148196687578 -0.1998734220200237
vn -0.789778080918023 -0.5799148196687599 0.19987342202002403
vn -0.610698579040126 0.7739003976097651 -0.16770635091676933
vn 0.6106985790401243 -0.7739003976097657 0.16770635091677344
vn 0.0574267225237149 0.2545132148003353 0.9653627271819555
vn -0.05742672252371764 -0.254513214800332 -0.9653627271819563
vn 0.7966569004301692 0.5900306501538819 0.13115492699850437
vn -0.7966569004301742 -0.5900306501538762 -0.13115492699850045
vn -0.6002719341033843 0.7977374345176016 0.057346235247466626
vn 0.6002719341033885 -0.7977374345175978 -0.057346235247472954
vn 0.07079115852118925 0.12441389572016318 -0.989701871488056
vn -0.07079115852118938 -0.12441389572016859 0.9897018714880552
vn 0.7966569004301739 0.5900306501538761 0.13115492699850298
vn -0.7966569004301688 -0.5900306501538836 -0.1311549269984994
vn -0.600271934103386 0.7977374345176005 0.05734623524746486
vn 0.6002719341033816 -0.7977374345176041 -0.05734623524745658
vn 0.07079115852118811 0.12441389572017192 -0.9897018714880549
vn -0.07079115852118979 -0.12441389572016792 0.9897018714880552
vn -0.7897780809180222 0.5799148196687589 -0.19987342202002986
vn 0.789778080918024 -0.5799148196687581 0.1998734220200252
vn 0.610698579040125 0.7739003976097643 -0.16770635091677746
vn -0.6106985790401269 -0.7739003976097623 0.16770635091678018
vn -0.057426722523712316 0.25451321480033906 0.9653627271819548
vn 0.05742672252371797 -0.2545132148003377 -0.9653627271819547
vn -0.7637313235516644 0.4219469389393118 -0.4885440063553824
vn 0.7637313235516626 -0.4219469389393122 0.48854400635538464
vn 0.6441733484050771 0.44903675969382295 -0.6191984218715864
vn -0.6441733484050771 -0.44903675969382273 0.6191984218715865
vn 0.041894661123107926 0.7876082586942628 0.6147504113101276
vn -0.041894661123106504 -0.7876082586942635 -0.6147504113101268
vn -0.7897780809180246 0.5799148196687579 -0.19987342202002376
vn 0.789778080918023 -0.5799148196687599 0.19987342202002403
vn 0.610698579040126 0.7739003976097651 -0.16770635091676922
vn -0.6106985790401243 -0.7739003976097658 0.16770635091677352
vn -0.05742672252371491 0.2545132148003355 0.9653627271819556
vn 0.05742672252371762 -0.2545132148003319 -0.9653627271819563
vn -0.7966569004301692 0.5900306501538819 0.13115492699850428
vn 0.7966569004301742 -0.5900306501538762 -0.13115492699850048
vn 0.6002719341033843 0.7977374345176016 0.057346235247466515
vn -0.6002719341033885 -0.7977374345175978 -0.057346235247472954
vn -0.07079115852118924 0.12441389572016318 -0.989701871488056
vn 0.07079115852118939 -0.12441389572016859 0.9897018714880552
vn -0.7966569004301739 0.5900306501538761 0.13115492699850304
vn 0.7966569004301688 -0.5900306501538835 -0.13115492699849948
vn 0.6002719341033861 0.7977374345176005 0.05734623524746486
vn -0.6002719341033818 -0.7977374345176043 -0.05734623524745665
vn -0.07079115852118813 0.12441389572017189 -0.989701871488055
vn 0.07079115852118982 -0.12441389572016792 0.9897018714880552
vn 0.8745819258489657 -0.15787277524965038 0.4584568047409572
vn -0.8745819258489654 0.15787277524964957 -0.4584568047409575
vn -0.4848375308020509 -0.2725526334192525 0.8310521227588562
vn 0.4848375308020484 0.27255263341925284 -0.8310521227588578
vn -0.006246895555927605 -0.9491002311933149 -0.3149122535639252
vn 0.006246895555929133 0.9491002311933154 0.3149122535639232
vn 0.8743396463647538 -0.17441322285930838 0.4528909476756925
vn -0.8607505645528039 0.31715075830834727 -0.39815055208610434
vn -0.5896229071094405 -0.24879475473284202 0.768404839540484
vn 0.4848376293984345 0.27255343882472094 -0.8310518010955307
vn -0.02150943779050467 -0.9462001113277515 -0.322866370824351
vn 0.029323959122116005 0.9464538880066546 0.32150449965512395
vn 0.9847812175509155 -0.060536915071944974 0.16291481047623793
vn -0.9847812175509154 0.060536915071946 -0.16291481047623843
vn -0.17150936909637224 -0.1868565667809895 0.967299932680131
vn 0.17150936909637535 0.18685656678099014 -0.9672999326801305
vn -0.028115651710389974 -0.9805202218028926 -0.19439548545299729
vn 0.02811565171038849 0.9805202218028923 0.19439548545299948
vn 0.9905706639311802 -0.05790016998554416 0.12416654168730748
vn -0.9905706639311804 0.057900169985544286 -0.12416654168730731
vn -0.12801390507592952 -0.06829296331158496 0.9894182691204634
vn 0.12801390507593013 0.06829296331158491 -0.9894182691204632
vn -0.04880778489290116 -0.9959837556294618 -0.07506103287379597
vn 0.0488077848929041 0.995983755629462 0.07506103287379286
vn 0.9581977173628188 -0.27077215580255876 0.09240981594353999
vn -0.9581977173628183 0.2707721558025594 -0.09240981594354103
vn 0.2850915273675633 0.8764353833517229 -0.38805133659394697
vn -0.285091527367566 -0.8764353833517204 0.3880513365939502
vn 0.024082264509667363 0.39817516051501395 0.9169932312099853
vn -0.024082264509667665 -0.3981751605150154 -0.9169932312099847
vn 0.9954048147836353 -0.09458528358978405 0.01492912702729398
vn -0.9954048147836353 0.09458528358978399 -0.014929127027294094
vn 0.0926784723743498 0.912419950284453 -0.39862329972202265
vn -0.092678472374352 -0.9124199502844528 0.39862329972202265
vn 0.024082264509669188 0.39817516051501345 0.9169932312099853
vn -0.024082264509666947 -0.3981751605150152 -0.9169932312099847
vn 0.9550199444571867 -0.2965415749755705 1.1102230246251565e-16
vn -0.9550199444571867 0.29654157497557077 -1.1102230246251565e-16
vn 0.29654157497556854 0.9550199444571874 -2.7755575615628914e-16
vn -0.296541574975573 -0.9550199444571862 2.2204460492503136e-16
vn -3.656936365208957e-16 1.6653345369377348e-16 1
vn 3.6569363652089604e-16 -4.996003610813204e-16 -1
vn 0.9581978145992043 -0.27077184859385556 -0.09240970785786119
vn -0.9912910236080833 0.12946580325563184 0.024097972973106528
vn 0.2840770879001826 0.8620056275494339 0.41981722952167955
vn -0.49060513146070284 -0.7799150638485571 -0.38863748939921855
vn -0.03401699909546033 -0.4285194325607323 0.9028919867239754
vn 0.034331428265796576 0.42947333948434313 -0.9024267303805872
vn 0.9825122770008458 -0.10457465411254284 -0.1540576751085633
vn -0.9825122770008455 0.10457465411254295 0.15405767510856355
vn 0.07726782748487102 0.9817718339577536 -0.17364834834514703
vn -0.07726782748487195 -0.9817718339577535 0.17364834834514745
vn 0.16940870219200707 0.15870793226701788 0.9726831364103872
vn -0.16940870219201054 -0.15870793226701763 -0.9726831364103865
vn 0.9969173785927297 -0.07845852573047757 -1.2461205820685217e-8
vn -0.9969173785927297 0.07845852573047776 1.2461205702724021e-8
vn 0.0554785907252839 0.7049273728703829 0.7071064452748232
vn -0.055478590725279005 -0.7049273728703832 -0.7071064452748232
vn -0.05547852044653201 -0.7049267045007308 0.707107117098112
vn 0.055478520446535805 0.7049267045007305 -0.7071071170981121
vn 0.7276705929474009 -0.5110972083582159 -0.457466011598694
vn -0.7276705929473997 0.511097208358217 0.4574660115986948
vn 0.6837180356111586 0.48697717812465524 0.5434913759810419
vn -0.6837180356111616 -0.48697717812465385 -0.5434913759810394
vn -0.05500141761440378 -0.7082604546310527 0.7038053512628477
vn 0.05500141761439861 0.7082604546310597 -0.7038053512628412
vn 0.691972984984709 -0.5408537907748189 0.47817419948786477
vn -0.6919729849847094 0.5408537907748183 -0.4781741994878647
vn 0.7196807246454988 0.46463628771497567 -0.5159193490383708
vn -0.7196807246454977 -0.4646362877149765 0.5159193490383714
vn 0.05685985073036239 0.7011350063596554 0.7107578070144337
vn -0.05685985073035731 -0.7011350063596592 -0.7107578070144304
vn 0.9825122770008458 0.10457465411254277 0.15405767510856352
vn -0.9825122770008458 -0.10457465411254262 -0.15405767510856364
vn -0.07726782748487067 0.9817718339577535 -0.17364834834514747
vn 0.07726782748487566 -0.9817718339577532 0.1736483483451474
vn -0.16940870219200924 0.15870793226701752 0.9726831364103867
vn 0.1694087021920105 -0.15870793226701796 -0.9726831364103864
vn 0.8745819258489661 0.15787277524965068 -0.4584568047409559
vn -0.8745819258489657 -0.15787277524964977 0.4584568047409572
vn 0.48483753080204817 -0.27255263341925423 0.8310521227588574
vn -0.48483753080205055 0.2725526334192524 -0.8310521227588563
vn 0.006246895555933299 -0.9491002311933157 -0.3149122535639227
vn -0.006246895555931776 0.949100231193315 0.31491225356392466
vn 0.9350084155303148 0.31974585566039887 -0.15336834965366877
vn -0.8745819258489654 -0.15787277524965007 0.4584568047409572
vn 0.6441727494246904 -0.06756536784702266 0.7618900117250071
vn -0.4848375308020494 0.27255263341925257 -0.8310521227588572
vn 0.006246895555927713 -0.9491002311933147 -0.3149122535639259
vn -0.008625276763443589 0.9486673904504161 0.31615785123376566
vn 0.9847812175509155 0.060536915071945724 -0.16291481047623782
vn -0.9847812175509155 -0.060536915071945196 0.16291481047623818
vn 0.17150936909637382 -0.186856566780991 0.9672999326801306
vn -0.17150936909637543 0.18685656678099047 -0.9672999326801304
vn 0.028115651710389735 -0.9805202218028927 -0.19439548545299665
vn -0.028115651710389374 0.9805202218028927 0.1943954854529966
vn 0.9905706639311802 0.0579001699855443 -0.12416654168730755
vn -0.9905706639311802 -0.057900169985544175 0.12416654168730754
vn 0.12801390507592908 -0.0682929633115858 0.9894182691204634
vn -0.1280139050759317 0.0682929633115862 -0.989418269120463
vn 0.04880778489290402 -0.995983755629462 -0.07506103287379313
vn -0.04880778489290013 0.995983755629462 0.07506103287379558
vn 0.9581977173628187 0.2707721558025589 -0.09240981594354045
vn -0.9581977173628184 -0.27077215580255926 0.09240981594354092
vn -0.2850915273675652 0.8764353833517219 -0.38805133659394786
vn 0.2850915273675662 -0.8764353833517202 0.3880513365939507
vn -0.024082264509667776 0.39817516051501545 0.9169932312099845
vn 0.024082264509669157 -0.3981751605150125 -0.9169932312099858
vn 0.9954048147836353 0.09458528358978419 -0.014929127027294077
vn -0.9954048147836353 -0.09458528358978442 0.014929127027294042
vn -0.09267847237434966 0.9124199502844527 -0.39862329972202315
vn 0.09267847237435188 -0.9124199502844534 0.398623299722021
vn -0.024082264509669177 0.39817516051501395 0.9169932312099853
vn 0.02408226450966677 -0.3981751605150131 -0.9169932312099857
vn 0.9550199444571867 0.29654157497557065 -1.1102230246251565e-16
vn -0.9550199444571867 -0.2965415749755705 1.1102230246251565e-16
vn -0.29654157497556854 0.9550199444571874 -2.7755575615628914e-16
vn 0.29654157497556977 -0.955019944457187 1.1102230246251565e-16
vn 7.313872730417917e-16 -1.6653345369377348e-16 1
vn -3.656936365208957e-16 -1.6653345369377348e-16 -1
vn 0.9665895507020538 0.2437625103849042 0.07927470595625906
vn -0.9581978145992043 -0.2707718485938557 -0.09240970785786093
vn -0.2840770879001826 0.8620056275494345 0.4198172295216786
vn 0.4932281832559651 -0.8044587598931947 -0.33101671086687356
vn 0.03565001904253394 -0.43346930188598515 0.9004629034361957
vn -0.0340169990954586 0.4285194325607324 -0.9028919867239756
vn 0.9969173785927298 0.07845852573047725 1.246120560211006e-8
vn -0.9969173785927297 -0.07845852573047751 -1.2461205754765725e-8
vn -0.05547859072528383 0.7049273728703821 0.7071064452748241
vn 0.05547859072527973 -0.7049273728703823 -0.7071064452748241
vn 0.055478520446534195 -0.7049267045007304 0.7071071170981124
vn -0.055478520446535694 0.7049267045007303 -0.7071071170981124
vn 1 0 0
vn -1 0 0
vn 0 0.9238795325112877 0.38268343236508756
vn 0 -0.9238795325112877 -0.38268343236508756
vn 0 -0.38268343236509006 0.9238795325112866
vn 0 0.38268343236509006 -0.9238795325112866
vn 0.90630778703665 0.16172900698309833 -0.39044836208773004
vn -0.9063077870366503 -0.16172900698309825 0.3904483620877298
vn 1.931519836696865e-17 0.923879532511286 0.38268343236509217
vn 1.1137216265935148e-15 -0.9238795325112867 -0.3826834323650899
vn 0.4226182617406993 -0.3468289747223941 0.8373192145987591
vn -0.4226182617406993 0.34682897472239327 -0.8373192145987597
vn 0.9063077870366502 -0.16172900698309828 0.3904483620877299
vn -0.90630778703665 0.16172900698309872 -0.39044836208772987
vn 1.0524960921472728e-15 0.9238795325112868 0.38268343236509006
vn -9.657599183484322e-18 -0.923879532511286 -0.38268343236509217
vn -0.4226182617406992 -0.34682897472239327 0.8373192145987595
vn 0.4226182617406992 0.34682897472239327 -0.8373192145987595
vn 0.9063077870366505 0.1617290069830981 -0.3904483620877296
vn -0.9063077870366504 -0.16172900698309817 0.3904483620877297
vn 3.0097452308197546e-14 0.9238795325112933 0.38268343236507396
vn -1.6508785079712588e-14 -0.9238795325112884 -0.38268343236508584
vn 0.42261826174069844 -0.34682897472239343 0.83731921459876
vn -0.4226182617406989 0.3468289747223933 -0.8373192145987596
vn 0.9063077870366504 -0.1617290069830982 0.39044836208772965
vn -0.9063077870366503 0.1617290069830981 -0.39044836208772954
vn -3.259834531939744e-14 0.9238795325112913 0.3826834323650789
vn 1.4007892068512695e-14 -0.9238795325112905 -0.3826834323650809
vn -0.42261826174069844 -0.34682897472239343 0.83731921459876
vn 0.42261826174069883 0.34682897472239327 -0.8373192145987597
vn 0.9539166113383555 -0.2213017089571655 0.20265402099486418
vn -0.9107121483402292 0.3701922946921128 -0.18319674619411858
vn 0.1480167768172518 0.9344929284096963 0.3237499042979043
vn -0.348594507262222 -0.8636148876987313 -0.3642131179017532
vn -0.9357492734285411 0.22579210433802938 0.27090814475862846
vn 0.26102515662932907 0.2788342166322621 -0.9241846932522239
vn -0.044617775671933875 0.06380339078839121 -0.9969645838333441
vn 0.04972900164602144 -0.06958753284414478 0.996335586872192
vn -0.053003521803714294 0.9964016249501904 0.06613946229765838
vn 0.052248375286243445 -0.995192490000857 -0.082837281014301
vn -0.6054996464155878 -0.08473611510525529 0.791321659622348
vn 0.997597053308846 0.05579362974860137 -0.0410754197663742
vn -0.42244444610988474 -0.017240956296182997 -0.90622482827216
vn 0.42995682764505594 -0.037008481207408746 0.9020906266446409
vn -0.24090321910863285 0.9660423272864818 0.0934230213278085
vn 0.23994955369952087 -0.9680594140656975 -0.07269926078152007
vn -0.9975968074565481 -0.05579261786672325 0.04108276456229374
vn 0.8872597283106036 0.22161233901279143 -0.40454683995240115
vn -0.9515621243895674 -0.2709968002775727 -0.1452248520967782
vn 0.966748152911461 0.19253409911563021 0.1683111093184615
vn -0.2848437796302621 0.954515987111859 0.08810931593095217
vn 0.24315328946328174 -0.9653787674360585 -0.09444740974119853
vn -0.8872583868703096 -0.2216108190620272 0.40455061463672737
vn 0.16732628764530824 0.1475462256569381 -0.9747984534031799
vn -0.9294978220334377 -0.3687803052263052 -0.005906378949001813
vn 0.9578876714405493 0.2871309541091101 0.0026503008498404428
vn -0.36867624415267836 0.9285465846165687 0.043348208664028776
vn 0.27697471976718563 -0.9598449244048755 -0.044527808211138276
vn -0.1673288656348068 -0.14754843728507688 0.9747976761257182
vn -0.0008813911581475548 0.046485776148648184 -0.9989185631298901
vn -0.9539166113383555 -0.22130170895716547 0.2026540209948642
vn 0.9107121483402292 0.3701922946921128 -0.18319674619411863
vn -0.14801677681725184 0.9344929284096963 0.3237499042979043
vn 0.34859450726222174 -0.8636148876987314 -0.36421311790175326
vn 0.9357492734285412 0.2257921043380295 0.2709081447586285
vn -0.2610251566293292 0.27883421663226204 -0.9241846932522239
vn 0.9250394856272629 -0.37109366138582933 0.08118771156836897
vn -0.9534888529194583 0.28945274427866835 -0.08411965399289148
vn 0.36869147046825856 0.92854051976602 0.04334861885461461
vn -0.2773556080622663 -0.9600890263250532 -0.036096096833619036
vn 0.08719828571089125 -0.11641557021405763 0.9893653895203822
vn 0.08189432625576305 0.014208004739303393 -0.996539739262034
vn 0.9516252464437605 -0.2710710038454881 -0.1446717014659456
vn -0.9699731536135819 0.1960308332062016 0.1439583054269707
vn 0.07850290514718823 0.9841575928792006 0.15896894747613227
vn -0.2433783480915367 -0.9653534672946478 -0.09412578213452785
vn 0.8986514522248413 -0.21886108182234246 0.38016495666715266
vn -0.286232777275676 0.17095948482923534 -0.9427850506663626
vn 0.3021529284452784 0.01217048781288177 -0.9531817702087777
vn -0.268461571240214 -0.06855284321770627 0.9608480069469907
vn 0.3313164481432801 0.9057056090097095 -0.26443668618040217
vn -0.2355252330471155 -0.9695276390568167 -0.06740935916486136
vn 0.9902046664299705 -0.01956729081467641 -0.1382455775440393
vn -0.8984367788511538 0.2194622832983947 -0.3803257296279311
vn 0.04461777567193388 0.06380339078839131 -0.9969645838333441
vn -0.046888887813665854 -0.06335105182654299 0.9968891996767084
vn 0.053003521803714294 0.9964016249501904 0.06613946229765832
vn -0.05137381681165932 -0.9934821408876453 -0.10175444306517176
vn 0.8231869214424993 -0.08109065930924714 0.5619498174559827
vn -0.997597053308846 0.055793629748601345 -0.041075419766374154
vn 0.9622501620916508 0.2675933786787895 -0.04968308808701179
vn 0.9000394365534937 0.1814596409222424 0.3962340361009393
vn 0.9622502002358173 0.26759323910774724 -0.04968310105009183
vn 0.9156721707283579 0.12273740350888629 0.38272706402018936
vn 6.681549836004842e-16 -0.29240174777841077 0.956295570363123
vn -6.681549836004844e-16 0.2924017477784118 -0.9562955703631227
vn -8.497404440343345e-17 0.9562955703631231 0.29240174777841044
vn 0 -0.9562955703631231 -0.29240174777841044
vn -1 -1.1051273287633409e-16 3.6143025040482995e-16
vn 1 1.1051273287633408e-16 -3.614302504048299e-16
vn 0.4422886902190019 0.2472116309804125 0.8621294125665615
vn -0.44228869021900175 -0.24721163098041282 -0.8621294125665614
vn 3.550131764789741e-15 0.9612616959383183 -0.2756373558170012
vn 6.132045775545914e-16 -0.9612616959383189 0.2756373558169991
vn -0.8968727415326885 0.12191128507972912 0.42515517645425466
vn 0.8968727415326885 -0.12191128507972981 -0.42515517645425455
vn 0.44228869021900064 -0.24721163098041293 -0.8621294125665621
vn -0.44228869021899964 0.2472116309804137 0.8621294125665622
vn 2.8723793369662493e-15 0.9612616959383193 -0.2756373558169982
vn 9.036699037646637e-16 -0.9612616959383198 0.2756373558169963
vn 0.8968727415326883 0.1219112850797299 0.4251551764542553
vn -0.8968727415326887 -0.12191128507972851 -0.4251551764542545
vn 0.4422886902190024 -0.2472116309804126 -0.8621294125665611
vn -0.4422886902190005 0.24721163098041354 0.8621294125665618
vn 1.242546117676412e-15 0.9612616959383187 -0.27563735581700044
vn 5.0347323209745596e-15 -0.9612616959383193 0.2756373558169982
vn 0.8968727415326878 0.12191128507972934 0.42515517645425605
vn -0.8968727415326881 -0.12191128507972882 -0.4251551764542555
vn 0.44228869021900064 0.2472116309804142 0.8621294125665615
vn -0.4422886902190007 -0.24721163098041288 -0.8621294125665618
vn -4.518349518823341e-16 0.9612616959383204 -0.27563735581699356
vn -2.170421465291922e-15 -0.9612616959383191 0.2756373558169983
vn -0.8968727415326874 0.12191128507973045 0.4251551764542571
vn 0.8968727415326869 -0.12191128507972918 -0.4251551764542578
vn 0.6087614290087209 -0.7933533402912349 -5.551115123125783e-17
vn -0.6087614290087207 0.7933533402912354 -1.2212453270876724e-15
vn 8.811293846231396e-16 -3.885780586188048e-16 1
vn -4.405646923115715e-17 -2.0539125955565396e-15 -1
vn -0.7933533402912354 -0.6087614290087203 5.551115123125783e-17
vn 0.7933533402912353 0.6087614290087205 5.551115123125783e-17
vn 0 -1 4.996003610813205e-16
vn 0 1 5.551115123125784e-17
vn 0 1.3877787807814457e-15 1
vn 0 1.1102230246251565e-15 -1
vn -1 0 0
vn 1 0 0
vn 0 -0.9025852843498601 -0.4305110968082967
vn -1.3329691922829644e-15 0.9025852843498605 0.43051109680829563
vn 0 0.4305110968082967 -0.9025852843498601
vn 0 -0.4305110968082965 0.9025852843498602
vn 1 0 0
vn -1 6.069375644866028e-17 -1.272471065870548e-16
vn 0 -0.017452406437284185 -0.9998476951563913
vn 0 0.0174524064372838 0.9998476951563913
vn 0 0.9998476951563914 -0.0174524064372843
vn 0 -0.9998476951563914 0.017452406437285132
vn 1 0 0
vn -1 0 0
vn 0 -0.6190939493098342 0.7853169308807448
vn 0 0.6190939493098322 -0.7853169308807463
vn 0 0.7853169308807455 0.6190939493098333
vn 0 -0.7853169308807453 -0.6190939493098339
vn -1 0 0
vn 1 0 0
vn 6.681549836004849e-16 -0.29240174777841066 0.9562955703631231
vn -6.681549836004844e-16 0.2924017477784118 -0.9562955703631227
vn -8.497404440343147e-17 0.9562955703631223 0.2924017477784134
vn 0 -0.9562955703631231 -0.29240174777841044
vn -1 -1.1051273287633405e-16 3.614302504048301e-16
vn 1 1.105127328763341e-16 -3.6143025040483005e-16
vn 0 -0.997564172006319 -0.06975473266630317
vn 0 0.9975641720063186 0.06975473266630879
vn 0 0.06975473266630162 -0.9975641720063192
vn 0 -0.0697547326663019 0.9975641720063191
vn 1 0 0
vn -1 0 0
vn 0 -0.9816271834476633 0.19080899537654855
vn 0 0.9816271834476633 -0.19080899537654855
vn 0 0.1908089953765449 0.981627183447664
vn 0 -0.1908089953765449 -0.981627183447664
vn -1 -3.6327503355384595e-16 7.061351332421308e-17
vn 1 3.6327503355384595e-16 -7.061351332421308e-17
vn 0 -0.900698239322589 0.4344452574044151
vn 0 0.9006982393225869 -0.4344452574044191
vn 0 0.43444525740441636 0.9006982393225884
vn 0 -0.434445257404417 -0.900698239322588
vn -1 -3.404173356715825e-16 1.6419783070964505e-16
vn 1 3.4041733567158165e-16 -1.6419783070964653e-16
vn 0 -0.27563735581699905 -0.9612616959383189
vn -2.696898035526689e-16 0.2756373558169992 0.9612616959383189
vn 0 0.9612616959383169 -0.275637355817006
vn 0 -0.9612616959383189 0.2756373558169996
vn 1 0 0
vn -1 0 0
vn 0.6087614290087202 -0.7160690502366763 -0.3415474166853048
vn -0.6087614290087193 0.7160690502366771 0.34154741668530514
vn -7.477709529021233e-16 0.4305110968082954 -0.9025852843498605
vn 1.6190752442450206e-15 -0.4305110968082965 0.90258528434986
vn 0.7933533402912344 0.5494591075030643 0.26207855049713086
vn -0.7933533402912355 -0.5494591075030629 -0.26207855049713025
vn 0.6087614290087204 0.7933533402912353 5.551115123125783e-17
vn -0.608761429008722 -0.7933533402912342 5.551115123125783e-17
vn 3.5245175384925745e-16 5.551115123125783e-17 1
vn -2.0265975846332226e-15 -2.1649348980190553e-15 -1
vn 0.7933533402912344 -0.6087614290087218 -5.551115123125783e-17
vn -0.7933533402912333 0.6087614290087233 -8.604228440844965e-16
vn 0.6087614290087203 0.7160690502366767 0.341547416685304
vn -0.6087614290087203 -0.7160690502366771 -0.34154741668530314
vn 2.328734848053718e-15 0.4305110968082961 -0.9025852843498602
vn 8.673617379884043e-17 -0.43051109680829436 0.902585284349861
vn -0.7933533402912343 0.5494591075030651 0.262078550497129
vn 0.7933533402912345 -0.5494591075030646 -0.26207855049713025
vn 0.6087614290087207 0.7160690502366762 -0.3415474166853046
vn -0.6087614290087202 -0.7160690502366768 0.34154741668530425
vn -1.6653345369377324e-15 0.4305110968082951 0.9025852843498609
vn -1.5673736818237508e-15 -0.4305110968082954 -0.9025852843498605
vn 0.793353340291235 -0.5494591075030636 0.26207855049712947
vn -0.7933533402912356 0.5494591075030631 -0.2620785504971293
vn 0.6087614290087211 -0.23195406854842537 0.7586875724796684
vn -0.6087614290087211 0.23195406854842526 -0.7586875724796686
vn -1.5728159515523072e-15 0.9563047559630351 0.2923717047227379
vn 4.625929269271491e-16 -0.9563047559630354 -0.29237170472273716
vn -0.7933533402912347 -0.17798461676872876 0.5821614498078942
vn 0.7933533402912346 0.17798461676872884 -0.5821614498078942
vn 0.6087614290087204 0.23195406854842637 -0.7586875724796689
vn -0.6087614290087204 -0.23195406854842565 0.7586875724796691
vn -8.002857635839685e-16 0.9563047559630357 0.29237170472273627
vn -9.251858538542967e-17 -0.9563047559630353 -0.2923717047227373
vn 0.7933533402912344 -0.1779846167687297 0.5821614498078942
vn -0.7933533402912346 0.17798461676872884 -0.5821614498078942
vn 0.3657955232954847 -0.0028365170475612156 -0.9306909203962513
vn -0.36579552329548354 0.00283651704756116 0.9306909203962519
vn 0.027345724049376588 0.999596368876368 0.007701344388842348
vn -0.027345724049378146 -0.9995963688763679 -0.007701344388837461
vn 0.9302934195796497 -0.028267534385211603 0.3657254434498412
vn -0.9302934195796503 0.028267534385211623 -0.36572544344983954
vn 0.36579552329548415 0.0028365170475615487 0.9306909203962517
vn -0.3657955232954835 -0.002836517047561216 -0.930690920396252
vn -0.02734572404937689 0.999596368876368 0.007701344388840738
vn 0.027345724049377854 -0.999596368876368 -0.0077013443888411266
vn -0.9302934195796498 -0.028267534385211554 0.3657254434498406
vn 0.9302934195796498 0.028267534385211644 -0.36572544344984087
vn 0.6087614290087202 -0.7160690502366768 0.3415474166853038
vn -0.6087614290087205 0.7160690502366767 -0.34154741668530364
vn 1.306144734853124e-15 0.43051109680829486 0.9025852843498609
vn 5.224578939412481e-16 -0.43051109680829575 -0.9025852843498603
vn -0.7933533402912354 -0.5494591075030635 0.26207855049712986
vn 0.7933533402912356 0.549459107503063 -0.26207855049712925
vn 0.9570372816129622 -0.02395536514843096 -0.2889736702252946
vn -0.9570372816129619 0.023955365148430954 0.28897367022529524
vn 0.02734597783792903 0.9995963635691851 0.007701132082309716
vn -0.02734597783792959 -0.9995963635691851 -0.007701132082311437
vn 0.28867254649335644 -0.015272538095123689 0.9573060693849037
vn -0.28867254649335944 0.015272538095123356 -0.9573060693849029
vn 0.9570372816129621 0.023955365148430934 0.2889736702252949
vn -0.957037281612962 -0.023955365148430954 -0.2889736702252948
vn -0.02734597783792947 0.9995963635691851 0.007701132082310937
vn 0.027345977837926246 -0.9995963635691852 -0.007701132082309771
vn -0.28867254649335644 -0.01527253809512297 0.9573060693849037
vn 0.2886725464933597 0.015272538095123467 -0.9573060693849027
vn 0.7276705929474008 0.5110972083582159 0.45746601159869443
vn -0.7276705929474008 -0.5110972083582159 -0.45746601159869443
vn -0.6837180356111608 0.48697717812465385 0.5434913759810406
vn 0.6837180356111608 -0.4869771781246537 -0.5434913759810405
vn 0.05500141761440386 -0.7082604546310529 0.7038053512628476
vn -0.055001417614403796 0.7082604546310529 -0.7038053512628475
vn 0.6919729849847085 0.5408537907748193 -0.478174199487865
vn -0.6919729849847077 -0.5408537907748195 0.478174199487866
vn -0.7196807246455034 0.46463628771497245 -0.5159193490383671
vn 0.7196807246454988 -0.4646362877149758 0.5159193490383704
vn -0.05685985073035719 0.7011350063596593 0.7107578070144304
vn 0.0568598507303533 -0.7011350063596594 -0.7107578070144305
vn 0.1566857530329728 0.029631502728715675 0.987203904389832
vn -0.15668575303297266 -0.029631502728714842 -0.987203904389832
vn 0.9768571234677415 -0.15200534175002586 -0.1504810167754983
vn -0.9768571234677415 0.1520053417500258 0.1504810167754985
vn 0.14560128820453097 0.9879353977490111 -0.052762815956735765
vn -0.14560128820453108 -0.9879353977490112 0.052762815956735154
usemtl m_6787ec29-5791-955c-e929-5579fdada175
f 2/1/1 1/2/1 3/3/1 4/4/1
f 7/5/2 5/6/2 6/7/2 8/8/2
f 5/9/3 1/10/3 2/11/3 6/12/3
f 4/13/4 3/14/4 7/15/4 8/16/4
f 3/17/5 1/18/5 5/19/5 7/20/5
f 6/21/6 2/22/6 4/23/6 8/24/6
f 10/25/7 9/26/7 11/27/7 12/28/7
f 15/29/8 13/30/8 14/31/8 16/32/8
f 13/33/9 9/34/9 10/35/9 14/36/9
f 12/37/10 11/38/10 15/39/10 16/40/10
f 11/41/11 9/42/11 13/43/11 15/44/11
f 14/45/12 10/46/12 12/47/12 16/48/12
f 18/49/13 17/50/13 19/51/13 20/52/13
f 23/53/14 21/54/14 22/55/14 24/56/14
f 21/57/15 17/58/15 18/59/15 22/60/15
f 20/61/16 19/62/16 23/63/16 24/64/16
f 19/65/17 17/66/17 21/67/17 23/68/17
f 22/69/18 18/70/18 20/71/18 24/72/18
f 27/73/19 25/74/19 26/75/19 28/76/19
f 30/77/20 29/78/20 31/79/20 32/80/20
f 26/81/21 25/82/21 29/83/21 30/84/21
f 31/85/22 27/86/22 28/87/22 32/88/22
f 29/89/23 25/90/23 27/91/23 31/92/23
f 28/93/24 26/94/24 30/95/24 32/96/24
f 35/97/25 33/98/25 34/99/25 36/100/25
f 38/101/26 37/102/26 39/103/26 40/104/26
f 34/105/27 33/106/27 37/107/27 38/108/27
f 39/109/28 35/110/28 36/111/28 40/112/28
f 37/113/29 33/114/29 35/115/29 39/116/29
f 36/117/30 34/118/30 38/119/30 40/120/30
f 42/121/31 41/122/31 43/123/31 44/124/31
f 47/125/32 45/126/32 46/127/32 48/128/32
f 45/129/33 41/130/33 42/131/33 46/132/33
f 44/133/34 43/134/34 47/135/34 48/136/34
f 43/137/35 41/138/35 45/139/35 47/140/35
f 46/141/36 42/142/36 44/143/36 48/144/36
f 50/145/37 49/146/37 51/147/37 52/148/37
f 55/149/38 53/150/38 54/151/38 56/152/38
f 53/153/39 49/154/39 50/155/39 54/156/39
f 52/157/40 51/158/40 55/159/40 56/160/40
f 51/161/41 49/162/41 53/163/41 55/164/41
f 54/165/42 50/166/42 52/167/42 56/168/42
f 58/169/43 57/170/43 59/171/43 60/172/43
f 63/173/44 61/174/44 62/175/44 64/176/44
f 61/177/45 57/178/45 58/179/45 62/180/45
f 60/181/46 59/182/46 63/183/46 64/184/46
f 59/185/47 57/186/47 61/187/47 63/188/47
f 62/189/48 58/190/48 60/191/48 64/192/48
f 67/193/49 65/194/49 66/195/49 68/196/49
f 70/197/50 69/198/50 71/199/50 72/200/50
f 66/201/51 65/202/51 69/203/51 70/204/51
f 71/205/52 67/206/52 68/207/52 72/208/52
f 69/209/53 65/210/53 67/211/53 71/212/53
f 68/213/54 66/214/54 70/215/54 72/216/54
f 75/217/55 73/218/55 74/219/55 76/220/55
f 78/221/56 77/222/56 79/223/56 80/224/56
f 74/225/57 73/226/57 77/227/57 78/228/57
f 79/229/58 75/230/58 76/231/58 80/232/58
f 77/233/59 73/234/59 75/235/59 79/236/59
f 76/237/60 74/238/60 78/239/60 80/240/60
f 83/241/61 81/242/61 82/243/61 84/244/61
f 86/245/62 85/246/62 87/247/62 88/248/62
f 82/249/63 81/250/63 85/251/63 86/252/63
f 87/253/64 83/254/64 84/255/64 88/256/64
f 85/257/65 81/258/65 83/259/65 87/260/65
f 84/261/66 82/262/66 86/263/66 88/264/66
f 91/265/67 89/266/67 90/267/67 92/268/67
f 94/269/68 93/270/68 95/271/68 96/272/68
f 90/273/69 89/274/69 93/275/69 94/276/69
f 95/277/70 91/278/70 92/279/70 96/280/70
f 93/281/71 89/282/71 91/283/71 95/284/71
f 92/285/72 90/286/72 94/287/72 96/288/72
f 99/289/73 97/290/73 98/291/73 100/292/73
f 102/293/74 101/294/74 103/295/74 104/296/74
f 98/297/75 97/298/75 101/299/75 102/300/75
f 103/301/76 99/302/76 100/303/76 104/304/76
f 101/305/77 97/306/77 99/307/77 103/308/77
f 100/309/78 98/310/78 102/311/78 104/312/78
f 106/313/79 105/314/79 107/315/79 108/316/79
f 111/317/80 109/318/80 110/319/80 112/320/80
f 109/321/81 105/322/81 106/323/81 110/324/81
f 108/325/82 107/326/82 111/327/82 112/328/82
f 107/329/83 105/330/83 109/331/83 111/332/83
f 110/333/84 106/334/84 108/335/84 112/336/84
f 114/337/85 113/338/85 115/339/85 116/340/85
f 119/341/86 117/342/86 118/343/86 120/344/86
f 117/345/87 113/346/87 114/347/87 118/348/87
f 116/349/88 115/350/88 119/351/88 120/352/88
f 115/353/89 113/354/89 117/355/89 119/356/89
f 118/357/90 114/358/90 116/359/90 120/360/90
f 124/361/91 122/362/91 121/363/91 123/364/91
f 127/365/92 125/366/92 126/367/92 128/368/92
f 121/369/93 122/370/93 126/371/93 125/372/93
f 124/373/94 123/374/94 127/375/94 128/376/94
f 123/377/95 121/378/95 125/379/95 127/380/95
f 128/381/96 126/382/96 122/383/96 124/384/96
f 132/385/97 130/386/97 129/387/97 131/388/97
f 135/389/98 133/390/98 134/391/98 136/392/98
f 129/393/99 130/394/99 134/395/99 133/396/99
f 132/397/100 131/398/100 135/399/100 136/400/100
f 131/401/101 129/402/101 133/403/101 135/404/101
f 136/405/102 134/406/102 130/407/102 132/408/102
f 140/409/103 138/410/103 137/411/103 139/412/103
f 143/413/104 141/414/104 142/415/104 144/416/104
f 137/417/105 138/418/105 142/419/105 141/420/105
f 140/421/106 139/422/106 143/423/106 144/424/106
f 139/425/107 137/426/107 141/427/107 143/428/107
f 144/429/108 142/430/108 138/431/108 140/432/108
f 148/433/109 146/434/109 145/435/109 147/436/109
f 151/437/110 149/438/110 150/439/110 152/440/110
f 145/441/111 146/442/111 150/443/111 149/444/111
f 148/445/112 147/446/112 151/447/112 152/448/112
f 147/449/113 145/450/113 149/451/113 151/452/113
f 152/453/114 150/454/114 146/455/114 148/456/114
f 156/457/115 154/458/115 153/459/115 155/460/115
f 159/461/116 157/462/116 158/463/116 160/464/116
f 153/465/117 154/466/117 158/467/117 157/468/117
f 156/469/118 155/470/118 159/471/118 160/472/118
f 155/473/119 153/474/119 157/475/119 159/476/119
f 160/477/120 158/478/120 154/479/120 156/480/120
f 164/481/121 162/482/121 161/483/121 163/484/121
f 167/485/122 165/486/122 166/487/122 168/488/122
f 161/489/123 162/490/123 166/491/123 165/492/123
f 164/493/124 163/494/124 167/495/124 168/496/124
f 163/497/125 161/498/125 165/499/125 167/500/125
f 168/501/126 166/502/126 162/503/126 164/504/126
f 172/505/127 170/506/127 169/507/127 171/508/127
f 175/509/128 173/510/128 174/511/128 176/512/128
f 169/513/129 170/514/129 174/515/129 173/516/129
f 172/517/130 171/518/130 175/519/130 176/520/130
f 171/521/131 169/522/131 173/523/131 175/524/131
f 176/525/132 174/526/132 170/527/132 172/528/132
f 180/529/133 178/530/133 177/531/133 179/532/133
f 183/533/134 181/534/134 182/535/134 184/536/134
f 177/537/135 178/538/135 182/539/135 181/540/135
f 180/541/136 179/542/136 183/543/136 184/544/136
f 179/545/137 177/546/137 181/547/137 183/548/137
f 184/549/138 182/550/138 178/551/138 180/552/138
f 188/553/139 186/554/139 185/555/139 187/556/139
f 191/557/140 189/558/140 190/559/140 192/560/140
f 185/561/141 186/562/141 190/563/141 189/564/141
f 188/565/142 187/566/142 191/567/142 192/568/142
f 187/569/143 185/570/143 189/571/143 191/572/143
f 192/573/144 190/574/144 186/575/144 188/576/144
f 196/577/145 194/578/145 193/579/145 195/580/145
f 199/581/146 197/582/146 198/583/146 200/584/146
f 193/585/147 194/586/147 198/587/147 197/588/147
f 196/589/148 195/590/148 199/591/148 200/592/148
f 195/593/149 193/594/149 197/595/149 199/596/149
f 200/597/150 198/598/150 194/599/150 196/600/150
f 204/601/151 202/602/151 201/603/151 203/604/151
f 207/605/152 205/606/152 206/607/152 208/608/152
f 201/609/153 202/610/153 206/611/153 205/612/153
f 204/613/154 203/614/154 207/615/154 208/616/154
f 203/617/155 201/618/155 205/619/155 207/620/155
f 208/621/156 206/622/156 202/623/156 204/624/156
f 212/625/157 210/626/157 209/627/157 211/628/157
f 215/629/158 213/630/158 214/631/158 216/632/158
f 209/633/159 210/634/159 214/635/159 213/636/159
f 212/637/160 211/638/160 215/639/160 216/640/160
f 211/641/161 209/642/161 213/643/161 215/644/161
f 216/645/162 214/646/162 210/647/162 212/648/162
f 220/649/163 218/650/163 217/651/163 219/652/163
f 223/653/164 221/654/164 222/655/164 224/656/164
f 217/657/165 218/658/165 222/659/165 221/660/165
f 220/661/166 219/662/166 223/663/166 224/664/166
f 219/665/167 217/666/167 221/667/167 223/668/167
f 224/669/168 222/670/168 218/671/168 220/672/168
f 228/673/169 226/674/169 225/675/169 227/676/169
f 231/677/170 229/678/170 230/679/170 232/680/170
f 225/681/171 226/682/171 230/683/171 229/684/171
f 228/685/172 227/686/172 231/687/172 232/688/172
f 227/689/173 225/690/173 229/691/173 231/692/173
f 232/693/174 230/694/174 226/695/174 228/696/174
f 236/697/175 234/698/175 233/699/175 235/700/175
f 239/701/176 237/702/176 238/703/176 240/704/176
f 233/705/177 234/706/177 238/707/177 237/708/177
f 236/709/178 235/710/178 239/711/178 240/712/178
f 235/713/179 233/714/179 237/715/179 239/716/179
f 240/717/180 238/718/180 234/719/180 236/720/180
f 244/721/181 242/722/181 241/723/181 243/724/181
f 247/725/182 245/726/182 246/727/182 248/728/182
f 241/729/183 242/730/183 246/731/183 245/732/183
f 244/733/184 243/734/184 247/735/184 248/736/184
f 243/737/185 241/738/185 245/739/185 247/740/185
f 248/741/186 246/742/186 242/743/186 244/744/186
f 252/745/187 250/746/187 249/747/187 251/748/187
f 255/749/188 253/750/188 254/751/188 256/752/188
f 249/753/189 250/754/189 254/755/189 253/756/189
f 252/757/190 251/758/190 255/759/190 256/760/190
f 251/761/191 249/762/191 253/763/191 255/764/191
f 256/765/192 254/766/192 250/767/192 252/768/192
f 260/769/193 258/770/193 257/771/193 259/772/193
f 263/773/194 261/774/194 262/775/194 264/776/194
f 257/777/195 258/778/195 262/779/195 261/780/195
f 260/781/196 259/782/196 263/783/196 264/784/196
f 259/785/197 257/786/197 261/787/197 263/788/197
f 264/789/198 262/790/198 258/791/198 260/792/198
f 268/793/199 266/794/199 265/795/199 267/796/199
f 271/797/200 269/798/200 270/799/200 272/800/200
f 265/801/201 266/802/201 270/803/201 269/804/201
f 268/805/202 267/806/202 271/807/202 272/808/202
f 267/809/203 265/810/203 269/811/203 271/812/203
f 272/813/204 270/814/204 266/815/204 268/816/204
f 276/817/205 274/818/205 273/819/205 275/820/205
f 279/821/206 277/822/206 278/823/206 280/824/206
f 273/825/207 274/826/207 278/827/207 277/828/207
f 276/829/208 275/830/208 279/831/208 280/832/208
f 275/833/209 273/834/209 277/835/209 279/836/209
f 280/837/210 278/838/210 274/839/210 276/840/210
f 284/841/211 282/842/211 281/843/211 283/844/211
f 287/845/212 285/846/212 286/847/212 288/848/212
f 281/849/213 282/850/213 286/851/213 285/852/213
f 284/853/214 283/854/214 287/855/214 288/856/214
f 283/857/215 281/858/215 285/859/215 287/860/215
f 288/861/216 286/862/216 282/863/216 284/864/216
f 292/865/217 290/866/217 289/867/217 291/868/217
f 295/869/218 293/870/218 294/871/218 296/872/218
f 289/873/219 290/874/219 294/875/219 293/876/219
f 292/877/220 291/878/220 295/879/220 296/880/220
f 291/881/221 289/882/221 293/883/221 295/884/221
f 296/885/222 294/886/222 290/887/222 292/888/222
f 300/889/223 298/890/223 297/891/223 299/892/223
f 303/893/224 301/894/224 302/895/224 304/896/224
f 297/897/225 298/898/225 302/899/225 301/900/225
f 300/901/226 299/902/226 303/903/226 304/904/226
f 299/905/227 297/906/227 301/907/227 303/908/227
f 304/909/228 302/910/228 298/911/228 300/912/228
f 308/913/229 306/914/229 305/915/229 307/916/229
f 311/917/230 309/918/230 310/919/230 312/920/230
f 305/921/231 306/922/231 310/923/231 309/924/231
f 308/925/232 307/926/232 311/927/232 312/928/232
f 307/929/233 305/930/233 309/931/233 311/932/233
f 312/933/234 310/934/234 306/935/234 308/936/234
f 316/937/235 314/938/235 313/939/235 315/940/235
f 319/941/236 317/942/236 318/943/236 320/944/236
f 313/945/237 314/946/237 318/947/237 317/948/237
f 316/949/238 315/950/238 319/951/238 320/952/238
f 315/953/239 313/954/239 317/955/239 319/956/239
f 320/957/240 318/958/240 314/959/240 316/960/240
f 324/961/241 322/962/241 321/963/241 323/964/241
f 327/965/242 325/966/242 326/967/242 328/968/242
f 321/969/243 322/970/243 326/971/243 325/972/243
f 324/973/244 323/974/244 327/975/244 328/976/244
f 323/977/245 321/978/245 325/979/245 327/980/245
f 328/981/246 326/982/246 322/983/246 324/984/246
f 332/985/247 330/986/247 329/987/247 331/988/247
f 335/989/248 333/990/248 334/991/248 336/992/248
f 329/993/249 330/994/249 334/995/249 333/996/249
f 332/997/250 331/998/250 335/999/250 336/1000/250
f 331/1001/251 329/1002/251 333/1003/251 335/1004/251
f 336/1005/252 334/1006/252 330/1007/252 332/1008/252
f 340/1009/253 338/1010/253 337/1011/253 339/1012/253
f 343/1013/254 341/1014/254 342/1015/254 344/1016/254
f 337/1017/255 338/1018/255 342/1019/255 341/1020/255
f 340/1021/256 339/1022/256 343/1023/256 344/1024/256
f 339/1025/257 337/1026/257 341/1027/257 343/1028/257
f 344/1029/258 342/1030/258 338/1031/258 340/1032/258
f 345/1033/259 346/1034/259 348/1035/259 347/1036/259
f 350/1037/260 349/1038/260 351/1039/260 352/1040/260
f 350/1041/261 346/1042/261 345/1043/261 349/1044/261
f 351/1045/262 347/1046/262 348/1047/262 352/1048/262
f 349/1049/263 345/1050/263 347/1051/263 351/1052/263
f 346/1053/264 350/1054/264 352/1055/264 348/1056/264
f 353/1057/265 354/1058/265 356/1059/265 355/1060/265
f 358/1061/266 357/1062/266 359/1063/266 360/1064/266
f 358/1065/267 354/1066/267 353/1067/267 357/1068/267
f 359/1069/268 355/1070/268 356/1071/268 360/1072/268
f 357/1073/269 353/1074/269 355/1075/269 359/1076/269
f 354/1077/270 358/1078/270 360/1079/270 356/1080/270
f 361/1081/271 362/1082/271 364/1083/271 363/1084/271
f 366/1085/272 365/1086/272 367/1087/272 368/1088/272
f 366/1089/273 362/1090/273 361/1091/273 365/1092/273
f 367/1093/274 363/1094/274 364/1095/274 368/1096/274
f 365/1097/275 361/1098/275 363/1099/275 367/1100/275
f 362/1101/276 366/1102/276 368/1103/276 364/1104/276
f 369/1105/277 370/1106/277 372/1107/277 371/1108/277
f 374/1109/278 373/1110/278 375/1111/278 376/1112/278
f 374/1113/279 370/1114/279 369/1115/279 373/1116/279
f 375/1117/280 371/1118/280 372/1119/280 376/1120/280
f 373/1121/281 369/1122/281 371/1123/281 375/1124/281
f 370/1125/282 374/1126/282 376/1127/282 372/1128/282
f 377/1129/283 378/1130/283 380/1131/283 379/1132/283
f 382/1133/284 381/1134/284 383/1135/284 384/1136/284
f 382/1137/285 378/1138/285 377/1139/285 381/1140/285
f 383/1141/286 379/1142/286 380/1143/286 384/1144/286
f 381/1145/287 377/1146/287 379/1147/287 383/1148/287
f 378/1149/288 382/1150/288 384/1151/288 380/1152/288
f 388/1153/289 386/1154/289 385/1155/289 387/1156/289
f 391/1157/290 389/1158/290 390/1159/290 392/1160/290
f 385/1161/291 386/1162/291 390/1163/291 389/1164/291
f 388/1165/292 387/1166/292 391/1167/292 392/1168/292
f 387/1169/293 385/1170/293 389/1171/293 391/1172/293
f 392/1173/294 390/1174/294 386/1175/294 388/1176/294
f 396/1177/295 394/1178/295 393/1179/295 395/1180/295
f 399/1181/296 397/1182/296 398/1183/296 400/1184/296
f 393/1185/297 394/1186/297 398/1187/297 397/1188/297
f 396/1189/298 395/1190/298 399/1191/298 400/1192/298
f 395/1193/299 393/1194/299 397/1195/299 399/1196/299
f 400/1197/300 398/1198/300 394/1199/300 396/1200/300
f 404/1201/301 402/1202/301 401/1203/301 403/1204/301
f 407/1205/302 405/1206/302 406/1207/302 408/1208/302
f 401/1209/303 402/1210/303 406/1211/303 405/1212/303
f 404/1213/304 403/1214/304 407/1215/304 408/1216/304
f 403/1217/305 401/1218/305 405/1219/305 407/1220/305
f 408/1221/306 406/1222/306 402/1223/306 404/1224/306
f 412/1225/307 410/1226/307 409/1227/307 411/1228/307
f 415/1229/308 413/1230/308 414/1231/308 416/1232/308
f 409/1233/309 410/1234/309 414/1235/309 413/1236/309
f 412/1237/310 411/1238/310 415/1239/310 416/1240/310
f 411/1241/311 409/1242/311 413/1243/311 415/1244/311
f 416/1245/312 414/1246/312 410/1247/312 412/1248/312
f 417/1249/313 418/1250/313 420/1251/313 419/1252/313
f 421/1253/314 422/1254/314 424/1255/314 423/1256/314
f 425/1257/315 426/1258/315 428/1259/315 427/1260/315
f 429/1261/316 430/1262/316 432/1263/316 431/1264/316
f 436/1265/317 434/1266/317 433/1267/317 435/1268/317
f 439/1269/318 437/1270/318 438/1271/318 440/1272/318
f 433/1273/319 434/1274/319 438/1275/319 437/1276/319
f 436/1277/320 435/1278/320 439/1279/320 440/1280/320
f 435/1281/321 433/1282/321 437/1283/321 439/1284/321
f 440/1285/322 438/1286/322 434/1287/322 436/1288/322
f 444/1289/323 442/1290/323 441/1291/323 443/1292/323
f 447/1293/324 445/1294/324 446/1295/324 448/1296/324
f 441/1297/325 442/1298/325 446/1299/325 445/1300/325
f 444/1301/326 443/1302/326 447/1303/326 448/1304/326
f 443/1305/327 441/1306/327 445/1307/327 447/1308/327
f 448/1309/328 446/1310/328 442/1311/328 444/1312/328
f 452/1313/329 450/1314/329 449/1315/329 451/1316/329
f 455/1317/330 453/1318/330 454/1319/330 456/1320/330
f 449/1321/331 450/1322/331 454/1323/331 453/1324/331
f 452/1325/332 451/1326/332 455/1327/332 456/1328/332
f 451/1329/333 449/1330/333 453/1331/333 455/1332/333
f 456/1333/334 454/1334/334 450/1335/334 452/1336/334
f 460/1337/335 458/1338/335 457/1339/335 459/1340/335
f 463/1341/336 461/1342/336 462/1343/336 464/1344/336
f 457/1345/337 458/1346/337 462/1347/337 461/1348/337
f 460/1349/338 459/1350/338 463/1351/338 464/1352/338
f 459/1353/339 457/1354/339 461/1355/339 463/1356/339
f 464/1357/340 462/1358/340 458/1359/340 460/1360/340
f 468/1361/341 466/1362/341 465/1363/341 467/1364/341
f 471/1365/342 469/1366/342 470/1367/342 472/1368/342
f 465/1369/343 466/1370/343 470/1371/343 469/1372/343
f 468/1373/344 467/1374/344 471/1375/344 472/1376/344
f 467/1377/345 465/1378/345 469/1379/345 471/1380/345
f 472/1381/346 470/1382/346 466/1383/346 468/1384/346
f 476/1385/347 474/1386/347 473/1387/347 475/1388/347
f 479/1389/348 477/1390/348 478/1391/348 480/1392/348
f 473/1393/349 474/1394/349 478/1395/349 477/1396/349
f 476/1397/350 475/1398/350 479/1399/350 480/1400/350
f 475/1401/351 473/1402/351 477/1403/351 479/1404/351
f 480/1405/352 478/1406/352 474/1407/352 476/1408/352
f 484/1409/353 482/1410/353 481/1411/353 483/1412/353
f 487/1413/354 485/1414/354 486/1415/354 488/1416/354
f 481/1417/355 482/1418/355 486/1419/355 485/1420/355
f 484/1421/356 483/1422/356 487/1423/356 488/1424/356
f 483/1425/357 481/1426/357 485/1427/357 487/1428/357
f 488/1429/358 486/1430/358 482/1431/358 484/1432/358
f 492/1433/359 490/1434/359 489/1435/359 491/1436/359
f 495/1437/360 493/1438/360 494/1439/360 496/1440/360
f 489/1441/361 490/1442/361 494/1443/361 493/1444/361
f 492/1445/362 491/1446/362 495/1447/362 496/1448/362
f 491/1449/363 489/1450/363 493/1451/363 495/1452/363
f 496/1453/364 494/1454/364 490/1455/364 492/1456/364
f 500/1457/365 498/1458/365 497/1459/365 499/1460/365
f 503/1461/366 501/1462/366 502/1463/366 504/1464/366
f 497/1465/367 498/1466/367 502/1467/367 501/1468/367
f 500/1469/368 499/1470/368 503/1471/368 504/1472/368
f 499/1473/369 497/1474/369 501/1475/369 503/1476/369
f 504/1477/370 502/1478/370 498/1479/370 500/1480/370
f 508/1481/371 506/1482/371 505/1483/371 507/1484/371
f 511/1485/372 509/1486/372 510/1487/372 512/1488/372
f 505/1489/373 506/1490/373 510/1491/373 509/1492/373
f 508/1493/374 507/1494/374 511/1495/374 512/1496/374
f 507/1497/375 505/1498/375 509/1499/375 511/1500/375
f 512/1501/376 510/1502/376 506/1503/376 508/1504/376
f 516/1505/377 514/1506/377 513/1507/377 515/1508/377
f 519/1509/378 517/1510/378 518/1511/378 520/1512/378
f 513/1513/379 514/1514/379 518/1515/379 517/1516/379
f 516/1517/380 515/1518/380 519/1519/380 520/1520/380
f 515/1521/381 513/1522/381 517/1523/381 519/1524/381
f 520/1525/382 518/1526/382 514/1527/382 516/1528/382
f 524/1529/383 522/1530/383 521/1531/383 523/1532/383
f 527/1533/384 525/1534/384 526/1535/384 528/1536/384
f 521/1537/385 522/1538/385 526/1539/385 525/1540/385
f 524/1541/386 523/1542/386 527/1543/386 528/1544/386
f 523/1545/387 521/1546/387 525/1547/387 527/1548/387
f 528/1549/388 526/1550/388 522/1551/388 524/1552/388
f 532/1553/389 530/1554/389 529/1555/389 531/1556/389
f 535/1557/390 533/1558/390 534/1559/390 536/1560/390
f 529/1561/391 530/1562/391 534/1563/391 533/1564/391
f 532/1565/392 531/1566/392 535/1567/392 536/1568/392
f 531/1569/393 529/1570/393 533/1571/393 535/1572/393
f 536/1573/394 534/1574/394 530/1575/394 532/1576/394
f 540/1577/395 538/1578/395 537/1579/395 539/1580/395
f 543/1581/396 541/1582/396 542/1583/396 544/1584/396
f 537/1585/397 538/1586/397 542/1587/397 541/1588/397
f 540/1589/398 539/1590/398 543/1591/398 544/1592/398
f 539/1593/399 537/1594/399 541/1595/399 543/1596/399
f 544/1597/400 542/1598/400 538/1599/400 540/1600/400
f 548/1601/401 546/1602/401 545/1603/401 547/1604/401
f 551/1605/402 549/1606/402 550/1607/402 552/1608/402
f 545/1609/403 546/1610/403 550/1611/403 549/1612/403
f 548/1613/404 547/1614/404 551/1615/404 552/1616/404
f 547/1617/405 545/1618/405 549/1619/405 551/1620/405
f 552/1621/406 550/1622/406 546/1623/406 548/1624/406
f 556/1625/407 554/1626/407 553/1627/407 555/1628/407
f 559/1629/408 557/1630/408 558/1631/408 560/1632/408
f 553/1633/409 554/1634/409 558/1635/409 557/1636/409
f 556/1637/410 555/1638/410 559/1639/410 560/1640/410
f 555/1641/411 553/1642/411 557/1643/411 559/1644/411
f 560/1645/412 558/1646/412 554/1647/412 556/1648/412
f 564/1649/413 562/1650/413 561/1651/413 563/1652/413
f 567/1653/414 565/1654/414 566/1655/414 568/1656/414
f 561/1657/415 562/1658/415 566/1659/415 565/1660/415
f 564/1661/416 563/1662/416 567/1663/416 568/1664/416
f 563/1665/417 561/1666/417 565/1667/417 567/1668/417
f 568/1669/418 566/1670/418 562/1671/418 564/1672/418
f 572/1673/419 570/1674/419 569/1675/419 571/1676/419
f 575/1677/420 573/1678/420 574/1679/420 576/1680/420
f 569/1681/421 570/1682/421 574/1683/421 573/1684/421
f 572/1685/422 571/1686/422 575/1687/422 576/1688/422
f 571/1689/423 569/1690/423 573/1691/423 575/1692/423
f 576/1693/424 574/1694/424 570/1695/424 572/1696/424
f 580/1697/425 578/1698/425 577/1699/425 579/1700/425
f 583/1701/426 581/1702/426 582/1703/426 584/1704/426
f 577/1705/427 578/1706/427 582/1707/427 581/1708/427
f 580/1709/428 579/1710/428 583/1711/428 584/1712/428
f 579/1713/429 577/1714/429 581/1715/429 583/1716/429
f 584/1717/430 582/1718/430 578/1719/430 580/1720/430
f 588/1721/431 586/1722/431 585/1723/431 587/1724/431
f 591/1725/432 589/1726/432 590/1727/432 592/1728/432
f 585/1729/433 586/1730/433 590/1731/433 589/1732/433
f 588/1733/434 587/1734/434 591/1735/434 592/1736/434
f 587/1737/435 585/1738/435 589/1739/435 591/1740/435
f 592/1741/436 590/1742/436 586/1743/436 588/1744/436
f 596/1745/437 594/1746/437 593/1747/437 595/1748/437
f 599/1749/438 597/1750/438 598/1751/438 600/1752/438
f 593/1753/439 594/1754/439 598/1755/439 597/1756/439
f 596/1757/440 595/1758/440 599/1759/440 600/1760/440
f 595/1761/441 593/1762/441 597/1763/441 599/1764/441
f 600/1765/442 598/1766/442 594/1767/442 596/1768/442
f 604/1769/443 602/1770/443 601/1771/443 603/1772/443
f 607/1773/444 605/1774/444 606/1775/444 608/1776/444
f 601/1777/445 602/1778/445 606/1779/445 605/1780/445
f 604/1781/446 603/1782/446 607/1783/446 608/1784/446
f 603/1785/447 601/1786/447 605/1787/447 607/1788/447
f 608/1789/448 606/1790/448 602/1791/448 604/1792/448
f 612/1793/449 610/1794/449 609/1795/449 611/1796/449
f 615/1797/450 613/1798/450 614/1799/450 616/1800/450
f 609/1801/451 610/1802/451 614/1803/451 613/1804/451
f 612/1805/452 611/1806/452 615/1807/452 616/1808/452
f 611/1809/453 609/1810/453 613/1811/453 615/1812/453
f 616/1813/454 614/1814/454 610/1815/454 612/1816/454
f 620/1817/455 618/1818/455 617/1819/455 619/1820/455
f 623/1821/456 621/1822/456 622/1823/456 624/1824/456
f 617/1825/457 618/1826/457 622/1827/457 621/1828/457
f 620/1829/458 619/1830/458 623/1831/458 624/1832/458
f 619/1833/459 617/1834/459 621/1835/459 623/1836/459
f 624/1837/460 622/1838/460 618/1839/460 620/1840/460
f 628/1841/461 626/1842/461 625/1843/461 627/1844/461
f 631/1845/462 629/1846/462 630/1847/462 632/1848/462
f 625/1849/463 626/1850/463 630/1851/463 629/1852/463
f 628/1853/464 627/1854/464 631/1855/464 632/1856/464
f 627/1857/465 625/1858/465 629/1859/465 631/1860/465
f 632/1861/466 630/1862/466 626/1863/466 628/1864/466
f 636/1865/467 634/1866/467 633/1867/467 635/1868/467
f 639/1869/468 637/1870/468 638/1871/468 640/1872/468
f 633/1873/469 634/1874/469 638/1875/469 637/1876/469
f 636/1877/470 635/1878/470 639/1879/470 640/1880/470
f 635/1881/471 633/1882/471 637/1883/471 639/1884/471
f 640/1885/472 638/1886/472 634/1887/472 636/1888/472
f 644/1889/473 642/1890/473 641/1891/473 643/1892/473
f 647/1893/474 645/1894/474 646/1895/474 648/1896/474
f 641/1897/475 642/1898/475 646/1899/475 645/1900/475
f 644/1901/476 643/1902/476 647/1903/476 648/1904/476
f 643/1905/477 641/1906/477 645/1907/477 647/1908/477
f 648/1909/478 646/1910/478 642/1911/478 644/1912/478
f 652/1913/479 650/1914/479 649/1915/479 651/1916/479
f 655/1917/480 653/1918/480 654/1919/480 656/1920/480
f 649/1921/481 650/1922/481 654/1923/481 653/1924/481
f 652/1925/482 651/1926/482 655/1927/482 656/1928/482
f 651/1929/483 649/1930/483 653/1931/483 655/1932/483
f 656/1933/484 654/1934/484 650/1935/484 652/1936/484
f 660/1937/485 658/1938/485 657/1939/485 659/1940/485
f 663/1941/486 661/1942/486 662/1943/486 664/1944/486
f 657/1945/487 658/1946/487 662/1947/487 661/1948/487
f 660/1949/488 659/1950/488 663/1951/488 664/1952/488
f 659/1953/489 657/1954/489 661/1955/489 663/1956/489
f 664/1957/490 662/1958/490 658/1959/490 660/1960/490
