# Made in Blockbench 5.0.6
mtllib six_b_four_seven_dark_h.mtl

o cuboid
v -0.16859680601613117 2.0979834734136644 -0.3273827170228542
v -0.16519286479987855 2.033990302394755 -0.3773311879418017
v -0.14846638887847255 2.0839510746732324 -0.3080327663393671
v -0.1450624476622199 2.019957903654323 -0.3579812372583146
v -0.2831565045488803 2.034691432572767 -0.2541011160695464
v -0.27975256333262766 1.970698261553858 -0.3040495869884939
v -0.2630260874112217 2.020659033832335 -0.23475116538605928
v -0.25962214619496904 1.956665862813426 -0.28469963630500683
v -0.16495443396297077 2.1705438354176367 -0.15806651379681347
v -0.1678258089929312 2.1578181485798913 -0.206334987777391
v -0.14586970682872163 2.1463593343780327 -0.15282562925597598
v -0.1487411080428453 2.133634139795449 -0.20109371901754647
v -0.22418779225437413 2.1270505057419737 -0.14307604936064777
v -0.22705876467599181 2.114324538256253 -0.1913441363422117
v -0.205103065120125 2.1028660047023697 -0.13783516481981034
v -0.20797444015008543 2.090140317864624 -0.18610363880038788
v -0.22490530323978075 2.1238692687927525 -0.155143127721289
v -0.22705876467599181 2.114324538256253 -0.1913441363422117
v -0.20582105343760881 2.0996845040363112 -0.14990193784044759
v -0.20797444015008543 2.090140317864624 -0.18610363880038788
v -0.2742665097024767 2.087624364545984 -0.14265116389065205
v -0.27641999732285094 2.078080126264646 -0.17885178829256768
v -0.25518225990030474 2.063439599789543 -0.1374099740098106
v -0.2573356727969446 2.053895905873017 -0.17361129075074389
v -0.16283683245134767 2.1692080554496203 0.14733309892116825
v -0.16637636219423466 2.1629869905951233 0.19681797782239524
v -0.14407839004360543 2.1442784839418056 0.1455406885598351
v -0.14761794597065553 2.1380579113424703 0.19502595168006925
v -0.22258595951044646 2.124955688939276 0.13749635869460558
v -0.22612548925333337 2.1187346240847793 0.18698123759583268
v -0.20382751710270414 2.1000261174314616 0.13570394833327248
v -0.20736707302975427 2.093805544832126 0.1851892114535067
v -0.22302847300830414 2.1241780163541533 0.14368214129451257
v -0.22568297575547566 2.1195122966699023 0.1807954549959258
v -0.20427003060056184 2.0992484448463387 0.14188973093317947
v -0.20692455953189653 2.094583217417249 0.1790034288535997
v -0.2728195626068578 2.087300792271534 0.13548483147937612
v -0.27547409153819247 2.0826355648424446 0.1725985293997963
v -0.2540611463832787 2.062371713018881 0.13369280533705002
v -0.25671567531461337 2.0577064855897915 0.17080650325747032
v 0.16596997164419375 2.1705441572455078 -0.1580665750314375
v 0.1688411554836734 2.157818297851707 -0.2063348969756977
v 0.14688538473937712 2.146359255534708 -0.15282573100301822
v 0.1497565423946936 2.1336338883960693 -0.20109366872827134
v 0.22520299539793642 2.127050115437849 -0.14307624103633476
v 0.2280741530532528 2.11432474829921 -0.19134417876158788
v 0.20611885964103382 2.102865969699048 -0.13783531812891237
v 0.2089900172963502 2.0901406025604095 -0.18610325585416546
v 0.16961279984398325 2.097983304106157 -0.3273828224736486
v 0.1662087466061622 2.033990540169722 -0.3773311538922422
v 0.14948212659921506 2.083950929471059 -0.3080326582459022
v 0.14607809954555717 2.019957673279462 -0.3579813738835028
v 0.28417239559793045 2.0346913993641405 -0.2541011922429227
v 0.28076836854427256 1.9706981431725439 -0.30404990788052333
v 0.2640417223531622 2.0206590247290426 -0.23475102801517633
v 0.2606376952995043 1.9566657685374458 -0.284699743652777
v 0.22592109890291534 2.1238688223222018 -0.15514301224839044
v 0.2280741530532528 2.11432474829921 -0.19134417876158788
v 0.2068369631460128 2.0996846765834007 -0.14990208934096802
v 0.2089900172963502 2.0901406025604095 -0.18610325585416546
v 0.2752823869990912 2.087624197914494 -0.1426508856667982
v 0.27743544114942853 2.0780801238915023 -0.17885205217999564
v 0.2561973713017686 2.063440069106831 -0.13741004441838545
v 0.2583513315766891 2.05389548589754 -0.17361151349158033
v 0.16385210678982348 2.1692077155508187 0.1473329608314357
v 0.1673918186090499 2.162987128480957 0.196817768352684
v 0.14509379869730604 2.144278919251742 0.14554077477340405
v 0.14863343579279786 2.1380577878170692 0.19502627463366967
v 0.2236015080487665 2.1249556454083516 0.13749600413784785
v 0.22714114514425832 2.1187345139736786 0.18698150399811359
v 0.20484312523251452 2.100026304744464 0.13570451041883358
v 0.20838283705174088 2.0938057176746026 0.1851893179400818
v 0.2240437142006031 2.1241780567162847 0.14368198837251067
v 0.2266989128082585 2.1195125949209075 0.18079590398245776
v 0.20528583490059166 2.099248487514072 0.14188980509448545
v 0.2079401535678269 2.0945830426498326 0.17900363904542288
v 0.2738350248472243 2.0873010739631837 0.13548452538785621
v 0.2764897461228023 2.082635348450969 0.1725987463378073
v 0.2550766420309723 2.0623717332992957 0.133693031668842
v 0.25773096069820767 2.0577062884350563 0.17080686561977937
v 0.09687499356541113 2.080821528438428 -0.3352385626346442
v 0.0968753701654041 2.094940050499386 -0.36658030465507985
v 0.09687516766017346 1.995343866166709 -0.373743343651102
v 0.09687466431974645 2.009462405158805 -0.40508516733054734
v -0.09062480465196766 2.0808214357989177 -0.3352388351734209
v -0.09062490538405195 2.0949396941430387 -0.36658027185385256
v -0.09062510788928252 1.9953435098103618 -0.3737433108498748
v -0.09062513389763234 2.0094623125192945 -0.4050854398693241
v -0.3609372944067948 1.8249999588003567 0.07812499216953617
v -0.3609374436074897 1.8249998735957889 -0.07812531263007205
v -0.3609377081124898 1.7624999820677971 0.07812475713220413
v -0.3609374808890051 1.7625001084704162 -0.07812477644938343
v -0.3921876423732319 1.8250000691363988 0.07812509848973986
v -0.3921877915739267 1.824999983931831 -0.07812520630986841
v -0.39218717613850695 1.7625000754727012 0.07812494511141743
v -0.3921873253392017 1.7624999902681333 -0.07812535968819079
v -0.350454870300283 1.8889353683098498 0.0781249532155392
v -0.35045504568514096 1.8889357753604437 -0.07812496736506197
v -0.3743728650237611 1.8311929530455135 0.07812514330156178
v -0.37437304040861913 1.8311933600961074 -0.07812477727903938
v -0.37932608200877815 1.9008945485123936 0.07812503662259612
v -0.379326231209473 1.9008944633078257 -0.0781252681770121
v -0.4032440767322563 1.8431521332480574 0.07812522670861871
v -0.4032442259329512 1.8431520480434895 -0.07812507809098956
v 0.3504550664944925 1.8889353765704155 0.07812495772752853
v 0.3504548911096344 1.8889357836210094 -0.07812496285307263
v 0.374372786562805 1.8311933081362044 0.0781252094556617
v 0.3743726373621102 1.8311932229316366 -0.07812509534394646
v 0.3793261206289154 1.9008941497597065 0.07812510331749462
v 0.3793259452440572 1.9008945568103004 -0.0781248172631066
v 0.4032438406972278 1.8431520813254956 0.07812535504562779
v 0.403243691496533 1.8431519961209277 -0.07812494975398054
v 0.3609372853617065 1.8250000050451836 0.078125243442212
v 0.3609371361610117 1.8249999198406157 -0.07812506135739627
v 0.36093775159643143 1.7625000113814862 0.07812509006388962
v 0.36093760239573663 1.7624999261769183 -0.0781252147357187
v 0.3921876333281435 1.8249998947091415 0.0781251371220083
v 0.3921874841274487 1.8249998095045736 -0.07812516767760003
v 0.39218721962244857 1.762499917976582 0.07812490208467626
v 0.39218744684593326 1.762500044379201 -0.07812463149691123
v 0.2191769919664011 2.032967012446652 0.3509586810396225
v 0.27943562124740523 2.024776068081459 0.3223934627088633
v 0.21917716553730004 1.9578688864893494 0.37249247954480086
v 0.27943531748622685 1.949677678407319 0.3439275665540456
v 0.1970623817588011 2.020606358760143 0.3078519491259544
v 0.2573210110398052 2.0124154143949493 0.2792867307951952
v 0.19706295793804268 1.9455079521548655 0.3293861346301465
v 0.2573215872190468 1.9373170077896722 0.3008209162993873
v -0.13578860070395757 2.05883708519732 0.3278043310711521
v -0.19604722273638783 2.050646215091742 0.2992385631014735
v -0.1357887537493568 1.953698984784605 0.35795193965460786
v -0.19604697317344438 1.9455078340310528 0.3293865586839428
v -0.15790279371425495 2.07119756159899 0.37091055693930025
v -0.2181618930787625 2.063006427776576 0.3423450943096256
v -0.15790294675965422 1.9660594611862756 0.401058165522756
v -0.21816166969998216 1.9578685389710484 0.37249347411110206
v -0.19604709820477195 2.0206069966083287 0.30785245205875383
v -0.25630579496093664 2.0124155821379395 0.2792873764280928
v -0.19604697317344438 1.9455078340310528 0.3293865586839428
v -0.25630609872211507 1.9373171924638002 0.3008214802732752
v -0.21816176854714656 2.0329672092931625 0.35095898326690605
v -0.27842001415539724 2.024776550794772 0.32239398651524803
v -0.21816166969998216 1.9578685389710484 0.37249347411110206
v -0.2784202917324124 1.949677668865471 0.3439277061414234
v 0.15891823815378098 2.071197175295259 0.3709100104131013
v 0.21917686743478526 2.063006230930066 0.3423447920823421
v 0.15891853625629582 1.966059830854543 0.40105769787555995
v 0.21917716553730004 1.9578688864893494 0.37249247954480086
v 0.1368040790940951 2.058837277580748 0.3278033573784364
v 0.19706223104302195 2.0506460694987183 0.29923844438768105
v 0.13680392604869585 1.9536991771680334 0.35795096596189196
v 0.19706295793804268 1.9455079521548655 0.3293861346301465
v -0.22630327187994415 2.0309141119412786 0.15517985587044242
v -0.12217595638522616 2.1108139976056464 0.15517996775052473
v -0.22630396302857061 2.0309146163210134 -0.16044486375451095
v -0.12217574140926935 2.110813992799082 -0.16044505443442608
v -0.2719610942850179 2.090415830421122 0.15517987396151506
v -0.1678328988498799 2.1703156991543517 0.15518006750060703
v -0.27196087930906115 2.0904158256145573 -0.16044514822343567
v -0.1678330864822659 2.170315974995762 -0.16044534168335736
v -0.16393688113651364 2.0968390200760654 0.15517955770886643
v 0.16731295248379713 2.096839454519879 0.15517916300408524
v -0.16393706876889963 2.0968392959174755 -0.16044585147509804
v 0.16731316745975394 2.0968394497133147 -0.16044585918086546
v -0.16393694310452686 2.1718392866112692 0.15517922111124433
v 0.16731329312412663 2.1718394404071084 0.15517921340547686
v -0.1639367281285701 2.1718392818047048 -0.16044580107370648
v 0.16731303076800624 2.1718391718837067 -0.16044550343946995
v 0.16682687403920787 2.101490959325918 0.16574413732244525
v -0.1628603327288075 2.1014911862642056 0.16574444225491275
v 0.16682661075357647 2.0167340901297632 0.3434405603258793
v -0.16286059601443892 2.016734317068051 0.3434408652583469
v 0.16682657285623165 2.169184930580445 0.1980324956431198
v -0.16286060772762054 2.169184665263571 0.19803241635658025
v 0.16682718951102016 2.084428044453152 0.3757290003055636
v -0.1628608971974152 2.084428288322578 0.37572922357902144
v 0.16645515583835646 1.9681889913748427 0.35044679186548805
v -0.15854514739233516 1.9681891461506271 0.35044736206202615
v 0.16645507456122377 1.704167040721815 0.35505576056837734
v -0.15854520248530465 1.7041667032424377 0.3550559465459084
v 0.1664546942831916 1.9691982112318152 0.4082509187360704
v -0.15854510543125971 1.9691981374692746 0.4082507993735975
v 0.16645463919022213 1.7051757683236257 0.41285950321995285
v -0.1585451605242291 1.7051756945610852 0.4128593838574797
v -0.16341544787554052 2.059782243452047 -0.26735583493445797
v 0.16783431102103585 2.0597821335310496 -0.26735553730022144
v -0.1634155535173997 1.9922943274286107 -0.3205588727884767
v 0.16783420537917665 1.992294217507613 -0.3205585751542402
v -0.16341559144856466 2.1052471927641667 -0.3250273304259825
v 0.16783416744801166 2.105247082843169 -0.32502703279174594
v -0.16341567090626063 2.0377587844855682 -0.3782307524990083
v 0.16783456532239288 2.0377589382814074 -0.3782307602047757
v -0.16131536605103008 2.015991408127127 -0.3084174084807168
v 0.1683718407169853 2.015991181188839 -0.30841771341318425
v -0.16131589171575153 1.8277202872895317 -0.3659842790775327
v 0.16837216880852063 1.8277205356752677 -0.3659841181319834
v -0.16131547813072922 2.0374643621910855 -0.3786457562143435
v 0.168371702453123 2.0374646275079593 -0.37864567692780393
v -0.16131602997961383 1.849193733608652 -0.4362122425921523
v 0.16837203054465832 1.849193981994388 -0.4362120816466031
v 0.16751459336701896 2.0971936325619978 0.1496212067804074
v -0.16373564286163464 2.0971934787661586 0.14962121448617477
v 0.1675146756269542 2.0941418740748166 0.1932646808483926
v -0.16373556060169936 2.0941417202789774 0.19326468855416007
v 0.16751469953727433 2.172010650197176 0.15485260379691773
v -0.16373553669137922 2.1720104964013363 0.1548526115026852
v 0.16751430446513232 2.1689586279931574 0.19849638320490698
v -0.16373545443144402 2.168958737914155 0.1984960855706704
v -0.16401196255528416 2.0997642078557064 -0.14617879708955717
v 0.1672382736733694 2.0997643616515456 -0.14617880479532464
v -0.16401213224956995 2.092012894015048 -0.18605779978986398
v 0.16723810397908362 2.0920130478108874 -0.18605780749563144
v -0.16401208157501096 2.1733868011447415 -0.16048971469996615
v 0.16723815465364267 2.1733869549405807 -0.16048972240573361
v -0.164011848660954 2.1656352066561086 -0.2003683304012593
v 0.16723791023562234 2.165635096735111 -0.20036803276702275
v -0.16394367431442117 2.099478481556699 -0.16772042349732794
v 0.16730608458215518 2.0994783716357013 -0.16772012586309137
v -0.1639436931665978 2.0383840289757447 -0.2943809819029739
v 0.16730654306205578 2.038384182771584 -0.2943809896087413
v -0.16394389601688317 2.165623523512319 -0.19962486023007556
v 0.1673058890638564 2.1656229213361597 -0.19962494681484608
v -0.16394391486905976 2.1045290709313647 -0.3262854186357215
v 0.16730632135959383 2.104529224727204 -0.32628542634148894
v 0.16449172524315814 2.067858696835373 0.31980762501788534
v -0.16050810065545634 2.067859115327994 0.3198078898744196
v 0.16449162663520656 1.9537090437294526 0.3525397387537325
v -0.16050817307924475 1.9537089699669121 0.3525396193912597
v 0.1644918973281157 2.0837942975549866 0.37538037592115353
v -0.16050840590257595 2.0837944523307708 0.3753809461176915
v 0.16449179872016412 1.969644644449066 0.4081124896570007
v -0.1605080009942872 1.9696445706865258 0.4081123702945277
v -0.11721709540717451 2.114234606000759 0.17256694331301875
v -0.22630321738320358 2.0386832892683135 0.13653153009140157
v -0.11721695608446318 2.0294774561566298 0.3502637533154665
v -0.22630300333675787 1.9539266837889957 0.31422764775483164
v -0.1628741383981273 2.167939471604011 0.19818314085449523
v -0.2719601856504219 2.092388699236377 0.1621470352938605
v -0.1628744016837588 2.0831826024078564 0.37587956385792926
v -0.2719600725118739 2.007632041647409 0.3398442295153152
v 0.2737523554013458 2.090416570616321 0.15517990984775593
v 0.1696251593053898 2.1703160449843506 0.15517993510722555
v 0.27375257037730255 2.0904165658097567 -0.16044511233719486
v 0.16962449434092652 2.1703160571089244 -0.16044516873673495
v 0.22809539525241002 2.030914831256607 0.15517995613163466
v 0.12396777036394796 2.1108150785277733 0.15517997861109772
v 0.22809561022836677 2.0309148264500423 -0.1604450660533161
v 0.12396750800782758 2.110814810004372 -0.1604447382338491
v 0.16466578003308635 2.1679397026525584 0.19818333103122437
v 0.2737519067634446 2.0923891926458773 0.16214729486109541
v 0.16466551674745483 2.0831828334564038 0.3758797540346585
v 0.2737520460861559 2.007632042801748 0.33984410486354316
v 0.11900892041044953 2.114234799238298 0.17256727952370904
v 0.2280945698087306 2.03868402551478 0.13653154869358403
v 0.11900865712481817 2.0294779300421433 0.3502637025271432
v 0.22809518646351912 1.9539271393874875 0.3142280533560278
v 0.2737520059714197 2.0896985741474907 -0.16466353567617623
v 0.16838464673588371 2.162673537507564 -0.19947138327616784
v 0.273752253978469 2.0291577363274182 -0.29159008882508763
v 0.16838439122669274 2.1021329282258163 -0.3263972468660682
v 0.22809477152923285 2.035993263811443 -0.13904793412159358
v 0.1227277887178766 2.108968438778703 -0.17385501050356444
v 0.22809451602004194 1.9754526545296955 -0.265973797711494
v 0.12272753320868557 2.048427829496956 -0.3007808740934648
v -0.2411788035168923 1.9891872371018464 -0.23082541514385924
v -0.11721717755795891 2.016997059565448 -0.32178800663552243
v -0.24117859971191064 1.8009145215169153 -0.28838612617251763
v -0.11721740254548317 1.8287251168836534 -0.37934872044418744
v -0.28683614227017373 2.0065838925933126 -0.287726838274332
v -0.16287451631124028 2.0343937150569142 -0.3786894297659952
v -0.286835938465192 1.8183111770083815 -0.3452875493029904
v -0.1628743125062586 1.846120999471983 -0.43625014079465363
v 0.28862768095502983 2.0065837445206083 -0.2877274832744475
v 0.1646659056362138 2.0343937175671365 -0.37868992914827704
v 0.28862785857584833 1.818311521190839 -0.34528781008409887
v 0.1646660832570322 1.8461214942373672 -0.4362502559579284
v 0.2429702109701385 1.9891875604044333 -0.23082561155001624
v 0.11900891298339966 2.0169977971677984 -0.3217883627638497
v 0.24297041477512016 1.800914844819502 -0.2883863225786747
v 0.11900911678838133 1.8287250815828673 -0.37934907379250815
v -0.12401490325961695 1.9657812833055117 0.3517923559389598
v -0.2635588213078747 1.9700210783221266 0.2969340067484189
v -0.1312356593626113 1.7018253030697006 0.3497592525175914
v -0.2707795026871347 1.7060656424511271 0.2949002109880327
v -0.1451623800809011 1.9659456159875046 0.4055981009029365
v -0.284706298129159 1.9701854110041197 0.3507397517123955
v -0.15238310999973234 1.7019891434965322 0.40356461326256093
v -0.2919274306563329 1.7062292191611217 0.3487058770730062
v 0.14695397383423742 1.965945459743637 0.40559726920728106
v 0.28649769591457386 1.970185234774143 0.35073859118094547
v 0.15417486834980115 1.7019893424259531 0.4035643870554481
v 0.2937190677622147 1.706229381173296 0.34870540368910846
v 0.1258062584123571 1.9657812282229503 0.3517923011087551
v 0.2653504578247707 1.9700212669702934 0.29693331774241555
v 0.13302725383581832 1.7018251630149164 0.3497583423988973
v 0.2725714270640689 1.706065694017421 0.29489974325156504
v -0.2263030418468645 2.0359930198201384 -0.13904756850476904
v -0.12093575719423895 2.1089681252637407 -0.17385473357340342
v -0.22630329735605553 1.9754524105383906 -0.2659734320946694
v -0.12093598651926676 2.0484270237268314 -0.3007809813823109
v -0.27196008644244696 2.0896980807379903 -0.1646637952434113
v -0.16659280178982136 2.162673186181593 -0.1994709603120457
v -0.271960341951638 2.029157471456243 -0.29158965883331167
v -0.1665930572990124 2.1021325768998453 -0.3263968239019461
v -0.2283164339923079 1.9779072523188974 0.33430425763680577
v -0.25222235094154455 1.9791723012641245 0.2550275424208263
v -0.23579423880340342 1.7045803129994188 0.33219876841216384
v -0.2596996522363997 1.7058451334063212 0.25292136363717327
v -0.2836452905913255 1.9792925142896205 0.3510107898243497
v -0.3075511813563989 1.980557070979686 0.2717336903893632
v -0.2911230692182578 1.7059650827149802 0.3489049163807007
v -0.3150285088354172 1.7072303953770442 0.2696278958247172
v 0.28466069881160944 1.979292257632874 0.3510104872385295
v 0.3085669652395348 1.9805572334265151 0.27173378476745474
v 0.2921382054225945 1.7059651036957235 0.34890474057391246
v 0.3160439945184427 1.7072298157725276 0.26962834344284187
v 0.22933219109865038 1.9779072165972882 0.33430415547547027
v 0.2532379801944986 1.9791719286740925 0.25502775834439956
v 0.2368096977096354 1.7045800626601377 0.3321984088108531
v 0.26071508419714085 1.705845055384917 0.2529216246807689
v -0.2744271885725749 1.7854815324690985 -0.24453749952448886
v -0.273646665220133 1.904119020805136 -0.20517341987211507
v -0.2320038152391929 1.8093298266994697 -0.31725428802869193
v -0.23122329188675098 1.9279673150355074 -0.27789020837631817
v -0.3318221265128475 1.7958422031558976 -0.2746233944396432
v -0.33104072321998557 1.9144796745607973 -0.2352592331282597
v -0.289398249663225 1.819690268847944 -0.3473408725028573
v -0.28861772631078314 1.9383277571839819 -0.3079767928504835
v -0.2668562233786269 1.9068517511688696 -0.21723780829217196
v -0.26534382233224874 1.973381423328266 -0.19453604668030822
v -0.23125109979666558 1.9268674564068209 -0.2782682597925302
v -0.2297386987502874 1.9933971285662173 -0.25556649818066657
v -0.31877012835648 1.917208034375876 -0.2441283712518768
v -0.3172577273101018 1.9837377065352724 -0.2214266096400131
v -0.2831646021661759 1.9372234589658524 -0.30515843575322144
v -0.28165260372814044 2.0037534117732236 -0.2824570611403714
v -0.2795121949707426 1.776598644603543 -0.18553782167667818
v -0.2759977720107157 1.8991634984271732 -0.1612387009490124
v -0.26557712857796434 1.7917805019489181 -0.2641313865680215
v -0.2620627318021006 1.91434584802771 -0.23983188162134866
v -0.3456772452209501 1.7806656675398247 -0.19648361868232828
v -0.3421628484450864 1.9032310136186168 -0.1721841137356554
v -0.33174220501233503 1.7958480171403615 -0.27507679935466445
v -0.3282277820523081 1.9184128709639918 -0.25077767862699873
v -0.29596852627777437 1.7669107750963804 -0.04565350923467393
v -0.289867819526916 1.8914086969205641 -0.03627064341333075
v -0.27756665185249996 1.776728005538596 -0.18788186707241838
v -0.2714654415854012 1.901225698824455 -0.1784996908100863
v -0.3640706252036706 1.7708912907417291 -0.054189617964114145
v -0.35796944112073503 1.89538947628275 -0.04480705748277497
v -0.3456686498704985 1.7807085732935946 -0.19641905235988338
v -0.33956746578756297 1.9052067588346153 -0.18703649187854418
v -0.21243715417537384 2.0714856525357006 -0.15897884265926474
v -0.21574885249472547 2.016736406027915 -0.28506502714318016
v -0.24985581394961948 1.9564539959314606 -0.1080470090145628
v -0.25316703493689385 1.901705013140512 -0.23413349883848222
v -0.27981056468532306 2.090524752808828 -0.16547609543333547
v -0.28312175948843427 2.0357752777627174 -0.2915629694762619
v -0.3172287956670627 1.9754923233014514 -0.11454425900862689
v -0.3205400166543372 1.9207433405105028 -0.24063074883254632
v -0.24698017618489512 1.9686070976455055 -0.11340005042539164
v -0.2502913971721695 1.9138581148545566 -0.23948654024931107
v -0.2591440397370778 1.848852121838721 -0.06108039120768788
v -0.26245526072435216 1.7941031390477724 -0.18716688103160728
v -0.3169690795029354 1.9752576996703635 -0.1144496316132747
v -0.32028030049020983 1.9205087168794148 -0.24053612143719416
v -0.32913334566346086 1.8555030045115541 -0.06213035939458461
v -0.3324445666507353 1.8007540217206053 -0.188216849218504
v -0.23801625603723908 2.0782748911040647 0.15517993344856723
v -0.23801604106128238 2.0782748862975 -0.16044508873638347
v -0.30010447257711037 1.878317659250851 0.1551798153543948
v -0.30010473493323087 1.8783173907274497 -0.1604449014905519
v -0.28129047461344714 2.0917122093139624 0.15517984964311532
v -0.2812907369695676 2.091711940790561 -0.16044486720183143
v -0.3433791684853955 1.8917547137439121 0.15518003688894683
v -0.3433789535094388 1.8917547089373477 -0.16044498529600384
v -0.2189834529955637 1.9896090974579996 0.334128628966365
v -0.21228634401749746 2.073974159131854 0.1563718610195894
v -0.2740236591597116 1.8225957299386828 0.2527890604278525
v -0.26732655018164536 1.9069607916125375 0.0750322924810769
v -0.2848598061367051 2.008225070195592 0.34048167658620704
v -0.2781631744907161 2.0925898681526096 0.16272521397943535
v -0.33989960969251026 1.8412114220283002 0.2591424950467082
v -0.33320247453028085 1.9255759914469932 0.08138534288092553
v -0.2687776993076032 1.920214038498359 0.2598393471932842
v -0.3219826690273563 1.8703701912524606 -0.0456439025702885
v -0.28592191657938515 1.7023836634215153 0.29836799361044114
v -0.33912686011497506 1.6525393239204553 -0.007115640372138632
v -0.31636855141457626 1.9252792599892783 0.26730158229822415
v -0.3695735211343294 1.8754354127433799 -0.03818166746534851
v -0.333512291354281 1.7074491486292716 0.305829923375377
v -0.38671683228152814 1.6576045284802365 0.00034667639181085175
v -0.33009042436386365 1.782388919442207 0.13075407558605928
v -0.31977535771897514 1.9134614142629893 -0.000723686282709135
v -0.34031989462773515 1.652417901741643 0.0003813474287788221
v -0.3300039480424268 1.7834903796312875 -0.1310963327809799
v -0.3799366381661365 1.786312019455736 0.13075402482423
v -0.36962116891290525 1.9173842336285438 -0.0007233500455248176
v -0.39016522848958807 1.6563409848240342 0.00038137832595913634
v -0.37985016184469955 1.7874134796448167 -0.13109638354280928
v -0.3188356718146945 1.799936886590118 0.1496570156757066
v -0.30860918599326903 1.9316290698243543 0.01879347417543048
v -0.3594316126972712 1.7710228797271783 0.11738726485638157
v -0.3492042207512626 1.902714553775115 -0.013476579203892003
v -0.3393012101912751 1.814311649579514 0.16252349126038107
v -0.32907469818568647 1.9460033405585886 0.03165956554109772
v -0.37989712488968863 1.7853971504614126 0.13025335622204887
v -0.36967063906826325 1.917089333695649 -0.0006101852782274264
v -0.3072292036383073 1.9287310411643612 -0.01717079586584075
v -0.3177129840423898 1.7994595207656248 -0.14821710484776088
v -0.34995997110850563 1.9011433267517648 0.013461547505891902
v -0.3604437515125881 1.771871806353028 -0.11758476147602823
v -0.3266908076843661 1.9439426160768074 -0.030620114781448327
v -0.3371741854801059 1.8146708150300959 -0.16166603676435473
v -0.3694220786708048 1.9163551302025357 0.000012918149295271242
v -0.3799054564665446 1.7870833291558241 -0.13103300383361108
v 0.3181220006364014 1.925684526374512 0.2673017051318291
v 0.3713269599367683 1.8758407373650838 -0.038181809700444436
v 0.33526549368380704 1.7078541096458308 0.3058297493693822
v 0.38847085559251654 1.6580100399884279 0.0003466215361222491
v 0.27053150018036076 1.9206190982161553 0.2598395875739659
v 0.3237364594807276 1.8707753092067274 -0.04564392725830774
v 0.28767547055984355 1.702788945204311 0.2983673264715149
v 0.340880355136476 1.6529446118300715 -0.007115496021741108
v 0.33357516844304663 1.7962472693854186 -0.27462329573825
v 0.33279399342318444 1.91488511602819 -0.2352593527745635
v 0.29115174310038666 1.820095522474034 -0.3473404428828426
v 0.29037056808052447 1.9387333691168056 -0.3079764999191561
v 0.27618025313639 1.785886684012226 -0.2445370335128132
v 0.27539948072487047 1.9045242500070225 -0.20517270355011302
v 0.23375682779372997 1.8097349371008415 -0.3172541806574058
v 0.2329765327142877 1.928372766812475 -0.2778901560347096
v 0.32050959734124 1.9177307813281175 -0.24408150238663073
v 0.32007039533674253 1.9844644979843271 -0.221938860171795
v 0.2849042992324351 1.9377463305728146 -0.30511209804889866
v 0.28446509722793756 2.0044800472290243 -0.2829694558340629
v 0.2685814543989131 1.9083570059605908 -0.21686033159046245
v 0.2681418497860728 1.9750910032647753 -0.19471807637464042
v 0.23297615629010815 1.9283725552052882 -0.27789092725273035
v 0.23253655167726794 1.9951065525094727 -0.25574867203690826
v 0.3474301094617798 1.781071025585704 -0.19648344072115387
v 0.34391547084228796 1.903636454511544 -0.17218421118207244
v 0.33349529178615184 1.7962533803093212 -0.27507678778067446
v 0.3299806531666599 1.9188188092351612 -0.250777558241593
v 0.28126512543360954 1.7770040795506439 -0.18553802193491642
v 0.2777508894224604 1.8995692278285092 -0.16123840539682122
v 0.26732983042590425 1.7921861705574242 -0.26413106365443306
v 0.26381559441475505 1.9147513188352896 -0.2398314471163379
v 0.3658241811403404 1.7712971062772 -0.054190111009645714
v 0.3597232454558887 1.895795103717594 -0.04480723417720672
v 0.3474222876446971 1.7811139202734705 -0.1964189623628549
v 0.3413213519602453 1.9056119177138644 -0.18703608553041587
v 0.2977220580155198 1.7673163013681235 -0.04565359870154184
v 0.29162112233106807 1.8918142988085174 -0.036270721869102795
v 0.2793201645198766 1.777133115364394 -0.1878824500547509
v 0.2732192288354248 1.9016311128047878 -0.17849957322231186
v 0.28156426224106357 2.0909301316878706 -0.1654761712623355
v 0.2848754427387465 2.036180881172776 -0.2915624103702262
v 0.3189824215127778 1.9758979879916239 -0.11454430213795169
v 0.3222941055267012 1.9211485089382045 -0.24063123080485344
v 0.21419131405654757 2.071891403545413 -0.15897862752183312
v 0.21750249455423049 2.0171421530303184 -0.2850648666297238
v 0.2516094733282618 1.9568592598491665 -0.10804675839744932
v 0.2549206538259447 1.902110009334072 -0.23413299750533997
v 0.3187227198987855 1.975663279766326 -0.11444938064714308
v 0.32203437772854565 1.9209142929680683 -0.24053592509503774
v 0.3308866922945681 1.855908242595976 -0.06212991699929654
v 0.3341983763084914 1.8011587635425566 -0.18821684566619826
v 0.2487336519114487 1.9690126513209958 -0.11339969187666776
v 0.2520444298007889 1.914263681453876 -0.23948631798357217
v 0.2608976243072313 1.8492576141506458 -0.0610802282288212
v 0.2642088795286487 1.794508908000363 -0.18716715967572956
v 0.2830439538063835 2.0921169725266915 0.15517993876805175
v 0.2830441687823402 2.092116967720127 -0.16044508341689892
v 0.34513226880978015 1.8921600820805815 0.15518012943885234
v 0.34513248378573697 1.892160077274017 -0.16044489274609847
v 0.23976981410605214 2.0786802117626615 0.15517985471720847
v 0.2397700290820089 2.078680206956097 -0.1604451674677423
v 0.3018581552936121 1.87872282906139 0.15517966116900178
v 0.3018583702695688 1.8787228242548255 -0.16044536101594892
v 0.2866137755407792 2.008630193326961 0.3404818615736939
v 0.2799163915286491 2.0929951282428916 0.162725406096571
v 0.3416533640957878 1.8416166042820163 0.2591423827816433
v 0.334956483599898 1.9259813106596224 0.08138523774550915
v 0.22073763781219968 1.9900147903362422 0.3341285297824998
v 0.21404027998423275 2.0743792329970114 0.1563716900863697
v 0.27577722636720825 1.8230012012912977 0.2527890509904492
v 0.26908034587131857 1.9073659076689038 0.07503190595431514
v 0.38168964431321023 1.7867172922297345 0.1307542343777307
v 0.3713743215858822 1.9177892001156576 -0.0007236753507913196
v 0.3919188001670399 1.656746078171452 0.00038111884568908794
v 0.3816030486472058 1.7878187589605117 -0.13109679366283955
v 0.331843892063822 1.7827943162026476 0.1307536201750975
v 0.32152806582025334 1.9138664526268956 -0.0007235999944135152
v 0.34207254440141105 1.65282333068269 0.00038119420206689236
v 0.33175719548991967 1.783895730823775 -0.13109633130744813
v 0.34097580899123975 1.815138419311328 0.162353795594619
v 0.33074907542954474 1.9468302571709435 0.03148967064613023
v 0.3815714845565264 1.7862242860253597 0.13008358902764006
v 0.3713442474785908 1.9179163524232996 -0.0007798463618376439
v 0.32050994136196415 1.8007637755707653 0.14948748055432942
v 0.3102832078002691 1.9324556134303803 0.018623355605840664
v 0.3611056169272506 1.7718496422847965 0.11721727398735055
v 0.3508788571813923 1.9035419723995735 -0.013646466742131158
v 0.32836523292046893 1.9447697441976979 -0.030789861884185254
v 0.3388487353113722 1.8154982109898083 -0.16183567912838986
v 0.3710960677563016 1.9171820089936638 -0.00015686581966939395
v 0.3815795963313679 1.7879099835306127 -0.13120306728288111
v 0.3089033354013573 1.9295583345449765 -0.017340855400612143
v 0.3193868639764238 1.8002863090819254 -0.14838705686382375
v 0.35163467375343044 1.9019703708026177 0.013291451104892715
v 0.36211817614433356 1.7726988375947283 -0.11775436613931187
v 0.12499971525878667 2.0907134759584944 -0.34299915748594567
v 0.1249999641097706 2.1241982038076297 -0.4238384084311737
v 0.12499987358871673 1.8741794575962363 -0.43269065862531697
v 0.1250001224397006 1.9076641854453715 -0.513529909570545
v -0.12499989895104627 2.09071358705993 -0.3429991357253054
v -0.12499965010006235 2.1241983149090653 -0.42383838667053336
v -0.1250002179531935 1.8741793049808353 -0.43269033152467273
v -0.12499996910220958 1.9076640328299705 -0.5135295824699008
v -0.08758168534869733 2.090367669129761 -0.3468979599612387
v -0.12456072618205442 2.1207150831861417 -0.4201632193194298
v -0.08758138778331781 1.8796079299284845 -0.43419782239492216
v -0.12456042861667489 1.909955343984865 -0.5074630817531133
v -0.28017210676166976 2.056000633360453 -0.2639274977709107
v -0.3171511475950269 2.086348047416833 -0.3371927571291018
v -0.28017180919629026 1.8452408941591762 -0.35122736020459416
v -0.3171508500296473 1.8755883082155567 -0.4244926195627853
v 0.2801721324582115 2.0560005371357373 -0.2639276884144852
v 0.3171513991436309 2.086348298309063 -0.3371928504346931
v 0.28017195269151385 1.845240534217624 -0.35122724550816475
v 0.31715124556109636 1.8755878031357875 -0.42449279174737964
v 0.08758151242351858 2.090367764472357 -0.34689763020254716
v 0.12456037650059526 2.1207158062936573 -0.4201631792217687
v 0.08758180998889808 1.8796080252710805 -0.43419749263623064
v 0.12456070025013793 1.909955574837219 -0.5074634258744593
v -0.28017176246487124 2.0098066989679504 -0.28306190765543243
v -0.30757641949870795 2.032296105139777 -0.3373568300167777
v -0.28017215349308877 1.8914348285516787 -0.33209295032007247
v -0.30757633319484823 1.9139244984403425 -0.38638817802142167
v -0.30566210978017483 2.0052581893812613 -0.2720805660762471
v -0.33306588687359157 2.0277475786219505 -0.3263754067785826
v -0.30566159468380916 1.8868858097786902 -0.32111191130088446
v -0.3330662779018091 1.9093757082056788 -0.37540644944322266
v 0.30566165523739686 2.005257930431492 -0.27208031244015585
v 0.33306585997308613 2.027747422189515 -0.3263754279173007
v 0.3056617677254198 1.8868858314768957 -0.32111204466380694
v 0.3330659462769459 1.9093758154900804 -0.3754067759219447
v 0.2801719994229328 2.009806339026398 -0.283061792959003
v 0.3075761779744589 2.0322963230395827 -0.33735652421714085
v 0.2801720857267925 1.8914347323269631 -0.332093140963647
v 0.3075762904624818 1.913924224084986 -0.3863882564407919
v -0.32062192896624137 1.969426587820016 -0.20365518891062537
v -0.2798363624036939 2.0129945590984395 -0.34805858396391687
v -0.3349608596317253 1.8788972868308602 -0.23501807891200155
v -0.29417569567752055 1.9224655387572587 -0.37942186096430675
v -0.3325455188605082 1.9721928148438108 -0.20618790459281117
v -0.2917603287221403 2.0157605745150473 -0.3505920708641234
v -0.3468848521343348 1.8816637945026298 -0.23755118159320104
v -0.30609966199596694 1.9252315541738665 -0.3819553478645133
v -0.31633503434673005 1.959367258878538 0.16666873338397742
v -0.31597680412414797 1.9782521021264148 -0.23914144743515203
v -0.3520500078716309 1.8694153870772672 0.1624514859458948
v -0.3516921540732284 1.888300018717957 -0.2433594660912554
v -0.3279543376273488 1.9639713710787503 0.1668732496094511
v -0.32759648382894635 1.9828560027194402 -0.23893770242769907
v -0.3636696875764292 1.8740192876702928 0.16265523095334772
v -0.36331185996218995 1.8929044115661444 -0.24315533686479537
v -0.28853583887796763 1.9333973826190054 0.34410045996139854
v -0.32017060996228375 1.9612927254736239 0.1598026077904055
v -0.31624873839000217 1.8410303669144028 0.3348770043449581
v -0.3478835094743182 1.8689257097690213 0.15057915217396495
v -0.30032942068473245 1.9366840122168583 0.3466225571307779
v -0.3319641917690484 1.9645793550714767 0.16232470495978485
v -0.32804229401260365 1.844316504257094 0.3373987172953303
v -0.3596774938894256 1.872212620014849 0.15310086234433068
v -0.1332296669706069 1.8972835889967805 0.4124087047050477
v -0.2995908909211571 1.938836028954242 0.33655606414893663
v -0.15336187431723264 1.8028277716301242 0.4048204622591261
v -0.3197230982677829 1.8443802115875856 0.32896782170301503
v -0.13837690395218333 1.8974659803129281 0.4237976037040801
v -0.304738202626468 1.9390178759055776 0.3479456554869866
v -0.15850961481504955 1.8030103914845967 0.4162100508171695
v -0.32487083876559975 1.844562831442058 0.3403574102610584
v 0.012384234650541559 1.8859321757044034 0.4132611432077616
v -0.15128384774976775 1.8950860474086242 0.4065222558058426
v 0.0072500870215464475 1.789405689404917 0.40685401356556344
v -0.1564188753191828 1.798559578040276 0.4001150445046348
v 0.011826752356710268 1.8851350292373925 0.4257236946238671
v -0.1518413038594358 1.894288408686452 0.4189844230029411
v 0.006691724787295211 1.7886085598690444 0.4193164833226592
v -0.15697633142885087 1.7977619393181037 0.4125772117017333
v -0.010264091653446633 1.8851348683215228 0.4257231062793058
v 0.153404403152473 1.8942883603257556 0.41898455076834
v -0.005129454973505254 1.7886084511740552 0.41931622515108274
v 0.15853863722407163 1.7977622238262627 0.41257728264110344
v -0.010821799963092599 1.8859324446552677 0.4132612720664451
v 0.15284629223448426 1.8950862173074752 0.40652232955646567
v -0.005687163283151275 1.7894060275078 0.406854390938222
v 0.15798095509858884 1.7985593079048459 0.40011506420923554
v 0.3341082855855491 1.9721926922121715 -0.20618797484995655
v 0.29332278005820434 2.015760517148174 -0.35059202409094403
v 0.348447200982585 1.8816638574409588 -0.23755113903508135
v 0.30766217278731767 1.925231946093798 -0.38195549361607284
v 0.32218436248406385 1.9694266554224618 -0.20365502867670482
v 0.2813988569567193 2.012994480358464 -0.34805907791769236
v 0.33652327788109987 1.878897820651249 -0.23501819286182965
v 0.295738174962098 1.9224653649392764 -0.37942185510380344
v 0.32951653235569717 1.9639711518269618 0.16687274856184003
v 0.3291587152139264 1.9828559892957758 -0.2389374225135627
v 0.3652321677065877 1.8740192849303474 0.16265559431559545
v 0.36487397414063744 1.8929039107919745 -0.243155347977828
v 0.31789734311179263 1.959367498052794 0.16666895648477892
v 0.3175391495458422 1.978252123914421 -0.23914198580864468
v 0.35361300464684636 1.869415138901018 0.16245141801952728
v 0.35325478489673284 1.8883002570178067 -0.24335914005488923
v 0.3018917358266602 1.936683745839232 0.34662265647911333
v 0.33352655402758863 1.964579383639099 0.1623244801134452
v 0.32960476511122083 1.8443164913870316 0.3373987755582754
v 0.3612395571279862 1.8722126214420602 0.1531009834116142
v 0.2900979665890243 1.9333970941794194 0.34410049147307314
v 0.32173318739829554 1.9612924513313115 0.1598027021064185
v 0.31781096968942174 1.8410303319823806 0.33487699477124205
v 0.34944619049869313 1.868925689134273 0.15057920540458752
v 0.13993957942696006 1.8974657071100876 0.4237979126635451
v 0.3063010638084382 1.9390179705660917 0.3479453845555715
v 0.16007195604027774 1.803010290168707 0.41621016752840995
v 0.3264334404217559 1.8445625536247112 0.34035763942043645
v 0.13479231201162556 1.897283633425623 0.4124085501553058
v 0.30115291645268366 1.938835913812765 0.33655594038832265
v 0.15492471480910647 1.8028277242290807 0.4048204208011636
v 0.3212857965822419 1.8443802683330597 0.3289675056941765
vt 0.16 0.8240000000000001
vt 0.152 0.8240000000000001
vt 0.152 0.8160000000000001
vt 0.16 0.8160000000000001
vt 0.248 0.96
vt 0.248 0.968
vt 0.24 0.968
vt 0.24 0.96
vt 0.144 0.872
vt 0.16 0.872
vt 0.16 0.88
vt 0.144 0.88
vt 0.208 0.888
vt 0.208 0.896
vt 0.192 0.896
vt 0.192 0.888
vt 0.144 0.768
vt 0.144 0.776
vt 0.128 0.776
vt 0.128 0.768
vt 0.464 0.616
vt 0.448 0.616
vt 0.448 0.608
vt 0.464 0.608
vt 0.248 0.864
vt 0.24 0.864
vt 0.24 0.856
vt 0.248 0.856
vt 0.248 0.704
vt 0.248 0.712
vt 0.24 0.712
vt 0.24 0.704
vt 0.432 0.632
vt 0.44 0.632
vt 0.44 0.64
vt 0.432 0.64
vt 0.448 0.896
vt 0.448 0.904
vt 0.44 0.904
vt 0.44 0.896
vt 0.448 0.776
vt 0.448 0.784
vt 0.44 0.784
vt 0.44 0.776
vt 0.488 0.768
vt 0.48 0.768
vt 0.48 0.76
vt 0.488 0.76
vt 0.488 0.752
vt 0.48 0.752
vt 0.48 0.744
vt 0.488 0.744
vt 0.488 0.728
vt 0.488 0.736
vt 0.48 0.736
vt 0.48 0.728
vt 0.48 0.712
vt 0.488 0.712
vt 0.488 0.72
vt 0.48 0.72
vt 0.312 0.512
vt 0.312 0.52
vt 0.304 0.52
vt 0.304 0.512
vt 0.328 0.512
vt 0.328 0.52
vt 0.32 0.52
vt 0.32 0.512
vt 0.488 0.6
vt 0.48 0.6
vt 0.48 0.5920000000000001
vt 0.488 0.5920000000000001
vt 0.488 0.5760000000000001
vt 0.488 0.5840000000000001
vt 0.48 0.5840000000000001
vt 0.48 0.5760000000000001
vt 0.488 0.5680000000000001
vt 0.48 0.5680000000000001
vt 0.48 0.56
vt 0.488 0.56
vt 0.488 0.52
vt 0.488 0.528
vt 0.48 0.528
vt 0.48 0.52
vt 0.488 0.968
vt 0.496 0.968
vt 0.496 0.976
vt 0.488 0.976
vt 0.496 0.96
vt 0.488 0.96
vt 0.488 0.952
vt 0.496 0.952
vt 0.496 0.9359999999999999
vt 0.496 0.944
vt 0.488 0.944
vt 0.488 0.9359999999999999
vt 0.496 0.92
vt 0.496 0.928
vt 0.488 0.928
vt 0.488 0.92
vt 0.496 0.912
vt 0.488 0.912
vt 0.488 0.904
vt 0.496 0.904
vt 0.496 0.888
vt 0.496 0.896
vt 0.488 0.896
vt 0.488 0.888
vt 0.488 0.872
vt 0.496 0.872
vt 0.496 0.88
vt 0.488 0.88
vt 0.496 0.864
vt 0.488 0.864
vt 0.488 0.856
vt 0.496 0.856
vt 0.496 0.84
vt 0.496 0.848
vt 0.488 0.848
vt 0.488 0.84
vt 0.504 0.728
vt 0.504 0.736
vt 0.496 0.736
vt 0.496 0.728
vt 0.504 0.72
vt 0.496 0.72
vt 0.496 0.712
vt 0.504 0.712
vt 0.288 0.504
vt 0.288 0.496
vt 0.296 0.496
vt 0.296 0.504
vt 0.312 0.504
vt 0.304 0.504
vt 0.304 0.496
vt 0.312 0.496
vt 0.328 0.504
vt 0.32 0.504
vt 0.32 0.496
vt 0.328 0.496
vt 0.344 0.496
vt 0.344 0.504
vt 0.336 0.504
vt 0.336 0.496
vt 0.504 0.76
vt 0.504 0.768
vt 0.496 0.768
vt 0.496 0.76
vt 0.504 0.752
vt 0.496 0.752
vt 0.496 0.744
vt 0.504 0.744
vt 0.456 0.76
vt 0.456 0.752
vt 0.472 0.752
vt 0.472 0.76
vt 0.472 0.744
vt 0.456 0.744
vt 0.456 0.736
vt 0.472 0.736
vt 0.472 0.728
vt 0.456 0.728
vt 0.456 0.72
vt 0.472 0.72
vt 0.472 0.704
vt 0.472 0.712
vt 0.456 0.712
vt 0.456 0.704
vt 0.496 0.616
vt 0.496 0.624
vt 0.488 0.624
vt 0.488 0.616
vt 0.496 0.552
vt 0.488 0.552
vt 0.488 0.544
vt 0.496 0.544
vt 0.48 0.512
vt 0.48 0.504
vt 0.488 0.504
vt 0.488 0.512
vt 0.504 1
vt 0.496 1
vt 0.496 0.992
vt 0.504 0.992
vt 0.104 0.504
vt 0.096 0.504
vt 0.096 0.496
vt 0.104 0.496
vt 0.232 0.496
vt 0.232 0.504
vt 0.224 0.504
vt 0.224 0.496
vt 0.28 0.512
vt 0.272 0.512
vt 0.272 0.504
vt 0.28 0.504
vt 0.496 0.696
vt 0.496 0.704
vt 0.488 0.704
vt 0.488 0.696
vt 0.496 0.688
vt 0.488 0.688
vt 0.488 0.6799999999999999
vt 0.496 0.6799999999999999
vt 0.488 0.6719999999999999
vt 0.488 0.6639999999999999
vt 0.496 0.6639999999999999
vt 0.496 0.6719999999999999
vt 0.496 0.648
vt 0.496 0.656
vt 0.488 0.656
vt 0.488 0.648
vt 0.496 0.64
vt 0.488 0.64
vt 0.488 0.632
vt 0.496 0.632
vt 0.496 0.832
vt 0.488 0.832
vt 0.488 0.8240000000000001
vt 0.496 0.8240000000000001
vt 0.496 0.808
vt 0.496 0.8160000000000001
vt 0.488 0.8160000000000001
vt 0.488 0.808
vt 0.496 0.8
vt 0.488 0.8
vt 0.488 0.792
vt 0.496 0.792
vt 0.488 0.784
vt 0.488 0.776
vt 0.496 0.776
vt 0.496 0.784
vt 0.248 0.504
vt 0.248 0.512
vt 0.24 0.512
vt 0.24 0.504
vt 0.264 0.512
vt 0.256 0.512
vt 0.256 0.504
vt 0.264 0.504
vt 0.04 0.03200000000000003
vt 0.032 0.03200000000000003
vt 0.032 0.016000000000000014
vt 0.04 0.016000000000000014
vt 0.008 0
vt 0.008 0.016000000000000014
vt 0 0.016000000000000014
vt 0 0
vt 0.032 0.05600000000000005
vt 0.056 0.05600000000000005
vt 0.056 0.06399999999999995
vt 0.032 0.06399999999999995
vt 0.056 0.040000000000000036
vt 0.056 0.04800000000000004
vt 0.032 0.04800000000000004
vt 0.032 0.040000000000000036
vt 0.024 0.04800000000000004
vt 0.024 0.06399999999999995
vt 0 0.06399999999999995
vt 0 0.04800000000000004
vt 0.024 0.040000000000000036
vt 0 0.040000000000000036
vt 0 0.02400000000000002
vt 0.024 0.02400000000000002
vt 0.59 0.07199999999999995
vt 0.566 0.07199999999999995
vt 0.566 0.06399999999999995
vt 0.59 0.06399999999999995
vt 0.59 0.04800000000000004
vt 0.59 0.05600000000000005
vt 0.566 0.05600000000000005
vt 0.566 0.04800000000000004
vt 0.566 0.016000000000000014
vt 0.574 0.016000000000000014
vt 0.574 0.040000000000000036
vt 0.566 0.040000000000000036
vt 0.606 0.04800000000000004
vt 0.606 0.07199999999999995
vt 0.598 0.07199999999999995
vt 0.598 0.04800000000000004
vt 0.606 0.016000000000000014
vt 0.606 0.02400000000000002
vt 0.598 0.02400000000000002
vt 0.598 0.016000000000000014
vt 0.622 0.02400000000000002
vt 0.614 0.02400000000000002
vt 0.614 0.016000000000000014
vt 0.622 0.016000000000000014
vt 0.606 0.040000000000000036
vt 0.582 0.040000000000000036
vt 0.582 0.03200000000000003
vt 0.606 0.03200000000000003
vt 0.638 0.06399999999999995
vt 0.638 0.07199999999999995
vt 0.614 0.07199999999999995
vt 0.614 0.06399999999999995
vt 0.582 0
vt 0.59 0
vt 0.59 0.02400000000000002
vt 0.582 0.02400000000000002
vt 0.622 0.03200000000000003
vt 0.622 0.05600000000000005
vt 0.614 0.05600000000000005
vt 0.614 0.03200000000000003
vt 0.574 0
vt 0.574 0.008000000000000007
vt 0.566 0.008000000000000007
vt 0.566 0
vt 0.638 0.05600000000000005
vt 0.63 0.05600000000000005
vt 0.63 0.04800000000000004
vt 0.638 0.04800000000000004
vt 0.582 0.03200000000000003
vt 0.582 0.040000000000000036
vt 0.606 0.040000000000000036
vt 0.606 0.03200000000000003
vt 0.614 0.07199999999999995
vt 0.638 0.07199999999999995
vt 0.638 0.06399999999999995
vt 0.614 0.06399999999999995
vt 0.59 0.02400000000000002
vt 0.59 0
vt 0.582 0
vt 0.582 0.02400000000000002
vt 0.614 0.05600000000000005
vt 0.622 0.05600000000000005
vt 0.622 0.03200000000000003
vt 0.614 0.03200000000000003
vt 0.566 0.008000000000000007
vt 0.574 0.008000000000000007
vt 0.574 0
vt 0.566 0
vt 0.63 0.04800000000000004
vt 0.63 0.05600000000000005
vt 0.638 0.05600000000000005
vt 0.638 0.04800000000000004
vt 0.566 0.06399999999999995
vt 0.566 0.07199999999999995
vt 0.59 0.07199999999999995
vt 0.59 0.06399999999999995
vt 0.566 0.05600000000000005
vt 0.59 0.05600000000000005
vt 0.59 0.04800000000000004
vt 0.566 0.04800000000000004
vt 0.574 0.040000000000000036
vt 0.574 0.016000000000000014
vt 0.566 0.016000000000000014
vt 0.566 0.040000000000000036
vt 0.598 0.07199999999999995
vt 0.606 0.07199999999999995
vt 0.606 0.04800000000000004
vt 0.598 0.04800000000000004
vt 0.598 0.02400000000000002
vt 0.606 0.02400000000000002
vt 0.606 0.016000000000000014
vt 0.598 0.016000000000000014
vt 0.614 0.016000000000000014
vt 0.614 0.02400000000000002
vt 0.622 0.02400000000000002
vt 0.622 0.016000000000000014
vt 0.2 0.51
vt 0.2 0.52
vt 0.192 0.52
vt 0.192 0.51
vt 0.216 0.51
vt 0.216 0.52
vt 0.208 0.52
vt 0.208 0.51
vt 0 0.496
vt 0 0.488
vt 0.006 0.488
vt 0.006 0.496
vt 0.016 0.488
vt 0.016 0.496
vt 0.022 0.496
vt 0.022 0.488
vt 0.462 0.494
vt 0.462 0.504
vt 0.456 0.504
vt 0.456 0.494
vt 0.446 0.494
vt 0.446 0.504
vt 0.44 0.504
vt 0.44 0.494
vt 0.312 0.53
vt 0.312 0.544
vt 0.304 0.544
vt 0.304 0.53
vt 0.464 0.6819999999999999
vt 0.464 0.696
vt 0.456 0.696
vt 0.456 0.6819999999999999
vt 0.496 0.5680000000000001
vt 0.496 0.56
vt 0.502 0.56
vt 0.502 0.5680000000000001
vt 0.496 0.528
vt 0.496 0.536
vt 0.502 0.536
vt 0.502 0.528
vt 0.294 0.514
vt 0.294 0.528
vt 0.288 0.528
vt 0.288 0.514
vt 0.23 0.514
vt 0.23 0.528
vt 0.224 0.528
vt 0.224 0.514
vt 0.168 0.51
vt 0.168 0.52
vt 0.16 0.52
vt 0.16 0.51
vt 0.184 0.51
vt 0.184 0.52
vt 0.176 0.52
vt 0.176 0.51
vt 0.496 0.52
vt 0.496 0.512
vt 0.502 0.512
vt 0.502 0.52
vt 0.496 0.496
vt 0.496 0.504
vt 0.502 0.504
vt 0.502 0.496
vt 0.43 0.494
vt 0.43 0.504
vt 0.424 0.504
vt 0.424 0.494
vt 0.502 0.5820000000000001
vt 0.502 0.5920000000000001
vt 0.496 0.5920000000000001
vt 0.496 0.5820000000000001
vt 0.328 0.53
vt 0.328 0.544
vt 0.32 0.544
vt 0.32 0.53
vt 0.464 0.6579999999999999
vt 0.464 0.6719999999999999
vt 0.456 0.6719999999999999
vt 0.456 0.6579999999999999
vt 0.504 0.984
vt 0.504 0.976
vt 0.51 0.976
vt 0.51 0.984
vt 0.032 0.488
vt 0.032 0.496
vt 0.038 0.496
vt 0.038 0.488
vt 0.478 0.6579999999999999
vt 0.478 0.6719999999999999
vt 0.472 0.6719999999999999
vt 0.472 0.6579999999999999
vt 0.478 0.6819999999999999
vt 0.478 0.696
vt 0.472 0.696
vt 0.472 0.6819999999999999
vt 0.016 0.752
vt 0.016 0.792
vt 0 0.792
vt 0 0.752
vt 0.04 0.752
vt 0.04 0.792
vt 0.024 0.792
vt 0.024 0.752
vt 0.424 0.624
vt 0.424 0.608
vt 0.434 0.608
vt 0.434 0.624
vt 0.432 0.984
vt 0.432 1
vt 0.442 1
vt 0.442 0.984
vt 0.034 0.6639999999999999
vt 0.034 0.704
vt 0.024 0.704
vt 0.024 0.6639999999999999
vt 0.01 0.6639999999999999
vt 0.01 0.704
vt 0 0.704
vt 0 0.6639999999999999
vt 0.042 0.96
vt 0.042 1
vt 0 1
vt 0 0.96
vt 0.042 0.912
vt 0.042 0.952
vt 0 0.952
vt 0 0.912
vt 0.096 0.744
vt 0.096 0.702
vt 0.106 0.702
vt 0.106 0.744
vt 0.256 0.8220000000000001
vt 0.256 0.864
vt 0.266 0.864
vt 0.266 0.8220000000000001
vt 0.082 0.6639999999999999
vt 0.082 0.704
vt 0.072 0.704
vt 0.072 0.6639999999999999
vt 0.058 0.6639999999999999
vt 0.058 0.704
vt 0.048 0.704
vt 0.048 0.6639999999999999
vt 0.154 0.9339999999999999
vt 0.154 0.96
vt 0.112 0.96
vt 0.112 0.9339999999999999
vt 0.042 0.838
vt 0.042 0.864
vt 0 0.864
vt 0 0.838
vt 0.256 0.808
vt 0.256 0.766
vt 0.266 0.766
vt 0.266 0.808
vt 0.256 0.71
vt 0.256 0.752
vt 0.266 0.752
vt 0.266 0.71
vt 0.37 0.854
vt 0.37 0.88
vt 0.36 0.88
vt 0.36 0.854
vt 0.37 0.894
vt 0.37 0.92
vt 0.36 0.92
vt 0.36 0.894
vt 0.098 0.966
vt 0.098 1
vt 0.056 1
vt 0.056 0.966
vt 0.098 0.918
vt 0.098 0.952
vt 0.056 0.952
vt 0.056 0.918
vt 0.264 0.696
vt 0.264 0.654
vt 0.272 0.654
vt 0.272 0.696
vt 0.312 0.9339999999999999
vt 0.312 0.976
vt 0.32 0.976
vt 0.32 0.9339999999999999
vt 0.224 0.622
vt 0.224 0.656
vt 0.216 0.656
vt 0.216 0.622
vt 0.208 0.622
vt 0.208 0.656
vt 0.2 0.656
vt 0.2 0.622
vt 0.29 0.91
vt 0.29 0.92
vt 0.248 0.92
vt 0.248 0.91
vt 0.314 0.99
vt 0.314 1
vt 0.272 1
vt 0.272 0.99
vt 0.28 0.896
vt 0.28 0.854
vt 0.29 0.854
vt 0.29 0.896
vt 0.12 0.6779999999999999
vt 0.12 0.72
vt 0.13 0.72
vt 0.13 0.6779999999999999
vt 0.474 0.638
vt 0.474 0.648
vt 0.464 0.648
vt 0.464 0.638
vt 0.258 0.526
vt 0.258 0.536
vt 0.248 0.536
vt 0.248 0.526
vt 0.098 0.838
vt 0.098 0.864
vt 0.056 0.864
vt 0.056 0.838
vt 0.154 0.838
vt 0.154 0.864
vt 0.112 0.864
vt 0.112 0.838
vt 0.28 0.84
vt 0.28 0.798
vt 0.29 0.798
vt 0.29 0.84
vt 0.28 0.742
vt 0.28 0.784
vt 0.29 0.784
vt 0.29 0.742
vt 0.01 0.606
vt 0.01 0.632
vt 0 0.632
vt 0 0.606
vt 0.274 0.614
vt 0.274 0.64
vt 0.264 0.64
vt 0.264 0.614
vt 0.402 0.698
vt 0.402 0.704
vt 0.36 0.704
vt 0.36 0.698
vt 0.41 0.794
vt 0.41 0.8
vt 0.368 0.8
vt 0.368 0.794
vt 0.28 0.728
vt 0.28 0.6859999999999999
vt 0.29 0.6859999999999999
vt 0.29 0.728
vt 0.288 0.9339999999999999
vt 0.288 0.976
vt 0.298 0.976
vt 0.298 0.9339999999999999
vt 0.386 0.498
vt 0.386 0.504
vt 0.376 0.504
vt 0.376 0.498
vt 0.362 0.498
vt 0.362 0.504
vt 0.352 0.504
vt 0.352 0.498
vt 0.41 0.778
vt 0.41 0.784
vt 0.368 0.784
vt 0.368 0.778
vt 0.41 0.762
vt 0.41 0.768
vt 0.368 0.768
vt 0.368 0.762
vt 0.144 0.712
vt 0.144 0.6699999999999999
vt 0.154 0.6699999999999999
vt 0.154 0.712
vt 0.168 0.6699999999999999
vt 0.168 0.712
vt 0.178 0.712
vt 0.178 0.6699999999999999
vt 0.41 0.498
vt 0.41 0.504
vt 0.4 0.504
vt 0.4 0.498
vt 0.506 0.602
vt 0.506 0.608
vt 0.496 0.608
vt 0.496 0.602
vt 0.21 0.8220000000000001
vt 0.21 0.84
vt 0.168 0.84
vt 0.168 0.8220000000000001
vt 0.042 0.806
vt 0.042 0.8240000000000001
vt 0 0.8240000000000001
vt 0 0.806
vt 0.192 0.712
vt 0.192 0.6699999999999999
vt 0.202 0.6699999999999999
vt 0.202 0.712
vt 0.216 0.6699999999999999
vt 0.216 0.712
vt 0.226 0.712
vt 0.226 0.6699999999999999
vt 0.354 0.5660000000000001
vt 0.354 0.5840000000000001
vt 0.344 0.5840000000000001
vt 0.344 0.5660000000000001
vt 0.426 0.702
vt 0.426 0.72
vt 0.416 0.72
vt 0.416 0.702
vt 0.234 0.904
vt 0.234 0.92
vt 0.192 0.92
vt 0.192 0.904
vt 0.226 0.792
vt 0.226 0.808
vt 0.184 0.808
vt 0.184 0.792
vt 0.096 0.688
vt 0.096 0.646
vt 0.104 0.646
vt 0.104 0.688
vt 0.304 0.638
vt 0.304 0.6799999999999999
vt 0.312 0.6799999999999999
vt 0.312 0.638
vt 0.464 0.768
vt 0.464 0.784
vt 0.456 0.784
vt 0.456 0.768
vt 0.216 0.528
vt 0.216 0.544
vt 0.208 0.544
vt 0.208 0.528
vt 0.018 0.718
vt 0.018 0.744
vt 0 0.744
vt 0 0.718
vt 0.05 0.718
vt 0.05 0.744
vt 0.032 0.744
vt 0.032 0.718
vt 0.264 0.6
vt 0.264 0.5820000000000001
vt 0.274 0.5820000000000001
vt 0.274 0.6
vt 0.32 0.5820000000000001
vt 0.32 0.6
vt 0.33 0.6
vt 0.33 0.5820000000000001
vt 0.37 0.9339999999999999
vt 0.37 0.96
vt 0.36 0.96
vt 0.36 0.9339999999999999
vt 0.37 0.974
vt 0.37 1
vt 0.36 1
vt 0.36 0.974
vt 0.232 0.96
vt 0.232 1
vt 0.216 1
vt 0.216 0.96
vt 0.232 0.856
vt 0.232 0.896
vt 0.216 0.896
vt 0.216 0.856
vt 0.432 0.84
vt 0.432 0.8240000000000001
vt 0.442 0.8240000000000001
vt 0.442 0.84
vt 0.432 0.752
vt 0.432 0.768
vt 0.442 0.768
vt 0.442 0.752
vt 0.314 0.832
vt 0.314 0.872
vt 0.304 0.872
vt 0.304 0.832
vt 0.314 0.88
vt 0.314 0.92
vt 0.304 0.92
vt 0.304 0.88
vt 0.274 0.942
vt 0.274 0.968
vt 0.256 0.968
vt 0.256 0.942
vt 0.082 0.718
vt 0.082 0.744
vt 0.064 0.744
vt 0.064 0.718
vt 0.416 0.92
vt 0.416 0.902
vt 0.426 0.902
vt 0.426 0.92
vt 0.12 0.5660000000000001
vt 0.12 0.5840000000000001
vt 0.13 0.5840000000000001
vt 0.13 0.5660000000000001
vt 0.058 0.606
vt 0.058 0.632
vt 0.048 0.632
vt 0.048 0.606
vt 0.034 0.606
vt 0.034 0.632
vt 0.024 0.632
vt 0.024 0.606
vt 0.346 0.886
vt 0.346 0.904
vt 0.328 0.904
vt 0.328 0.886
vt 0.346 0.854
vt 0.346 0.872
vt 0.328 0.872
vt 0.328 0.854
vt 0.368 0.5920000000000001
vt 0.368 0.5740000000000001
vt 0.378 0.5740000000000001
vt 0.378 0.5920000000000001
vt 0.392 0.5740000000000001
vt 0.392 0.5920000000000001
vt 0.402 0.5920000000000001
vt 0.402 0.5740000000000001
vt 0.418 0.638
vt 0.418 0.656
vt 0.408 0.656
vt 0.408 0.638
vt 0.418 0.6699999999999999
vt 0.418 0.688
vt 0.408 0.688
vt 0.408 0.6699999999999999
vt 0.148 0.734
vt 0.148 0.76
vt 0.128 0.76
vt 0.128 0.734
vt 0.18 0.726
vt 0.18 0.752
vt 0.16 0.752
vt 0.16 0.726
vt 0.384 0.84
vt 0.384 0.8200000000000001
vt 0.394 0.8200000000000001
vt 0.394 0.84
vt 0.384 0.732
vt 0.384 0.752
vt 0.394 0.752
vt 0.394 0.732
vt 0.37 0.718
vt 0.37 0.744
vt 0.36 0.744
vt 0.36 0.718
vt 0.37 0.8140000000000001
vt 0.37 0.84
vt 0.36 0.84
vt 0.36 0.8140000000000001
vt 0.212 0.726
vt 0.212 0.752
vt 0.192 0.752
vt 0.192 0.726
vt 0.244 0.726
vt 0.244 0.752
vt 0.224 0.752
vt 0.224 0.726
vt 0.384 0.688
vt 0.384 0.6679999999999999
vt 0.394 0.6679999999999999
vt 0.394 0.688
vt 0.384 0.636
vt 0.384 0.656
vt 0.394 0.656
vt 0.394 0.636
vt 0.106 0.606
vt 0.106 0.632
vt 0.096 0.632
vt 0.096 0.606
vt 0.082 0.606
vt 0.082 0.632
vt 0.072 0.632
vt 0.072 0.606
vt 0.076 0.79
vt 0.076 0.8240000000000001
vt 0.056 0.8240000000000001
vt 0.056 0.79
vt 0.108 0.79
vt 0.108 0.8240000000000001
vt 0.088 0.8240000000000001
vt 0.088 0.79
vt 0.216 0.5760000000000001
vt 0.216 0.556
vt 0.224 0.556
vt 0.224 0.5760000000000001
vt 0.304 0.556
vt 0.304 0.5760000000000001
vt 0.312 0.5760000000000001
vt 0.312 0.556
vt 0.192 0.622
vt 0.192 0.656
vt 0.184 0.656
vt 0.184 0.622
vt 0.176 0.622
vt 0.176 0.656
vt 0.168 0.656
vt 0.168 0.622
vt 0.14 0.79
vt 0.14 0.8240000000000001
vt 0.12 0.8240000000000001
vt 0.12 0.79
vt 0.172 0.774
vt 0.172 0.808
vt 0.152 0.808
vt 0.152 0.774
vt 0.256 0.5680000000000001
vt 0.256 0.548
vt 0.264 0.548
vt 0.264 0.5680000000000001
vt 0.272 0.548
vt 0.272 0.5680000000000001
vt 0.28 0.5680000000000001
vt 0.28 0.548
vt 0.24 0.614
vt 0.24 0.648
vt 0.232 0.648
vt 0.232 0.614
vt 0.36 0.758
vt 0.36 0.792
vt 0.352 0.792
vt 0.352 0.758
vt 0.346 0.95
vt 0.346 0.968
vt 0.328 0.968
vt 0.328 0.95
vt 0.346 0.918
vt 0.346 0.9359999999999999
vt 0.328 0.9359999999999999
vt 0.328 0.918
vt 0.408 0.84
vt 0.408 0.8220000000000001
vt 0.418 0.8220000000000001
vt 0.418 0.84
vt 0.408 0.734
vt 0.408 0.752
vt 0.418 0.752
vt 0.418 0.734
vt 0.106 0.5740000000000001
vt 0.106 0.5920000000000001
vt 0.096 0.5920000000000001
vt 0.096 0.5740000000000001
vt 0.082 0.5740000000000001
vt 0.082 0.5920000000000001
vt 0.072 0.5920000000000001
vt 0.072 0.5740000000000001
vt 0.314 0.79
vt 0.314 0.8240000000000001
vt 0.304 0.8240000000000001
vt 0.304 0.79
vt 0.314 0.742
vt 0.314 0.776
vt 0.304 0.776
vt 0.304 0.742
vt 0.032 0.52
vt 0.032 0.51
vt 0.04 0.51
vt 0.04 0.52
vt 0.112 0.51
vt 0.112 0.52
vt 0.12 0.52
vt 0.12 0.51
vt 0.328 0.614
vt 0.328 0.648
vt 0.32 0.648
vt 0.32 0.614
vt 0.256 0.614
vt 0.256 0.648
vt 0.248 0.648
vt 0.248 0.614
vt 0.25 0.6619999999999999
vt 0.25 0.696
vt 0.24 0.696
vt 0.24 0.6619999999999999
vt 0.314 0.694
vt 0.314 0.728
vt 0.304 0.728
vt 0.304 0.694
vt 0.128 0.52
vt 0.128 0.51
vt 0.136 0.51
vt 0.136 0.52
vt 0.144 0.51
vt 0.144 0.52
vt 0.152 0.52
vt 0.152 0.51
vt 0.344 0.614
vt 0.344 0.648
vt 0.336 0.648
vt 0.336 0.614
vt 0.36 0.646
vt 0.36 0.6799999999999999
vt 0.352 0.6799999999999999
vt 0.352 0.646
vt 0.184 0.596
vt 0.184 0.608
vt 0.168 0.608
vt 0.168 0.596
vt 0.208 0.596
vt 0.208 0.608
vt 0.192 0.608
vt 0.192 0.596
vt 0.344 0.552
vt 0.344 0.536
vt 0.352 0.536
vt 0.352 0.552
vt 0.448 0.624
vt 0.448 0.64
vt 0.456 0.64
vt 0.456 0.624
vt 0.48 0.964
vt 0.48 0.976
vt 0.472 0.976
vt 0.472 0.964
vt 0.28 0.524
vt 0.28 0.536
vt 0.272 0.536
vt 0.272 0.524
vt 0.466 0.5900000000000001
vt 0.466 0.6
vt 0.456 0.6
vt 0.456 0.5900000000000001
vt 0.466 0.5660000000000001
vt 0.466 0.5760000000000001
vt 0.456 0.5760000000000001
vt 0.456 0.5660000000000001
vt 0.384 0.528
vt 0.384 0.518
vt 0.392 0.518
vt 0.392 0.528
vt 0.4 0.518
vt 0.4 0.528
vt 0.408 0.528
vt 0.408 0.518
vt 0.48 0.614
vt 0.48 0.624
vt 0.472 0.624
vt 0.472 0.614
vt 0.376 0.518
vt 0.376 0.528
vt 0.368 0.528
vt 0.368 0.518
vt 0.448 0.878
vt 0.448 0.888
vt 0.432 0.888
vt 0.432 0.878
vt 0.448 0.854
vt 0.448 0.864
vt 0.432 0.864
vt 0.432 0.854
vt 0.416 0.552
vt 0.416 0.536
vt 0.424 0.536
vt 0.424 0.552
vt 0.432 0.536
vt 0.432 0.552
vt 0.44 0.552
vt 0.44 0.536
vt 0.36 0.518
vt 0.36 0.528
vt 0.352 0.528
vt 0.352 0.518
vt 0.344 0.518
vt 0.344 0.528
vt 0.336 0.528
vt 0.336 0.518
vt 0.344 0.774
vt 0.344 0.792
vt 0.328 0.792
vt 0.328 0.774
vt 0.344 0.742
vt 0.344 0.76
vt 0.328 0.76
vt 0.328 0.742
vt 0.448 0.552
vt 0.448 0.536
vt 0.456 0.536
vt 0.456 0.552
vt 0.456 0.984
vt 0.456 1
vt 0.464 1
vt 0.464 0.984
vt 0.376 0.542
vt 0.376 0.56
vt 0.368 0.56
vt 0.368 0.542
vt 0.448 0.702
vt 0.448 0.72
vt 0.44 0.72
vt 0.44 0.702
vt 0.346 0.8240000000000001
vt 0.346 0.84
vt 0.328 0.84
vt 0.328 0.8240000000000001
vt 0.346 0.8
vt 0.346 0.8160000000000001
vt 0.328 0.8160000000000001
vt 0.328 0.8
vt 0.048 0.56
vt 0.048 0.542
vt 0.056 0.542
vt 0.056 0.56
vt 0.064 0.542
vt 0.064 0.56
vt 0.072 0.56
vt 0.072 0.542
vt 0.296 0.536
vt 0.296 0.552
vt 0.288 0.552
vt 0.288 0.536
vt 0.24 0.536
vt 0.24 0.552
vt 0.232 0.552
vt 0.232 0.536
vt 0.346 0.712
vt 0.346 0.728
vt 0.328 0.728
vt 0.328 0.712
vt 0.346 0.688
vt 0.346 0.704
vt 0.328 0.704
vt 0.328 0.688
vt 0.384 0.56
vt 0.384 0.542
vt 0.392 0.542
vt 0.392 0.56
vt 0.4 0.542
vt 0.4 0.56
vt 0.408 0.56
vt 0.408 0.542
vt 0.464 0.9359999999999999
vt 0.464 0.952
vt 0.456 0.952
vt 0.456 0.9359999999999999
vt 0.464 0.96
vt 0.464 0.976
vt 0.456 0.976
vt 0.456 0.96
vt 0.184 0.894
vt 0.184 0.92
vt 0.144 0.92
vt 0.144 0.894
vt 0.2 0.974
vt 0.2 1
vt 0.16 1
vt 0.16 0.974
vt 0.288 0.64
vt 0.288 0.6
vt 0.294 0.6
vt 0.294 0.64
vt 0.12 0.5920000000000001
vt 0.12 0.632
vt 0.126 0.632
vt 0.126 0.5920000000000001
vt 0.022 0.534
vt 0.022 0.56
vt 0.016 0.56
vt 0.016 0.534
vt 0.006 0.534
vt 0.006 0.56
vt 0 0.56
vt 0 0.534
vt 0.242 0.928
vt 0.242 0.952
vt 0.216 0.952
vt 0.216 0.928
vt 0.21 0.76
vt 0.21 0.784
vt 0.184 0.784
vt 0.184 0.76
vt 0.384 1
vt 0.384 0.974
vt 0.392 0.974
vt 0.392 1
vt 0.384 0.9339999999999999
vt 0.384 0.96
vt 0.392 0.96
vt 0.392 0.9339999999999999
vt 0.392 0.6
vt 0.392 0.624
vt 0.384 0.624
vt 0.384 0.6
vt 0.248 0.792
vt 0.248 0.8160000000000001
vt 0.24 0.8160000000000001
vt 0.24 0.792
vt 0.04 0.876
vt 0.04 0.904
vt 0 0.904
vt 0 0.876
vt 0.088 0.876
vt 0.088 0.904
vt 0.048 0.904
vt 0.048 0.876
vt 0.136 0.632
vt 0.136 0.5920000000000001
vt 0.142 0.5920000000000001
vt 0.142 0.632
vt 0.152 0.5920000000000001
vt 0.152 0.632
vt 0.158 0.632
vt 0.158 0.5920000000000001
vt 0.422 0.5640000000000001
vt 0.422 0.5920000000000001
vt 0.416 0.5920000000000001
vt 0.416 0.5640000000000001
vt 0.294 0.5640000000000001
vt 0.294 0.5920000000000001
vt 0.288 0.5920000000000001
vt 0.288 0.5640000000000001
vt 0.248 0.8240000000000001
vt 0.248 0.848
vt 0.224 0.848
vt 0.224 0.8240000000000001
vt 0.248 0.76
vt 0.248 0.784
vt 0.224 0.784
vt 0.224 0.76
vt 0.096 0.56
vt 0.096 0.536
vt 0.102 0.536
vt 0.102 0.56
vt 0.44 0.792
vt 0.44 0.8160000000000001
vt 0.446 0.8160000000000001
vt 0.446 0.792
vt 0.086 0.536
vt 0.086 0.56
vt 0.08 0.56
vt 0.08 0.536
vt 0.446 0.912
vt 0.446 0.9359999999999999
vt 0.44 0.9359999999999999
vt 0.44 0.912
vt 0.424 0.992
vt 0.424 1
vt 0.4 1
vt 0.4 0.992
vt 0.424 0.976
vt 0.424 0.984
vt 0.4 0.984
vt 0.4 0.976
vt 0.064 0.528
vt 0.064 0.504
vt 0.068 0.504
vt 0.068 0.528
vt 0.08 0.504
vt 0.08 0.528
vt 0.084 0.528
vt 0.084 0.504
vt 0.068 0.488
vt 0.068 0.496
vt 0.064 0.496
vt 0.064 0.488
vt 0.508 0.944
vt 0.508 0.952
vt 0.504 0.952
vt 0.504 0.944
vt 0.136 0.912
vt 0.136 0.92
vt 0.112 0.92
vt 0.112 0.912
vt 0.408 0.712
vt 0.408 0.72
vt 0.384 0.72
vt 0.384 0.712
vt 0.048 0.528
vt 0.048 0.504
vt 0.052 0.504
vt 0.052 0.528
vt 0.472 0.928
vt 0.472 0.952
vt 0.476 0.952
vt 0.476 0.928
vt 0.052 0.488
vt 0.052 0.496
vt 0.048 0.496
vt 0.048 0.488
vt 0.508 0.96
vt 0.508 0.968
vt 0.504 0.968
vt 0.504 0.96
vt 0.136 0.876
vt 0.136 0.904
vt 0.096 0.904
vt 0.096 0.876
vt 0.152 0.972
vt 0.152 1
vt 0.112 1
vt 0.112 0.972
vt 0.368 0.64
vt 0.368 0.6
vt 0.374 0.6
vt 0.374 0.64
vt 0.304 0.5840000000000001
vt 0.304 0.624
vt 0.31 0.624
vt 0.31 0.5840000000000001
vt 0.43 0.78
vt 0.43 0.808
vt 0.424 0.808
vt 0.424 0.78
vt 0.43 0.94
vt 0.43 0.968
vt 0.424 0.968
vt 0.424 0.94
vt 0.416 0.956
vt 0.416 0.968
vt 0.4 0.968
vt 0.4 0.956
vt 0.416 0.9319999999999999
vt 0.416 0.944
vt 0.4 0.944
vt 0.4 0.9319999999999999
vt 0.456 0.928
vt 0.456 0.912
vt 0.464 0.912
vt 0.464 0.928
vt 0.456 0.888
vt 0.456 0.904
vt 0.464 0.904
vt 0.464 0.888
vt 0.104 0.516
vt 0.104 0.528
vt 0.096 0.528
vt 0.096 0.516
vt 0.48 0.908
vt 0.48 0.92
vt 0.472 0.92
vt 0.472 0.908
vt 0.474 0.542
vt 0.474 0.552
vt 0.464 0.552
vt 0.464 0.542
vt 0.482 0.99
vt 0.482 1
vt 0.472 1
vt 0.472 0.99
vt 0.448 0.528
vt 0.448 0.518
vt 0.456 0.518
vt 0.456 0.528
vt 0.464 0.518
vt 0.464 0.528
vt 0.472 0.528
vt 0.472 0.518
vt 0.44 0.518
vt 0.44 0.528
vt 0.432 0.528
vt 0.432 0.518
vt 0.424 0.518
vt 0.424 0.528
vt 0.416 0.528
vt 0.416 0.518
vt 0.448 0.734
vt 0.448 0.744
vt 0.432 0.744
vt 0.432 0.734
vt 0.448 0.6779999999999999
vt 0.448 0.688
vt 0.432 0.688
vt 0.432 0.6779999999999999
vt 0.456 0.88
vt 0.456 0.864
vt 0.464 0.864
vt 0.464 0.88
vt 0.456 0.84
vt 0.456 0.856
vt 0.464 0.856
vt 0.464 0.84
vt 0.024 0.51
vt 0.024 0.52
vt 0.016 0.52
vt 0.016 0.51
vt 0.008 0.51
vt 0.008 0.52
vt 0 0.52
vt 0 0.51
vt 0.296 0.654
vt 0.296 0.6719999999999999
vt 0.28 0.6719999999999999
vt 0.28 0.654
vt 0.128 0.646
vt 0.128 0.6639999999999999
vt 0.112 0.6639999999999999
vt 0.112 0.646
vt 0.456 0.832
vt 0.456 0.8160000000000001
vt 0.464 0.8160000000000001
vt 0.464 0.832
vt 0.456 0.792
vt 0.456 0.808
vt 0.464 0.808
vt 0.464 0.792
vt 0.136 0.534
vt 0.136 0.552
vt 0.128 0.552
vt 0.128 0.534
vt 0.12 0.534
vt 0.12 0.552
vt 0.112 0.552
vt 0.112 0.534
vt 0.018 0.64
vt 0.018 0.656
vt 0 0.656
vt 0 0.64
vt 0.05 0.64
vt 0.05 0.656
vt 0.032 0.656
vt 0.032 0.64
vt 0.144 0.5840000000000001
vt 0.144 0.5660000000000001
vt 0.154 0.5660000000000001
vt 0.154 0.5840000000000001
vt 0.168 0.5660000000000001
vt 0.168 0.5840000000000001
vt 0.178 0.5840000000000001
vt 0.178 0.5660000000000001
vt 0.442 0.648
vt 0.442 0.6639999999999999
vt 0.432 0.6639999999999999
vt 0.432 0.648
vt 0.33 0.552
vt 0.33 0.5680000000000001
vt 0.32 0.5680000000000001
vt 0.32 0.552
vt 0.082 0.64
vt 0.082 0.656
vt 0.064 0.656
vt 0.064 0.64
vt 0.154 0.64
vt 0.154 0.656
vt 0.136 0.656
vt 0.136 0.64
vt 0.192 0.5840000000000001
vt 0.192 0.5660000000000001
vt 0.202 0.5660000000000001
vt 0.202 0.5840000000000001
vt 0.232 0.5660000000000001
vt 0.232 0.5840000000000001
vt 0.242 0.5840000000000001
vt 0.242 0.5660000000000001
vt 0.442 0.56
vt 0.442 0.5760000000000001
vt 0.432 0.5760000000000001
vt 0.432 0.56
vt 0.442 0.5840000000000001
vt 0.442 0.6
vt 0.432 0.6
vt 0.432 0.5840000000000001
vt 0.208 0.9339999999999999
vt 0.208 0.96
vt 0.168 0.96
vt 0.168 0.9339999999999999
vt 0.208 0.854
vt 0.208 0.88
vt 0.168 0.88
vt 0.168 0.854
vt 0.368 0.688
vt 0.368 0.648
vt 0.374 0.648
vt 0.374 0.688
vt 0.352 0.5920000000000001
vt 0.352 0.632
vt 0.358 0.632
vt 0.358 0.5920000000000001
vt 0.038 0.534
vt 0.038 0.56
vt 0.032 0.56
vt 0.032 0.534
vt 0.446 0.95
vt 0.446 0.976
vt 0.44 0.976
vt 0.44 0.95
vt 0.074 0.752
vt 0.074 0.776
vt 0.048 0.776
vt 0.048 0.752
vt 0.114 0.752
vt 0.114 0.776
vt 0.088 0.776
vt 0.088 0.752
vt 0.384 0.92
vt 0.384 0.894
vt 0.392 0.894
vt 0.392 0.92
vt 0.384 0.854
vt 0.384 0.88
vt 0.392 0.88
vt 0.392 0.854
vt 0.408 0.896
vt 0.408 0.92
vt 0.4 0.92
vt 0.4 0.896
vt 0.224 0.5840000000000001
vt 0.224 0.608
vt 0.216 0.608
vt 0.216 0.5840000000000001
vt 0.264 0.976
vt 0.264 1
vt 0.24 1
vt 0.24 0.976
vt 0.264 0.872
vt 0.264 0.896
vt 0.24 0.896
vt 0.24 0.872
vt 0.176 0.552
vt 0.176 0.528
vt 0.182 0.528
vt 0.182 0.552
vt 0.192 0.528
vt 0.192 0.552
vt 0.198 0.552
vt 0.198 0.528
vt 0.166 0.528
vt 0.166 0.552
vt 0.16 0.552
vt 0.16 0.528
vt 0.15 0.528
vt 0.15 0.552
vt 0.144 0.552
vt 0.144 0.528
vt 0.424 0.88
vt 0.424 0.888
vt 0.4 0.888
vt 0.4 0.88
vt 0.424 0.864
vt 0.424 0.872
vt 0.4 0.872
vt 0.4 0.864
vt 0.472 0.896
vt 0.472 0.872
vt 0.476 0.872
vt 0.476 0.896
vt 0.472 0.84
vt 0.472 0.864
vt 0.476 0.864
vt 0.476 0.84
vt 0.084 0.488
vt 0.084 0.496
vt 0.08 0.496
vt 0.08 0.488
vt 0.508 0.928
vt 0.508 0.9359999999999999
vt 0.504 0.9359999999999999
vt 0.504 0.928
vt 0.424 0.848
vt 0.424 0.856
vt 0.4 0.856
vt 0.4 0.848
vt 0.256 0.5920000000000001
vt 0.256 0.6
vt 0.232 0.6
vt 0.232 0.5920000000000001
vt 0.472 0.832
vt 0.472 0.808
vt 0.476 0.808
vt 0.476 0.832
vt 0.472 0.776
vt 0.472 0.8
vt 0.476 0.8
vt 0.476 0.776
vt 0.508 0.896
vt 0.508 0.904
vt 0.504 0.904
vt 0.504 0.896
vt 0.508 0.912
vt 0.508 0.92
vt 0.504 0.92
vt 0.504 0.912
vt 0.842 0.21999999999999997
vt 0.842 0.25
vt 0.83 0.25
vt 0.83 0.21999999999999997
vt 0.938 0.31599999999999995
vt 0.938 0.346
vt 0.926 0.346
vt 0.926 0.31599999999999995
vt 0.918 0.28200000000000003
vt 0.918 0.27
vt 0.95 0.27
vt 0.95 0.28200000000000003
vt 0.918 0.254
vt 0.918 0.266
vt 0.95 0.266
vt 0.95 0.254
vt 0.862 0.28400000000000003
vt 0.862 0.31399999999999995
vt 0.83 0.31399999999999995
vt 0.83 0.28400000000000003
vt 0.862 0.31599999999999995
vt 0.862 0.346
vt 0.83 0.346
vt 0.83 0.31599999999999995
vt 0.858 0.21999999999999997
vt 0.858 0.25
vt 0.846 0.25
vt 0.846 0.21999999999999997
vt 0.874 0.21999999999999997
vt 0.874 0.25
vt 0.862 0.25
vt 0.862 0.21999999999999997
vt 0.91 0.25
vt 0.91 0.238
vt 0.938 0.238
vt 0.938 0.25
vt 0.942 0.33399999999999996
vt 0.942 0.346
vt 0.97 0.346
vt 0.97 0.33399999999999996
vt 0.89 0.28400000000000003
vt 0.89 0.31399999999999995
vt 0.862 0.31399999999999995
vt 0.862 0.28400000000000003
vt 0.89 0.31599999999999995
vt 0.89 0.346
vt 0.862 0.346
vt 0.862 0.31599999999999995
vt 0.89 0.21999999999999997
vt 0.89 0.25
vt 0.878 0.25
vt 0.878 0.21999999999999997
vt 0.906 0.21999999999999997
vt 0.906 0.25
vt 0.894 0.25
vt 0.894 0.21999999999999997
vt 0.942 0.32999999999999996
vt 0.942 0.31799999999999995
vt 0.97 0.31799999999999995
vt 0.97 0.32999999999999996
vt 0.91 0.22199999999999998
vt 0.91 0.23399999999999999
vt 0.938 0.23399999999999999
vt 0.938 0.22199999999999998
vt 0.922 0.31599999999999995
vt 0.922 0.346
vt 0.894 0.346
vt 0.894 0.31599999999999995
vt 0.858 0.252
vt 0.858 0.28200000000000003
vt 0.83 0.28200000000000003
vt 0.83 0.252
vt 0.882 0.18600000000000005
vt 0.882 0.20199999999999996
vt 0.878 0.20199999999999996
vt 0.878 0.18600000000000005
vt 0.89 0.18600000000000005
vt 0.89 0.20199999999999996
vt 0.886 0.20199999999999996
vt 0.886 0.18600000000000005
vt 0.982 0.258
vt 0.982 0.254
vt 0.984 0.254
vt 0.984 0.258
vt 0.918 0.17400000000000004
vt 0.918 0.17800000000000005
vt 0.92 0.17800000000000005
vt 0.92 0.17400000000000004
vt 0.84 0.17000000000000004
vt 0.84 0.18600000000000005
vt 0.838 0.18600000000000005
vt 0.838 0.17000000000000004
vt 0.832 0.17000000000000004
vt 0.832 0.18600000000000005
vt 0.83 0.18600000000000005
vt 0.83 0.17000000000000004
vt 0.886 0.18600000000000005
vt 0.886 0.20199999999999996
vt 0.89 0.20199999999999996
vt 0.89 0.18600000000000005
vt 0.878 0.18600000000000005
vt 0.878 0.20199999999999996
vt 0.882 0.20199999999999996
vt 0.882 0.18600000000000005
vt 0.984 0.258
vt 0.984 0.254
vt 0.982 0.254
vt 0.982 0.258
vt 0.92 0.17400000000000004
vt 0.92 0.17800000000000005
vt 0.918 0.17800000000000005
vt 0.918 0.17400000000000004
vt 0.838 0.17000000000000004
vt 0.838 0.18600000000000005
vt 0.84 0.18600000000000005
vt 0.84 0.17000000000000004
vt 0.83 0.17000000000000004
vt 0.83 0.18600000000000005
vt 0.832 0.18600000000000005
vt 0.832 0.17000000000000004
vt 0.986 0.238
vt 0.986 0.25
vt 0.966 0.25
vt 0.966 0.238
vt 0.986 0.22199999999999998
vt 0.986 0.23399999999999999
vt 0.966 0.23399999999999999
vt 0.966 0.22199999999999998
vt 0.982 0.28200000000000003
vt 0.982 0.262
vt 0.984 0.262
vt 0.984 0.28200000000000003
vt 0.982 0.19799999999999995
vt 0.982 0.21799999999999997
vt 0.984 0.21799999999999997
vt 0.984 0.19799999999999995
vt 0.88 0.17400000000000004
vt 0.88 0.18600000000000005
vt 0.878 0.18600000000000005
vt 0.878 0.17400000000000004
vt 0.992 0.30200000000000005
vt 0.992 0.31399999999999995
vt 0.99 0.31399999999999995
vt 0.99 0.30200000000000005
vt 0.914 0.27
vt 0.914 0.28200000000000003
vt 0.862 0.28200000000000003
vt 0.862 0.27
vt 0.946 0.30200000000000005
vt 0.946 0.31399999999999995
vt 0.894 0.31399999999999995
vt 0.894 0.30200000000000005
vt 0.974 0.32999999999999996
vt 0.974 0.278
vt 0.976 0.278
vt 0.976 0.32999999999999996
vt 0.854 0.15000000000000002
vt 0.854 0.20199999999999996
vt 0.856 0.20199999999999996
vt 0.856 0.15000000000000002
vt 0.888 0.17400000000000004
vt 0.888 0.18600000000000005
vt 0.886 0.18600000000000005
vt 0.886 0.17400000000000004
vt 0.992 0.28600000000000003
vt 0.992 0.29800000000000004
vt 0.99 0.29800000000000004
vt 0.99 0.28600000000000003
vt 0.966 0.238
vt 0.966 0.25
vt 0.942 0.25
vt 0.942 0.238
vt 0.966 0.22199999999999998
vt 0.966 0.23399999999999999
vt 0.942 0.23399999999999999
vt 0.942 0.22199999999999998
vt 0.974 0.274
vt 0.974 0.25
vt 0.976 0.25
vt 0.976 0.274
vt 0.91 0.17800000000000005
vt 0.91 0.20199999999999996
vt 0.912 0.20199999999999996
vt 0.912 0.17800000000000005
vt 0.992 0.27
vt 0.992 0.28200000000000003
vt 0.99 0.28200000000000003
vt 0.99 0.27
vt 0.896 0.17400000000000004
vt 0.896 0.18600000000000005
vt 0.894 0.18600000000000005
vt 0.894 0.17400000000000004
vt 0.974 0.30200000000000005
vt 0.974 0.31399999999999995
vt 0.95 0.31399999999999995
vt 0.95 0.30200000000000005
vt 0.974 0.28600000000000003
vt 0.974 0.29800000000000004
vt 0.95 0.29800000000000004
vt 0.95 0.28600000000000003
vt 0.918 0.20199999999999996
vt 0.918 0.17800000000000005
vt 0.92 0.17800000000000005
vt 0.92 0.20199999999999996
vt 0.926 0.17800000000000005
vt 0.926 0.20199999999999996
vt 0.928 0.20199999999999996
vt 0.928 0.17800000000000005
vt 0.992 0.254
vt 0.992 0.266
vt 0.99 0.266
vt 0.99 0.254
vt 0.904 0.17400000000000004
vt 0.904 0.18600000000000005
vt 0.902 0.18600000000000005
vt 0.902 0.17400000000000004
vt 0.9 0.20599999999999996
vt 0.9 0.21799999999999997
vt 0.878 0.21799999999999997
vt 0.878 0.20599999999999996
vt 0.924 0.20599999999999996
vt 0.924 0.21799999999999997
vt 0.902 0.21799999999999997
vt 0.902 0.20599999999999996
vt 0.974 0.21799999999999997
vt 0.974 0.19599999999999995
vt 0.976 0.19599999999999995
vt 0.976 0.21799999999999997
vt 0.966 0.18000000000000005
vt 0.966 0.20199999999999996
vt 0.968 0.20199999999999996
vt 0.968 0.18000000000000005
vt 0.992 0.22199999999999998
vt 0.992 0.23399999999999999
vt 0.99 0.23399999999999999
vt 0.99 0.22199999999999998
vt 0.992 0.238
vt 0.992 0.25
vt 0.99 0.25
vt 0.99 0.238
vt 0.948 0.20599999999999996
vt 0.948 0.21799999999999997
vt 0.926 0.21799999999999997
vt 0.926 0.20599999999999996
vt 0.972 0.20599999999999996
vt 0.972 0.21799999999999997
vt 0.95 0.21799999999999997
vt 0.95 0.20599999999999996
vt 0.982 0.32999999999999996
vt 0.982 0.30800000000000005
vt 0.984 0.30800000000000005
vt 0.984 0.32999999999999996
vt 0.982 0.28400000000000003
vt 0.982 0.30600000000000005
vt 0.984 0.30600000000000005
vt 0.984 0.28400000000000003
vt 0.992 0.18999999999999995
vt 0.992 0.20199999999999996
vt 0.99 0.20199999999999996
vt 0.99 0.18999999999999995
vt 0.992 0.20599999999999996
vt 0.992 0.21799999999999997
vt 0.99 0.21799999999999997
vt 0.99 0.20599999999999996
vt 0.85 0.18999999999999995
vt 0.85 0.20199999999999996
vt 0.83 0.20199999999999996
vt 0.83 0.18999999999999995
vt 0.994 0.33399999999999996
vt 0.994 0.346
vt 0.974 0.346
vt 0.974 0.33399999999999996
vt 0.974 0.19399999999999995
vt 0.974 0.17400000000000004
vt 0.976 0.17400000000000004
vt 0.976 0.19399999999999995
vt 0.982 0.17400000000000004
vt 0.982 0.19399999999999995
vt 0.984 0.19399999999999995
vt 0.984 0.17400000000000004
vt 1 0.33399999999999996
vt 1 0.346
vt 0.998 0.346
vt 0.998 0.33399999999999996
vt 0.992 0.17400000000000004
vt 0.992 0.18600000000000005
vt 0.99 0.18600000000000005
vt 0.99 0.17400000000000004
vt 0.946 0.28600000000000003
vt 0.946 0.29800000000000004
vt 0.894 0.29800000000000004
vt 0.894 0.28600000000000003
vt 0.914 0.254
vt 0.914 0.266
vt 0.862 0.266
vt 0.862 0.254
vt 0.862 0.20199999999999996
vt 0.862 0.15000000000000002
vt 0.864 0.15000000000000002
vt 0.864 0.20199999999999996
vt 0.87 0.15000000000000002
vt 0.87 0.20199999999999996
vt 0.872 0.20199999999999996
vt 0.872 0.15000000000000002
vt 1 0.30200000000000005
vt 1 0.31399999999999995
vt 0.998 0.31399999999999995
vt 0.998 0.30200000000000005
vt 1 0.31799999999999995
vt 1 0.32999999999999996
vt 0.998 0.32999999999999996
vt 0.998 0.31799999999999995
vt 0.974 0.27
vt 0.974 0.28200000000000003
vt 0.95 0.28200000000000003
vt 0.95 0.27
vt 0.974 0.254
vt 0.974 0.266
vt 0.95 0.266
vt 0.95 0.254
vt 0.934 0.20199999999999996
vt 0.934 0.17800000000000005
vt 0.936 0.17800000000000005
vt 0.936 0.20199999999999996
vt 0.942 0.17800000000000005
vt 0.942 0.20199999999999996
vt 0.944 0.20199999999999996
vt 0.944 0.17800000000000005
vt 1 0.27
vt 1 0.28200000000000003
vt 0.998 0.28200000000000003
vt 0.998 0.27
vt 1 0.28600000000000003
vt 1 0.29800000000000004
vt 0.998 0.29800000000000004
vt 0.998 0.28600000000000003
vt 0.854 0.20599999999999996
vt 0.854 0.21799999999999997
vt 0.83 0.21799999999999997
vt 0.83 0.20599999999999996
vt 0.878 0.20599999999999996
vt 0.878 0.21799999999999997
vt 0.854 0.21799999999999997
vt 0.854 0.20599999999999996
vt 0.95 0.20199999999999996
vt 0.95 0.17800000000000005
vt 0.952 0.17800000000000005
vt 0.952 0.20199999999999996
vt 0.958 0.17800000000000005
vt 0.958 0.20199999999999996
vt 0.96 0.20199999999999996
vt 0.96 0.17800000000000005
vt 1 0.254
vt 1 0.266
vt 0.998 0.266
vt 0.998 0.254
vt 0.912 0.16600000000000004
vt 0.912 0.17800000000000005
vt 0.91 0.17800000000000005
vt 0.91 0.16600000000000004
vn 0.7637313235516611 0.4219469389393143 -0.4885440063553854
vn -0.7637313235516611 -0.4219469389393143 0.4885440063553854
vn -0.6441733484050765 0.4490367596938233 -0.6191984218715868
vn 0.6441733484050765 -0.4490367596938233 0.6191984218715868
vn -0.041894661123109384 0.7876082586942663 0.6147504113101232
vn 0.041894661123109384 -0.7876082586942663 -0.6147504113101232
vn 0.7897735116804526 0.5799207514671855 -0.19987426614164497
vn -0.7897736011076023 -0.5799211478198348 0.1998727627888689
vn -0.6106961245499004 0.7739024554656249 -0.16770579263701416
vn 0.6106957426263041 -0.7739041480247639 0.16769937271251642
vn 0.057426015178232565 0.2545147612094411 0.9653623615551057
vn -0.057419773005433314 -0.25452952733533507 -0.9653588396976824
vn 0.7897846250725756 0.5799041888292349 -0.1998784074813447
vn -0.7897849129443468 -0.5799054647402089 0.1998735681623087
vn -0.6107005910553381 0.7738965653133454 -0.1677167084129294
vn 0.6106998380543539 -0.7738999029063309 0.16770404909231548
vn 0.057419463214353136 0.254517782181746 0.9653619548114898
vn -0.05743598422118158 -0.25450935786867884 -0.9653631930386704
vn 0.796661426634157 0.5900236558611203 0.13115889919295773
vn -0.7966614266341563 -0.5900236558611209 -0.13115889919295712
vn -0.6002739367377936 0.7977354841748885 0.05735240327630327
vn 0.6002733273087568 -0.7977365552565384 -0.05734388310104417
vn 0.07078670688261335 0.12442247115338778 -0.9897011118518557
vn -0.07079287040093733 -0.12441428012633168 0.9897017007164547
vn 0.7966616464369417 0.5900240422072671 0.13115582607638346
vn -0.7966561041390705 -0.5900332720498378 -0.13114796838731732
vn -0.6002754499503702 0.7977342797232859 0.057353318485079866
vn 0.6002691507662438 -0.7977397714078747 -0.05734286139080204
vn 0.070786503241581 0.1244223203326423 -0.9897011453776696
vn -0.07078857677324916 -0.12441110010762216 0.989702407579384
vn -0.7897800820533016 0.5799125597428966 -0.19987207169667767
vn 0.7897790493052907 -0.5799153697377999 0.19986799949041895
vn 0.6107041657985108 0.7738953796492238 -0.16770916264154725
vn -0.6106948979006795 -0.7739034611976643 0.16770561834462808
vn -0.05742589733852333 0.2545088413452041 0.9653639292991981
vn 0.05742141213668071 -0.2545250149347305 -0.9653599319428505
vn -0.7637291349284487 0.4219502303224598 -0.4885445850608382
vn 0.7637291555539386 -0.42194984260961915 0.48854488768032955
vn 0.6441734791499863 0.4490369294923441 -0.6191981627168235
vn -0.6441734965437474 -0.4490372564977302 0.6191979074799868
vn 0.04189692186579714 0.7876106036825804 0.6147472528648932
vn -0.041887254765581604 -0.7875999025106829 -0.6147616216496979
vn -0.7897794511532371 0.5799171510103373 -0.19986124311668238
vn 0.7897653591051598 -0.5799350085802314 0.19986511296508322
vn 0.6106971317016648 0.7739007240124598 -0.16771011509253106
vn -0.6107035836674046 -0.7738959864495418 0.16770848235280192
vn -0.05742437499883387 0.254517214337758 0.9653618123593564
vn 0.05742437499883349 -0.2545172143377583 -0.9653618123593564
vn -0.7966543114380903 0.5900336688453034 0.1311570726116331
vn 0.7966573514879942 -0.5900288821154474 -0.1311601410098745
vn 0.6002691203443485 0.7977397515562037 0.05734345601783043
vn -0.6002744099196409 -0.797735201305169 -0.057351385286048245
vn -0.0707917621635943 0.12442084648491741 -0.9897009545159334
vn 0.07079818201456092 -0.12439587898990029 0.989703633778195
vn -0.7966690549523858 0.590012312688661 0.13116359158337518
vn 0.7966575222215736 -0.5900291820843532 -0.131157754542583
vn 0.6002701745721609 0.7977394498077417 0.057336617789586666
vn -0.600272179754267 -0.7977369677763355 -0.05735015654798971
vn -0.07079369605145341 0.12441713969224741 -0.9897012821807267
vn 0.07078706717034043 -0.12441800310354428 0.9897016477833855
vn 0.9999999999382627 -0.0000028065314886666086 0.000010751665174425775
vn -0.9999999999904753 0.0000017455554815470902 0.000004000336321516308
vn -0.000001047481355924418 0.9117609896866943 0.41072119215404834
vn 0.000001661009555849191 -0.9117612059573783 -0.41072071205186167
vn -0.0000011223580410925362 -0.41071798174516627 0.911762435873467
vn -9.401007889774803e-7 0.4107187734763662 -0.9117620792252691
vn 0.9999999999776368 -0.000006619289992598756 -9.54878974782775e-7
vn -0.9999999999717202 -0.000007459758698986909 9.548866520096846e-7
vn 0.000003530712175452145 0.9999999999936184 -5.453115415332556e-7
vn -0.000002989012678963899 -0.9999999999952057 -8.089835238367373e-7
vn 0.0000034021953562203564 -0.0000037606212327512276 0.9999999999871414
vn -0.0000034022389225688027 -0.000008578921228685758 -0.9999999999574136
vn 0.9238778173590965 -0.38268757307711915 -0.0000020339682899883646
vn -0.9238778173623813 0.3826875730740013 6.735121777234899e-7
vn 0.3826925209778417 0.9238757678301314 0.000001977253526574963
vn -0.3826925209778419 -0.9238757678301313 -0.0000019772535271855855
vn 0.000003629756670158608 0.0000017884517167776619 0.9999999999918132
vn 0.000007729392209974291 -0.000006493624884584827 -0.9999999999490448
vn -0.9238785583731328 -0.38268578413416465 4.007575865605518e-8
vn 0.9238785583731333 0.3826857841341639 -4.0075758545032876e-8
vn -0.3826831867366735 0.9238796342495159 0.000002836370019021484
vn 0.3826831867254076 -0.9238796342585262 1.3838160239920688e-7
vn -0.000005845588931560621 0.0000019381878157420655 0.9999999999810363
vn 0.0000034930392718846024 0.0000037413737499214514 -0.9999999999869005
vn -0.9999999999717201 -0.000007459758699430996 9.548866522109123e-7
vn 0.9999999999776368 -0.000006619289992584878 -9.548789747723667e-7
vn 0.000003530712174792951 0.9999999999936185 -5.453115415887668e-7
vn -0.000002989004531668561 -0.9999999999953844 5.453110241693262e-7
vn 0.0000034021999704980654 -0.0000024540280267326686 0.9999999999912014
vn -0.0000034021999705535766 0.0000024540280266771575 -0.9999999999912014
vn 0.44229004373266023 0.2472096573828484 0.8621292841051256
vn -0.44229004372993197 -0.24721526075087946 -0.8621276773594788
vn 2.1314565064323175e-8 0.9612617094954471 -0.2756373085376696
vn -0.0000011987770242236075 -0.9612592355206651 0.2756459361659259
vn -0.8968724080763679 0.12190828699331274 0.42515673956042743
vn 0.8968724080637489 -0.1219054476018159 -0.42515755373618047
vn 0.4422961668952942 -0.24721002301878248 -0.8621260379253044
vn -0.442290705022341 0.24721000794079584 0.8621288443294033
vn -3.066677075440339e-7 0.9612639363022661 -0.2756295426193984
vn 0.0000023448383789578813 -0.9612615837887825 0.2756377469186387
vn 0.8968736235974183 0.12190862699313712 0.42515407790574583
vn -0.8968707005757397 -0.12191633629965187 -0.42515803343233693
vn 0.44228955445629414 -0.2472130300348584 -0.8621285680221003
vn -0.4422888155651043 0.24721419100990427 0.862128614180817
vn -0.00000360336067896025 0.9612591551491283 -0.2756462164242417
vn -0.0000033376162259270156 -0.9612621741501282 0.2756356880685614
vn 0.8968707005959357 0.12191259340783922 0.42515910666611717
vn -0.8968753916333152 -0.12190392508111642 -0.42515169637719363
vn 0.44229004373291125 0.24721290183026673 0.862128353775352
vn -0.4422902181985576 -0.24720888429342014 -0.8621294162782493
vn 0.0000032702165007371395 0.9612635253945887 -0.27563097564546823
vn -2.131456539392063e-8 -0.9612617094954465 0.27563730853767104
vn -0.896874875393443 0.12190788861367985 0.4251516489227708
vn 0.8968702244988808 -0.12190629057682031 -0.42516191824424654
vn 0.6087623224092045 -0.793352654760019 4.2671700284380176e-7
vn -0.6087590032868241 0.7933552016071053 -4.2671478078792923e-7
vn 1.3338073985916246e-7 -0.0000015740781050266332 0.9999999999987523
vn 0.0000011563931949544472 -0.000003893560822587628 -0.9999999999917516
vn -0.7933498115578572 -0.6087660277155159 7.644312048915582e-7
vn 0.7933553942577537 0.6087587522180858 6.039344929709146e-8
vn 0.000001311529171862947 -0.99999999999914 1.5229611738387667e-8
vn -4.642889951458896e-7 0.9999999999998921 -1.5229034644459464e-8
vn 0.0000011915630834732906 -6.72024093206769e-7 0.9999999999990644
vn -2.3262989454903022e-8 6.72018786951334e-7 -0.9999999999997741
vn -0.999999999999482 -8.262345720377875e-7 5.944773539094673e-7
vn 0.9999999999893404 -0.000004541871356712747 -8.312241938646106e-7
vn -0.000001019475375528545 -0.9025852386071429 -0.4305111927086774
vn -8.298922648183885e-7 0.9025852820642193 0.4305111015994422
vn -5.384763090421353e-7 0.43050936858147415 -0.9025861086695778
vn 5.384733749082966e-7 -0.430511966388064 0.9025848695809124
vn 0.9999999999910426 0.0000030488408741674586 0.0000029358826124717416
vn -0.9999999999921969 -0.0000026765057818678444 -0.0000029056274879167574
vn -0.000001762493539468613 -0.01745261693040429 -0.9998476914806447
vn -3.7117451299681375e-7 0.01745261693087525 0.999847691482121
vn 4.455399738312328e-7 0.9998476865335584 -0.017452900426372268
vn 0.0000010482236731251817 -0.9998477677316973 0.01744824807375395
vn 0.9999999999680838 -1.6840200788015292e-7 0.00000798775354881806
vn -0.9999999999997149 2.2127158705309574e-7 7.220645747776924e-7
vn -9.110610697789863e-7 -0.619092906990793 0.7853177525771713
vn 9.110610801597344e-7 0.6190928794148579 -0.7853177743162256
vn -2.95674333510021e-7 0.7853142285665322 0.6190973771636131
vn 2.9566658672069984e-7 -0.7853194927663852 -0.6190906995594911
vn -0.9999999999973335 -2.4496853589378597e-7 0.0000022963778027844392
vn 0.9999999999873714 0.0000048462054949641176 0.0000013309775019967884
vn 6.832193442957851e-7 -0.2924009318873654 0.9562958198334517
vn -5.33121017991245e-9 0.2924013352492953 -0.9562956965000049
vn 9.287088451048755e-7 0.9562948444249175 0.2924041219365083
vn 8.632133667793587e-7 -0.9562948444239872 -0.29240412193975157
vn -0.9999999999952709 0.000002107087807956543 0.0000022401936526604553
vn 0.9999999999968392 0.0000021441780111222668 -0.00000131316595636255
vn 4.61535402368485e-7 -0.9975641942284441 -0.06975441486488418
vn -4.615350952599797e-7 0.9975638087328875 0.06975992765278874
vn -5.559121854167849e-8 0.06975224764615658 -0.9975643457683852
vn 5.559320641335133e-8 -0.06975654373602416 0.99756404536551
vn 0.9999999999972304 -0.0000012810111449448882 -0.000001974390757542716
vn -0.9999999999972305 0.0000012810111454236723 0.0000019743907573102634
vn 4.6019802843119694e-7 -0.9816289309371562 0.19080000510210687
vn -4.6019746306053e-7 0.9816272902241421 -0.19080844605780967
vn -6.575605415726217e-8 0.19081073197823295 0.9816268458848947
vn 6.575405162023708e-8 -0.19080646076228275 -0.9816276761233698
vn -0.999999999990017 -7.607367482689864e-7 0.0000044030939387977586
vn 0.9999999999806419 4.097500109281894e-7 -0.0000062087471118348076
vn -6.892435845465284e-7 -0.9006975695760684 0.43444664592938037
vn 0.0000015238085240253114 0.9006964259292403 -0.43444901693521065
vn -6.651254333134294e-7 0.434450532969863 0.9006956946726014
vn 1.8075474208373304e-7 -0.4344436655911719 -0.9006990071203995
vn -0.9999999999954342 -0.0000026608971606806313 0.0000014323182710579423
vn 0.9999999999917308 0.000003733557333143734 0.0000016121754723222308
vn -0.0000011383016762026024 -0.2756350374018914 -0.9612623607294537
vn 0.000001817752346262858 0.27563912544308555 0.9612611885027227
vn 0.0000010131588559850193 0.9612616063286457 -0.2756376683210142
vn 1.169339658886604e-7 -0.9612599963983806 0.27564328274814187
vn 0.9999999999952252 -0.0000016186845858412457 -0.00000263240966117545
vn -0.9999999999802481 -0.0000047329947390692415 -0.0000041355518111164955
vn 0.6087633815887908 -0.7160675615816816 -0.3415470575001999
vn -0.6087627593313141 0.7160684430780504 0.34154631849736244
vn 0.000001114532237722621 0.43050281419263436 -0.902589234907541
vn -0.0000029137536423692193 -0.43050996306373057 0.9025858251127012
vn 0.7933526574946342 0.549460009097227 0.2620787271967665
vn -0.7933540937068904 -0.5494590859348145 -0.26207631499659995
vn 0.6087607893857949 0.7933538310897705 -0.0000012520715557129414
vn -0.6087629180091011 -0.793352197738736 -4.02553927303373e-7
vn 5.057970534558255e-7 3.4302803036956325e-7 0.9999999999998134
vn -3.476184940592875e-8 -7.511840638962932e-7 -0.9999999999997173
vn 0.7933554672102174 -0.6087586571436627 5.496344592792469e-7
vn -0.7933488868959454 0.6087672327424862 1.4153418842477453e-7
vn 0.6087612594530832 0.7160691664298235 0.3415474752909081
vn -0.6087634239111098 -0.7160672818326591 -0.34154756857106955
vn -0.0000037486622987085317 0.43050952355838457 -0.9025860347421073
vn -0.0000021223443465081403 -0.43051136016549185 0.9025851587323791
vn -0.7933536962810036 0.549459117675353 0.2620774515304429
vn 0.7933511490933284 -0.549460613746409 -0.26208202565936317
vn 0.6087617811690519 0.716068159417714 -0.3415486566450096
vn -0.6087624816761225 -0.7160676742605732 0.3415484252380361
vn -5.047112646844322e-7 0.43051630266299545 0.9025828012659721
vn -0.0000032617110267488267 -0.430512686642123 -0.9025845260304115
vn 0.7933521402758195 -0.5494599545085979 0.2620804073394011
vn -0.7933552610940756 0.5494573376784878 -0.26207644641520067
vn 0.6087600714462332 -0.2319557919404043 0.7586881348736626
vn -0.6087600714492643 0.23195364292086568 -0.7586887918935052
vn 0.0000022520820724472594 0.9563045816301026 0.2923722749307856
vn 0.0000014966893375004124 -0.9563037406030559 -0.2923750257911286
vn -0.7933513097671825 -0.17798607797661972 0.5821637702031939
vn 0.7933513097671825 0.17798607797661975 -0.5821637702031935
vn 0.6087592261793945 0.23195409909947218 -0.7586893306567698
vn -0.6087621884189688 -0.23195437329566668 0.7586868699670258
vn 0.000004741106712120858 0.9563066727092425 0.29236543521644237
vn 0.0000013140426482899372 -0.9563043655549035 -0.29237298168419557
vn 0.7933519034715782 -0.1779837209596009 0.5821636817351276
vn -0.7933531534420468 0.17798380470841638 -0.58216195271168
vn 0.36579307354669055 -0.002835471145057667 -0.93069188642034
vn -0.36579304231820275 0.002836612763396918 0.9306918952153953
vn 0.027345898397612978 0.9995964136554906 0.0076949105198918545
vn -0.027346125217062027 -0.9995963359994037 -0.007704186665707382
vn 0.9302942595982417 -0.02826600667309443 0.3657234247697511
vn -0.9302941947401063 0.028268377335382018 -0.36572340651875385
vn 0.3657953319082867 0.0028386369300165697 0.9306909891550934
vn -0.36579609547139075 -0.0028354168622501956 -0.9306906988624646
vn -0.027343502619517644 0.9995964346583427 0.007700693658781567
vn 0.02734635278780733 -0.9995963777160006 -0.007697963773326712
vn -0.9302910709441702 -0.028266148391826035 0.3657315247235878
vn 0.9302945993924893 0.028267455936088953 -0.3657224484169233
vn 0.6087612676120777 -0.7160687413025179 0.3415483520451598
vn -0.608761267613804 0.7160694674666407 -0.34154682960799987
vn -0.000002602862059990219 0.4305123979530437 0.902584663730747
vn -7.346001988026154e-7 -0.4305147094025926 -0.9025835612215979
vn -0.7933535803517163 -0.5494580735389 0.26207999154081546
vn 0.7933535803517164 0.5494580735388999 -0.2620799915408153
vn 0.9570363451960764 -0.023954487423153488 -0.2889768442384802
vn -0.9570368068143406 0.023956484160324455 0.28897514991654
vn 0.027344430507521555 0.9995963743837395 0.007705221547915199
vn -0.02734366366172078 -0.999596414960453 -0.007702678479893978
vn 0.28867564611891244 -0.015272024809657895 0.9573051428860297
vn -0.28866979098523476 0.015272458208902773 -0.9573069015696054
vn 0.9570351778723852 0.02395423089321452 0.28898073142873515
vn -0.9570364472686662 -0.023955670556492302 -0.2889764081158848
vn -0.027352910612719925 0.9995961701305114 0.00770161940284292
vn 0.027347936615816013 -0.999596318772733 -0.00769999083494516
vn -0.28867417730731276 -0.015272562697722647 0.9573055772242165
vn 0.2886669648937757 0.015273327960088071 -0.9573077398788957
vn 0.8745807609436349 -0.15787140475563785 0.45845949891755344
vn -0.8745798321788912 0.1578780519159723 -0.4584589816648376
vn -0.48483632976985913 -0.2725544851591782 0.8310522161422278
vn 0.48484167044967946 0.27255352110966213 -0.8310494165368806
vn -0.0062515075111791735 -0.9490992825717445 -0.31491502103843444
vn 0.006254180973661325 0.9491006355373096 0.31491089032141073
vn 0.874340741998141 -0.17441420100425312 0.4528884557705002
vn -0.874336937659836 0.17441633963892134 -0.4528949766894978
vn -0.484841759944103 -0.2725550481953198 0.8310488634957345
vn 0.48483877199399394 0.2725556442407065 -0.8310504112049338
vn -0.021515419965280305 -0.9461987755360132 -0.3228698869171099
vn 0.021515419965280388 0.9461987755360132 0.32286988691710994
vn 0.984781487194217 -0.06053606066054765 0.1629134980265561
vn -0.9847814856176452 0.06053611564477386 -0.16291348712536416
vn -0.17150357028323818 -0.18685482975861917 0.9673012963787342
vn 0.17150363420847461 0.18685705879652995 -0.9673008544559423
vn -0.028112099672700563 -0.9805212238907203 -0.1943909446240652
vn 0.028120258155807168 0.9805207223725922 0.19439229428961619
vn 0.9905704331698144 -0.0578984952052847 0.12416916357425528
vn -0.9905706817332328 0.05790161889009586 -0.1241657240161898
vn -0.12801384872865912 -0.06829513654152715 0.9894181264048332
vn 0.12802365503982016 0.068288721230681 -0.9894173003859008
vn -0.048806026502546306 -0.9959837796899789 -0.07506185696808079
vn 0.04880983775352718 0.9959835695589245 0.07506216694938657
vn 0.958197350042463 -0.2707739718814917 0.09240830332347413
vn -0.9581980047347533 0.2707708261901585 -0.09241073209663894
vn 0.28509733192033904 0.8764325602992736 -0.38805344809596054
vn -0.2850869635779563 -0.8764369207968083 0.38805121706046763
vn 0.024089066115249046 0.39817522398233546 0.9169930250009061
vn -0.024079923379306038 -0.398179651049262 -0.916991342805555
vn 0.9954049539324265 -0.09458381814725961 0.014929133647683574
vn -0.9954046481228597 0.09458682883412288 -0.014930448972160924
vn 0.09267940253457264 0.9124200645039542 -0.398622822021563
vn -0.09268468336031555 -0.9124195626935048 0.39862274280902693
vn 0.024084721002276176 0.39817761720199873 0.916992099951565
vn -0.024084542475565594 -0.398175859623968 -0.9169928678165697
vn 0.9550196182669481 -0.29654262547705335 6.549911852615778e-7
vn -0.9550196182666955 0.2965426254780953 5.415501336814011e-7
vn 0.29653964765531404 0.9550205429038829 1.874329423889876e-7
vn -0.2965396476493343 -0.9550205429051709 0.0000010589929694826419
vn -0.000001933573353218171 9.791837118910962e-9 0.9999999999981306
vn -0.000004501836944080517 0.0000019884512090229123 -0.9999999999878898
vn 0.9581973569999543 -0.270773109038324 -0.09241075943861864
vn -0.9581980531766925 0.2707703121824701 0.09241173588351369
vn 0.28407696390354625 0.862004996517905 0.419818609112924
vn -0.2840807222443098 -0.8620039344627735 -0.41981824664948764
vn -0.034020924540453704 -0.4285186564927794 0.9028922071493564
vn 0.034015406648216506 0.42852063307477295 -0.9028914769449052
vn 0.9825120993487731 -0.1045763170202072 -0.1540576793014743
vn -0.9825122219517161 0.10457475923688422 0.15405795482885576
vn 0.07726487393320976 0.9817723419169262 -0.17364679064998487
vn -0.0772717256933564 -0.9817713793577284 0.17364918393817516
vn 0.1694083583806901 0.15870964935571955 0.9726829161202248
vn -0.1694082812111312 -0.1587086687899422 -0.972683089555902
vn 0.9969176065927006 -0.0784556286372306 -7.8664822683594e-7
vn -0.9969174802695575 0.07845723377941874 -8.234602144885363e-7
vn 0.05548185902528049 0.7049268029925201 0.7071067569623726
vn -0.05548176053367472 -0.7049264497713915 -0.7071071168223282
vn -0.05548128314442148 -0.7049262058166196 0.7071073974819054
vn 0.05547245672923143 0.704928548104578 -0.7071057548992197
vn 0.7276795470151245 -0.5110894927751235 -0.45746038870128436
vn -0.7276723722013249 0.5110962094958753 0.45746429737613936
vn 0.6837157764967787 0.4869791089721321 0.5434924878911532
vn -0.6837157152301776 -0.4869783199846369 -0.5434932719107267
vn -0.05500170475973195 -0.7082625557802306 0.7038032143668989
vn 0.05499971794321035 0.7082639512756829 -0.7038019652924566
vn 0.6919725928074464 -0.5408557191888784 0.47817258581397276
vn -0.6919710578463437 0.5408544923560917 -0.47817619472454537
vn 0.7196913867003752 0.46462840850893966 -0.5159115717986376
vn -0.7196773225993659 -0.4646394013135827 0.5159212905891399
vn 0.05684697660056224 0.7011416058125831 0.7107523266581175
vn -0.056857001765158816 -0.7011445253380102 -0.7107486446971342
vn 0.9825122094406712 0.10457520377367445 0.1540577328656542
vn -0.9825122011926737 -0.10457530857236598 -0.15405771432979856
vn -0.07727001084395156 0.9817718536981872 -0.17364726519643467
vn 0.07726423003526046 -0.9817722586010174 0.17364754820761372
vn -0.1694077493150296 0.15870761861978477 0.9726833535452599
vn 0.16940784114418936 -0.158708785380025 -0.9726831471769531
vn 0.874581361453317 0.15787447661340714 -0.45845729553853254
vn -0.8745813679708491 -0.15787348663370174 0.4584576240137759
vn 0.4848433950734959 -0.27254920205077926 0.8310498268546174
vn -0.4848354881473974 0.2725506293677625 -0.8310539716914369
vn 0.0062497291324491114 -0.9491002277139875 -0.31491220782787727
vn -0.006250850746683497 0.949099403228475 0.3149146704367636
vn 0.8745822579217895 0.1578742841625103 -0.4584556516486623
vn -0.8745822463322127 -0.1578760441327081 0.45845506768876265
vn 0.48483391937410203 -0.2725573124325078 0.8310526951186159
vn -0.4848426586684623 0.2725557348625427 -0.8310481139674383
vn 0.006247280136094021 -0.949100639441129 -0.3149110155319141
vn -0.006245114739911061 0.9491010303174863 0.31490988042957885
vn 0.9847819637250514 0.06053702550954737 -0.16291025892892083
vn -0.9847809039471088 -0.06053577543456229 0.16291712958940716
vn 0.17150958760839677 -0.1868541518745119 0.9673003604287836
vn -0.17150617146467467 0.18685436187556395 -0.9673009255643279
vn 0.02811099535678377 -0.9805200210340995 -0.19439717151064803
vn -0.028114484173876915 0.9805202579958445 0.194395471756416
vn 0.9905707417829116 0.05790006687397703 -0.12416596868563248
vn -0.9905707417829116 -0.05790006687397637 0.1241659686856321
vn 0.12801434007741094 -0.06829491943059325 0.9894180778187317
vn -0.12801434007741092 0.06829491943059308 -0.9894180778187318
vn 0.04881012557822583 -0.9959837777692184 -0.0750592170329153
vn -0.048810125578226275 0.9959837777692183 0.07505921703291542
vn 0.9581969424965517 0.2707740644225229 -0.09241225798760351
vn -0.9581979944802697 -0.2707708304021917 0.09241082608275365
vn -0.28509337792775075 0.8764341645575682 -0.3880527297391715
vn 0.28509336457016016 -0.8764339437145455 0.38805323833597194
vn -0.024083238114565905 0.3981757818701965 0.9169929358364628
vn 0.02408323811456599 -0.3981757818701965 -0.9169929358364628
vn 0.9954048136508163 0.0945857091294976 -0.014926506264154035
vn -0.9954049561384213 -0.0945832834671414 0.014932373677416882
vn -0.09267829691221213 0.912420104417095 -0.3986229877176547
vn 0.09268007868789299 -0.9124190659952809 0.3986249503263755
vn -0.024083271432149153 0.3981763063124607 0.9169927072384443
vn 0.024083804372599528 -0.3981749467561144 -0.9169932835864765
vn 0.9550198765783725 0.2965417935802863 6.45959445821909e-7
vn -0.955020047907554 -0.2965412418100327 -6.459595708330214e-7
vn -0.29653721164727226 0.9550212992956827 -2.1651877224471155e-7
vn 0.2965472835944325 -0.9550181718651831 2.165255849617687e-7
vn -0.0000020415386564956455 3.196444249287112e-7 0.999999999997865
vn 0.0000014973702452403263 0.000001432892536512576 -0.9999999999978525
vn 0.9581977307628322 0.2707724193383531 0.09240890480150803
vn -0.9581982291679091 -0.2707711444108654 -0.09240747250040764
vn -0.2840841546596723 0.8620027418467471 0.4198183727756442
vn 0.28407599762033636 -0.8620064479010455 -0.4198162828583868
vn 0.03401382070288606 -0.4285199103462509 0.9028918797054458
vn -0.03401248420751311 0.42852209944033975 -0.9028908910877756
vn 0.9969174616561688 0.07845747029381071 3.4203327969016545e-7
vn -0.9969173524990506 -0.0784588572596386 0.000001948209373422994
vn -0.05547470458571721 0.7049292889954973 0.707104839940606
vn 0.055474535515475695 -0.7049271406654928 -0.7071069949183891
vn 0.05547072204605174 -0.7049276253469703 0.707106810898022
vn -0.05547669786510595 0.7049274504037665 -0.7071065164890146
vn 0.7276717888759611 0.5110972629403846 0.4574640483020564
vn -0.7276725472581913 -0.5110967227793843 -0.45746344545870365
vn -0.6837174273174681 0.4869792184403941 0.5434903130595481
vn 0.6837171817065709 -0.4869760556144822 -0.5434934559839564
vn 0.055004804965264525 -0.7082643824186077 0.7038011338637651
vn -0.0550057224272852 0.7082650358745236 -0.7038004045593554
vn 0.6919768615461718 0.5408513976359357 -0.4781712964618068
vn -0.6919693792920465 -0.5408559962300212 0.47817692276417023
vn -0.7196825224697235 0.4646350961561802 -0.5159179142766348
vn 0.7196840687264893 -0.46463368806400973 0.5159170254385121
vn -0.05685457864216777 0.7011433707881617 0.7107499774795888
vn 0.05686910727367079 -0.7011309898466123 -0.7107610285564377
vn 0.9999999999957276 -4.642414916447569e-7 0.000002886048314179602
vn -0.9999999999950295 0.0000023458266518311403 -0.000002106669902513653
vn 4.4388778838722064e-7 0.9238794770106016 0.38268356635531187
vn 6.328875999661589e-8 -0.9238794770112428 -0.3826835663540161
vn -8.965031708316198e-8 -0.3826840661112967 0.9238792700047538
vn 8.964959172415301e-8 0.3826825562991223 -0.9238798953892011
vn 0.9063076179376854 0.16173074404543902 -0.39044803508101755
vn -0.9063076179376853 -0.16173074404543888 0.39044803508101733
vn 0.0000015694303197588692 0.923880035579946 0.3826822178444341
vn -0.0000015694303196339687 -0.9238800355799459 -0.38268221784443396
vn 0.42261833377820335 -0.34682953788676857 0.8373189449688725
vn -0.42261833377820335 0.3468295378867687 -0.8373189449688726
vn 0.9063067168758904 -0.1617305846118739 0.3904501926580988
vn -0.9063094282851839 0.1617270739467973 -0.39044535309565453
vn -0.0000012198580943145745 0.9238782458807624 0.3826865385492382
vn -0.0000017534443064251563 -0.9238806194679521 -0.3826808082050088
vn -0.42261640070798295 -0.3468286786155313 0.8373202765623405
vn 0.4226174721958174 0.34683136651678237 -0.8373186223863165
vn 0.9063045202048433 0.16173288011084133 -0.3904543406690736
vn -0.9063094922470198 -0.1617306927780457 0.39044370564331365
vn 0.000002080049834506104 0.9238816305224892 0.38267836727306687
vn 0.000016487039533538698 -0.9238774914845074 -0.38268835944730756
vn 0.42261042969337065 -0.34683040790255565 0.8373225739633033
vn -0.4226248057648792 0.3468278425720989 -0.8373163805688874
vn 0.906307773529019 -0.16172908220849191 0.390448362282225
vn -0.9063074693262083 0.1617293318586852 -0.3904489649878299
vn 0.000013062455476692273 0.9238788946315377 0.38268497211646596
vn -0.000009140117347490598 -0.9238756756821822 -0.38269274333236303
vn -0.4226224670132289 -0.34683100287818597 0.8373162519730308
vn 0.4226172450413738 0.3468319347363313 -0.8373185016710742
vn 0.9539155871265282 -0.22130436973361464 0.2026559364387307
vn -0.9539163698519505 0.22130353361096944 -0.20265316513633666
vn 0.14799018576203934 0.9344983935916525 0.3237462853728796
vn -0.1480343581376326 -0.9344879780078621 -0.3237561547979536
vn -0.2609985354162419 -0.2788365373107061 0.9241915115229917
vn 0.2610414331100265 0.2788298939870045 -0.9241814001693929
vn 0.9295580253374159 -0.3683144794584259 -0.016319367391938042
vn -0.9295580259013747 0.3683144497750362 0.0163200051854055
vn 0.36866628631813 0.9285417431292945 0.04353619871796261
vn -0.36866628713512367 -0.928541785327093 -0.04353529179386901
vn -0.0008423840540654415 -0.04649818452559037 0.9989180192713163
vn 0.0009004367779358003 0.04647961173425975 -0.9989188329922716
vn 0.9434864958706394 -0.2629287666962085 -0.20174661274319503
vn -0.9434871799141449 0.2629264867764874 0.20174638507053275
vn 0.2860728253628834 0.9534657693147622 0.09521221210488692
vn -0.2860352029280798 -0.9534762531770533 -0.09522025684348936
vn 0.16734455434798648 -0.1475481413798016 0.9747950277393911
vn -0.16734311909914096 0.14755292499095332 -0.9747945500549258
vn 0.4118032648886827 -0.014572253848315345 -0.9111562546812715
vn -0.4117983718995143 0.014579925377959827 0.9111583433612856
vn 0.20781123542838356 0.9750261107019065 0.07834905155292475
vn -0.20783311902531154 -0.9750253359349967 -0.07830063167725672
vn 0.8872598920542534 -0.2216095226840881 0.40454802361104836
vn -0.8872697230179405 0.2216154769459514 -0.40452319957412297
vn 0.04461758310630557 0.06380271238349285 -0.996964635867422
vn -0.04461972842536343 -0.0638025923931407 0.9969645475337434
vn 0.05300472378912292 0.9964011619429719 0.06614547403061079
vn -0.05300622080296037 -0.996403619990212 -0.06610723581113521
vn 0.9975982166097362 -0.05578648316123348 0.04105686926173553
vn -0.9975978688741666 0.0557953632032476 -0.04105325154892277
vn 0.044615373933722384 -0.06380400469035974 0.9969646520284592
vn -0.04461770735502163 0.06379952398448754 -0.9969648343496047
vn -0.05300153652755273 0.9964000213116222 0.06616520729142684
vn 0.05300419389742099 -0.9964013335816924 -0.06614331308537265
vn -0.9975971290190261 -0.05579261464876566 0.041074959813143165
vn 0.9975957997231294 0.05579465211969449 -0.04110446654090666
vn 0.953915553568392 0.22130596964025875 -0.20265434725633982
vn -0.9539164330066343 -0.221300417413372 0.20265627079507492
vn -0.1480061548510316 0.9344954658698352 0.3237474361210173
vn 0.14800602632676924 -0.9344953285635917 -0.32374789121133263
vn 0.26100469877407834 -0.2788389816734543 0.9241890334326434
vn -0.26100387222965055 0.2788337629774481 -0.9241908413877323
vn 0.9295583355053033 0.36831365664828375 0.016320270187109385
vn -0.9295572796282348 -0.3683163639493238 -0.01631931179017879
vn -0.36866963089525046 0.9285404360780956 0.04353575339258459
vn 0.3686987953502382 -0.9285288905627338 -0.043535016913079046
vn 0.0008942447720573584 -0.04647659950546642 0.9989189787088323
vn -0.0008376621412410775 0.046499019178150976 -0.9989179843899134
vn 0.9434859848177262 0.2629302589030546 0.20174705798523584
vn -0.9434856448412674 -0.26292995912046274 -0.20174903859837814
vn -0.28609717266476803 0.9534588573938898 0.09520827196396534
vn 0.28603276505518793 -0.9534765319296645 -0.09522478865433623
vn -0.16734574797100252 -0.1475527515288084 0.9747941250091239
vn 0.16732013805628343 0.147542348025505 -0.9748000958863039
vn 0.41180115061236333 0.014577329975088933 0.9111571290425879
vn -0.411803959519344 -0.014574358700221394 -0.9111559070722572
vn -0.20781084494380775 0.9750263451001221 0.07834717023887118
vn 0.20783418474312976 -0.975025518604977 -0.0782955281050874
vn -0.8872674178674353 -0.22161017173009667 0.4045311619351603
vn 0.8872414605203935 0.22161609851557745 -0.40458484352774904
usemtl m_f7f5b1ae-838a-8a30-7d73-e872de9c61d0
f 2/1/1 1/2/1 3/3/1 4/4/1
f 7/5/2 5/6/2 6/7/2 8/8/2
f 5/9/3 1/10/3 2/11/3 6/12/3
f 4/13/4 3/14/4 7/15/4 8/16/4
f 3/17/5 1/18/5 5/19/5 7/20/5
f 6/21/6 2/22/6 4/23/6 8/24/6
f 10/25/7 9/26/7 11/27/7 12/28/7
f 15/29/8 13/30/8 14/31/8 16/32/8
f 13/33/9 9/34/9 10/35/9 14/36/9
f 12/37/10 11/38/10 15/39/10 16/40/10
f 11/41/11 9/42/11 13/43/11 15/44/11
f 14/45/12 10/46/12 12/47/12 16/48/12
f 18/49/13 17/50/13 19/51/13 20/52/13
f 23/53/14 21/54/14 22/55/14 24/56/14
f 21/57/15 17/58/15 18/59/15 22/60/15
f 20/61/16 19/62/16 23/63/16 24/64/16
f 19/65/17 17/66/17 21/67/17 23/68/17
f 22/69/18 18/70/18 20/71/18 24/72/18
f 27/73/19 25/74/19 26/75/19 28/76/19
f 30/77/20 29/78/20 31/79/20 32/80/20
f 26/81/21 25/82/21 29/83/21 30/84/21
f 31/85/22 27/86/22 28/87/22 32/88/22
f 29/89/23 25/90/23 27/91/23 31/92/23
f 28/93/24 26/94/24 30/95/24 32/96/24
f 35/97/25 33/98/25 34/99/25 36/100/25
f 38/101/26 37/102/26 39/103/26 40/104/26
f 34/105/27 33/106/27 37/107/27 38/108/27
f 39/109/28 35/110/28 36/111/28 40/112/28
f 37/113/29 33/114/29 35/115/29 39/116/29
f 36/117/30 34/118/30 38/119/30 40/120/30
f 43/121/31 41/122/31 42/123/31 44/124/31
f 46/125/32 45/126/32 47/127/32 48/128/32
f 42/129/33 41/130/33 45/131/33 46/132/33
f 47/133/34 43/134/34 44/135/34 48/136/34
f 45/137/35 41/138/35 43/139/35 47/140/35
f 44/141/36 42/142/36 46/143/36 48/144/36
f 51/145/37 49/146/37 50/147/37 52/148/37
f 54/149/38 53/150/38 55/151/38 56/152/38
f 50/153/39 49/154/39 53/155/39 54/156/39
f 55/157/40 51/158/40 52/159/40 56/160/40
f 53/161/41 49/162/41 51/163/41 55/164/41
f 52/165/42 50/166/42 54/167/42 56/168/42
f 59/169/43 57/170/43 58/171/43 60/172/43
f 62/173/44 61/174/44 63/175/44 64/176/44
f 58/177/45 57/178/45 61/179/45 62/180/45
f 63/181/46 59/182/46 60/183/46 64/184/46
f 61/185/47 57/186/47 59/187/47 63/188/47
f 60/189/48 58/190/48 62/191/48 64/192/48
f 66/193/49 65/194/49 67/195/49 68/196/49
f 71/197/50 69/198/50 70/199/50 72/200/50
f 69/201/51 65/202/51 66/203/51 70/204/51
f 68/205/52 67/206/52 71/207/52 72/208/52
f 67/209/53 65/210/53 69/211/53 71/212/53
f 70/213/54 66/214/54 68/215/54 72/216/54
f 74/217/55 73/218/55 75/219/55 76/220/55
f 79/221/56 77/222/56 78/223/56 80/224/56
f 77/225/57 73/226/57 74/227/57 78/228/57
f 76/229/58 75/230/58 79/231/58 80/232/58
f 75/233/59 73/234/59 77/235/59 79/236/59
f 78/237/60 74/238/60 76/239/60 80/240/60
f 82/241/61 81/242/61 83/243/61 84/244/61
f 87/245/62 85/246/62 86/247/62 88/248/62
f 85/249/63 81/250/63 82/251/63 86/252/63
f 84/253/64 83/254/64 87/255/64 88/256/64
f 83/257/65 81/258/65 85/259/65 87/260/65
f 86/261/66 82/262/66 84/263/66 88/264/66
f 90/265/67 89/266/67 91/267/67 92/268/67
f 95/269/68 93/270/68 94/271/68 96/272/68
f 93/273/69 89/274/69 90/275/69 94/276/69
f 92/277/70 91/278/70 95/279/70 96/280/70
f 91/281/71 89/282/71 93/283/71 95/284/71
f 94/285/72 90/286/72 92/287/72 96/288/72
f 98/289/73 97/290/73 99/291/73 100/292/73
f 103/293/74 101/294/74 102/295/74 104/296/74
f 101/297/75 97/298/75 98/299/75 102/300/75
f 100/301/76 99/302/76 103/303/76 104/304/76
f 99/305/77 97/306/77 101/307/77 103/308/77
f 102/309/78 98/310/78 100/311/78 104/312/78
f 107/313/79 105/314/79 106/315/79 108/316/79
f 110/317/80 109/318/80 111/319/80 112/320/80
f 106/321/81 105/322/81 109/323/81 110/324/81
f 111/325/82 107/326/82 108/327/82 112/328/82
f 109/329/83 105/330/83 107/331/83 111/332/83
f 108/333/84 106/334/84 110/335/84 112/336/84
f 115/337/85 113/338/85 114/339/85 116/340/85
f 118/341/86 117/342/86 119/343/86 120/344/86
f 114/345/87 113/346/87 117/347/87 118/348/87
f 119/349/88 115/350/88 116/351/88 120/352/88
f 117/353/89 113/354/89 115/355/89 119/356/89
f 116/357/90 114/358/90 118/359/90 120/360/90
f 124/361/91 122/362/91 121/363/91 123/364/91
f 127/365/92 125/366/92 126/367/92 128/368/92
f 121/369/93 122/370/93 126/371/93 125/372/93
f 124/373/94 123/374/94 127/375/94 128/376/94
f 123/377/95 121/378/95 125/379/95 127/380/95
f 128/381/96 126/382/96 122/383/96 124/384/96
f 132/385/97 130/386/97 129/387/97 131/388/97
f 135/389/98 133/390/98 134/391/98 136/392/98
f 129/393/99 130/394/99 134/395/99 133/396/99
f 132/397/100 131/398/100 135/399/100 136/400/100
f 131/401/101 129/402/101 133/403/101 135/404/101
f 136/405/102 134/406/102 130/407/102 132/408/102
f 140/409/103 138/410/103 137/411/103 139/412/103
f 143/413/104 141/414/104 142/415/104 144/416/104
f 137/417/105 138/418/105 142/419/105 141/420/105
f 140/421/106 139/422/106 143/423/106 144/424/106
f 139/425/107 137/426/107 141/427/107 143/428/107
f 144/429/108 142/430/108 138/431/108 140/432/108
f 148/433/109 146/434/109 145/435/109 147/436/109
f 151/437/110 149/438/110 150/439/110 152/440/110
f 145/441/111 146/442/111 150/443/111 149/444/111
f 148/445/112 147/446/112 151/447/112 152/448/112
f 147/449/113 145/450/113 149/451/113 151/452/113
f 152/453/114 150/454/114 146/455/114 148/456/114
f 156/457/115 154/458/115 153/459/115 155/460/115
f 159/461/116 157/462/116 158/463/116 160/464/116
f 153/465/117 154/466/117 158/467/117 157/468/117
f 156/469/118 155/470/118 159/471/118 160/472/118
f 155/473/119 153/474/119 157/475/119 159/476/119
f 160/477/120 158/478/120 154/479/120 156/480/120
f 164/481/121 162/482/121 161/483/121 163/484/121
f 167/485/122 165/486/122 166/487/122 168/488/122
f 161/489/123 162/490/123 166/491/123 165/492/123
f 164/493/124 163/494/124 167/495/124 168/496/124
f 163/497/125 161/498/125 165/499/125 167/500/125
f 168/501/126 166/502/126 162/503/126 164/504/126
f 172/505/127 170/506/127 169/507/127 171/508/127
f 175/509/128 173/510/128 174/511/128 176/512/128
f 169/513/129 170/514/129 174/515/129 173/516/129
f 172/517/130 171/518/130 175/519/130 176/520/130
f 171/521/131 169/522/131 173/523/131 175/524/131
f 176/525/132 174/526/132 170/527/132 172/528/132
f 180/529/133 178/530/133 177/531/133 179/532/133
f 183/533/134 181/534/134 182/535/134 184/536/134
f 177/537/135 178/538/135 182/539/135 181/540/135
f 180/541/136 179/542/136 183/543/136 184/544/136
f 179/545/137 177/546/137 181/547/137 183/548/137
f 184/549/138 182/550/138 178/551/138 180/552/138
f 188/553/139 186/554/139 185/555/139 187/556/139
f 191/557/140 189/558/140 190/559/140 192/560/140
f 185/561/141 186/562/141 190/563/141 189/564/141
f 188/565/142 187/566/142 191/567/142 192/568/142
f 187/569/143 185/570/143 189/571/143 191/572/143
f 192/573/144 190/574/144 186/575/144 188/576/144
f 196/577/145 194/578/145 193/579/145 195/580/145
f 199/581/146 197/582/146 198/583/146 200/584/146
f 193/585/147 194/586/147 198/587/147 197/588/147
f 196/589/148 195/590/148 199/591/148 200/592/148
f 195/593/149 193/594/149 197/595/149 199/596/149
f 200/597/150 198/598/150 194/599/150 196/600/150
f 204/601/151 202/602/151 201/603/151 203/604/151
f 207/605/152 205/606/152 206/607/152 208/608/152
f 201/609/153 202/610/153 206/611/153 205/612/153
f 204/613/154 203/614/154 207/615/154 208/616/154
f 203/617/155 201/618/155 205/619/155 207/620/155
f 208/621/156 206/622/156 202/623/156 204/624/156
f 212/625/157 210/626/157 209/627/157 211/628/157
f 215/629/158 213/630/158 214/631/158 216/632/158
f 209/633/159 210/634/159 214/635/159 213/636/159
f 212/637/160 211/638/160 215/639/160 216/640/160
f 211/641/161 209/642/161 213/643/161 215/644/161
f 216/645/162 214/646/162 210/647/162 212/648/162
f 220/649/163 218/650/163 217/651/163 219/652/163
f 223/653/164 221/654/164 222/655/164 224/656/164
f 217/657/165 218/658/165 222/659/165 221/660/165
f 220/661/166 219/662/166 223/663/166 224/664/166
f 219/665/167 217/666/167 221/667/167 223/668/167
f 224/669/168 222/670/168 218/671/168 220/672/168
f 228/673/169 226/674/169 225/675/169 227/676/169
f 231/677/170 229/678/170 230/679/170 232/680/170
f 225/681/171 226/682/171 230/683/171 229/684/171
f 228/685/172 227/686/172 231/687/172 232/688/172
f 227/689/173 225/690/173 229/691/173 231/692/173
f 232/693/174 230/694/174 226/695/174 228/696/174
f 236/697/175 234/698/175 233/699/175 235/700/175
f 239/701/176 237/702/176 238/703/176 240/704/176
f 233/705/177 234/706/177 238/707/177 237/708/177
f 236/709/178 235/710/178 239/711/178 240/712/178
f 235/713/179 233/714/179 237/715/179 239/716/179
f 240/717/180 238/718/180 234/719/180 236/720/180
f 244/721/181 242/722/181 241/723/181 243/724/181
f 247/725/182 245/726/182 246/727/182 248/728/182
f 241/729/183 242/730/183 246/731/183 245/732/183
f 244/733/184 243/734/184 247/735/184 248/736/184
f 243/737/185 241/738/185 245/739/185 247/740/185
f 248/741/186 246/742/186 242/743/186 244/744/186
f 252/745/187 250/746/187 249/747/187 251/748/187
f 255/749/188 253/750/188 254/751/188 256/752/188
f 249/753/189 250/754/189 254/755/189 253/756/189
f 252/757/190 251/758/190 255/759/190 256/760/190
f 251/761/191 249/762/191 253/763/191 255/764/191
f 256/765/192 254/766/192 250/767/192 252/768/192
f 260/769/193 258/770/193 257/771/193 259/772/193
f 263/773/194 261/774/194 262/775/194 264/776/194
f 257/777/195 258/778/195 262/779/195 261/780/195
f 260/781/196 259/782/196 263/783/196 264/784/196
f 259/785/197 257/786/197 261/787/197 263/788/197
f 264/789/198 262/790/198 258/791/198 260/792/198
f 268/793/199 266/794/199 265/795/199 267/796/199
f 271/797/200 269/798/200 270/799/200 272/800/200
f 265/801/201 266/802/201 270/803/201 269/804/201
f 268/805/202 267/806/202 271/807/202 272/808/202
f 267/809/203 265/810/203 269/811/203 271/812/203
f 272/813/204 270/814/204 266/815/204 268/816/204
f 276/817/205 274/818/205 273/819/205 275/820/205
f 279/821/206 277/822/206 278/823/206 280/824/206
f 273/825/207 274/826/207 278/827/207 277/828/207
f 276/829/208 275/830/208 279/831/208 280/832/208
f 275/833/209 273/834/209 277/835/209 279/836/209
f 280/837/210 278/838/210 274/839/210 276/840/210
f 284/841/211 282/842/211 281/843/211 283/844/211
f 287/845/212 285/846/212 286/847/212 288/848/212
f 281/849/213 282/850/213 286/851/213 285/852/213
f 284/853/214 283/854/214 287/855/214 288/856/214
f 283/857/215 281/858/215 285/859/215 287/860/215
f 288/861/216 286/862/216 282/863/216 284/864/216
f 292/865/217 290/866/217 289/867/217 291/868/217
f 295/869/218 293/870/218 294/871/218 296/872/218
f 289/873/219 290/874/219 294/875/219 293/876/219
f 292/877/220 291/878/220 295/879/220 296/880/220
f 291/881/221 289/882/221 293/883/221 295/884/221
f 296/885/222 294/886/222 290/887/222 292/888/222
f 300/889/223 298/890/223 297/891/223 299/892/223
f 303/893/224 301/894/224 302/895/224 304/896/224
f 297/897/225 298/898/225 302/899/225 301/900/225
f 300/901/226 299/902/226 303/903/226 304/904/226
f 299/905/227 297/906/227 301/907/227 303/908/227
f 304/909/228 302/910/228 298/911/228 300/912/228
f 308/913/229 306/914/229 305/915/229 307/916/229
f 311/917/230 309/918/230 310/919/230 312/920/230
f 305/921/231 306/922/231 310/923/231 309/924/231
f 308/925/232 307/926/232 311/927/232 312/928/232
f 307/929/233 305/930/233 309/931/233 311/932/233
f 312/933/234 310/934/234 306/935/234 308/936/234
f 316/937/235 314/938/235 313/939/235 315/940/235
f 319/941/236 317/942/236 318/943/236 320/944/236
f 313/945/237 314/946/237 318/947/237 317/948/237
f 316/949/238 315/950/238 319/951/238 320/952/238
f 315/953/239 313/954/239 317/955/239 319/956/239
f 320/957/240 318/958/240 314/959/240 316/960/240
f 324/961/241 322/962/241 321/963/241 323/964/241
f 327/965/242 325/966/242 326/967/242 328/968/242
f 321/969/243 322/970/243 326/971/243 325/972/243
f 324/973/244 323/974/244 327/975/244 328/976/244
f 323/977/245 321/978/245 325/979/245 327/980/245
f 328/981/246 326/982/246 322/983/246 324/984/246
f 332/985/247 330/986/247 329/987/247 331/988/247
f 335/989/248 333/990/248 334/991/248 336/992/248
f 329/993/249 330/994/249 334/995/249 333/996/249
f 332/997/250 331/998/250 335/999/250 336/1000/250
f 331/1001/251 329/1002/251 333/1003/251 335/1004/251
f 336/1005/252 334/1006/252 330/1007/252 332/1008/252
f 340/1009/253 338/1010/253 337/1011/253 339/1012/253
f 343/1013/254 341/1014/254 342/1015/254 344/1016/254
f 337/1017/255 338/1018/255 342/1019/255 341/1020/255
f 340/1021/256 339/1022/256 343/1023/256 344/1024/256
f 339/1025/257 337/1026/257 341/1027/257 343/1028/257
f 344/1029/258 342/1030/258 338/1031/258 340/1032/258
f 348/1033/259 346/1034/259 345/1035/259 347/1036/259
f 351/1037/260 349/1038/260 350/1039/260 352/1040/260
f 345/1041/261 346/1042/261 350/1043/261 349/1044/261
f 348/1045/262 347/1046/262 351/1047/262 352/1048/262
f 347/1049/263 345/1050/263 349/1051/263 351/1052/263
f 352/1053/264 350/1054/264 346/1055/264 348/1056/264
f 356/1057/265 354/1058/265 353/1059/265 355/1060/265
f 359/1061/266 357/1062/266 358/1063/266 360/1064/266
f 353/1065/267 354/1066/267 358/1067/267 357/1068/267
f 356/1069/268 355/1070/268 359/1071/268 360/1072/268
f 355/1073/269 353/1074/269 357/1075/269 359/1076/269
f 360/1077/270 358/1078/270 354/1079/270 356/1080/270
f 364/1081/271 362/1082/271 361/1083/271 363/1084/271
f 367/1085/272 365/1086/272 366/1087/272 368/1088/272
f 361/1089/273 362/1090/273 366/1091/273 365/1092/273
f 364/1093/274 363/1094/274 367/1095/274 368/1096/274
f 363/1097/275 361/1098/275 365/1099/275 367/1100/275
f 368/1101/276 366/1102/276 362/1103/276 364/1104/276
f 372/1105/277 370/1106/277 369/1107/277 371/1108/277
f 375/1109/278 373/1110/278 374/1111/278 376/1112/278
f 369/1113/279 370/1114/279 374/1115/279 373/1116/279
f 372/1117/280 371/1118/280 375/1119/280 376/1120/280
f 371/1121/281 369/1122/281 373/1123/281 375/1124/281
f 376/1125/282 374/1126/282 370/1127/282 372/1128/282
f 380/1129/283 378/1130/283 377/1131/283 379/1132/283
f 383/1133/284 381/1134/284 382/1135/284 384/1136/284
f 377/1137/285 378/1138/285 382/1139/285 381/1140/285
f 380/1141/286 379/1142/286 383/1143/286 384/1144/286
f 379/1145/287 377/1146/287 381/1147/287 383/1148/287
f 384/1149/288 382/1150/288 378/1151/288 380/1152/288
f 388/1153/289 386/1154/289 385/1155/289 387/1156/289
f 391/1157/290 389/1158/290 390/1159/290 392/1160/290
f 385/1161/291 386/1162/291 390/1163/291 389/1164/291
f 388/1165/292 387/1166/292 391/1167/292 392/1168/292
f 387/1169/293 385/1170/293 389/1171/293 391/1172/293
f 392/1173/294 390/1174/294 386/1175/294 388/1176/294
f 396/1177/295 394/1178/295 393/1179/295 395/1180/295
f 399/1181/296 397/1182/296 398/1183/296 400/1184/296
f 393/1185/297 394/1186/297 398/1187/297 397/1188/297
f 396/1189/298 395/1190/298 399/1191/298 400/1192/298
f 395/1193/299 393/1194/299 397/1195/299 399/1196/299
f 400/1197/300 398/1198/300 394/1199/300 396/1200/300
f 404/1201/301 402/1202/301 401/1203/301 403/1204/301
f 407/1205/302 405/1206/302 406/1207/302 408/1208/302
f 401/1209/303 402/1210/303 406/1211/303 405/1212/303
f 404/1213/304 403/1214/304 407/1215/304 408/1216/304
f 403/1217/305 401/1218/305 405/1219/305 407/1220/305
f 408/1221/306 406/1222/306 402/1223/306 404/1224/306
f 412/1225/307 410/1226/307 409/1227/307 411/1228/307
f 415/1229/308 413/1230/308 414/1231/308 416/1232/308
f 409/1233/309 410/1234/309 414/1235/309 413/1236/309
f 412/1237/310 411/1238/310 415/1239/310 416/1240/310
f 411/1241/311 409/1242/311 413/1243/311 415/1244/311
f 416/1245/312 414/1246/312 410/1247/312 412/1248/312
f 420/1249/313 418/1250/313 417/1251/313 419/1252/313
f 423/1253/314 421/1254/314 422/1255/314 424/1256/314
f 417/1257/315 418/1258/315 422/1259/315 421/1260/315
f 420/1261/316 419/1262/316 423/1263/316 424/1264/316
f 419/1265/317 417/1266/317 421/1267/317 423/1268/317
f 424/1269/318 422/1270/318 418/1271/318 420/1272/318
f 428/1273/319 426/1274/319 425/1275/319 427/1276/319
f 431/1277/320 429/1278/320 430/1279/320 432/1280/320
f 425/1281/321 426/1282/321 430/1283/321 429/1284/321
f 428/1285/322 427/1286/322 431/1287/322 432/1288/322
f 427/1289/323 425/1290/323 429/1291/323 431/1292/323
f 432/1293/324 430/1294/324 426/1295/324 428/1296/324
f 436/1297/325 434/1298/325 433/1299/325 435/1300/325
f 439/1301/326 437/1302/326 438/1303/326 440/1304/326
f 433/1305/327 434/1306/327 438/1307/327 437/1308/327
f 436/1309/328 435/1310/328 439/1311/328 440/1312/328
f 435/1313/329 433/1314/329 437/1315/329 439/1316/329
f 440/1317/330 438/1318/330 434/1319/330 436/1320/330
f 444/1321/331 442/1322/331 441/1323/331 443/1324/331
f 447/1325/332 445/1326/332 446/1327/332 448/1328/332
f 441/1329/333 442/1330/333 446/1331/333 445/1332/333
f 444/1333/334 443/1334/334 447/1335/334 448/1336/334
f 443/1337/335 441/1338/335 445/1339/335 447/1340/335
f 448/1341/336 446/1342/336 442/1343/336 444/1344/336
f 452/1345/337 450/1346/337 449/1347/337 451/1348/337
f 455/1349/338 453/1350/338 454/1351/338 456/1352/338
f 449/1353/339 450/1354/339 454/1355/339 453/1356/339
f 452/1357/340 451/1358/340 455/1359/340 456/1360/340
f 451/1361/341 449/1362/341 453/1363/341 455/1364/341
f 456/1365/342 454/1366/342 450/1367/342 452/1368/342
f 460/1369/343 458/1370/343 457/1371/343 459/1372/343
f 463/1373/344 461/1374/344 462/1375/344 464/1376/344
f 457/1377/345 458/1378/345 462/1379/345 461/1380/345
f 460/1381/346 459/1382/346 463/1383/346 464/1384/346
f 459/1385/347 457/1386/347 461/1387/347 463/1388/347
f 464/1389/348 462/1390/348 458/1391/348 460/1392/348
f 468/1393/349 466/1394/349 465/1395/349 467/1396/349
f 471/1397/350 469/1398/350 470/1399/350 472/1400/350
f 465/1401/351 466/1402/351 470/1403/351 469/1404/351
f 468/1405/352 467/1406/352 471/1407/352 472/1408/352
f 467/1409/353 465/1410/353 469/1411/353 471/1412/353
f 472/1413/354 470/1414/354 466/1415/354 468/1416/354
f 476/1417/355 474/1418/355 473/1419/355 475/1420/355
f 479/1421/356 477/1422/356 478/1423/356 480/1424/356
f 473/1425/357 474/1426/357 478/1427/357 477/1428/357
f 476/1429/358 475/1430/358 479/1431/358 480/1432/358
f 475/1433/359 473/1434/359 477/1435/359 479/1436/359
f 480/1437/360 478/1438/360 474/1439/360 476/1440/360
f 484/1441/361 482/1442/361 481/1443/361 483/1444/361
f 487/1445/362 485/1446/362 486/1447/362 488/1448/362
f 481/1449/363 482/1450/363 486/1451/363 485/1452/363
f 484/1453/364 483/1454/364 487/1455/364 488/1456/364
f 483/1457/365 481/1458/365 485/1459/365 487/1460/365
f 488/1461/366 486/1462/366 482/1463/366 484/1464/366
f 492/1465/367 490/1466/367 489/1467/367 491/1468/367
f 495/1469/368 493/1470/368 494/1471/368 496/1472/368
f 489/1473/369 490/1474/369 494/1475/369 493/1476/369
f 492/1477/370 491/1478/370 495/1479/370 496/1480/370
f 491/1481/371 489/1482/371 493/1483/371 495/1484/371
f 496/1485/372 494/1486/372 490/1487/372 492/1488/372
f 500/1489/373 498/1490/373 497/1491/373 499/1492/373
f 503/1493/374 501/1494/374 502/1495/374 504/1496/374
f 497/1497/375 498/1498/375 502/1499/375 501/1500/375
f 500/1501/376 499/1502/376 503/1503/376 504/1504/376
f 499/1505/377 497/1506/377 501/1507/377 503/1508/377
f 504/1509/378 502/1510/378 498/1511/378 500/1512/378
f 508/1513/379 506/1514/379 505/1515/379 507/1516/379
f 511/1517/380 509/1518/380 510/1519/380 512/1520/380
f 505/1521/381 506/1522/381 510/1523/381 509/1524/381
f 508/1525/382 507/1526/382 511/1527/382 512/1528/382
f 507/1529/383 505/1530/383 509/1531/383 511/1532/383
f 512/1533/384 510/1534/384 506/1535/384 508/1536/384
f 516/1537/385 514/1538/385 513/1539/385 515/1540/385
f 519/1541/386 517/1542/386 518/1543/386 520/1544/386
f 513/1545/387 514/1546/387 518/1547/387 517/1548/387
f 516/1549/388 515/1550/388 519/1551/388 520/1552/388
f 515/1553/389 513/1554/389 517/1555/389 519/1556/389
f 520/1557/390 518/1558/390 514/1559/390 516/1560/390
f 524/1561/391 522/1562/391 521/1563/391 523/1564/391
f 527/1565/392 525/1566/392 526/1567/392 528/1568/392
f 521/1569/393 522/1570/393 526/1571/393 525/1572/393
f 524/1573/394 523/1574/394 527/1575/394 528/1576/394
f 523/1577/395 521/1578/395 525/1579/395 527/1580/395
f 528/1581/396 526/1582/396 522/1583/396 524/1584/396
f 532/1585/397 530/1586/397 529/1587/397 531/1588/397
f 535/1589/398 533/1590/398 534/1591/398 536/1592/398
f 529/1593/399 530/1594/399 534/1595/399 533/1596/399
f 532/1597/400 531/1598/400 535/1599/400 536/1600/400
f 531/1601/401 529/1602/401 533/1603/401 535/1604/401
f 536/1605/402 534/1606/402 530/1607/402 532/1608/402
f 540/1609/403 538/1610/403 537/1611/403 539/1612/403
f 543/1613/404 541/1614/404 542/1615/404 544/1616/404
f 537/1617/405 538/1618/405 542/1619/405 541/1620/405
f 540/1621/406 539/1622/406 543/1623/406 544/1624/406
f 539/1625/407 537/1626/407 541/1627/407 543/1628/407
f 544/1629/408 542/1630/408 538/1631/408 540/1632/408
f 548/1633/409 546/1634/409 545/1635/409 547/1636/409
f 551/1637/410 549/1638/410 550/1639/410 552/1640/410
f 545/1641/411 546/1642/411 550/1643/411 549/1644/411
f 548/1645/412 547/1646/412 551/1647/412 552/1648/412
f 547/1649/413 545/1650/413 549/1651/413 551/1652/413
f 552/1653/414 550/1654/414 546/1655/414 548/1656/414
f 556/1657/415 554/1658/415 553/1659/415 555/1660/415
f 559/1661/416 557/1662/416 558/1663/416 560/1664/416
f 553/1665/417 554/1666/417 558/1667/417 557/1668/417
f 556/1669/418 555/1670/418 559/1671/418 560/1672/418
f 555/1673/419 553/1674/419 557/1675/419 559/1676/419
f 560/1677/420 558/1678/420 554/1679/420 556/1680/420
f 564/1681/421 562/1682/421 561/1683/421 563/1684/421
f 567/1685/422 565/1686/422 566/1687/422 568/1688/422
f 561/1689/423 562/1690/423 566/1691/423 565/1692/423
f 564/1693/424 563/1694/424 567/1695/424 568/1696/424
f 563/1697/425 561/1698/425 565/1699/425 567/1700/425
f 568/1701/426 566/1702/426 562/1703/426 564/1704/426
f 572/1705/427 570/1706/427 569/1707/427 571/1708/427
f 575/1709/428 573/1710/428 574/1711/428 576/1712/428
f 569/1713/429 570/1714/429 574/1715/429 573/1716/429
f 572/1717/430 571/1718/430 575/1719/430 576/1720/430
f 571/1721/431 569/1722/431 573/1723/431 575/1724/431
f 576/1725/432 574/1726/432 570/1727/432 572/1728/432
f 580/1729/433 578/1730/433 577/1731/433 579/1732/433
f 583/1733/434 581/1734/434 582/1735/434 584/1736/434
f 577/1737/435 578/1738/435 582/1739/435 581/1740/435
f 580/1741/436 579/1742/436 583/1743/436 584/1744/436
f 579/1745/437 577/1746/437 581/1747/437 583/1748/437
f 584/1749/438 582/1750/438 578/1751/438 580/1752/438
f 588/1753/439 586/1754/439 585/1755/439 587/1756/439
f 591/1757/440 589/1758/440 590/1759/440 592/1760/440
f 585/1761/441 586/1762/441 590/1763/441 589/1764/441
f 588/1765/442 587/1766/442 591/1767/442 592/1768/442
f 587/1769/443 585/1770/443 589/1771/443 591/1772/443
f 592/1773/444 590/1774/444 586/1775/444 588/1776/444
f 596/1777/445 594/1778/445 593/1779/445 595/1780/445
f 599/1781/446 597/1782/446 598/1783/446 600/1784/446
f 593/1785/447 594/1786/447 598/1787/447 597/1788/447
f 596/1789/448 595/1790/448 599/1791/448 600/1792/448
f 595/1793/449 593/1794/449 597/1795/449 599/1796/449
f 600/1797/450 598/1798/450 594/1799/450 596/1800/450
f 604/1801/451 602/1802/451 601/1803/451 603/1804/451
f 607/1805/452 605/1806/452 606/1807/452 608/1808/452
f 601/1809/453 602/1810/453 606/1811/453 605/1812/453
f 604/1813/454 603/1814/454 607/1815/454 608/1816/454
f 603/1817/455 601/1818/455 605/1819/455 607/1820/455
f 608/1821/456 606/1822/456 602/1823/456 604/1824/456
f 612/1825/457 610/1826/457 609/1827/457 611/1828/457
f 615/1829/458 613/1830/458 614/1831/458 616/1832/458
f 609/1833/459 610/1834/459 614/1835/459 613/1836/459
f 612/1837/460 611/1838/460 615/1839/460 616/1840/460
f 611/1841/461 609/1842/461 613/1843/461 615/1844/461
f 616/1845/462 614/1846/462 610/1847/462 612/1848/462
f 620/1849/463 618/1850/463 617/1851/463 619/1852/463
f 623/1853/464 621/1854/464 622/1855/464 624/1856/464
f 617/1857/465 618/1858/465 622/1859/465 621/1860/465
f 620/1861/466 619/1862/466 623/1863/466 624/1864/466
f 619/1865/467 617/1866/467 621/1867/467 623/1868/467
f 624/1869/468 622/1870/468 618/1871/468 620/1872/468
f 628/1873/469 626/1874/469 625/1875/469 627/1876/469
f 631/1877/470 629/1878/470 630/1879/470 632/1880/470
f 625/1881/471 626/1882/471 630/1883/471 629/1884/471
f 628/1885/472 627/1886/472 631/1887/472 632/1888/472
f 627/1889/473 625/1890/473 629/1891/473 631/1892/473
f 632/1893/474 630/1894/474 626/1895/474 628/1896/474
