# Made in Blockbench 5.1.6
mtllib sobr_kit_h.mtl

o cube
v 0.0007104421638620545 2.2164536230085834 -0.18711141480397017
v 0.0007105400199247103 2.199703965069287 -0.22990289566520725
v 0.010661727809554163 2.147755315905975 -0.17806687875058258
v 0.010661777082026144 2.1371625607168547 -0.20007164493353866
v -0.27645338359640476 2.1026307955001946 -0.1721263089237784
v -0.2706793062102113 2.0982414326780057 -0.18150746126639136
v -0.045606532357431645 2.1611598886374397 -0.1418179915272086
v -0.26071057948708015 2.07599594590515 -0.1759610384770408
v 0.004411675461586058 2.079312543225565 -0.3213567589077515
v 0.0007105762217786277 2.1418538278733994 -0.3511872407834683
v 0.0011268709234456662 1.9999887422065454 -0.40362329221865734
v 0.00014357493471108592 2.0107331251248706 -0.44808671296239
v -0.08166264313146014 2.10567754659567 -0.3074911020358164
v -0.2706789974740942 2.040391437514756 -0.30279227828162847
v -0.0759125447487797 1.9838068228230517 -0.38350771571814013
v -0.2988385665674099 2.0085207232344673 -0.3054993447535883
v 0.0007099118347167963 2.11878653174179 0.3743564396025158
v 0.00441157868498606 2.0562459014429706 0.3445257819549867
v 0.0007101706050481604 2.009375188803273 0.44126397090151365
v 0.004411485750031974 2.010584669504436 0.3719832709969108
v -0.27067946485275035 2.0173238341933697 0.3259609697081957
v -0.2706793623257075 2.011337375942741 0.3288678643318392
v -0.2616774553251755 2.006118452539387 0.15444375000000005
v -0.26167745532517556 2.006118452539387 -0.17680624999999997
v -0.2702624061972649 1.865755746511312 0.1544437500000001
v -0.27026240619726494 1.8657557465113122 -0.17680624999999994
v -0.3211041475339485 1.993225442244972 0.16560750000000007
v -0.3262363009976782 1.9992643915764245 -0.17499999999999988
v -0.33342498912042967 1.8580811653110543 0.15805625000000006
v -0.3318654034978954 1.857985776968031 -0.20444374999999984
v -0.32178057618469263 2.0151826919229503 0.04055437500000014
v -0.33295025125693006 1.8580521290994376 0.047642500000000115
v -0.32397605733371077 2.0073383415459713 -0.06566812499999992
v -0.3324337164987469 1.8580205364802285 -0.07245437499999989
v -0.2201419479093239 2.087102352735253 -0.18849727421205606
v -0.21902037074860273 2.0372521229755467 -0.30312142811330417
v -0.22809159777640947 2.0071656422690185 -0.15381045557978362
v -0.22697002061568822 1.9573154125093122 -0.26843460948103187
v -0.2764535261033337 2.102630455465967 -0.17212626803850833
v -0.270679137770943 2.0403911767544596 -0.30279195432122397
v -0.32623642685259785 1.9992643961325423 -0.17500018070120915
v -0.2988388799578393 2.0085208641181094 -0.30549941959525573
v -0.20709418031645846 2.0372758270236053 0.28303688389355397
v -0.20844007290932412 2.097096102735253 0.14548789921205613
v -0.21504383018354373 1.9573391165573706 0.24835006526128162
v -0.2163897227764094 2.0171593922690185 0.11080108057978377
v -0.2706788785658939 2.017323945472472 0.3259610547459237
v -0.2706790653738566 2.1020807767139376 0.1482647395614592
v -0.2706790636677725 2.011337001340724 0.32886854331388254
v -0.3211039297691301 1.9932258794954008 0.16560773553364838
v -0.2419779424562253 1.6032333367530351 0.25244327946733663
v -0.23547535644760598 2.0208087327728697 0.3097960333314533
v -0.27499991910450117 1.5687494085261704 0.15625045735813742
v -0.28338794702941134 2.023206670523013 0.15453855828343277
v -0.2706793561523802 1.602024110692583 0.32172387123206275
v -0.2706789962977854 2.0113366354045628 0.3288684827086096
v -0.3312502364822069 1.5687498593433284 0.1562500415658939
v -0.32110418232950694 1.9932254472271471 0.16560748222768934
v -0.3334253157846898 1.8580803100124488 0.1580563803199007
v -0.2706795433892419 1.8522335552523934 0.32609143682493313
v -0.22163101726245746 2.074037655292439 0.1562500000000001
v -0.22163101726245743 2.0740376552924387 -0.17499999999999993
v -0.2768024989174746 1.9724244266408992 0.1562500000000001
v -0.27680249891747455 1.972424426640899 -0.17499999999999996
v -0.27067927782069173 2.1020810978310194 0.14826500000000004
v -0.27645320892082426 2.102630224376931 -0.17212625000000004
v -0.3211039328659442 1.9932251905736857 0.16560750000000013
v -0.32623596150471035 1.999264606905502 -0.175
v -0.27637853453201044 2.1204033972432383 0.02391250000000003
v -0.3217808932819479 2.0151821396531098 0.040554374999999976
v -0.2764535530521579 2.1201696122463716 -0.038900624999999966
v -0.32397672500946423 2.0073380847799873 -0.06566812499999995
v -0.2750000000000001 1.8687499999999997 0.15625000000000006
v -0.275 1.8687499999999997 -0.20624999999999993
v -0.27500000000000013 1.6312499999999999 0.15625000000000017
v -0.27500000000000013 1.6374999999999997 -0.19374999999999995
v -0.33342500000000014 1.8580806249999997 0.15805625000000006
v -0.3318656250000002 1.8579856249999998 -0.20444374999999995
v -0.33125000000000016 1.63125 0.1562500000000001
v -0.3312500000000002 1.6374999999999997 -0.19374999999999998
v -0.27500000000000013 1.6312499999999999 0.15625000000000017
v -0.27500000000000013 1.6374999999999997 -0.1437499999999999
v -0.27500000000000013 1.5687499999999999 0.15625000000000006
v -0.27500000000000013 1.5687499999999999 -0.13749999999999996
v -0.33125000000000016 1.63125 0.1562500000000001
v -0.33125000000000016 1.6374999999999997 -0.14374999999999993
v -0.33125000000000016 1.56875 0.15625000000000006
v -0.3312500000000002 1.575 -0.1375
v -0.2855100655222516 1.8634162480801595 -0.17732070891022833
v -0.2852240498797946 2.007120717031896 -0.1737142843163002
v -0.2525253680296604 1.866699541916398 -0.310765378016593
v -0.25223935238720363 2.0104040108681347 -0.3071589534226649
v -0.3303916768522381 1.8580555177021656 -0.20369440464701505
v -0.32623661575552354 1.9992639488173105 -0.17499949888205316
v -0.29896132786502627 1.8741659301138704 -0.30784092757946824
v -0.29883866463674164 2.008520742800028 -0.30549924664209915
v 0.0007109093472914205 2.1997036321054266 -0.22990270098398524
v -0.2706787033278991 2.0982410794366175 -0.1815075458758646
v 0.0007109093472914552 2.141853703471812 -0.3511875985684978
v -0.270678703327899 2.0403911508030026 -0.30279244346037704
v 0.010661693343673801 2.1371627532985333 -0.20007223199965612
v -0.24197744590051734 2.0357000741448634 -0.15167701656135185
v 0.004412112958048494 2.0793130827043105 -0.32135725266264487
v -0.2419774459005173 1.9778501455112487 -0.27296191414586435
v 0.0007107309116546265 2.2339926065606828 -0.05388632719167499
v -0.27645312884173123 2.1201697497953043 -0.038901263815980525
v 0.0007107309116547375 2.2164531494811133 -0.18711173043878068
v -0.2764531288417314 2.102630292715735 -0.17212666706308638
v 0.010662092332744948 2.1652948115011803 -0.044842090893344344
v -0.24775187141434943 2.051471578667548 -0.029856978007325008
v 0.010662092332745052 2.1477553544216104 -0.17806749414045017
v -0.24775187141434943 2.0339321215879784 -0.16308238125443086
v 0.0007109427879993593 2.2035431824198706 0.19665990010114148
v -0.2706790190422797 2.102080653837617 0.14826432488886687
v 0.0007104868999976977 2.2345259240188406 0.03622849036650033
v -0.2764533728533884 2.1209819284423825 0.019259226530417645
v 0.010662087498232952 2.1461339749513266 0.15888561099889265
v -0.24775211542600678 2.032590175310162 0.14191637644553579
v 0.010662087498232952 2.1659958645718684 0.025986604359635068
v -0.2477521154260068 2.052452064930703 0.009017369806278125
v 0.004411991317244651 2.010584492921092 0.3719839490551416
v -0.24197756754132127 2.0125463822283054 0.25958738592110636
v 0.004411991317244651 1.6012718427164447 0.3648393701698786
v -0.24197756754132124 1.603233732023658 0.25244280703584326
v 0.0007107877064875673 2.009375206273725 0.441263934683401
v -0.2706788249687028 2.01133708814577 0.3288677975098744
v 0.0007107877064875257 1.6000625560690775 0.43411935579813815
v -0.2706788249687029 1.6020244379411221 0.32172321862461134
v 0.00014408288670792434 2.0107336012027903 -0.44808722070794815
v -0.2988382881301814 2.0085212873825458 -0.30549966869628087
v 0.000021308693940451373 1.8763790682205272 -0.4504292323679496
v -0.2989610623229489 1.8741667544002834 -0.30784168035628234
v 0.002055094839941754 2.0099029319052586 -0.40053427104304584
v -0.2800037457420294 2.007815843395594 -0.26601771254147294
v 0.001932320647174246 1.875548398922995 -0.40287628270304726
v -0.28012651993479687 1.873461310413331 -0.26835972420147436
v -0.24197821077104203 2.030858238545338 0.03486750000000016
v 0.01066159379709837 2.165996060274987 0.025986875000000076
v -0.24197821077104206 2.030858238545338 -0.05575749999999993
v 0.010661327872337555 2.16529442468053 -0.044841874999999976
v -0.27645368732710873 2.1209815212559926 0.019259375000000106
v 0.0007102267505458629 2.234525586554028 0.036228749999999976
v -0.27645389400976644 2.120170317990139 -0.03890124999999997
v 0.0007102187090913259 2.2339931815596294 -0.05388624999999998
v 0.004412152736073173 2.141002672776768 0.16682951372334953
v -0.24197764529963792 2.03954025675875 0.11843442379431324
v 0.004412152736073226 2.056245800592634 0.34452599157972835
v -0.24197764529963783 1.954783384574617 0.29613090165069217
v 0.0007107099481708339 2.203543814719314 0.19666010821694674
v -0.2706789027270195 2.102081262050504 0.14826495310882604
v 0.0007107099481709865 2.1187869425351806 0.3743565860733256
v -0.27067890272701967 2.0173243898663706 0.3259614309652048
v -0.0007104421638621586 2.2164536230085834 -0.18711141480397012
v -0.0007105400199248213 2.199703965069287 -0.22990289566520727
v -0.010661727809554288 2.147755315905975 -0.1780668787505826
v -0.010661777082026157 2.1371625607168543 -0.2000716449335386
v 0.27645338359640476 2.1026307955001946 -0.17212630892377834
v 0.2706793062102112 2.0982414326780052 -0.1815074612663913
v 0.045606532357431506 2.1611598886374397 -0.14181799152720848
v 0.26071057948708015 2.07599594590515 -0.17596103847704073
v -0.004411675461586093 2.079312543225565 -0.3213567589077515
v -0.0007105762217789677 2.141853827873399 -0.3511872407834683
v -0.0011268709234460393 1.9999887422065454 -0.40362329221865734
v -0.0001435749347112377 2.0107331251248706 -0.44808671296238994
v 0.08166264313145996 2.10567754659567 -0.3074911020358164
v 0.270678997474094 2.040391437514756 -0.3027922782816285
v 0.07591254474877981 1.9838068228230517 -0.38350771571814013
v 0.29883856656740954 2.0085207232344673 -0.3054993447535883
v -0.0007099118347168518 2.11878653174179 0.3743564396025158
v -0.004411578684986227 2.0562459014429706 0.3445257819549867
v -0.0007101706050484241 2.0093751888032734 0.44126397090151365
v -0.004411485750032043 2.010584669504436 0.3719832709969108
v 0.27067946485275024 2.0173238341933697 0.3259609697081957
v 0.2706793623257072 2.011337375942741 0.3288678643318392
v 0.2616774553251755 2.0061184525393867 0.1544437500000001
v 0.2616774553251755 2.0061184525393867 -0.17680624999999994
v 0.27026240619726477 1.865755746511312 0.1544437500000001
v 0.2702624061972647 1.865755746511312 -0.17680624999999994
v 0.32110414753394845 1.993225442244972 0.16560750000000002
v 0.3262363009976779 1.9992643915764245 -0.1749999999999999
v 0.3334249891204294 1.858081165311054 0.15805625000000006
v 0.33186540349789506 1.8579857769680308 -0.20444374999999984
v 0.3217805761846926 2.0151826919229503 0.04055437500000009
v 0.3329502512569299 1.8580521290994378 0.04764250000000009
v 0.32397605733371077 2.007338341545972 -0.06566812499999995
v 0.33243371649874653 1.8580205364802285 -0.0724543749999999
v 0.22014194790932398 2.0871023527352524 -0.18849727421205603
v 0.21902037074860248 2.0372521229755463 -0.3031214281133041
v 0.22809159777640936 2.007165642269018 -0.15381045557978362
v 0.22697002061568783 1.957315412509312 -0.2684346094810318
v 0.27645352610333357 2.102630455465967 -0.17212626803850836
v 0.2706791377709428 2.0403911767544596 -0.302791954321224
v 0.32623642685259757 1.9992643961325423 -0.17500018070120915
v 0.2988388799578391 2.0085208641181094 -0.30549941959525573
v 0.20709418031645827 2.0372758270236053 0.2830368838935539
v 0.20844007290932373 2.097096102735253 0.14548789921205613
v 0.21504383018354367 1.9573391165573706 0.24835006526128156
v 0.21638972277640917 2.017159392269018 0.11080108057978377
v 0.27067887856589384 2.017323945472472 0.3259610547459237
v 0.27067906537385644 2.102080776713937 0.14826473956145925
v 0.2706790636677721 2.011337001340724 0.32886854331388254
v 0.32110392976912994 1.993225879495401 0.16560773553364833
v 0.24197794245622525 1.6032333367530351 0.25244327946733663
v 0.23547535644760587 2.0208087327728697 0.30979603333145334
v 0.27499991910450083 1.5687494085261704 0.15625045735813742
v 0.2833879470294113 2.023206670523013 0.15453855828343271
v 0.27067935615238 1.602024110692583 0.32172387123206275
v 0.270678996297785 2.0113366354045628 0.3288684827086095
v 0.33125023648220675 1.5687498593433287 0.15625004156589378
v 0.3211041823295067 1.9932254472271471 0.16560748222768934
v 0.3334253157846898 1.8580803100124488 0.1580563803199007
v 0.27067954338924183 1.8522335552523936 0.3260914368249331
v 0.2216310172624571 2.074037655292439 0.15625000000000006
v 0.22163101726245704 2.074037655292439 -0.17499999999999996
v 0.2768024989174744 1.972424426640899 0.1562500000000001
v 0.2768024989174744 1.972424426640899 -0.17499999999999996
v 0.27067927782069157 2.10208109783102 0.14826499999999998
v 0.2764532089208239 2.102630224376931 -0.17212625000000004
v 0.3211039328659441 1.993225190573686 0.16560750000000007
v 0.3262359615047099 1.999264606905502 -0.17499999999999996
v 0.2763785345320101 2.1204033972432383 0.02391250000000006
v 0.32178089328194776 2.0151821396531098 0.040554375000000004
v 0.2764535530521577 2.120169612246372 -0.03890062500000005
v 0.32397672500946423 2.0073380847799873 -0.06566812499999995
v 0.2749999999999999 1.86875 0.15625
v 0.2749999999999999 1.86875 -0.20625
v 0.2749999999999999 1.63125 0.15625000000000006
v 0.2749999999999998 1.6374999999999997 -0.19374999999999998
v 0.33342499999999997 1.858080625 0.15805625
v 0.3318656249999997 1.8579856249999995 -0.20444374999999992
v 0.33124999999999993 1.6312499999999999 0.1562500000000001
v 0.33124999999999993 1.6374999999999997 -0.19374999999999998
v 0.2749999999999999 1.63125 0.15625000000000006
v 0.2749999999999998 1.6374999999999997 -0.14374999999999993
v 0.2749999999999999 1.56875 0.15625
v 0.27499999999999986 1.56875 -0.1375
v 0.33124999999999993 1.6312499999999999 0.1562500000000001
v 0.33124999999999993 1.6374999999999997 -0.14374999999999993
v 0.33125 1.56875 0.15625000000000006
v 0.3312499999999998 1.5749999999999997 -0.1375
v 0.2855100655222512 1.8634162480801595 -0.17732070891022833
v 0.2852240498797943 2.007120717031896 -0.17371428431630018
v 0.25252536802966036 1.866699541916398 -0.310765378016593
v 0.2522393523872035 2.0104040108681347 -0.3071589534226649
v 0.3303916768522379 1.8580555177021654 -0.20369440464701505
v 0.3262366157555233 1.9992639488173107 -0.17499949888205318
v 0.29896132786502594 1.8741659301138704 -0.30784092757946824
v 0.2988386646367412 2.008520742800028 -0.3054992466420991
v -0.0007109093472916425 2.199703632105427 -0.2299027009839853
v 0.27067870332789884 2.0982410794366175 -0.1815075458758646
v -0.0007109093472916148 2.1418537034718126 -0.3511875985684978
v 0.2706787033278987 2.0403911508030026 -0.3027924434603771
v -0.010661693343673853 2.137162753298533 -0.2000722319996561
v 0.241977445900517 2.035700074144863 -0.1516770165613518
v -0.004412112958048758 2.0793130827043105 -0.3213572526626449
v 0.24197744590051715 1.9778501455112487 -0.27296191414586435
v -0.0007107309116549179 2.2339926065606828 -0.053886327191674965
v 0.2764531288417311 2.1201697497953047 -0.03890126381598061
v -0.0007107309116548069 2.2164531494811133 -0.18711173043878065
v 0.2764531288417311 2.102630292715735 -0.17212666706308635
v -0.010662092332745225 2.1652948115011803 -0.044842090893344386
v 0.24775187141434946 2.0514715786675484 -0.029856978007325036
v -0.01066209233274533 2.147755354421611 -0.1780674941404502
v 0.24775187141434946 2.033932121587979 -0.1630823812544309
v -0.0007109427879994287 2.203543182419871 0.19665990010114148
v 0.27067901904227937 2.102080653837617 0.14826432488886682
v -0.0007104868999977462 2.2345259240188406 0.03622849036650033
v 0.2764533728533881 2.120981928442382 0.0192592265304177
v -0.01066208749823324 2.1461339749513266 0.15888561099889265
v 0.24775211542600645 2.032590175310162 0.14191637644553579
v -0.010662087498233244 2.1659958645718684 0.025986604359635096
v 0.24775211542600645 2.052452064930703 0.009017369806278125
v -0.004411991317244901 2.010584492921092 0.3719839490551416
v 0.24197756754132088 2.0125463822283054 0.25958738592110636
v -0.004411991317244929 1.6012718427164447 0.3648393701698786
v 0.241977567541321 1.6032337320236583 0.25244280703584326
v -0.0007107877064876089 2.0093752062737256 0.441263934683401
v 0.2706788249687028 2.01133708814577 0.3288677975098743
v -0.0007107877064876644 1.6000625560690778 0.43411935579813804
v 0.27067882496870266 1.6020244379411224 0.32172321862461134
v -0.00014408288670810301 2.01073360120279 -0.44808722070794815
v 0.29883828813018104 2.008521287382546 -0.30549966869628087
v -0.0000213086939406526 1.8763790682205272 -0.4504292323679496
v 0.2989610623229486 1.8741667544002834 -0.3078416803562824
v -0.0020550948399419336 2.0099029319052586 -0.40053427104304584
v 0.280003745742029 2.007815843395594 -0.26601771254147294
v -0.0019323206471745166 1.875548398922995 -0.40287628270304726
v 0.2801265199347967 1.8734613104133313 -0.26835972420147436
v 0.2419782107710419 2.030858238545338 0.034867500000000134
v -0.010661593797098488 2.165996060274987 0.025986875000000104
v 0.24197821077104198 2.0308582385453384 -0.05575749999999996
v -0.010661327872337752 2.16529442468053 -0.04484187499999995
v 0.2764536873271085 2.120981521255993 0.01925937500000008
v -0.0007102267505461266 2.2345255865540277 0.03622875000000003
v 0.2764538940097663 2.1201703179901386 -0.03890124999999994
v -0.0007102187090914647 2.23399318155963 -0.053886250000000024
v -0.004412152736073519 2.141002672776768 0.16682951372334948
v 0.2419776452996377 2.0395402567587504 0.11843442379431318
v -0.004412152736073469 2.0562458005926345 0.34452599157972824
v 0.24197764529963778 1.9547833845746172 0.2961309016506921
v -0.0007107099481711912 2.203543814719314 0.19666010821694674
v 0.2706789027270193 2.102081262050504 0.14826495310882604
v -0.000710709948171042 2.1187869425351806 0.3743565860733256
v 0.2706789027270192 2.0173243898663706 0.3259614309652048
v -0.0033107676815030407 1.6437499999999998 0.43810195999915685
v -0.006375318425017901 1.6437499999999998 0.3729045683282201
v -0.003310767681503207 1.5937499999999998 0.43810195999915696
v -0.0063753184250180395 1.59375 0.37290456832822
v 0.2811863288803567 1.6437499999999998 0.3429105630776294
v 0.2593716337525068 1.6437499999999998 0.27771331178220304
v 0.28118632888035666 1.5937499999999998 0.3429105630776294
v 0.2593716337525066 1.59375 0.277713311782203
v 0.2811864403140803 1.6437499032824496 0.34291027833392956
v 0.2506679801777353 1.6410493618646378 0.3092079353352945
v 0.2811865874283897 1.593750073768059 0.3429100086383982
v 0.24750395090753416 1.5932341125368636 0.32347996569190796
v 0.34375007688966125 1.5943339671556327 0.15590721621831127
v 0.30061549035797913 1.5844801222304237 0.13075841907368818
v 0.3437499396445535 1.5444023523647514 0.15852427239425854
v 0.2749998661051872 1.5444022154422283 0.15852409428423814
v 0.27499999999999986 1.8124999999999998 -0.15625000000000003
v 0.27499999999999986 1.8125 -0.21875000000000006
v 0.27499999999999986 1.6499999999999997 -0.15625
v 0.27499999999999986 1.6499999999999997 -0.21875
v 0.3437500000000001 1.8124999999999998 -0.15625000000000003
v 0.3285581249999999 1.809811875 -0.22640937499999997
v 0.34375 1.6499999999999995 -0.15624999999999997
v 0.34375 1.6499999999999997 -0.21875
v 0.2743836449079105 1.8125 -0.20946547904293966
v 0.27438364490791056 1.875 -0.20946547904293966
v 0.24565541980545 1.8124999999999998 -0.3246880965382142
v 0.24565541980545 1.8749999999999998 -0.3246880965382142
v 0.3289627795109354 1.8125 -0.22307358567042096
v 0.3289627795109355 1.875 -0.22307358567042096
v 0.3002345544084747 1.8125 -0.3382962031656956
v 0.30023455440847485 1.875 -0.33829620316569553
v 0.27784037398568523 1.8125 -0.28959568942871206
v 0.2778403739856852 1.8749999999999998 -0.28959568942871206
v 0.0002836142057112273 1.8124999999999998 -0.41902253208680124
v 0.0002836142057112273 1.8749999999999998 -0.41902253208680124
v 0.3002340746201883 1.8124999999999998 -0.33829646061840035
v 0.30023407462018836 1.8749999999999998 -0.33829646061840035
v -0.0018286513692095177 1.8125 -0.47226209672010877
v -0.0018286513692095038 1.875 -0.4722620967201087
v 0.27499999999999997 1.5444025123230074 0.15852418150079067
v 0.27499999999999997 1.5943339890607358 0.1559073836886436
v 0.2749999999999998 1.523353439600999 -0.10236673708704765
v 0.2749999999999999 1.5809229002734817 -0.09999143459221603
v 0.34375000000000006 1.5444025123230074 0.15852418150079067
v 0.34375 1.5943339890607358 0.15590738368864349
v 0.34374999999999994 1.530991423535753 -0.09737463678006884
v 0.34375 1.5809229002734815 -0.09999143459221602
v 0.2668705563975583 1.775413709149272 -0.18535881538658153
v 0.26687055639755836 1.8063496308261835 -0.15442289370967005
v 0.25469291006355255 1.836683419976743 -0.2466285262140527
v 0.2546929100635525 1.8676193416536546 -0.21569260453714123
v 0.32855849662204883 1.809811891992965 -0.22640910527428706
v 0.34374995918493667 1.8125001797401654 -0.15624948465669627
v 0.32896301521917026 1.8750001099122262 -0.2230733727957129
v 0.2749999999999999 1.5233534002044335 -0.10236674785275213
v 0.2749999999999999 1.5587087392637609 -0.06701140879342476
v 0.27499999999999986 1.6500002021905886 -0.21874989490998425
v 0.27499999999999997 1.6780330085889907 -0.1863356781186547
v 0.34375 1.5309914792664627 -0.09737501591931336
v 0.34374999999999994 1.5809229407364747 -0.09999131100970357
v 0.34374999999999994 1.6500002021905884 -0.21874989490998425
v 0.34375 1.6499997602488503 -0.1562500523461201
v 0.0033107676815029574 1.6437499999999998 0.43810195999915685
v 0.006375318425017817 1.6437499999999998 0.3729045683282201
v 0.0033107676815028186 1.5937499999999998 0.43810195999915696
v 0.006375318425017679 1.59375 0.37290456832822
v -0.2811863288803569 1.6437499999999998 0.3429105630776294
v -0.2593716337525068 1.6437499999999998 0.277713311782203
v -0.2811863288803569 1.5937499999999998 0.3429105630776294
v -0.2593716337525068 1.5937499999999996 0.2777133117822031
v -0.28118644031408035 1.6437499032824499 0.34291027833392956
v -0.2506679801777355 1.6410493618646378 0.3092079353352945
v -0.2811865874283899 1.593750073768059 0.3429100086383982
v -0.24750395090753438 1.5932341125368632 0.32347996569190796
v -0.3437500768896613 1.594333967155633 0.15590721621831127
v -0.3006154903579794 1.5844801222304237 0.13075841907368818
v -0.3437499396445536 1.544402352364751 0.15852427239425865
v -0.27499986610518723 1.5444022154422283 0.15852409428423814
v -0.275 1.8124999999999996 -0.15625
v -0.275 1.8124999999999998 -0.21875
v -0.275 1.6499999999999995 -0.15624999999999994
v -0.2750000000000001 1.6499999999999997 -0.21875
v -0.3437500000000002 1.8124999999999998 -0.15625
v -0.3285581250000002 1.809811875 -0.2264093749999999
v -0.3437500000000001 1.6499999999999997 -0.15625
v -0.34375000000000017 1.6499999999999997 -0.21875
v -0.2743836449079107 1.8124999999999998 -0.2094654790429396
v -0.2743836449079107 1.8749999999999998 -0.2094654790429396
v -0.2456554198054503 1.8125 -0.3246880965382142
v -0.2456554198054503 1.8749999999999998 -0.3246880965382142
v -0.3289627795109356 1.8125 -0.22307358567042093
v -0.32896277951093555 1.875 -0.22307358567042096
v -0.30023455440847496 1.8124999999999998 -0.33829620316569553
v -0.30023455440847496 1.8749999999999998 -0.33829620316569553
v -0.2752478739856854 1.8124999999999998 -0.28959568942871206
v -0.2752478739856854 1.8749999999999998 -0.28959568942871206
v 0.002308885794288687 1.8125 -0.4190225320868013
v 0.002308885794288694 1.875 -0.4190225320868013
v -0.29764157462018853 1.8125 -0.33829646061840035
v -0.29764157462018853 1.875 -0.33829646061840035
v -0.0018287562858090786 1.8125 -0.47226201384627187
v -0.0018287562858090786 1.875 -0.47226201384627187
v -0.275 1.5444025123230072 0.15852418150079067
v -0.27499999999999997 1.5943339890607355 0.1559073836886436
v -0.27500000000000013 1.5233534396009987 -0.10236673708704759
v -0.27500000000000013 1.5809229002734815 -0.09999143459221599
v -0.3437500000000002 1.5444025123230072 0.15852418150079067
v -0.34375000000000017 1.594333989060736 0.15590738368864349
v -0.3437500000000002 1.530991423535753 -0.09737463678006884
v -0.3437500000000002 1.5809229002734815 -0.09999143459221602
v -0.2668705563975585 1.7754137091492719 -0.1853588153865815
v -0.26687055639755836 1.8063496308261833 -0.15442289370967002
v -0.2546929100635529 1.8366834199767432 -0.24662852621405273
v -0.2546929100635529 1.8676193416536548 -0.21569260453714129
v -0.3285584966220492 1.809811891992965 -0.22640910527428704
v -0.3437499591849369 1.8125001797401654 -0.1562494846566963
v -0.3289630152191706 1.8750001099122264 -0.22307337279571293
v -0.275 1.5233534002044333 -0.1023667478527521
v -0.27500000000000013 1.5587087392637606 -0.06701140879342471
v -0.27500000000000013 1.6500002021905884 -0.21874989490998423
v -0.275 1.6780330085889905 -0.18633567811865467
v -0.3437500000000001 1.530991479266463 -0.09737501591931338
v -0.3437500000000002 1.5809229407364747 -0.09999131100970358
v -0.3437500000000002 1.6500002021905884 -0.21874989490998425
v -0.3437500000000002 1.6499997602488503 -0.1562500523461201
v -0.36250000000000027 1.8775747562591372 0.06291018530477366
v -0.3625000000000002 1.9254101853047734 -0.05257475625913724
v -0.3625000000000001 1.7620898146952262 0.015074756259137456
v -0.36250000000000016 1.8099252437408624 -0.10041018530477351
v -0.39375000000000016 1.8775747562591372 0.06291018530477366
v -0.39375000000000016 1.9254101853047734 -0.05257475625913721
v -0.3937500000000001 1.7620898146952262 0.015074756259137428
v -0.39375000000000004 1.8099252437408624 -0.10041018530477348
v -0.36250000000000027 1.931184432382969 -0.050182984806855485
v -0.3625000000000002 1.9598856898103505 -0.11947394974520197
v -0.36250000000000016 1.6828918080205604 -0.15302915725497326
v -0.36250000000000027 1.7115930654479425 -0.2223201221933198
v -0.40000000000000024 1.931184432382969 -0.05018298480685546
v -0.40000000000000013 1.9598856898103505 -0.11947394974520192
v -0.40000000000000024 1.6828918080205606 -0.1530291572549733
v -0.40000000000000024 1.7115930654479423 -0.22232012219331979
v -0.35115190363172233 1.9518873794972906 -0.11649635757229837
v -0.32377587224968185 2.018032473247328 -0.27618473998807813
v -0.35115190363172216 1.6862720139002954 -0.22651784437726158
v -0.32377587224968174 1.7524171076503328 -0.38620622679304145
v -0.3820171642753203 1.9537581569354712 -0.12101281383573644
v -0.35464113289328 2.019903250685509 -0.2807011962515163
v -0.38201716427532023 1.6881427913384766 -0.23103430064069982
v -0.35464113289327986 1.7542878850885137 -0.3907226830564796
v 0.2047266807476425 2.0609177239208907 -0.37971889378996315
v -0.0005248858177527432 2.076201203136953 -0.4166164765936287
v 0.21698544806764625 1.7387104420415314 -0.5001037423339527
v -0.0005248858177527571 1.7586176138361984 -0.5481639064691284
v 0.22720600460141283 2.0692249184812654 -0.3997742355628924
v 0.00025472411018884894 2.087853690748241 -0.44474807022018426
v 0.22401516851589182 1.750362794566088 -0.5282350098322894
v 0.00025472411018892527 1.770270101447486 -0.576295500095684
v 0.28721723210803696 2.028228164205326 -0.3007993153766425
v 0.2047265506160311 2.0609175957851877 -0.37971858444301165
v 0.28721723210803707 1.7279673161391578 -0.4251714308952966
v 0.21698561936674193 1.7387104535509668 -0.5001037701201867
v 0.3096966008686199 2.0365354845030885 -0.32085496070647723
v 0.2272059193766141 2.06922491608295 -0.3997742297728463
v 0.30969660086861983 1.73627463643692 -0.44522707622513125
v 0.22401553089365545 1.7503628927318873 -0.5282352468254934
v 0.32377618405066605 2.0180323839303953 -0.2761845243579282
v 0.28721723210803696 2.028228164205326 -0.3007993153766425
v 0.3237761840506663 1.7524170183334002 -0.38620601116289144
v 0.28721723210803707 1.7279673161391578 -0.4251714308952966
v 0.3531127490223072 2.0193305205136878 -0.2793185033031249
v 0.3096966008686199 2.0365354845030885 -0.32085496070647723
v 0.3546417008935816 1.7542878312059949 -0.39072255297257147
v 0.30969660086861983 1.73627463643692 -0.44522707622513125
v 0.3511519036317219 1.9518873794972906 -0.1164963575722984
v 0.3237758722496815 2.018032473247328 -0.27618473998807813
v 0.35115190363172216 1.6862720139002954 -0.2265178443772616
v 0.3237758722496818 1.7524171076503328 -0.38620622679304145
v 0.38201716427532023 1.9537581569354714 -0.1210128138357365
v 0.35464113289327964 2.019903250685509 -0.28070119625151624
v 0.3820171642753202 1.6881427913384766 -0.23103430064069985
v 0.3546411328932797 1.7542878850885137 -0.3907226830564796
v -0.3237761840506665 2.0180323839303953 -0.2761845243579282
v -0.28721723210803723 2.028228164205326 -0.3007993153766425
v -0.3237761840506664 1.7524170183334 -0.38620601116289144
v -0.28721723210803723 1.727967316139158 -0.4251714308952966
v -0.35311274902230744 2.0193305205136878 -0.2793185033031249
v -0.3096966008686201 2.0365354845030885 -0.3208549607064772
v -0.35464170089358155 1.7542878312059949 -0.39072255297257147
v -0.30969660086862005 1.73627463643692 -0.44522707622513125
v -0.28721723210803723 2.028228164205326 -0.3007993153766425
v -0.20472655061603132 2.0609175957851877 -0.37971858444301165
v -0.28721723210803723 1.727967316139158 -0.4251714308952966
v -0.21698561936674202 1.7387104535509665 -0.5001037701201867
v -0.3096966008686201 2.0365354845030885 -0.3208549607064772
v -0.22720591937661405 2.0692249160829497 -0.39977422977284627
v -0.30969660086862005 1.73627463643692 -0.44522707622513125
v -0.2240155308936555 1.7503628927318873 -0.5282352468254934
v -0.2047266807476427 2.0609177239208907 -0.37971889378996315
v 0.000524885817752483 2.076201203136953 -0.41661647659362866
v -0.21698544806764616 1.7387104420415311 -0.5001037423339526
v 0.0005248858177524657 1.7586176138361982 -0.5481639064691284
v -0.22720600460141327 2.0692249184812654 -0.3997742355628924
v -0.0002547241101890779 2.087853690748241 -0.44474807022018426
v -0.2240151685158921 1.750362794566088 -0.5282350098322894
v -0.00025472411018900853 1.770270101447486 -0.576295500095684
v 0.3937499999999998 1.8775747562591372 0.06291018530477363
v 0.39374999999999993 1.9254101853047736 -0.05257475625913727
v 0.39374999999999993 1.7620898146952264 0.0150747562591374
v 0.3937500000000001 1.8099252437408624 -0.10041018530477352
v 0.36250000000000004 1.8775747562591372 0.06291018530477366
v 0.36249999999999993 1.9254101853047734 -0.05257475625913721
v 0.36250000000000004 1.7620898146952264 0.015074756259137345
v 0.3625000000000001 1.8099252437408624 -0.10041018530477348
v 0.4 1.931184432382969 -0.05018298480685551
v 0.4000000000000001 1.9598856898103507 -0.11947394974520198
v 0.3999999999999999 1.6828918080205608 -0.15302915725497332
v 0.3999999999999999 1.7115930654479423 -0.2223201221933198
v 0.3624999999999999 1.931184432382969 -0.05018298480685546
v 0.36249999999999993 1.9598856898103505 -0.11947394974520192
v 0.3624999999999999 1.6828918080205608 -0.15302915725497335
v 0.36250000000000004 1.7115930654479423 -0.2223201221933198
v 0.4111043750000001 1.873939375 0.012395624999999993
v 0.4111043750000001 1.8739393749999997 -0.05010437499999995
v 0.41110437499999997 1.811439375 0.012395625000000049
v 0.41110437499999997 1.8114393749999997 -0.05010437499999998
v 0.28610437499999986 1.873939375 0.012395625000000021
v 0.2861043749999999 1.8739393749999997 -0.05010437499999992
v 0.28610437499999997 1.811439375 0.012395625000000077
v 0.28610437499999997 1.811439375 -0.05010437500000001
v -0.2798543750000001 1.936439375 0.07489562500000008
v -0.2798543750000001 1.936439375 -0.11260437499999995
v -0.2798543750000001 1.748939375 0.07489562499999997
v -0.27985437500000016 1.748939375 -0.11260437499999998
v -0.3486043750000003 1.936439375 0.07489562500000008
v -0.34860437500000024 1.936439375 -0.11260437499999998
v -0.34860437500000024 1.748939375 0.07489562499999997
v -0.3486043750000003 1.748939375 -0.112604375
v -0.2861043750000002 1.873939375 0.012395625000000021
v -0.2861043750000002 1.8739393749999997 -0.05010437499999992
v -0.2861043750000003 1.811439375 0.012395625000000077
v -0.2861043750000001 1.8114393749999997 -0.05010437499999998
v -0.41110437500000024 1.873939375 0.012395625000000021
v -0.4111043750000002 1.8739393749999997 -0.05010437499999992
v -0.41110437500000024 1.811439375 0.012395625000000077
v -0.4111043750000002 1.8114393749999997 -0.05010437500000001
v 0.34860437499999997 1.9364393749999997 0.07489562500000008
v 0.3486043750000001 1.9364393749999997 -0.11260437499999995
v 0.3486043750000001 1.7489393749999997 0.074895625
v 0.3486043750000002 1.748939375 -0.112604375
v 0.2798543749999999 1.936439375 0.07489562500000008
v 0.279854375 1.936439375 -0.11260437499999998
v 0.2798543749999999 1.748939375 0.07489562499999997
v 0.2798543749999999 1.748939375 -0.112604375
vt 0.11039046875 0.16015625
vt 0.12789078125 0.16015625
vt 0.1270740625 0.171875
vt 0.11041296875 0.16652234374999997
vt 0.176484375 0.6226503125
vt 0.1258328125 0.654845625
vt 0.125 0.6520003125
vt 0.125 0.6497346875000001
vt 0.64234734375 0.484375
vt 0.64234734375 0.47288765624999995
vt 0.7157578125 0.47491515625
vt 0.71702765625 0.47749937499999995
vt 0.1753496875 0.6015625
vt 0.17966421875 0.60588296875
vt 0.176484375 0.6226503125
vt 0.12583953125 0.64929296875
vt 0.65516234375 0.89375125
vt 0.65516234375 0.96875
vt 0.64171265625 0.91025828125
vt 0.62109375 0.853125
vt 0.62109375 0.859375
vt 0.546875 0.857575
vt 0.5516125 0.841015625
vt 0.18431328125 0.1875
vt 0.1953125 0.20111124999999996
vt 0.17401984375 0.20111124999999996
vt 0.640625 0.23828125
vt 0.640625 0.27904093750000003
vt 0.625 0.27090375
vt 0.62978953125 0.24272781249999997
vt 0.3691015625 0.8859375
vt 0.3691015625 0.921875
vt 0.32039375 0.9105484375
vt 0.3125 0.9037171875
vt 0.6984384375 0.78125
vt 0.625 0.78125
vt 0.69266296875 0.76489203125
vt 0.6744884375 0.77724484375
vt 0.01019265625 0.15199718750000002
vt 0.00152609375 0.17036812499999998
vt 0.00152609375 0.14453125
vt 0.3874703125 0.883903125
vt 0.39021875 0.912353125
vt 0.3691015625 0.9208734375000001
vt 0.3691015625 0.8859375
vt 0.208995625 0.6796875
vt 0.20282359375 0.68920375
vt 0.13559203125 0.71875
vt 0.126941875 0.6796875
vt 0.675 0.45056937500000005
vt 0.69915484375 0.44140625
vt 0.7578125 0.45056937500000005
vt 0.765625 0.27090531250000005
vt 0.765625 0.28422531250000005
vt 0.75023625 0.29377937499999995
vt 0.75 0.26171875
vt 0.17578125 0.375
vt 0.1594228125 0.3692259375
vt 0.17578125 0.30156312500000004
vt 0.625781875 0.71484375
vt 0.69921875 0.71484375
vt 0.63155625 0.7312015625
vt 0.1425140625 0.504399375
vt 0.1738921875 0.51098140625
vt 0.14414640625 0.578125
vt 0.1425140625 0.57783671875
vt 0.44140625 0.96484375
vt 0.44140625 1
vt 0.359375 1
vt 0.359375 0.96484375
vt 0.015625 0.23046875
vt 0.015625 0.265625
vt 0.000640625 0.26149999999999995
vt 0 0.2275890625
vt 0.7347471875 0.8125
vt 0.7708534375 0.8125
vt 0.7730653125 0.828125
vt 0.73865515625 0.82696734375
vt 0.32925828125 0.785161875
vt 0.35686140625 0.78515625
vt 0.35875109375 0.8190824999999999
vt 0.32749125 0.82453578125
vt 0.11903875 0.7408732812500001
vt 0.1484375 0.75284125
vt 0.1397490625 0.765625
vt 0.56041515625 0.980584375
vt 0.61652765625 0.996375
vt 0.53371515625 0.996375
vt 0.53281203125 0.98046875
vt 0.32925828125 0.785161875
vt 0.3274909375 0.8245446875
vt 0.300933125 0.8225540625
vt 0.29923953125 0.78516796875
vt 0.29923953125 0.78516796875
vt 0.30093328125 0.82255703125
vt 0.27359578125 0.82050703125
vt 0.26624890625 0.78516328125
vt 0.0943809375 0.7308035937499999
vt 0.11903875 0.7408732812500001
vt 0.13974875 0.76562453125
vt 0.063358125 0.73428421875
vt 0.063358125 0.73428421875
vt 0.0700175 0.71947640625
vt 0.0950128125 0.7307326562500001
vt 0.56041515625 0.980584375
vt 0.59043984375 0.98071234375
vt 0.616528125 0.99637515625
vt 0.59043984375 0.98071234375
vt 0.62343796875 0.9808528125
vt 0.616528125 0.99637515625
vt 0.453125 0.2734375
vt 0.453125 0.296875
vt 0.421875 0.296875
vt 0.421875 0.2734375
vt 0.64190484375 0.51171875
vt 0.67059515625 0.51171875
vt 0.6563903125 0.546875
vt 0.64614328125 0.54658453125
vt 0.76477625 0.39064171875
vt 0.7637534375 0.421875
vt 0.75084875 0.42094750000000003
vt 0.75084875 0.38475625
vt 0.20275796875 0.274516875
vt 0.17224203125 0.28125
vt 0.17224203125 0.2578125
vt 0.20199546875 0.2578125
vt 0.74433828125 0.6831931250000001
vt 0.765625 0.68823234375
vt 0.76276265625 0.703125
vt 0.73763203125 0.703125
vt 0.02250546875 0.1875
vt 0.0210803125 0.19662234374999998
vt 0.0098946875 0.203125
vt 0.00093203125 0.1875
vt 0.6953125 0.3671875
vt 0.6953125 0.390625
vt 0.65625 0.390625
vt 0.65625 0.3671875
vt 0.253740625 0.5247640625000001
vt 0.252478125 0.525846875
vt 0.203290625 0.5276015625
vt 0.2181 0.5043625
vt 0.683563125 0.921875
vt 0.72265625 0.921875
vt 0.72265625 0.93721765625
vt 0.671875 0.9375
vt 0.21099265625 0.48828125
vt 0.247325 0.49756609375000005
vt 0.253740625 0.5247640625000001
vt 0.2215646875 0.5063457812500001
vt 0.78478640625 0.76871109375
vt 0.80078125 0.78363359375
vt 0.7860384375 0.796875
vt 0.78478640625 0.796634375
vt 0.714271875 0.796875
vt 0.7036953125 0.8252734375
vt 0.688071875 0.8252734375
vt 0.688071875 0.8065640625
vt 0 0.683244375
vt 0.0406134375 0.68421078125
vt 0.025490625 0.7885071875
vt 0 0.796875
vt 0.74119296875 0.64453125
vt 0.7680396875 0.64453125
vt 0.78125 0.65625
vt 0.7368675 0.65482046875
vt 0.76171875 0.31640625
vt 0.76171875 0.35936406249999997
vt 0.7512415625 0.35766609375
vt 0.75 0.31733515625
vt 0.29978984375 0.8465
vt 0.29083515625 0.890428125
vt 0.22827421875 0.8905484375
vt 0.22745859375 0.845690625
vt 0.22745859375 0.845690625
vt 0.22827421875 0.8905484375
vt 0.18849140625 0.890625
vt 0.19364921875 0.8480484375
vt 0.53157890625 0.796250625
vt 0.46906484375 0.777344375
vt 0.57395078125 0.78760171875
vt 0.57120203125 0.796875
vt 0.53157890625 0.796250625
vt 0.46901796875 0.796094375
vt 0.46906484375 0.777344375
vt 0.55319875 0.62639546875
vt 0.4401096875 0.6375157812500001
vt 0.51104875 0.61718765625
vt 0.5449534375 0.61745953125
vt 0.4401096875 0.6375157812500001
vt 0.43898875 0.62349796875
vt 0.51104921875 0.6171875
vt 0.51953125 0.56640625
vt 0.51953125 0.59375
vt 0.4375 0.59375
vt 0.4375 0.56640625
vt 0.4805359375 0.18845046875000004
vt 0.4829375 0.21725671874999997
vt 0.46875 0.21875
vt 0.46875 0.18871484375000003
vt 0.75162046875 0.21875
vt 0.78031234375 0.21875
vt 0.77980046875 0.234375
vt 0.75093765625 0.232938125
vt 0.42924515625 0.82922625
vt 0.46058921875 0.82421875
vt 0.456361875 0.854225
vt 0.425126875 0.85787375
vt 0.425126875 0.85787375
vt 0.40942375 0.85783625
vt 0.42924625 0.82921796875
vt 0.37608578125 0.853873125
vt 0.37534828125 0.825191875
vt 0.40268578125 0.8272371875
vt 0.40941703125 0.85780125
vt 0.40268578125 0.8272371875
vt 0.42924625 0.82921796875
vt 0.40942453125 0.85783515625
vt 0.29756109375 0.41677796874999995
vt 0.30377796875 0.49935671875
vt 0.28336171875 0.46677250000000003
vt 0.28215953125 0.45111546874999997
vt 0.30377796875 0.49935671875
vt 0.288316875 0.5
vt 0.283361875 0.46677265625
vt 0.28359703125 0.41969203125
vt 0.29756109375 0.41677796874999995
vt 0.28215953125 0.45111546874999997
vt 0.36001390625 0.34772125
vt 0.37454328125 0.3203125
vt 0.374974375 0.40312390625000005
vt 0.3594271875 0.3742809375
vt 0.374974375 0.40312390625000005
vt 0.36280765625 0.40579046875
vt 0.359400625 0.37423171875000005
vt 0.36048078125 0.3203125
vt 0.37454328125 0.3203125
vt 0.36001359375 0.34772187499999996
vt 0.0890625 0.8171875
vt 0.0921875 0.875
vt 0.0015625 0.875
vt 0.0015625 0.815625
vt 0.11031625 0.78515625
vt 0.1670275 0.78515625
vt 0.16628 0.875
vt 0.11118265625 0.8718878125
vt 0.62321171875 0.671875
vt 0.53258671875 0.671875
vt 0.53303828125 0.65740625
vt 0.62366328125 0.6570281250000001
vt 0.328125 0.40625
vt 0.328125 0.3203125
vt 0.34375 0.3203125
vt 0.34375 0.40625
vt 0.609375 0.28515625
vt 0.609375 0.34375
vt 0.59375 0.34108281250000005
vt 0.59430625 0.28515625
vt 0.671011875 0.28515625
vt 0.6711725 0.34103890625
vt 0.6569525 0.34375
vt 0.6569525 0.28515625
vt 0.55918828125 0.38909875000000005
vt 0.5611084375 0.40625
vt 0.48609203125 0.40625
vt 0.4857665625 0.3906284375
vt 0.203125 0.29965828125000005
vt 0.21875 0.29998375
vt 0.21875 0.375
vt 0.2031575 0.37311234375
vt 0.640625 0.56640625
vt 0.640625 0.640625
vt 0.625 0.640625
vt 0.625 0.56640625
vt 0.25 0.30078125
vt 0.25 0.375
vt 0.234375 0.375
vt 0.234375 0.30078125
vt 0.8125 0.546875
vt 0.8125 0.5625
vt 0.796875 0.5625
vt 0.796875 0.546875
vt 0.8125 0.6538984375
vt 0.8125 0.6696015625
vt 0.796875 0.6696015625
vt 0.796875 0.65234375
vt 0.30078125 0.35546875
vt 0.30078125 0.390625
vt 0.265625 0.390625
vt 0.265625 0.35546875
vt 0.6305921875 0.4140625
vt 0.65625 0.41507249999999996
vt 0.65625 0.451110625
vt 0.625 0.44708171875
vt 0.21875 0.21685875
vt 0.21989859375 0.18093953124999995
vt 0.23046875 0.18325843750000004
vt 0.23046875 0.21875
vt 0.7828125 0.84765625
vt 0.81875 0.84765625
vt 0.8168890625 0.8593531249999999
vt 0.7832953125 0.859375
vt 0.79296875 0.34062499999999996
vt 0.79296875 0.375
vt 0.78125 0.371325
vt 0.78300625 0.344075
vt 0.79296875 0.46658328125000004
vt 0.79296875 0.5
vt 0.78216828125 0.49807703125
vt 0.78125 0.46375796874999997
vt 0.12109375 0.57421875
vt 0.12109375 0.609375
vt 0.046875 0.609375
vt 0.046875 0.57421875
vt 0.36516875 0.52734375
vt 0.366596875 0.5625
vt 0.297465625 0.5625
vt 0.297465625 0.52734375
vt 0.19140625 0.39531249999999996
vt 0.19140625 0.46875
vt 0.171875 0.46875
vt 0.17366875 0.39964374999999996
vt 0.09765625 0.41015625
vt 0.09765625 0.484375
vt 0.080515625 0.4786
vt 0.078125 0.41015625
vt 0.59375 0.23046875
vt 0.59375 0.265625
vt 0.578125 0.265625
vt 0.578346875 0.23046875
vt 0.23828125 0.24609375
vt 0.23828125 0.28125
vt 0.21875 0.28125
vt 0.21875 0.24609375
vt 0.46484375 0.66796875
vt 0.46484375 0.703125
vt 0.390625 0.703125
vt 0.390625 0.66796875
vt 0.4765625 0.90234375
vt 0.4765625 0.9375
vt 0.40625 0.9375
vt 0.40625 0.90234375
vt 0.05078125 0.40937500000000004
vt 0.05078125 0.484375
vt 0.03125 0.484375
vt 0.03304375 0.41370625000000005
vt 0.14453125 0.41015625
vt 0.14453125 0.484375
vt 0.12679375 0.48004375
vt 0.125 0.41015625
vt 0.671875 0.23046875
vt 0.671875 0.265625
vt 0.65625 0.265625
vt 0.65625 0.23046875
vt 0.73828125 0.58984375
vt 0.73828125 0.625
vt 0.71875 0.625
vt 0.71875 0.58984375
vt 0.373434375 0.6484375
vt 0.37206390625 0.6792690625
vt 0.29908890625 0.6875
vt 0.298440625 0.6484375
vt 0.2734375 0.55859375
vt 0.2734375 0.59375
vt 0.203125 0.59375
vt 0.203125 0.55859375
vt 0.5787221875 0.765625
vt 0.5787221875 0.6921875
vt 0.5970590625 0.6912209375
vt 0.593693125 0.7614090625000001
vt 0.45703125 0.41015625
vt 0.45703125 0.484375
vt 0.43929375 0.48004375
vt 0.4375 0.41015625
vt 0.734375 0.34977515625
vt 0.734375 0.390625
vt 0.72015703125 0.38407375
vt 0.71875 0.35050953124999995
vt 0.73828125 0.52734375
vt 0.73828125 0.5625
vt 0.7191125 0.5615015624999999
vt 0.71875 0.52734375
vt 0.16015625 0.8984375
vt 0.16015625 1
vt 0.09375 1
vt 0.09375 0.8984375
vt 0.07421875 0.8984375
vt 0.07421875 1
vt 0 1
vt 0 0.8984375
vt 0.5636234375 0.8854609375
vt 0.566015625 0.953125
vt 0.547265625 0.953125
vt 0.547265625 0.8796875
vt 0.237890625 0.39453125
vt 0.2354984375 0.46297656249999997
vt 0.219140625 0.46875
vt 0.219140625 0.39453125
vt 0.015625 0.3828125
vt 0.015625 0.484375
vt 0 0.484375
vt 0 0.3828125
vt 0.41015625 0.4296875
vt 0.41015625 0.53125
vt 0.390625 0.53125
vt 0.390625 0.4296875
vt 0.44140625 0.73046875
vt 0.44140625 0.765625
vt 0.359375 0.765625
vt 0.359375 0.73046875
vt 0.375 0.58984375
vt 0.375 0.625
vt 0.296875 0.625
vt 0.296875 0.58984375
vt 0.04296875 0.26093750000000004
vt 0.04296875 0.34375
vt 0.03125 0.34375
vt 0.03125 0.265625
vt 0.07421875 0.26171875
vt 0.07421875 0.34375
vt 0.0625 0.33906250000000004
vt 0.0625 0.26171875
vt 0.62109375 0.18359375
vt 0.62109375 0.21875
vt 0.609375 0.21875
vt 0.609375 0.18359375
vt 0.79296875 0.40234375
vt 0.79296875 0.4375
vt 0.78125 0.4375
vt 0.78125 0.40234375
vt 0.50306265625 0.4296875
vt 0.520770625 0.4296875
vt 0.5226559375 0.5
vt 0.5 0.4998940625
vt 0.57623765625 0.5234375
vt 0.5768871875 0.53889875
vt 0.5023128125 0.546875
vt 0.5012378125 0.5234375
vt 0.328125 0.5
vt 0.33433 0.42860734375
vt 0.3515625 0.42425328124999995
vt 0.3515625 0.49885375
vt 0.49438875 0.74622328125
vt 0.48543578125 0.67578125
vt 0.509738125 0.67578125
vt 0.51065796875 0.75
vt 0.7578125 0.47734374999999996
vt 0.7578125 0.5
vt 0.734375 0.49609843750000004
vt 0.7345640625 0.48155781249999996
vt 0.78125 0.25
vt 0.80377859375 0.25
vt 0.801115625 0.26555593749999995
vt 0.78340859375 0.265625
vt 0.33203125 0.71484375
vt 0.33203125 0.765625
vt 0.265625 0.765625
vt 0.265625 0.71484375
vt 0.33984375 0.94921875
vt 0.33984375 1
vt 0.265625 1
vt 0.265625 0.94921875
vt 0.5636234375 0.4323359375
vt 0.566015625 0.5
vt 0.547265625 0.5
vt 0.547265625 0.42656249999999996
vt 0.550390625 0.69140625
vt 0.5479984375 0.7598515625
vt 0.531640625 0.765625
vt 0.531640625 0.69140625
vt 0.703125 0.85546875
vt 0.703125 0.90625
vt 0.6875 0.90625
vt 0.6875 0.85546875
vt 0.48828125 0.30859375
vt 0.48828125 0.359375
vt 0.46875 0.359375
vt 0.46875 0.30859375
vt 0.1270740625 0.171875
vt 0.12789078125 0.16015625
vt 0.11039046875 0.16015625
vt 0.11041296875 0.16652234374999997
vt 0.125 0.6520003125
vt 0.1258328125 0.654845625
vt 0.176484375 0.6226503125
vt 0.125 0.6497346875000001
vt 0.7157578125 0.47491515625
vt 0.64234734375 0.47288765624999995
vt 0.64234734375 0.484375
vt 0.71702765625 0.47749937499999995
vt 0.176484375 0.6226503125
vt 0.17966421875 0.60588296875
vt 0.1753496875 0.6015625
vt 0.12583953125 0.64929296875
vt 0.65516234375 0.96875
vt 0.65516234375 0.89375125
vt 0.64171265625 0.91025828125
vt 0.546875 0.857575
vt 0.62109375 0.859375
vt 0.62109375 0.853125
vt 0.5516125 0.841015625
vt 0.1953125 0.20111124999999996
vt 0.18431328125 0.1875
vt 0.17401984375 0.20111124999999996
vt 0.625 0.27090375
vt 0.640625 0.27904093750000003
vt 0.640625 0.23828125
vt 0.62978953125 0.24272781249999997
vt 0.32039375 0.9105484375
vt 0.3691015625 0.921875
vt 0.3691015625 0.8859375
vt 0.3125 0.9037171875
vt 0.625 0.78125
vt 0.6984384375 0.78125
vt 0.69266296875 0.76489203125
vt 0.6744884375 0.77724484375
vt 0.00152609375 0.17036812499999998
vt 0.01019265625 0.15199718750000002
vt 0.00152609375 0.14453125
vt 0.3691015625 0.9208734375000001
vt 0.39021875 0.912353125
vt 0.3874703125 0.883903125
vt 0.3691015625 0.8859375
vt 0.13559203125 0.71875
vt 0.20282359375 0.68920375
vt 0.208995625 0.6796875
vt 0.126941875 0.6796875
vt 0.69915484375 0.44140625
vt 0.675 0.45056937500000005
vt 0.7578125 0.45056937500000005
vt 0.75023625 0.29377937499999995
vt 0.765625 0.28422531250000005
vt 0.765625 0.27090531250000005
vt 0.75 0.26171875
vt 0.1594228125 0.3692259375
vt 0.17578125 0.375
vt 0.17578125 0.30156312500000004
vt 0.69921875 0.71484375
vt 0.625781875 0.71484375
vt 0.63155625 0.7312015625
vt 0.14414640625 0.578125
vt 0.1738921875 0.51098140625
vt 0.1425140625 0.504399375
vt 0.1425140625 0.57783671875
vt 0.359375 1
vt 0.44140625 1
vt 0.44140625 0.96484375
vt 0.359375 0.96484375
vt 0.000640625 0.26149999999999995
vt 0.015625 0.265625
vt 0.015625 0.23046875
vt 0 0.2275890625
vt 0.7730653125 0.828125
vt 0.7708534375 0.8125
vt 0.7347471875 0.8125
vt 0.73865515625 0.82696734375
vt 0.35875109375 0.8190824999999999
vt 0.35686140625 0.78515625
vt 0.32925828125 0.785161875
vt 0.32749125 0.82453578125
vt 0.1484375 0.75284125
vt 0.11903875 0.7408732812500001
vt 0.1397490625 0.765625
vt 0.53371515625 0.996375
vt 0.61652765625 0.996375
vt 0.56041515625 0.980584375
vt 0.53281203125 0.98046875
vt 0.300933125 0.8225540625
vt 0.3274909375 0.8245446875
vt 0.32925828125 0.785161875
vt 0.29923953125 0.78516796875
vt 0.27359578125 0.82050703125
vt 0.30093328125 0.82255703125
vt 0.29923953125 0.78516796875
vt 0.26624890625 0.78516328125
vt 0.13974875 0.76562453125
vt 0.11903875 0.7408732812500001
vt 0.0943809375 0.7308035937499999
vt 0.063358125 0.73428421875
vt 0.0700175 0.71947640625
vt 0.063358125 0.73428421875
vt 0.0950128125 0.7307326562500001
vt 0.59043984375 0.98071234375
vt 0.56041515625 0.980584375
vt 0.616528125 0.99637515625
vt 0.62343796875 0.9808528125
vt 0.59043984375 0.98071234375
vt 0.616528125 0.99637515625
vt 0.421875 0.296875
vt 0.453125 0.296875
vt 0.453125 0.2734375
vt 0.421875 0.2734375
vt 0.6563903125 0.546875
vt 0.67059515625 0.51171875
vt 0.64190484375 0.51171875
vt 0.64614328125 0.54658453125
vt 0.75084875 0.42094750000000003
vt 0.7637534375 0.421875
vt 0.76477625 0.39064171875
vt 0.75084875 0.38475625
vt 0.17224203125 0.2578125
vt 0.17224203125 0.28125
vt 0.20275796875 0.274516875
vt 0.20199546875 0.2578125
vt 0.76276265625 0.703125
vt 0.765625 0.68823234375
vt 0.74433828125 0.6831931250000001
vt 0.73763203125 0.703125
vt 0.0098946875 0.203125
vt 0.0210803125 0.19662234374999998
vt 0.02250546875 0.1875
vt 0.00093203125 0.1875
vt 0.65625 0.390625
vt 0.6953125 0.390625
vt 0.6953125 0.3671875
vt 0.65625 0.3671875
vt 0.203290625 0.5276015625
vt 0.252478125 0.525846875
vt 0.253740625 0.5247640625000001
vt 0.2181 0.5043625
vt 0.72265625 0.93721765625
vt 0.72265625 0.921875
vt 0.683563125 0.921875
vt 0.671875 0.9375
vt 0.253740625 0.5247640625000001
vt 0.247325 0.49756609375000005
vt 0.21099265625 0.48828125
vt 0.2215646875 0.5063457812500001
vt 0.7860384375 0.796875
vt 0.80078125 0.78363359375
vt 0.78478640625 0.76871109375
vt 0.78478640625 0.796634375
vt 0.688071875 0.8252734375
vt 0.7036953125 0.8252734375
vt 0.714271875 0.796875
vt 0.688071875 0.8065640625
vt 0.025490625 0.7885071875
vt 0.0406134375 0.68421078125
vt 0 0.683244375
vt 0 0.796875
vt 0.78125 0.65625
vt 0.7680396875 0.64453125
vt 0.74119296875 0.64453125
vt 0.7368675 0.65482046875
vt 0.7512415625 0.35766609375
vt 0.76171875 0.35936406249999997
vt 0.76171875 0.31640625
vt 0.75 0.31733515625
vt 0.22827421875 0.8905484375
vt 0.29083515625 0.890428125
vt 0.29978984375 0.8465
vt 0.22745859375 0.845690625
vt 0.18849140625 0.890625
vt 0.22827421875 0.8905484375
vt 0.22745859375 0.845690625
vt 0.19364921875 0.8480484375
vt 0.57395078125 0.78760171875
vt 0.46906484375 0.777344375
vt 0.53157890625 0.796250625
vt 0.57120203125 0.796875
vt 0.46901796875 0.796094375
vt 0.53157890625 0.796250625
vt 0.46906484375 0.777344375
vt 0.51104875 0.61718765625
vt 0.4401096875 0.6375157812500001
vt 0.55319875 0.62639546875
vt 0.5449534375 0.61745953125
vt 0.43898875 0.62349796875
vt 0.4401096875 0.6375157812500001
vt 0.51104921875 0.6171875
vt 0.4375 0.59375
vt 0.51953125 0.59375
vt 0.51953125 0.56640625
vt 0.4375 0.56640625
vt 0.46875 0.21875
vt 0.4829375 0.21725671874999997
vt 0.4805359375 0.18845046875000004
vt 0.46875 0.18871484375000003
vt 0.77980046875 0.234375
vt 0.78031234375 0.21875
vt 0.75162046875 0.21875
vt 0.75093765625 0.232938125
vt 0.456361875 0.854225
vt 0.46058921875 0.82421875
vt 0.42924515625 0.82922625
vt 0.425126875 0.85787375
vt 0.40942375 0.85783625
vt 0.425126875 0.85787375
vt 0.42924625 0.82921796875
vt 0.40268578125 0.8272371875
vt 0.37534828125 0.825191875
vt 0.37608578125 0.853873125
vt 0.40941703125 0.85780125
vt 0.42924625 0.82921796875
vt 0.40268578125 0.8272371875
vt 0.40942453125 0.85783515625
vt 0.28336171875 0.46677250000000003
vt 0.30377796875 0.49935671875
vt 0.29756109375 0.41677796874999995
vt 0.28215953125 0.45111546874999997
vt 0.288316875 0.5
vt 0.30377796875 0.49935671875
vt 0.283361875 0.46677265625
vt 0.29756109375 0.41677796874999995
vt 0.28359703125 0.41969203125
vt 0.28215953125 0.45111546874999997
vt 0.374974375 0.40312390625000005
vt 0.37454328125 0.3203125
vt 0.36001390625 0.34772125
vt 0.3594271875 0.3742809375
vt 0.36280765625 0.40579046875
vt 0.374974375 0.40312390625000005
vt 0.359400625 0.37423171875000005
vt 0.37454328125 0.3203125
vt 0.36048078125 0.3203125
vt 0.36001359375 0.34772187499999996
vt 0.0015625 0.875
vt 0.0921875 0.875
vt 0.0890625 0.8171875
vt 0.0015625 0.815625
vt 0.16628 0.875
vt 0.1670275 0.78515625
vt 0.11031625 0.78515625
vt 0.11118265625 0.8718878125
vt 0.53303828125 0.65740625
vt 0.53258671875 0.671875
vt 0.62321171875 0.671875
vt 0.62366328125 0.6570281250000001
vt 0.34375 0.3203125
vt 0.328125 0.3203125
vt 0.328125 0.40625
vt 0.34375 0.40625
vt 0.59375 0.34108281250000005
vt 0.609375 0.34375
vt 0.609375 0.28515625
vt 0.59430625 0.28515625
vt 0.6569525 0.34375
vt 0.6711725 0.34103890625
vt 0.671011875 0.28515625
vt 0.6569525 0.28515625
vt 0.48609203125 0.40625
vt 0.5611084375 0.40625
vt 0.55918828125 0.38909875000000005
vt 0.4857665625 0.3906284375
vt 0.21875 0.375
vt 0.21875 0.29998375
vt 0.203125 0.29965828125000005
vt 0.2031575 0.37311234375
vt 0.625 0.640625
vt 0.640625 0.640625
vt 0.640625 0.56640625
vt 0.625 0.56640625
vt 0.234375 0.375
vt 0.25 0.375
vt 0.25 0.30078125
vt 0.234375 0.30078125
vt 0.796875 0.5625
vt 0.8125 0.5625
vt 0.8125 0.546875
vt 0.796875 0.546875
vt 0.796875 0.6696015625
vt 0.8125 0.6696015625
vt 0.8125 0.6538984375
vt 0.796875 0.65234375
vt 0.265625 0.390625
vt 0.30078125 0.390625
vt 0.30078125 0.35546875
vt 0.265625 0.35546875
vt 0.65625 0.451110625
vt 0.65625 0.41507249999999996
vt 0.6305921875 0.4140625
vt 0.625 0.44708171875
vt 0.23046875 0.18325843750000004
vt 0.21989859375 0.18093953124999995
vt 0.21875 0.21685875
vt 0.23046875 0.21875
vt 0.8168890625 0.8593531249999999
vt 0.81875 0.84765625
vt 0.7828125 0.84765625
vt 0.7832953125 0.859375
vt 0.78125 0.371325
vt 0.79296875 0.375
vt 0.79296875 0.34062499999999996
vt 0.78300625 0.344075
vt 0.78216828125 0.49807703125
vt 0.79296875 0.5
vt 0.79296875 0.46658328125000004
vt 0.78125 0.46375796874999997
vt 0.046875 0.609375
vt 0.12109375 0.609375
vt 0.12109375 0.57421875
vt 0.046875 0.57421875
vt 0.297465625 0.5625
vt 0.366596875 0.5625
vt 0.36516875 0.52734375
vt 0.297465625 0.52734375
vt 0.171875 0.46875
vt 0.19140625 0.46875
vt 0.19140625 0.39531249999999996
vt 0.17366875 0.39964374999999996
vt 0.080515625 0.4786
vt 0.09765625 0.484375
vt 0.09765625 0.41015625
vt 0.078125 0.41015625
vt 0.578125 0.265625
vt 0.59375 0.265625
vt 0.59375 0.23046875
vt 0.578346875 0.23046875
vt 0.21875 0.28125
vt 0.23828125 0.28125
vt 0.23828125 0.24609375
vt 0.21875 0.24609375
vt 0.390625 0.703125
vt 0.46484375 0.703125
vt 0.46484375 0.66796875
vt 0.390625 0.66796875
vt 0.40625 0.9375
vt 0.4765625 0.9375
vt 0.4765625 0.90234375
vt 0.40625 0.90234375
vt 0.03125 0.484375
vt 0.05078125 0.484375
vt 0.05078125 0.40937500000000004
vt 0.03304375 0.41370625000000005
vt 0.12679375 0.48004375
vt 0.14453125 0.484375
vt 0.14453125 0.41015625
vt 0.125 0.41015625
vt 0.65625 0.265625
vt 0.671875 0.265625
vt 0.671875 0.23046875
vt 0.65625 0.23046875
vt 0.71875 0.625
vt 0.73828125 0.625
vt 0.73828125 0.58984375
vt 0.71875 0.58984375
vt 0.29908890625 0.6875
vt 0.37206390625 0.6792690625
vt 0.373434375 0.6484375
vt 0.298440625 0.6484375
vt 0.203125 0.59375
vt 0.2734375 0.59375
vt 0.2734375 0.55859375
vt 0.203125 0.55859375
vt 0.5970590625 0.6912209375
vt 0.5787221875 0.6921875
vt 0.5787221875 0.765625
vt 0.593693125 0.7614090625000001
vt 0.43929375 0.48004375
vt 0.45703125 0.484375
vt 0.45703125 0.41015625
vt 0.4375 0.41015625
vt 0.72015703125 0.38407375
vt 0.734375 0.390625
vt 0.734375 0.34977515625
vt 0.71875 0.35050953124999995
vt 0.7191125 0.5615015624999999
vt 0.73828125 0.5625
vt 0.73828125 0.52734375
vt 0.71875 0.52734375
vt 0.09375 1
vt 0.16015625 1
vt 0.16015625 0.8984375
vt 0.09375 0.8984375
vt 0 1
vt 0.07421875 1
vt 0.07421875 0.8984375
vt 0 0.8984375
vt 0.547265625 0.953125
vt 0.566015625 0.953125
vt 0.5636234375 0.8854609375
vt 0.547265625 0.8796875
vt 0.219140625 0.46875
vt 0.2354984375 0.46297656249999997
vt 0.237890625 0.39453125
vt 0.219140625 0.39453125
vt 0 0.484375
vt 0.015625 0.484375
vt 0.015625 0.3828125
vt 0 0.3828125
vt 0.51953125 0.9375
vt 0.5 0.9375
vt 0.5 0.8359375
vt 0.51953125 0.8359375
vt 0.359375 0.765625
vt 0.44140625 0.765625
vt 0.44140625 0.73046875
vt 0.359375 0.73046875
vt 0.296875 0.625
vt 0.375 0.625
vt 0.375 0.58984375
vt 0.296875 0.58984375
vt 0.03125 0.34375
vt 0.04296875 0.34375
vt 0.04296875 0.26093750000000004
vt 0.03125 0.265625
vt 0.0625 0.33906250000000004
vt 0.07421875 0.34375
vt 0.07421875 0.26171875
vt 0.0625 0.26171875
vt 0.609375 0.21875
vt 0.62109375 0.21875
vt 0.62109375 0.18359375
vt 0.609375 0.18359375
vt 0.78125 0.4375
vt 0.79296875 0.4375
vt 0.79296875 0.40234375
vt 0.78125 0.40234375
vt 0.5226559375 0.5
vt 0.520770625 0.4296875
vt 0.50306265625 0.4296875
vt 0.5 0.4998940625
vt 0.5023128125 0.546875
vt 0.5768871875 0.53889875
vt 0.57623765625 0.5234375
vt 0.5012378125 0.5234375
vt 0.3515625 0.42425328124999995
vt 0.33433 0.42860734375
vt 0.328125 0.5
vt 0.3515625 0.49885375
vt 0.509738125 0.67578125
vt 0.48543578125 0.67578125
vt 0.49438875 0.74622328125
vt 0.51065796875 0.75
vt 0.734375 0.49609843750000004
vt 0.7578125 0.5
vt 0.7578125 0.47734374999999996
vt 0.7345640625 0.48155781249999996
vt 0.801115625 0.26555593749999995
vt 0.80377859375 0.25
vt 0.78125 0.25
vt 0.78340859375 0.265625
vt 0.265625 0.765625
vt 0.33203125 0.765625
vt 0.33203125 0.71484375
vt 0.265625 0.71484375
vt 0.265625 1
vt 0.33984375 1
vt 0.33984375 0.94921875
vt 0.265625 0.94921875
vt 0.547265625 0.5
vt 0.566015625 0.5
vt 0.5636234375 0.4323359375
vt 0.547265625 0.42656249999999996
vt 0.531640625 0.765625
vt 0.5479984375 0.7598515625
vt 0.550390625 0.69140625
vt 0.531640625 0.69140625
vt 0.6875 0.90625
vt 0.703125 0.90625
vt 0.703125 0.85546875
vt 0.6875 0.85546875
vt 0.46875 0.359375
vt 0.48828125 0.359375
vt 0.48828125 0.30859375
vt 0.46875 0.30859375
vt 0.84375 0.796875
vt 0.828125 0.796875
vt 0.828125 0.78515625
vt 0.84375 0.78515625
vt 0.84375 0.828125
vt 0.828125 0.828125
vt 0.828125 0.81640625
vt 0.84375 0.81640625
vt 0.6704853125 0.828125
vt 0.599915 0.828125
vt 0.5951396875 0.8125221874999999
vt 0.67012296875 0.81094125
vt 0.10546875 0.38828125
vt 0.03125 0.38828125
vt 0.0356953125 0.37258125
vt 0.10546875 0.37109375
vt 0.44921875 0.796875
vt 0.375 0.796875
vt 0.375 0.78515625
vt 0.44921875 0.78515625
vt 0.7421875 0.96875
vt 0.671875 0.96875
vt 0.671875 0.95703125
vt 0.7421875 0.95703125
vt 0.83984375 0.30111265625000005
vt 0.83984375 0.3125
vt 0.828125 0.31109875
vt 0.82843359375 0.3018546875
vt 0.84151671875 0.54474546875
vt 0.8289740625 0.546875
vt 0.8289740625 0.53515625
vt 0.84375 0.53515625
vt 0.5294259375 0.22728031250000003
vt 0.5273765625 0.275674375
vt 0.5174490625 0.28125
vt 0.5174490625 0.23050765625000003
vt 0.26728203125 0.32755999999999996
vt 0.26728203125 0.27734375
vt 0.2768225 0.27921125
vt 0.28349921875 0.322206875
vt 0.72341359375 0.41850921875
vt 0.67259171875 0.41850921875
vt 0.6756296875 0.40638421874999997
vt 0.72584578125 0.40625
vt 0.765625 0.734375
vt 0.71875 0.734375
vt 0.7238671875 0.7215921875
vt 0.765625 0.7226703125
vt 0.734375 0.328125
vt 0.71875 0.328125
vt 0.71875 0.2890625
vt 0.734375 0.2890625
vt 0.7578125 0.763290625
vt 0.7578125 0.78125
vt 0.71875 0.77973015625
vt 0.71932140625 0.7644690625
vt 0.0966609375 0.18971875000000005
vt 0.0947453125 0.203125
vt 0.0791203125 0.203125
vt 0.0791203125 0.18595937500000004
vt 0.515625 0.203125
vt 0.5 0.203125
vt 0.5 0.1875
vt 0.515625 0.1875
vt 0.703125 0.28125
vt 0.6875 0.28125
vt 0.6875 0.2421875
vt 0.703125 0.2421875
vt 0.48828125 0.28125
vt 0.47475078125 0.28069718749999995
vt 0.47091296875 0.2421875
vt 0.48791984375 0.2421875
vt 0.5625 0.59375
vt 0.546875 0.59375
vt 0.546875 0.5625
vt 0.5625 0.5625
vt 0.359375 0.234375
vt 0.34375 0.234375
vt 0.34375 0.203125
vt 0.359375 0.203125
vt 0.59375 0.203125
vt 0.578125 0.203125
vt 0.578125 0.1875
vt 0.59375 0.1875
vt 0.65625 0.203125
vt 0.640625 0.203125
vt 0.640625 0.1875
vt 0.65625 0.1875
vt 0.78125 0.625
vt 0.765625 0.625
vt 0.765625 0.59375
vt 0.78125 0.59375
vt 0.78125 0.578125
vt 0.765625 0.578125
vt 0.765625 0.546875
vt 0.78125 0.546875
vt 0.453125 0.390625
vt 0.4375 0.390625
vt 0.4375 0.3125
vt 0.453125 0.3125
vt 0.609375 0.453125
vt 0.59375 0.453125
vt 0.59375 0.37109375
vt 0.609375 0.37109375
vt 0.84375 0.66015625
vt 0.84375 0.671875
vt 0.828125 0.671875
vt 0.828125 0.66015625
vt 0.84375 0.62890625
vt 0.84375 0.640625
vt 0.828125 0.640625
vt 0.828125 0.62890625
vt 0.72265625 0.98659984375
vt 0.72265625 1
vt 0.64666609375 0.999589375
vt 0.640625 0.98771765625
vt 0.63951265625 0.390625
vt 0.62611234375 0.390625
vt 0.6272303125 0.3080225
vt 0.639101875 0.31406359375000004
vt 0.66939140625 0.640625
vt 0.65689140625 0.640625
vt 0.65689140625 0.5765625
vt 0.67123359375 0.575215625
vt 0.73046875 0.90625
vt 0.71875 0.90625
vt 0.71875 0.84375
vt 0.73046875 0.84375
vt 0.84375 0.609375
vt 0.828125 0.609375
vt 0.828125 0.59765625
vt 0.84375 0.59765625
vt 0.7519603125 0.203125
vt 0.75 0.1875
vt 0.765625 0.1875
vt 0.765625 0.20304578124999995
vt 0.015625 0.359375
vt 0 0.359375
vt 0 0.29394062499999996
vt 0.015625 0.29533750000000003
vt 0.53125 0.359375
vt 0.515625 0.359375
vt 0.515625 0.296875
vt 0.53125 0.296875
vt 0.30859375 0.203125
vt 0.296875 0.203125
vt 0.296875 0.1796875
vt 0.30859375 0.1796875
vt 0.8203125 0.984375
vt 0.807514375 0.99697328125
vt 0.7971415625 0.984375
vt 0.800599375 0.1875
vt 0.781431875 0.18535515624999999
vt 0.78221671875 0.17578125
vt 0.79861515625 0.17578125
vt 0.156640625 0.17109375000000004
vt 0.156640625 0.16015625
vt 0.175390625 0.16015625
vt 0.7996 0.30143906249999997
vt 0.78243125 0.3125
vt 0.78243125 0.290625
vt 0.14437109375 0.21326343749999999
vt 0.12516015625 0.21496468749999997
vt 0.12516015625 0.1917934375
vt 0.14389203125 0.19140625
vt 0.2796875 0.25
vt 0.2671875 0.25
vt 0.2671875 0.20781249999999996
vt 0.2778734375 0.20703749999999999
vt 0.7991503125 0.5227948437500001
vt 0.808358125 0.53125
vt 0.765860625 0.53125
vt 0.7770175 0.5203109375
vt 0.8142909375 0.69140625
vt 0.8341465625 0.69140625
vt 0.8329484375 0.703125
vt 0.81805421875 0.69944765625
vt 0.828125 0.56640625
vt 0.84375 0.56640625
vt 0.84375 0.5770203125
vt 0.828125 0.578125
vt 0.70703125 0.68693890625
vt 0.68970125 0.6875
vt 0.68970125 0.64453125
vt 0.70674828125 0.64453125
vt 0.1424296875 0.28125
vt 0.125 0.27173828125
vt 0.125 0.24946640625000005
vt 0.14171703125 0.23928109374999995
vt 0.828125 0.78515625
vt 0.828125 0.796875
vt 0.84375 0.796875
vt 0.84375 0.78515625
vt 0.828125 0.81640625
vt 0.828125 0.828125
vt 0.84375 0.828125
vt 0.84375 0.81640625
vt 0.5951396875 0.8125221874999999
vt 0.599915 0.828125
vt 0.6704853125 0.828125
vt 0.67012296875 0.81094125
vt 0.0356953125 0.37258125
vt 0.03125 0.38828125
vt 0.10546875 0.38828125
vt 0.10546875 0.37109375
vt 0.375 0.78515625
vt 0.375 0.796875
vt 0.44921875 0.796875
vt 0.44921875 0.78515625
vt 0.671875 0.95703125
vt 0.671875 0.96875
vt 0.7421875 0.96875
vt 0.7421875 0.95703125
vt 0.828125 0.31109875
vt 0.83984375 0.3125
vt 0.83984375 0.30111265625000005
vt 0.82843359375 0.3018546875
vt 0.8289740625 0.53515625
vt 0.8289740625 0.546875
vt 0.84151671875 0.54474546875
vt 0.84375 0.53515625
vt 0.5174490625 0.28125
vt 0.5273765625 0.275674375
vt 0.5294259375 0.22728031250000003
vt 0.5174490625 0.23050765625000003
vt 0.2768225 0.27921125
vt 0.26728203125 0.27734375
vt 0.26728203125 0.32755999999999996
vt 0.28349921875 0.322206875
vt 0.6756296875 0.40638421874999997
vt 0.67259171875 0.41850921875
vt 0.72341359375 0.41850921875
vt 0.72584578125 0.40625
vt 0.7238671875 0.7215921875
vt 0.71875 0.734375
vt 0.765625 0.734375
vt 0.765625 0.7226703125
vt 0.71875 0.2890625
vt 0.71875 0.328125
vt 0.734375 0.328125
vt 0.734375 0.2890625
vt 0.71875 0.77973015625
vt 0.7578125 0.78125
vt 0.7578125 0.763290625
vt 0.71932140625 0.7644690625
vt 0.0791203125 0.203125
vt 0.0947453125 0.203125
vt 0.0966609375 0.18971875000000005
vt 0.0791203125 0.18595937500000004
vt 0.5 0.1875
vt 0.5 0.203125
vt 0.515625 0.203125
vt 0.515625 0.1875
vt 0.6875 0.2421875
vt 0.6875 0.28125
vt 0.703125 0.28125
vt 0.703125 0.2421875
vt 0.47091296875 0.2421875
vt 0.47475078125 0.28069718749999995
vt 0.48828125 0.28125
vt 0.48791984375 0.2421875
vt 0.546875 0.5625
vt 0.546875 0.59375
vt 0.5625 0.59375
vt 0.5625 0.5625
vt 0.34375 0.203125
vt 0.34375 0.234375
vt 0.359375 0.234375
vt 0.359375 0.203125
vt 0.578125 0.1875
vt 0.578125 0.203125
vt 0.59375 0.203125
vt 0.59375 0.1875
vt 0.640625 0.1875
vt 0.640625 0.203125
vt 0.65625 0.203125
vt 0.65625 0.1875
vt 0.765625 0.59375
vt 0.765625 0.625
vt 0.78125 0.625
vt 0.78125 0.59375
vt 0.765625 0.546875
vt 0.765625 0.578125
vt 0.78125 0.578125
vt 0.78125 0.546875
vt 0.4375 0.3125
vt 0.4375 0.390625
vt 0.453125 0.390625
vt 0.453125 0.3125
vt 0.59375 0.37109375
vt 0.59375 0.453125
vt 0.609375 0.453125
vt 0.609375 0.37109375
vt 0.828125 0.671875
vt 0.84375 0.671875
vt 0.84375 0.66015625
vt 0.828125 0.66015625
vt 0.828125 0.640625
vt 0.84375 0.640625
vt 0.84375 0.62890625
vt 0.828125 0.62890625
vt 0.64666609375 0.999589375
vt 0.72265625 1
vt 0.72265625 0.98659984375
vt 0.640625 0.98771765625
vt 0.6272303125 0.3080225
vt 0.62611234375 0.390625
vt 0.63951265625 0.390625
vt 0.639101875 0.31406359375000004
vt 0.65689140625 0.5765625
vt 0.65689140625 0.640625
vt 0.66939140625 0.640625
vt 0.67123359375 0.575215625
vt 0.71875 0.84375
vt 0.71875 0.90625
vt 0.73046875 0.90625
vt 0.73046875 0.84375
vt 0.828125 0.59765625
vt 0.828125 0.609375
vt 0.84375 0.609375
vt 0.84375 0.59765625
vt 0.765625 0.1875
vt 0.75 0.1875
vt 0.7519603125 0.203125
vt 0.765625 0.20304578124999995
vt 0 0.29394062499999996
vt 0 0.359375
vt 0.015625 0.359375
vt 0.015625 0.29533750000000003
vt 0.515625 0.296875
vt 0.515625 0.359375
vt 0.53125 0.359375
vt 0.53125 0.296875
vt 0.296875 0.1796875
vt 0.296875 0.203125
vt 0.30859375 0.203125
vt 0.30859375 0.1796875
vt 0.807514375 0.99697328125
vt 0.8203125 0.984375
vt 0.7971415625 0.984375
vt 0.78221671875 0.17578125
vt 0.781431875 0.18535515624999999
vt 0.800599375 0.1875
vt 0.79861515625 0.17578125
vt 0.156640625 0.16015625
vt 0.156640625 0.17109375000000004
vt 0.175390625 0.16015625
vt 0.78243125 0.3125
vt 0.7996 0.30143906249999997
vt 0.78243125 0.290625
vt 0.12516015625 0.1917934375
vt 0.12516015625 0.21496468749999997
vt 0.14437109375 0.21326343749999999
vt 0.14389203125 0.19140625
vt 0.2671875 0.20781249999999996
vt 0.2671875 0.25
vt 0.2796875 0.25
vt 0.2778734375 0.20703749999999999
vt 0.765860625 0.53125
vt 0.808358125 0.53125
vt 0.7991503125 0.5227948437500001
vt 0.7770175 0.5203109375
vt 0.8329484375 0.703125
vt 0.8341465625 0.69140625
vt 0.8142909375 0.69140625
vt 0.81805421875 0.69944765625
vt 0.84375 0.5770203125
vt 0.84375 0.56640625
vt 0.828125 0.56640625
vt 0.828125 0.578125
vt 0.68970125 0.64453125
vt 0.68970125 0.6875
vt 0.70703125 0.68693890625
vt 0.70674828125 0.64453125
vt 0.125 0.24946640625000005
vt 0.125 0.27173828125
vt 0.1424296875 0.28125
vt 0.14171703125 0.23928109374999995
vt 0.078125 0.765625
vt 0.078125 0.796875
vt 0.046875 0.796875
vt 0.046875 0.765625
vt 0.671875 0.84375
vt 0.671875 0.875
vt 0.640625 0.875
vt 0.640625 0.84375
vt 0.8046875 0.203125
vt 0.8046875 0.234375
vt 0.796875 0.234375
vt 0.796875 0.203125
vt 0.8203125 0.9375
vt 0.8203125 0.96875
vt 0.8125 0.96875
vt 0.8125 0.9375
vt 0.8203125 0.890625
vt 0.8203125 0.921875
vt 0.8125 0.921875
vt 0.8125 0.890625
vt 0.2578125 0.15625
vt 0.2578125 0.1875
vt 0.25 0.1875
vt 0.25 0.15625
vt 0.59765625 0.57421875
vt 0.59765625 0.640625
vt 0.578125 0.640625
vt 0.578125 0.57421875
vt 0.61328125 0.88671875
vt 0.61328125 0.953125
vt 0.59375 0.953125
vt 0.59375 0.88671875
vt 0.4765625 0.15234375
vt 0.4765625 0.171875
vt 0.46875 0.171875
vt 0.46875 0.15234375
vt 0.5078125 0.15234375
vt 0.5078125 0.171875
vt 0.5 0.171875
vt 0.5 0.15234375
vt 0.3828125 0.18359375
vt 0.3828125 0.25
vt 0.375 0.25
vt 0.375 0.18359375
vt 0.4140625 0.18359375
vt 0.4140625 0.25
vt 0.40625 0.25
vt 0.40625 0.18359375
vt 0.10546875 0.6328125
vt 0.10546875 0.703125
vt 0.0625 0.703125
vt 0.0625 0.6328125
vt 0.27734375 0.6171875
vt 0.27734375 0.6875
vt 0.234375 0.6875
vt 0.234375 0.6171875
vt 0.6953125 0.17578125
vt 0.6953125 0.21875
vt 0.6875 0.21875
vt 0.6875 0.17578125
vt 0.0546875 0.16015625
vt 0.0546875 0.203125
vt 0.046875 0.203125
vt 0.046875 0.16015625
vt 0.7265625 0.1953125
vt 0.7265625 0.265625
vt 0.71875 0.265625
vt 0.71875 0.1953125
vt 0.24114296875 0.828125
vt 0.18886640625 0.828125
vt 0.18886640625 0.7421875
vt 0.24472734375 0.7421875
vt 0.24609375 1
vt 0.1875 1
vt 0.1881046875 0.9140625
vt 0.24609375 0.9140625
vt 0.7889109375 0.75
vt 0.7814015625 0.7487364062499999
vt 0.7814015625 0.69646109375
vt 0.7878015625 0.6919817187499999
vt 0.790971875 0.9363390625
vt 0.783159375 0.9363390625
vt 0.7835984375 0.8804296875
vt 0.791059375 0.87890625
vt 0.03125 0.65625
vt 0 0.65625
vt 0.0043015625 0.5703125
vt 0.03125 0.575
vt 0.42109375 0.640625
vt 0.39140625 0.640625
vt 0.39140625 0.559375
vt 0.421046875 0.5546875
vt 0.8203125 0.75
vt 0.8125 0.75
vt 0.8125 0.71875
vt 0.8203125 0.71875
vt 0.8203125 0.358125
vt 0.8125 0.358125
vt 0.81260625 0.332309375
vt 0.8191578125 0.328125
vt 0.10546875 0.34375
vt 0.09375 0.34375
vt 0.09375 0.26249999999999996
vt 0.10546875 0.271875
vt 0.140625 0.390625
vt 0.125 0.390625
vt 0.125 0.318746875
vt 0.140625 0.3093765625
vt 0.8359375 0.28125
vt 0.828125 0.28125
vt 0.830071875 0.270109375
vt 0.8359375 0.265625
vt 0.737688125 0.1644584375
vt 0.73344125 0.1710159375
vt 0.71875 0.1710159375
vt 0.719786875 0.1640625
vt 0.7573828125 0.9375
vt 0.75 0.9375
vt 0.75 0.8671875
vt 0.75780625 0.8671875
vt 0.0625 0.703125
vt 0.10546875 0.703125
vt 0.10546875 0.6328125
vt 0.0625 0.6328125
vt 0.234375 0.6875
vt 0.27734375 0.6875
vt 0.27734375 0.6171875
vt 0.234375 0.6171875
vt 0.6875 0.21875
vt 0.6953125 0.21875
vt 0.6953125 0.17578125
vt 0.6875 0.17578125
vt 0.046875 0.203125
vt 0.0546875 0.203125
vt 0.0546875 0.16015625
vt 0.046875 0.16015625
vt 0.71875 0.265625
vt 0.7265625 0.265625
vt 0.7265625 0.1953125
vt 0.71875 0.1953125
vt 0.09375 0.26249999999999996
vt 0.09375 0.34375
vt 0.10546875 0.34375
vt 0.10546875 0.271875
vt 0.125 0.318746875
vt 0.125 0.390625
vt 0.140625 0.390625
vt 0.140625 0.3093765625
vt 0.830071875 0.270109375
vt 0.828125 0.28125
vt 0.8359375 0.28125
vt 0.8359375 0.265625
vt 0.71875 0.1710159375
vt 0.73344125 0.1710159375
vt 0.737688125 0.1644584375
vt 0.719786875 0.1640625
vt 0.75 0.8671875
vt 0.75 0.9375
vt 0.7573828125 0.9375
vt 0.75780625 0.8671875
vt 0.0043015625 0.5703125
vt 0 0.65625
vt 0.03125 0.65625
vt 0.03125 0.575
vt 0.39140625 0.559375
vt 0.39140625 0.640625
vt 0.42109375 0.640625
vt 0.421046875 0.5546875
vt 0.8125 0.71875
vt 0.8125 0.75
vt 0.8203125 0.75
vt 0.8203125 0.71875
vt 0.81260625 0.332309375
vt 0.8125 0.358125
vt 0.8203125 0.358125
vt 0.8191578125 0.328125
vt 0.18886640625 0.7421875
vt 0.18886640625 0.828125
vt 0.24114296875 0.828125
vt 0.24472734375 0.7421875
vt 0.1881046875 0.9140625
vt 0.1875 1
vt 0.24609375 1
vt 0.24609375 0.9140625
vt 0.7814015625 0.69646109375
vt 0.7814015625 0.7487364062499999
vt 0.7889109375 0.75
vt 0.7878015625 0.6919817187499999
vt 0.7835984375 0.8804296875
vt 0.783159375 0.9363390625
vt 0.790971875 0.9363390625
vt 0.791059375 0.87890625
vt 0.671875 0.65625
vt 0.671875 0.6875
vt 0.640625 0.6875
vt 0.640625 0.65625
vt 0.578125 0.328125
vt 0.578125 0.359375
vt 0.546875 0.359375
vt 0.546875 0.328125
vt 0.3359375 0.15625
vt 0.3359375 0.1875
vt 0.328125 0.1875
vt 0.328125 0.15625
vt 0.8203125 0.46875
vt 0.8203125 0.5
vt 0.8125 0.5
vt 0.8125 0.46875
vt 0.8203125 0.421875
vt 0.8203125 0.453125
vt 0.8125 0.453125
vt 0.8125 0.421875
vt 0.8203125 0.375
vt 0.8203125 0.40625
vt 0.8125 0.40625
vt 0.8125 0.375
vt 0.41015625 0.33984375
vt 0.41015625 0.40625
vt 0.390625 0.40625
vt 0.390625 0.33984375
vt 0.61328125 0.48046875
vt 0.61328125 0.546875
vt 0.59375 0.546875
vt 0.59375 0.48046875
vt 0.5859375 0.15234375
vt 0.5859375 0.171875
vt 0.578125 0.171875
vt 0.578125 0.15234375
vt 0.6484375 0.15234375
vt 0.6484375 0.171875
vt 0.640625 0.171875
vt 0.640625 0.15234375
vt 0.4453125 0.18359375
vt 0.4453125 0.25
vt 0.4375 0.25
vt 0.4375 0.18359375
vt 0.5546875 0.18359375
vt 0.5546875 0.25
vt 0.546875 0.25
vt 0.546875 0.18359375
vt 0.25 0.703125
vt 0.25 0.71875
vt 0.234375 0.71875
vt 0.234375 0.703125
vt 0.8125 0.8125
vt 0.8125 0.828125
vt 0.796875 0.828125
vt 0.796875 0.8125
vt 0.75 1
vt 0.75 0.984375
vt 0.78125 0.984375
vt 0.78125 1
vt 0.03125 0.21875
vt 0.03125 0.234375
vt 0.0625 0.234375
vt 0.0625 0.21875
vt 0.359375 0.84375
vt 0.359375 0.859375
vt 0.328125 0.859375
vt 0.328125 0.84375
vt 0.296875 0.90625
vt 0.296875 0.921875
vt 0.265625 0.921875
vt 0.265625 0.90625
vt 0.046875 0.5
vt 0.046875 0.546875
vt 0 0.546875
vt 0 0.5
vt 0.109375 0.5
vt 0.109375 0.546875
vt 0.0625 0.546875
vt 0.0625 0.5
vt 0.390625 0.3125
vt 0.390625 0.265625
vt 0.40625 0.265625
vt 0.40625 0.3125
vt 0.6875 0.515625
vt 0.6875 0.5625
vt 0.703125 0.5625
vt 0.703125 0.515625
vt 0.703125 0.578125
vt 0.703125 0.625
vt 0.6875 0.625
vt 0.6875 0.578125
vt 0.21875 0.609375
vt 0.21875 0.65625
vt 0.203125 0.65625
vt 0.203125 0.609375
vt 0.8125 0.609375
vt 0.8125 0.625
vt 0.796875 0.625
vt 0.796875 0.609375
vt 0.8125 0.578125
vt 0.8125 0.59375
vt 0.796875 0.59375
vt 0.796875 0.578125
vt 0.171875 0.234375
vt 0.171875 0.21875
vt 0.203125 0.21875
vt 0.203125 0.234375
vt 0.296875 0.21875
vt 0.296875 0.234375
vt 0.328125 0.234375
vt 0.328125 0.21875
vt 0.109375 0.21875
vt 0.109375 0.234375
vt 0.078125 0.234375
vt 0.078125 0.21875
vt 0.796875 0.953125
vt 0.796875 0.96875
vt 0.765625 0.96875
vt 0.765625 0.953125
vt 0.484375 0.5
vt 0.484375 0.546875
vt 0.4375 0.546875
vt 0.4375 0.5
vt 0.515625 0.953125
vt 0.515625 1
vt 0.46875 1
vt 0.46875 0.953125
vt 0.3125 0.296875
vt 0.3125 0.25
vt 0.328125 0.25
vt 0.328125 0.296875
vt 0.34375 0.25
vt 0.34375 0.296875
vt 0.359375 0.296875
vt 0.359375 0.25
vt 0.703125 0.296875
vt 0.703125 0.34375
vt 0.6875 0.34375
vt 0.6875 0.296875
vt 0.5625 0.265625
vt 0.5625 0.3125
vt 0.546875 0.3125
vt 0.546875 0.265625
vn 0.9897923552883725 0.13271325235897097 -0.051945029223213465
vn 0.15214481030905355 -0.8559640475077689 0.4941432040108821
vn -0.38183743141521276 0.860646496754056 -0.3368794793323029
vn 0.06463940742075953 -0.8991513886820998 0.43283776087507086
vn -0.26810995695472883 0.734874330651081 0.6229580797548572
vn -0.06998872543893327 -0.2707443310403347 -0.9601036847762618
vn 0.5631402605698271 0.18753046264532405 0.8048014491198299
vn 0.9980548527311145 0.03420269169663795 -0.05212184590532412
vn 0.19764656847847634 -0.5120644479823682 0.8358982205275927
vn 5.789871253961123e-7 0.43050900039956885 0.9025862842823555
vn 0.1405072962154862 -0.9616664452889397 -0.23548959152274365
vn -0.10704771943716587 -0.7135890109651629 0.6923377132534834
vn -0.2829103615722052 0.32656857241091575 -0.9018396170209981
vn -0.30444439792617833 -0.6970454965621989 -0.6491850154568606
vn 0.9979550482715447 0.03293846918497308 0.05477936543160758
vn -8.222188414948544e-7 0.4305146688988234 -0.902583580541027
vn -4.040291063182629e-8 -0.9998476493861266 -0.01745502841692584
vn -0.32797631819413764 0.4928474874308443 0.8059360327202907
vn 0.9981347984218669 -0.061048539534857615 -2.0469737016526324e-16
vn 0.18701231436738058 -0.01143816314711535 0.982290976594398
vn -0.04917971725971977 0.20565603895843132 -0.9773878191640115
vn -0.9958389080489258 0.09102928314440867 -0.004305673714783163
vn -0.1780920180967161 0.9690229150459285 0.17110763631740725
vn 0.12197100738458844 -0.9925336635890939 -2.7755575615628914e-16
vn -0.9973166710915351 0.07158595252403667 0.015326740166298206
vn -0.998305586433259 0.055795317028614844 0.016517829573626602
vn 0.2887807432585092 0.9543384337556156 -0.07644498793211975
vn -0.10727234011172085 0.9916901058074538 -0.07101675218254237
vn 0.12478408039416794 -0.9921836004281974 0.000797697637556577
vn 0.12478555085813736 -0.9921834147752462 0.0007985874800849892
vn 0.9958238794325225 -0.07975478365895426 0.04442944559044915
vn -0.8716043403014038 0.4264990961198775 -0.241670012572273
vn 0.05311912980337781 0.9159254537037498 -0.39781769858380156
vn -0.012253189716472377 -0.9170051452117175 0.3986871241926544
vn 0.34832360936573753 0.34377189109202805 0.8720616664281465
vn -0.001149541014287422 0.08565600634075878 -0.9963241074736717
vn 0.9958238794325227 -0.07975478365895138 -0.04442944559045007
vn -0.9999999989521078 0.00004090274329804697 0.000020560892721658677
vn 0.09085314133811859 0.9135624053283938 0.39642078436882633
vn -0.8240948506005481 -0.5223582359606962 -0.21911081793852616
vn 0.5967961134533596 -0.36861639784414796 0.7127105655224776
vn -0.054753119090709686 -0.132316890595769 -0.9896940620277087
vn 0.9553336143285022 0.025561306332784042 -0.29442198449267026
vn 0.438342406368352 -0.8833123730833036 0.16617817647677358
vn -0.27132693092891735 0.9622138411504663 -0.022939495442580646
vn -0.9386565047863862 -0.006019424072703507 0.34480100428513577
vn -0.9368704451133897 -0.006099239900373463 0.34962346652602816
vn 0.7672617004837694 -0.09897800817913441 0.6336504058766521
vn 0.9238791452977899 -0.006678291331179616 0.3826260907318286
vn -0.054468612910000914 -0.004766614338306719 -0.9985041059481982
vn 0.000007441711581568802 0.006243102768891425 -0.9999805116163205
vn 0.8788171126619659 -0.4771587602596077 2.775557561562892e-16
vn -0.1230095671503609 0.0667887455943451 0.990155497814063
vn -0.030265640589754512 0.042340598847385065 -0.9986447139443221
vn -0.8995094086195332 0.4294633300672994 0.0802749770005817
vn -0.9181922636432827 0.39613485617259947 -0.0003777707490221217
vn -0.9007258466416741 0.43417977566408184 -0.013448851100638193
vn -0.9207153903814562 0.3901123159173462 -0.009775013264839873
vn 0.6438548828004403 0.7651476262094993 -1.9428902930940244e-16
vn 0.45450081141349397 0.8831261013369834 -0.11626393061399559
vn 0.4804486887775581 0.8705629725479955 0.10625049778859127
vn -0.5948950904898439 -0.8038033536326411 1.1102230246251568e-16
vn -0.44624162101565196 -0.8818373510076797 -0.15241818146494834
vn -0.4758310601134371 -0.8763717931873684 0.07454718195129265
vn 1 -6.356540949190192e-16 5.2260078187263776e-17
vn -0.999945119422305 -0.009553893326315916 -0.004298984277884346
vn -0.18599198098859535 0.9825512622799576 -2.498001805406602e-16
vn -1.77995406303866e-15 -0.9998405993454449 -0.017854296416882496
vn 0.030900940158924375 3.053113317719181e-16 0.9995224519225643
vn -0.022538278850366918 -0.04849442593542297 -0.9985691346319777
vn 1 4.453633429556401e-16 -1.0591203369587905e-16
vn -1 -2.556180122569956e-16 -9.302221857743148e-17
vn 2.390616586927671e-15 0.9997830567281122 0.020828813681834896
vn -1.890736482595963e-15 -1 -2.775557561562892e-17
vn -4.722570150734184e-16 -8.326672684688674e-16 1
vn 3.123952143986419e-16 -0.09950371902099808 -0.9950371902099894
vn 0.9707983562376823 -0.007949360924710082 0.23976521679989973
vn -0.9574799198773379 0.08424463181045425 -0.27592579626197966
vn -0.026521901987663417 -0.02502664205760955 0.9993349067766407
vn -0.05880345455530284 0.025161770520618555 -0.9979524232330068
vn 0.1161254251253856 -0.993225394644154 0.0042662716056110495
vn -0.18896928624601336 0.9815261742521575 0.029949592878633698
vn -0.38268343236508856 0.8338800705567155 -0.3977403908601713
vn 0.40645634924478113 -0.8326277956826876 0.376197009577686
vn 8.046330921637873e-16 0.4305110968082943 0.9025852843498612
vn 4.027344471160706e-16 -0.43051109680829563 -0.9025852843498604
vn 0.9898450380519398 0.12830306373402264 -0.06119742217134103
vn -0.9238795325112876 -0.34540443461722403 0.1647494641978566
vn -0.3826834323650911 0.9159756150367535 -0.12059047744873616
vn 0.40600485771246086 -0.9060526260156628 0.11928409116058236
vn -6.801008110058269e-16 0.13052619222005274 0.9914448613738104
vn -2.358331843099275e-16 -0.13052619222004969 -0.9914448613738107
vn 0.9898438083167671 0.1409429978489479 -0.018555497684268032
vn -0.9238795325112862 -0.37940952255126237 0.04995021125231496
vn -0.3696735302294467 0.9168302193108715 0.15087687034823358
vn 0.4060028384437622 -0.9038337226144509 -0.13507885489784235
vn -0.12619305177963794 -0.1314551657454159 0.9832572669863098
vn 1.2595647396597015e-16 0.1478094111296113 -0.9890158633619168
vn 0.9879536184899605 0.15194331495993288 0.029340701279627415
vn -0.9498827593157121 -0.30917266048435715 -0.04620616369916066
vn 0.4150830107590696 0.015877912153425325 -0.9096449780462895
vn -0.3826834323650899 -0.016123921100474423 0.9237388211835743
vn 1.4468817678012577e-15 0.9998476951563914 0.017452406437282023
vn -1.1138148604137106e-15 -0.9998476951563913 -0.01745240643728274
vn 0.9985764263709718 -0.0009309056492268072 0.05333154892605056
vn -0.9238795325112874 0.006678746798450515 -0.3826251478247705
vn -0.43050382601490295 0.016124433987473655 -0.9024447121098964
vn 0.4305038260149029 -0.0161244339874731 0.9024447121098965
vn 0.0009136684112914275 0.9998476873098645 0.01742892398140533
vn -0.0009136684112960907 -0.9998476873098645 -0.01742892398141341
vn 0.9991933059588766 -0.00021304722756181928 -0.0401583358451256
vn -0.9025882898623077 -0.006678683230925077 0.43045298720503283
vn 0.47188620405248993 -0.8816162258621879 0.00873159329353951
vn -0.378378644493335 0.9255609022797219 -0.01290804255236547
vn 0.10526473031967791 -0.13202036668934747 0.9856419021784413
vn -0.046747075957281094 0.16780378157246773 -0.9847114307143103
vn -0.9339945234331357 -0.35728732162911964 -1.387778780781446e-17
vn 0.98960205521231 0.14382993458932236 -0.0008498444582954456
vn 0.41508091248141243 -0.8211581014576413 -0.3916723228721684
vn -0.3826834323650903 0.8338800705567153 0.3977403908601703
vn -2.049974715449504e-16 0.4305110968082955 -0.9025852843498604
vn 1.494863203136926e-16 -0.4305110968082953 0.9025852843498605
vn 0.9985762664494815 0.04814630593342277 0.022964609920042723
vn -0.9238795325112875 -0.34540443461722303 -0.16474946419785785
vn -0.9897923552883728 0.13271325235896922 -0.051945029223212785
vn -0.15214481030904417 -0.8559640475077523 0.49414320401091366
vn 0.38183743141521426 0.8606464967540549 -0.3368794793323045
vn -0.06463940742077363 -0.8991513886820934 0.43283776087508175
vn 0.2681099569547277 0.7348743306510782 0.6229580797548611
vn 0.06998872543893148 -0.27074433104033857 -0.9601036847762607
vn -0.5631402605698281 0.18753046264532272 0.8048014491198295
vn -0.9980548527311147 0.03420269169663452 -0.052121845905321325
vn -0.19764656847847592 -0.5120644479823684 0.8358982205275924
vn -5.789871253689138e-7 0.4305090003995693 0.9025862842823553
vn -0.14050729621548716 -0.96166644528894 -0.235489591522742
vn 0.10704771943716612 -0.7135890109651634 0.6923377132534827
vn 0.2829103615722028 0.32656857241090936 -0.9018396170210012
vn 0.30444439792617944 -0.6970454965621969 -0.6491850154568621
vn -0.9979550482715445 0.03293846918497298 0.05477936543161164
vn 8.222188413901709e-7 0.4305146688988238 -0.9025835805410269
vn 4.040291101322062e-8 -0.9998476493861266 -0.017455028416924704
vn 0.32797631819413753 0.49284748743084406 0.8059360327202911
vn -0.9981347984218671 -0.061048539534856665 9.19403442267708e-17
vn -0.18701231436737942 -0.011438163147115432 0.9822909765943981
vn 0.04917971725971809 0.20565603895843082 -0.9773878191640117
vn 0.995838908048926 0.09102928314440643 -0.00430567371478147
vn 0.17809201809671146 0.9690229150459295 0.17110763631740702
vn -0.12197100738458536 -0.9925336635890945 -1.9428902930940244e-16
vn 0.9973166710915351 0.07158595252403625 0.01532674016629913
vn 0.9983055864332592 0.055795317028612394 0.016517829573624125
vn -0.28878074325851494 0.9543384337556138 -0.07644498793212025
vn 0.10727234011171732 0.9916901058074541 -0.07101675218254264
vn -0.1247840803941693 -0.9921836004281974 0.0007976976375578817
vn -0.1247855508581372 -0.9921834147752461 0.0007985874800854609
vn -0.9958238794325226 -0.07975478365895185 0.044429445590451075
vn 0.871604340301405 0.42649909611987535 -0.2416700125722727
vn -0.053119129803382625 0.9159254537037493 -0.39781769858380145
vn 0.012253189716472662 -0.9170051452117174 0.398687124192655
vn -0.34832360936573914 0.34377189109202855 0.8720616664281456
vn 0.0011495410142859106 0.08565600634075672 -0.9963241074736718
vn -0.9958238794325225 -0.07975478365895287 -0.04442944559044947
vn 0.9999999989521077 0.00004090274322756717 0.000020560892687284935
vn -0.09085314133811596 0.9135624053283941 0.3964207843688262
vn 0.8240948506005494 -0.5223582359606944 -0.21911081793852588
vn -0.5967961134533593 -0.36861639784414846 0.7127105655224775
vn 0.05475311909070977 -0.13231689059576862 -0.9896940620277086
vn -0.9553336143285021 0.025561306332784264 -0.29442198449267076
vn -0.43834240636835414 -0.8833123730833023 0.16617817647677333
vn 0.27132693092891114 0.9622138411504679 -0.022939495442582922
vn 0.9386565047863861 -0.006019424072703922 0.3448010042851357
vn 0.9368704451133896 -0.006099239900371896 0.349623466526029
vn -0.7672617004837685 -0.0989780081791348 0.6336504058766532
vn -0.9238791452977902 -0.006678291331179158 0.38262609073182746
vn 0.05446861291000095 -0.0047666143383066914 -0.9985041059481982
vn -0.0000074417115817483475 0.006243102768891509 -0.9999805116163206
vn -0.8788171126619655 -0.47715876025960846 3.469446951953615e-16
vn 0.12300956715036053 0.06678874559434529 0.990155497814063
vn 0.030265640589755304 0.04234059884738529 -0.9986447139443221
vn 0.8995094086195333 0.4294633300672988 0.0802749770005812
vn 0.9181922636432815 0.39613485617260197 -0.00037777074901722285
vn 0.9007258466416745 0.43417977566408095 -0.013448851100641566
vn 0.9207153903814561 0.39011231591734635 -0.009775013264838624
vn -0.6438548828004408 0.7651476262094986 -2.7755575615628914e-16
vn -0.4545008114134905 0.8831261013369848 -0.11626393061399817
vn -0.48044868877755764 0.870562972547996 0.1062504977885898
vn 0.5948950904898431 -0.8038033536326418 4.163336342344338e-16
vn 0.4462416210156529 -0.8818373510076792 -0.15241818146494723
vn 0.4758310601134381 -0.876371793187368 0.07454718195129202
vn -1 3.781234838628766e-16 8.356754320295027e-17
vn 0.9999451194223051 -0.009553893326316175 -0.004298984277885145
vn 0.1859919809886014 0.9825512622799566 -3.6082248300317597e-16
vn -2.0019986679636913e-15 -0.9998405993454449 -0.017854296416882357
vn -0.030900940158924098 3.3306690738754696e-16 0.9995224519225642
vn 0.02253827885036808 -0.0484944259354229 -0.9985691346319777
vn -1 -4.045910835771633e-16 2.6944063422825134e-16
vn 1 1.3774767003148234e-15 9.865541423070701e-17
vn 1.3359047135337726e-15 0.9997830567281123 0.020828813681834788
vn -1.3911361215146422e-15 -1 2.220446049250313e-16
vn -5.138903784968619e-16 -1.0824674490095278e-15 1
vn 1.9443401803221904e-16 -0.09950371902099811 -0.9950371902099894
vn -0.9707983562376826 -0.007949360924709985 0.23976521679989798
vn 0.9574799198773376 0.08424463181045445 -0.2759257962619809
vn 0.026521901987664617 -0.025026642057609655 0.9993349067766406
vn 0.058803454555302725 0.025161770520618555 -0.9979524232330068
vn -0.11612542512538682 -0.9932253946441539 0.0042662716056110495
vn 0.18896928624600784 0.9815261742521586 0.029949592878632476
vn 0.3826834323650891 0.8338800705567156 -0.39774039086017077
vn -0.4064563492447817 -0.8326277956826879 0.37619700957768465
vn -8.3294586915831895e-16 0.4305110968082938 0.9025852843498613
vn -4.299328213527968e-16 -0.43051109680829547 -0.9025852843498604
vn -0.9898450380519402 0.12830306373401965 -0.061197422171340096
vn 0.9238795325112874 -0.34540443461722387 0.16474946419785752
vn 0.3826834323650898 0.9159756150367537 -0.12059047744873956
vn -0.4060048577124608 -0.9060526260156626 0.11928409116058303
vn 9.574781503162795e-16 0.13052619222005293 0.9914448613738103
vn 3.5397279752218706e-16 -0.13052619222004935 -0.9914448613738108
vn -0.989843808316767 0.1409429978489481 -0.018555497684269718
vn 0.923879532511287 -0.37940952255126026 0.04995021125231489
vn 0.3696735302294468 0.9168302193108718 0.15087687034823147
vn -0.4060028384437622 -0.903833722614451 -0.1350788548978423
vn 0.12619305177963844 -0.1314551657454147 0.9832572669863097
vn -9.60881309590612e-17 0.14780941112961038 -0.9890158633619168
vn -0.98795361848996 0.15194331495993585 0.02934070127962781
vn 0.9498827593157126 -0.3091726604843557 -0.0462061636991608
vn -0.41508301075906984 0.015877912153425298 -0.9096449780462894
vn 0.38268343236508984 -0.016123921100474562 0.9237388211835743
vn -1.8282761548429545e-15 0.9998476951563913 0.017452406437282603
vn 2.9940103306993696e-15 -0.9998476951563914 -0.017452406437280552
vn -0.9985764263709717 -0.0009309056492265938 0.05333154892605332
vn 0.9238795325112859 0.0066787467984500155 -0.3826251478247743
vn 0.43050382601490306 0.016124433987474044 -0.9024447121098965
vn -0.43050382601490306 -0.01612443398747288 0.9024447121098964
vn -0.0009136684112931967 0.9998476873098645 0.017428923981407718
vn 0.0009136684112965276 -0.9998476873098645 -0.01742892398141283
vn -0.9991933059588766 -0.0002130472275614828 -0.04015833584512564
vn 0.9025882898623072 -0.006678683230923953 0.43045298720503383
vn -0.4718862040524895 -0.8816162258621881 0.008731593293540257
vn 0.37837864449333386 0.9255609022797222 -0.012908042552369187
vn -0.10526473031967792 -0.13202036668934802 0.985641902178441
vn 0.04674707595728122 0.16780378157246884 -0.9847114307143101
vn 0.9339945234331359 -0.3572873216291187 7.91033905045424e-16
vn -0.9896020552123104 0.14382993458932067 -0.0008498444582962783
vn -0.41508091248141243 -0.8211581014576415 -0.39167232287216813
vn 0.38268343236509034 0.8338800705567158 0.39774039086016966
vn 1.044003431158351e-15 0.4305110968082969 -0.90258528434986
vn -1.4325814897771555e-15 -0.43051109680829724 0.9025852843498596
vn -0.9985762664494815 0.04814630593342248 0.02296460992004318
vn 0.9238795325112874 -0.3454044346172237 -0.16474946419785716
vn -0.9988971301169385 2.714842239903704e-15 0.04695235291382503
vn 0.9483236552062005 -8.465450562766821e-16 -0.3173046564050891
vn 6.694911555082903e-16 1 4.163336342344337e-16
vn -2.2540194565822773e-16 -1 -5.551115123125783e-17
vn 0.3173046564050918 1.387778780781446e-16 0.9483236552061995
vn -0.33722108203789275 1.4710455076283328e-15 -0.9414254839493102
vn -0.7291373671450726 0.23959292221842676 0.6410568862866903
vn 0.5108177872505828 -0.0449983524673302 -0.8585105337173472
vn 0.1898266810084001 0.9499761397196255 -0.24801444542754714
vn -0.11266717323023442 -0.9687356572162755 0.22103695282476948
vn 0.9483339839269576 0.000001078927218803316 0.3172737854409988
vn -0.8805235461622046 0.32144487360372165 -0.34835539020922773
vn -1 -2.1815665087666008e-16 2.937479501558824e-16
vn 0.9773500093947189 -6.453171330633722e-16 -0.21162929649777437
vn 0.0501276983477706 0.9987428166742203 7.216449660063519e-16
vn -1.5576695752084157e-15 -1 -8.049116928532385e-16
vn -1.9470125891712936e-16 2.498001805406602e-16 1
vn -0.1443083012521974 -0.06105351206823771 -0.9876474992900244
vn -0.9702957262759964 1.6445178552260131e-15 0.2419218955996681
vn 0.9702957262759964 -1.7347234759768075e-15 -0.2419218955996687
vn 0.24192189559966748 -1.387778780781446e-16 0.9702957262759967
vn -0.2419218955996696 -6.383782391594651e-16 -0.9702957262759961
vn -1.698907944269699e-16 -1 6.661338147750939e-16
vn 6.139800042770324e-16 1 4.996003610813203e-16
vn -0.42261826174069966 -7.771561172376098e-16 0.90630778703665
vn 0.4054194671689706 -6.383782391594651e-16 -0.9141307650661519
vn 0.9085517393023418 9.159339953157541e-16 0.41777235070153873
vn -0.9992138856698627 1.734723475976807e-18 0.03964354530733352
vn -2.809130968894855e-16 -1 1.4432899320127031e-15
vn 3.919353993520012e-16 1 1.942890293094024e-16
vn -1 7.60303128023287e-16 2.1115903240624377e-16
vn 1 7.458809657333909e-16 -3.0584902284815406e-16
vn 2.911785699145584e-16 0.05233595624294178 0.9986295347545742
vn 0.06781419113923355 0.041129790886213775 -0.996849826093072
vn -1.5010646470460002e-15 -0.9967610515525139 0.08042018470462986
vn -1.4406419252630462e-15 0.998629534754574 -0.05233595624294412
vn -0.9902680687415701 -0.09841024344762292 0.09841024344762407
vn 0.9773023738304345 0.004773190344400006 -0.2117953889000751
vn 0.0731739307885468 -0.7052111654862523 0.7052111654862497
vn -0.13917310096006408 0.7002252665996694 -0.7002252665996721
vn -0.0678275390851297 -0.7121866780935507 -0.6987056322141166
vn -0.04167707079519261 0.7250888208187551 0.6873930634604919
vn -1 1.1741741117872288e-15 9.11143676163497e-16
vn 1 9.687747163275256e-16 5.881289822390953e-16
vn 0.4936806668485646 -0.6149306461626218 0.6149306461626198
vn 1.4925321739459797e-15 0.7563759973091488 -0.6541371038968747
vn 0.12758460525410628 -0.671111344942012 -0.7302956464284021
vn 0.16559029626304553 0.6227789867660578 0.764673909209775
vn 0.9988971301169385 -2.7339241981394488e-15 0.046952352913825414
vn -0.9483236552061994 4.718447854656915e-16 -0.3173046564050918
vn -8.84821078966929e-16 1 2.3037127760972002e-15
vn 7.182876252731553e-16 -1 -1.970645868709653e-15
vn -0.3173046564050918 1.9428902930940243e-15 0.9483236552061995
vn 0.3372210820378929 -2.414735078559716e-15 -0.9414254839493101
vn 0.7291373671450742 0.23959292221842582 0.641056886286689
vn -0.5108177872505844 -0.04499835246733047 -0.8585105337173462
vn -0.18982668100840092 0.9499761397196252 -0.24801444542754728
vn 0.11266717323023234 -0.9687356572162752 0.22103695282477143
vn -0.9483339839269579 0.0000010789272213013181 0.317273785440998
vn 0.8805235461622039 0.32144487360372365 -0.3483553902092284
vn 1 -1.381533846637852e-16 -3.175821063481849e-16
vn -0.9773500093947194 -1.5959455978986625e-16 -0.21162929649777218
vn -0.0501276983477696 0.9987428166742204 7.494005416219809e-16
vn -1.6686918776709313e-15 -1 -7.494005416219807e-16
vn -4.445014394577896e-16 2.2204460492503136e-16 1
vn 0.1443083012521974 -0.06105351206823757 -0.9876474992900244
vn 0.9702957262759967 9.020562075079397e-17 0.2419218955996668
vn -0.9702957262759965 6.800116025829086e-16 -0.24192189559966848
vn -0.2419218955996683 5.551115123125784e-17 0.9702957262759965
vn 0.24192189559966878 -6.93889390390723e-16 -0.9702957262759964
vn -1.7797141801334468e-15 -1 -1.0547118733938987e-15
vn 2.334825692446025e-15 1 -5.273559366969494e-16
vn 0.4226182617406994 2.7755575615628914e-17 0.90630778703665
vn -0.41253969764285275 3.053113317719181e-16 -0.9109396236133018
vn -0.908551739302343 -4.163336342344337e-17 0.41777235070153623
vn 0.9969936034009454 -1.8041124150158799e-16 -0.07748390011866038
vn -4.474465505832591e-16 -1 -1.6098233857064774e-15
vn 1.0025580628958376e-15 1 1.415534356397075e-15
vn 1 -1.8227279200067396e-15 -4.653353882160166e-16
vn -1 6.416659103194377e-16 -2.814800360332837e-17
vn -1.0133334840200009e-15 0.052335956242941836 0.998629534754574
vn -0.0678141911392326 0.04112979088621386 -0.9968498260930722
vn -1.3345311933522271e-15 -0.996761051552514 0.08042018470462979
vn 5.276207373719152e-15 0.9986295347545739 -0.05233595624294411
vn 0.9902680687415708 -0.09841024344762218 0.09841024344761722
vn -0.977302373830435 0.00477319034440124 -0.21179538890007268
vn -0.07317393078854832 -0.7052111654862514 0.7052111654862504
vn 0.13917310096006355 0.7002252665996697 -0.700225266599672
vn 0.0678275390851307 -0.7121866780935494 -0.698705632214118
vn 0.04167707079519377 0.725088820818755 0.6873930634604919
vn 1 4.649637410890119e-16 1.1553051432510014e-15
vn -1 -2.969434035283172e-15 -2.212394366750654e-15
vn -0.4936806668485658 -0.6149306461626212 0.6149306461626196
vn 1.4925321739459793e-15 0.7563759973091491 -0.6541371038968744
vn -0.12758460525410834 -0.6711113449420117 -0.730295646428402
vn -0.1655902962630437 0.6227789867660581 0.7646739092097753
vn 1 5.295863694130547e-16 4.822867175567874e-16
vn -1 -5.228716879466619e-16 -4.553556011566126e-16
vn -3.488947703151455e-15 0.9238795325112868 0.3826834323650895
vn -2.0066562687430697e-15 -0.9238795325112866 -0.3826834323650904
vn 2.647935438424249e-15 -0.3826834323650888 0.9238795325112874
vn -2.5091575603461044e-15 0.3826834323650897 -0.923879532511287
vn 1 -5.412095084235986e-16 6.675774797435417e-16
vn -1 4.1631749018032363e-16 -4.589294409701753e-16
vn -2.7673027371451034e-15 0.9238795325112876 0.3826834323650876
vn -1.4515447564304918e-15 -0.923879532511286 -0.38268343236509195
vn 2.3703796822679595e-15 -0.38268343236508917 0.9238795325112871
vn -1.6487347162616079e-15 0.38268343236509006 -0.9238795325112868
vn 0.9876883405951378 -0.05986487802179225 0.14452660043002244
vn -0.987688340595138 0.05986487802179179 -0.14452660043002089
vn 7.224704484481306e-15 0.9238795325112865 0.3826834323650905
vn -2.302994293428193e-16 -0.9238795325112865 -0.3826834323650905
vn -0.15643446504022332 -0.3779719642859274 0.9125050423758857
vn -0.19099697610143945 -0.37563846955867386 0.9068714877576226
vn 0.20970856839768456 0.363570883786635 -0.9076555121868644
vn 2.8581058057407715e-16 0.9238795325112873 0.38268343236508895
vn -1.192771268803037e-16 -0.9238795325112854 -0.3826834323650934
vn -0.7193392489314423 -0.26697797571661847 0.6413063272953147
vn 0.7193398003386514 0.26583424952838863 -0.6417806505547106
vn -1.3795239563636578e-15 0.923879532511286 0.3826834323650917
vn 0.126136746072289 -0.9585064619302951 -0.2556460125410975
vn -0.5889598189444846 -0.30927032962630013 0.7466446242234118
vn 0.7193198851605985 0.27270156826166153 -0.6389152975787743
vn -5.209793391320448e-15 0.9238795325112847 0.382683432365095
vn 0.11894561933195963 -0.887465723711109 0.44526006881333313
vn 0.1148649082660898 -0.38015049727939854 0.9177644862748007
vn -0.9876883405951379 -0.059864878021793105 0.14452660043002158
vn 0.9876883405951375 0.05986487802179253 -0.14452660043002263
vn -4.8767264839329005e-15 0.923879532511287 0.38268343236508934
vn 1.7125908637512051e-15 -0.9238795325112868 -0.3826834323650901
vn 0.15643446504022418 -0.377971964285927 0.9125050423758858
vn 0.5889598189444852 -0.3092703296262998 0.7466446242234114
vn -0.7193198851605992 0.2727015682616611 -0.6389152975787739
vn -1.1574793514386264e-15 0.9238795325112856 0.38268343236509283
vn -0.11894561933196546 -0.8874657237111127 0.44526006881332425
vn -0.1148649082660881 -0.3801504972793983 0.9177644862748011
vn 0.7193392489314413 -0.2669779757166187 0.6413063272953157
vn -0.7193398003386501 0.26583424952838897 -0.6417806505547119
vn 2.7283012347494214e-15 0.9238795325112865 0.3826834323650906
vn -0.12613674607228684 -0.9585064619302966 -0.2556460125410927
vn 0.19099697610143945 -0.37563846955867386 0.9068714877576226
vn -0.20970856839768437 0.3635708837866351 -0.9076555121868644
vn 8.409220928866556e-16 0.9238795325112856 0.382683432365093
vn -1.5625670588930073e-15 -0.9238795325112832 -0.38268343236509866
vn 1 7.124464102387431e-16 1.4522191375708126e-15
vn -1 -6.392750889095225e-16 2.742579192944735e-16
vn -4.65468187900787e-15 0.923879532511287 0.3826834323650896
vn -2.8948346884431957e-15 -0.923879532511287 -0.3826834323650896
vn 1.5654679894147212e-15 -0.3826834323650897 0.923879532511287
vn -3.3140692531993433e-15 0.3826834323650897 -0.923879532511287
vn 1 -1.1448811700229452e-15 1.0707551586543847e-15
vn -1 4.856660690841207e-16 -1.377269544566676e-15
vn -4.266103820389065e-15 0.9238795325112877 0.3826834323650879
vn -1.5070559076617492e-15 -0.9238795325112867 -0.38268343236508984
vn 3.3973359800462293e-15 -0.38268343236508945 0.9238795325112868
vn -3.14753579950557e-15 0.3826834323650904 -0.9238795325112866
vn 1 -1.2982341056841568e-15 -4.765155030486105e-16
vn -1 -1.93033439659322e-15 -1.1195644597909968e-15
vn -1.6317611296057709e-16 1 -3.0253577421035516e-15
vn -1.6989079442696988e-16 -1 3.4416913763379853e-15
vn 1.106100728547887e-16 1.0547118733938987e-15 1
vn -4.122113381571641e-17 1.2212453270876724e-15 -1
vn 1 -2.1428229967701163e-16 -1.4987679764446761e-16
vn -1 -4.7748845983238104e-17 -1.91510161067911e-16
vn 1.2246026678208687e-15 1 -4.440892098500626e-16
vn -1.3356249702833844e-15 -1 2.220446049250313e-16
vn -2.5021241014838724e-16 -5.551115123125784e-16 1
vn 2.7796798576401615e-16 1.6653345369377353e-16 -1
vn 1 1.9683927865111785e-17 1.025031341637558e-15
vn -1 -8.862444202915544e-17 -1.065015786630094e-15
vn 2.2540194565822773e-16 1 -2.1371793224034263e-15
vn -3.364242481207434e-16 -1 2.4147350785597155e-15
vn -8.367895645461372e-17 7.771561172376098e-16 1
vn 1.4290017415541424e-17 1.054711873393899e-15 -1
vn 1 5.35999502816309e-16 7.306514576917354e-16
vn -1 -4.833635323079795e-17 -9.034290882290429e-16
vn 1.5021584239771578e-15 1 -1.3877787807814457e-16
vn -9.470469116645796e-16 -1 -2.7755575615628914e-17
vn -3.8899028822653185e-16 -6.106226635438362e-16 1
vn 4.3062365164997523e-16 1.9428902930940244e-16 -1
usemtl m_98d0927a-27c7-f666-25de-0eac9ef2c4d8
f 4/1/1 2/2/1 1/3/1 3/4/1
f 7/5/2 5/6/2 6/7/2 8/8/2
f 1/9/3 2/10/3 6/11/3 5/12/3
f 4/13/4 3/14/4 7/15/4 8/16/4
f 1/17/5 5/18/5 7/19/5
f 8/20/6 6/21/6 2/22/6 4/23/6
f 3/24/7 1/25/7 7/26/7
f 12/27/8 10/28/8 9/29/8 11/30/8
f 15/31/9 13/32/9 14/33/9 16/34/9
f 10/35/10 14/36/10 9/37/10 13/38/10
f 11/39/11 15/40/11 12/41/11
f 11/42/12 9/43/12 13/44/12 15/45/12
f 16/46/13 14/47/13 10/48/13 12/49/13
f 12/50/14 15/51/14 16/52/14
f 20/53/15 18/54/15 17/55/15 19/56/15
f 17/57/16 18/58/16 21/59/16
f 19/60/17 22/61/17 20/62/17
f 19/63/18 17/64/18 21/65/18 22/66/18
f 26/67/19 24/68/19 23/69/19 25/70/19
f 25/71/20 23/72/20 27/73/20 29/74/20
f 30/75/21 28/76/21 24/77/21 26/78/21
f 32/79/22 29/80/22 27/81/22 31/82/22
f 31/83/23 27/84/23 23/85/23
f 32/86/24 26/87/24 25/88/24 29/89/24
f 32/90/25 31/91/25 33/92/25 34/93/25
f 34/94/26 33/95/26 28/96/26 30/97/26
f 33/98/27 31/99/27 23/100/27 24/101/27
f 24/102/28 28/103/28 33/104/28
f 32/105/29 34/106/29 26/107/29
f 34/108/30 30/109/30 26/110/30
f 38/111/31 36/112/31 35/113/31 37/114/31
f 41/115/32 39/116/32 40/117/32 42/118/32
f 35/119/33 36/120/33 40/121/33 39/122/33
f 38/123/34 37/124/34 41/125/34 42/126/34
f 37/127/35 35/128/35 39/129/35 41/130/35
f 42/131/36 40/132/36 36/133/36 38/134/36
f 46/135/37 44/136/37 43/137/37 45/138/37
f 49/139/38 47/140/38 48/141/38 50/142/38
f 43/143/39 44/144/39 48/145/39 47/146/39
f 46/147/40 45/148/40 49/149/40 50/150/40
f 45/151/41 43/152/41 47/153/41 49/154/41
f 50/155/42 48/156/42 44/157/42 46/158/42
f 54/159/43 52/160/43 51/161/43 53/162/43
f 53/163/44 51/164/44 55/165/44 57/166/44
f 58/167/45 56/168/45 52/169/45 54/170/45
f 57/171/46 55/172/46 60/173/46 59/174/46
f 59/175/47 60/176/47 56/177/47 58/178/47
f 60/179/48 51/180/48 52/181/48 56/182/48
f 60/183/49 55/184/49 51/185/49
f 54/186/50 53/187/50 59/188/50 58/189/50
f 53/190/51 57/191/51 59/192/51
f 64/193/52 62/194/52 61/195/52 63/196/52
f 63/197/53 61/198/53 65/199/53 67/200/53
f 68/201/54 66/202/54 62/203/54 64/204/54
f 70/205/55 67/206/55 65/207/55 69/208/55
f 69/209/56 71/210/56 70/211/56
f 66/212/57 68/213/57 72/214/57 71/215/57
f 72/216/58 70/217/58 71/218/58
f 61/219/59 62/220/59 71/221/59 69/222/59
f 62/223/60 66/224/60 71/225/60
f 65/226/61 61/227/61 69/228/61
f 72/229/62 64/230/62 63/231/62 70/232/62
f 63/233/63 67/234/63 70/235/63
f 68/236/64 64/237/64 72/238/64
f 76/239/65 74/240/65 73/241/65 75/242/65
f 79/243/66 77/244/66 78/245/66 80/246/66
f 73/247/67 74/248/67 78/249/67 77/250/67
f 76/251/68 75/252/68 79/253/68 80/254/68
f 75/255/69 73/256/69 77/257/69 79/258/69
f 80/259/70 78/260/70 74/261/70 76/262/70
f 84/263/71 82/264/71 81/265/71 83/266/71
f 87/267/72 85/268/72 86/269/72 88/270/72
f 81/271/73 82/272/73 86/273/73 85/274/73
f 84/275/74 83/276/74 87/277/74 88/278/74
f 83/279/75 81/280/75 85/281/75 87/282/75
f 88/283/76 86/284/76 82/285/76 84/286/76
f 92/287/77 90/288/77 89/289/77 91/290/77
f 95/291/78 93/292/78 94/293/78 96/294/78
f 89/295/79 90/296/79 94/297/79 93/298/79
f 92/299/80 91/300/80 95/301/80 96/302/80
f 91/303/81 89/304/81 93/305/81 95/306/81
f 96/307/82 94/308/82 90/309/82 92/310/82
f 100/311/83 98/312/83 97/313/83 99/314/83
f 103/315/84 101/316/84 102/317/84 104/318/84
f 97/319/85 98/320/85 102/321/85 101/322/85
f 100/323/86 99/324/86 103/325/86 104/326/86
f 99/327/87 97/328/87 101/329/87 103/330/87
f 104/331/88 102/332/88 98/333/88 100/334/88
f 108/335/89 106/336/89 105/337/89 107/338/89
f 111/339/90 109/340/90 110/341/90 112/342/90
f 105/343/91 106/344/91 110/345/91 109/346/91
f 108/347/92 107/348/92 111/349/92 112/350/92
f 107/351/93 105/352/93 109/353/93 111/354/93
f 112/355/94 110/356/94 106/357/94 108/358/94
f 116/359/95 114/360/95 113/361/95 115/362/95
f 119/363/96 117/364/96 118/365/96 120/366/96
f 113/367/97 114/368/97 118/369/97 117/370/97
f 116/371/98 115/372/98 119/373/98 120/374/98
f 115/375/99 113/376/99 117/377/99 119/378/99
f 120/379/100 118/380/100 114/381/100 116/382/100
f 124/383/101 122/384/101 121/385/101 123/386/101
f 127/387/102 125/388/102 126/389/102 128/390/102
f 121/391/103 122/392/103 126/393/103 125/394/103
f 124/395/104 123/396/104 127/397/104 128/398/104
f 123/399/105 121/400/105 125/401/105 127/402/105
f 128/403/106 126/404/106 122/405/106 124/406/106
f 132/407/107 130/408/107 129/409/107 131/410/107
f 135/411/108 133/412/108 134/413/108 136/414/108
f 129/415/109 130/416/109 134/417/109 133/418/109
f 132/419/110 131/420/110 135/421/110 136/422/110
f 131/423/111 129/424/111 133/425/111 135/426/111
f 136/427/112 134/428/112 130/429/112 132/430/112
f 140/431/113 138/432/113 137/433/113 139/434/113
f 143/435/114 141/436/114 142/437/114 144/438/114
f 137/439/115 138/440/115 142/441/115 141/442/115
f 140/443/116 139/444/116 143/445/116 144/446/116
f 139/447/117 137/448/117 141/449/117 143/450/117
f 144/451/118 142/452/118 138/453/118 140/454/118
f 148/455/119 146/456/119 145/457/119 147/458/119
f 151/459/120 149/460/120 150/461/120 152/462/120
f 145/463/121 146/464/121 150/465/121 149/466/121
f 148/467/122 147/468/122 151/469/122 152/470/122
f 147/471/123 145/472/123 149/473/123 151/474/123
f 152/475/124 150/476/124 146/477/124 148/478/124
f 153/479/125 154/480/125 156/481/125 155/482/125
f 158/483/126 157/484/126 159/485/126 160/486/126
f 158/487/127 154/488/127 153/489/127 157/490/127
f 159/491/128 155/492/128 156/493/128 160/494/128
f 157/495/129 153/496/129 159/497/129
f 154/498/130 158/499/130 160/500/130 156/501/130
f 153/502/131 155/503/131 159/504/131
f 161/505/132 162/506/132 164/507/132 163/508/132
f 166/509/133 165/510/133 167/511/133 168/512/133
f 166/513/134 162/514/134 161/515/134 165/516/134
f 167/517/135 163/518/135 164/519/135
f 165/520/136 161/521/136 163/522/136 167/523/136
f 162/524/137 166/525/137 168/526/137 164/527/137
f 167/528/138 164/529/138 168/530/138
f 169/531/139 170/532/139 172/533/139 171/534/139
f 170/535/140 169/536/140 173/537/140
f 174/538/141 171/539/141 172/540/141
f 173/541/142 169/542/142 171/543/142 174/544/142
f 175/545/143 176/546/143 178/547/143 177/548/143
f 179/549/144 175/550/144 177/551/144 181/552/144
f 176/553/145 180/554/145 182/555/145 178/556/145
f 179/557/146 181/558/146 184/559/146 183/560/146
f 179/561/147 183/562/147 175/563/147
f 177/564/148 178/565/148 184/566/148 181/567/148
f 185/568/149 183/569/149 184/570/149 186/571/149
f 180/572/150 185/573/150 186/574/150 182/575/150
f 175/576/151 183/577/151 185/578/151 176/579/151
f 180/580/152 176/581/152 185/582/152
f 186/583/153 184/584/153 178/585/153
f 182/586/154 186/587/154 178/588/154
f 187/589/155 188/590/155 190/591/155 189/592/155
f 192/593/156 191/594/156 193/595/156 194/596/156
f 192/597/157 188/598/157 187/599/157 191/600/157
f 193/601/158 189/602/158 190/603/158 194/604/158
f 191/605/159 187/606/159 189/607/159 193/608/159
f 188/609/160 192/610/160 194/611/160 190/612/160
f 195/613/161 196/614/161 198/615/161 197/616/161
f 200/617/162 199/618/162 201/619/162 202/620/162
f 200/621/163 196/622/163 195/623/163 199/624/163
f 201/625/164 197/626/164 198/627/164 202/628/164
f 199/629/165 195/630/165 197/631/165 201/632/165
f 196/633/166 200/634/166 202/635/166 198/636/166
f 203/637/167 204/638/167 206/639/167 205/640/167
f 207/641/168 203/642/168 205/643/168 209/644/168
f 204/645/169 208/646/169 210/647/169 206/648/169
f 212/649/170 207/650/170 209/651/170 211/652/170
f 208/653/171 212/654/171 211/655/171 210/656/171
f 204/657/172 203/658/172 212/659/172 208/660/172
f 207/661/173 212/662/173 203/663/173
f 211/664/174 205/665/174 206/666/174 210/667/174
f 209/668/175 205/669/175 211/670/175
f 213/671/176 214/672/176 216/673/176 215/674/176
f 217/675/177 213/676/177 215/677/177 219/678/177
f 214/679/178 218/680/178 220/681/178 216/682/178
f 217/683/179 219/684/179 222/685/179 221/686/179
f 223/687/180 221/688/180 222/689/180
f 224/690/181 220/691/181 218/692/181 223/693/181
f 222/694/182 224/695/182 223/696/182
f 223/697/183 214/698/183 213/699/183 221/700/183
f 218/701/184 214/702/184 223/703/184
f 213/704/185 217/705/185 221/706/185
f 215/707/186 216/708/186 224/709/186 222/710/186
f 219/711/187 215/712/187 222/713/187
f 216/714/188 220/715/188 224/716/188
f 225/717/189 226/718/189 228/719/189 227/720/189
f 230/721/190 229/722/190 231/723/190 232/724/190
f 230/725/191 226/726/191 225/727/191 229/728/191
f 231/729/192 227/730/192 228/731/192 232/732/192
f 229/733/193 225/734/193 227/735/193 231/736/193
f 226/737/194 230/738/194 232/739/194 228/740/194
f 233/741/195 234/742/195 236/743/195 235/744/195
f 238/745/196 237/746/196 239/747/196 240/748/196
f 238/749/197 234/750/197 233/751/197 237/752/197
f 239/753/198 235/754/198 236/755/198 240/756/198
f 237/757/199 233/758/199 235/759/199 239/760/199
f 234/761/200 238/762/200 240/763/200 236/764/200
f 241/765/201 242/766/201 244/767/201 243/768/201
f 246/769/202 245/770/202 247/771/202 248/772/202
f 246/773/203 242/774/203 241/775/203 245/776/203
f 247/777/204 243/778/204 244/779/204 248/780/204
f 245/781/205 241/782/205 243/783/205 247/784/205
f 242/785/206 246/786/206 248/787/206 244/788/206
f 249/789/207 250/790/207 252/791/207 251/792/207
f 254/793/208 253/794/208 255/795/208 256/796/208
f 254/797/209 250/798/209 249/799/209 253/800/209
f 255/801/210 251/802/210 252/803/210 256/804/210
f 253/805/211 249/806/211 251/807/211 255/808/211
f 250/809/212 254/810/212 256/811/212 252/812/212
f 257/813/213 258/814/213 260/815/213 259/816/213
f 262/817/214 261/818/214 263/819/214 264/820/214
f 262/821/215 258/822/215 257/823/215 261/824/215
f 263/825/216 259/826/216 260/827/216 264/828/216
f 261/829/217 257/830/217 259/831/217 263/832/217
f 258/833/218 262/834/218 264/835/218 260/836/218
f 265/837/219 266/838/219 268/839/219 267/840/219
f 270/841/220 269/842/220 271/843/220 272/844/220
f 270/845/221 266/846/221 265/847/221 269/848/221
f 271/849/222 267/850/222 268/851/222 272/852/222
f 269/853/223 265/854/223 267/855/223 271/856/223
f 266/857/224 270/858/224 272/859/224 268/860/224
f 273/861/225 274/862/225 276/863/225 275/864/225
f 278/865/226 277/866/226 279/867/226 280/868/226
f 278/869/227 274/870/227 273/871/227 277/872/227
f 279/873/228 275/874/228 276/875/228 280/876/228
f 277/877/229 273/878/229 275/879/229 279/880/229
f 274/881/230 278/882/230 280/883/230 276/884/230
f 281/885/231 282/886/231 284/887/231 283/888/231
f 286/889/232 285/890/232 287/891/232 288/892/232
f 286/893/233 282/894/233 281/895/233 285/896/233
f 287/897/234 283/898/234 284/899/234 288/900/234
f 285/901/235 281/902/235 283/903/235 287/904/235
f 282/905/236 286/906/236 288/907/236 284/908/236
f 289/909/237 290/910/237 292/911/237 291/912/237
f 294/913/238 293/914/238 295/915/238 296/916/238
f 294/917/239 290/918/239 289/919/239 293/920/239
f 295/921/240 291/922/240 292/923/240 296/924/240
f 293/925/241 289/926/241 291/927/241 295/928/241
f 290/929/242 294/930/242 296/931/242 292/932/242
f 297/933/243 298/934/243 300/935/243 299/936/243
f 302/937/244 301/938/244 303/939/244 304/940/244
f 302/941/245 298/942/245 297/943/245 301/944/245
f 303/945/246 299/946/246 300/947/246 304/948/246
f 301/949/247 297/950/247 299/951/247 303/952/247
f 298/953/248 302/954/248 304/955/248 300/956/248
f 305/957/249 306/958/249 308/959/249 307/960/249
f 310/961/250 309/962/250 311/963/250 312/964/250
f 310/965/251 306/966/251 305/967/251 309/968/251
f 311/969/252 307/970/252 308/971/252 312/972/252
f 309/973/253 305/974/253 307/975/253 311/976/253
f 306/977/254 310/978/254 312/979/254 308/980/254
f 313/981/255 314/982/255 316/983/255 315/984/255
f 318/985/256 317/986/256 319/987/256 320/988/256
f 318/989/257 314/990/257 313/991/257 317/992/257
f 319/993/258 315/994/258 316/995/258 320/996/258
f 317/997/259 313/998/259 315/999/259 319/1000/259
f 314/1001/260 318/1002/260 320/1003/260 316/1004/260
f 321/1005/261 322/1006/261 324/1007/261 323/1008/261
f 326/1009/262 325/1010/262 327/1011/262 328/1012/262
f 326/1013/263 322/1014/263 321/1015/263 325/1016/263
f 327/1017/264 323/1018/264 324/1019/264 328/1020/264
f 325/1021/265 321/1022/265 323/1023/265 327/1024/265
f 322/1025/266 326/1026/266 328/1027/266 324/1028/266
f 329/1029/267 330/1030/267 332/1031/267 331/1032/267
f 334/1033/268 333/1034/268 335/1035/268 336/1036/268
f 334/1037/269 330/1038/269 329/1039/269 333/1040/269
f 335/1041/270 331/1042/270 332/1043/270 336/1044/270
f 333/1045/271 329/1046/271 331/1047/271 335/1048/271
f 330/1049/272 334/1050/272 336/1051/272 332/1052/272
f 337/1053/273 338/1054/273 340/1055/273 339/1056/273
f 342/1057/274 341/1058/274 343/1059/274 344/1060/274
f 342/1061/275 338/1062/275 337/1063/275 341/1064/275
f 343/1065/276 339/1066/276 340/1067/276 344/1068/276
f 341/1069/277 337/1070/277 339/1071/277 343/1072/277
f 338/1073/278 342/1074/278 344/1075/278 340/1076/278
f 345/1077/279 346/1078/279 348/1079/279 347/1080/279
f 350/1081/280 349/1082/280 351/1083/280 352/1084/280
f 350/1085/281 346/1086/281 345/1087/281 349/1088/281
f 351/1089/282 347/1090/282 348/1091/282 352/1092/282
f 349/1093/283 345/1094/283 347/1095/283 351/1096/283
f 346/1097/284 350/1098/284 352/1099/284 348/1100/284
f 353/1101/285 354/1102/285 356/1103/285 355/1104/285
f 358/1105/286 357/1106/286 359/1107/286
f 358/1108/287 354/1109/287 353/1110/287 357/1111/287
f 355/1112/288 356/1113/288 359/1114/288
f 357/1115/289 353/1116/289 355/1117/289
f 354/1118/290 358/1119/290 359/1120/290 356/1121/290
f 360/1122/291 361/1123/291 363/1124/291 362/1125/291
f 365/1126/292 364/1127/292 366/1128/292 367/1129/292
f 365/1130/293 361/1131/293 360/1132/293 364/1133/293
f 366/1134/294 362/1135/294 363/1136/294 367/1137/294
f 364/1138/295 360/1139/295 362/1140/295 366/1141/295
f 361/1142/296 365/1143/296 367/1144/296 363/1145/296
f 371/1146/297 369/1147/297 368/1148/297 370/1149/297
f 374/1150/298 372/1151/298 373/1152/298 375/1153/298
f 368/1154/299 369/1155/299 373/1156/299 372/1157/299
f 371/1158/300 370/1159/300 374/1160/300 375/1161/300
f 370/1162/301 368/1163/301 372/1164/301 374/1165/301
f 375/1166/302 373/1167/302 369/1168/302 371/1169/302
f 379/1170/303 377/1171/303 376/1172/303 378/1173/303
f 382/1174/304 380/1175/304 381/1176/304 383/1177/304
f 376/1178/305 377/1179/305 381/1180/305 380/1181/305
f 379/1182/306 378/1183/306 382/1184/306 383/1185/306
f 378/1186/307 376/1187/307 380/1188/307 382/1189/307
f 383/1190/308 381/1191/308 377/1192/308 379/1193/308
f 387/1194/309 385/1195/309 384/1196/309 386/1197/309
f 390/1198/310 388/1199/310 389/1200/310 391/1201/310
f 384/1202/311 385/1203/311 389/1204/311 388/1205/311
f 387/1206/312 386/1207/312 390/1208/312 391/1209/312
f 386/1210/313 384/1211/313 388/1212/313 390/1213/313
f 391/1214/314 389/1215/314 385/1216/314 387/1217/314
f 395/1218/315 393/1219/315 392/1220/315 394/1221/315
f 398/1222/316 396/1223/316 397/1224/316 399/1225/316
f 392/1226/317 393/1227/317 397/1228/317 396/1229/317
f 395/1230/318 394/1231/318 398/1232/318 399/1233/318
f 394/1234/319 392/1235/319 396/1236/319 398/1237/319
f 399/1238/320 397/1239/320 393/1240/320 395/1241/320
f 403/1242/321 401/1243/321 400/1244/321 402/1245/321
f 406/1246/322 404/1247/322 405/1248/322 407/1249/322
f 400/1250/323 401/1251/323 405/1252/323 404/1253/323
f 403/1254/324 402/1255/324 406/1256/324 407/1257/324
f 402/1258/325 400/1259/325 404/1260/325 406/1261/325
f 407/1262/326 405/1263/326 401/1264/326 403/1265/326
f 411/1266/327 409/1267/327 408/1268/327 410/1269/327
f 414/1270/328 412/1271/328 413/1272/328 415/1273/328
f 408/1274/329 409/1275/329 413/1276/329 412/1277/329
f 411/1278/330 410/1279/330 414/1280/330 415/1281/330
f 410/1282/331 408/1283/331 412/1284/331 414/1285/331
f 415/1286/332 413/1287/332 409/1288/332 411/1289/332
f 419/1290/333 417/1291/333 416/1292/333 418/1293/333
f 420/1294/334 421/1295/334 422/1296/334
f 416/1297/335 417/1298/335 421/1299/335 420/1300/335
f 419/1301/336 418/1302/336 422/1303/336
f 416/1304/337 420/1305/337 418/1306/337
f 422/1307/338 421/1308/338 417/1309/338 419/1310/338
f 426/1311/339 424/1312/339 423/1313/339 425/1314/339
f 429/1315/340 427/1316/340 428/1317/340 430/1318/340
f 423/1319/341 424/1320/341 428/1321/341 427/1322/341
f 426/1323/342 425/1324/342 429/1325/342 430/1326/342
f 425/1327/343 423/1328/343 427/1329/343 429/1330/343
f 430/1331/344 428/1332/344 424/1333/344 426/1334/344
f 434/1335/345 432/1336/345 431/1337/345 433/1338/345
f 437/1339/346 435/1340/346 436/1341/346 438/1342/346
f 431/1343/347 432/1344/347 436/1345/347 435/1346/347
f 434/1347/348 433/1348/348 437/1349/348 438/1350/348
f 433/1351/349 431/1352/349 435/1353/349 437/1354/349
f 438/1355/350 436/1356/350 432/1357/350 434/1358/350
f 442/1359/351 440/1360/351 439/1361/351 441/1362/351
f 445/1363/352 443/1364/352 444/1365/352 446/1366/352
f 439/1367/353 440/1368/353 444/1369/353 443/1370/353
f 442/1371/354 441/1372/354 445/1373/354 446/1374/354
f 441/1375/355 439/1376/355 443/1377/355 445/1378/355
f 446/1379/356 444/1380/356 440/1381/356 442/1382/356
f 450/1383/357 448/1384/357 447/1385/357 449/1386/357
f 453/1387/358 451/1388/358 452/1389/358 454/1390/358
f 447/1391/359 448/1392/359 452/1393/359 451/1394/359
f 450/1395/360 449/1396/360 453/1397/360 454/1398/360
f 449/1399/361 447/1400/361 451/1401/361 453/1402/361
f 455/1403/362 456/1404/362 458/1405/362 457/1406/362
f 460/1407/363 459/1408/363 461/1409/363 462/1410/363
f 460/1411/364 456/1412/364 455/1413/364 459/1414/364
f 461/1415/365 457/1416/365 458/1417/365 462/1418/365
f 463/1419/366 464/1420/366 466/1421/366 465/1422/366
f 468/1423/367 467/1424/367 469/1425/367 470/1426/367
f 468/1427/368 464/1428/368 463/1429/368 467/1430/368
f 469/1431/369 465/1432/369 466/1433/369 470/1434/369
f 471/1435/370 472/1436/370 474/1437/370 473/1438/370
f 476/1439/371 475/1440/371 477/1441/371 478/1442/371
f 476/1443/372 472/1444/372 471/1445/372 475/1446/372
f 477/1447/373 473/1448/373 474/1449/373 478/1450/373
f 475/1451/374 471/1452/374 473/1453/374 477/1454/374
f 479/1455/375 480/1456/375 482/1457/375 481/1458/375
f 484/1459/376 483/1460/376 485/1461/376 486/1462/376
f 484/1463/377 480/1464/377 479/1465/377 483/1466/377
f 485/1467/378 481/1468/378 482/1469/378 486/1470/378
f 483/1471/379 479/1472/379 481/1473/379 485/1474/379
f 490/1475/380 488/1476/380 487/1477/380 489/1478/380
f 493/1479/381 491/1480/381 492/1481/381 494/1482/381
f 487/1483/382 488/1484/382 492/1485/382 491/1486/382
f 490/1487/383 489/1488/383 493/1489/383 494/1490/383
f 489/1491/384 487/1492/384 491/1493/384 493/1494/384
f 498/1495/385 496/1496/385 495/1497/385 497/1498/385
f 501/1499/386 499/1500/386 500/1501/386 502/1502/386
f 495/1503/387 496/1504/387 500/1505/387 499/1506/387
f 498/1507/388 497/1508/388 501/1509/388 502/1510/388
f 506/1511/389 504/1512/389 503/1513/389 505/1514/389
f 509/1515/390 507/1516/390 508/1517/390 510/1518/390
f 503/1519/391 504/1520/391 508/1521/391 507/1522/391
f 506/1523/392 505/1524/392 509/1525/392 510/1526/392
f 514/1527/393 512/1528/393 511/1529/393 513/1530/393
f 517/1531/394 515/1532/394 516/1533/394 518/1534/394
f 511/1535/395 512/1536/395 516/1537/395 515/1538/395
f 514/1539/396 513/1540/396 517/1541/396 518/1542/396
f 513/1543/397 511/1544/397 515/1545/397 517/1546/397
f 518/1547/398 516/1548/398 512/1549/398 514/1550/398
f 522/1551/399 520/1552/399 519/1553/399 521/1554/399
f 525/1555/400 523/1556/400 524/1557/400 526/1558/400
f 519/1559/401 520/1560/401 524/1561/401 523/1562/401
f 522/1563/402 521/1564/402 525/1565/402 526/1566/402
f 521/1567/403 519/1568/403 523/1569/403 525/1570/403
f 526/1571/404 524/1572/404 520/1573/404 522/1574/404
f 530/1575/405 528/1576/405 527/1577/405 529/1578/405
f 533/1579/406 531/1580/406 532/1581/406 534/1582/406
f 527/1583/407 528/1584/407 532/1585/407 531/1586/407
f 530/1587/408 529/1588/408 533/1589/408 534/1590/408
f 529/1591/409 527/1592/409 531/1593/409 533/1594/409
f 534/1595/410 532/1596/410 528/1597/410 530/1598/410
f 538/1599/411 536/1600/411 535/1601/411 537/1602/411
f 541/1603/412 539/1604/412 540/1605/412 542/1606/412
f 535/1607/413 536/1608/413 540/1609/413 539/1610/413
f 538/1611/414 537/1612/414 541/1613/414 542/1614/414
f 537/1615/415 535/1616/415 539/1617/415 541/1618/415
f 542/1619/416 540/1620/416 536/1621/416 538/1622/416
f 546/1623/417 544/1624/417 543/1625/417 545/1626/417
f 549/1627/418 547/1628/418 548/1629/418 550/1630/418
f 543/1631/419 544/1632/419 548/1633/419 547/1634/419
f 546/1635/420 545/1636/420 549/1637/420 550/1638/420
f 545/1639/421 543/1640/421 547/1641/421 549/1642/421
f 550/1643/422 548/1644/422 544/1645/422 546/1646/422
f 554/1647/423 552/1648/423 551/1649/423 553/1650/423
f 557/1651/424 555/1652/424 556/1653/424 558/1654/424
f 551/1655/425 552/1656/425 556/1657/425 555/1658/425
f 554/1659/426 553/1660/426 557/1661/426 558/1662/426
f 553/1663/427 551/1664/427 555/1665/427 557/1666/427
f 558/1667/428 556/1668/428 552/1669/428 554/1670/428
