# Made in Blockbench 5.1.6
mtllib ukrainian_veteran_h.mtl

o cube
v 0.004274175966849925 1.9715133455639329 0.39160256483865985
v -0.3117967789585454 1.998045558618391 -0.21842787617160508
v -0.27612051799816795 2.0178965884247515 -0.3556446021885557
v -0.37520072270947125 1.9248070236836328 -0.21938097794294023
v -0.32124756764451035 2.006224720097628 -0.21825830707492744
v -0.2879959944894662 2.020878479364592 -0.3581608264487355
v -0.38465152301516553 1.9329867276519916 -0.2192107111210052
v -0.2965824914293405 1.9243003235321618 -0.36999076775494205
v -0.2869165232493326 1.9646895757474823 0.3303985991124414
v -0.31348644879616266 1.9946720809100662 0.18584726414589214
v -0.3069573637281739 1.8712201684078313 0.31469508901195486
v -0.3736431335299678 1.9181756756134138 0.18681204954775377
v -0.2989440141586981 1.9668226416837182 0.3330518032389277
v -0.31969005375339 1.99959324882655 0.1879343480484187
v -0.31898485463753934 1.8733532343440675 0.31734829313844115
v -0.3830934943531804 1.92635505067325 0.18698211742313797
v 0.3117967789585457 1.9980455586183912 -0.21842787617160497
v 0.276120517998168 2.017896588424752 -0.35564460218855554
v 0.3752007227094714 1.9248070236836328 -0.21938097794294012
v 0.3212475676445105 2.0062247200976286 -0.2182583070749273
v 0.2879959944894664 2.0208784793645926 -0.35816082644873537
v 0.38465152301516564 1.932986727651992 -0.21921071112100504
v 0.2965824914293406 1.924300323532162 -0.369990767754942
v 0.14950746827191674 1.9314648158862895 0.3805934985686136
v 0.29566342498684545 1.967532437083134 0.319406792349494
v 0.16699263674742387 1.8371865601276607 0.3667860730484932
v 0.3131485934623525 1.873254181324505 0.3055993668293734
v 0.15448341025211926 1.9307119205056755 0.3920356640085777
v 0.29894368428674595 1.966822556462277 0.3330517208398772
v 0.17196857872762644 1.8364336647470467 0.3782282384884572
v 0.318124535442555 1.872501285943891 0.3170415322693375
v -0.005383307391339465 1.919475021185187 0.4332308120743493
v 0.16350892918183274 1.933117595571295 0.36888133585712457
v -0.002493083895216519 1.8234881138048475 0.4204665712155816
v 0.16639915267795552 1.8371306881909555 0.3561170949983571
v -0.0008621278983675928 1.9180727186668902 0.44479984330602584
v 0.15448320356377726 1.930711727492513 0.39203545009052165
v 0.0020280955977554638 1.8220858112865512 0.43203560244725836
v 0.17196835774207392 1.8364333474739554 0.3782281667039973
v 0.28691652324933287 1.9646895757474823 0.3303985991124415
v 0.3134864487961629 1.994672080910066 0.18584726414589225
v 0.3069573637281741 1.8712201684078311 0.31469508901195486
v 0.3736431335299681 1.918175675613414 0.18681204954775388
v 0.29894401415869837 1.9668226416837182 0.3330518032389277
v 0.31969005375339005 1.9995932488265498 0.1879343480484187
v 0.3189848546375395 1.8733532343440673 0.31734829313844115
v 0.3830934943531808 1.9263550506732503 0.18698211742313808
v -0.1495074682719165 1.9314648158862895 0.3805934985686137
v -0.29566342498684517 1.9675324370831337 0.319406792349494
v -0.16699263674742346 1.8371865601276607 0.3667860730484932
v -0.3131485934623521 1.8732541813245047 0.3055993668293735
v -0.15448341025211906 1.9307119205056755 0.3920356640085778
v -0.2989436842867457 1.9668225564622772 0.3330517208398771
v -0.171968578727626 1.836433664747047 0.3782282384884572
v -0.31812453544255476 1.872501285943891 0.3170415322693374
v 0.005383307391339687 1.919475021185187 0.4332308120743493
v -0.1635089291818325 1.9331175955712947 0.3688813358571247
v 0.0024930838952166856 1.8234881138048475 0.42046657121558173
v -0.16639915267795538 1.8371306881909555 0.356117094998357
v 0.0008621278983677594 1.9180727186668902 0.44479984330602573
v -0.15448320356377696 1.930711727492513 0.39203545009052154
v -0.0020280955977552417 1.8220858112865512 0.43203560244725836
v -0.17196835774207359 1.8364333474739556 0.3782281667039973
v 0.26117558050543493 1.9964946412097835 -0.268000783801709
v -0.0034271836182134807 2.0539089833158415 -0.3311259192593383
v 0.25938092341768443 1.8762356209961155 -0.32792730454324676
v -0.0037721775704606664 1.9236229816858428 -0.4151422458502545
v 0.27872523971536106 2.0259563071767537 -0.31678659309845036
v 0.00031617560818825163 2.0702796022213255 -0.40825844992081833
v 0.279218159574459 1.8994740639386145 -0.3751556999348813
v -0.000016519807405968034 1.9497573188927142 -0.46770044321065063
v 0.2528061680402544 1.9801340506079685 -0.23502289905033047
v 0.2279606431758115 2.0119922615424413 -0.29821114392439707
v 0.2510115993737427 1.8598750202969707 -0.29494940217674115
v 0.2261660745093001 1.8917332312314437 -0.35813764705080764
v 0.27803077611522414 1.9741963487946053 -0.2518917713553449
v 0.27872543541318934 2.025955796402663 -0.3167866368209558
v 0.30408011044039746 1.8675522841804506 -0.3119451443621168
v 0.27923458557595476 1.8994104951149233 -0.3751333892361832
v 0.2692686843141275 1.9334955821130018 -0.16995337315649559
v 0.25055870108927697 1.9718419580730233 -0.24634540139543223
v 0.2676408906399455 1.8244234932096242 -0.2243054231179086
v 0.2489309074150951 1.8627698691696453 -0.3006974513568452
v 0.2967406198858325 1.9358496273420716 -0.17550016069556498
v 0.278030636660982 1.974196003302093 -0.25189218893450166
v 0.32285606072905265 1.84731026515166 -0.2263403232024785
v 0.30387477855850525 1.8674779596277853 -0.3117910264349839
v 0.2680168750000003 1.848530137927142 -0.20975184340778905
v 0.2493068750000002 1.8694332007571568 -0.29263257349266814
v 0.2676412500000002 1.82124146338511 -0.2165491157195101
v 0.24893125000000033 1.8421443909403665 -0.29943045598939355
v 0.3228562500000001 1.847310177388563 -0.22634038529867145
v 0.3040800000000002 1.8675523617351202 -0.31194514548997887
v 0.3225850000000002 1.8234368600565056 -0.22839892430586922
v 0.3038750000000003 1.844339922886521 -0.31127965439074823
v 0.2515537500000002 1.8799791627400086 -0.2833731521758757
v 0.22670875000000018 1.897405574316605 -0.3519594367715673
v 0.2510112500000002 1.8405621359556221 -0.29319199182111666
v 0.22616625000000018 1.857988682806977 -0.36177766623180363
v 0.3040800000000001 1.86755236173512 -0.3119451454899789
v 0.2792343750000003 1.899410478103208 -0.37513331583750525
v 0.3040800000000002 1.844379122036648 -0.3114464677831341
v 0.2792343750000002 1.861805533613245 -0.38003275237882556
v 0.26017375000000004 1.907006155679605 -0.3145794530268137
v -0.0037724999999999564 1.9236228855600228 -0.41514285068923046
v 0.2593806250000002 1.849397176173706 -0.32892949093970475
v -0.021315624999999838 1.8786100362136888 -0.43069390913308647
v 0.2792343750000003 1.899410478103208 -0.37513331583750525
v -0.00001687499999986075 1.9497567594135745 -0.467700712437472
v 0.27921812500000026 1.8618622924073807 -0.38006838178961566
v -0.0014787499999998066 1.891075897907127 -0.4818323250727517
v 0.24197764529963778 2.0442277567587506 -0.11530942379431308
v -0.0034278555236726405 2.1359758097039507 -0.15907100022186915
v 0.241977645299638 1.9621615789296691 -0.2873647436235053
v -0.003427855523672696 2.0539096318748697 -0.33112632005106124
v 0.28040721830784227 2.100731738650933 -0.14485091608403666
v -0.0007107099481709622 2.208231314719314 -0.19353510821694653
v 0.27872538184849766 2.025956430171364 -0.3167871891688177
v -0.0007107099481709622 2.1261651368902323 -0.3655904280461388
v 0.24197764529963778 2.0355458967069904 0.16924250000000018
v -0.0005407319845748826 2.1360002977028265 0.16924250000000007
v 0.2419776452996379 2.0355458967069904 -0.14638249999999992
v -0.0005407319845749381 2.1360002977028265 -0.14638249999999997
v 0.28422058602432937 2.1009439808988186 0.1781250000000001
v -0.0007107099481707957 2.217250119902582 0.16924250000000018
v 0.28422058602432937 2.1009439808988186 -0.14687499999999995
v -0.0007107099481708512 2.217250119902582 -0.14638249999999997
v -0.0005407319845749381 2.134896420845772 0.18980615814625112
v 0.2419776452996379 2.0442277567587506 0.1465594237943133
v -0.0005407319845748826 2.050139548661639 0.3675026360026299
v 0.24197764529963778 1.9594708845746174 0.32425590165069207
v -0.00021553027004050929 2.2095224957674198 0.22732461091984013
v 0.2842204838302917 2.1009438759814048 0.17812504887956737
v -0.00021553027004034275 2.1247656235832872 0.405021088776219
v 0.2826764247789329 2.027481459765198 0.34983027974005654
v 0.0009032113522741692 2.0009727347182005 0.36587996900792374
v 0.2535265210233291 2.0064491692337523 0.2613833734552975
v 0.0009032113522741692 1.81060897965561 0.3559034273491126
v 0.25352652102332923 1.8160854141711615 0.25140683179648626
v -0.0007103283808706506 1.9966891536672902 0.4476155645533153
v 0.28267684757507344 2.0274809193282217 0.34983017982676756
v -0.0007107091008299871 1.8063257462948765 0.4235765643762395
v 0.3062963306899655 1.8332202749502875 0.29364351018630575
v 0.0009031191541183925 2.0009731748970703 0.3658796580057856
v 0.2884878379230776 1.9061291884008786 0.2758846854799998
v -0.0004799337001241688 1.7423959171781407 0.361873760267571
v 0.23513548270697854 1.6847057965908379 0.2615568846287737
v -0.0007105040619753145 1.9966895690557236 0.4476156320564023
v 0.2922512040758361 1.8689166799795365 0.2980022683116934
v -0.0005691520533747663 1.739684552134369 0.41228674138042387
v 0.25187593695423544 1.677873708647973 0.30480437462456944
v 0.28422049550357725 2.1009440952454788 -0.14687499999999992
v 0.28422049550357714 2.1009440952454788 0.1781250000000002
v 0.32953753967186744 1.896532118754743 -0.14687499999999987
v 0.32953753967186733 1.896532118754743 0.1781250000000001
v 0.23845662016983044 2.0907984883421307 -0.14687499999999984
v 0.23845662016983044 2.0907984883421307 0.1781250000000002
v 0.2837736643381206 1.8863865118513943 -0.14687499999999987
v 0.2837736643381205 1.8863865118513943 0.1781250000000001
v 0.2842207367590242 2.100943398168046 0.17812493399394136
v 0.28267712724432387 2.02748081708558 0.3498305497586385
v 0.31492631565066526 1.9368678865849873 0.10706867754922889
v 0.3062964054644152 1.8332195786223173 0.29364304425833176
v 0.2193249821662276 2.088825237437943 0.1703249532533202
v 0.21764261642514565 2.014049892798383 0.34226118410519235
v 0.25766594345288546 1.9262379723712337 0.09999064849566675
v 0.2559835777118034 1.851462627731674 0.271926879347539
v 0.27872567558527767 2.025955864929176 -0.3167867976016636
v 0.2804080413263595 2.100731209568736 -0.1448505667497913
v 0.3367597846929636 1.8408183852194742 -0.2368380620390112
v 0.32469846212301595 1.9129148861296055 -0.06360231815043293
v 0.21764261642514576 2.014049892798383 -0.3110111841051923
v 0.2193249821662277 2.088825237437943 -0.13907495325332003
v 0.2619330372218021 1.8262335693592533 -0.2297629355058339
v 0.26361540296288394 1.9010089139988133 -0.05782670465396167
v 0.2842205990234478 2.100944379744139 0.1781250641559018
v -0.0007109722164049259 2.217249825504746 0.16924283640203108
v 0.22320202457963917 2.087416722422531 0.1781253439492485
v -0.0005406609480947955 2.136000216828228 0.16924285032430197
v 0.2842205990234478 2.100944379744139 0.1781250641559018
v -0.00021589864717425078 2.2095223921361815 0.22732407585571957
v -0.0005406258211157478 2.1348962635267563 0.1898064064901276
v 0.25242584560555353 2.0421508476144634 0.3240419305601371
v 0.0024962427305806334 2.06469302860607 0.3645854311529797
v 0.2585727785945368 1.970585275445846 0.326610922581805
v 0.2826767690604948 2.0274809306655754 0.34982992323220796
v -0.00021559840816276488 2.1247656103765693 0.4050208505927224
v -0.0007103901460031037 1.9966893364492355 0.4476149890325697
v 0.28422059902344804 2.099687115797739 -0.14688051455748308
v -0.0007109363055285423 2.217250080605839 -0.14638238550304108
v 0.2232020245796395 2.086192391652071 -0.145937151996493
v -0.000540660948094629 2.1352771505405252 -0.14046530893149312
v 0.28422059902344804 2.099687115797739 -0.14688051455748308
v -0.0007104091736487295 2.2082309115157175 -0.19353485821844818
v -0.0005406258211157478 2.132741445248044 -0.16090176541853057
v -0.28422059902344765 2.0996871157977384 -0.14688051455748313
v 0.0007109363055290419 2.217250080605839 -0.1463823855030411
v -0.22320202457963897 2.086192391652071 -0.145937151996493
v 0.0005406609480952396 2.135277150540525 -0.14046530893149312
v -0.28422059902344765 2.0996871157977384 -0.14688051455748313
v 0.0007104091736487295 2.2082309115157175 -0.19353485821844818
v 0.0005406258211159698 2.132741445248044 -0.16090176541853057
v 0.2787252771831075 2.0259562874529182 -0.3167863528856948
v -0.0007104668192983721 2.126164389523428 -0.36558999861879554
v 0.22462317789261216 2.024593791764729 -0.28276683960813126
v 0.0008804923648780827 2.066183356321409 -0.30940445852670934
v 0.2787252771831075 2.0259562874529182 -0.3167863528856948
v 0.0003156057107108756 2.070279373441883 -0.4082588504843593
v 0.0008805417921327052 2.051352039457531 -0.3236902973491958
v -0.2611755805054347 1.9964946412097835 -0.26800078380170894
v 0.0034271836182138693 2.0539089833158415 -0.3311259192593384
v -0.25938092341768415 1.8762356209961155 -0.3279273045432468
v 0.003772177570461055 1.9236229816858428 -0.4151422458502545
v -0.2787252397153608 2.0259563071767537 -0.31678659309845036
v -0.00031617560818786306 2.070279602221325 -0.40825844992081844
v -0.27921815957445884 1.8994740639386145 -0.3751556999348812
v 0.00001651980740624559 1.949757318892714 -0.4677004432106505
v -0.25280616804025413 1.9801340506079685 -0.23502289905033047
v -0.22796064317581116 2.011992261542441 -0.29821114392439696
v -0.2510115993737425 1.859875020296971 -0.29494940217674115
v -0.2261660745092996 1.8917332312314437 -0.3581376470508076
v -0.2780307761152238 1.9741963487946053 -0.2518917713553449
v -0.27872543541318917 2.0259557964026627 -0.31678663682095587
v -0.30408011044039734 1.8675522841804508 -0.31194514436211673
v -0.27923458557595443 1.8994104951149235 -0.3751333892361832
v -0.26926868431412715 1.9334955821130018 -0.16995337315649564
v -0.25055870108927664 1.971841958073023 -0.2463454013954323
v -0.26764089063994534 1.824423493209624 -0.2243054231179086
v -0.24893090741509477 1.8627698691696455 -0.3006974513568453
v -0.29674061988583234 1.9358496273420718 -0.17550016069556496
v -0.2780306366609819 1.974196003302093 -0.25189218893450166
v -0.32285606072905265 1.84731026515166 -0.22634032320247843
v -0.30387477855850514 1.867477959627785 -0.3117910264349839
v -0.268016875 1.8485301379271417 -0.20975184340778913
v -0.24930687499999998 1.869433200757157 -0.29263257349266814
v -0.26764124999999994 1.8212414633851104 -0.21654911571951005
v -0.2489312499999999 1.8421443909403665 -0.29943045598939355
v -0.3228562499999999 1.847310177388563 -0.22634038529867145
v -0.3040799999999999 1.8675523617351202 -0.3119451454899788
v -0.32258499999999996 1.8234368600565058 -0.2283989243058692
v -0.303875 1.844339922886521 -0.3112796543907483
v -0.2515537499999999 1.8799791627400086 -0.28337315217587583
v -0.22670874999999988 1.897405574316605 -0.3519594367715673
v -0.2510112499999999 1.8405621359556221 -0.29319199182111666
v -0.22616624999999996 1.857988682806977 -0.3617776662318037
v -0.3040799999999999 1.8675523617351202 -0.311945145489979
v -0.2792343749999999 1.8994104781032077 -0.37513331583750525
v -0.30407999999999996 1.8443791220366483 -0.3114464677831341
v -0.2792343749999999 1.8618055336132449 -0.3800327523788256
v -0.2601737499999999 1.907006155679605 -0.3145794530268138
v 0.0037725000000000675 1.923622885560023 -0.41514285068923035
v -0.259380625 1.8493971761737058 -0.32892949093970475
v 0.02131562500000017 1.878610036213689 -0.43069390913308647
v -0.2792343749999999 1.8994104781032077 -0.37513331583750525
v 0.000016875000000082796 1.9497567594135747 -0.467700712437472
v -0.2792181249999999 1.8618622924073807 -0.3800683817896157
v 0.0014787500000001397 1.8910758979071267 -0.4818323250727517
v -0.24197764529963758 2.0442277567587506 -0.11530942379431308
v 0.0034278555236729735 2.1359758097039507 -0.15907100022186915
v -0.2419776452996376 1.962161578929669 -0.28736474362350534
v 0.003427855523673029 2.0539096318748697 -0.33112632005106124
v -0.28040721830784204 2.100731738650932 -0.14485091608403672
v 0.0007107099481711843 2.2082313147193147 -0.19353510821694647
v -0.2787253818484973 2.025956430171364 -0.31678718916881765
v 0.0007107099481712398 2.126165136890233 -0.3655904280461387
v -0.24197764529963756 2.03554589670699 0.16924250000000007
v 0.0005407319845752157 2.136000297702827 0.16924250000000018
v -0.24197764529963758 2.0355458967069904 -0.14638249999999992
v 0.0005407319845752157 2.136000297702827 -0.1463824999999999
v -0.28422058602432904 2.1009439808988186 0.1781250000000001
v 0.0007107099481711843 2.2172501199025825 0.16924250000000018
v -0.284220586024329 2.1009439808988186 -0.14687499999999995
v 0.0007107099481710732 2.217250119902582 -0.14638249999999992
v 0.0005407319845752157 2.1348964208457724 0.18980615814625112
v -0.24197764529963764 2.0442277567587506 0.14655942379431341
v 0.0005407319845751601 2.050139548661639 0.3675026360026299
v -0.2419776452996377 1.9594708845746172 0.32425590165069207
v -0.00021543203518065157 2.20952257183853 0.22732464720389844
v -0.28422048383029147 2.100943875981405 0.17812504887956748
v -0.00021543203518065157 2.124765699654397 0.4050211250602773
v -0.2826764247789325 2.027481459765198 0.34983027974005665
v -0.0009032113522739471 2.000972734718201 0.36587996900792374
v -0.25352652102332895 2.0064491692337523 0.2613833734552976
v -0.0009032113522740026 1.8106089796556102 0.3559034273491125
v -0.25352652102332895 1.8160854141711615 0.25140683179648626
v 0.0007103283808708727 1.99668915366729 0.4476155645533153
v -0.2826768475750732 2.0274809193282217 0.3498301798267677
v 0.0007107091008302091 1.8063257462948767 0.4235765643762395
v -0.3062963306899654 1.8332202749502875 0.29364351018630586
v -0.0009031191541180594 2.0009731748970703 0.3658796580057855
v -0.2884878379230773 1.9061291884008784 0.2758846854799998
v 0.00047993370012439085 1.742395917178141 0.361873760267571
v -0.23513548270697834 1.6847057965908379 0.2615568846287736
v 0.000710504061975481 1.9966895690557234 0.4476156320564022
v -0.2922512040758357 1.8689166799795367 0.2980022683116935
v 0.0005691520533749883 1.7396845521343691 0.41228674138042387
v -0.25187593695423505 1.6778737086479727 0.30480437462456944
v -0.284220495503577 2.1009440952454788 -0.14687499999999995
v -0.2842204955035771 2.1009440952454788 0.1781250000000001
v -0.3295375396718673 1.896532118754743 -0.1468749999999999
v -0.3295375396718673 1.896532118754743 0.1781250000000001
v -0.23845662016983016 2.0907984883421307 -0.14687499999999995
v -0.2384566201698302 2.0907984883421307 0.1781250000000001
v -0.2837736643381204 1.8863865118513943 -0.1468749999999999
v -0.28377366433812035 1.8863865118513943 0.1781250000000001
v -0.2842207367590239 2.1009433981680457 0.17812493399394125
v -0.2826771272443235 2.02748081708558 0.3498305497586385
v -0.31492631565066515 1.9368678865849873 0.10706867754922889
v -0.30629640546441494 1.833219578622317 0.29364304425833176
v -0.21932498216622737 2.0888252374379435 0.1703249532533203
v -0.21764261642514543 2.0140498927983836 0.34226118410519246
v -0.257665943452885 1.9262379723712337 0.09999064849566675
v -0.25598357771180313 1.851462627731674 0.2719268793475389
v -0.27872567558527733 2.025955864929176 -0.31678679760166356
v -0.2804080413263592 2.100731209568736 -0.1448505667497913
v -0.3367597846929634 1.840818385219474 -0.23683806203901125
v -0.3246984621230155 1.9129148861296055 -0.06360231815043293
v -0.2176426164251456 2.0140498927983836 -0.31101118410519224
v -0.21932498216622745 2.0888252374379435 -0.13907495325332003
v -0.26193303722180183 1.8262335693592535 -0.22976293550583388
v -0.26361540296288366 1.9010089139988133 -0.057826704653961614
v -0.28422059902344743 2.1009443797441394 0.1781250641559018
v 0.0007109722164050924 2.2172498255047466 0.16924283640203108
v -0.22320202457963906 2.0874167224225304 0.1781253439492485
v 0.000540660948094962 2.136000216828228 0.16924285032430197
v -0.28422059902344743 2.1009443797441394 0.1781250641559018
v 0.00021589864717458385 2.2095223921361815 0.22732407585571945
v 0.0005406258211159698 2.1348962635267563 0.1898064064901276
v -0.25242584560555337 2.0421508476144634 0.3240419305601371
v -0.0024962427305803003 2.0646930286060705 0.3645854311529796
v -0.25857277859453665 1.9705852754458462 0.326610922581805
v -0.004274175966849703 1.9715133455639329 0.39160256483865985
v -0.28267676906049466 2.0274809306655754 0.34982992323220796
v -0.00021558318582959313 2.124765607342466 0.4050207451518586
v 0.0007103901460032702 1.9966893364492355 0.4476149890325697
v -0.2787252771831072 2.0259562874529182 -0.31678635288569473
v 0.0007104668192987051 2.126164389523429 -0.3655899986187955
v -0.22462317789261182 2.024593791764729 -0.28276683960813126
v -0.0008804923648778606 2.0661833563214094 -0.3094044585267092
v -0.2787252771831072 2.0259562874529182 -0.31678635288569473
v -0.00031560571071048704 2.070279373441883 -0.4082588504843594
v -0.0008805417921324277 2.0513520394575315 -0.32369029734919585
v 0.14062500000000028 1.7458072442764139 0.3337420487762963
v 0.14062500000000017 1.7516361204016866 0.3030404738473742
v 0.1406250000000001 1.623000944560725 0.31042654427520444
v 0.14062500000000017 1.628829820685998 0.2797249693462823
v -0.14062499999999994 1.7458072442764137 0.3337420487762963
v -0.14062499999999986 1.7516361204016864 0.3030404738473741
v -0.14062499999999983 1.6230009445607247 0.31042654427520444
v -0.14062499999999986 1.628829820685998 0.2797249693462823
v 0.0008107058309816395 2.1137408351996703 -0.32451326702780847
v 0.0008107058309815285 2.138992712485961 -0.3730216719672424
v 0.1333932273034592 1.996138702363498 -0.3857330624569291
v 0.1333932273034592 2.006960935486194 -0.4065223788595438
v -0.13177181564149607 1.9961387023634982 -0.3857330624569291
v -0.13177181564149612 2.0069609354861946 -0.4065223788595437
v 0.0008102638892432124 1.8910367911734312 -0.4469527620470631
v 0.000810705830981584 1.9100385059295566 -0.49546159412986823
v -0.0010012702648620753 1.754173531596761 0.42353661963134726
v -0.0010012702648620198 1.8766909471899869 0.43857986670792004
v 0.2675012188712305 1.7305070390758224 0.3085781441522474
v 0.26750121887123063 1.8902449353555981 0.3281914916065134
v -0.003393041717143941 1.7548772352968396 0.4178054129152581
v -0.0033930417171438854 1.8773946508900656 0.43284865999183086
v 0.26032590451438525 1.7326181501760591 0.29138452400397996
v 0.26032590451438514 1.8923560464558342 0.310997871458246
v 0.0033930417171441074 1.7548772352968398 0.4178054129152581
v 0.0033930417171442184 1.8773946508900656 0.432848659991831
v -0.2603259045143849 1.7326181501760591 0.29138452400397985
v -0.2603259045143849 1.8923560464558344 0.310997871458246
v 0.0010012702648622973 1.754173531596761 0.42353661963134714
v 0.0010012702648623528 1.8766909471899869 0.43857986670792015
v -0.26750121887123035 1.7305070390758226 0.30857814415224727
v -0.26750121887123035 1.8902449353555981 0.3281914916065134
v 0.2873164257098339 1.8837666807690532 -0.3797409419989717
v 0.0251416852959091 1.9219485452752765 -0.4741237434604642
v 0.28463532907469974 1.8530336254065305 -0.3847262733738319
v 0.022460588660774994 1.8912154899127533 -0.4791090748353244
v 0.32584539145905717 1.8562512455938898 -0.23083675601845943
v 0.28731609318162327 1.883766805656763 -0.3797409185817503
v 0.32316429827743404 1.8255181899371267 -0.23582208743670907
v 0.28463500000000025 1.8530337500000003 -0.3847262499999999
v -0.2873164257098338 1.8837666807690532 -0.37974094199897174
v -0.025141685295908656 1.9219485452752763 -0.4741237434604642
v -0.2846353290746994 1.8530336254065305 -0.3847262733738319
v -0.022460588660774605 1.8912154899127531 -0.4791090748353245
v -0.32584539145905683 1.8562512455938895 -0.2308367560184594
v -0.287316093181623 1.883766805656763 -0.37974091858175024
v -0.32316429827743376 1.825518189937127 -0.23582208743670907
v -0.28463499999999997 1.8530337500000005 -0.3847262499999999
v 0.12500000000000017 2.1026723964837064 -0.371870249339327
v 0.12500000000000017 2.1361571968156516 -0.4527097084340645
v 0.12500000000000006 1.886138131051373 -0.4615616787998949
v 0.12500000000000022 1.9196229313833186 -0.5424011378946325
v -0.12499999999999989 2.102672396483706 -0.37187024933932705
v -0.12499999999999989 2.1361571968156516 -0.45270970843406455
v -0.12499999999999994 1.8861381310513732 -0.46156167879989485
v -0.12499999999999989 1.9196229313833189 -0.5424011378946325
v -0.08758158230110641 2.102326890761389 -0.37576914907889436
v -0.12456068020341746 2.132674426049598 -0.44903458035628563
v -0.0875815823011063 1.891566872407251 -0.4630688070871806
v -0.12456068020341751 1.9219144076954602 -0.536334238364572
v -0.2801719870463944 2.0679594767774803 -0.2927988721352518
v -0.31715108494870564 2.0983070120656895 -0.3660643034126431
v -0.28017198704639446 1.8571994584233424 -0.38009853014353795
v -0.3171510849487057 1.8875469937115517 -0.4533639614209293
v 0.2801719870463946 2.06795947677748 -0.2927988721352518
v 0.31715108494870575 2.098307012065689 -0.3660643034126431
v 0.28017198704639473 1.8571994584233422 -0.38009853014353806
v 0.31715108494870586 1.8875469937115517 -0.45336396142092933
v 0.08758158230110652 2.1023268907613883 -0.37576914907889447
v 0.1245606802034177 2.132674426049598 -0.44903458035628574
v 0.08758158230110674 1.891566872407251 -0.4630688070871807
v 0.12456068020341782 1.9219144076954602 -0.536334238364572
v -0.28017198704639457 2.0217655001519157 -0.3119330437535063
v -0.2960201718616709 2.0347715867040055 -0.3433325143009599
v -0.2801719870463945 1.903393435048907 -0.36096435852528336
v -0.29602017186167084 1.9163995216009968 -0.3923638290727369
v -0.2915008343843526 2.0197438875646267 -0.30705243922740977
v -0.30734901919962887 2.032749974116716 -0.3384519097748633
v -0.29150083438435254 1.9013718224616183 -0.3560837539991868
v -0.30734901919962887 1.914377909013708 -0.3874832245466403
v 0.29150083438435287 2.0197438875646267 -0.30705243922740977
v 0.30734901919962926 2.0327499741167165 -0.3384519097748633
v 0.29150083438435287 1.901371822461618 -0.3560837539991868
v 0.30734901919962915 1.9143779090137079 -0.38748322454664036
v 0.28017198704639495 2.0217655001519157 -0.3119330437535064
v 0.2960201718616711 2.034771586704005 -0.3433325143009599
v 0.28017198704639484 1.9033934350489068 -0.36096435852528336
v 0.2960201718616711 1.9163995216009966 -0.3923638290727369
v -0.3102387758430953 1.9914131296601751 0.18776439989488902
v -0.31179653292467086 1.998045146525409 -0.21842847577524618
v -0.37364255213261877 1.9181750296926694 0.18681177700112184
v -0.3752003092141942 1.9248070465579035 -0.21938109866901354
v -0.3196895310972541 1.9995926403744035 0.1879341927151491
v -0.3212472881788297 2.0062246572396374 -0.21825868295498627
v -0.3830933073867774 1.926354540406898 0.1869815698213817
v -0.38465106446835307 1.9329865572721319 -0.21921130584875365
v 0.31968953109725445 1.9995926403744035 0.1879341927151491
v 0.32124728817883 2.0062246572396374 -0.21825868295498624
v 0.38309330738677766 1.926354540406898 0.1869815698213817
v 0.38465106446835323 1.932986557272132 -0.21921130584875362
v 0.3102387758430956 1.991413129660175 0.18776439989488913
v 0.3117965329246712 1.9980451465254092 -0.21842847577524618
v 0.3736425521326188 1.9181750296926694 0.18681177700112184
v 0.3752003092141946 1.9248070465579037 -0.21938109866901348
v 0.006922196673094405 1.7393900881536215 0.3303677969281549
v 0.05257930384874843 1.6819160520966212 0.3149676753809245
v 0.006922196673094405 1.731301992994168 0.3605529789996884
v 0.05257930384874843 1.6738279569371675 0.34515285745245783
v -0.05257930384874823 1.6952887091790096 0.31855086804680877
v -0.006922196673094183 1.6378146731220091 0.3031507464995783
v -0.05257930384874823 1.687200614019556 0.3487360501183421
v -0.006922196673094183 1.6297265779625554 0.3333359285711117
v 0.2687500000000001 1.788618318584174 0.29040291308792066
v 0.2687500000000002 1.8107154054962538 0.31250000000000033
v 0.2687500000000002 1.7665212316720944 0.3125000000000002
v 0.2687500000000001 1.788618318584174 0.3345970869120799
v 0.3000000000000001 1.788618318584174 0.29040291308792054
v 0.3000000000000001 1.8107154054962535 0.3125000000000002
v 0.3000000000000001 1.7665212316720944 0.3125000000000002
v 0.3000000000000001 1.788618318584174 0.3345970869120798
v -0.2999999999999998 1.788618318584174 0.29040291308792054
v -0.29999999999999993 1.8107154054962538 0.31250000000000033
v -0.29999999999999993 1.7665212316720944 0.3125000000000002
v -0.29999999999999977 1.788618318584174 0.3345970869120798
v -0.2687499999999998 1.788618318584174 0.29040291308792043
v -0.26874999999999993 1.8107154054962535 0.3125000000000002
v -0.26874999999999993 1.7665212316720944 0.3125000000000002
v -0.26874999999999977 1.788618318584174 0.3345970869120798
v -0.3781249999999998 1.8823683185841742 -0.24397208691207944
v -0.37812499999999993 1.9044654054962535 -0.22187499999999988
v -0.37812499999999993 1.8602712316720942 -0.22187499999999982
v -0.37812499999999993 1.882368318584174 -0.19977791308792023
v -0.3468749999999998 1.882368318584174 -0.2439720869120795
v -0.34687499999999993 1.9044654054962535 -0.22187499999999985
v -0.34687499999999993 1.8602712316720942 -0.22187499999999985
v -0.34687499999999993 1.882368318584174 -0.19977791308792026
v 0.3468750000000001 1.8823683185841742 -0.24397208691207944
v 0.3468750000000001 1.9044654054962535 -0.22187499999999985
v 0.3468750000000001 1.8602712316720942 -0.2218749999999998
v 0.3468750000000002 1.8823683185841742 -0.19977791308792026
v 0.3781250000000001 1.8823683185841742 -0.24397208691207947
v 0.3781250000000001 1.9044654054962535 -0.22187499999999982
v 0.3781250000000001 1.8602712316720942 -0.2218749999999998
v 0.3781250000000001 1.882368318584174 -0.19977791308792017
v -0.022097086912079456 2.0800358904506764 -0.37455857068456283
v 1.1102230246251565e-16 2.0984623379356453 -0.36236237115013104
v 1.6653345369377348e-16 2.061609442965707 -0.3867547702189945
v 0.022097086912079844 2.0800358904506764 -0.3745585706845628
v -0.02209708691207929 2.097283921241678 -0.40061750262416185
v 1.1102230246251565e-16 2.1157103687266474 -0.38842130308973
v 2.220446049250313e-16 2.078857473756709 -0.4128137021585935
v 0.0220970869120799 2.097283921241678 -0.40061750262416185
v 0.07954951288348666 2.003978579230943 -0.39303350273654386
v 0.10164659979556628 2.0224050267159117 -0.38083730320211207
v 0.10164659979556628 1.9855521317459734 -0.40522970227097554
v 0.1237436867076459 2.003978579230943 -0.3930335027365438
v 0.07954951288348666 2.0212266100219445 -0.4190924346761428
v 0.10164659979556628 2.039653057506914 -0.406896235141711
v 0.10164659979556628 2.0028001625369756 -0.43128863421057456
v 0.1237436867076459 2.0212266100219445 -0.41909243467614277
v -0.07954951288348638 2.021226610021945 -0.4190924346761428
v -0.10164659979556606 2.039653057506914 -0.40689623514171097
v -0.10164659979556603 2.0028001625369756 -0.4312886342105745
v -0.12374368670764563 2.021226610021945 -0.4190924346761429
v -0.07954951288348641 2.003978579230943 -0.3930335027365438
v -0.10164659979556609 2.022405026715912 -0.38083730320211207
v -0.101646599795566 1.9855521317459737 -0.40522970227097543
v -0.12374368670764563 2.003978579230943 -0.39303350273654386
v -0.05937499999999979 2.0551544417821668 -0.37548193187745194
v 0.05937500000000023 2.0551544417821668 -0.3754819318774519
v -0.05937499999999982 1.9205855714058029 -0.44854686704220464
v 0.05937500000000023 1.9205855714058029 -0.4485468670422046
v -0.05937499999999987 2.076030137543524 -0.41393018055641295
v 0.05937500000000012 2.076030137543524 -0.41393018055641295
v -0.059374999999999845 1.9414612671671607 -0.4869951157211656
v 0.05937500000000018 1.9414612671671607 -0.4869951157211656
v -0.0749999999999997 1.9511307442958343 -0.43252520529902627
v 0.07500000000000023 1.9511307442958343 -0.4325252052990264
v -0.07499999999999979 1.8954986019817262 -0.44083948467506706
v 0.07500000000000007 1.8954986019817262 -0.44083948467506706
v -0.07499999999999968 1.9594450236718748 -0.4881573476131341
v 0.07500000000000018 1.9594450236718748 -0.4881573476131341
v -0.07499999999999976 1.9038128813577666 -0.4964716269891748
v 0.07500000000000018 1.9038128813577666 -0.4964716269891748
v -0.2849264234693066 2.095557928374454 0.11562500000000014
v -0.28492642346930663 2.095557928374454 -0.08437499999999987
v -0.29291435503910446 2.068591123331286 0.1156250000000002
v -0.29291435503910446 2.068591123331286 -0.08437499999999981
v -0.2909190468122328 2.097333024278854 0.1156250000000002
v -0.2909190468122328 2.097333024278854 -0.08437499999999987
v -0.29890697838203073 2.0703662192356855 0.11562500000000014
v -0.29890697838203073 2.0703662192356855 -0.08437499999999987
v 0.0033934361126483625 2.214511141367089 0.11562500000000014
v 0.003393436112648418 2.214511141367089 -0.08437499999999987
v -0.28820604133622635 2.093726683026857 0.11562500000000014
v -0.2882060413362264 2.0937266830268575 -0.08437499999999987
v 0.001001664660366608 2.2202853884452844 0.11562500000000009
v 0.001001664660366608 2.2202853884452844 -0.08437499999999987
v -0.29059781278850794 2.099500930105053 0.1156250000000002
v -0.290597812788508 2.099500930105053 -0.08437499999999987
v -0.2299657329941467 2.0569073691518502 0.11562500000000014
v -0.2299657329941467 2.0569073691518502 -0.08437499999999987
v -0.26851903922687126 1.8830046428836118 0.11562500000000009
v -0.2685190392268713 1.883004642883612 -0.08437499999999992
v -0.30318793352814166 2.0731403401972077 0.11562500000000014
v -0.30318793352814166 2.0731403401972077 -0.08437499999999987
v -0.34174123976086607 1.8992376139289697 0.11562500000000014
v -0.3417412397608661 1.8992376139289697 -0.08437499999999992
v 0.30318793352814183 2.0731403401972077 0.1156250000000002
v 0.30318793352814194 2.0731403401972077 -0.08437499999999981
v 0.3417412397608665 1.8992376139289697 0.11562500000000014
v 0.3417412397608665 1.8992376139289697 -0.08437499999999987
v 0.22996573299414708 2.05690736915185 0.11562500000000014
v 0.22996573299414697 2.0569073691518502 -0.08437499999999987
v 0.2685190392268714 1.883004642883612 0.11562500000000009
v 0.2685190392268714 1.883004642883612 -0.08437499999999992
v -0.0010016646603662749 2.2202853884452844 0.1156250000000002
v -0.0010016646603661639 2.220285388445285 -0.08437499999999981
v 0.29059781278850844 2.099500930105053 0.11562500000000026
v 0.29059781278850855 2.0995009301050533 -0.08437499999999976
v -0.0033934361126481405 2.2145111413670886 0.11562500000000014
v -0.0033934361126481405 2.214511141367089 -0.08437499999999987
v 0.2882060413362267 2.093726683026857 0.1156250000000002
v 0.28820604133622657 2.0937266830268575 -0.08437499999999987
v 0.29091904681223296 2.097333024278854 0.1156250000000002
v 0.2909190468122332 2.0973330242788544 -0.08437499999999981
v 0.298906978382031 2.0703662192356855 0.1156250000000002
v 0.2989069783820309 2.0703662192356855 -0.08437499999999981
v 0.2849264234693068 2.0955579283744536 0.11562500000000009
v 0.2849264234693069 2.095557928374454 -0.08437499999999987
v 0.29291435503910473 2.0685911233312857 0.11562500000000014
v 0.2929143550391046 2.068591123331286 -0.08437499999999987
v 0.1906250000000001 1.9895844697752056 -0.2685348018518464
v 0.19062500000000016 2.0074728130917565 -0.3605623503000649
v 0.19062500000000016 1.8576783169994255 -0.29417476060556963
v 0.1906250000000001 1.8755666603159766 -0.38620230905378816
v -0.1874999999999999 1.9895844697752056 -0.2685348018518464
v -0.1874999999999999 2.0074728130917565 -0.36056235030006495
v -0.1874999999999999 1.8576783169994255 -0.29417476060556963
v -0.18749999999999994 1.8755666603159766 -0.38620230905378816
v 0.1906250000000001 1.9908487500000005 0.32489500000000016
v 0.19062500000000004 1.9908487500000003 0.26239500000000016
v 0.19062500000000016 1.74709875 0.32489500000000016
v 0.190625 1.7470987500000001 0.26239500000000016
v -0.1874999999999998 1.9908487500000005 0.32489500000000004
v -0.18749999999999986 1.9908487500000005 0.26239500000000016
v -0.1875 1.7470987500000001 0.32489500000000016
v -0.18749999999999992 1.74709875 0.26239500000000016
v 0.19062500000000016 2.0564737500000008 0.2436450000000001
v 0.19062500000000016 2.0564737500000003 -0.32510499999999987
v 0.1906250000000001 1.9689737500000004 0.2436450000000001
v 0.1906250000000001 1.9689737500000006 -0.32510499999999987
v -0.18749999999999992 2.0564737500000008 0.2436450000000001
v -0.18749999999999983 2.0564737500000008 -0.32510499999999987
v -0.18749999999999997 1.9689737500000006 0.2436450000000001
v -0.1874999999999999 1.9689737500000006 -0.3251049999999999
v 0.2625218617030735 2.0899765325984854 0.1781250000000001
v 0.2625218617030733 2.089976532598485 -0.17812499999999992
v 0.2661759593008796 1.8806334214251161 0.1781250000000001
v 0.2661759593008797 1.8806334214251164 -0.1781249999999999
v 0.20003138075579902 2.088885757196155 0.1781250000000001
v 0.20003138075579902 2.0888857571961545 -0.17812499999999995
v 0.20368547835360523 1.8795426460227858 0.1781250000000001
v 0.20368547835360512 1.8795426460227858 -0.17812499999999987
v -0.20003138075579885 2.088885757196155 0.1781250000000001
v -0.20003138075579874 2.088885757196155 -0.17812499999999987
v -0.2036854783536051 1.8795426460227858 0.1781250000000001
v -0.20368547835360495 1.8795426460227858 -0.17812499999999995
v -0.2625218617030733 2.0899765325984854 0.1781250000000001
v -0.2625218617030731 2.0899765325984854 -0.1781249999999999
v -0.2661759593008796 1.8806334214251161 0.1781250000000001
v -0.26617595930087945 1.8806334214251161 -0.1781249999999999
v -0.2874999999999998 1.9421875 0.1781250000000003
v -0.28749999999999976 1.9421875000000002 -0.1843749999999998
v -0.2874999999999999 1.8296875000000001 0.1781250000000002
v -0.28749999999999987 1.8296875000000004 -0.1843749999999998
v -0.3687499999999999 1.9421875 0.1781250000000002
v -0.3687499999999999 1.9421875000000002 -0.18437499999999982
v -0.3687499999999999 1.8296875000000001 0.1781250000000003
v -0.36874999999999986 1.8296875000000004 -0.1843749999999998
v -0.29458129829858104 1.941089625869208 -0.18194339181095154
v -0.2864603014688364 1.8887339722745609 -0.3020246036934462
v -0.2978023661814099 1.8493914835480758 -0.14218065276360253
v -0.28968136935166516 1.7970358299534281 -0.26226186464609713
v -0.3631638272210366 1.9414242178830103 -0.18672745648284583
v -0.35504283039129175 1.8890685642883627 -0.30680866836534043
v -0.3663848951038653 1.8497260755618778 -0.1469647174354968
v -0.3582638982741206 1.7973704219672302 -0.2670459293179914
v -0.306468875339254 1.8739584566958045 0.06797073668723164
v -0.23411406943729166 1.6611444851660386 0.20354818903317806
v -0.3064688753392539 1.9411209077391578 0.17339466741384235
v -0.23411406943729152 1.728306936209392 0.3089721197597888
v -0.3605398457357843 1.860882008618412 0.07630135287433193
v -0.28818503983382193 1.6480680370886462 0.21187880522027835
v -0.3605398457357843 1.9280444596617647 0.18172528360094276
v -0.28818503983382193 1.715230488131999 0.31730273594688907
v -0.2392705204831689 1.798537346336208 0.3457889311662029
v -0.2924553917964581 1.9100781986867017 0.20895272124604236
v -0.22948766621067504 1.728165663582863 0.2846237079691466
v -0.2826725375239644 1.8397065159333565 0.14778749804898594
v -0.283885613319181 1.786085242674016 0.3529794965556583
v -0.33707048463247036 1.8976260950245094 0.21614328663549764
v -0.27410275904668735 1.715713559920671 0.291814273358602
v -0.3272876303599766 1.8272544122711643 0.15497806343844123
v 0.3687500000000001 1.9421875000000002 0.1781250000000003
v 0.3687500000000003 1.9421875000000004 -0.1843749999999998
v 0.3687500000000002 1.8296875000000004 0.1781250000000003
v 0.3687500000000003 1.8296875000000004 -0.18437499999999973
v 0.2937500000000001 1.9421875000000002 0.1781250000000003
v 0.29375000000000034 1.9421875000000002 -0.1843749999999998
v 0.2937500000000001 1.8296875000000004 0.1781250000000003
v 0.29375000000000034 1.8296875000000004 -0.18437499999999973
v 0.36316382722103674 1.9414242178830103 -0.1867274564828459
v 0.355042830391292 1.8890685642883625 -0.3068086683653403
v 0.3663848951038657 1.8497260755618776 -0.14696471743549683
v 0.3582638982741208 1.7973704219672304 -0.2670459293179913
v 0.2945812982985813 1.941089625869208 -0.1819433918109516
v 0.28646030146883655 1.8887339722745609 -0.302024603693446
v 0.29780236618141037 1.8493914835480758 -0.1421806527636026
v 0.2896813693516654 1.797035829953428 -0.26226186464609713
v 0.28820827889495376 1.7177500190681074 0.3211074445122579
v 0.36056308479691596 1.9305639905978733 0.1855299921663116
v 0.2882082788949539 1.6505875680247546 0.21568351378564732
v 0.36056308479691607 1.8634015395545203 0.08010606143970084
v 0.22812942289880872 1.7322794058207658 0.31185120430436863
v 0.30048422880077114 1.945093377350532 0.17627375195842243
v 0.22812942289880883 1.6651169547774132 0.20642727357775803
v 0.300484228800771 1.877930926307179 0.07084982123181166
v 0.28388561331918144 1.786085242674016 0.3529794965556582
v 0.33707048463247063 1.8976260950245096 0.21614328663549764
v 0.2741027590466874 1.7157135599206712 0.291814273358602
v 0.32728763035997693 1.8272544122711643 0.15497806343844145
v 0.23927052048316894 1.7985373463362078 0.3457889311662029
v 0.29245539179645835 1.9100781986867017 0.20895272124604225
v 0.22948766621067523 1.728165663582863 0.2846237079691465
v 0.28267253752396454 1.8397065159333565 0.14778749804898605
v 0.06250000000000006 2.2548565446621334 0.195025554091374
v 0.06250000000000006 2.1979839652323494 0.16910722642535903
v 0.06250000000000006 2.1382240701650668 0.45095216152540185
v 0.0625 2.0813514907352824 0.42503383385938687
v -0.06249999999999986 2.254856544662134 0.19502555409137412
v -0.06249999999999989 2.19798396523235 0.16910722642535914
v -0.06249999999999992 2.1382240701650668 0.45095216152540185
v -0.062499999999999944 2.081351490735283 0.42503383385938687
v 0.08274047148310809 2.191724237837133 0.34789258639839615
v 0.08871990011381276 2.197248509565153 0.3345558146703763
v 0.08274047148310809 2.191724237837133 0.34789258639839615
v 0.08871990011381276 2.197248509565153 0.3345558146703763
v -0.09048694086275813 2.219182977100894 0.28160132566215734
v -0.0845075122320535 2.224707248828914 0.2682645539341374
v -0.09048694086275813 2.219182977100894 0.28160132566215734
v -0.0845075122320535 2.224707248828914 0.2682645539341374
v 0.09048694086275838 2.2191829771008935 0.28160132566215723
v 0.08450751223205383 2.2247072488289135 0.2682645539341373
v 0.09048694086275838 2.2191829771008935 0.28160132566215723
v 0.08450751223205383 2.2247072488289135 0.2682645539341373
v -0.08274047148310776 2.191724237837133 0.34789258639839615
v -0.08871990011381237 2.197248509565153 0.3345558146703763
v -0.08274047148310776 2.191724237837133 0.34789258639839615
v -0.08871990011381237 2.197248509565153 0.3345558146703763
v 0.22427896972657685 2.050411510914943 0.35281694986274414
v 0.2302583983572813 2.0559357826429627 0.3394801781347243
v 0.22427896972657685 2.050411510914943 0.35281694986274414
v 0.2302583983572813 2.0559357826429627 0.3394801781347243
v 0.08273241332825076 2.1916200964531196 0.3478462615720932
v 0.08871184195895526 2.19714436818114 0.33450948984407347
v 0.08273241332825076 2.1916200964531196 0.3478462615720932
v 0.08871184195895526 2.19714436818114 0.33450948984407347
v -0.08273277301264556 2.1916198694243 0.3478460291041142
v -0.0887122016433502 2.19714414115232 0.33450925737609427
v -0.08273277301264556 2.1916198694243 0.3478460291041142
v -0.0887122016433502 2.19714414115232 0.33450925737609427
v -0.2242793294109717 2.0504112838861226 0.35281671739476506
v -0.23025875804167623 2.055935555614143 0.3394799456667451
v -0.2242793294109717 2.0504112838861226 0.35281671739476506
v -0.23025875804167623 2.055935555614143 0.3394799456667451
v 0.24302934470571008 2.110746630206105 0.1682943839237715
v 0.2370499160750053 2.116270901934125 0.15495761219575166
v 0.24302934470571008 2.110746630206105 0.1682943839237715
v 0.2370499160750053 2.116270901934125 0.15495761219575166
v 0.09050355910864655 2.2191580036202336 0.28158348905953023
v 0.08452413047794205 2.2246822753482536 0.2682467173315104
v 0.09050355910864655 2.2191580036202336 0.28158348905953023
v 0.08452413047794205 2.2246822753482536 0.2682467173315104
v -0.09050355910864641 2.219158003620233 0.2815834890595301
v -0.0845241304779418 2.224682275348253 0.2682467173315103
v -0.09050355910864641 2.219158003620233 0.2815834890595301
v -0.0845241304779418 2.224682275348253 0.2682467173315103
v -0.24302934470570975 2.110746630206105 0.1682943839237715
v -0.23704991607500514 2.1162709019341244 0.15495761219575166
v -0.24302934470570975 2.110746630206105 0.1682943839237715
v -0.23704991607500514 2.1162709019341244 0.15495761219575166
vt 0.172660546875 0.502883125
vt 0.184761328125 0.50333875
vt 0.18329 0.521173359375
vt 0.172660546875 0.5234375
vt 0.132893828125 0.501813046875
vt 0.144449921875 0.505433359375
vt 0.142931328125 0.5234375
vt 0.132893828125 0.5225514062500001
vt 0.142190625 0.38054296875000004
vt 0.1423828125 0.3984375
vt 0.1408203125 0.3984375
vt 0.14082890625 0.38038515625
vt 0.6243359375 0.982421875
vt 0.625 0.983836015625
vt 0.603146171875 0.983836015625
vt 0.6015625 0.763671875
vt 0.61328125 0.763671875
vt 0.61328125 0.765625
vt 0.6015625 0.765625
vt 0.6111328125 0.8046875
vt 0.6095703125 0.8046875
vt 0.6095703125 0.792578125
vt 0.500753359375 0.79296875
vt 0.512918515625 0.79296875
vt 0.511846875 0.8125
vt 0.5011346875 0.8118867187500001
vt 0.039883203125 0.48773046875000003
vt 0.051913671875 0.48911031250000003
vt 0.050246796875 0.5078125
vt 0.039883203125 0.50609859375
vt 0.586323828125 0.404296875
vt 0.605073828125 0.404296875
vt 0.605082421875 0.40588984375000003
vt 0.586323828125 0.40625
vt 0.62137578125 0.92141390625
vt 0.60241625 0.92141390625
vt 0.60288015625 0.919921875
vt 0.622193125 0.9202903125
vt 0.603515625 0.41796875
vt 0.603515625 0.4296875
vt 0.6015625 0.4296875
vt 0.6015625 0.41796875
vt 0.056640625 0.37890625
vt 0.056640625 0.39058531249999995
vt 0.055180859375 0.390625
vt 0.0546875 0.37890625
vt 0.18329 0.521173359375
vt 0.184761328125 0.50333875
vt 0.172660546875 0.502883125
vt 0.172660546875 0.5234375
vt 0.142931328125 0.5234375
vt 0.144449921875 0.505433359375
vt 0.132893828125 0.501813046875
vt 0.132893828125 0.5225514062500001
vt 0.1408203125 0.3984375
vt 0.1423828125 0.3984375
vt 0.142190625 0.38054296875000004
vt 0.14082890625 0.38038515625
vt 0.625 0.983836015625
vt 0.6243359375 0.982421875
vt 0.603146171875 0.983836015625
vt 0.61328125 0.765625
vt 0.61328125 0.763671875
vt 0.6015625 0.763671875
vt 0.6015625 0.765625
vt 0.6095703125 0.8046875
vt 0.6111328125 0.8046875
vt 0.6095703125 0.792578125
vt 0.51953125 0.609375
vt 0.5 0.609375
vt 0.5 0.59765625
vt 0.51953125 0.59765625
vt 0.497219453125 0.8359375
vt 0.477198984375 0.8359375
vt 0.47714890625 0.8238282031249999
vt 0.49746046875 0.82374421875
vt 0.30498046875 0.40625
vt 0.3046875 0.404296875
vt 0.32421875 0.404296875
vt 0.32421875 0.40607890625
vt 0.291015625 0.40625
vt 0.2890625 0.40625
vt 0.2890625 0.38671875
vt 0.291015625 0.38671875
vt 0.111328125 0.390625
vt 0.109375 0.390625
vt 0.109375 0.37890625
vt 0.111328125 0.37890625
vt 0.61112796875 0.82801140625
vt 0.609375 0.828125
vt 0.609375 0.8159278125
vt 0.61091546875 0.81590703125
vt 0.484375 0.9609375
vt 0.4609375 0.9609375
vt 0.4609375 0.94921875
vt 0.484375 0.94921875
vt 0.489931640625 0.5546875
vt 0.469363359375 0.5546875
vt 0.469294375 0.542578359375
vt 0.491643125 0.5427080468750001
vt 0.5880390625 0.859375
vt 0.5859375 0.857421875
vt 0.609375 0.857421875
vt 0.609375 0.858628125
vt 0.111480859375 0.42109375000000004
vt 0.109918359375 0.42109375000000004
vt 0.109918359375 0.3984375
vt 0.112737890625 0.39877656250000004
vt 0.611328125 0.890625
vt 0.609375 0.890625
vt 0.609375 0.87890625
vt 0.611328125 0.87890625
vt 0.59685421875 0.718426640625
vt 0.59375 0.71875
vt 0.59375 0.706640078125
vt 0.59606328125 0.706456640625
vt 0.511846875 0.8125
vt 0.512918515625 0.79296875
vt 0.500753359375 0.79296875
vt 0.5011346875 0.8118867187500001
vt 0.050246796875 0.5078125
vt 0.051913671875 0.48911031250000003
vt 0.039883203125 0.48773046875000003
vt 0.039883203125 0.50609859375
vt 0.605082421875 0.40588984375000003
vt 0.605073828125 0.404296875
vt 0.586323828125 0.404296875
vt 0.586323828125 0.40625
vt 0.60288015625 0.919921875
vt 0.60241625 0.92141390625
vt 0.62137578125 0.92141390625
vt 0.622193125 0.9202903125
vt 0.6015625 0.4296875
vt 0.603515625 0.4296875
vt 0.603515625 0.41796875
vt 0.6015625 0.41796875
vt 0.055180859375 0.390625
vt 0.056640625 0.39058531249999995
vt 0.056640625 0.37890625
vt 0.0546875 0.37890625
vt 0.5 0.59765625
vt 0.5 0.609375
vt 0.51953125 0.609375
vt 0.51953125 0.59765625
vt 0.47714890625 0.8238282031249999
vt 0.477198984375 0.8359375
vt 0.497219453125 0.8359375
vt 0.49746046875 0.82374421875
vt 0.32421875 0.404296875
vt 0.3046875 0.404296875
vt 0.30498046875 0.40625
vt 0.32421875 0.40607890625
vt 0.2890625 0.38671875
vt 0.2890625 0.40625
vt 0.291015625 0.40625
vt 0.291015625 0.38671875
vt 0.109375 0.37890625
vt 0.109375 0.390625
vt 0.111328125 0.390625
vt 0.111328125 0.37890625
vt 0.609375 0.8159278125
vt 0.609375 0.828125
vt 0.61112796875 0.82801140625
vt 0.61091546875 0.81590703125
vt 0.4609375 0.94921875
vt 0.4609375 0.9609375
vt 0.484375 0.9609375
vt 0.484375 0.94921875
vt 0.469294375 0.542578359375
vt 0.469363359375 0.5546875
vt 0.489931640625 0.5546875
vt 0.491643125 0.5427080468750001
vt 0.609375 0.857421875
vt 0.5859375 0.857421875
vt 0.5880390625 0.859375
vt 0.609375 0.858628125
vt 0.109918359375 0.3984375
vt 0.109918359375 0.42109375000000004
vt 0.111480859375 0.42109375000000004
vt 0.112737890625 0.39877656250000004
vt 0.609375 0.87890625
vt 0.609375 0.890625
vt 0.611328125 0.890625
vt 0.611328125 0.87890625
vt 0.59375 0.706640078125
vt 0.59375 0.71875
vt 0.59685421875 0.718426640625
vt 0.59606328125 0.706456640625
vt 0.347703515625 0.997326796875
vt 0.313053203125 1
vt 0.3125 0.98046875
vt 0.347609140625 0.98046875
vt 0.244140625 0.6485170312499999
vt 0.244140625 0.685564921875
vt 0.2265625 0.68573546875
vt 0.227181484375 0.6484375
vt 0.466796875 0.904435703125
vt 0.46463078125 0.9140625
vt 0.429878203125 0.9140625
vt 0.429935078125 0.9070784375000001
vt 0.34375 0.5373046875
vt 0.3359375 0.5373046875
vt 0.3359375 0.5021484375
vt 0.34375 0.5
vt 0.55449609375 0.578125
vt 0.54706640625 0.57751953125
vt 0.54706640625 0.560546875
vt 0.554084375 0.560546875
vt 0.095703125 0.47628203125
vt 0.08613890625 0.47385453125
vt 0.08613890625 0.457056015625
vt 0.093490390625 0.45703125
vt 0.119140625 0.46875
vt 0.109375 0.46875
vt 0.109375 0.451171875
vt 0.119140625 0.451171875
vt 0.54296875 0.9453125
vt 0.532716953125 0.943709140625
vt 0.532716953125 0.928068046875
vt 0.541414921875 0.9283171875
vt 0.005859375 0.421875
vt 0 0.4188690625
vt 0.003300703125 0.410094296875
vt 0.005859375 0.411667578125
vt 0.296875 0.4296875
vt 0.2890625 0.4296875
vt 0.2890625 0.419921875
vt 0.296875 0.419921875
vt 0.48873984375 0.4515625
vt 0.4852046875 0.453125
vt 0.4852046875 0.435546875
vt 0.4921875 0.435546875
vt 0.5546875 0.54624390625
vt 0.547736875 0.546875
vt 0.547632890625 0.529296875
vt 0.554640703125 0.529296875
vt 0.53515625 0.90625
vt 0.5234375 0.90625
vt 0.5234375 0.890625
vt 0.53515625 0.890625
vt 0.53515625 0.4765625
vt 0.5234375 0.4765625
vt 0.5234375 0.4633890625
vt 0.53515625 0.46094218750000004
vt 0.58984375 0.84375
vt 0.5859375 0.84375
vt 0.5859375 0.83203125
vt 0.58984375 0.83203125
vt 0.109375 0.4375
vt 0.109375 0.4296875
vt 0.12109375 0.4296875
vt 0.12109375 0.4366375
vt 0.09765625 0.4453125
vt 0.094140625 0.4453125
vt 0.094140625 0.430078125
vt 0.101171875 0.4326171875
vt 0.5546875 0.515625
vt 0.550390625 0.515625
vt 0.546875 0.5
vt 0.5546875 0.5
vt 0.25390625 0.40234375
vt 0.25390625 0.4140625
vt 0.25 0.4140625
vt 0.25 0.40234375
vt 0.027288125 0.3984375
vt 0.016045 0.3984375
vt 0.015625 0.395471796875
vt 0.026561484375 0.39562757812500005
vt 0.57421875 0.48496445312500003
vt 0.573451875 0.4921875
vt 0.562514921875 0.4921875
vt 0.562976796875 0.48504078125000005
vt 0.5625 0.859375
vt 0.5625 0.8515625
vt 0.57421875 0.8515625
vt 0.57421875 0.859375
vt 0.1640625 0.397880390625
vt 0.156921015625 0.3984375
vt 0.156921015625 0.39453125
vt 0.16393765625 0.39453125
vt 0.19140625 0.39119070312500004
vt 0.190907734375 0.3984375
vt 0.188009140625 0.39828023437500004
vt 0.188009140625 0.391306328125
vt 0.583984375 0.779296875
vt 0.583984375 0.7890625
vt 0.578125 0.7890625
vt 0.578125 0.779296875
vt 0.60366125 0.78125
vt 0.59448078125 0.779352578125
vt 0.59375 0.77734375
vt 0.603121171875 0.77734375
vt 0.5464515625 0.4296875
vt 0.539290546875 0.42915531250000005
vt 0.539290546875 0.41978000000000004
vt 0.546646953125 0.42051031250000004
vt 0.5703125 0.703125
vt 0.5703125 0.6953125
vt 0.580078125 0.6953125
vt 0.580078125 0.703125
vt 0.6015625 0.997716484375
vt 0.5942778125 1
vt 0.5942778125 0.994140625
vt 0.60127359375 0.994140625
vt 0.005859375 0.39126343750000003
vt 0.00555015625 0.3984375
vt 0.00081171875 0.398316171875
vt 0.00081171875 0.39130750000000003
vt 0.249601875 0.494140625
vt 0.24815078125 0.529086953125
vt 0.2421875 0.53125
vt 0.2421875 0.494140625
vt 0.490575234375 0.8515625
vt 0.453370234375 0.848774765625
vt 0.453125 0.84375
vt 0.49061796875 0.84375
vt 0.374236796875 0.53125
vt 0.3671875 0.5291609374999999
vt 0.3671875 0.49379312500000005
vt 0.37383890625 0.4942046875
vt 0.453125 0.7734375
vt 0.453125 0.765625
vt 0.490234375 0.765625
vt 0.490234375 0.7734375
vt 0.515625 0.903531171875
vt 0.50810984375 0.90625
vt 0.50810984375 0.8984375
vt 0.515137734375 0.8984375
vt 0.2248203125 0.4147103125
vt 0.226469140625 0.421875
vt 0.218922265625 0.421875
vt 0.218843359375 0.41515851562499995
vt 0.322265625 0.8046875
vt 0.2890625 0.8046875
vt 0.2890625 0.78125
vt 0.322265625 0.78125
vt 0.280773984375 0.84375
vt 0.242663515625 0.84375
vt 0.242993203125 0.820314765625
vt 0.28059140625 0.819932734375
vt 0.43702328125 0.685546875
vt 0.433463828125 0.6953125
vt 0.40026109375 0.69515734375
vt 0.39891421875 0.685546875
vt 0.423828125 0.646980625
vt 0.4140625 0.645966875
vt 0.414500546875 0.6127666406250001
vt 0.423828125 0.609375
vt 0.5093015625 0.6481453125000001
vt 0.5 0.6484375
vt 0.5 0.624609375
vt 0.50989140625 0.6247234374999999
vt 0.509765625 0.5625
vt 0.5 0.5625
vt 0.5 0.5390625
vt 0.509765625 0.5390625
vt 0.072265625 0.8671875
vt 0.0390625 0.8671875
vt 0.0390625 0.828125
vt 0.072265625 0.828125
vt 0.0390625 0.92076484375
vt 0 0.921875
vt 0 0.88125
vt 0.0390625 0.88131171875
vt 0.23603359375 0.59375
vt 0.22665859375 0.58984375
vt 0.22665859375 0.55703125
vt 0.23623203125 0.55528125
vt 0.000100703125 0.546875
vt 0.009664921875 0.548674375
vt 0.009495703125 0.58148640625
vt 0.000100703125 0.585344296875
vt 0.189453125 0.6171875
vt 0.1796875 0.61607734375
vt 0.1796875 0.5766242187499999
vt 0.189453125 0.5765625
vt 0.056640625 0.6015625
vt 0.046875 0.6015625
vt 0.046875 0.5625
vt 0.056640625 0.5625
vt 0.275390625 0.8046875
vt 0.2421875 0.8046875
vt 0.2421875 0.779296875
vt 0.275390625 0.779296875
vt 0.273180859375 0.8825203125
vt 0.234631640625 0.8828125
vt 0.234631640625 0.858203125
vt 0.272635546875 0.8591953125
vt 0.335680859375 0.592046875
vt 0.333901171875 0.6015625
vt 0.301088671875 0.6015625
vt 0.297131640625 0.5919046875
vt 0.421346875 0.82484453125
vt 0.41738984375 0.83450625
vt 0.38457734375 0.83450625
vt 0.383340625 0.82421875
vt 0.025390625 0.5075953125
vt 0.015625 0.5078125
vt 0.015625 0.48320312499999996
vt 0.025390625 0.48298593749999996
vt 0.267578125 0.5070210937499999
vt 0.25850390625 0.50651171875
vt 0.2578125 0.48317578125000005
vt 0.267578125 0.482421875
vt 0.29296875 0.9140625
vt 0.2578125 0.9140625
vt 0.2578125 0.890625
vt 0.29296875 0.890625
vt 0.219448125 0.88259546875
vt 0.181778125 0.88259546875
vt 0.180321640625 0.8586559375
vt 0.222022109375 0.857421875
vt 0.012802734375 0.6328125
vt 0.000869140625 0.6328125
vt 0.0031784375 0.5987109374999999
vt 0.012463828125 0.59522875
vt 0.414112265625 0.51953125
vt 0.421825234375 0.52305203125
vt 0.421422734375 0.557229296875
vt 0.414112265625 0.561263046875
vt 0.4946078125 0.703125
vt 0.484375 0.703125
vt 0.484375 0.679296875
vt 0.492853125 0.6792046875
vt 0.22999515625 0.5417384375000001
vt 0.21922359375 0.546875
vt 0.21922359375 0.52142546875
vt 0.226091328125 0.5186901562499999
vt 0.19140625 0.921875
vt 0.151916953125 0.921875
vt 0.149168359375 0.8934815625
vt 0.1817165625 0.891233203125
vt 0.123046875 0.83870015625
vt 0.123046875 0.8828125
vt 0.09375 0.86929375
vt 0.09920671875 0.834603828125
vt 0.11817359375 0.47997820312499995
vt 0.123046875 0.48101562499999995
vt 0.123046875 0.520504453125
vt 0.1171875 0.5234375
vt 0.005859375 0.4921875
vt 0 0.48984375
vt 0 0.45703125
vt 0.005859375 0.45703125
vt 0.282950546875 0.544921875
vt 0.28208890625 0.5546875
vt 0.25 0.55077953125
vt 0.250522890625 0.544921875
vt 0.552734375 0.6191059375
vt 0.548511484375 0.6225224218750001
vt 0.524214765625 0.625
vt 0.524214765625 0.619175
vt 0.228515625 0.84375
vt 0.1875 0.84375
vt 0.1875 0.818359375
vt 0.228515625 0.818359375
vt 0.228515625 0.8046875
vt 0.1875 0.8046875
vt 0.1875 0.779296875
vt 0.228515625 0.779296875
vt 0.525390625 0.658203125
vt 0.525390625 0.6640625
vt 0.484375 0.6640625
vt 0.484375 0.658203125
vt 0.498046875 0.9453125
vt 0.4921875 0.9453125
vt 0.4921875 0.904296875
vt 0.498046875 0.904296875
vt 0.138671875 0.4609375
vt 0.1328125 0.4609375
vt 0.1328125 0.435546875
vt 0.138671875 0.435546875
vt 0.177734375 0.4609375
vt 0.171875 0.4609375
vt 0.171875 0.435546875
vt 0.177734375 0.435546875
vt 0.294656875 0.700834140625
vt 0.271423828125 0.703125
vt 0.26589 0.677734375
vt 0.292564453125 0.677734375
vt 0.25 0.953125
vt 0.2265625 0.953125
vt 0.2265625 0.9296875
vt 0.25 0.9296875
vt 0.53125 0.8275825
vt 0.53125 0.8359375
vt 0.50790453125 0.835539609375
vt 0.5078125 0.827231796875
vt 0.29296875 0.9609375
vt 0.29296875 0.968270390625
vt 0.265625 0.9676834375
vt 0.26898234375 0.961630546875
vt 0.07153359375 0.47576023437500004
vt 0.06323203125 0.47613914062499996
vt 0.06323203125 0.453461875
vt 0.070557890625 0.453125
vt 0.517080234375 0.7109375
vt 0.508725703125 0.7109375
vt 0.508310390625 0.6882850781250001
vt 0.514279375 0.685852578125
vt 0.28125 0.6640625
vt 0.2578125 0.6640625
vt 0.2578125 0.638671875
vt 0.28125 0.638671875
vt 0.3125 0.6640625
vt 0.2890625 0.6640625
vt 0.2890625 0.638671875
vt 0.3125 0.638671875
vt 0.5390625 0.75
vt 0.5390625 0.7578125
vt 0.515625 0.7578125
vt 0.515625 0.75
vt 0.142578125 0.4921875
vt 0.1328125 0.4921875
vt 0.13457109375 0.46875
vt 0.142578125 0.46875
vt 0.205078125 0.5234375
vt 0.1970703125 0.5234375
vt 0.1953125 0.498046875
vt 0.205078125 0.498046875
vt 0.2421875 0.484375
vt 0.234375 0.484375
vt 0.234375 0.458984375
vt 0.2421875 0.458984375
vt 0.456792890625 0.8031042187499999
vt 0.4606490625 0.8125
vt 0.4221634375 0.8125
vt 0.42858375 0.8080546875
vt 0.437244375 0.671875
vt 0.398693125 0.671875
vt 0.4332490625 0.6622285156250001
vt 0.571135078125 0.93900078125
vt 0.573088203125 0.931640625
vt 0.573088203125 0.9675215625
vt 0.573396171875 0.967425234375
vt 0.6172296875 0.453125
vt 0.6249578125 0.453125
vt 0.6249578125 0.453125
vt 0.563654609375 0.546875
vt 0.574095390625 0.546875
vt 0.57169703125 0.5546875
vt 0.562623359375 0.550125
vt 0.3828125 0.5
vt 0.390097421875 0.53830140625
vt 0.3828125 0.5390625
vt 0.3828125 0.5
vt 0.423599765625 0.96484375
vt 0.42301875 0.9765625
vt 0.391424296875 0.97317859375
vt 0.390853359375 0.96484375
vt 0.358337890625 0.858163984375
vt 0.3203125 0.858163984375
vt 0.354241171875 0.841796875
vt 0.34029984375 0.553164765625
vt 0.371345703125 0.546399296875
vt 0.375 0.5546875
vt 0.337186328125 0.5546875
vt 0.0019196875 0.535390625
vt 0 0.5026378125
vt 0.0078125 0.5
vt 0.0078125 0.537397421875
vt 0.591796875 0.42070312499999996
vt 0.591796875 0.4296875
vt 0.58700859375 0.42742265625
vt 0.3828125 0.44406570312500004
vt 0.3828125 0.4609375
vt 0.37548375 0.45540875000000003
vt 0.375 0.443291171875
vt 0.259765625 0.56303296875
vt 0.259765625 0.6015625
vt 0.25 0.597635234375
vt 0.255030625 0.56944078125
vt 0.431501796875 0.70363109375
vt 0.431501796875 0.7421875
vt 0.422013828125 0.7382303125
vt 0.59899515625 0.8893390624999999
vt 0.56311421875 0.8893390624999999
vt 0.570474296875 0.88671875
vt 0.598898828125 0.88897984375
vt 0.5634765625 0.37508515625000005
vt 0.5634765625 0.3828125
vt 0.5634765625 0.37508515625000005
vt 0.099608359375 0.42057156250000005
vt 0.093751015625 0.421875
vt 0.093751015625 0.411594921875
vt 0.09622171875 0.4108721875
vt 0.5390625 0.845581875
vt 0.538567578125 0.8515625
vt 0.50050625 0.845703125
vt 0.50050625 0.845703125
vt 0.25 0.597635234375
vt 0.259765625 0.6015625
vt 0.259765625 0.56303296875
vt 0.255030625 0.56944078125
vt 0.431501796875 0.7421875
vt 0.431501796875 0.70363109375
vt 0.422013828125 0.7382303125
vt 0.570474296875 0.88671875
vt 0.56311421875 0.8893390624999999
vt 0.59899515625 0.8893390624999999
vt 0.598898828125 0.88897984375
vt 0.5634765625 0.3828125
vt 0.5634765625 0.37508515625000005
vt 0.5634765625 0.37508515625000005
vt 0.093751015625 0.411594921875
vt 0.093751015625 0.421875
vt 0.099608359375 0.42057156250000005
vt 0.09622171875 0.4108721875
vt 0.538567578125 0.8515625
vt 0.5390625 0.845581875
vt 0.50050625 0.845703125
vt 0.50050625 0.845703125
vt 0.400390625 0.5483325
vt 0.400390625 0.5859375
vt 0.390625 0.582116484375
vt 0.39482078125 0.55386703125
vt 0.33928140625 0.9040421875
vt 0.30680796875 0.921875
vt 0.3051321875 0.91117265625
vt 0.467169140625 0.827290859375
vt 0.46875 0.8359375
vt 0.431144609375 0.8359375
vt 0.431144609375 0.8359375
vt 0.3046875 0.910009296875
vt 0.3318821875 0.901024453125
vt 0.33928140625 0.9040421875
vt 0.305202421875 0.91115796875
vt 0.6181640625 0.429820078125
vt 0.6181640625 0.4375
vt 0.6181640625 0.429820078125
vt 0.430749296875 0.4416346875
vt 0.422766328125 0.4453125
vt 0.422766328125 0.434479765625
vt 0.4249653125 0.43314234375000005
vt 0.35546875 0.87109375
vt 0.35546875 0.890472265625
vt 0.32069484375 0.888789375
vt 0.3203125 0.87209609375
vt 0.357421875 0.75390625
vt 0.357421875 0.77131921875
vt 0.320556484375 0.771682109375
vt 0.3203125 0.754890546875
vt 0.306640625 0.541206328125
vt 0.306640625 0.57595890625
vt 0.296875 0.578125
vt 0.299517734375 0.541263203125
vt 0.359375 0.5021484375
vt 0.359375 0.5373046875
vt 0.3515625 0.5373046875
vt 0.3515625 0.5
vt 0.3984375 0.443359375
vt 0.3984375 0.46033203125
vt 0.390625 0.4609375
vt 0.39103671875 0.443359375
vt 0.515649765625 0.958984375
vt 0.53244828125 0.958984375
vt 0.53487578125 0.96875
vt 0.515625 0.966537265625
vt 0.259765625 0.451171875
vt 0.259765625 0.46875
vt 0.25 0.46875
vt 0.25 0.451171875
vt 0.53125 0.732421875
vt 0.54689109375 0.732421875
vt 0.548494453125 0.7421875
vt 0.5314990625 0.740633671875
vt 0.516570625 0.42669007812500004
vt 0.5253453125 0.423389453125
vt 0.52835125 0.4296875
vt 0.518143828125 0.4296875
vt 0.3125 0.419921875
vt 0.3125 0.4296875
vt 0.3046875 0.4296875
vt 0.3046875 0.419921875
vt 0.4140625 0.443359375
vt 0.4140625 0.4609375
vt 0.40969765625 0.459375
vt 0.40625 0.443359375
vt 0.5546875 0.763671875
vt 0.5546875 0.7810907031250001
vt 0.5469284375 0.780501171875
vt 0.546875 0.76371375
vt 0.53515625 0.8671875
vt 0.53515625 0.8828125
vt 0.5234375 0.8828125
vt 0.5234375 0.8671875
vt 0.02734375 0.4555765625
vt 0.02734375 0.46875
vt 0.015625 0.46875
vt 0.015625 0.45312968750000004
vt 0.58984375 0.67578125
vt 0.58984375 0.6875
vt 0.5859375 0.6875
vt 0.5859375 0.67578125
vt 0.1484375 0.4296875
vt 0.16015625 0.4296875
vt 0.16015625 0.4375
vt 0.1484375 0.4366375
vt 0.0546875 0.430078125
vt 0.0546875 0.4453125
vt 0.050390625 0.4453125
vt 0.046875 0.4326171875
vt 0.085546875 0.4296875
vt 0.08203125 0.4453125
vt 0.078515625 0.4453125
vt 0.078515625 0.4296875
vt 0.59765625 0.66015625
vt 0.59765625 0.6640625
vt 0.5859375 0.6640625
vt 0.5859375 0.66015625
vt 0.515625 0.402399375
vt 0.51953125 0.402819375
vt 0.51953125 0.4140625
vt 0.515780703125 0.4133359375
vt 0.5703125 0.5664211718750001
vt 0.5703125 0.5773581249999999
vt 0.5625 0.578125
vt 0.562576328125 0.566883046875
vt 0.359375 0.4453125
vt 0.359375 0.43359375
vt 0.3671875 0.43359375
vt 0.3671875 0.4453125
vt 0.6015625 0.8359375
vt 0.605077890625 0.8359375
vt 0.604520859375 0.84375
vt 0.6015625 0.84362515625
vt 0.178844921875 0.39480125
vt 0.179100625 0.3976928125
vt 0.171875 0.3984375
vt 0.171875 0.3950384375
vt 0.587890625 0.759765625
vt 0.587890625 0.765625
vt 0.578125 0.765625
vt 0.578125 0.759765625
vt 0.06365796875 0.40415124999999996
vt 0.066461953125 0.40488195312499997
vt 0.068359375 0.4140625
vt 0.06365796875 0.413522421875
vt 0.571218125 0.7109375
vt 0.5805934375 0.7109375
vt 0.581125625 0.7185546093749999
vt 0.5719484375 0.71875
vt 0.5703125 0.6875
vt 0.5703125 0.677734375
vt 0.578125 0.677734375
vt 0.578125 0.6875
vt 0.59375 0.7890625
vt 0.59882859375 0.7890625
vt 0.59654515625 0.796875
vt 0.59375 0.79658609375
vt 0.2265625 0.40138453124999995
vt 0.2265625 0.40612453125000003
vt 0.21875 0.40625
vt 0.218923203125 0.40120515625
vt 0.5 0.9921875
vt 0.4978390625 0.998151484375
vt 0.46250109375 0.99961484375
vt 0.46250109375 0.99220046875
vt 0.39894828125 0.501570078125
vt 0.40367421875 0.501842265625
vt 0.40625 0.5390625
vt 0.398734765625 0.5390625
vt 0.454730625 0.78125
vt 0.4900984375 0.78125
vt 0.4921875 0.7890625
vt 0.4551421875 0.788664609375
vt 0.4609375 0.6484375
vt 0.4609375 0.611328125
vt 0.46875 0.611328125
vt 0.46875 0.6484375
vt 0.578125 0.9921875
vt 0.585546796875 0.9921875
vt 0.58282796875 1
vt 0.578125 0.999512734375
vt 0.421875 0.500265703125
vt 0.421875 0.5078125
vt 0.4140625 0.506163671875
vt 0.414510703125 0.50018671875
vt 0.072265625 0.6796875
vt 0.072265625 0.703125
vt 0.0390625 0.703125
vt 0.0390625 0.6796875
vt 0.188931953125 0.7265625
vt 0.21236953125 0.7265625
vt 0.2118334375 0.765625
vt 0.18802109375 0.76510734375
vt 0.353515625 0.56484375
vt 0.353515625 0.598046875
vt 0.34375 0.6015625
vt 0.343928125 0.56345390625
vt 0.418308203125 0.990234375
vt 0.451511328125 0.990234375
vt 0.452394921875 1
vt 0.414792578125 0.99950390625
vt 0.501570078125 0.771358828125
vt 0.525390625 0.77195875
vt 0.524864375 0.78125
vt 0.501435078125 0.78125
vt 0.181640625 0.46875
vt 0.181640625 0.4921875
vt 0.171875 0.4921875
vt 0.171875 0.46875
vt 0.166015625 0.84375
vt 0.166015625 0.8828125
vt 0.1328125 0.8828125
vt 0.1328125 0.84375
vt 0.0859375 0.88125
vt 0.0859375 0.921875
vt 0.046875 0.92076484375
vt 0.046875 0.88131171875
vt 0.408346015625 0.771685703125
vt 0.441158046875 0.771855
vt 0.445015859375 0.78125
vt 0.406546640625 0.78125
vt 0.441109375 0.8591828125000001
vt 0.408296875 0.8591828125000001
vt 0.406546875 0.849609375
vt 0.445015625 0.8498078125
vt 0.212890625 0.5766242187499999
vt 0.212890625 0.61607734375
vt 0.203125 0.6171875
vt 0.203125 0.5765625
vt 0.408203125 0.9140625
vt 0.408203125 0.953125
vt 0.3984375 0.953125
vt 0.3984375 0.9140625
vt 0.291015625 0.927734375
vt 0.291015625 0.953125
vt 0.2578125 0.953125
vt 0.2578125 0.927734375
vt 0.1171875 0.741015625
vt 0.1171875 0.765625
vt 0.078125 0.7653328125
vt 0.07867109375 0.7420078125
vt 0.37690109375 0.56701078125
vt 0.376762578125 0.5998229687500001
vt 0.36723953125 0.6015625
vt 0.36723953125 0.56306296875
vt 0.401617265625 0.595150390625
vt 0.40109453125 0.62795875
vt 0.391351484375 0.63171109375
vt 0.391351484375 0.59375
vt 0.501953125 0.959765625
vt 0.501953125 0.984375
vt 0.4921875 0.9841578125
vt 0.4921875 0.9595484375
vt 0.509765625 0.8656811718749999
vt 0.509765625 0.88902734375
vt 0.500728515625 0.8898228125000001
vt 0.5 0.865234375
vt 0.30078125 0.9765625
vt 0.30078125 1
vt 0.265625 1
vt 0.265625 0.9765625
vt 0.0949840625 0.77734375
vt 0.119140625 0.7788003125
vt 0.119140625 0.816470234375
vt 0.09375 0.819044296875
vt 0.3003571875 0.615375703125
vt 0.333984375 0.613066484375
vt 0.333984375 0.625
vt 0.296875 0.62466109375
vt 0.475729296875 0.97650390625
vt 0.441549609375 0.97650390625
vt 0.438119921875 0.96875
vt 0.479848828125 0.96924140625
vt 0.517578125 0.921484375
vt 0.517578125 0.9453125
vt 0.5078125 0.9453125
vt 0.5095671875 0.9213921875
vt 0.432978828125 0.87890625
vt 0.458428359375 0.87890625
vt 0.453291796875 0.890625
vt 0.430243515625 0.886721171875
vt 0.002248359375 0.824949609375
vt 0.03125 0.827698203125
vt 0.03125 0.8671875
vt 0 0.8574978125
vt 0.144374609375 0.931461953125
vt 0.157893359375 0.9609375
vt 0.113781015625 0.9609375
vt 0.109684765625 0.936918671875
vt 0.502195078125 0.7578125
vt 0.462706171875 0.7578125
vt 0.46166875 0.7524803125
vt 0.505128125 0.75149421875
vt 0.513671875 0.46484375
vt 0.513671875 0.49765625
vt 0.5078125 0.5
vt 0.5078125 0.46484375
vt 0.44531078125 0.615234375
vt 0.44921875 0.64732328125
vt 0.4390221875 0.648184921875
vt 0.4390221875 0.615757265625
vt 0.162075 0.44802875
vt 0.15965625 0.472331328125
vt 0.15625 0.4765625
vt 0.15625 0.4480428125
vt 0.244140625 0.896484375
vt 0.244140625 0.921875
vt 0.203125 0.921875
vt 0.203125 0.896484375
vt 0.173828125 0.771484375
vt 0.173828125 0.796875
vt 0.1328125 0.796875
vt 0.1328125 0.771484375
vt 0.4921875 0.572265625
vt 0.533203125 0.572265625
vt 0.533203125 0.578125
vt 0.4921875 0.578125
vt 0.224609375 0.466796875
vt 0.224609375 0.5078125
vt 0.21875 0.5078125
vt 0.21875 0.466796875
vt 0.333984375 0.435546875
vt 0.333984375 0.4609375
vt 0.328125 0.4609375
vt 0.328125 0.435546875
vt 0.349609375 0.435546875
vt 0.349609375 0.4609375
vt 0.34375 0.4609375
vt 0.34375 0.435546875
vt 0.304962421875 0.673828125
vt 0.329803203125 0.6793619531249999
vt 0.327512421875 0.7025950000000001
vt 0.304962421875 0.700502578125
vt 0.0546875 0.625
vt 0.0546875 0.6484375
vt 0.03125 0.6484375
vt 0.03125 0.625
vt 0.4765625 0.46102898437499995
vt 0.4765625 0.484375
vt 0.46875 0.484232578125
vt 0.46879875 0.46079539062499997
vt 0.4609375 0.48046875
vt 0.4609375 0.50716953125
vt 0.453125 0.507008359375
vt 0.454330859375 0.4836921875
vt 0.047095078125 0.453125
vt 0.048129140625 0.4765625
vt 0.039818984375 0.4765625
vt 0.039761484375 0.453125
vt 0.491308359375 0.468701796875
vt 0.493409296875 0.49126046874999996
vt 0.485106328125 0.4921875
vt 0.485106328125 0.46694671875000004
vt 0.34375 0.638671875
vt 0.34375 0.6640625
vt 0.3203125 0.6640625
vt 0.3203125 0.638671875
vt 0.109375 0.630859375
vt 0.109375 0.65625
vt 0.0859375 0.65625
vt 0.0859375 0.630859375
vt 0.5234375 0.8046875
vt 0.546875 0.8046875
vt 0.546875 0.8125
vt 0.5234375 0.8125
vt 0.5157234375 0.71875
vt 0.51748046875 0.7421875
vt 0.50791015625 0.7421875
vt 0.50791015625 0.71875
vt 0.49404296875 0.505859375
vt 0.49228515625 0.53125
vt 0.48447265625 0.53125
vt 0.48447265625 0.505859375
vt 0.2890625 0.458984375
vt 0.2890625 0.484375
vt 0.28125 0.484375
vt 0.28125 0.458984375
vt 0.283203125 0.563076796875
vt 0.283203125 0.6015625
vt 0.2734375 0.597706328125
vt 0.27838796875 0.569497109375
vt 0.41595609375 0.8676986718749999
vt 0.41595609375 0.90625
vt 0.40630953125 0.9022546875
vt 0.59899515625 0.8737140624999999
vt 0.56311421875 0.8737140624999999
vt 0.570474296875 0.87109375
vt 0.598898828125 0.87335484375
vt 0.5478515625 0.3828125
vt 0.5478515625 0.375084375
vt 0.5478515625 0.3828125
vt 0.5698665625 0.47416421875000003
vt 0.5629459375 0.4765625
vt 0.5629459375 0.46612171874999997
vt 0.5653040625 0.46509054687499995
vt 0.4921875 0.859902578125
vt 0.49142640625 0.8671875
vt 0.45363609375 0.859375
vt 0.45363609375 0.859375
vt 0.165759609375 0.5845553125
vt 0.16914359375 0.6161496875
vt 0.15702828125 0.616730703125
vt 0.15702828125 0.583984375
vt 0.017578125 0.640625
vt 0.017578125 0.678600078125
vt 0.00119953125 0.674548125
vt 0.4609375 0.5546875
vt 0.453125 0.551079375
vt 0.459905546875 0.520036328125
vt 0.4609375 0.5169242968750001
vt 0.453957578125 0.599615390625
vt 0.456595390625 0.591796875
vt 0.489348125 0.5937165625
vt 0.491354921875 0.599615390625
vt 0.59375 0.8203125
vt 0.59375 0.811328125
vt 0.59853828125 0.81804765625
vt 0.553065546875 0.65688953125
vt 0.55859375 0.6640625
vt 0.541721640625 0.6640625
vt 0.540949296875 0.656405
vt 0.449303984375 0.56858734375
vt 0.453125 0.578125
vt 0.41552 0.578125
vt 0.42105453125 0.5727830468749999
vt 0.18147328125 0.6953125
vt 0.14899984375 0.6774796875
vt 0.1831490625 0.68461015625
vt 0.047709140625 0.5546875
vt 0.0390625 0.553106640625
vt 0.046875 0.517578125
vt 0.046875 0.517578125
vt 0.14899984375 0.6774796875
vt 0.1563990625 0.674461953125
vt 0.18359375 0.683446796875
vt 0.183078828125 0.68459546875
vt 0.62493375 0.46875
vt 0.61725375 0.46875
vt 0.61725375 0.46875
vt 0.42396328125 0.7890625
vt 0.434796015625 0.7890625
vt 0.431118203125 0.796875
vt 0.422625859375 0.7910909375
vt 0.19140625 0.421875
vt 0.1875 0.421875
vt 0.1875 0.40625
vt 0.19140625 0.40625
vt 0.20703125 0.40625
vt 0.20703125 0.421875
vt 0.203125 0.421875
vt 0.203125 0.40625
vt 0.5390625 0.98046875
vt 0.57421875 0.98046875
vt 0.57421875 0.984375
vt 0.5390625 0.984375
vt 0.57421875 0.83203125
vt 0.57421875 0.8359375
vt 0.5390625 0.8359375
vt 0.5390625 0.83203125
vt 0.38671875 0.90625
vt 0.38671875 0.921875
vt 0.3515625 0.921875
vt 0.3515625 0.90625
vt 0.38671875 0.6796875
vt 0.3515625 0.6796875
vt 0.3515625 0.6640625
vt 0.38671875 0.6640625
vt 0.53466796875 0.6953125
vt 0.53857421875 0.71875
vt 0.53173828125 0.71875
vt 0.53173828125 0.6953125
vt 0.54146390625 0.9921875
vt 0.56369578125 0.99558828125
vt 0.56316015625 0.99846859375
vt 0.53981984375 0.99846859375
vt 0.546875 0.7890625
vt 0.546875 0.796875
vt 0.5234375 0.79296875
vt 0.5234375 0.7890625
vt 0.2155125 0.6484375
vt 0.2184421875 0.6484375
vt 0.21772109375 0.67140703125
vt 0.2112453125 0.671875
vt 0.3671875 0.69531171875
vt 0.3671875 0.71875
vt 0.34375 0.71875
vt 0.3447296875 0.6962921875
vt 0.36014296875 0.781371875
vt 0.361328125 0.8046875
vt 0.3375671875 0.8046875
vt 0.338209375 0.782303125
vt 0.32421875 0.931640625
vt 0.32421875 0.96875
vt 0.309375 0.96875
vt 0.3046875 0.931640625
vt 0.21611328125 0.681640625
vt 0.21142578125 0.71875
vt 0.19599609375 0.71875
vt 0.19599609375 0.681640625
vt 0.095703125 0.3828125
vt 0.095703125 0.3984375
vt 0.09375 0.3984375
vt 0.09375 0.3828125
vt 0.595703125 0.51171875
vt 0.595703125 0.53125
vt 0.59375 0.53125
vt 0.59375 0.51171875
vt 0.556640625 0.392578125
vt 0.556640625 0.4296875
vt 0.55625 0.4296875
vt 0.5546875 0.392578125
vt 0.4484375 0.400390625
vt 0.446875 0.4375
vt 0.44609375 0.4375
vt 0.44609375 0.400390625
vt 0.13671875 0.658203125
vt 0.13671875 0.6953125
vt 0.121875 0.6953125
vt 0.1171875 0.658203125
vt 0.10673828125 0.666015625
vt 0.10205078125 0.703125
vt 0.08662109375 0.703125
vt 0.08662109375 0.666015625
vt 0.126953125 0.3828125
vt 0.126953125 0.3984375
vt 0.125 0.3984375
vt 0.125 0.3828125
vt 0.533203125 0.38671875
vt 0.533203125 0.40625
vt 0.53125 0.40625
vt 0.53125 0.38671875
vt 0.565625 0.501953125
vt 0.5640625 0.5390625
vt 0.56328125 0.5390625
vt 0.56328125 0.501953125
vt 0.572265625 0.392578125
vt 0.572265625 0.4296875
vt 0.571875 0.4296875
vt 0.5703125 0.392578125
vt 0.55078125 0.9140625
vt 0.546875 0.9140625
vt 0.546875 0.87890625
vt 0.55078125 0.87890625
vt 0.57421875 0.6640625
vt 0.5703125 0.6640625
vt 0.5703125 0.64453125
vt 0.57421875 0.64453125
vt 0.546875 0.87890625
vt 0.546875 0.9140625
vt 0.55078125 0.9140625
vt 0.55078125 0.87890625
vt 0.5703125 0.64453125
vt 0.5703125 0.6640625
vt 0.57421875 0.6640625
vt 0.57421875 0.64453125
vt 0.17578125 0.728515625
vt 0.17578125 0.7578125
vt 0.1640625 0.7578125
vt 0.1640625 0.728515625
vt 0.09765625 0.533203125
vt 0.09765625 0.5625
vt 0.0859375 0.5625
vt 0.0859375 0.533203125
vt 0.4140625 0.6015625
vt 0.4140625 0.58984375
vt 0.4453125 0.58984375
vt 0.4453125 0.6015625
vt 0.421875 0.94140625
vt 0.421875 0.953125
vt 0.453125 0.953125
vt 0.453125 0.94140625
vt 0.15625 0.728515625
vt 0.15625 0.7578125
vt 0.125 0.7578125
vt 0.125 0.728515625
vt 0.2578125 0.736328125
vt 0.2578125 0.765625
vt 0.2265625 0.765625
vt 0.2265625 0.736328125
vt 0.12109375 0.533203125
vt 0.12109375 0.5625
vt 0.109375 0.5625
vt 0.109375 0.533203125
vt 0.14453125 0.533203125
vt 0.14453125 0.5625
vt 0.1328125 0.5625
vt 0.1328125 0.533203125
vt 0.4453125 0.7421875
vt 0.4453125 0.73046875
vt 0.47265625 0.73046875
vt 0.47265625 0.7421875
vt 0.4453125 0.70703125
vt 0.4453125 0.71875
vt 0.47265625 0.71875
vt 0.47265625 0.70703125
vt 0.02734375 0.689453125
vt 0.02734375 0.71875
vt 0 0.71875
vt 0 0.689453125
vt 0.25390625 0.697265625
vt 0.25390625 0.7265625
vt 0.2265625 0.7265625
vt 0.2265625 0.697265625
vt 0.18359375 0.533203125
vt 0.18359375 0.5625
vt 0.171875 0.5625
vt 0.171875 0.533203125
vt 0.20703125 0.533203125
vt 0.20703125 0.5625
vt 0.1953125 0.5625
vt 0.1953125 0.533203125
vt 0.4453125 0.6953125
vt 0.4453125 0.68359375
vt 0.47265625 0.68359375
vt 0.47265625 0.6953125
vt 0.4453125 0.66015625
vt 0.4453125 0.671875
vt 0.47265625 0.671875
vt 0.47265625 0.66015625
vt 0.31640625 0.814453125
vt 0.31640625 0.84375
vt 0.2890625 0.84375
vt 0.2890625 0.814453125
vt 0.30859375 0.853515625
vt 0.30859375 0.8828125
vt 0.28125 0.8828125
vt 0.28125 0.853515625
vt 0.12890625 0.40625
vt 0.12890625 0.421875
vt 0.125 0.421875
vt 0.125 0.40625
vt 0.14453125 0.40625
vt 0.14453125 0.421875
vt 0.140625 0.421875
vt 0.140625 0.40625
vt 0.6171875 0.5625
vt 0.6171875 0.55859375
vt 0.619140625 0.55859375
vt 0.619140625 0.5625
vt 0.453125 0.37890625
vt 0.453125 0.3828125
vt 0.455078125 0.3828125
vt 0.455078125 0.37890625
vt 0.041015625 0.3828125
vt 0.041015625 0.3984375
vt 0.0390625 0.3984375
vt 0.0390625 0.3828125
vt 0.603515625 0.953125
vt 0.603515625 0.96875
vt 0.6015625 0.96875
vt 0.6015625 0.953125
vt 0.16015625 0.40625
vt 0.16015625 0.421875
vt 0.15625 0.421875
vt 0.15625 0.40625
vt 0.17578125 0.40625
vt 0.17578125 0.421875
vt 0.171875 0.421875
vt 0.171875 0.40625
vt 0.6171875 0.546875
vt 0.6171875 0.54296875
vt 0.619140625 0.54296875
vt 0.619140625 0.546875
vt 0.46875 0.37890625
vt 0.46875 0.3828125
vt 0.470703125 0.3828125
vt 0.470703125 0.37890625
vt 0.080078125 0.3828125
vt 0.080078125 0.3984375
vt 0.078125 0.3984375
vt 0.078125 0.3828125
vt 0.603515625 0.9296875
vt 0.603515625 0.9453125
vt 0.6015625 0.9453125
vt 0.6015625 0.9296875
vt 0.38671875 0.93359375
vt 0.38671875 0.9453125
vt 0.3359375 0.9453125
vt 0.3359375 0.93359375
vt 0.19921875 0.65234375
vt 0.19921875 0.6640625
vt 0.1484375 0.6640625
vt 0.1484375 0.65234375
vt 0.234375 0.4453125
vt 0.234375 0.39453125
vt 0.236328125 0.39453125
vt 0.236328125 0.4453125
vt 0.2734375 0.39453125
vt 0.2734375 0.4453125
vt 0.275390625 0.4453125
vt 0.275390625 0.39453125
vt 0.603515625 0.68359375
vt 0.603515625 0.6953125
vt 0.6015625 0.6953125
vt 0.6015625 0.68359375
vt 0.205078125 0.38671875
vt 0.205078125 0.3984375
vt 0.203125 0.3984375
vt 0.203125 0.38671875
vt 0.1484375 0.65234375
vt 0.1484375 0.6640625
vt 0.19921875 0.6640625
vt 0.19921875 0.65234375
vt 0.3359375 0.93359375
vt 0.3359375 0.9453125
vt 0.38671875 0.9453125
vt 0.38671875 0.93359375
vt 0.234375 0.39453125
vt 0.234375 0.4453125
vt 0.236328125 0.4453125
vt 0.236328125 0.39453125
vt 0.2734375 0.39453125
vt 0.2734375 0.4453125
vt 0.275390625 0.4453125
vt 0.275390625 0.39453125
vt 0.6015625 0.68359375
vt 0.6015625 0.6953125
vt 0.603515625 0.6953125
vt 0.603515625 0.68359375
vt 0.203125 0.38671875
vt 0.203125 0.3984375
vt 0.205078125 0.3984375
vt 0.205078125 0.38671875
vt 0.603515625 0.61328125
vt 0.603515625 0.6171875
vt 0.59375 0.6171875
vt 0.59375 0.61328125
vt 0.603515625 0.54296875
vt 0.603515625 0.546875
vt 0.59375 0.546875
vt 0.59375 0.54296875
vt 0.4609375 0.4453125
vt 0.4609375 0.435546875
vt 0.470703125 0.435546875
vt 0.470703125 0.4453125
vt 0.5625 0.904296875
vt 0.5625 0.9140625
vt 0.572265625 0.9140625
vt 0.572265625 0.904296875
vt 0.603515625 0.59765625
vt 0.603515625 0.6015625
vt 0.59375 0.6015625
vt 0.59375 0.59765625
vt 0.345703125 0.40234375
vt 0.345703125 0.40625
vt 0.3359375 0.40625
vt 0.3359375 0.40234375
vt 0.22265625 0.38671875
vt 0.22265625 0.390625
vt 0.21875 0.390625
vt 0.21875 0.38671875
vt 0.61328125 0.71484375
vt 0.61328125 0.71875
vt 0.609375 0.71875
vt 0.609375 0.71484375
vt 0.3046875 0.390625
vt 0.3046875 0.38671875
vt 0.30859375 0.38671875
vt 0.30859375 0.390625
vt 0.3203125 0.38671875
vt 0.3203125 0.390625
vt 0.32421875 0.390625
vt 0.32421875 0.38671875
vt 0.25390625 0.38671875
vt 0.25390625 0.390625
vt 0.25 0.390625
vt 0.25 0.38671875
vt 0.61328125 0.99609375
vt 0.61328125 1
vt 0.609375 1
vt 0.609375 0.99609375
vt 0.33984375 0.38671875
vt 0.33984375 0.390625
vt 0.3359375 0.390625
vt 0.3359375 0.38671875
vt 0.61328125 0.52734375
vt 0.61328125 0.53125
vt 0.609375 0.53125
vt 0.609375 0.52734375
vt 0.609375 0.515625
vt 0.609375 0.51171875
vt 0.61328125 0.51171875
vt 0.61328125 0.515625
vt 0.515625 0.38671875
vt 0.515625 0.390625
vt 0.51953125 0.390625
vt 0.51953125 0.38671875
vt 0.44140625 0.38671875
vt 0.44140625 0.390625
vt 0.4375 0.390625
vt 0.4375 0.38671875
vt 0.61328125 0.66796875
vt 0.61328125 0.671875
vt 0.609375 0.671875
vt 0.609375 0.66796875
vt 0.60546875 0.38671875
vt 0.60546875 0.390625
vt 0.6015625 0.390625
vt 0.6015625 0.38671875
vt 0.01953125 0.37890625
vt 0.01953125 0.3828125
vt 0.015625 0.3828125
vt 0.015625 0.37890625
vt 0.6171875 0.96875
vt 0.6171875 0.96484375
vt 0.62109375 0.96484375
vt 0.62109375 0.96875
vt 0.6171875 0.94921875
vt 0.6171875 0.953125
vt 0.62109375 0.953125
vt 0.62109375 0.94921875
vt 0.00390625 0.37890625
vt 0.00390625 0.3828125
vt 0 0.3828125
vt 0 0.37890625
vt 0.58984375 0.38671875
vt 0.58984375 0.390625
vt 0.5859375 0.390625
vt 0.5859375 0.38671875
vt 0.62109375 0.86328125
vt 0.62109375 0.8671875
vt 0.6171875 0.8671875
vt 0.6171875 0.86328125
vt 0.16015625 0.37890625
vt 0.16015625 0.3828125
vt 0.15625 0.3828125
vt 0.15625 0.37890625
vt 0.171875 0.3828125
vt 0.171875 0.37890625
vt 0.17578125 0.37890625
vt 0.17578125 0.3828125
vt 0.1875 0.37890625
vt 0.1875 0.3828125
vt 0.19140625 0.3828125
vt 0.19140625 0.37890625
vt 0.62109375 0.84765625
vt 0.62109375 0.8515625
vt 0.6171875 0.8515625
vt 0.6171875 0.84765625
vt 0.62109375 0.93359375
vt 0.62109375 0.9375
vt 0.6171875 0.9375
vt 0.6171875 0.93359375
vt 0.23828125 0.37890625
vt 0.23828125 0.3828125
vt 0.234375 0.3828125
vt 0.234375 0.37890625
vt 0.26953125 0.37890625
vt 0.26953125 0.3828125
vt 0.265625 0.3828125
vt 0.265625 0.37890625
vt 0.6171875 0.734375
vt 0.6171875 0.73046875
vt 0.62109375 0.73046875
vt 0.62109375 0.734375
vt 0.6171875 0.69921875
vt 0.6171875 0.703125
vt 0.62109375 0.703125
vt 0.62109375 0.69921875
vt 0.62109375 0.74609375
vt 0.62109375 0.75
vt 0.6171875 0.75
vt 0.6171875 0.74609375
vt 0.62109375 0.77734375
vt 0.62109375 0.78125
vt 0.6171875 0.78125
vt 0.6171875 0.77734375
vt 0.62109375 0.65234375
vt 0.62109375 0.65625
vt 0.6171875 0.65625
vt 0.6171875 0.65234375
vt 0.62109375 0.63671875
vt 0.62109375 0.640625
vt 0.6171875 0.640625
vt 0.6171875 0.63671875
vt 0.3671875 0.3828125
vt 0.3671875 0.37890625
vt 0.37109375 0.37890625
vt 0.37109375 0.3828125
vt 0.6171875 0.62109375
vt 0.6171875 0.625
vt 0.62109375 0.625
vt 0.62109375 0.62109375
vt 0.35546875 0.37890625
vt 0.35546875 0.3828125
vt 0.3515625 0.3828125
vt 0.3515625 0.37890625
vt 0.62109375 0.68359375
vt 0.62109375 0.6875
vt 0.6171875 0.6875
vt 0.6171875 0.68359375
vt 0.62109375 0.60546875
vt 0.62109375 0.609375
vt 0.6171875 0.609375
vt 0.6171875 0.60546875
vt 0.62109375 0.58984375
vt 0.62109375 0.59375
vt 0.6171875 0.59375
vt 0.6171875 0.58984375
vt 0.4140625 0.3828125
vt 0.4140625 0.37890625
vt 0.41796875 0.37890625
vt 0.41796875 0.3828125
vt 0.6171875 0.57421875
vt 0.6171875 0.578125
vt 0.62109375 0.578125
vt 0.62109375 0.57421875
vt 0.40234375 0.37890625
vt 0.40234375 0.3828125
vt 0.3984375 0.3828125
vt 0.3984375 0.37890625
vt 0.38671875 0.37890625
vt 0.38671875 0.3828125
vt 0.3828125 0.3828125
vt 0.3828125 0.37890625
vt 0.4453125 0.53515625
vt 0.4453125 0.5546875
vt 0.4296875 0.5546875
vt 0.4296875 0.53515625
vt 0.078125 0.52734375
vt 0.078125 0.546875
vt 0.0625 0.546875
vt 0.0625 0.52734375
vt 0.5625 0.7890625
vt 0.5625 0.7734375
vt 0.568359375 0.7734375
vt 0.568359375 0.7890625
vt 0.5625 0.75
vt 0.5625 0.765625
vt 0.568359375 0.765625
vt 0.568359375 0.75
vt 0.068359375 0.42578125
vt 0.068359375 0.4453125
vt 0.0625 0.4453125
vt 0.0625 0.42578125
vt 0.560546875 0.92578125
vt 0.560546875 0.9453125
vt 0.5546875 0.9453125
vt 0.5546875 0.92578125
vt 0.55078125 0.6015625
vt 0.55078125 0.609375
vt 0.53125 0.609375
vt 0.53125 0.6015625
vt 0.55078125 0.5859375
vt 0.55078125 0.59375
vt 0.53125 0.59375
vt 0.53125 0.5859375
vt 0.4453125 0.46875
vt 0.4453125 0.44921875
vt 0.453125 0.44921875
vt 0.453125 0.46875
vt 0.53125 0.51953125
vt 0.53125 0.5390625
vt 0.5390625 0.5390625
vt 0.5390625 0.51953125
vt 0.0546875 0.609375
vt 0.0546875 0.6171875
vt 0.046875 0.6171875
vt 0.046875 0.609375
vt 0.0859375 0.7734375
vt 0.0859375 0.78125
vt 0.078125 0.78125
vt 0.078125 0.7734375
vt 0.580078125 0.81640625
vt 0.580078125 0.8203125
vt 0.5546875 0.8203125
vt 0.5546875 0.81640625
vt 0.580078125 0.80078125
vt 0.580078125 0.8046875
vt 0.5546875 0.8046875
vt 0.5546875 0.80078125
vt 0.359375 0.421875
vt 0.359375 0.396484375
vt 0.361328125 0.396484375
vt 0.361328125 0.421875
vt 0.578125 0.591796875
vt 0.578125 0.6171875
vt 0.580078125 0.6171875
vt 0.580078125 0.591796875
vt 0.501953125 0.37890625
vt 0.501953125 0.3828125
vt 0.5 0.3828125
vt 0.5 0.37890625
vt 0.486328125 0.37890625
vt 0.486328125 0.3828125
vt 0.484375 0.3828125
vt 0.484375 0.37890625
vt 0.025390625 0.7734375
vt 0.025390625 0.8125
vt 0 0.8125
vt 0 0.7734375
vt 0.064453125 0.7421875
vt 0.064453125 0.78125
vt 0.0390625 0.78125
vt 0.0390625 0.7421875
vt 0.421875 0.421875
vt 0.421875 0.396484375
vt 0.423828125 0.396484375
vt 0.423828125 0.421875
vt 0.4609375 0.396484375
vt 0.4609375 0.421875
vt 0.462890625 0.421875
vt 0.462890625 0.396484375
vt 0.392578125 0.390625
vt 0.392578125 0.4296875
vt 0.390625 0.4296875
vt 0.390625 0.390625
vt 0.376953125 0.390625
vt 0.376953125 0.4296875
vt 0.375 0.4296875
vt 0.375 0.390625
vt 0.392578125 0.876953125
vt 0.392578125 0.8984375
vt 0.3671875 0.8984375
vt 0.3671875 0.876953125
vt 0.392578125 0.845703125
vt 0.392578125 0.8671875
vt 0.3671875 0.8671875
vt 0.3671875 0.845703125
vt 0.4765625 0.6484375
vt 0.4765625 0.623046875
vt 0.486328125 0.623046875
vt 0.486328125 0.6484375
vt 0.4296875 0.498046875
vt 0.4296875 0.5234375
vt 0.439453125 0.5234375
vt 0.439453125 0.498046875
vt 0.392578125 0.470703125
vt 0.392578125 0.4921875
vt 0.3828125 0.4921875
vt 0.3828125 0.470703125
vt 0.345703125 0.470703125
vt 0.345703125 0.4921875
vt 0.3359375 0.4921875
vt 0.3359375 0.470703125
vt 0.392578125 0.751953125
vt 0.392578125 0.7734375
vt 0.3671875 0.7734375
vt 0.3671875 0.751953125
vt 0.376953125 0.611328125
vt 0.376953125 0.6328125
vt 0.3515625 0.6328125
vt 0.3515625 0.611328125
vt 0.0625 0.515625
vt 0.0625 0.490234375
vt 0.072265625 0.490234375
vt 0.072265625 0.515625
vt 0.484375 0.716796875
vt 0.484375 0.7421875
vt 0.494140625 0.7421875
vt 0.494140625 0.716796875
vt 0.517578125 0.509765625
vt 0.517578125 0.53125
vt 0.5078125 0.53125
vt 0.5078125 0.509765625
vt 0.416015625 0.470703125
vt 0.416015625 0.4921875
vt 0.40625 0.4921875
vt 0.40625 0.470703125
vt 0.251953125 0.9609375
vt 0.251953125 1
vt 0.2265625 1
vt 0.2265625 0.9609375
vt 0.025390625 0.7265625
vt 0.025390625 0.765625
vt 0 0.765625
vt 0 0.7265625
vt 0.578125 0.5390625
vt 0.578125 0.513671875
vt 0.580078125 0.513671875
vt 0.580078125 0.5390625
vt 0.4765625 0.396484375
vt 0.4765625 0.421875
vt 0.478515625 0.421875
vt 0.478515625 0.396484375
vt 0.501953125 0.390625
vt 0.501953125 0.4296875
vt 0.5 0.4296875
vt 0.5 0.390625
vt 0.408203125 0.390625
vt 0.408203125 0.4296875
vt 0.40625 0.4296875
vt 0.40625 0.390625
vt 0.314453125 0.44140625
vt 0.314453125 0.4453125
vt 0.2890625 0.4453125
vt 0.2890625 0.44140625
vt 0.572265625 0.44140625
vt 0.572265625 0.4453125
vt 0.546875 0.4453125
vt 0.546875 0.44140625
vt 0.5859375 0.984375
vt 0.5859375 0.958984375
vt 0.587890625 0.958984375
vt 0.587890625 0.984375
vt 0.5859375 0.919921875
vt 0.5859375 0.9453125
vt 0.587890625 0.9453125
vt 0.587890625 0.919921875
vt 0.619140625 0.48046875
vt 0.619140625 0.484375
vt 0.6171875 0.484375
vt 0.6171875 0.48046875
vt 0.619140625 0.49609375
vt 0.619140625 0.5
vt 0.6171875 0.5
vt 0.6171875 0.49609375
vt 0.52734375 0.982421875
vt 0.52734375 1
vt 0.515625 1
vt 0.515625 0.982421875
vt 0.20703125 0.466796875
vt 0.20703125 0.484375
vt 0.1953125 0.484375
vt 0.1953125 0.466796875
vt 0.3515625 0.65625
vt 0.3515625 0.64453125
vt 0.3984375 0.64453125
vt 0.3984375 0.65625
vt 0.359375 0.98828125
vt 0.359375 1
vt 0.40625 1
vt 0.40625 0.98828125
vt 0.3125 0.716796875
vt 0.3125 0.734375
vt 0.265625 0.734375
vt 0.265625 0.716796875
vt 0.3125 0.748046875
vt 0.3125 0.765625
vt 0.265625 0.765625
vt 0.265625 0.748046875
vt 0.328125 0.4921875
vt 0.328125 0.5234375
vt 0.3203125 0.5234375
vt 0.3203125 0.4921875
vt 0.1640625 0.484375
vt 0.1640625 0.515625
vt 0.15625 0.515625
vt 0.15625 0.484375
vt 0.40625 0.7578125
vt 0.40625 0.75
vt 0.453125 0.75
vt 0.453125 0.7578125
vt 0.421875 0.921875
vt 0.421875 0.9296875
vt 0.46875 0.9296875
vt 0.46875 0.921875
vt 0.15625 0.96875
vt 0.15625 1
vt 0.109375 1
vt 0.109375 0.96875
vt 0.140625 0.890625
vt 0.140625 0.921875
vt 0.09375 0.921875
vt 0.09375 0.890625
vt 0.109375 0.71484375
vt 0.109375 0.7265625
vt 0.0390625 0.7265625
vt 0.0390625 0.71484375
vt 0.1875 0.70703125
vt 0.1875 0.71875
vt 0.1171875 0.71875
vt 0.1171875 0.70703125
vt 0 1
vt 0 0.9296875
vt 0.046875 0.9296875
vt 0.046875 1
vt 0.0546875 0.9296875
vt 0.0546875 1
vt 0.1015625 1
vt 0.1015625 0.9296875
vt 0.21875 0.62890625
vt 0.21875 0.640625
vt 0.171875 0.640625
vt 0.171875 0.62890625
vt 0.1640625 0.62890625
vt 0.1640625 0.640625
vt 0.1171875 0.640625
vt 0.1171875 0.62890625
vt 0.208984375 0.974609375
vt 0.208984375 1
vt 0.1640625 1
vt 0.1640625 0.974609375
vt 0.177734375 0.810546875
vt 0.177734375 0.8359375
vt 0.1328125 0.8359375
vt 0.1328125 0.810546875
vt 0.0703125 0.6015625
vt 0.0703125 0.556640625
vt 0.078125 0.556640625
vt 0.078125 0.6015625
vt 0.3203125 0.533203125
vt 0.3203125 0.578125
vt 0.328125 0.578125
vt 0.328125 0.533203125
vt 0.3203125 0.458984375
vt 0.3203125 0.484375
vt 0.3125 0.484375
vt 0.3125 0.458984375
vt 0.3046875 0.458984375
vt 0.3046875 0.484375
vt 0.296875 0.484375
vt 0.296875 0.458984375
vt 0.216796875 0.935546875
vt 0.216796875 0.9609375
vt 0.171875 0.9609375
vt 0.171875 0.935546875
vt 0.083984375 0.794921875
vt 0.083984375 0.8203125
vt 0.0390625 0.8203125
vt 0.0390625 0.794921875
vt 0.15625 0.5703125
vt 0.15625 0.525390625
vt 0.1640625 0.525390625
vt 0.1640625 0.5703125
vt 0.0234375 0.517578125
vt 0.0234375 0.5625
vt 0.03125 0.5625
vt 0.03125 0.517578125
vt 0.4375 0.458984375
vt 0.4375 0.484375
vt 0.4296875 0.484375
vt 0.4296875 0.458984375
vt 0.3671875 0.458984375
vt 0.3671875 0.484375
vt 0.359375 0.484375
vt 0.359375 0.458984375
vt 0.365234375 0.728515625
vt 0.365234375 0.7421875
vt 0.3203125 0.7421875
vt 0.3203125 0.728515625
vt 0.076171875 0.658203125
vt 0.076171875 0.671875
vt 0.03125 0.671875
vt 0.03125 0.658203125
vt 0.0234375 0.6171875
vt 0.0234375 0.572265625
vt 0.033203125 0.572265625
vt 0.033203125 0.6171875
vt 0.0859375 0.572265625
vt 0.0859375 0.6171875
vt 0.095703125 0.6171875
vt 0.095703125 0.572265625
vt 0.556640625 0.705078125
vt 0.556640625 0.71875
vt 0.546875 0.71875
vt 0.546875 0.705078125
vt 0.556640625 0.955078125
vt 0.556640625 0.96875
vt 0.546875 0.96875
vt 0.546875 0.955078125
vt 0.5390625 0.67578125
vt 0.5390625 0.6875
vt 0.5234375 0.6875
vt 0.5234375 0.67578125
vt 0.5390625 0.63671875
vt 0.5390625 0.6484375
vt 0.5234375 0.6484375
vt 0.5234375 0.63671875
vt 0.5 0.453125
vt 0.5 0.4375
vt 0.5078125 0.4375
vt 0.5078125 0.453125
vt 0.546875 0.4765625
vt 0.546875 0.4921875
vt 0.5546875 0.4921875
vt 0.5546875 0.4765625
vt 0.5703125 0.73046875
vt 0.5703125 0.7421875
vt 0.5625 0.7421875
vt 0.5625 0.73046875
vt 0.2578125 0.42578125
vt 0.2578125 0.4375
vt 0.25 0.4375
vt 0.25 0.42578125
vt 0.408203125 0.7890625
vt 0.408203125 0.8046875
vt 0.375 0.8046875
vt 0.375 0.7890625
vt 0.283203125 0.609375
vt 0.283203125 0.625
vt 0.25 0.625
vt 0.25 0.609375
vt 0.46875 0.53125
vt 0.46875 0.498046875
vt 0.4765625 0.498046875
vt 0.4765625 0.53125
vt 0.4765625 0.904296875
vt 0.4765625 0.9375
vt 0.484375 0.9375
vt 0.484375 0.904296875
vt 0.5390625 0.4375
vt 0.5390625 0.453125
vt 0.53125 0.453125
vt 0.53125 0.4375
vt 0.5234375 0.4375
vt 0.5234375 0.453125
vt 0.515625 0.453125
vt 0.515625 0.4375
vt 0.484375 0.56640625
vt 0.484375 0.578125
vt 0.4609375 0.578125
vt 0.4609375 0.56640625
vt 0.4921875 0.87890625
vt 0.4921875 0.890625
vt 0.46875 0.890625
vt 0.46875 0.87890625
vt 0.546875 0.8671875
vt 0.546875 0.84375
vt 0.552734375 0.84375
vt 0.552734375 0.8671875
vt 0.1875 0.4296875
vt 0.1875 0.453125
vt 0.193359375 0.453125
vt 0.193359375 0.4296875
vt 0.037109375 0.41015625
vt 0.037109375 0.421875
vt 0.03125 0.421875
vt 0.03125 0.41015625
vt 0.021484375 0.41015625
vt 0.021484375 0.421875
vt 0.015625 0.421875
vt 0.015625 0.41015625
vt 0.373046875 0.814453125
vt 0.373046875 0.828125
vt 0.328125 0.828125
vt 0.328125 0.814453125
vt 0.380859375 0.955078125
vt 0.380859375 0.96875
vt 0.3359375 0.96875
vt 0.3359375 0.955078125
vt 0.109375 0.6171875
vt 0.109375 0.572265625
vt 0.119140625 0.572265625
vt 0.119140625 0.6171875
vt 0.1328125 0.572265625
vt 0.1328125 0.6171875
vt 0.142578125 0.6171875
vt 0.142578125 0.572265625
vt 0.556640625 0.634765625
vt 0.556640625 0.6484375
vt 0.546875 0.6484375
vt 0.546875 0.634765625
vt 0.556640625 0.681640625
vt 0.556640625 0.6953125
vt 0.546875 0.6953125
vt 0.546875 0.681640625
vt 0.5390625 0.55078125
vt 0.5390625 0.5625
vt 0.5234375 0.5625
vt 0.5234375 0.55078125
vt 0.5390625 0.48828125
vt 0.5390625 0.5
vt 0.5234375 0.5
vt 0.5234375 0.48828125
vt 0.546875 0.46875
vt 0.546875 0.453125
vt 0.5546875 0.453125
vt 0.5546875 0.46875
vt 0 0.4296875
vt 0 0.4453125
vt 0.0078125 0.4453125
vt 0.0078125 0.4296875
vt 0.5703125 0.58984375
vt 0.5703125 0.6015625
vt 0.5625 0.6015625
vt 0.5625 0.58984375
vt 0.5703125 0.61328125
vt 0.5703125 0.625
vt 0.5625 0.625
vt 0.5625 0.61328125
vt 0.408203125 0.7265625
vt 0.408203125 0.7421875
vt 0.375 0.7421875
vt 0.375 0.7265625
vt 0.408203125 0.703125
vt 0.408203125 0.71875
vt 0.375 0.71875
vt 0.375 0.703125
vt 0.0859375 0.5234375
vt 0.0859375 0.490234375
vt 0.09375 0.490234375
vt 0.09375 0.5234375
vt 0.1015625 0.490234375
vt 0.1015625 0.5234375
vt 0.109375 0.5234375
vt 0.109375 0.490234375
vt 0.0390625 0.4296875
vt 0.0390625 0.4453125
vt 0.03125 0.4453125
vt 0.03125 0.4296875
vt 0.0234375 0.4296875
vt 0.0234375 0.4453125
vt 0.015625 0.4453125
vt 0.015625 0.4296875
vt 0.4921875 0.80078125
vt 0.4921875 0.8125
vt 0.46875 0.8125
vt 0.46875 0.80078125
vt 0.28125 0.51953125
vt 0.28125 0.53125
vt 0.2578125 0.53125
vt 0.2578125 0.51953125
vt 0.203125 0.453125
vt 0.203125 0.4296875
vt 0.208984375 0.4296875
vt 0.208984375 0.453125
vt 0.21875 0.4296875
vt 0.21875 0.453125
vt 0.224609375 0.453125
vt 0.224609375 0.4296875
vt 0.083984375 0.41015625
vt 0.083984375 0.421875
vt 0.078125 0.421875
vt 0.078125 0.41015625
vt 0.052734375 0.41015625
vt 0.052734375 0.421875
vt 0.046875 0.421875
vt 0.046875 0.41015625
vt 0.296875 0.49609375
vt 0.296875 0.53125
vt 0.2890625 0.53125
vt 0.2890625 0.49609375
vt 0.3125 0.49609375
vt 0.3125 0.53125
vt 0.3046875 0.53125
vt 0.3046875 0.49609375
vt 0.3203125 0.71875
vt 0.3203125 0.7109375
vt 0.3359375 0.7109375
vt 0.3359375 0.71875
vt 0.375 0.6875
vt 0.375 0.6953125
vt 0.390625 0.6953125
vt 0.390625 0.6875
vt 0.2421875 0.60546875
vt 0.2421875 0.640625
vt 0.2265625 0.640625
vt 0.2265625 0.60546875
vt 0.078125 0.61328125
vt 0.078125 0.6484375
vt 0.0625 0.6484375
vt 0.0625 0.61328125
vt 0.158203125 0.9296875
vt 0.15625 0.9296875
vt 0.158203125 0.9296875
vt 0.15625 0.9296875
vt 0.158203125 0.9296875
vt 0.15625 0.9296875
vt 0.158203125 0.9296875
vt 0.15625 0.9296875
vt 0.5859375 0.6484375
vt 0.5859375 0.646484375
vt 0.609375 0.646484375
vt 0.609375 0.6484375
vt 0.5859375 0.560546875
vt 0.5859375 0.5625
vt 0.609375 0.5625
vt 0.609375 0.560546875
vt 0.0625 0.734375
vt 0.0390625 0.734375
vt 0.0625 0.734375
vt 0.0390625 0.734375
vt 0.0625 0.734375
vt 0.0390625 0.734375
vt 0.0625 0.734375
vt 0.0390625 0.734375
vt 0.158203125 0.9296875
vt 0.15625 0.9296875
vt 0.158203125 0.9296875
vt 0.15625 0.9296875
vt 0.158203125 0.9296875
vt 0.15625 0.9296875
vt 0.158203125 0.9296875
vt 0.15625 0.9296875
vt 0.5859375 0.5
vt 0.5859375 0.498046875
vt 0.609375 0.498046875
vt 0.609375 0.5
vt 0.5859375 0.443359375
vt 0.5859375 0.4453125
vt 0.609375 0.4453125
vt 0.609375 0.443359375
vt 0.0625 0.734375
vt 0.0390625 0.734375
vt 0.0625 0.734375
vt 0.0390625 0.734375
vt 0.0625 0.734375
vt 0.0390625 0.734375
vt 0.0625 0.734375
vt 0.0390625 0.734375
vt 0.158203125 0.9296875
vt 0.15625 0.9296875
vt 0.158203125 0.9296875
vt 0.15625 0.9296875
vt 0.158203125 0.9296875
vt 0.15625 0.9296875
vt 0.158203125 0.9296875
vt 0.15625 0.9296875
vt 0.578125 0.578125
vt 0.578125 0.576171875
vt 0.603515625 0.576171875
vt 0.603515625 0.578125
vt 0.578125 0.474609375
vt 0.578125 0.4765625
vt 0.603515625 0.4765625
vt 0.603515625 0.474609375
vt 0.408203125 0.8125
vt 0.3828125 0.8125
vt 0.408203125 0.8125
vt 0.3828125 0.8125
vt 0.408203125 0.8125
vt 0.3828125 0.8125
vt 0.408203125 0.8125
vt 0.3828125 0.8125
vt 0.158203125 0.9296875
vt 0.15625 0.9296875
vt 0.158203125 0.9296875
vt 0.15625 0.9296875
vt 0.158203125 0.9296875
vt 0.15625 0.9296875
vt 0.158203125 0.9296875
vt 0.15625 0.9296875
vt 0.578125 0.4609375
vt 0.578125 0.458984375
vt 0.603515625 0.458984375
vt 0.603515625 0.4609375
vt 0.5859375 0.904296875
vt 0.5859375 0.90625
vt 0.611328125 0.90625
vt 0.611328125 0.904296875
vt 0.408203125 0.8125
vt 0.3828125 0.8125
vt 0.408203125 0.8125
vt 0.3828125 0.8125
vt 0.408203125 0.8125
vt 0.3828125 0.8125
vt 0.408203125 0.8125
vt 0.3828125 0.8125
vt 0.158203125 0.9296875
vt 0.15625 0.9296875
vt 0.158203125 0.9296875
vt 0.15625 0.9296875
vt 0.158203125 0.9296875
vt 0.15625 0.9296875
vt 0.158203125 0.9296875
vt 0.15625 0.9296875
vt 0.578125 0.75
vt 0.578125 0.748046875
vt 0.60546875 0.748046875
vt 0.60546875 0.75
vt 0.578125 0.732421875
vt 0.578125 0.734375
vt 0.60546875 0.734375
vt 0.60546875 0.732421875
vt 0.64453125 0.8359375
vt 0.6171875 0.8359375
vt 0.64453125 0.8359375
vt 0.6171875 0.8359375
vt 0.64453125 0.8359375
vt 0.6171875 0.8359375
vt 0.64453125 0.8359375
vt 0.6171875 0.8359375
vt 0.158203125 0.9296875
vt 0.15625 0.9296875
vt 0.158203125 0.9296875
vt 0.15625 0.9296875
vt 0.158203125 0.9296875
vt 0.15625 0.9296875
vt 0.158203125 0.9296875
vt 0.15625 0.9296875
vt 0.3203125 0.421875
vt 0.3203125 0.419921875
vt 0.34765625 0.419921875
vt 0.34765625 0.421875
vt 0.578125 0.630859375
vt 0.578125 0.6328125
vt 0.60546875 0.6328125
vt 0.60546875 0.630859375
vt 0.64453125 0.8359375
vt 0.6171875 0.8359375
vt 0.64453125 0.8359375
vt 0.6171875 0.8359375
vt 0.64453125 0.8359375
vt 0.6171875 0.8359375
vt 0.64453125 0.8359375
vt 0.6171875 0.8359375
vn 0.947513715016635 -0.23959245788716313 0.21169131767496488
vn -0.7507265449054091 0.651355818489934 -0.1102055011952438
vn 0.20074431927979333 0.9608055015256642 0.1911923285984804
vn -0.6227403787402912 -0.7127953084015435 -0.3226720765841805
vn 0.003818094714243659 -0.016317232393479184 0.9998595751803202
vn 0.22981193786533796 0.09817239780353992 -0.9682709607976899
vn 0.7567229198457819 -0.5984057145243854 -0.26321288609153315
vn -0.9678021531797256 0.17752685270824525 0.17844665552537584
vn 0.6300920590168941 0.775216803986177 0.04497670487383712
vn -0.21948240636748723 -0.947293551719448 -0.23337180670743246
vn 0.17713283697886772 -0.19988336775055932 0.963675566443662
vn -0.18691627904038774 0.17438614322256052 -0.9667739020482796
vn -0.9475137150166351 -0.2395924578871624 0.21169131767496574
vn 0.75072654490541 0.651355818489933 -0.11020550119524483
vn -0.2007443192797829 0.9608055015256668 0.1911923285984784
vn 0.6227403787402961 -0.7127953084015379 -0.32267207658418373
vn -0.003818094714245407 -0.016317232393480374 0.9998595751803201
vn -0.22981193786534293 0.09817239780353909 -0.9682709607976888
vn -0.39807535841620506 0.06023163044911645 -0.9153732351971251
vn 0.39054337113641796 -0.062084799747156194 0.9184886242636638
vn -0.19930325234586324 0.974961168480446 0.09863535653914818
vn 0.1804920616826518 -0.9731948981535894 -0.14252826343350491
vn -0.8994212720918677 -0.22195459198058126 0.3765335767330451
vn 0.9489555743508419 0.22967123093740396 -0.21618150611965373
vn -0.3616943594377557 0.11218420146372392 -0.9255224985341297
vn 0.32784910638553466 -0.11482610292009345 0.937725935191296
vn -0.04814172746921687 0.9952473596185539 0.08464672024701679
vn 0.02983456512127025 -0.9908325923131799 -0.13175990563888845
vn -0.9318192362657783 -0.07526937592335384 0.3550315929226163
vn 0.9212156925897679 0.11648781856095763 0.3712037659470388
vn -0.7567229198457807 -0.5984057145243866 -0.2632128860915329
vn 0.967802153179726 0.17752685270824467 0.1784466555253741
vn -0.6300920590168979 0.775216803986174 0.044976704873835247
vn 0.21948240636748773 -0.9472935517194474 -0.23337180670743324
vn -0.17713283697886287 -0.19988336775055807 0.9636755664436631
vn 0.18691627904038732 0.17438614322256069 -0.9667739020482797
vn 0.39807535841620556 0.06023163044911508 -0.9153732351971249
vn -0.3905433711364197 -0.062084799747158186 0.9184886242636631
vn 0.19930325234586813 0.9749611684804462 0.0986353565391355
vn -0.18049206168265372 -0.9731948981535902 -0.14252826343349806
vn 0.8994212720918691 -0.22195459198057998 0.3765335767330431
vn -0.9489555743508407 0.22967123093740513 -0.2161815061196574
vn 0.3616943594377552 0.1121842014637245 -0.9255224985341299
vn -0.32784910638553494 -0.11482610292009306 0.9377259351912958
vn 0.04814172746921496 0.995247359618554 0.08464672024701642
vn -0.029834565121278633 -0.9908325923131822 -0.13175990563886844
vn 0.931819236265776 -0.07526937592335496 0.3550315929226224
vn -0.9212156925897673 0.11648781856095627 0.3712037659470407
vn -0.30308909735122613 -0.5158894711159103 0.8012459376861548
vn 0.3429032501150796 0.39471171782133196 -0.8524200964753522
vn 0.15856599825323153 0.9642436034669796 0.2123466443600424
vn -0.013355587629773374 -0.8949508481017189 -0.44596480551841494
vn 0.9556554097094395 -0.14264382189710034 0.2576343881698869
vn -0.9987683818146574 0.024136887239676972 -0.04334893495473799
vn -0.9434401967405286 -0.13648469126186696 0.3021465277400116
vn 0.9772310241887724 0.1606554971805332 0.13859775102301977
vn -0.06964192087560717 0.879486011906081 0.4708018242512373
vn -0.013354929611248553 -0.8949509232446325 -0.44596467442910614
vn 0.440174179684301 -0.40572624824895953 0.8010199142475025
vn -0.4083187507228979 0.38086006389300403 -0.8295911098484053
vn -0.9767799314384051 -0.08369938592248492 0.19721911250024265
vn 0.9449166499909591 0.31950717258834993 -0.07104710574303263
vn 0.013356255788161797 0.8949504730533572 0.4459655381449261
vn 0.3191956175752406 -0.8133211244111113 -0.48643900574214505
vn 0.21382837971257815 -0.4382442966859605 0.873051751302133
vn -0.21382837971257987 0.4382442966859589 -0.8730517513021333
vn -0.9767798274672931 -0.0390320966996678 0.21066006759752304
vn 0.977111165763433 0.00723054940945881 -0.2126064178139088
vn 0.11067358382844406 0.9693183173603349 0.21948429891975735
vn -0.013356311529781607 -0.9702620988956855 -0.24168795664835785
vn 0.2765572072328299 -0.23585798953190984 0.9316045941822867
vn -0.3331663023172774 -0.024080474800936794 -0.9425605262971679
vn -0.9434429708461237 -0.0678484410697046 0.3245180269344846
vn 0.92924197242634 -0.007949025206662534 -0.3693862066719186
vn 0.06198625665692778 0.9724703220129374 0.2246312017278892
vn -0.013350382772217118 -0.9702611640276183 -0.24169203722838437
vn 0.424154324326066 -0.22438693878121482 0.8773503353050559
vn -0.4045962810332384 0.11814834350796943 -0.9068311961442416
vn -0.36013104930241513 -0.17614596486519413 0.9161212945838839
vn 0.3321406932135918 0.12277300507029197 -0.9352055117125888
vn -0.1099761066711011 0.8930928195588105 0.43622296089724655
vn -0.013357463982984288 -0.9702632113129914 -0.2416834270870571
vn 0.9466920310641485 -0.0900757854086859 0.3092903994673063
vn -0.9979076725711219 0.03753756130965444 -0.05264226927679547
vn -0.382683432365089 -0.8338800705567171 0.3977403908601681
vn 0.38704507020831835 0.8441670148326679 -0.3709153066347363
vn -2.5257573810222315e-15 0.4305110968082918 0.9025852843498624
vn 0.00440084104984892 -0.4208930478906148 -0.9070995947719318
vn 0.856310724770689 -0.4661500794229698 0.22234218245006143
vn -0.9994244866600555 0.03061740994800072 -0.014603755419785702
vn -0.38268343236509034 -0.9238795325112867 3.885780586188049e-16
vn 0.3779183073598167 0.925838945477177 -5.273559366969494e-16
vn -8.326672684688674e-17 1.8041124150158794e-16 1
vn -0.0024608755694007774 -0.005941079174960407 -0.999979323621078
vn 0.8400002841449717 -0.5425859587534189 2.498001805406602e-16
vn -0.9999978116892992 -0.0020920364750264854 1.3877787807814457e-16
vn -0.3826834323650895 -0.8338800705567163 -0.39774039086016866
vn 0.3864586267465766 0.8324604946859653 0.3970632879030094
vn 0.02047915216894569 0.4745189646171217 -0.8800070207362759
vn -0.00859599766665664 -0.4491334416948509 0.8934233377159189
vn -0.9999924175548686 0.003514852148989115 0.0016764984761193091
vn 0.8364407680540554 -0.5065575169262152 -0.20920402382050168
vn -0.3826834323650897 0.04835211878726245 -0.9226133877210196
vn 0.3353424944137817 -0.11803076674969712 0.9346732849187579
vn -0.1029761278106631 0.974806286246836 -0.19786010561700934
vn -0.004538313049097508 -0.9979858918902927 -0.06327371731300035
vn -0.999805737435456 0.0010315460670262226 -0.01968307150461676
vn 0.91193707580655 0.21241982404490986 -0.3510677828028773
vn -0.2587574305919802 0.12433203745735685 -0.9579071649043759
vn 0.4078282901813242 -0.12412306301505847 0.9045825285486879
vn 0.4042190127067206 0.4971873847805035 0.767731524806379
vn -0.258464640363549 -0.964601939771367 -0.05233667424528998
vn -0.9997950325425242 0.005648800235824265 -0.019441809565697826
vn 0.8555392270387572 -0.1978458487710341 -0.4784450345880865
vn 0.9762960071199334 0.21643961393810285 -1.3877787807814457e-16
vn -0.9762960071199336 -0.21643961393810252 1.3877787807814457e-16
vn -0.21643961393809322 0.9762960071199356 -5.967448757360216e-16
vn 0.21643961393810676 -0.9762960071199326 -1.3877787807814457e-17
vn -1.5543122344752192e-15 -4.163336342344337e-16 -1
vn 1.7208456881689926e-15 -1.1102230246251565e-16 1
vn 0.9929950341537226 0.10514059594269644 0.05391027017983101
vn -0.9773289465621101 -0.1904955540926794 -0.09240981594354195
vn -0.22932469971102143 0.8956303851881522 0.3811251700297058
vn 0.21685483774764291 -0.8575874300137339 -0.4663880135979942
vn 0.0347551930641275 0.40263414519195734 -0.9147009465834268
vn -0.02361495370194098 -0.40161127141380043 0.9155057185157536
vn 0.9773289465621102 0.19049555409267888 -0.09240981594354093
vn -0.9773289465621102 -0.19049555409267918 0.09240981594354186
vn -0.21153633813328468 0.8970331865749503 -0.38805133659395047
vn 0.21153633813328446 -0.8970331865749503 0.3880513365939504
vn -0.008972617285768258 -0.3988018380776518 -0.9169932312099853
vn 0.008972617285769343 0.3988018380776524 0.9169932312099852
vn 0.03118464702566326 0.00006519639138391486 -0.9995136384959014
vn 0.01689337801640392 0.44904941605772186 -0.8933472089380555
vn -0.01996810821977191 0.09008981145297516 0.9957334485325333
vn 0 0 0
vn -0.9999636020743778 0.00006196402653514328 0.008531745829238322
vn 0.3720269946945289 0.9205234275345646 0.11930018683377719
vn -0.17815966615133744 -0.27715624257310845 -0.9441628834897083
vn -0.28150145037605095 -0.3018335759883756 -0.910853130774797
vn -0.08443138257864277 0.5537752146585719 -0.8283745247565931
vn 0.21996304708613873 -0.4470302954156977 0.8670525779311976
vn 0.6566641659912105 0.029349977198092243 -0.7536118045396711
vn -0.9987389464498159 -0.012327015379330536 -0.04866786964877172
vn 0.0314605469411651 0.07202535135614957 0.9969065065231474
vn 0.0008631228870654983 0.39679994611324737 0.9179047106227345
vn -0.019968108219771713 0.020411503041470422 -0.9995922394645287
vn 0 0 0
vn -0.9999977581772538 -0.002081791726476316 0.00038701895876247505
vn 0.3753232727676921 0.9103902479630618 -0.17413224093402
vn -0.03146054694116517 0.0720253513561495 0.9969065065231473
vn -0.0008631228870658314 0.3967999461132479 0.9179047106227343
vn 0.01996810821977224 0.020411503041467938 -0.9995922394645287
vn 0 0 0
vn 0.9999977581772538 -0.0020817917264773778 0.00038701895875334347
vn -0.37532327276769256 0.9103902479630617 -0.17413224093402013
vn 0.11774486455952052 0.6805450111270015 0.7231836797799087
vn 0.08350048589096926 0.9725685015225155 0.2171132854116049
vn 0.33652276618535654 0.5753520411168362 -0.7454679447311242
vn 0.14500692423054576 0.9522335928893738 0.26874556089020535
vn 0 0 0
vn -0.9997969125628376 -0.020032830331841025 0.0021952992309275106
vn 0.30308909735122613 -0.5158894711159103 0.8012459376861547
vn -0.3429032501150797 0.3947117178213326 -0.8524200964753519
vn -0.1585659982532324 0.9642436034669807 0.21234664436003714
vn 0.013355587629772278 -0.894950848101717 -0.4459648055184188
vn -0.9556554097094401 -0.14264382189709995 0.257634388169885
vn 0.9987683818146574 0.024136887239676216 -0.04334893495473843
vn 0.9434401967405283 -0.13648469126186666 0.30214652774001255
vn -0.9772310241887721 0.16065549718053304 0.13859775102302116
vn 0.06964192087560891 0.8794860119060812 0.47080182425123607
vn 0.013354929611247748 -0.8949509232446331 -0.4459646744291048
vn -0.4401741796843026 -0.40572624824895936 0.8010199142475017
vn 0.40831875072289875 0.3808600638930047 -0.8295911098484048
vn 0.976779931438405 -0.08369938592248619 0.19721911250024363
vn -0.9449166499909589 0.3195071725883509 -0.07104710574303118
vn -0.013356255788159271 0.8949504730533573 0.4459655381449259
vn -0.31919561757524134 -0.813321124411109 -0.4864390057421485
vn -0.21382837971257584 -0.4382442966859598 0.8730517513021339
vn 0.21382837971257812 0.4382442966859591 -0.8730517513021336
vn 0.9767798274672931 -0.039032096699664856 0.2106600675975236
vn -0.9771111657634333 0.007230549409461437 -0.21260641781390785
vn -0.11067358382844555 0.9693183173603344 0.21948429891975998
vn 0.013356311529781718 -0.9702620988956863 -0.24168795664835546
vn -0.27655720723283 -0.23585798953190845 0.9316045941822872
vn 0.3331663023172754 -0.02408047480092907 -0.9425605262971689
vn 0.9434429708461239 -0.067848441069706 0.32451802693448417
vn -0.9292419724263388 -0.007949025206664628 -0.36938620667192146
vn -0.06198625665693155 0.9724703220129373 0.2246312017278888
vn 0.01335038277221215 -0.9702611640276176 -0.24169203722838703
vn -0.42415432432606615 -0.22438693878121196 0.8773503353050565
vn 0.40459628103323764 0.11814834350797225 -0.9068311961442415
vn 0.36013104930241485 -0.17614596486519452 0.916121294583884
vn -0.332140693213592 0.1227730050702929 -0.9352055117125886
vn 0.10997610667110023 0.8930928195588108 0.4362229608972457
vn 0.013357463982985256 -0.9702632113129914 -0.24168342708705703
vn -0.9466920310641487 -0.09007578540868555 0.30929039946730597
vn 0.997907672571122 0.037537561309654466 -0.052642269276793496
vn 0.382683432365089 -0.8338800705567168 0.397740390860168
vn -0.38704507020832 0.8441670148326679 -0.3709153066347343
vn 3.219646771412954e-15 0.4305110968082902 0.9025852843498631
vn -0.0044008410498491135 -0.4208930478906128 -0.9070995947719326
vn -0.8563107247706873 -0.46615007942297226 0.22234218245006274
vn 0.9994244866600555 0.030617409948001058 -0.014603755419785786
vn 0.38268343236509195 -0.9238795325112861 2.354887118638516e-16
vn -0.37791830735981835 0.9258389454771765 -8.673617379884035e-18
vn -7.216449660063519e-16 6.106226635438362e-16 1
vn 0.0024608755694010003 -0.005941079174960522 -0.9999793236210782
vn -0.8400002841449712 -0.54258595875342 -2.7755575615628914e-17
vn 0.9999978116892994 -0.0020920364750260205 -1.3877787807814457e-16
vn 0.3826834323650903 -0.8338800705567158 -0.3977403908601694
vn -0.38695753638684377 0.8322716663060824 0.3969732213859286
vn -0.020479152168945552 0.4745189646171206 -0.8800070207362762
vn 0.008577691837900192 -0.4490940148862118 0.8934433328399273
vn 0.9999590066889481 0.008172506873439353 0.0038980858194387616
vn -0.8364407680540566 -0.5065575169262134 -0.20920402382050152
vn 0.3826834323650898 0.048352118787262234 -0.9226133877210195
vn -0.33534249441378144 -0.11803076674969673 0.9346732849187579
vn 0.102976127810663 0.974806286246836 -0.19786010561700887
vn 0.004538313049097303 -0.9979858918902927 -0.06327371731299997
vn 0.9998057374354559 0.00103154606702641 -0.01968307150461787
vn -0.9119370758065501 0.21241982404491017 -0.35106778280287676
vn 0.25875743059197986 0.12433203745735683 -0.9579071649043759
vn -0.40782829018132405 -0.12412306301505849 0.9045825285486878
vn -0.40421901270672056 0.49718738478050434 0.7677315248063784
vn 0.2584646403635499 -0.9646019397713667 -0.052336674245291384
vn 0.9997950325425242 0.005648800235824088 -0.019441809565697937
vn -0.8555392270387601 -0.19784584877103348 -0.4784450345880814
vn -0.9762960071199333 0.21643961393810301 -1.6653345369377343e-16
vn 0.9762960071199335 -0.21643961393810265 1.3877787807814457e-16
vn 0.2164396139380988 0.9762960071199345 1.1102230246251568e-16
vn -0.21643961393810804 -0.9762960071199323 -5.551115123125783e-17
vn -2.220446049250313e-16 -1.942890293094024e-16 -1
vn 1.3877787807814457e-16 -1.3877787807814457e-16 1
vn -0.9929950341537225 0.10514059594269681 0.05391027017983112
vn 0.9773289465621102 -0.19049555409267865 -0.0924098159435414
vn 0.22932469971101993 0.8956303851881531 0.38112517002970436
vn -0.21685483774764017 -0.857587430013734 -0.46638801359799514
vn -0.0347551930641285 0.4026341451919575 -0.9147009465834267
vn 0.023614953701941693 -0.4016112714138006 0.9155057185157534
vn -0.9773289465621103 0.1904955540926787 -0.09240981594354114
vn 0.9773289465621102 -0.19049555409267863 0.09240981594354103
vn 0.21153633813328326 0.8970331865749501 -0.3880513365939513
vn -0.21153633813328077 -0.8970331865749506 0.3880513365939516
vn 0.008972617285770784 -0.39880183807765196 -0.9169932312099853
vn -0.00897261728576898 0.3988018380776522 0.9169932312099852
vn -0.03118464702566351 0.00006519639138471978 -0.9995136384959014
vn -0.01689337801640331 0.44904941605772153 -0.8933472089380557
vn 0.01996810821977224 0.09008981145297469 0.9957334485325332
vn 0 0 0
vn 0.999963602074378 0.00006196402653468186 0.00853174582923566
vn -0.37202699469452877 0.9205234275345634 0.11930018683378753
vn 0.17815966615133766 -0.2771562425731069 -0.9441628834897087
vn 0.2816767107582854 -0.3009631238655627 -0.9110869490281789
vn 0.0843487051354916 0.5541981866914243 -0.8281000336975619
vn -0.21996304708613879 -0.4470302954156984 0.8670525779311969
vn -0.6566641659912086 0.029349977198092757 -0.7536118045396728
vn 0.998962058994235 -0.0077077341107595065 -0.04489315677112182
vn -0.1177448645595202 0.6805450111269992 0.7231836797799109
vn -0.0835004858909692 0.9725685015225168 0.21711328541159886
vn -0.3365227661853561 0.5753520411168311 -0.7454679447311283
vn -0.1450069242305454 0.9522335928893715 0.26874556089021384
vn 0 0 0
vn 0.9997969125628378 -0.02003283033184118 0.0021952992309288988
vn 1 1.0061396160665479e-16 -9.714451465470118e-16
vn -1 -3.400058012914541e-16 -3.30291349825984e-15
vn -6.002143226879753e-16 0.9824503977255105 0.18652403600873063
vn 6.83481049534862e-16 -0.9824503977255094 -0.18652403600873735
vn 1.1102230246251565e-16 -0.18652403600873474 0.9824503977255097
vn 1.1102230246251565e-16 0.18652403600873482 -0.9824503977255098
vn 0.7071067811865479 0.627211375126251 0.32650557562197413
vn -0.6756069914636605 -0.6539593426565058 -0.3404296861874597
vn -0.7071067811865474 0.6272113751262507 0.32650557562197613
vn 0.6756045432627208 -0.6539613326279632 -0.34043072210103054
vn -3.3306690738754696e-16 -0.46174861323503297 0.8870108331782222
vn -0.2396143032914835 0.4578425001836685 -0.8561338859569246
vn 0.3826834323650896 -0.1125925920126049 0.9169930745742616
vn -0.4220300049237418 0.11048453642873408 -0.8998243396097898
vn -0.923879532511282 -0.046637378634362785 0.37983096809087374
vn 0.9238795325112867 0.04663737863436133 -0.3798309680908627
vn -0.11823009958461937 -0.9903535525380507 -0.07225984035045652
vn -1.1877651640013201e-14 0.9925461516413256 0.1218693434051197
vn 0.42203000492374176 0.1104845364287346 -0.8998243396097898
vn -0.38268343236509006 -0.11259259201260471 0.9169930745742613
vn 0.9238795325112843 -0.04663737863436259 0.3798309680908677
vn -0.9238795325112878 0.04663737863436154 -0.37983096809085964
vn 0.11823009958463615 -0.9903535525380458 -0.0722598403504978
vn -5.766220834146905e-15 0.9925461516413203 0.12186934340516135
vn 0.3516895129212709 0.11991933697916202 -0.9284039202414419
vn 0.9653154000186203 -0.04242321689357129 -0.257616865044376
vn -0.35168951292127093 0.11991933697916549 -0.9284039202414415
vn -0.9653154000186205 -0.042423216893568476 -0.2576168650443757
vn 1 -2.4980018054066017e-16 3.3306690738754686e-16
vn -1 2.185751579730777e-16 2.498001805406602e-16
vn -9.853229343548264e-16 0.9238795325112863 0.38268343236509095
vn -7.632783294297949e-16 -0.9238795325112856 -0.3826834323650924
vn 3.608224830031759e-16 -0.3826834323650887 0.9238795325112873
vn -3.053113317719181e-16 0.3826834323650903 -0.9238795325112867
vn 0.9063077870366503 0.16172900698309808 -0.3904483620877296
vn -0.9063077870366496 -0.16172900698309867 0.390448362087731
vn -9.298117831235686e-16 0.9238795325112863 0.38268343236509095
vn 8.187894806610531e-16 -0.9238795325112874 -0.38268343236508867
vn 0.4226182617406996 -0.34682897472239366 0.837319214598759
vn -0.42261826174069944 0.3468289747223937 -0.8373192145987592
vn 0.90630778703665 -0.16172900698309878 0.39044836208773015
vn -0.9063077870366499 0.16172900698309858 -0.3904483620877305
vn 1.0269562977782698e-15 0.9238795325112875 0.38268343236508817
vn -8.743006318923108e-16 -0.9238795325112865 -0.3826834323650906
vn -0.42261826174069944 -0.346828974722394 0.837319214598759
vn 0.42261826174069966 0.34682897472239393 -0.8373192145987589
vn 0.9063077870366486 0.16172900698310022 -0.3904483620877327
vn -0.9063077870366493 -0.16172900698309967 0.3904483620877316
vn -2.1718737919229625e-14 0.9238795325112861 0.3826834323650915
vn 4.107825191113079e-15 -0.923879532511287 -0.38268343236508956
vn 0.4226182617407036 -0.3468289747223926 0.8373192145987577
vn -0.4226182617407121 0.34682897472239194 -0.8373192145987536
vn 0.9063077870366493 -0.16172900698309983 0.3904483620877316
vn -0.9063077870366496 0.1617290069830994 -0.3904483620877306
vn -1.2101430968414206e-14 0.9238795325112877 0.38268343236508745
vn -5.551115123125783e-15 -0.923879532511287 -0.3826834323650893
vn -0.4226182617407145 -0.34682897472239105 0.8373192145987527
vn 0.4226182617406925 0.34682897472239504 -0.8373192145987622
vn 0.7560604203327043 -0.6543608571382759 -0.01358342562079537
vn -0.7560604203327049 0.6543608571382751 0.013583425620795356
vn 0.654490593956363 0.7560061932129675 0.009833526645339985
vn -0.6544905939563778 -0.7560061932129546 -0.009833526645340318
vn 0.003834478970033639 -0.016324964591345734 0.9998593862649486
vn -0.003834478970029448 0.016324964591344027 -0.9998593862649486
vn 0.7560604203327038 0.6543608571382763 0.013583425620794731
vn -0.7560604203327047 -0.6543608571382752 -0.013583425620796036
vn -0.6544905939563571 0.7560061932129724 0.009833526645339553
vn 0.6544905939563789 -0.7560061932129538 -0.009833526645339707
vn -0.0038344789700380513 -0.016324964591351434 0.9998593862649484
vn 0.003834478970033529 0.016324964591346015 -0.9998593862649487
vn 0.7933533402912358 0.5880183863281623 0.15755905175128132
vn -0.7933533402912369 -0.5880183863281596 -0.15755905175128498
vn 1.4432899320127031e-15 0.25881904510252035 -0.9659258262890683
vn -4.996003610813205e-16 -0.2588190451025216 0.9659258262890682
vn -0.6087614290087177 0.7663204807600069 0.20533495396306953
vn 0.6087614290087194 -0.7663204807600053 -0.20533495396307005
vn -1 -7.945033519973776e-16 -1.6930901125533637e-15
vn 1 2.359223927328457e-16 2.2759572004815705e-15
vn 6.106226635438361e-16 0.7071067811865486 -0.7071067811865465
vn -7.216449660063518e-16 -0.7071067811865467 0.7071067811865485
vn -2.5812685322534886e-15 -0.7071067811865474 -0.7071067811865478
vn 2.609024107869118e-15 0.7071067811865458 0.7071067811865492
vn -1 -7.948502966925729e-15 6.938893903907226e-16
vn 1 -4.440892098500625e-16 7.660538869913579e-15
vn 6.38378239159465e-16 0.7071067811865478 -0.7071067811865472
vn -3.3306690738754704e-15 -0.7071067811865483 0.7071067811865468
vn -2.55351295663786e-15 -0.7071067811865475 -0.7071067811865478
vn 2.581268532253489e-15 0.7071067811865457 0.7071067811865495
vn -1 -2.057382042508493e-15 -1.4432899320127031e-15
vn 1 -7.979727989493311e-17 4.135580766728707e-15
vn 2.0539125955565396e-15 0.7071067811865496 -0.7071067811865455
vn -6.938893903907228e-16 -0.7071067811865429 0.7071067811865522
vn -2.55351295663786e-15 -0.7071067811865435 -0.7071067811865517
vn 1.4710455076283324e-15 0.7071067811865497 0.7071067811865455
vn -1 4.163336342344336e-17 1.221245327087672e-15
vn 1 -7.285838599102589e-17 -6.10622663543836e-16
vn 2.0261570199409107e-15 0.7071067811865505 -0.7071067811865447
vn -6.661338147750937e-16 -0.7071067811865419 0.7071067811865531
vn -2.498001805406602e-15 -0.7071067811865432 -0.7071067811865518
vn 1.498801083243961e-15 0.7071067811865505 0.7071067811865446
vn -1.2212453270876722e-15 -0.5519369853120711 0.8338858220671597
vn 3.3029134982598407e-15 0.55193698531206 -0.833885822067167
vn -0.7071067811865414 0.5896463195190158 0.39027838510182405
vn 0.7071067811865527 -0.5896463195190046 -0.39027838510182067
vn -0.7071067811865547 -0.5896463195190081 -0.3902783851018111
vn 0.7071067811865439 0.5896463195190135 0.3902783851018228
vn -4.996003610813204e-16 -0.5519369853120565 0.8338858220671693
vn 3.7192471324942744e-15 0.5519369853120585 -0.833885822067168
vn -0.707106781186549 0.5896463195190127 0.3902783851018148
vn 0.7071067811865466 -0.5896463195190139 -0.39027838510181706
vn -0.707106781186545 -0.5896463195190126 -0.3902783851018222
vn 0.7071067811865466 0.589646319519013 0.39027838510181856
vn 4.718447854656915e-16 0.5519369853120636 -0.8338858220671648
vn -1.2212453270876722e-15 -0.5519369853120558 0.8338858220671699
vn 0.7071067811865455 0.5896463195190136 0.39027838510181956
vn -0.7071067811865486 -0.5896463195190128 -0.3902783851018156
vn 0.7071067811865479 -0.5896463195190104 -0.39027838510182045
vn -0.7071067811865509 0.5896463195190101 0.39027838510181523
vn -2.4980018054066017e-16 -0.4771587602596078 0.8788171126619656
vn -6.106226635438361e-16 0.47715876025960935 -0.8788171126619648
vn -6.800116025829084e-16 0.8788171126619716 0.47715876025959697
vn 6.661338147750941e-16 -0.8788171126619645 -0.47715876025961046
vn -1 -7.181755190543979e-16 1.2767564783189298e-15
vn 1 5.447031714567173e-16 -6.383782391594649e-16
vn 6.938893903907228e-16 -0.14780941112961146 0.9890158633619168
vn 5.551115123125783e-17 0.14780941112961143 -0.9890158633619167
vn -1.3877787807814454e-17 0.9890158633619174 0.1478094111296069
vn 8.326672684688674e-17 -0.9890158633619168 -0.14780941112961077
vn -1 1.4328815911568427e-15 2.220446049250313e-16
vn 1 -6.245004513516506e-17 -4.163336342344337e-16
vn 0.958819734868193 -0.28401534470392314 -1.6653345369377348e-16
vn -0.9588197348681933 0.28401534470392203 1.1102230246251565e-16
vn 0.2840153447039721 0.9588197348681785 0
vn -0.28401534470390477 -0.9588197348681983 -2.775557561562891e-16
vn 1.7208456881689926e-15 5.689893001203927e-16 1
vn -1.1379786002407855e-15 1.6792123247455493e-15 -1
vn 0.38268343236509134 -0.9238795325112863 -1.1032841307212495e-15
vn -0.3826834323650898 0.923879532511287 1.0768295977126032e-15
vn 0.9238795325112807 0.3826834323651044 4.718447854656915e-16
vn -0.9238795325113012 -0.382683432365055 -5.551115123125783e-17
vn -2.386979502944086e-15 5.426215032855451e-15 1
vn 2.386979502944086e-15 -5.426215032855451e-15 -1
vn 0.9762960071199334 -0.21643961393810296 -1.6653345369377348e-16
vn -0.9762960071199335 0.21643961393810235 1.3877787807814457e-16
vn 0.21643961393810113 0.9762960071199338 1.942890293094024e-16
vn -0.2164396139381039 -0.9762960071199331 -1.6653345369377348e-16
vn -1.1102230246251565e-16 -3.885780586188048e-16 1
vn 1.1102230246251565e-16 1.1102230246251565e-16 -1
vn 0.9762960071199334 0.2164396139381027 4.163336342344337e-16
vn -0.9762960071199335 -0.21643961393810227 -3.885780586188048e-16
vn -0.216439613938101 0.9762960071199339 1.2490009027033011e-15
vn 0.21643961393810296 -0.9762960071199334 -2.5673907444456745e-16
vn -4.718447854656916e-16 0 1
vn 3.3306690738754696e-16 5.412337245047638e-16 -1
vn 0.3826834323650902 0.9238795325112867 1.2212453270876722e-15
vn -0.3826834323650902 -0.9238795325112866 -1.2212453270876722e-15
vn -0.9238795325112935 0.3826834323650734 4.440892098500626e-16
vn 0.9238795325112944 -0.3826834323650718 -4.440892098500626e-16
vn -2.7200464103316335e-15 -6.231126725708691e-15 1
vn 2.7200464103316335e-15 6.38378239159465e-15 -1
vn 0.9588197348681949 0.2840153447039163 9.43689570931383e-16
vn -0.9588197348681927 -0.28401534470392403 -9.159339953157541e-16
vn -0.2840153447040091 0.9588197348681675 1.0824674490095276e-15
vn 0.284015344703942 -0.9588197348681874 -1.169203622808368e-15
vn -6.38378239159465e-15 -1.582067810090848e-15 1
vn 5.995204332975845e-15 2.706168622523819e-15 -1
vn 1 -3.191891195797325e-16 4.996003610813204e-16
vn -1 2.463307335887066e-16 -2.7755575615628914e-17
vn 1.7347234759768074e-17 0.9816271834476645 0.19080899537654256
vn -7.285838599102591e-17 -0.9816271834476641 -0.19080899537654517
vn 2.7755575615628914e-17 -0.19080899537654444 0.9816271834476641
vn 1.3877787807814457e-16 0.1908089953765453 -0.981627183447664
vn 1 2.0816681711721685e-17 -1.27675647831893e-15
vn -1 6.453171330633722e-16 4.718447854656915e-16
vn 6.140921104957896e-16 1 -3.5249581031848712e-15
vn -5.898059818321143e-17 -1 -9.714451465470117e-17
vn -8.326672684688672e-17 1.2490009027033009e-16 1
vn -2.775557561562892e-17 -1.5265566588595905e-16 -1
vn 1 -1.8735013540549512e-16 0
vn -1 7.632783294297951e-16 -1.1102230246251565e-16
vn 5.689893001203927e-16 1 -4.718447854656915e-16
vn -4.85722573273506e-17 -1 -1.3877787807814457e-17
vn 2.220446049250313e-16 1.942890293094024e-16 1
vn 0 5.551115123125783e-17 -1
vn 0.9998476951563913 0.01745240643728364 1.1102230246251565e-16
vn -0.9998476951563913 -0.017452406437283678 3.0531133177191805e-16
vn -0.01745240643728749 0.9998476951563913 -8.881784197001252e-16
vn 0.017452406437288088 -0.9998476951563913 -3.885780586188048e-16
vn -4.163336342344337e-16 -8.326672684688674e-17 1
vn 8.326672684688674e-16 -3.7470027081099033e-16 -1
vn 0.9998476951563914 -0.017452406437283487 3.3306690738754706e-16
vn -0.9998476951563913 0.0174524064372841 -3.3306690738754696e-16
vn 0.017452406437285368 0.9998476951563913 3.191891195797325e-16
vn -0.017452406437285576 -0.9998476951563914 -2.9143354396410364e-16
vn -1.6653345369377348e-16 -2.3592239273284576e-16 1
vn 2.498001805406602e-16 4.163336342344337e-17 -1
vn 1 -7.320533068622126e-16 1.1102230246251565e-16
vn -1 -5.5511151231257815e-17 -1.1102230246251563e-16
vn -4.475586568020162e-16 1 4.85722573273506e-16
vn 8.743006318923108e-16 -1 -4.440892098500626e-16
vn -9.992007221626409e-16 -3.469446951953614e-16 1
vn 4.163336342344337e-16 -3.191891195797325e-16 -1
vn 0.9975640570538971 -0.004866792928028829 0.06958639522755211
vn -0.9975640570538971 0.0048667929280278716 -0.06958639522755289
vn 0.03221067882828537 0.9169814232113239 -0.3976273904734886
vn -0.032210678828288986 -0.9169814232113231 0.39762739047349
vn -0.0618742615599599 0.39890021786398183 0.9149044714856724
vn 0.061874261559960786 -0.3989002178639819 -0.9149044714856724
vn 0.9612616959383189 0.23247018804253886 -0.1480998433262292
vn -0.9612616959383189 -0.2324701880425402 0.14809984332622794
vn -2.3869795029440866e-15 -0.5372996083468246 -0.8433914458128853
vn -1.1379786002407853e-15 0.5372996083468241 0.8433914458128855
vn -0.275637355816998 0.8107198915419651 -0.5164855327464631
vn 0.2756373558169957 -0.8107198915419666 0.5164855327464626
vn 0.9517886471682608 0.26564487812676474 -0.15339872830838025
vn -0.9517886471682605 -0.2656448781267655 0.15339872830838114
vn -0.10435044557326728 0.7506312827023462 0.6524290474352679
vn 0.1043504455732649 -0.7506312827023475 -0.6524290474352668
vn 0.28846031898733054 -0.6049673347823379 0.7421624944822276
vn -0.28846031898733265 0.6049673347823378 -0.7421624944822268
vn 1 7.632783294297951e-17 1.3877787807814457e-16
vn -1 -1.9081958235744873e-16 -4.163336342344336e-16
vn -3.469446951953614e-16 1 4.3021142204224816e-16
vn -9.367506770274758e-17 -1 -4.440892098500626e-16
vn -1.3877787807814457e-16 3.0531133177191805e-16 1
vn -1.387778780781446e-16 -6.245004513516507e-16 -1
vn 0.997564057053897 0.004866792928028323 -0.06958639522755339
vn -0.997564057053897 -0.004866792928029789 0.0695863952275526
vn -0.03221067882828345 0.9169814232113224 -0.39762739047349194
vn 0.03221067882828582 -0.9169814232113238 0.3976273904734886
vn 0.06187426155995873 0.3989002178639813 0.9149044714856728
vn -0.06187426155996255 -0.3989002178639793 -0.9149044714856732
vn 0.961261695938319 -0.2324701880425394 0.14809984332622816
vn -0.961261695938319 0.2324701880425399 -0.1480998433262274
vn -8.049116928532385e-16 0.537299608346824 0.8433914458128857
vn 1.0824674490095278e-15 -0.5372996083468246 -0.8433914458128855
vn -0.27563735581699494 -0.8107198915419667 0.5164855327464627
vn 0.2756373558169971 0.8107198915419661 -0.5164855327464623
vn 0.9517886471682607 -0.26564487812676474 0.15339872830838105
vn -0.9517886471682604 0.26564487812676607 -0.15339872830838064
vn 0.10435044557326492 0.7506312827023468 0.6524290474352675
vn -0.10435044557326162 -0.7506312827023502 -0.6524290474352643
vn -0.28846031898732644 -0.6049673347823392 0.7421624944822279
vn 0.2884603189873317 0.6049673347823374 -0.7421624944822274
vn 1 -3.5388358909926855e-16 -5.5511151231257815e-17
vn -1 3.851086116668511e-16 2.4980018054066017e-16
vn 5.273559366969494e-16 0.41469324265623875 -0.9099612708765433
vn -1.3322676295501878e-15 -0.4146932426562384 0.9099612708765437
vn 2.3037127760972e-15 0.909961270876544 0.4146932426562374
vn -2.3453461395206436e-15 -0.9099612708765434 -0.414693242656239
vn 0 0 0
vn 0 0 0
vn -2.234323837058127e-15 0.9238795325112862 0.38268343236509106
vn 2.040034807748725e-15 -0.9238795325112862 -0.3826834323650912
vn 0 0 0
vn 0 0 0
vn 0 0 0
vn 0 0 0
vn 2.220446049250313e-15 0.9238795325112883 0.3826834323650862
vn -2.220446049250313e-15 -0.9238795325112883 -0.3826834323650862
vn 0 0 0
vn 0 0 0
vn 0 0 0
vn 0 0 0
vn 0.5938583163412487 0.6135987159843821 0.5204122556729952
vn -0.5938583163412474 -0.6135987159843834 -0.5204122556729952
vn 0 0 0
vn 0 0 0
vn 0 0 0
vn 0 0 0
vn -0.5938583163412474 0.6135987159843831 0.5204122556729958
vn 0.5938583163412482 -0.6135987159843824 -0.5204122556729958
vn 0 0 0
vn 0 0 0
vn 0 0 0
vn 0 0 0
vn 0.6061195090035557 0.7933383545243359 0.05686295846953522
vn -0.6061195090035554 -0.7933383545243359 -0.05686295846953543
vn 0 0 0
vn 0 0 0
vn 0 0 0
vn 0 0 0
vn -0.6061195090035573 0.7933383545243343 0.056862958469540065
vn 0.6061195090035574 -0.7933383545243342 -0.05686295846954005
vn 0 0 0
vn 0 0 0
usemtl m_fe2c7c2b-24fc-708e-5f44-6778234958ad
f 8/1/1 3/2/1 2/3/1 4/4/1
f 7/5/2 5/6/2 6/7/2 8/8/2
f 2/9/3 3/10/3 6/11/3 5/12/3
f 4/13/4 7/14/4 8/15/4
f 4/16/5 2/17/5 5/18/5 7/19/5
f 6/20/6 3/21/6 8/22/6
f 12/23/7 10/24/7 9/25/7 11/26/7
f 15/27/8 13/28/8 14/29/8 16/30/8
f 9/31/9 10/32/9 14/33/9 13/34/9
f 12/35/10 11/36/10 15/37/10 16/38/10
f 11/39/11 9/40/11 13/41/11 15/42/11
f 16/43/12 14/44/12 10/45/12 12/46/12
f 17/47/13 18/48/13 23/49/13 19/50/13
f 21/51/14 20/52/14 22/53/14 23/54/14
f 21/55/15 18/56/15 17/57/15 20/58/15
f 22/59/16 19/60/16 23/61/16
f 20/62/17 17/63/17 19/64/17 22/65/17
f 18/66/18 21/67/18 23/68/18
f 24/69/19 25/70/19 27/71/19 26/72/19
f 29/73/20 28/74/20 30/75/20 31/76/20
f 29/77/21 25/78/21 24/79/21 28/80/21
f 30/81/22 26/82/22 27/83/22 31/84/22
f 28/85/23 24/86/23 26/87/23 30/88/23
f 25/89/24 29/90/24 31/91/24 27/92/24
f 32/93/25 33/94/25 35/95/25 34/96/25
f 37/97/26 36/98/26 38/99/26 39/100/26
f 37/101/27 33/102/27 32/103/27 36/104/27
f 38/105/28 34/106/28 35/107/28 39/108/28
f 36/109/29 32/110/29 34/111/29 38/112/29
f 33/113/30 37/114/30 39/115/30 35/116/30
f 40/117/31 41/118/31 43/119/31 42/120/31
f 45/121/32 44/122/32 46/123/32 47/124/32
f 45/125/33 41/126/33 40/127/33 44/128/33
f 46/129/34 42/130/34 43/131/34 47/132/34
f 44/133/35 40/134/35 42/135/35 46/136/35
f 41/137/36 45/138/36 47/139/36 43/140/36
f 51/141/37 49/142/37 48/143/37 50/144/37
f 54/145/38 52/146/38 53/147/38 55/148/38
f 48/149/39 49/150/39 53/151/39 52/152/39
f 51/153/40 50/154/40 54/155/40 55/156/40
f 50/157/41 48/158/41 52/159/41 54/160/41
f 55/161/42 53/162/42 49/163/42 51/164/42
f 59/165/43 57/166/43 56/167/43 58/168/43
f 62/169/44 60/170/44 61/171/44 63/172/44
f 56/173/45 57/174/45 61/175/45 60/176/45
f 59/177/46 58/178/46 62/179/46 63/180/46
f 58/181/47 56/182/47 60/183/47 62/184/47
f 63/185/48 61/186/48 57/187/48 59/188/48
f 64/189/49 65/190/49 67/191/49 66/192/49
f 69/193/50 68/194/50 70/195/50 71/196/50
f 69/197/51 65/198/51 64/199/51 68/200/51
f 70/201/52 66/202/52 67/203/52 71/204/52
f 68/205/53 64/206/53 66/207/53 70/208/53
f 65/209/54 69/210/54 71/211/54 67/212/54
f 72/213/55 73/214/55 75/215/55 74/216/55
f 77/217/56 76/218/56 78/219/56 79/220/56
f 77/221/57 73/222/57 72/223/57 76/224/57
f 78/225/58 74/226/58 75/227/58 79/228/58
f 76/229/59 72/230/59 74/231/59 78/232/59
f 73/233/60 77/234/60 79/235/60 75/236/60
f 80/237/61 81/238/61 83/239/61 82/240/61
f 85/241/62 84/242/62 86/243/62 87/244/62
f 85/245/63 81/246/63 80/247/63 84/248/63
f 86/249/64 82/250/64 83/251/64 87/252/64
f 84/253/65 80/254/65 82/255/65 86/256/65
f 81/257/66 85/258/66 87/259/66 83/260/66
f 88/261/67 89/262/67 91/263/67 90/264/67
f 93/265/68 92/266/68 94/267/68 95/268/68
f 93/269/69 89/270/69 88/271/69 92/272/69
f 94/273/70 90/274/70 91/275/70 95/276/70
f 92/277/71 88/278/71 90/279/71 94/280/71
f 89/281/72 93/282/72 95/283/72 91/284/72
f 96/285/73 97/286/73 99/287/73 98/288/73
f 101/289/74 100/290/74 102/291/74 103/292/74
f 101/293/75 97/294/75 96/295/75 100/296/75
f 102/297/76 98/298/76 99/299/76 103/300/76
f 100/301/77 96/302/77 98/303/77 102/304/77
f 97/305/78 101/306/78 103/307/78 99/308/78
f 104/309/79 105/310/79 107/311/79 106/312/79
f 109/313/80 108/314/80 110/315/80 111/316/80
f 109/317/81 105/318/81 104/319/81 108/320/81
f 110/321/82 106/322/82 107/323/82 111/324/82
f 108/325/83 104/326/83 106/327/83 110/328/83
f 105/329/84 109/330/84 111/331/84 107/332/84
f 112/333/85 113/334/85 115/335/85 114/336/85
f 117/337/86 116/338/86 118/339/86 119/340/86
f 117/341/87 113/342/87 112/343/87 116/344/87
f 118/345/88 114/346/88 115/347/88 119/348/88
f 116/349/89 112/350/89 114/351/89 118/352/89
f 113/353/90 117/354/90 119/355/90 115/356/90
f 120/357/91 121/358/91 123/359/91 122/360/91
f 125/361/92 124/362/92 126/363/92 127/364/92
f 125/365/93 121/366/93 120/367/93 124/368/93
f 126/369/94 122/370/94 123/371/94 127/372/94
f 124/373/95 120/374/95 122/375/95 126/376/95
f 121/377/96 125/378/96 127/379/96 123/380/96
f 128/381/97 129/382/97 131/383/97 130/384/97
f 133/385/98 132/386/98 134/387/98 135/388/98
f 133/389/99 129/390/99 128/391/99 132/392/99
f 134/393/100 130/394/100 131/395/100 135/396/100
f 132/397/101 128/398/101 130/399/101 134/400/101
f 129/401/102 133/402/102 135/403/102 131/404/102
f 136/405/103 137/406/103 139/407/103 138/408/103
f 141/409/104 140/410/104 142/411/104 143/412/104
f 141/413/105 137/414/105 136/415/105 140/416/105
f 142/417/106 138/418/106 139/419/106 143/420/106
f 140/421/107 136/422/107 138/423/107 142/424/107
f 137/425/108 141/426/108 143/427/108 139/428/108
f 144/429/109 145/430/109 147/431/109 146/432/109
f 149/433/110 148/434/110 150/435/110 151/436/110
f 149/437/111 145/438/111 144/439/111 148/440/111
f 150/441/112 146/442/112 147/443/112 151/444/112
f 148/445/113 144/446/113 146/447/113 150/448/113
f 145/449/114 149/450/114 151/451/114 147/452/114
f 152/453/115 153/454/115 155/455/115 154/456/115
f 157/457/116 156/458/116 158/459/116 159/460/116
f 157/461/117 153/462/117 152/463/117 156/464/117
f 158/465/118 154/466/118 155/467/118 159/468/118
f 156/469/119 152/470/119 154/471/119 158/472/119
f 153/473/120 157/474/120 159/475/120 155/476/120
f 160/477/121 161/478/121 163/479/121 162/480/121
f 165/481/122 164/482/122 166/483/122 167/484/122
f 165/485/123 161/486/123 160/487/123 164/488/123
f 166/489/124 162/490/124 163/491/124 167/492/124
f 164/493/125 160/494/125 162/495/125 166/496/125
f 161/497/126 165/498/126 167/499/126 163/500/126
f 168/501/127 169/502/127 171/503/127 170/504/127
f 173/505/128 172/506/128 174/507/128 175/508/128
f 173/509/129 169/510/129 168/511/129 172/512/129
f 174/513/130 170/514/130 171/515/130 175/516/130
f 172/517/131 168/518/131 170/519/131 174/520/131
f 169/521/132 173/522/132 175/523/132 171/524/132
f 179/525/133 177/526/133 176/527/133 178/528/133
f 181/529/134 180/530/134 182/531/134
f 178/532/135 180/533/135 179/534/135 182/535/135
f 178/536/136 176/537/136 180/538/136
f 182/539/137 181/540/137 177/541/137 179/542/137
f 176/543/138 177/544/138 181/545/138 180/546/138
f 1/547/139 184/548/139 183/549/139 185/550/139
f 187/551/140 186/552/140 188/553/140
f 183/554/141 184/555/141 187/556/141 186/557/141
f 1/558/142 185/559/142 186/560/142 188/561/142
f 185/562/143 183/563/143 186/564/143
f 188/565/144 187/566/144 184/567/144 1/568/144
f 189/569/145 190/570/145 192/571/145 191/572/145
f 193/573/146 194/574/146 195/575/146
f 192/576/147 193/577/147 191/578/147 195/579/147
f 189/580/148 191/581/148 193/582/148
f 190/583/149 194/584/149 195/585/149 192/586/149
f 194/587/150 190/588/150 189/589/150 193/590/150
f 199/591/151 197/592/151 196/593/151 198/594/151
f 201/595/152 200/596/152 202/597/152
f 198/598/153 200/599/153 199/600/153 202/601/153
f 198/602/154 196/603/154 200/604/154
f 202/605/155 201/606/155 197/607/155 199/608/155
f 197/609/156 201/610/156 196/611/156 200/612/156
f 203/613/157 204/614/157 206/615/157 205/616/157
f 207/617/158 208/618/158 209/619/158
f 208/620/159 204/621/159 203/622/159 207/623/159
f 206/624/160 205/625/160 207/626/160 209/627/160
f 203/628/161 205/629/161 207/630/161
f 204/631/162 208/632/162 209/633/162 206/634/162
f 213/635/163 211/636/163 210/637/163 212/638/163
f 216/639/164 214/640/164 215/641/164 217/642/164
f 210/643/165 211/644/165 215/645/165 214/646/165
f 213/647/166 212/648/166 216/649/166 217/650/166
f 212/651/167 210/652/167 214/653/167 216/654/167
f 217/655/168 215/656/168 211/657/168 213/658/168
f 221/659/169 219/660/169 218/661/169 220/662/169
f 224/663/170 222/664/170 223/665/170 225/666/170
f 218/667/171 219/668/171 223/669/171 222/670/171
f 221/671/172 220/672/172 224/673/172 225/674/172
f 220/675/173 218/676/173 222/677/173 224/678/173
f 225/679/174 223/680/174 219/681/174 221/682/174
f 229/683/175 227/684/175 226/685/175 228/686/175
f 232/687/176 230/688/176 231/689/176 233/690/176
f 226/691/177 227/692/177 231/693/177 230/694/177
f 229/695/178 228/696/178 232/697/178 233/698/178
f 228/699/179 226/700/179 230/701/179 232/702/179
f 233/703/180 231/704/180 227/705/180 229/706/180
f 237/707/181 235/708/181 234/709/181 236/710/181
f 240/711/182 238/712/182 239/713/182 241/714/182
f 234/715/183 235/716/183 239/717/183 238/718/183
f 237/719/184 236/720/184 240/721/184 241/722/184
f 236/723/185 234/724/185 238/725/185 240/726/185
f 241/727/186 239/728/186 235/729/186 237/730/186
f 245/731/187 243/732/187 242/733/187 244/734/187
f 248/735/188 246/736/188 247/737/188 249/738/188
f 242/739/189 243/740/189 247/741/189 246/742/189
f 245/743/190 244/744/190 248/745/190 249/746/190
f 244/747/191 242/748/191 246/749/191 248/750/191
f 249/751/192 247/752/192 243/753/192 245/754/192
f 253/755/193 251/756/193 250/757/193 252/758/193
f 256/759/194 254/760/194 255/761/194 257/762/194
f 250/763/195 251/764/195 255/765/195 254/766/195
f 253/767/196 252/768/196 256/769/196 257/770/196
f 252/771/197 250/772/197 254/773/197 256/774/197
f 257/775/198 255/776/198 251/777/198 253/778/198
f 261/779/199 259/780/199 258/781/199 260/782/199
f 264/783/200 262/784/200 263/785/200 265/786/200
f 258/787/201 259/788/201 263/789/201 262/790/201
f 261/791/202 260/792/202 264/793/202 265/794/202
f 260/795/203 258/796/203 262/797/203 264/798/203
f 265/799/204 263/800/204 259/801/204 261/802/204
f 269/803/205 267/804/205 266/805/205 268/806/205
f 272/807/206 270/808/206 271/809/206 273/810/206
f 266/811/207 267/812/207 271/813/207 270/814/207
f 269/815/208 268/816/208 272/817/208 273/818/208
f 268/819/209 266/820/209 270/821/209 272/822/209
f 273/823/210 271/824/210 267/825/210 269/826/210
f 277/827/211 275/828/211 274/829/211 276/830/211
f 280/831/212 278/832/212 279/833/212 281/834/212
f 274/835/213 275/836/213 279/837/213 278/838/213
f 277/839/214 276/840/214 280/841/214 281/842/214
f 276/843/215 274/844/215 278/845/215 280/846/215
f 281/847/216 279/848/216 275/849/216 277/850/216
f 285/851/217 283/852/217 282/853/217 284/854/217
f 288/855/218 286/856/218 287/857/218 289/858/218
f 282/859/219 283/860/219 287/861/219 286/862/219
f 285/863/220 284/864/220 288/865/220 289/866/220
f 284/867/221 282/868/221 286/869/221 288/870/221
f 289/871/222 287/872/222 283/873/222 285/874/222
f 293/875/223 291/876/223 290/877/223 292/878/223
f 296/879/224 294/880/224 295/881/224 297/882/224
f 290/883/225 291/884/225 295/885/225 294/886/225
f 293/887/226 292/888/226 296/889/226 297/890/226
f 292/891/227 290/892/227 294/893/227 296/894/227
f 297/895/228 295/896/228 291/897/228 293/898/228
f 301/899/229 299/900/229 298/901/229 300/902/229
f 304/903/230 302/904/230 303/905/230 305/906/230
f 298/907/231 299/908/231 303/909/231 302/910/231
f 301/911/232 300/912/232 304/913/232 305/914/232
f 300/915/233 298/916/233 302/917/233 304/918/233
f 305/919/234 303/920/234 299/921/234 301/922/234
f 309/923/235 307/924/235 306/925/235 308/926/235
f 312/927/236 310/928/236 311/929/236 313/930/236
f 306/931/237 307/932/237 311/933/237 310/934/237
f 309/935/238 308/936/238 312/937/238 313/938/238
f 308/939/239 306/940/239 310/941/239 312/942/239
f 313/943/240 311/944/240 307/945/240 309/946/240
f 317/947/241 315/948/241 314/949/241 316/950/241
f 320/951/242 318/952/242 319/953/242 321/954/242
f 314/955/243 315/956/243 319/957/243 318/958/243
f 317/959/244 316/960/244 320/961/244 321/962/244
f 316/963/245 314/964/245 318/965/245 320/966/245
f 321/967/246 319/968/246 315/969/246 317/970/246
f 322/971/247 323/972/247 325/973/247 324/974/247
f 326/975/248 327/976/248 328/977/248
f 325/978/249 326/979/249 324/980/249 328/981/249
f 322/982/250 324/983/250 326/984/250
f 323/985/251 327/986/251 328/987/251 325/988/251
f 327/989/252 323/990/252 322/991/252 326/992/252
f 329/993/253 330/994/253 332/995/253 331/996/253
f 333/997/254 334/998/254 335/999/254
f 334/1000/255 330/1001/255 329/1002/255 333/1003/255
f 333/1004/256 331/1005/256 332/1006/256 335/1007/256
f 329/1008/257 331/1009/257 333/1010/257
f 330/1011/258 334/1012/258 335/1013/258 332/1014/258
f 339/1015/259 337/1016/259 336/1017/259 338/1018/259
f 341/1019/260 340/1020/260 342/1021/260
f 337/1022/261 341/1023/261 336/1024/261 340/1025/261
f 340/1026/262 338/1027/262 339/1028/262 342/1029/262
f 338/1030/263 336/1031/263 340/1032/263
f 342/1033/264 341/1034/264 337/1035/264 339/1036/264
f 344/1037/265 343/1038/265 345/1039/265 346/1040/265
f 349/1041/266 347/1042/266 348/1043/266 350/1044/266
f 347/1045/267 343/1046/267 344/1047/267 348/1048/267
f 346/1049/268 345/1050/268 349/1051/268 350/1052/268
f 345/1053/269 343/1054/269 347/1055/269 349/1056/269
f 348/1057/270 344/1058/270 346/1059/270 350/1060/270
f 354/1061/271 352/1062/271 351/1063/271 353/1064/271
f 357/1065/272 355/1066/272 356/1067/272 358/1068/272
f 351/1069/273 352/1070/273 356/1071/273 355/1072/273
f 354/1073/274 353/1074/274 357/1075/274 358/1076/274
f 353/1077/275 351/1078/275 355/1079/275 357/1080/275
f 358/1081/276 356/1082/276 352/1083/276 354/1084/276
f 362/1085/277 360/1086/277 359/1087/277 361/1088/277
f 365/1089/278 363/1090/278 364/1091/278 366/1092/278
f 359/1093/279 360/1094/279 364/1095/279 363/1096/279
f 362/1097/280 361/1098/280 365/1099/280 366/1100/280
f 361/1101/281 359/1102/281 363/1103/281 365/1104/281
f 366/1105/282 364/1106/282 360/1107/282 362/1108/282
f 370/1109/283 368/1110/283 367/1111/283 369/1112/283
f 373/1113/284 371/1114/284 372/1115/284 374/1116/284
f 367/1117/285 368/1118/285 372/1119/285 371/1120/285
f 370/1121/286 369/1122/286 373/1123/286 374/1124/286
f 369/1125/287 367/1126/287 371/1127/287 373/1128/287
f 374/1129/288 372/1130/288 368/1131/288 370/1132/288
f 378/1133/289 376/1134/289 375/1135/289 377/1136/289
f 382/1137/290 380/1138/290 379/1139/290 381/1140/290
f 383/1141/291 384/1142/291 386/1143/291 385/1144/291
f 387/1145/292 388/1146/292 390/1147/292 389/1148/292
f 394/1149/293 392/1150/293 391/1151/293 393/1152/293
f 397/1153/294 395/1154/294 396/1155/294 398/1156/294
f 391/1157/295 392/1158/295 396/1159/295 395/1160/295
f 394/1161/296 393/1162/296 397/1163/296 398/1164/296
f 393/1165/297 391/1166/297 395/1167/297 397/1168/297
f 398/1169/298 396/1170/298 392/1171/298 394/1172/298
f 402/1173/299 400/1174/299 399/1175/299 401/1176/299
f 405/1177/300 403/1178/300 404/1179/300 406/1180/300
f 399/1181/301 400/1182/301 404/1183/301 403/1184/301
f 402/1185/302 401/1186/302 405/1187/302 406/1188/302
f 401/1189/303 399/1190/303 403/1191/303 405/1192/303
f 406/1193/304 404/1194/304 400/1195/304 402/1196/304
f 410/1197/305 408/1198/305 407/1199/305 409/1200/305
f 413/1201/306 411/1202/306 412/1203/306 414/1204/306
f 407/1205/307 408/1206/307 412/1207/307 411/1208/307
f 410/1209/308 409/1210/308 413/1211/308 414/1212/308
f 409/1213/309 407/1214/309 411/1215/309 413/1216/309
f 414/1217/310 412/1218/310 408/1219/310 410/1220/310
f 418/1221/311 416/1222/311 415/1223/311 417/1224/311
f 421/1225/312 419/1226/312 420/1227/312 422/1228/312
f 415/1229/313 416/1230/313 420/1231/313 419/1232/313
f 418/1233/314 417/1234/314 421/1235/314 422/1236/314
f 417/1237/315 415/1238/315 419/1239/315 421/1240/315
f 422/1241/316 420/1242/316 416/1243/316 418/1244/316
f 426/1245/317 424/1246/317 423/1247/317 425/1248/317
f 429/1249/318 427/1250/318 428/1251/318 430/1252/318
f 423/1253/319 424/1254/319 428/1255/319 427/1256/319
f 426/1257/320 425/1258/320 429/1259/320 430/1260/320
f 425/1261/321 423/1262/321 427/1263/321 429/1264/321
f 430/1265/322 428/1266/322 424/1267/322 426/1268/322
f 434/1269/323 432/1270/323 431/1271/323 433/1272/323
f 437/1273/324 435/1274/324 436/1275/324 438/1276/324
f 431/1277/325 432/1278/325 436/1279/325 435/1280/325
f 434/1281/326 433/1282/326 437/1283/326 438/1284/326
f 433/1285/327 431/1286/327 435/1287/327 437/1288/327
f 438/1289/328 436/1290/328 432/1291/328 434/1292/328
f 442/1293/329 440/1294/329 439/1295/329 441/1296/329
f 445/1297/330 443/1298/330 444/1299/330 446/1300/330
f 439/1301/331 440/1302/331 444/1303/331 443/1304/331
f 442/1305/332 441/1306/332 445/1307/332 446/1308/332
f 441/1309/333 439/1310/333 443/1311/333 445/1312/333
f 446/1313/334 444/1314/334 440/1315/334 442/1316/334
f 450/1317/335 448/1318/335 447/1319/335 449/1320/335
f 453/1321/336 451/1322/336 452/1323/336 454/1324/336
f 447/1325/337 448/1326/337 452/1327/337 451/1328/337
f 450/1329/338 449/1330/338 453/1331/338 454/1332/338
f 449/1333/339 447/1334/339 451/1335/339 453/1336/339
f 454/1337/340 452/1338/340 448/1339/340 450/1340/340
f 458/1341/341 456/1342/341 455/1343/341 457/1344/341
f 461/1345/342 459/1346/342 460/1347/342 462/1348/342
f 455/1349/343 456/1350/343 460/1351/343 459/1352/343
f 458/1353/344 457/1354/344 461/1355/344 462/1356/344
f 457/1357/345 455/1358/345 459/1359/345 461/1360/345
f 462/1361/346 460/1362/346 456/1363/346 458/1364/346
f 466/1365/347 464/1366/347 463/1367/347 465/1368/347
f 469/1369/348 467/1370/348 468/1371/348 470/1372/348
f 463/1373/349 464/1374/349 468/1375/349 467/1376/349
f 466/1377/350 465/1378/350 469/1379/350 470/1380/350
f 465/1381/351 463/1382/351 467/1383/351 469/1384/351
f 470/1385/352 468/1386/352 464/1387/352 466/1388/352
f 474/1389/353 472/1390/353 471/1391/353 473/1392/353
f 477/1393/354 475/1394/354 476/1395/354 478/1396/354
f 471/1397/355 472/1398/355 476/1399/355 475/1400/355
f 474/1401/356 473/1402/356 477/1403/356 478/1404/356
f 473/1405/357 471/1406/357 475/1407/357 477/1408/357
f 478/1409/358 476/1410/358 472/1411/358 474/1412/358
f 482/1413/359 480/1414/359 479/1415/359 481/1416/359
f 485/1417/360 483/1418/360 484/1419/360 486/1420/360
f 479/1421/361 480/1422/361 484/1423/361 483/1424/361
f 482/1425/362 481/1426/362 485/1427/362 486/1428/362
f 481/1429/363 479/1430/363 483/1431/363 485/1432/363
f 486/1433/364 484/1434/364 480/1435/364 482/1436/364
f 490/1437/365 488/1438/365 487/1439/365 489/1440/365
f 493/1441/366 491/1442/366 492/1443/366 494/1444/366
f 487/1445/367 488/1446/367 492/1447/367 491/1448/367
f 490/1449/368 489/1450/368 493/1451/368 494/1452/368
f 489/1453/369 487/1454/369 491/1455/369 493/1456/369
f 494/1457/370 492/1458/370 488/1459/370 490/1460/370
f 498/1461/371 496/1462/371 495/1463/371 497/1464/371
f 501/1465/372 499/1466/372 500/1467/372 502/1468/372
f 495/1469/373 496/1470/373 500/1471/373 499/1472/373
f 498/1473/374 497/1474/374 501/1475/374 502/1476/374
f 497/1477/375 495/1478/375 499/1479/375 501/1480/375
f 502/1481/376 500/1482/376 496/1483/376 498/1484/376
f 506/1485/377 504/1486/377 503/1487/377 505/1488/377
f 509/1489/378 507/1490/378 508/1491/378 510/1492/378
f 503/1493/379 504/1494/379 508/1495/379 507/1496/379
f 506/1497/380 505/1498/380 509/1499/380 510/1500/380
f 505/1501/381 503/1502/381 507/1503/381 509/1504/381
f 510/1505/382 508/1506/382 504/1507/382 506/1508/382
f 514/1509/383 512/1510/383 511/1511/383 513/1512/383
f 517/1513/384 515/1514/384 516/1515/384 518/1516/384
f 511/1517/385 512/1518/385 516/1519/385 515/1520/385
f 514/1521/386 513/1522/386 517/1523/386 518/1524/386
f 513/1525/387 511/1526/387 515/1527/387 517/1528/387
f 518/1529/388 516/1530/388 512/1531/388 514/1532/388
f 522/1533/389 520/1534/389 519/1535/389 521/1536/389
f 525/1537/390 523/1538/390 524/1539/390 526/1540/390
f 519/1541/391 520/1542/391 524/1543/391 523/1544/391
f 522/1545/392 521/1546/392 525/1547/392 526/1548/392
f 521/1549/393 519/1550/393 523/1551/393 525/1552/393
f 526/1553/394 524/1554/394 520/1555/394 522/1556/394
f 530/1557/395 528/1558/395 527/1559/395 529/1560/395
f 533/1561/396 531/1562/396 532/1563/396 534/1564/396
f 527/1565/397 528/1566/397 532/1567/397 531/1568/397
f 530/1569/398 529/1570/398 533/1571/398 534/1572/398
f 529/1573/399 527/1574/399 531/1575/399 533/1576/399
f 534/1577/400 532/1578/400 528/1579/400 530/1580/400
f 538/1581/401 536/1582/401 535/1583/401 537/1584/401
f 541/1585/402 539/1586/402 540/1587/402 542/1588/402
f 535/1589/403 536/1590/403 540/1591/403 539/1592/403
f 538/1593/404 537/1594/404 541/1595/404 542/1596/404
f 537/1597/405 535/1598/405 539/1599/405 541/1600/405
f 542/1601/406 540/1602/406 536/1603/406 538/1604/406
f 546/1605/407 544/1606/407 543/1607/407 545/1608/407
f 549/1609/408 547/1610/408 548/1611/408 550/1612/408
f 543/1613/409 544/1614/409 548/1615/409 547/1616/409
f 546/1617/410 545/1618/410 549/1619/410 550/1620/410
f 545/1621/411 543/1622/411 547/1623/411 549/1624/411
f 550/1625/412 548/1626/412 544/1627/412 546/1628/412
f 554/1629/413 552/1630/413 551/1631/413 553/1632/413
f 557/1633/414 555/1634/414 556/1635/414 558/1636/414
f 551/1637/415 552/1638/415 556/1639/415 555/1640/415
f 554/1641/416 553/1642/416 557/1643/416 558/1644/416
f 553/1645/417 551/1646/417 555/1647/417 557/1648/417
f 558/1649/418 556/1650/418 552/1651/418 554/1652/418
f 562/1653/419 560/1654/419 559/1655/419 561/1656/419
f 565/1657/420 563/1658/420 564/1659/420 566/1660/420
f 559/1661/421 560/1662/421 564/1663/421 563/1664/421
f 562/1665/422 561/1666/422 565/1667/422 566/1668/422
f 561/1669/423 559/1670/423 563/1671/423 565/1672/423
f 566/1673/424 564/1674/424 560/1675/424 562/1676/424
f 570/1677/425 568/1678/425 567/1679/425 569/1680/425
f 573/1681/426 571/1682/426 572/1683/426 574/1684/426
f 567/1685/427 568/1686/427 572/1687/427 571/1688/427
f 570/1689/428 569/1690/428 573/1691/428 574/1692/428
f 569/1693/429 567/1694/429 571/1695/429 573/1696/429
f 574/1697/430 572/1698/430 568/1699/430 570/1700/430
f 578/1701/431 576/1702/431 575/1703/431 577/1704/431
f 581/1705/432 579/1706/432 580/1707/432 582/1708/432
f 575/1709/433 576/1710/433 580/1711/433 579/1712/433
f 578/1713/434 577/1714/434 581/1715/434 582/1716/434
f 577/1717/435 575/1718/435 579/1719/435 581/1720/435
f 582/1721/436 580/1722/436 576/1723/436 578/1724/436
f 586/1725/437 584/1726/437 583/1727/437 585/1728/437
f 589/1729/438 587/1730/438 588/1731/438 590/1732/438
f 583/1733/439 584/1734/439 588/1735/439 587/1736/439
f 586/1737/440 585/1738/440 589/1739/440 590/1740/440
f 585/1741/441 583/1742/441 587/1743/441 589/1744/441
f 590/1745/442 588/1746/442 584/1747/442 586/1748/442
f 594/1749/443 592/1750/443 591/1751/443 593/1752/443
f 597/1753/444 595/1754/444 596/1755/444 598/1756/444
f 591/1757/445 592/1758/445 596/1759/445 595/1760/445
f 594/1761/446 593/1762/446 597/1763/446 598/1764/446
f 593/1765/447 591/1766/447 595/1767/447 597/1768/447
f 598/1769/448 596/1770/448 592/1771/448 594/1772/448
f 602/1773/449 600/1774/449 599/1775/449 601/1776/449
f 605/1777/450 603/1778/450 604/1779/450 606/1780/450
f 599/1781/451 600/1782/451 604/1783/451 603/1784/451
f 602/1785/452 601/1786/452 605/1787/452 606/1788/452
f 601/1789/453 599/1790/453 603/1791/453 605/1792/453
f 606/1793/454 604/1794/454 600/1795/454 602/1796/454
f 610/1797/455 608/1798/455 607/1799/455 609/1800/455
f 613/1801/456 611/1802/456 612/1803/456 614/1804/456
f 607/1805/457 608/1806/457 612/1807/457 611/1808/457
f 610/1809/458 609/1810/458 613/1811/458 614/1812/458
f 609/1813/459 607/1814/459 611/1815/459 613/1816/459
f 614/1817/460 612/1818/460 608/1819/460 610/1820/460
f 618/1821/461 616/1822/461 615/1823/461 617/1824/461
f 621/1825/462 619/1826/462 620/1827/462 622/1828/462
f 615/1829/463 616/1830/463 620/1831/463 619/1832/463
f 618/1833/464 617/1834/464 621/1835/464 622/1836/464
f 617/1837/465 615/1838/465 619/1839/465 621/1840/465
f 622/1841/466 620/1842/466 616/1843/466 618/1844/466
f 626/1845/467 624/1846/467 623/1847/467 625/1848/467
f 629/1849/468 627/1850/468 628/1851/468 630/1852/468
f 623/1853/469 624/1854/469 628/1855/469 627/1856/469
f 626/1857/470 625/1858/470 629/1859/470 630/1860/470
f 625/1861/471 623/1862/471 627/1863/471 629/1864/471
f 630/1865/472 628/1866/472 624/1867/472 626/1868/472
f 634/1869/473 632/1870/473 631/1871/473 633/1872/473
f 637/1873/474 635/1874/474 636/1875/474 638/1876/474
f 631/1877/475 632/1878/475 636/1879/475 635/1880/475
f 634/1881/476 633/1882/476 637/1883/476 638/1884/476
f 633/1885/477 631/1886/477 635/1887/477 637/1888/477
f 638/1889/478 636/1890/478 632/1891/478 634/1892/478
f 642/1893/479 640/1894/479 639/1895/479 641/1896/479
f 645/1897/480 643/1898/480 644/1899/480 646/1900/480
f 639/1901/481 640/1902/481 644/1903/481 643/1904/481
f 642/1905/482 641/1906/482 645/1907/482 646/1908/482
f 641/1909/483 639/1910/483 643/1911/483 645/1912/483
f 646/1913/484 644/1914/484 640/1915/484 642/1916/484
f 650/1917/485 648/1918/485 647/1919/485 649/1920/485
f 653/1921/486 651/1922/486 652/1923/486 654/1924/486
f 647/1925/487 648/1926/487 652/1927/487 651/1928/487
f 650/1929/488 649/1930/488 653/1931/488 654/1932/488
f 649/1933/489 647/1934/489 651/1935/489 653/1936/489
f 654/1937/490 652/1938/490 648/1939/490 650/1940/490
f 658/1941/491 656/1942/491 655/1943/491 657/1944/491
f 661/1945/492 659/1946/492 660/1947/492 662/1948/492
f 655/1949/493 656/1950/493 660/1951/493 659/1952/493
f 658/1953/494 657/1954/494 661/1955/494 662/1956/494
f 657/1957/495 655/1958/495 659/1959/495 661/1960/495
f 662/1961/496 660/1962/496 656/1963/496 658/1964/496
f 666/1965/497 664/1966/497 663/1967/497 665/1968/497
f 669/1969/498 667/1970/498 668/1971/498 670/1972/498
f 663/1973/499 664/1974/499 668/1975/499 667/1976/499
f 666/1977/500 665/1978/500 669/1979/500 670/1980/500
f 665/1981/501 663/1982/501 667/1983/501 669/1984/501
f 670/1985/502 668/1986/502 664/1987/502 666/1988/502
f 674/1989/503 672/1990/503 671/1991/503 673/1992/503
f 677/1993/504 675/1994/504 676/1995/504 678/1996/504
f 671/1997/505 672/1998/505 676/1999/505 675/2000/505
f 674/2001/506 673/2002/506 677/2003/506 678/2004/506
f 673/2005/507 671/2006/507 675/2007/507 677/2008/507
f 678/2009/508 676/2010/508 672/2011/508 674/2012/508
f 682/2013/509 680/2014/509 679/2015/509 681/2016/509
f 685/2017/510 683/2018/510 684/2019/510 686/2020/510
f 679/2021/511 680/2022/511 684/2023/511 683/2024/511
f 682/2025/512 681/2026/512 685/2027/512 686/2028/512
f 681/2029/513 679/2030/513 683/2031/513 685/2032/513
f 686/2033/514 684/2034/514 680/2035/514 682/2036/514
f 688/2037/515 687/2038/515 690/2039/515 689/2040/515
f 691/2041/516 692/2042/516 693/2043/516 694/2044/516
f 687/2045/517 688/2046/517 692/2047/517 691/2048/517
f 690/2049/518 689/2050/518 693/2051/518 694/2052/518
f 687/2053/519 691/2054/519 689/2055/519 693/2056/519
f 692/2057/520 688/2058/520 694/2059/520 690/2060/520
f 696/2061/521 695/2062/521 698/2063/521 697/2064/521
f 699/2065/522 700/2066/522 701/2067/522 702/2068/522
f 695/2069/523 696/2070/523 700/2071/523 699/2072/523
f 698/2073/524 697/2074/524 701/2075/524 702/2076/524
f 695/2077/525 699/2078/525 697/2079/525 701/2080/525
f 700/2081/526 696/2082/526 702/2083/526 698/2084/526
f 704/2085/527 703/2086/527 706/2087/527 705/2088/527
f 707/2089/528 708/2090/528 709/2091/528 710/2092/528
f 703/2093/529 704/2094/529 708/2095/529 707/2096/529
f 706/2097/530 705/2098/530 709/2099/530 710/2100/530
f 703/2101/531 707/2102/531 705/2103/531 709/2104/531
f 708/2105/532 704/2106/532 710/2107/532 706/2108/532
f 712/2109/533 711/2110/533 714/2111/533 713/2112/533
f 715/2113/534 716/2114/534 717/2115/534 718/2116/534
f 711/2117/535 712/2118/535 716/2119/535 715/2120/535
f 714/2121/536 713/2122/536 717/2123/536 718/2124/536
f 711/2125/537 715/2126/537 713/2127/537 717/2128/537
f 716/2129/538 712/2130/538 718/2131/538 714/2132/538
f 720/2133/539 719/2134/539 722/2135/539 721/2136/539
f 723/2137/540 724/2138/540 725/2139/540 726/2140/540
f 719/2141/541 720/2142/541 724/2143/541 723/2144/541
f 722/2145/542 721/2146/542 725/2147/542 726/2148/542
f 719/2149/543 723/2150/543 721/2151/543 725/2152/543
f 724/2153/544 720/2154/544 726/2155/544 722/2156/544
f 728/2157/545 727/2158/545 730/2159/545 729/2160/545
f 731/2161/546 732/2162/546 733/2163/546 734/2164/546
f 727/2165/547 728/2166/547 732/2167/547 731/2168/547
f 730/2169/548 729/2170/548 733/2171/548 734/2172/548
f 727/2173/549 731/2174/549 729/2175/549 733/2176/549
f 732/2177/550 728/2178/550 734/2179/550 730/2180/550
