# Made in Blockbench 5.1.6
mtllib ukrainian_mobilized_h.mtl

o cube
v -0.003772500000000012 1.9189353855600226 -0.4307678506892302
v 0.26117558050543477 1.991807141209783 -0.2836257838017091
v -0.0034271836182136473 2.0492214833158413 -0.3467509192593385
v 0.25938092341768426 1.8715481209961151 -0.34355230454324687
v -0.003772177570460847 1.9189354816858424 -0.4307672458502546
v 0.27872523971536095 2.021268807176753 -0.3324115930984505
v 0.0003161756081880296 2.065592102221325 -0.4238834499208185
v 0.27921815957445895 1.8947865639386143 -0.3907806999348813
v -0.000016519807406134568 1.9450698188927138 -0.4833254432106507
v 0.2528061680402541 1.9754465506079688 -0.25064789905033025
v 0.22796064317581125 2.007304761542441 -0.31383614392439696
v 0.2510115993737425 1.8551875202969705 -0.3105744021767412
v 0.22616607450929968 1.8870457312314433 -0.37376264705080753
v 0.27803077611522375 1.969508848794605 -0.26751677135534496
v 0.27872543541318906 2.021268296402663 -0.33241163682095565
v 0.3040801104403973 1.8628647841804507 -0.3275701443621168
v 0.2792345855759545 1.894722995114923 -0.39075838923618333
v 0.26926868431412726 1.9288080821130016 -0.18557837315649567
v 0.2505587010892767 1.9671544580730231 -0.26197040139543204
v 0.26764089063994523 1.8197359932096235 -0.23993042311790852
v 0.2489309074150948 1.8580823691696449 -0.3163224513568453
v 0.29674061988583234 1.9311621273420716 -0.19112516069556484
v 0.2780306366609818 1.9695085033020931 -0.26751718893450155
v 0.3228560607290526 1.8426227651516598 -0.24196532320247843
v 0.30387477855850514 1.862790459627785 -0.32741602643498385
v 0.26801687500000004 1.8438426379271413 -0.22537684340778902
v 0.24930687499999993 1.8647457007571566 -0.30825757349266797
v 0.26764124999999994 1.8165539633851095 -0.2321741157195099
v 0.24893125 1.8374568909403661 -0.31505545598939344
v 0.32285624999999996 1.8426226773885626 -0.24196538529867131
v 0.3040799999999999 1.8628648617351198 -0.32757014548997887
v 0.322585 1.8187493600565057 -0.2440239243058691
v 0.303875 1.8396524228865205 -0.3269046543907482
v 0.25155374999999996 1.8752916627400082 -0.29899815217587555
v 0.22670874999999996 1.8927180743166043 -0.3675844367715671
v 0.2510112499999999 1.8358746359556215 -0.3088169918211163
v 0.22616624999999987 1.8533011828069765 -0.3774026662318033
v 0.30407999999999985 1.8628648617351193 -0.32757014548997876
v 0.2792343749999999 1.8947229781032078 -0.39075831583750487
v 0.3040799999999998 1.839691622036648 -0.32707146778313373
v 0.2792343749999999 1.8571180336132447 -0.3956577523788253
v 0.2601737499999999 1.9023186556796048 -0.33020445302681345
v 0.2593806249999999 1.8447096761737056 -0.34455449093970447
v -0.02131562500000002 1.8739225362136886 -0.4463189091330862
v 0.2792343749999999 1.8947229781032078 -0.39075831583750487
v -0.000016875000000041163 1.9450692594135741 -0.4833257124374718
v 0.27921812499999993 1.8571747924073803 -0.39569338178961533
v -0.0014787500000001258 1.8863883979071263 -0.49745732507275126
v 0.2419776452996376 2.0395402567587504 -0.13093442379431308
v -0.0034278555236729596 2.1312883097039506 -0.17469600022186915
v 0.2419776452996376 1.9574740789296692 -0.3029897436235052
v -0.003427855523672932 2.0492221318748696 -0.34675132005106135
v 0.28040721830784204 2.096044238650933 -0.16047591608403655
v -0.0007107099481710871 2.203543814719314 -0.20916010821694658
v 0.2787253818484974 2.021268930171364 -0.33241218916881743
v -0.0007107099481711704 2.1214776368902326 -0.3812154280461386
v 0.24197764529963756 2.03085839670699 0.15361750000000007
v -0.0005407319845751879 2.1313127977028263 0.1536175000000003
v 0.24197764529963756 2.03085839670699 -0.16200749999999986
v -0.0005407319845751324 2.1313127977028263 -0.1620074999999998
v 0.284220586024329 2.0962564808988184 0.1625000000000002
v -0.0007107099481711149 2.212562619902582 0.15361750000000018
v 0.284220586024329 2.0962564808988184 -0.16249999999999976
v -0.0007107099481710594 2.212562619902582 -0.16200749999999992
v -0.0005407319845751601 2.1302089208457717 0.17418115814625124
v 0.24197764529963756 2.0395402567587504 0.1309344237943133
v -0.0005407319845751324 2.0454520486616388 0.3518776360026299
v 0.24197764529963764 1.9547833845746174 0.3086309016506922
v -0.00021553027004066194 2.20483499576742 0.21169961091984035
v 0.2842204838302915 2.096256375981405 0.1625000488795676
v -0.0002155302700406203 2.1200781235832875 0.38939608877621923
v 0.2826764247789325 2.022793959765198 0.33420527974005665
v 0.0009032113522739194 1.9962852347182005 0.35025496900792363
v 0.25352652102332895 2.0017616692337517 0.2457583734552975
v 0.0009032113522739749 1.80592147965561 0.3402784273491126
v 0.25352652102332895 1.8113979141711611 0.23578183179648626
v -0.0007103283808708727 1.99200165366729 0.4319905645533154
v 0.2826768475750731 2.022793419328221 0.3342051798267677
v -0.0007107091008301258 1.8016382462948766 0.4079515643762395
v 0.3062963306899654 1.8285327749502875 0.27801851018630575
v 0.284220495503577 2.0962565952454795 -0.1624999999999997
v 0.284220495503577 2.0962565952454795 0.1625000000000003
v 0.3295375396718673 1.8918446187547429 -0.16249999999999976
v 0.3295375396718672 1.8918446187547429 0.1625000000000002
v 0.2384566201698301 2.08611098834213 -0.16249999999999964
v 0.23845662016983002 2.08611098834213 0.1625000000000002
v 0.28377366433812035 1.8816990118513943 -0.1624999999999997
v 0.28377366433812035 1.8816990118513943 0.1625000000000002
v 0.2842207367590239 2.0962558981680455 0.16249993399394136
v 0.2826771272443236 2.022793317085579 0.3342055497586386
v 0.3149263156506651 1.9321803865849867 0.09144367754922889
v 0.30629640546441494 1.8285320786223171 0.2780180442583319
v 0.21932498216622737 2.0841377374379437 0.15469995325332042
v 0.21764261642514546 2.0093623927983835 0.3266361841051926
v 0.257665943452885 1.9215504723712333 0.08436564849566675
v 0.25598357771180313 1.846775127731674 0.2563018793475389
v 0.2787256755852775 2.021268364929176 -0.3324117976016634
v 0.2804080413263593 2.0960437095687356 -0.16047556674979124
v 0.33675978469296336 1.836130885219474 -0.25246306203901103
v 0.32469846212301556 1.9082273861296053 -0.07922731815043288
v 0.21764261642514554 2.0093623927983835 -0.326636184105192
v 0.2193249821662275 2.0841377374379437 -0.15469995325331998
v 0.26193303722180183 1.8215460693592531 -0.24538793550583388
v 0.26361540296288366 1.8963214139988132 -0.07345170465396145
v 0.28422059902344743 2.0962568797441388 0.1625000641559018
v -0.0007109722164050647 2.212562325504746 0.1536178364020313
v 0.223202024579639 2.0827292224225302 0.16250034394924862
v -0.0005406609480950592 2.1313127168282278 0.1536178503243022
v 0.28422059902344743 2.0962568797441388 0.1625000641559018
v -0.00021589864717447282 2.204834892136181 0.21169907585571945
v -0.000540625821115942 2.130208763526756 0.1741814064901276
v 0.2524258456055533 2.037463347614463 0.3084169305601372
v 0.002496242730580356 2.0600055286060694 0.3489604311529797
v 0.25857277859453676 1.9658977754458458 0.310985922581805
v 0.004274175966849675 1.9668258455639327 0.37597756483865985
v 0.2826767690604945 2.0227934306655753 0.3342049232322081
v -0.00021559840816290365 2.1200781103765696 0.3893958505927225
v -0.000710390146003298 1.9920018364492356 0.4319899890325698
v 0.2842205990234477 2.0949996157977386 -0.16250551455748302
v -0.0007109363055289031 2.212562580605838 -0.1620073855030411
v 0.223202024579639 2.0815048916520706 -0.16156215199649265
v -0.0005406609480950869 2.1305896505405246 -0.15609030893149317
v 0.2842205990234477 2.0949996157977386 -0.16250551455748302
v -0.0007104091736489238 2.2035434115157178 -0.20915985821844796
v -0.0005406258211159559 2.128053945248044 -0.17652676541853046
v -0.2842205990234477 2.094999615797739 -0.16250551455748302
v 0.0007109363055288198 2.212562580605838 -0.16200738550304117
v -0.22320202457963922 2.0815048916520706 -0.16156215199649288
v 0.0005406609480948094 2.1305896505405246 -0.15609030893149317
v -0.2842205990234477 2.094999615797739 -0.16250551455748302
v 0.000710409173648674 2.2035434115157178 -0.20915985821844812
v 0.0005406258211157478 2.128053945248044 -0.1765267654185304
v 0.27872527718310713 2.0212687874529176 -0.3324113528856947
v -0.0007104668192985247 2.1214768895234277 -0.3812149986187955
v 0.22462317789261194 2.0199062917647286 -0.29839183960813126
v 0.0008804923648779717 2.0614958563214087 -0.3250294585267093
v 0.27872527718310713 2.0212687874529176 -0.3324113528856947
v 0.00031560571071055643 2.0655918734418823 -0.4238838504843593
v 0.0008805417921324971 2.046664539457531 -0.33931529734919585
v -0.2611755805054348 1.9918071412097833 -0.2836257838017088
v 0.0034271836182135293 2.0492214833158413 -0.3467509192593382
v -0.2593809234176844 1.8715481209961151 -0.3435523045432466
v 0.003772177570460833 1.9189354816858424 -0.43076724585025444
v -0.27872523971536106 2.021268807176753 -0.3324115930984503
v -0.00031617560818821 2.065592102221325 -0.42388344992081817
v -0.27921815957445895 1.8947865639386146 -0.3907806999348812
v 0.0000165198074060513 1.9450698188927138 -0.4833254432106504
v -0.2528061680402543 1.9754465506079686 -0.25064789905033025
v -0.22796064317581138 2.0073047615424415 -0.31383614392439696
v -0.25101159937374273 1.8551875202969705 -0.310574402176741
v -0.22616607450929987 1.8870457312314433 -0.3737626470508075
v -0.27803077611522387 1.969508848794605 -0.2675167713553449
v -0.2787254354131893 2.021268296402663 -0.3324116368209557
v -0.3040801104403974 1.8628647841804504 -0.3275701443621166
v -0.27923458557595465 1.8947229951149231 -0.3907583892361832
v -0.2692686843141274 1.9288080821130018 -0.18557837315649556
v -0.25055870108927686 1.967154458073023 -0.26197040139543215
v -0.2676408906399455 1.8197359932096238 -0.23993042311790835
v -0.24893090741509494 1.858082369169645 -0.3163224513568452
v -0.2967406198858325 1.9311621273420714 -0.1911251606955649
v -0.278030636660982 1.969508503302093 -0.2675171889345016
v -0.3228560607290526 1.84262276515166 -0.24196532320247832
v -0.30387477855850537 1.862790459627785 -0.32741602643498396
v -0.26801687500000027 1.8438426379271415 -0.22537684340778896
v -0.24930687500000026 1.8647457007571566 -0.308257573492668
v -0.2676412500000001 1.8165539633851095 -0.23217411571951013
v -0.24893125000000021 1.837456890940366 -0.31505545598939355
v -0.3228562500000002 1.8426226773885626 -0.24196538529867134
v -0.3040800000000002 1.8628648617351198 -0.32757014548997865
v -0.3225850000000001 1.8187493600565054 -0.244023924305869
v -0.3038750000000001 1.8396524228865203 -0.32690465439074823
v -0.2515537500000001 1.875291662740008 -0.29899815217587544
v -0.22670875000000024 1.8927180743166045 -0.36758443677156694
v -0.2510112500000001 1.8358746359556215 -0.3088169918211163
v -0.22616625000000007 1.8533011828069768 -0.37740266623180335
v -0.3040800000000002 1.8628648617351196 -0.32757014548997876
v -0.2792343750000001 1.8947229781032076 -0.39075831583750487
v -0.30408 1.8396916220366482 -0.3270714677831337
v -0.27923437500000003 1.8571180336132447 -0.3956577523788253
v -0.2601737500000001 1.9023186556796048 -0.33020445302681334
v 0.0037724999999998385 1.9189353855600224 -0.43076785068923
v -0.2593806250000002 1.8447096761737054 -0.3445544909397046
v 0.02131562499999988 1.8739225362136886 -0.4463189091330861
v -0.2792343750000001 1.8947229781032076 -0.39075831583750487
v 0.000016874999999916263 1.9450692594135743 -0.4833257124374717
v -0.2792181250000002 1.8571747924073803 -0.3956933817896153
v 0.0014787499999999038 1.8863883979071263 -0.49745732507275153
v -0.2419776452996379 2.0395402567587504 -0.13093442379431286
v 0.00342785552367271 2.1312883097039506 -0.17469600022186899
v -0.24197764529963778 1.9574740789296692 -0.30298974362350517
v 0.0034278555236727376 2.0492221318748696 -0.3467513200510612
v -0.28040721830784215 2.096044238650933 -0.16047591608403644
v 0.0007107099481709067 2.203543814719314 -0.20916010821694647
v -0.27872538184849754 2.021268930171364 -0.3324121891688175
v 0.0007107099481708234 2.1214776368902326 -0.3812154280461385
v -0.24197764529963772 2.03085839670699 0.1536175000000003
v 0.0005407319845749103 2.1313127977028263 0.1536175000000003
v -0.24197764529963783 2.03085839670699 -0.1620074999999997
v 0.0005407319845749659 2.1313127977028263 -0.16200749999999986
v -0.2842205860243291 2.0962564808988184 0.1625000000000001
v 0.0007107099481708512 2.212562619902582 0.15361750000000018
v -0.2842205860243292 2.0962564808988184 -0.16249999999999987
v 0.0007107099481709345 2.212562619902582 -0.16200749999999986
v 0.0005407319845749381 2.1302089208457717 0.17418115814625112
v -0.24197764529963783 2.0395402567587504 0.13093442379431353
v 0.0005407319845749659 2.0454520486616388 0.35187763600263
v -0.24197764529963783 1.9547833845746174 0.3086309016506922
v -0.00021543203518091525 2.20483507183853 0.21169964720389844
v -0.28422048383029175 2.096256375981405 0.16250004887956748
v -0.00021543203518090137 2.120078199654397 0.38939612506027743
v -0.2826764247789327 2.0227939597651976 0.33420527974005676
v -0.0009032113522741414 1.9962852347182005 0.35025496900792363
v -0.2535265210233291 2.001761669233752 0.2457583734552976
v -0.0009032113522741414 1.80592147965561 0.3402784273491126
v -0.2535265210233292 1.8113979141711614 0.23578183179648626
v 0.0007103283808707617 1.9920016536672898 0.4319905645533153
v -0.28267684757507333 2.022793419328221 0.3342051798267677
v 0.0007107091008299871 1.8016382462948766 0.4079515643762395
v -0.30629633068996565 1.8285327749502873 0.27801851018630575
v -0.2842204955035773 2.096256595245479 -0.16249999999999987
v -0.28422049550357725 2.096256595245479 0.1625000000000001
v -0.3295375396718675 1.891844618754743 -0.16249999999999987
v -0.3295375396718674 1.8918446187547429 0.1625000000000002
v -0.23845662016983038 2.08611098834213 -0.16249999999999987
v -0.23845662016983027 2.08611098834213 0.1625000000000002
v -0.28377366433812057 1.8816990118513943 -0.16249999999999976
v -0.28377366433812057 1.8816990118513943 0.1625000000000002
v -0.2842207367590241 2.0962558981680455 0.16249993399394136
v -0.28267712724432376 2.022793317085579 0.3342055497586385
v -0.3149263156506652 1.932180386584987 0.09144367754922889
v -0.30629640546441517 1.828532078622317 0.27801804425833165
v -0.2193249821662276 2.0841377374379433 0.1546999532533203
v -0.2176426164251457 2.0093623927983835 0.3266361841051926
v -0.2576659434528853 1.9215504723712333 0.08436564849566675
v -0.2559835777118033 1.846775127731674 0.256301879347539
v -0.2787256755852777 2.0212683649291763 -0.3324117976016632
v -0.28040804132635955 2.0960437095687356 -0.16047556674979108
v -0.3367597846929635 1.8361308852194742 -0.25246306203901114
v -0.3246984621230157 1.9082273861296055 -0.07922731815043293
v -0.21764261642514582 2.0093623927983835 -0.32663618410519213
v -0.2193249821662276 2.0841377374379433 -0.15469995325331987
v -0.261933037221802 1.8215460693592533 -0.24538793550583374
v -0.2636154029628839 1.896321413998813 -0.07345170465396161
v -0.28422059902344776 2.096256879744139 0.1625000641559019
v 0.0007109722164047733 2.212562325504746 0.1536178364020312
v -0.22320202457963917 2.0827292224225302 0.16250034394924862
v 0.0005406609480948232 2.1313127168282278 0.15361785032430209
v -0.28422059902344776 2.096256879744139 0.1625000641559019
v 0.00021589864717425078 2.204834892136181 0.21169907585571957
v 0.0005406258211157061 2.130208763526756 0.1741814064901276
v -0.25242584560555353 2.037463347614463 0.3084169305601373
v -0.0024962427305806056 2.06000552860607 0.3489604311529798
v -0.25857277859453676 1.9658977754458455 0.310985922581805
v -0.004274175966849897 1.966825845563933 0.37597756483865985
v -0.2826767690604948 2.0227934306655753 0.3342049232322081
v -0.00021558318582995395 2.1200781073424655 0.3893957451518586
v 0.0007103901460030204 1.9920018364492356 0.4319899890325698
v -0.27872527718310736 2.0212687874529176 -0.33241135288569457
v 0.0007104668192983998 2.1214768895234277 -0.38121499861879554
v -0.2246231778926122 2.0199062917647286 -0.29839183960813126
v -0.0008804923648781104 2.0614958563214087 -0.3250294585267092
v -0.27872527718310736 2.0212687874529176 -0.33241135288569457
v -0.0003156057107106952 2.0655918734418823 -0.42388385048435934
v -0.0008805417921326775 2.046664539457531 -0.33931529734919585
v 0.1406249999999999 1.741119744276413 0.31811704877629654
v 0.1406249999999999 1.7469486204016862 0.2874154738473743
v 0.1406249999999999 1.6183134445607243 0.29480154427520466
v 0.14062499999999994 1.6241423206859975 0.2640999693462823
v -0.1406250000000001 1.741119744276413 0.31811704877629643
v -0.1406250000000001 1.746948620401686 0.2874154738473741
v -0.1406250000000001 1.6183134445607243 0.29480154427520455
v -0.14062500000000006 1.6241423206859973 0.2640999693462822
v 0.0008107058309812926 2.10905333519967 -0.3401382670278082
v 0.0008107058309813203 2.1343052124859607 -0.3886466719672424
v 0.133393227303459 1.991451202363498 -0.40135806245692907
v 0.13339322730345887 2.0022734354861944 -0.42214737885954356
v -0.13177181564149637 1.991451202363498 -0.401358062456929
v -0.13177181564149631 2.0022734354861944 -0.4221473788595437
v 0.0008102638892431013 1.8863492911734314 -0.4625777620470629
v 0.0008107058309814036 1.9053510059295566 -0.5110865941298681
v -0.0010012702648623806 1.749486031596761 0.40791161963134714
v -0.0010012702648623528 1.872003447189987 0.42295486670791993
v 0.26750121887123046 1.7258195390758226 0.29295314415224705
v 0.2675012188712304 1.885557435355598 0.31256649160651306
v -0.003393041717144135 1.7501897352968399 0.40218041291525786
v -0.0033930417171441074 1.8727071508900657 0.417223659991831
v 0.260325904514385 1.7279306501760592 0.27575952400397974
v 0.260325904514385 1.8876685464558343 0.29537287145824564
v 0.0033930417171438576 1.7501897352968399 0.40218041291525797
v 0.003393041717143913 1.8727071508900657 0.41722365999183075
v -0.26032590451438503 1.7279306501760592 0.27575952400397974
v -0.2603259045143852 1.8876685464558343 0.29537287145824553
v 0.001001270264862103 1.7494860315967609 0.40791161963134703
v 0.0010012702648620198 1.8720034471899867 0.42295486670791993
v -0.2675012188712306 1.7258195390758229 0.29295314415224727
v -0.2675012188712307 1.8855574353555982 0.3125664916065132
v -0.24009599764901496 1.7945527194994093 0.353223600974059
v -0.300628407745825 1.9356390654258182 0.18121959652193098
v -0.2303131433765212 1.7241810367460642 0.29205837777700283
v -0.29445130746067294 1.8728294743572524 0.11077734214384682
v -0.2847110904850271 1.7821006158372172 0.3604141663635144
v -0.3488492545691788 1.9307490534484053 0.1791331307303583
v -0.2749282362125334 1.711728933083872 0.2992489431664581
v -0.33906640029668506 1.8603773706950602 0.11796790753330222
v -0.31282925524902094 1.8954091219843718 0.1038693042076646
v -0.3089103465878204 1.6610763472617287 0.16856871013184704
v -0.26674955912853154 1.9270494074485238 0.21567518035552335
v -0.26283065046733095 1.692716632725881 0.2803745862797058
v -0.35007309953266913 1.8929658672741192 0.11991041372029476
v -0.3461541908714685 1.658633092551476 0.18460981964447698
v -0.30399340341217995 1.9246061527382712 0.2317162898681534
v -0.30007449475097925 1.690273378015628 0.29641569579233584
v 0.24009599764901474 1.794552719499409 0.35322360097405914
v 0.3006284077458248 1.9356390654258184 0.18121959652193087
v 0.23031314337652092 1.724181036746064 0.29205837777700283
v 0.29445130746067266 1.8728294743572524 0.11077734214384671
v 0.28471109048502685 1.782100615837217 0.36041416636351453
v 0.3488492545691786 1.9307490534484053 0.17913313073035841
v 0.27492823621253326 1.711728933083872 0.2992489431664581
v 0.33906640029668483 1.8603773706950602 0.11796790753330222
v 0.3128292552490207 1.895409121984372 0.10386930420766449
v 0.30891034658782 1.6610763472617287 0.16856871013184693
v 0.2667495591285315 1.927049407448524 0.21567518035552347
v 0.2628306504673308 1.692716632725881 0.2803745862797057
v 0.350073099532669 1.8929658672741194 0.11991041372029476
v 0.34615419087146826 1.658633092551476 0.18460981964447698
v 0.30399340341217973 1.9246061527382714 0.23171628986815362
v 0.30007449475097914 1.690273378015628 0.29641569579233573
v -0.28731642570983396 1.879079180769053 -0.3953659419989715
v -0.02514168529590885 1.9172610452752765 -0.48974874346046404
v -0.2846353290746998 1.84834612540653 -0.40035127337383175
v -0.022460588660774855 1.8865279899127532 -0.4947340748353242
v -0.3258453914590571 1.8515637455938896 -0.24646175601845927
v -0.28731609318162327 1.879079305656763 -0.3953659185817502
v -0.32316429827743387 1.8208306899371267 -0.25144708743670896
v -0.2846350000000001 1.8483462500000003 -0.40035124999999966
v 0.2873164257098336 1.8790791807690532 -0.3953659419989715
v 0.025141685295908787 1.9172610452752763 -0.489748743460464
v 0.2846353290746996 1.8483461254065303 -0.40035127337383186
v 0.02246058866077468 1.886527989912753 -0.49473407483532433
v 0.3258453914590569 1.8515637455938896 -0.24646175601845932
v 0.2873160931816231 1.879079305656763 -0.3953659185817502
v 0.3231642982774338 1.820830689937127 -0.2514470874367091
v 0.2846349999999999 1.8483462500000005 -0.4003512499999997
v 0.0009031191541181982 1.9962856748970697 0.3502546580057856
v 0.2884878379230773 1.9014416884008785 0.26025968548
v -0.00047993370012427983 1.7377084171781407 0.34624876026757123
v 0.23513548270697843 1.6800182965908377 0.24593188462877358
v -0.000710504061975481 1.9920020690557232 0.4319906320564024
v 0.2922512040758358 1.8642291799795365 0.2823772683116935
v -0.0005691520533749328 1.734997052134369 0.39666174138042387
v 0.27687579285034575 1.6731865169824773 0.28917935201346767
v 0.3098123472537386 1.6357163307765465 -0.15408764432112393
v 0.29163563188545727 1.7515685055913799 -0.22306545776693903
v 0.32288025941873616 1.7502452049542747 -0.02371524888910337
v 0.35981203805924555 1.63549795294387 -0.15408772879976507
v 0.26570628515219386 1.8828889322440132 0.10822481330145328
v 0.30863752190783716 1.6326614345128962 0.14132728020718877
v 0.3010527145025166 1.890245362366548 0.1531869955145425
v 0.323430881019117 1.8906257360123855 -0.13869005127155343
v 0.35648327865027474 1.633768672940981 0.1487889571432055
v 0.27655639284958117 1.9282705997676155 -0.20738061913052513
v 0.294760364973096 1.7514944992259576 -0.22300567808169386
v 0.27617072081569083 1.8398831343031412 -0.29576934165948665
v 0.34163532269096436 1.7513501277587036 -0.22306554224558028
v 0.31054471672864553 1.8397385588139263 -0.2958291409150773
v 0.2765563430213796 1.9128635459119236 -0.03127682485819727
v 0.27655597507388785 1.9607871310842508 -0.07148931728264057
v 0.2765559777480642 1.8803457372545846 -0.1673556717562963
v 0.3234308797035861 1.9128631046008868 -0.031276530156485016
v 0.3234310110795245 1.9607872463865024 -0.07148980535341076
v 0.3234312369597576 1.8803457614623302 -0.16735558319386656
v 0.3234308823777625 1.8324217107712202 -0.12714288463014084
v 0.32327100442757273 1.8397375922201271 -0.13467757508461287
v 0.28584764068274726 1.8291872784183616 -0.06981924278075236
v 0.2734548758131067 1.881939986425279 -0.10050562053942091
v 0.2763960467097043 1.8398819636873813 -0.13461771092072622
v 0.2765563456955559 1.8324221520822572 -0.12714317933185304
v 0.3041308702717497 1.7504636025546745 0.03878418236238279
v 0.356918009390199 1.6339945685679123 0.1092323381159791
v 0.36483382008823734 1.7775687835811576 0.06241194871375044
v 0.3700961755689458 1.7789364548363564 -0.10208820890364512
v 0.3593162175844051 1.6352402349819533 -0.10896168017802177
v -0.0009031191541183092 1.9962856748970699 0.3502546580057855
v -0.28848783792307775 1.9014416884008785 0.2602596854799999
v 0.00047993370012414105 1.7377084171781407 0.346248760267571
v -0.2351354827069786 1.6800182965908377 0.24593188462877358
v 0.0007105040619751757 1.9920020690557234 0.4319906320564023
v -0.29225120407583605 1.8642291799795365 0.28237726831169363
v 0.0005691520533747385 1.734997052134369 0.39666174138042387
v -0.27687579285034597 1.6731865169824773 0.28917935201346767
v -0.3098123472537388 1.6357163307765468 -0.15408764432112376
v -0.29163563188545744 1.75156850559138 -0.22306545776693892
v -0.3228802594187363 1.750245204954275 -0.02371524888910337
v -0.3598120380592458 1.63549795294387 -0.15408772879976496
v -0.2657062851521941 1.8828889322440132 0.1082248133014534
v -0.3086375219078375 1.632661434512896 0.14132728020718877
v -0.3010527145025167 1.890245362366548 0.1531869955145425
v -0.3234308810191171 1.8906257360123857 -0.13869005127155348
v -0.35648327865027496 1.633768672940981 0.1487889571432054
v -0.2765563928495812 1.9282705997676155 -0.20738061913052497
v -0.2947603649730962 1.7514944992259576 -0.2230056780816937
v -0.276170720815691 1.8398831343031414 -0.29576934165948665
v -0.34163532269096464 1.7513501277587034 -0.2230655422455804
v -0.3105447167286457 1.8397385588139266 -0.29582914091507695
v -0.2765563430213799 1.9128635459119234 -0.031276824858197216
v -0.27655597507388807 1.960787131084251 -0.07148931728264041
v -0.2765559777480644 1.8803457372545849 -0.16735567175629623
v -0.32343087970358625 1.9128631046008866 -0.03127653015648507
v -0.32343101107952477 1.9607872463865026 -0.07148980535341076
v -0.32343123695975784 1.8803457614623302 -0.16735558319386656
v -0.32343088237776263 1.8324217107712202 -0.1271428846301409
v -0.32327100442757284 1.8397375922201271 -0.13467757508461298
v -0.28584764068274743 1.8291872784183618 -0.06981924278075224
v -0.27345487581310685 1.8819399864252793 -0.10050562053942091
v -0.2763960467097045 1.8398819636873815 -0.13461771092072627
v -0.27655634569555615 1.8324221520822572 -0.12714317933185315
v -0.3041308702717499 1.7504636025546747 0.03878418236238279
v -0.35691800939019913 1.6339945685679118 0.10923233811597921
v -0.3648338200882374 1.7775687835811573 0.062411948713750554
v -0.37009617556894603 1.7789364548363564 -0.102088208903645
v -0.35931621758440524 1.635240234981953 -0.10896168017802166
v -0.3117967789585456 1.998045558618391 -0.218427876171605
v -0.276120517998168 2.0178965884247515 -0.35564460218855554
v -0.3752007227094714 1.924807023683633 -0.21938097794293998
v -0.3212475676445104 2.006224720097628 -0.2182583070749272
v -0.28799599448946633 2.020878479364592 -0.3581608264487352
v -0.3846515230151657 1.9329867276519919 -0.2192107111210051
v -0.2965824914293406 1.9243003235321618 -0.369990767754942
v -0.2869165232493329 1.9646895757474818 0.33039859911244174
v -0.3134864487961629 1.9946720809100658 0.18584726414589237
v -0.3069573637281742 1.8712201684078313 0.3146950890119551
v -0.3736431335299679 1.9181756756134136 0.18681204954775388
v -0.2989440141586982 1.966822641683718 0.3330518032389278
v -0.3196900537533902 1.9995932488265498 0.1879343480484187
v -0.3189848546375394 1.873353234344067 0.31734829313844115
v -0.38309349435318063 1.92635505067325 0.18698211742313808
v 0.3117967789585453 1.998045558618391 -0.21842787617160486
v 0.27612051799816784 2.0178965884247515 -0.3556446021885556
v 0.37520072270947114 1.9248070236836328 -0.21938097794294012
v 0.3212475676445103 2.006224720097628 -0.21825830707492738
v 0.28799599448946606 2.020878479364592 -0.35816082644873526
v 0.3846515230151655 1.9329867276519919 -0.21921071112100501
v 0.29658249142934046 1.9243003235321618 -0.36999076775494194
v 0.14950746827191658 1.9314648158862895 0.3805934985686136
v 0.2956634249868451 1.9675324370831337 0.3194067923494939
v 0.16699263674742357 1.8371865601276605 0.3667860730484932
v 0.3131485934623522 1.8732541813245045 0.3055993668293733
v 0.15448341025211906 1.9307119205056755 0.3920356640085779
v 0.2989436842867458 1.9668225564622768 0.3330517208398772
v 0.17196857872762614 1.8364336647470465 0.3782282384884572
v 0.3181245354425548 1.8725012859438905 0.3170415322693375
v -0.0053833073913397145 1.9194750211851865 0.4332308120743493
v 0.16350892918183235 1.9331175955712947 0.3688813358571247
v -0.002493083895216741 1.8234881138048475 0.42046657121558184
v 0.1663991526779554 1.8371306881909555 0.3561170949983573
v -0.0008621278983677871 1.9180727186668902 0.4447998433060262
v 0.1544832035637769 1.9307117274925125 0.39203545009052165
v 0.0020280955977551862 1.8220858112865508 0.43203560244725836
v 0.1719683577420737 1.8364333474739551 0.3782281667039973
v 0.2869165232493326 1.964689575747482 0.3303985991124416
v 0.31348644879616266 1.9946720809100658 0.18584726414589225
v 0.30695736372817395 1.8712201684078313 0.3146950890119551
v 0.3736431335299678 1.9181756756134134 0.18681204954775377
v 0.298944014158698 1.966822641683718 0.3330518032389279
v 0.31969005375339 1.9995932488265498 0.1879343480484187
v 0.31898485463753923 1.8733532343440673 0.31734829313844115
v 0.3830934943531805 1.9263550506732503 0.18698211742313797
v -0.14950746827191674 1.9314648158862895 0.3805934985686137
v -0.29566342498684534 1.9675324370831337 0.3194067923494942
v -0.16699263674742382 1.8371865601276605 0.3667860730484932
v -0.31314859346235235 1.8732541813245045 0.3055993668293735
v -0.15448341025211934 1.9307119205056755 0.3920356640085777
v -0.298943684286746 1.966822556462277 0.3330517208398772
v -0.17196857872762628 1.8364336647470463 0.378228238488457
v -0.31812453544255503 1.8725012859438908 0.3170415322693374
v 0.00538330739133952 1.9194750211851868 0.4332308120743493
v -0.16350892918183269 1.9331175955712945 0.3688813358571247
v 0.0024930838952165746 1.8234881138048473 0.42046657121558173
v -0.16639915267795563 1.8371306881909553 0.3561170949983571
v 0.0008621278983675651 1.9180727186668904 0.44479984330602607
v -0.15448320356377712 1.9307117274925125 0.39203545009052165
v -0.002028095597755436 1.8220858112865506 0.43203560244725847
v -0.17196835774207395 1.8364333474739551 0.3782281667039974
v 0.006922196673094155 1.7347025881536215 0.3147427969281552
v 0.05257930384874826 1.6772285520966213 0.2993426753809245
v 0.006922196673094183 1.7266144929941678 0.3449279789996885
v 0.052579303848748205 1.6691404569371673 0.32952785745245794
v -0.052579303848748316 1.6906012091790095 0.30292586804680866
v -0.006922196673094405 1.6331271731220092 0.2875257464995785
v -0.05257930384874843 1.6825131140195555 0.3331110501183421
v -0.006922196673094433 1.6250390779625554 0.3177109285711117
v -0.05937500000000012 2.050466941782166 -0.3911069318774517
v 0.05937499999999992 2.0504669417821666 -0.39110693187745177
v -0.05937500000000001 1.9158980714058034 -0.46417186704220414
v 0.05937499999999995 1.9158980714058034 -0.464171867042204
v -0.05937500000000007 2.0713426375435238 -0.42955518055641284
v 0.05937499999999995 2.071342637543524 -0.4295551805564129
v -0.059374999999999956 1.936773767167161 -0.5026201157211652
v 0.05937499999999988 1.9367737671671612 -0.502620115721165
v -0.07499999999999996 1.946443244295834 -0.44815020529902616
v 0.07499999999999996 1.946443244295834 -0.4481502052990263
v -0.07499999999999998 1.890811101981726 -0.45646448467506684
v 0.07499999999999997 1.8908111019817258 -0.456464484675067
v -0.07499999999999998 1.9547575236718744 -0.503782347613134
v 0.0749999999999999 1.9547575236718742 -0.503782347613134
v -0.07500000000000001 1.8991253813577664 -0.5120966269891747
v 0.07499999999999987 1.8991253813577662 -0.5120966269891747
v -0.28492642346930686 2.0908704283744535 0.10000000000000009
v -0.28492642346930686 2.090870428374454 -0.0999999999999997
v -0.29291435503910435 2.0639036233312864 0.1000000000000002
v -0.2929143550391044 2.0639036233312864 -0.09999999999999981
v -0.290919046812233 2.0926455242788538 0.10000000000000031
v -0.290919046812233 2.0926455242788533 -0.09999999999999981
v -0.2989069783820307 2.065678719235686 0.10000000000000009
v -0.2989069783820307 2.065678719235686 -0.09999999999999976
v 0.0033934361126489315 2.2098236413670893 0.1000000000000002
v 0.0033934361126489176 2.209823641367089 -0.09999999999999987
v -0.2882060413362266 2.089039183026857 0.1000000000000002
v -0.2882060413362266 2.0890391830268573 -0.09999999999999959
v 0.0010016646603670937 2.2155978884452843 0.1000000000000002
v 0.0010016646603670798 2.2155978884452843 -0.09999999999999959
v -0.2905978127885084 2.0948134301050523 0.10000000000000009
v -0.2905978127885084 2.0948134301050527 -0.09999999999999976
v -0.2299657329941469 2.0522198691518496 0.1000000000000002
v -0.22996573299414697 2.052219869151849 -0.09999999999999987
v -0.2685190392268715 1.8783171428836114 0.1000000000000002
v -0.2685190392268715 1.8783171428836116 -0.09999999999999976
v -0.3031879335281419 2.068452840197207 0.1000000000000002
v -0.3031879335281419 2.068452840197207 -0.09999999999999987
v -0.34174123976086646 1.8945501139289693 0.1000000000000002
v -0.34174123976086646 1.894550113928969 -0.09999999999999981
v 0.3031879335281417 2.0684528401972075 0.1000000000000002
v 0.3031879335281417 2.068452840197207 -0.09999999999999987
v 0.34174123976086623 1.8945501139289693 0.1000000000000002
v 0.34174123976086623 1.894550113928969 -0.09999999999999987
v 0.22996573299414674 2.052219869151849 0.10000000000000009
v 0.22996573299414677 2.052219869151849 -0.09999999999999998
v 0.26851903922687126 1.8783171428836112 0.10000000000000009
v 0.2685190392268713 1.8783171428836114 -0.09999999999999981
v -0.0010016646603673296 2.2155978884452843 0.1000000000000002
v -0.0010016646603673435 2.2155978884452843 -0.09999999999999976
v 0.29059781278850816 2.0948134301050523 0.1000000000000002
v 0.29059781278850805 2.0948134301050527 -0.09999999999999976
v -0.0033934361126491397 2.2098236413670893 0.10000000000000042
v -0.0033934361126491536 2.209823641367089 -0.09999999999999976
v 0.28820604133622635 2.089039183026857 0.1000000000000002
v 0.28820604133622635 2.089039183026857 -0.09999999999999981
v 0.2909190468122328 2.0926455242788538 0.1000000000000002
v 0.2909190468122328 2.0926455242788533 -0.09999999999999992
v 0.29890697838203045 2.065678719235686 0.1000000000000002
v 0.2989069783820305 2.0656787192356862 -0.09999999999999976
v 0.28492642346930663 2.0908704283744535 0.10000000000000009
v 0.2849264234693067 2.090870428374454 -0.09999999999999981
v 0.29291435503910423 2.063903623331287 0.1000000000000002
v 0.29291435503910423 2.0639036233312864 -0.09999999999999981
v -0.26874999999999993 1.9375000000000002 0.18750000000000022
v -0.26874999999999993 1.9375000000000002 -0.1749999999999997
v -0.26874999999999993 1.8250000000000004 0.1875000000000001
v -0.2687499999999998 1.8250000000000004 -0.1749999999999997
v -0.3500000000000001 1.9375000000000002 0.1875000000000001
v -0.35000000000000003 1.9375000000000002 -0.1749999999999997
v -0.35 1.8250000000000004 0.1875000000000001
v -0.35 1.8250000000000004 -0.1749999999999997
v -0.27583129829858144 1.9364021258692081 -0.17256839181095157
v -0.2677103014688365 1.8840464722745607 -0.29264960369344606
v -0.27905236618141005 1.8447039835480756 -0.1328056527636025
v -0.27093136935166534 1.792348329953428 -0.25288686464609705
v -0.34441382722103675 1.9367367178830102 -0.17735245648284576
v -0.336292830391292 1.8843810642883625 -0.2974336683653402
v -0.3476348951038654 1.845038575561878 -0.1375897174354967
v -0.3395138982741208 1.7926829219672302 -0.2576709293179914
v 0.34999999999999987 1.9375000000000002 0.1875000000000001
v 0.3499999999999998 1.9375000000000002 -0.1749999999999997
v 0.3499999999999998 1.8250000000000002 0.1875000000000001
v 0.34999999999999987 1.8250000000000002 -0.17499999999999982
v 0.2687499999999998 1.9375000000000002 0.18750000000000022
v 0.26874999999999977 1.9375000000000002 -0.1749999999999997
v 0.2687499999999998 1.8250000000000002 0.1875000000000001
v 0.2687499999999997 1.8250000000000002 -0.17499999999999977
v 0.3444138272210365 1.93673671788301 -0.17735245648284587
v 0.33629283039129176 1.8843810642883625 -0.2974336683653404
v 0.34763489510386525 1.8450385755618774 -0.13758971743549675
v 0.33951389827412054 1.79268292196723 -0.2576709293179914
v 0.2758312982985812 1.936402125869208 -0.17256839181095157
v 0.26771030146883634 1.8840464722745605 -0.29264960369344606
v 0.27905236618140994 1.8447039835480754 -0.13280565276360257
v 0.2709313693516652 1.792348329953428 -0.2528868646460971
v 0.1906249999999999 1.9848969697752055 -0.2841598018518464
v 0.19062499999999993 2.002785313091757 -0.3761873503000649
v 0.19062499999999988 1.8529908169994251 -0.3097997606055696
v 0.19062499999999993 1.870879160315976 -0.40182730905378816
v -0.18750000000000017 1.9848969697752055 -0.2841598018518464
v -0.1875000000000001 2.002785313091757 -0.3761873503000648
v -0.1875000000000001 1.8529908169994251 -0.30979976060556946
v -0.1875000000000001 1.870879160315976 -0.40182730905378805
v 0.19062499999999993 1.9861612500000005 0.30927000000000016
v 0.19062499999999988 1.9861612500000003 0.24677000000000027
v 0.19062499999999985 1.74241125 0.30927000000000027
v 0.1906249999999998 1.74241125 0.24677000000000027
v -0.1875 1.9861612500000005 0.30927000000000027
v -0.1875 1.9861612500000005 0.24677000000000016
v -0.1875000000000001 1.7424112500000002 0.30927000000000027
v -0.18750000000000017 1.74241125 0.24677000000000027
v 0.1906249999999999 2.05178625 0.22802000000000022
v 0.19062499999999993 2.05178625 -0.34073
v 0.19062499999999993 1.9642862499999998 0.2280200000000001
v 0.19062499999999993 1.9642862499999998 -0.34072999999999987
v -0.1875000000000001 2.05178625 0.2280200000000001
v -0.18750000000000017 2.05178625 -0.34072999999999987
v -0.18750000000000006 1.9642862499999998 0.2280200000000001
v -0.18750000000000006 1.9642862499999998 -0.34073
v 0.2625218617030732 2.085289032598485 0.1625000000000002
v 0.2625218617030731 2.085289032598485 -0.1937499999999997
v 0.26617595930087945 1.875945921425116 0.1625000000000003
v 0.2661759593008795 1.875945921425116 -0.1937499999999998
v 0.20003138075579874 2.084198257196155 0.1625000000000002
v 0.20003138075579874 2.084198257196155 -0.19374999999999976
v 0.20368547835360498 1.8748551460227856 0.1625000000000002
v 0.20368547835360504 1.8748551460227856 -0.19374999999999992
v -0.20003138075579885 2.084198257196155 0.1625000000000003
v -0.2000313807557989 2.084198257196155 -0.1937499999999997
v -0.20368547835360518 1.8748551460227856 0.1625000000000003
v -0.20368547835360512 1.8748551460227856 -0.1937499999999998
v -0.26252186170307334 2.085289032598485 0.16250000000000042
v -0.26252186170307334 2.085289032598485 -0.19374999999999964
v -0.2661759593008796 1.8759459214251157 0.16250000000000042
v -0.26617595930087956 1.8759459214251157 -0.19374999999999976
v 0.12499999999999994 2.102672396483706 -0.3718702493393269
v 0.12499999999999994 2.136157196815651 -0.45270970843406444
v 0.12499999999999994 1.886138131051373 -0.46156167879989485
v 0.12499999999999986 1.9196229313833184 -0.5424011378946323
v -0.12500000000000006 2.1026723964837064 -0.3718702493393269
v -0.12500000000000008 2.136157196815651 -0.45270970843406444
v -0.12500000000000006 1.886138131051373 -0.46156167879989485
v -0.1250000000000001 1.9196229313833184 -0.5424011378946323
v -0.08758158230110666 2.1023268907613883 -0.37576914907889425
v -0.12456068020341782 2.1326744260495976 -0.44903458035628563
v -0.08758158230110663 1.8915668724072505 -0.4630688070871805
v -0.12456068020341768 1.9219144076954604 -0.5363342383645718
v -0.2801719870463947 2.06795947677748 -0.2927988721352519
v -0.3171510849487058 2.098307012065689 -0.3660643034126429
v -0.2801719870463947 1.857199458423342 -0.380098530143538
v -0.31715108494870575 1.8875469937115517 -0.4533639614209293
v 0.28017198704639446 2.06795947677748 -0.2927988721352518
v 0.3171510849487056 2.098307012065689 -0.36606430341264307
v 0.28017198704639446 1.857199458423342 -0.380098530143538
v 0.3171510849487056 1.8875469937115517 -0.4533639614209294
v 0.08758158230110642 2.1023268907613883 -0.3757691490788943
v 0.12456068020341755 2.1326744260495976 -0.4490345803562857
v 0.0875815823011064 1.8915668724072507 -0.46306880708718057
v 0.1245606802034176 1.9219144076954602 -0.536334238364572
v -0.2801719870463947 2.0217655001519153 -0.3119330437535063
v -0.296020171861671 2.034771586704005 -0.34333251430095973
v -0.28017198704639473 1.9033934350489066 -0.36096435852528336
v -0.29602017186167107 1.9163995216009964 -0.39236382907273665
v -0.29150083438435287 2.0197438875646263 -0.30705243922740977
v -0.3073490191996292 2.032749974116716 -0.33845190977486317
v -0.29150083438435287 1.901371822461618 -0.3560837539991867
v -0.3073490191996292 1.9143779090137079 -0.3874832245466402
v 0.2915008343843527 2.0197438875646263 -0.3070524392274099
v 0.307349019199629 2.032749974116716 -0.3384519097748633
v 0.2915008343843527 1.9013718224616178 -0.35608375399918685
v 0.307349019199629 1.9143779090137076 -0.3874832245466403
v 0.2801719870463946 2.0217655001519153 -0.31193304375350633
v 0.29602017186167084 2.0347715867040055 -0.3433325143009598
v 0.28017198704639457 1.9033934350489068 -0.36096435852528325
v 0.29602017186167084 1.9163995216009966 -0.3923638290727367
v -0.31023877584309545 1.9914131296601747 0.18776439989488913
v -0.31179653292467113 1.9980451465254088 -0.21842847577524627
v -0.3736425521326189 1.9181750296926692 0.18681177700112184
v -0.3752003092141945 1.9248070465579032 -0.2193810986690135
v -0.31968953109725434 1.999592640374403 0.187934192715149
v -0.32124728817882997 2.006224657239637 -0.2182586829549862
v -0.3830933073867776 1.9263545404068978 0.1869815698213818
v -0.3846510644683532 1.9329865572721319 -0.21921130584875342
v 0.31968953109725406 1.999592640374403 0.1879341927151491
v 0.32124728817882975 2.006224657239637 -0.2182586829549863
v 0.3830933073867774 1.9263545404068976 0.1869815698213818
v 0.384651064468353 1.9329865572721316 -0.21921130584875348
v 0.31023877584309534 1.9914131296601747 0.1877643998948889
v 0.31179653292467086 1.9980451465254085 -0.21842847577524616
v 0.37364255213261865 1.9181750296926692 0.18681177700112184
v 0.3752003092141942 1.9248070465579032 -0.21938109866901345
vt 0.37895352995919346 0.6926392695716965
vt 0.3443032418890378 0.6953125
vt 0.34375 0.67578125
vt 0.3788591545404321 0.67578125
vt 0.259765625 0.5938294999581768
vt 0.259765625 0.6308774293588326
vt 0.2421875 0.631047989551528
vt 0.24280651860414204 0.59375
vt 0.513671875 0.7247482263434453
vt 0.5115058116288207 0.734375
vt 0.4767532323349305 0.734375
vt 0.47681004396232773 0.7273909390816196
vt 0.1328125 0.49824218750000004
vt 0.125 0.49824218750000004
vt 0.125 0.46308593750000004
vt 0.1328125 0.4609375
vt 0.60137109375 0.8671875
vt 0.59394140625 0.86658203125
vt 0.59394140625 0.849609375
vt 0.600959375 0.849609375
vt 0.580078125 0.8669070434120956
vt 0.5705139020076045 0.8644795589552837
vt 0.5705139020076045 0.8476810137439919
vt 0.5778654229651885 0.84765625
vt 0.376953125 0.421875
vt 0.3671875 0.421875
vt 0.3671875 0.404296875
vt 0.376953125 0.404296875
vt 0.58984375 0.8984375
vt 0.5795919509478008 0.8968341554177041
vt 0.5795919509478008 0.8811930823370533
vt 0.5882899339610103 0.8814421613495367
vt 0.302734375 0.375
vt 0.296875 0.3719940780609249
vt 0.3001756662314023 0.3632193286383556
vt 0.302734375 0.3647925437205791
vt 0.3984375 0.3828125
vt 0.390625 0.3828125
vt 0.390625 0.373046875
vt 0.3984375 0.373046875
vt 0.17541015625 0.4046875
vt 0.171875 0.40625
vt 0.171875 0.388671875
vt 0.1788578125 0.388671875
vt 0.16330462743981572 0.40561890704625914
vt 0.15635401558682002 0.40625
vt 0.15625 0.388671875
vt 0.16325783971740812 0.388671875
vt 0.58203125 0.609375
vt 0.5703125 0.609375
vt 0.5703125 0.59375
vt 0.58203125 0.59375
vt 0.58203125 0.5859375
vt 0.5703125 0.5859375
vt 0.5703125 0.5727640625
vt 0.58203125 0.5703171874999999
vt 0.64453125 0.69921875
vt 0.64453125 0.703125
vt 0.6328125 0.703125
vt 0.6328125 0.69921875
vt 0.3125 0.390625
vt 0.3125 0.3828125
vt 0.32421875 0.3828125
vt 0.32421875 0.38976328125000004
vt 0.597265625 0.616796875
vt 0.59375 0.616796875
vt 0.59375 0.6015625
vt 0.60078125 0.6041015625
vt 0.1875 0.6171875
vt 0.183203125 0.6171875
vt 0.1796875 0.6015625
vt 0.1875 0.6015625
vt 0.64453125 0.515625
vt 0.6328125 0.515625
vt 0.6328125 0.51171875
vt 0.64453125 0.51171875
vt 0.56640625 0.35546875
vt 0.56640625 0.36671238440241616
vt 0.5625 0.3671313873292317
vt 0.5626553772510166 0.3561957830683109
vt 0.5703125 0.3789208819954826
vt 0.578125 0.3796871863605237
vt 0.578125 0.390625
vt 0.5703882409642425 0.3901630564384774
vt 0.62109375 0.828125
vt 0.62109375 0.8359375
vt 0.609375 0.8359375
vt 0.609375 0.828125
vt 0.47170827516514924 0.3444207693080895
vt 0.472265897558879 0.3515625
vt 0.46875 0.3515625
vt 0.46875 0.34454639602685233
vt 0.6556841501412475 0.578125
vt 0.6484375 0.5776268438912566
vt 0.6485950557061942 0.57421875
vt 0.6555679700046405 0.57421875
vt 0.634765625 0.46875
vt 0.625 0.46875
vt 0.625 0.462890625
vt 0.634765625 0.462890625
vt 0.263671875 0.35546875
vt 0.26177350705819413 0.3646495355958803
vt 0.25896990436929856 0.3653797669743746
vt 0.25896990436929856 0.35600828163058684
vt 0.6173835154781632 0.6307171759015415
vt 0.625 0.6312498684254024
vt 0.625 0.640625
vt 0.6171875 0.6398944162430515
vt 0.626953125 0.671875
vt 0.626953125 0.6796875
vt 0.6171875 0.6796875
vt 0.6171875 0.671875
vt 0.6434206947615687 0.6020901965833203
vt 0.6457026616375137 0.609375
vt 0.640625 0.609375
vt 0.640625 0.6023788221983206
vt 0.6243619222125624 0.3671875
vt 0.6171875 0.36687992867495023
vt 0.617307967833993 0.361328125
vt 0.6243169989170767 0.361328125
vt 0.537109375 0.84375
vt 0.5021634865539475 0.8422999070528892
vt 0.5 0.8359375
vt 0.537109375 0.8359375
vt 0.22641392423537865 0.46098073790474325
vt 0.22362615803580527 0.49818503290251936
vt 0.21889857576462135 0.49843090964225
vt 0.21889857576462135 0.4609375
vt 0.49299031285889494 0.7109375
vt 0.4950790223845465 0.703125
vt 0.5304471871411051 0.703125
vt 0.5300353475089628 0.7105388595040539
vt 0.537109375 0.8203125
vt 0.537109375 0.828125
vt 0.5 0.828125
vt 0.5 0.8203125
vt 0.004898166905540336 0.35967169716472325
vt 0.007617296544450517 0.3671875
vt 0.00019520345554948281 0.3671875
vt 0.00019520345554948281 0.3601598042034674
vt 0.09375 0.36535163759927536
vt 0.08658486497057802 0.36700021232561153
vt 0.08658486497057802 0.3594533635290731
vt 0.09330159976298788 0.359375
vt 0.0234375 0.630859375
vt 0.0234375 0.6640625
vt 0 0.6640625
vt 0 0.630859375
vt 0.1640625 0.6953125
vt 0.1259515986301471 0.6953125
vt 0.12628227653091428 0.6718773472211397
vt 0.16387950456186884 0.67149452173829
vt 0.4703125010038785 0.5703125
vt 0.4609375 0.5667969754214992
vt 0.4609375 0.5335932974665448
vt 0.47013433705920304 0.5322034382599049
vt 0.453125 0.8125
vt 0.4540081942461238 0.802734375
vt 0.4872109308706907 0.802734375
vt 0.4907269385965368 0.8120030139294238
vt 0.18235965669005122 0.46053855609935745
vt 0.1730629264054906 0.4609375
vt 0.17278849040322866 0.4375
vt 0.18268025959677134 0.4375
vt 0.5625 0.599609375
vt 0.5625 0.609375
vt 0.5390625 0.609375
vt 0.5390625 0.599609375
vt 0.234375 0.919921875
vt 0.234375 0.953125
vt 0.1953125 0.953125
vt 0.1953125 0.919921875
vt 0.21175254018844578 0.828125
vt 0.17326700571735665 0.828125
vt 0.17443899461553622 0.7875171802958579
vt 0.212890625 0.7886884985699569
vt 0.2359374411031715 0.546875
vt 0.2265625 0.5429688551338454
vt 0.2265625 0.5101566573301775
vt 0.2361361673381609 0.5084068014078191
vt 0.4453125 0.859375
vt 0.4470626312884387 0.849609375
vt 0.47987532586561477 0.849609375
vt 0.4837810880840221 0.8591761704498868
vt 0.033203125 0.5699221845309956
vt 0.0234375 0.5688117160711574
vt 0.0234375 0.5293588116085932
vt 0.033203125 0.529296875
vt 0.3359375 0.552734375
vt 0.3359375 0.5625
vt 0.296875 0.5625
vt 0.296875 0.552734375
vt 0.3046875 0.7109375
vt 0.3046875 0.677734375
vt 0.330078125 0.677734375
vt 0.330078125 0.7109375
vt 0.039574265645610646 0.693359375
vt 0.078125 0.693359375
vt 0.07793844789660964 0.71875
vt 0.03994305413949632 0.7174701150012288
vt 0.3671875 0.5623579668770508
vt 0.3689673337028939 0.552734375
vt 0.401780006926023 0.552734375
vt 0.40573671263755945 0.5625
vt 0.4471622591336176 0.9989446309999108
vt 0.4375 0.9949877270628846
vt 0.4375 0.9621747550052684
vt 0.44778671250109864 0.9609375
vt 0.5320314995796422 0.9140625
vt 0.531814032550667 0.904296875
vt 0.5564239391049461 0.904296875
vt 0.556640625 0.9140625
vt 0.34447824481371786 0.443359375
vt 0.353515625 0.4441544993701051
vt 0.353515625 0.46750001741727265
vt 0.34375 0.4679469653468902
vt 0.35546875 0.921875
vt 0.3203125 0.921875
vt 0.3203125 0.8984375
vt 0.35546875 0.8984375
vt 0.025390625 0.7264977720654935
vt 0.025390625 0.7641683711534364
vt 0.0012337618778975172 0.765625
vt 0 0.7239243414084914
vt 0.40625 0.5859375
vt 0.40625 0.5740038739004121
vt 0.440351706043178 0.5763133434991486
vt 0.4438338279970491 0.5855991335379476
vt 0.4530661089904294 0.5143847633027144
vt 0.4453125 0.5109551092928413
vt 0.4453125 0.47677535924825565
vt 0.4525750342997494 0.47265625
vt 0.53515625 0.9516542859604773
vt 0.524922568170173 0.9516542859604773
vt 0.524922568170173 0.9278267221432165
vt 0.533400618325244 0.927734375
vt 0.5163472101577985 0.7548530974610853
vt 0.521484375 0.765625
vt 0.49603442975183165 0.765625
vt 0.49329922262650233 0.7587568833720771
vt 0.119140625 0.708984375
vt 0.119140625 0.75
vt 0.09375 0.75
vt 0.09375 0.708984375
vt 0.173828125 0.734375
vt 0.1328125 0.734375
vt 0.1328125 0.708984375
vt 0.173828125 0.708984375
vt 0.572265625 0.775390625
vt 0.572265625 0.78125
vt 0.53125 0.78125
vt 0.53125 0.775390625
vt 0.265625 0.427734375
vt 0.271484375 0.427734375
vt 0.271484375 0.46875
vt 0.265625 0.46875
vt 0.603515625 0.673828125
vt 0.603515625 0.6796875
vt 0.578125 0.6796875
vt 0.578125 0.673828125
vt 0.076171875 0.4140625
vt 0.0703125 0.4140625
vt 0.0703125 0.388671875
vt 0.076171875 0.388671875
vt 0.384765625 0.8251474189986683
vt 0.384765625 0.8484935069970696
vt 0.359375 0.8515625
vt 0.36199364052817834 0.8250169914711789
vt 0.4296875 1
vt 0.40625 1
vt 0.40625 0.9765625
vt 0.4296875 0.9765625
vt 0.578125 0.6557081279573769
vt 0.578125 0.6640625
vt 0.554779587677311 0.6636649720739677
vt 0.5546875 0.6553573390144212
vt 0.57421875 0.8046875
vt 0.57421875 0.8120208807279038
vt 0.546875 0.8114339295375104
vt 0.5502318537766385 0.8053817340719199
vt 0.0234375 0.41997931567406543
vt 0.0234375 0.4282887020226027
vt 0 0.4272551146790545
vt 0 0.419921875
vt 0.20408485077844127 0.453125
vt 0.19573062934571217 0.453125
vt 0.1953125 0.4304728483636
vt 0.2012806926883277 0.4280395581518254
vt 0.134765625 0.5859375
vt 0.134765625 0.609375
vt 0.109375 0.609375
vt 0.109375 0.5859375
vt 0.171875 0.6171875
vt 0.1484375 0.6171875
vt 0.1484375 0.591796875
vt 0.171875 0.591796875
vt 0.15625 0.7421875
vt 0.15625 0.75
vt 0.1328125 0.75
vt 0.1328125 0.7421875
vt 0.1015625 0.4296875
vt 0.1111329426011565 0.4296875
vt 0.10937579454947911 0.453125
vt 0.1015625 0.453125
vt 0.541015625 0.654296875
vt 0.541015625 0.6623047260342811
vt 0.515625 0.6640625
vt 0.515625 0.654296875
vt 0.46875 0.4453125
vt 0.4609375 0.4453125
vt 0.4609375 0.419921875
vt 0.46875 0.419921875
vt 0.49556694366044 0.880859375
vt 0.4994232547157392 0.8902549289817967
vt 0.4609375 0.8902549289817967
vt 0.4673577221458714 0.8858096699706942
vt 0.4760507830786427 0.953125
vt 0.4375 0.953125
vt 0.47205604808092916 0.9434791656781871
vt 0.28125 0.3542917194410723
vt 0.283203125 0.34693146023967214
vt 0.283203125 0.3828125
vt 0.28351044155771316 0.38271638204246883
vt 0 1
vt 0 0.9923564171672894
vt 0 0.9923564171672894
vt 0.0012780604319098388 0.375
vt 0.01171875 0.375
vt 0.009320177736188609 0.3828125
vt 0.00024632335759708357 0.37825009129294007
vt 0.500511932480137 0.640625
vt 0.5383016304299155 0.6333406565730082
vt 0.5390625 0.640625
vt 0.500511932480137 0.640625
vt 0.4702454754634908 0.76953125
vt 0.4696650115966946 0.78125
vt 0.43807076408699847 0.7778655024398687
vt 0.4375 0.76953125
vt 0.4052122105614395 0.8816011007574535
vt 0.3671875 0.8816011007574535
vt 0.4011160374782343 0.865234375
vt 0.49530059863459036 0.8656650027110607
vt 0.5263467243092137 0.8588993961034947
vt 0.53000091841763 0.8671875
vt 0.4921875 0.8671875
vt 0.1112948606820455 0.49632764386759376
vt 0.109375 0.46357505596999615
vt 0.1171875 0.4609375
vt 0.1171875 0.4983341932660674
vt 0.6335936956523383 0.431640625
vt 0.642578125 0.431640625
vt 0.6403135395139917 0.4364290865230992
vt 0.1953125 0.39530557182713
vt 0.1953125 0.41217788244905296
vt 0.18798309485857145 0.40664862697193116
vt 0.1875 0.39453125
vt 0.423828125 0.5239710467882177
vt 0.423828125 0.5625
vt 0.4140625 0.5585735917334924
vt 0.419092162391499 0.5303785650025181
vt 0.30636247500022856 0.5005052186077097
vt 0.30636247500022856 0.5390625
vt 0.296875 0.5351049898327922
vt 0.6374430831892404 0.5455885175931501
vt 0.6015625 0.5455885175931501
vt 0.6089223236748891 0.54296875
vt 0.6373471774921228 0.5452286307665999
vt 0 0.9923449978296842
vt 0 1
vt 0 0.9923449978296842
vt 0.630859375 0.662043309083806
vt 0.6250019630013087 0.6633466149371321
vt 0.6250019630013087 0.6530669869008909
vt 0.6274724376345544 0.65234375
vt 0.5703125 0.6737064123949363
vt 0.569817470510656 0.6796875
vt 0.531755211919647 0.673828125
vt 0.531755211919647 0.673828125
vt 0.49553924470581856 0.9670687261480984
vt 0.49946654198674056 0.9765625
vt 0.4609375 0.9765625
vt 0.4673449842826871 0.9720995678549657
vt 0.49949414642471524 1
vt 0.4609375 1
vt 0.4955370496876157 0.9905119980015799
vt 0.2109375 0.3530629129307906
vt 0.212890625 0.345703125
vt 0.212890625 0.38158405378417504
vt 0.2131980343668698 0.3814873762930573
vt 0.6650390625 0.9141812620186299
vt 0.6650390625 0.921875
vt 0.6650390625 0.921875
vt 0.3295636183881464 0.369140625
vt 0.33984375 0.369140625
vt 0.33853968360987363 0.375
vt 0.3288410286245554 0.37161371990713066
vt 0.5216055853883864 0.4682553143515985
vt 0.515625 0.46875
vt 0.515625 0.4296875
vt 0.515625 0.4296875
vt 0.259765625 0.5092696879142014
vt 0.259765625 0.546875
vt 0.25 0.5430535719383163
vt 0.25419797382248754 0.5148043484170362
vt 0.3450752551167018 0.70693359375
vt 0.380859375 0.7165288871490105
vt 0.37466369037876496 0.7254152096475373
vt 0.5211284771989779 0.5616657695522704
vt 0.5227089522671963 0.5703125
vt 0.48510354773280373 0.5703125
vt 0.48510354773280373 0.5703125
vt 0.3741791613667018 0.7265625
vt 0.3483283801167018 0.71423125
vt 0.3450752551167018 0.70693359375
vt 0.3746018176167018 0.7253765624999999
vt 0 0.9921828824192988
vt 0 1
vt 0 0.9921828824192988
vt 0.6067408928272032 0.78125
vt 0.6030639442908948 0.7734375
vt 0.6138966114535305 0.7734375
vt 0.615234375 0.7754664694566206
vt 0.18359375 0.62890625
vt 0.18359375 0.648284523318504
vt 0.14882100841867502 0.6466035454043475
vt 0.1484375 0.6299103132309676
vt 0.2734375 0.59375
vt 0.291015625 0.5939203523546205
vt 0.291015625 0.6309678648207988
vt 0.27405564874707156 0.6310474629740328
vt 0.330078125 0.502143485557614
vt 0.330078125 0.5368959813228689
vt 0.3203125 0.5390625
vt 0.32295519337805395 0.5022009348516486
vt 0.528222498109234 0.6953125
vt 0.49306648851804213 0.6953125
vt 0.49306648851804213 0.6875
vt 0.5303710114819579 0.6875
vt 0.59375 0.646484375
vt 0.59375 0.6634572121947828
vt 0.5859375 0.6640625
vt 0.5863483837455307 0.646484375
vt 0.5706175712187995 0.912109375
vt 0.5874154277671554 0.912109375
vt 0.58984375 0.921875
vt 0.5705926077066462 0.9196622119017747
vt 0.330078125 0.404296875
vt 0.330078125 0.421875
vt 0.3203125 0.421875
vt 0.3203125 0.404296875
vt 0.5784586399090146 0.935546875
vt 0.5940999016421202 0.935546875
vt 0.595703125 0.9453125
vt 0.5787086026897084 0.9437584991247137
vt 0.13375851626034274 0.37200191357327583
vt 0.14253308901613337 0.3687019289572462
vt 0.14553835873965726 0.375
vt 0.1353313877354818 0.375
vt 0.626953125 0.765625
vt 0.6171875 0.765625
vt 0.6171875 0.7578125
vt 0.626953125 0.7578125
vt 0.59375 0.779296875
vt 0.59375 0.796875
vt 0.5893845781670022 0.7953125236070807
vt 0.5859375 0.779296875
vt 0.4767218610891583 0.40625
vt 0.494140625 0.40625
vt 0.4935507809852189 0.4140092238102633
vt 0.4767646229643753 0.4140625
vt 0.17578125 0.4140625
vt 0.17578125 0.4296875
vt 0.1640625 0.4296875
vt 0.1640625 0.4140625
vt 0.5727595728329358 0.82421875
vt 0.5859375 0.82421875
vt 0.5859375 0.8359375
vt 0.5703125 0.8359375
vt 0.35546875 0.35546875
vt 0.35546875 0.3671875
vt 0.3515625 0.3671875
vt 0.3515625 0.35546875
vt 0.5861060296748243 0.390625
vt 0.5861060296748243 0.37890625
vt 0.5935814703251757 0.37890625
vt 0.5927196241015789 0.390625
vt 0.2265625 0.390625
vt 0.2265625 0.4058594497635126
vt 0.22226617923283293 0.4058594497635126
vt 0.21875 0.39316409438535216
vt 0.59375 0.6257811964823223
vt 0.609375 0.6292957207775038
vt 0.609375 0.6328125
vt 0.59375 0.6328125
vt 0.3671875 0.35546875
vt 0.37109375 0.35546875
vt 0.37109375 0.3671875
vt 0.3671875 0.3671875
vt 0.65234375 0.58984375
vt 0.65192427751926 0.5928094244745299
vt 0.6406812308399646 0.5928094244745299
vt 0.6414077495429821 0.5899999627618202
vt 0.19920411096927507 0.3828125
vt 0.18826628293289963 0.3828125
vt 0.1875 0.3755894937521964
vt 0.1987422658365118 0.37566564939225144
vt 0.2421875 0.37890625
vt 0.2421875 0.390625
vt 0.234375 0.390625
vt 0.234375 0.37890625
vt 0.09375 0.34765625
vt 0.09375 0.3515625
vt 0.0859375 0.3510051115531775
vt 0.08606233230567809 0.34765625
vt 0.4532605721089954 0.34400569372327716
vt 0.4561522690795113 0.34375
vt 0.4568956778910046 0.35097543130194664
vt 0.4534969745968009 0.35097543130194664
vt 0.546875 0.365234375
vt 0.552734375 0.365234375
vt 0.552734375 0.375
vt 0.546875 0.375
vt 0.6514400592258827 0.94921875
vt 0.6507098648028442 0.9512266355474105
vt 0.6415286907741173 0.953125
vt 0.6420688961764307 0.94921875
vt 0.6349069099082594 0.859375
vt 0.6255322204277248 0.859375
vt 0.625 0.8522141837824404
vt 0.6341766915812872 0.8520185862882204
vt 0.625 0.427734375
vt 0.625 0.4375
vt 0.6171875 0.4375
vt 0.6171875 0.427734375
vt 0.640625 0.634765625
vt 0.640625 0.640625
vt 0.6328125 0.6383425167921708
vt 0.6331007858988509 0.634765625
vt 0.6416198734272516 0.9609375
vt 0.6463602582395791 0.9609375
vt 0.646484375 0.96875
vt 0.6414401876382537 0.9685763106214402
vt 0.234375 0.46250174731412186
vt 0.2403393849132811 0.4646629790894965
vt 0.2418034522647709 0.5
vt 0.23438893074315326 0.5
vt 0.5374923730072665 0.8049006804359025
vt 0.5372201158132234 0.8096267349199422
vt 0.5 0.8122029228224495
vt 0.5 0.8046875
vt 0.4300693096362809 0.5
vt 0.4300693096362809 0.4646321140845826
vt 0.4371181903637191 0.4625430749936703
vt 0.436720662732362 0.49958831604268994
vt 0.2109375 0.462890625
vt 0.2109375 0.5
vt 0.203125 0.5
vt 0.203125 0.462890625
vt 0.078125 0.5546875
vt 0.078125 0.5625
vt 0.0703125 0.5597805762772652
vt 0.07080049005017379 0.5546875
vt 0.5315151217737004 0.3671875
vt 0.5390625 0.3671875
vt 0.5374140409170698 0.375
vt 0.5314375713838202 0.3745510234031205
vt 0.314453125 0.640625
vt 0.314453125 0.6640625
vt 0.28125 0.6640625
vt 0.28125 0.640625
vt 0.0009120443805696078 0.671875
vt 0.024349637257989755 0.671875
vt 0.023812655453633445 0.7109375
vt 0 0.7104192001789029
vt 0.44670228683794927 0.693359375
vt 0.4799055400821869 0.693359375
vt 0.4834207344646073 0.703125
vt 0.4453125 0.7029465236489085
vt 0.0703125 0.5418986098493415
vt 0.0703125 0.5086961169693293
vt 0.08018390991686729 0.5078125
vt 0.07968710025641566 0.5454149334657875
vt 0.5328123549953182 0.458984375
vt 0.556640625 0.458984375
vt 0.5563484318498458 0.46815974216779976
vt 0.532926119057112 0.46875
vt 0.306640625 0.4375
vt 0.306640625 0.4609375
vt 0.296875 0.4609375
vt 0.296875 0.4375
vt 0.103515625 0.8203125
vt 0.103515625 0.859375
vt 0.0703125 0.859375
vt 0.0703125 0.8203125
vt 0.1796875 0.8359375
vt 0.220312208299734 0.8359375
vt 0.2192018242751451 0.875
vt 0.17974882689767813 0.875
vt 0.4470622976171856 0.904296875
vt 0.4798749741513089 0.904296875
vt 0.48378109147310927 0.9138642594928906
vt 0.4453125 0.9140625
vt 0.203125 0.5423750870042106
vt 0.203125 0.5095626765783656
vt 0.21269852243292103 0.5078125
vt 0.21249928202666765 0.5462816142050155
vt 0.42232748503932965 0.607421875
vt 0.4617802092328383 0.607421875
vt 0.462890625 0.6171875
vt 0.42226581488930437 0.6171875
vt 0.056640625 0.5234375
vt 0.056640625 0.5625
vt 0.046875 0.5625
vt 0.046875 0.5234375
vt 0.171875 0.6875
vt 0.171875 0.662109375
vt 0.205078125 0.662109375
vt 0.205078125 0.6875
vt 0.314453125 1
vt 0.28984349303209556 1
vt 0.29013590659581456 0.9614999759705947
vt 0.3134616715133431 0.9620464989345077
vt 0 0.5507806596614323
vt 0 0.517968487518353
vt 0.009515286406969081 0.5161880022429278
vt 0.009678227041740622 0.5546875
vt 0.4543620464259315 0.826171875
vt 0.487174620505089 0.826171875
vt 0.491081972063119 0.83533328177706
vt 0.453125 0.8359375
vt 0.5234375 0.5310325272587535
vt 0.5234375 0.5064234018383922
vt 0.533203125 0.5066400934457246
vt 0.533203125 0.53125
vt 0.5327557952225078 0.9986575568560331
vt 0.5094102340765485 0.9986575568560331
vt 0.5086148996414309 0.9890098778678024
vt 0.533203125 0.98828125
vt 0.3125 0.76171875
vt 0.3359375 0.76171875
vt 0.3359375 0.796875
vt 0.3125 0.796875
vt 0.27670977947310366 0.8823099140981189
vt 0.2752535334468188 0.90625
vt 0.237583633261062 0.90625
vt 0.23500897052689634 0.8810763860443419
vt 0.11168291791975929 0.5746428300847858
vt 0.109375 0.541015625
vt 0.12130925749995346 0.541015625
vt 0.12096827626084647 0.578125
vt 0.3947447920990149 0.5078125
vt 0.42892439107211455 0.5078125
vt 0.4323537246328114 0.515625
vt 0.390625 0.5151336721381534
vt 0.546966654854966 0.990234375
vt 0.5703125 0.990234375
vt 0.5703125 1
vt 0.546875 0.9982453283473884
vt 0.37890625 0.4901749673719934
vt 0.37890625 0.515625
vt 0.3671875 0.5104877007715691
vt 0.37109108117660017 0.4874399204626839
vt 0.275390625 0.841796875
vt 0.275390625 0.8671875
vt 0.234375 0.8671875
vt 0.234375 0.841796875
vt 0.25 0.935546875
vt 0.275390625 0.935546875
vt 0.275390625 0.9765625
vt 0.25 0.9765625
vt 0.255859375 0.427734375
vt 0.255859375 0.46875
vt 0.25 0.46875
vt 0.25 0.427734375
vt 0.572265625 0.796875
vt 0.53125 0.796875
vt 0.53125 0.791015625
vt 0.572265625 0.791015625
vt 0.146484375 0.388671875
vt 0.146484375 0.4140625
vt 0.140625 0.4140625
vt 0.140625 0.388671875
vt 0.5859375 0.806640625
vt 0.611328125 0.806640625
vt 0.611328125 0.8125
vt 0.5859375 0.8125
vt 0.39453125 0.9747353406635647
vt 0.3914623210869357 1
vt 0.36811618745486707 1
vt 0.3679857376726945 0.977353308156964
vt 0.203125 0.8828125
vt 0.2265625 0.8828125
vt 0.2265625 0.90625
vt 0.203125 0.90625
vt 0.09375 0.41415396983138697
vt 0.09375 0.4375
vt 0.0859375 0.4373573966894002
vt 0.08598530932042206 0.41392066054223653
vt 0.5546875 0.50390625
vt 0.5546875 0.530606721006661
vt 0.546875 0.530445465310974
vt 0.5480819006219193 0.5071295583565039
vt 0.5698332415188281 0.5078125
vt 0.5708682799300442 0.53125
vt 0.5625582844191775 0.53125
vt 0.5625 0.5078125
vt 0.5648220188232538 0.5390625
vt 0.5874787861934241 0.5390625
vt 0.5876325156031719 0.546875
vt 0.5625 0.5445352743073872
vt 0.3984375 0.787109375
vt 0.3984375 0.8125
vt 0.375 0.8125
vt 0.375 0.787109375
vt 0.375 0.640625
vt 0.400390625 0.640625
vt 0.400390625 0.6640625
vt 0.375 0.6640625
vt 0.0078125 0.8125
vt 0.0078125 0.8359375
vt 0 0.8359375
vt 0 0.8125
vt 0.046875 0.4513671147471757
vt 0.0234375 0.453125
vt 0.0234375 0.443359375
vt 0.046875 0.443359375
vt 0.3767583767994955 0.451171875
vt 0.37500029884490227 0.4765625
vt 0.3671875 0.4765625
vt 0.3671875 0.451171875
vt 0.3671875 0.4296875
vt 0.392578125 0.4296875
vt 0.392578125 0.4375
vt 0.3671875 0.4375
vt 0.447265625 0.5234375
vt 0.447265625 0.5619221579681537
vt 0.4375 0.5580661042754458
vt 0.44244986714574497 0.5298574162865148
vt 0.18933362288912173 0.5161365716672428
vt 0.1893336228891217 0.5546875
vt 0.1796875 0.5506926397951124
vt 0.6374432893660692 0.3984375
vt 0.6015625 0.3984375
vt 0.6089224919746212 0.3958178545928327
vt 0.6373473599800235 0.3980780607134099
vt 0 1
vt 0 0.992315604944554
vt 0 1
vt 0.625 0.7007256545336618
vt 0.618079240233383 0.703125
vt 0.618079240233383 0.6926835206816062
vt 0.6204371166086067 0.6916520361887862
vt 0.046347259913609856 0.765625
vt 0.0390625 0.7648640748986584
vt 0.046875 0.7265625
vt 0.046875 0.7265625
vt 0.438418524847207 0.7954931849499043
vt 0.44180227042988474 0.8270869082662518
vt 0.4296875 0.827668102949892
vt 0.4296875 0.794921875
vt 0.35291609062983637 0.59375
vt 0.35291609062983637 0.631724659728484
vt 0.33653703437016363 0.6276729390620408
vt 0.078125 0.5
vt 0.0703125 0.49639208492694653
vt 0.07709292521648929 0.46534869319950856
vt 0.078125 0.4622366754989955
vt 0.4921875 0.5996147481039685
vt 0.4948246106465006 0.591796875
vt 0.5275782378933741 0.59371614354506
vt 0.5295849624344113 0.5996147481039685
vt 0.578125 0.3664061272410092
vt 0.578125 0.357421875
vt 0.5829130033290161 0.36414133624144174
vt 0.5999402384113214 0.4301721724861962
vt 0.60546875 0.43734489718869185
vt 0.588596488865203 0.43734489718869185
vt 0.5878240158341675 0.4296875
vt 0.4016999447229608 0.5295240597185489
vt 0.4055213302464923 0.5390625
vt 0.3679161697535077 0.5390625
vt 0.3734505566850005 0.5337208447304151
vt 0.046875 0.9906045242244532
vt 0.08165722107820983 0.9778453125
vt 0.053840927899367355 0.9989007065233871
vt 0.18833377731329337 0.5078125
vt 0.1796875 0.5062314539491866
vt 0.1875 0.470703125
vt 0.1875 0.470703125
vt 0.08165722107820983 0.9778453125
vt 0.07906972107820984 0.98540546875
vt 0.05442597107820984 1
vt 0.05389862732820984 0.99885703125
vt 0.0859552468566868 0.3359375
vt 0.0937322531433132 0.3359375
vt 0.0937322531433132 0.3359375
vt 0.6033449308061059 0.661223488687361
vt 0.6033449308061059 0.650390625
vt 0.611328125 0.6540687925123229
vt 0.6055440532419301 0.6625605649251911
vt 0.640625 0.49609375
vt 0.640625 0.5
vt 0.625 0.5
vt 0.625 0.49609375
vt 0.46484375 0.359375
vt 0.46484375 0.375
vt 0.4609375 0.375
vt 0.4609375 0.359375
vt 0.26953125 0.37890625
vt 0.26953125 0.4140625
vt 0.265625 0.4140625
vt 0.265625 0.37890625
vt 0.62109375 0.74609375
vt 0.62109375 0.75
vt 0.5859375 0.75
vt 0.5859375 0.74609375
vt 0.43359375 0.8359375
vt 0.43359375 0.8515625
vt 0.3984375 0.8515625
vt 0.3984375 0.8359375
vt 0.4140625 0.59765625
vt 0.4140625 0.6328125
vt 0.3984375 0.6328125
vt 0.3984375 0.59765625
vt 0.42578065388971964 0.3984375
vt 0.4296875 0.421875
vt 0.42285080743804393 0.421875
vt 0.42285080743804393 0.3984375
vt 0.547822332334961 0.408203125
vt 0.5703125 0.408203125
vt 0.5702182187281611 0.41053271157736093
vt 0.5471461033426086 0.4140625
vt 0.609375 0.697265625
vt 0.609375 0.703125
vt 0.5859375 0.6992205560272676
vt 0.5859375 0.697265625
vt 0.40979758150052004 0.42138517644237483
vt 0.406867695048942 0.42138517644237483
vt 0.40758731326386205 0.39890669959554936
vt 0.4140625 0.3984375
vt 0.078125 0.576171875
vt 0.078125 0.5996095860537372
vt 0.0546875 0.5996095860537372
vt 0.055667435394471505 0.5771521305478385
vt 0.390625 0.7039857678219754
vt 0.4140625 0.7028013339108533
vt 0.4140625 0.7265625
vt 0.3915555469287154 0.7259196820786804
vt 0.36328125 0.767578125
vt 0.36328125 0.8046875
vt 0.34843766031904827 0.8046875
vt 0.34375 0.767578125
vt 0.0703125 0.634765625
vt 0.107421875 0.6394534660844073
vt 0.107421875 0.6548827256710369
vt 0.0703125 0.6548827256710369
vt 0.650390625 0.6328125
vt 0.650390625 0.6484375
vt 0.6484375 0.6484375
vt 0.6484375 0.6328125
vt 0.66015625 0.765625
vt 0.640625 0.765625
vt 0.640625 0.763671875
vt 0.66015625 0.763671875
vt 0.173828125 0.337890625
vt 0.173828125 0.375
vt 0.1734374999968015 0.375
vt 0.171875 0.337890625
vt 0.6171875 0.982022938282803
vt 0.654296875 0.9835941919218638
vt 0.654296875 0.984375
vt 0.6171875 0.9843670986555256
vt 0.13671875 0.619140625
vt 0.13671875 0.65625
vt 0.12187535479918071 0.65625
vt 0.1171875 0.619140625
vt 0.328125 0.6439451173792003
vt 0.365234375 0.6486314567470801
vt 0.365234375 0.6640625
vt 0.328125 0.6640625
vt 0.6484375 0.779296875
vt 0.6640625 0.779296875
vt 0.6640625 0.78125
vt 0.6484375 0.78125
vt 0.0390625 0.359375
vt 0.0390625 0.33984375
vt 0.041015625 0.33984375
vt 0.041015625 0.359375
vt 0.6171875 0.99609375
vt 0.654296875 0.9976746162711624
vt 0.654296875 0.9984559053326859
vt 0.6171875 0.998437531251367
vt 0.158203125 0.337890625
vt 0.158203125 0.375
vt 0.15781181017799722 0.375
vt 0.15625 0.337890625
vt 0.140625 0.51171875
vt 0.13906290940889943 0.5234375
vt 0.11024406218690322 0.5234375
vt 0.11024406218690322 0.51171875
vt 0.34375 0.515625
vt 0.35546875 0.515625
vt 0.35546875 0.546875
vt 0.34375 0.546875
vt 0.287109375 0.39165304589367966
vt 0.287109375 0.42047205031557355
vt 0.28125 0.421875
vt 0.2812919586719797 0.39149392521776183
vt 0.6012035673326919 0.453125
vt 0.5708224635763419 0.453125
vt 0.5706714326673081 0.447265625
vt 0.6010525364236581 0.447265625
vt 0.318359375 0.36328125
vt 0.318359375 0.375
vt 0.3125 0.375
vt 0.3125 0.36328125
vt 0.625 0.712890625
vt 0.63671875 0.712890625
vt 0.63671875 0.71875
vt 0.625 0.7183475645079125
vt 0.3671875 0.5859375
vt 0.3671875 0.5703125
vt 0.3984375 0.5703125
vt 0.3984375 0.5859375
vt 0.359375 0.5859375
vt 0.34375 0.5859375
vt 0.34375 0.5546875
vt 0.359375 0.5546875
vt 0.53125 0.4295817546604168
vt 0.53125 0.39919052245046427
vt 0.537109375 0.3984375
vt 0.537109375 0.42882873220995255
vt 0.5710655224504643 0.462890625
vt 0.6014567546604168 0.462890625
vt 0.6007037322099525 0.46875
vt 0.5703125 0.46875
vt 0.609375 0.4765625
vt 0.609375 0.4609375
vt 0.615234375 0.4609375
vt 0.615234375 0.4765625
vt 0.53125 0.390625
vt 0.515625 0.390625
vt 0.515625 0.384765625
vt 0.53125 0.384765625
vt 0.46484375 0.6484375
vt 0.46484375 0.6781253218904622
vt 0.453125 0.6796875
vt 0.453125 0.6484375
vt 0.484375 0.59375
vt 0.453125 0.59375
vt 0.453125 0.58203125
vt 0.484375 0.58203125
vt 0.5772559122419451 0.4237884859082106
vt 0.575852338380087 0.4296875
vt 0.5470330368742866 0.4296875
vt 0.546875 0.4238299564899318
vt 0.484375 0.421875
vt 0.49023467504440105 0.421875
vt 0.49101196940770614 0.453125
vt 0.4851529251643366 0.453125
vt 0.63671875 0.775390625
vt 0.63671875 0.78125
vt 0.625 0.78125
vt 0.625 0.775390625
vt 0.6310642855376402 0.8203125
vt 0.625 0.8203125
vt 0.625 0.80859375
vt 0.6306615580236546 0.80859375
vt 0.2734375 0.5859375
vt 0.2734375 0.5546875
vt 0.2890625 0.5546875
vt 0.2890625 0.5859375
vt 0.4140625 0.6484375
vt 0.4453125 0.6484375
vt 0.4453125 0.6640625
vt 0.4140625 0.6640625
vt 0.570418111977361 0.5625
vt 0.571170783428585 0.556640625
vt 0.6015625 0.556640625
vt 0.6008090872514946 0.5625
vt 0.240234375 0.4289340872514946
vt 0.234375 0.4296875
vt 0.234375 0.39929578342858485
vt 0.240234375 0.39854311197736103
vt 0.3359375 0.390625
vt 0.3359375 0.384765625
vt 0.3515625 0.384765625
vt 0.3515625 0.390625
vt 0.359375 0.375
vt 0.365234375 0.375
vt 0.365234375 0.390625
vt 0.359375 0.390625
vt 0.62109375 0.53125
vt 0.5859375 0.53125
vt 0.5859375 0.52734375
vt 0.62109375 0.52734375
vt 0.63671875 0.734375
vt 0.6171875 0.734375
vt 0.6171875 0.73046875
vt 0.63671875 0.73046875
vt 0.25 0.37890625
vt 0.25390625 0.37890625
vt 0.25390625 0.4140625
vt 0.25 0.4140625
vt 0.0703125 0.35546875
vt 0.07421875 0.35546875
vt 0.07421875 0.375
vt 0.0703125 0.375
vt 0.16125107363062507 0.8735289328858741
vt 0.12738205999398047 0.8532249395019005
vt 0.13962421875 0.82745859375
vt 0.16869612726690142 0.8422666980120352
vt 0.04247828634497966 0.9698721218713827
vt 0.01025692596001139 1
vt 0 0.969237254463529
vt 0.03177230096643212 0.9486268385541013
vt 0.08692353844677181 0.4487283921293035
vt 0.091796875 0.44976559282787054
vt 0.091796875 0.48925431664976715
vt 0.0859375 0.4921875
vt 0.42075834978804744 0.49889828011961157
vt 0.4148992386582696 0.49655452605787187
vt 0.4148992386582696 0.4637421618282421
vt 0.421875 0.4609375
vt 0.009765625 0.5075593088591994
vt 0 0.5066983328050092
vt 0.003907897590170087 0.474609375
vt 0.009765625 0.4751314223306723
vt 0.607421875 0.759765625
vt 0.6031623539762012 0.76222668790939
vt 0.5794323538968118 0.765625
vt 0.5790934679132737 0.759765625
vt 0.59375 0.59375
vt 0.5946090411459319 0.587890625
vt 0.6116151506007445 0.587890625
vt 0.6107568813080537 0.59375
vt 0.2889900564220083 0.82338671875
vt 0.2816580251720083 0.8269593749999999
vt 0.2958228689220083 0.802734375
vt 0.2984806814220083 0.8040890625
vt 0.18529158388519978 0.9955703216117804
vt 0.168440793163322 0.97936015625
vt 0.16994509448354453 0.9528550373707051
vt 0.202984206836678 0.9690729344606652
vt 0.156390793163322 0.9825171875
vt 0.168440793163322 0.97936015625
vt 0.185291574413322 0.9955703124999999
vt 0.18815876191332198 1
vt 0.4453125 0.4290661540418873
vt 0.451171875 0.423828125
vt 0.451171875 0.4604201954574274
vt 0.44635195589933513 0.45515513052213374
vt 0.2890625 0.9475195164689517
vt 0.2986073027506881 0.933401328629246
vt 0.304569093991634 0.934460710213004
vt 0.2942745828818775 0.952295972796609
vt 0.12665234375 0.81640625
vt 0.13962421875 0.82745859375
vt 0.12738203125 0.853225
vt 0.1171875 0.8438320312500001
vt 0.482421875 0.39386493715927573
vt 0.47809123114754876 0.39714336146639106
vt 0.47809123114754876 0.375
vt 0.47962130138954545 0.38109012899595474
vt 0.5552597186606609 0.853515625
vt 0.556640625 0.8671875
vt 0.5410157475590744 0.8671875
vt 0.5396412606060251 0.853515625
vt 0.609375 0.45291802386270585
vt 0.6109194234083516 0.447265625
vt 0.6253392229728194 0.44877415341749616
vt 0.6242040216815946 0.45291802386270585
vt 0.041015625 0.4225326214579088
vt 0.032126335843652924 0.4296875
vt 0.032126335843652924 0.40897805898229933
vt 0.03470191578109266 0.4086558996001627
vt 0.4375 0.6953125
vt 0.4375 0.703125
vt 0.421875 0.703125
vt 0.421875 0.6953125
vt 0.078125 0.6796875
vt 0.0703125 0.6796875
vt 0.0703125 0.6640625
vt 0.078125 0.6640625
vt 0.482421875 0.3671875
vt 0.4765625 0.3671875
vt 0.4765625 0.359375
vt 0.482421875 0.359375
vt 0.421875 0.384765625
vt 0.421875 0.390625
vt 0.40625 0.390625
vt 0.40625 0.384765625
vt 0.2890625 0.46875
vt 0.28185435772452594 0.46875
vt 0.2843805697439882 0.43684610220165476
vt 0.2887914123866788 0.43620390470798565
vt 0.04247828634497966 0.9698721218713827
vt 0.031690005094979656 0.9484635281213827
vt 0.04840250509497966 0.9361361843713827
vt 0.056967348844979664 0.9669377468713827
vt 0.404296875 0.5
vt 0.3975572788161877 0.4984667061768562
vt 0.390625 0.4842763199439156
vt 0.404296875 0.4800139959860579
vt 0.30899060131975514 0.8340851852058105
vt 0.2889900564220083 0.82338671875
vt 0.2987850634658517 0.8034701506737755
vt 0.31209197482799167 0.8139150542402448
vt 0.5937838821764615 0.953125
vt 0.590641756448236 0.9609375
vt 0.5703125 0.9584373506175221
vt 0.5716245155910687 0.953125
vt 0.6328125 0.53125
vt 0.6328125 0.525390625
vt 0.640625 0.525390625
vt 0.640625 0.53125
vt 0.380859375 0.390625
vt 0.375 0.390625
vt 0.375 0.375
vt 0.380859375 0.375
vt 0.609375 0.41279312668739654
vt 0.6024667615818485 0.421875
vt 0.6024667615818485 0.408203125
vt 0.6074392102651531 0.408203125
vt 0.091796875 0.3966520743589682
vt 0.0859375 0.39752215555902826
vt 0.0859375 0.38172933206461224
vt 0.091796875 0.380859375
vt 0.39453125 0.896484375
vt 0.39453125 0.9207321230882971
vt 0.3717454350900043 0.9203271714613127
vt 0.3671875 0.9039615397279602
vt 0.5742982591992636 0.6333516825729995
vt 0.571123342366932 0.640625
vt 0.546875 0.640625
vt 0.5520959577717712 0.6357688255144756
vt 0.109375 0.39576531322653974
vt 0.10937499999999999 0.421875
vt 0.10255093836018034 0.39951095336742937
vt 0.3047298244795803 0.9295183020203847
vt 0.304569093991634 0.934460710213004
vt 0.29860852113925396 0.9334015451310248
vt 0.299549217340492 0.896484889926669
vt 0.09255665294862205 0.9583494441979465
vt 0.0571906974125364 0.9677426200451335
vt 0.06464686708124837 0.9494365572284348
vt 0.06464686708124837 0.9494365572284348
vt 0.06464686708124837 0.9494365572284348
vt 0.057190970000219915 0.9677419507997328
vt 0.04840250509497966 0.9361361843713827
vt 0.052776325721048144 0.9348509140910611
vt 0.06464686708124837 0.9494365572284348
vt 0.05271521353654443 0.934775823959325
vt 0.07822340576535478 0.9251145164842357
vt 0.08390955504038389 0.9422226626694523
vt 0.06464686708124837 0.9494365572284348
vt 0.08391350124851138 0.9422211848108378
vt 0.09344387638710831 0.9548330266403198
vt 0.16844058641091986 0.9793602104179497
vt 0.156390793163322 0.9825171875
vt 0.1654550762613938 0.9515449389834972
vt 0.16834332694514179 0.9533360140808705
vt 0.5712442716003648 0.970703125
vt 0.603515625 0.970703125
vt 0.5891694959197713 0.9765625
vt 0.5715578917113419 0.9745025811929194
vt 0.2995491365848992 0.896484375
vt 0.30579757408489916 0.89661796875
vt 0.30561476158489914 0.90225625
vt 0.3056151715973941 0.9022566401561454
vt 0.3047298244795803 0.9295183020203847
vt 0.2995491365848992 0.896484375
vt 0.2109375 0.9609375
vt 0.23946339790341908 0.9609375
vt 0.24326848386494926 1
vt 0.21183587203313456 0.9933079417566041
vt 0.10171527461853486 0.7830244791762728
vt 0.115234375 0.8125
vt 0.07112157451918984 0.8125
vt 0.06443166523371385 0.7896699828014672
vt 0.5419881777505716 0.625
vt 0.5024991995720595 0.625
vt 0.5014624696746232 0.6196683869709222
vt 0.544921875 0.6186823434841694
vt 0.016587851550247938 0.900675173674713
vt 0.046140043028023554 0.9149337611657583
vt 0.04570546652504893 0.9212295881335502
vt 0.011030538213705351 0.90573823608782
vt 0.484627873330916 0.7827752659857078
vt 0.5167174128250014 0.7788659555466035
vt 0.517578125 0.7890625
vt 0.48515042152351573 0.7890625
vt 0.0625 0.408541797633325
vt 0.05910122891442644 0.43227259446758903
vt 0.055730817823644085 0.43653162089740993
vt 0.055730817823644085 0.408203125
vt 0.4609375 0.4045834156635115
vt 0.4609375 0.38757658809815143
vt 0.466796875 0.38671875
vt 0.466796875 0.40372480068441485
vt 0.10454759390075793 0.6641996243580894
vt 0.1171875 0.6892539910562929
vt 0.1100900485752277 0.6852348725708597
vt 0.10181122653832869 0.6653875
vt 0.049077213339329774 0.8183424531848348
vt 0.05032955708932978 0.8448612031848348
vt 0.033326432089329776 0.8609104219348348
vt 0.015885807089329775 0.8342463594348348
vt 0.033326613485632435 0.8609102507151948
vt 0.05032955708932978 0.8448612031848348
vt 0.06234927704764783 0.8481323247879788
vt 0.03041702801775132 0.8653135330744102
vt 0.5759128421856677 0.6934621911221825
vt 0.5393215328143323 0.6934621911221825
vt 0.5445594200847613 0.6875
vt 0.5706481075466155 0.6885393371554847
vt 0.00111970779702298 0.8875717095295343
vt 0.007083768559247514 0.8865287410834288
vt 0.016587851550247938 0.900675173674713
vt 0.011362371982333384 0.9054359146278633
vt 0.44921875 0.8796455539630322
vt 0.42086871931165015 0.8828125
vt 0.41465239873799375 0.8671875
vt 0.4436652719941054 0.8671875
vt 0.10285589756655267 0.37890625
vt 0.125 0.37890625
vt 0.12172176303688623 0.3828125
vt 0.10894637488853313 0.3800120064839687
vt 0.013671875 0.44531237449269157
vt 0.013671875 0.4609375
vt 0 0.4595570209324036
vt 0 0.4439395516526592
vt 0.6108826819191587 0.9593234329030301
vt 0.609375 0.944903581272007
vt 0.615234375 0.943359375
vt 0.615234375 0.9581880474823192
vt 0.5550095566381698 0.740234375
vt 0.5757185544490738 0.740234375
vt 0.5685646255929185 0.75
vt 0.5546875 0.7436866971310351
vt 0.140625 0.875
vt 0.140625 0.890625
vt 0.1328125 0.890625
vt 0.1328125 0.875
vt 0.2421875 0.6796875
vt 0.2578125 0.6796875
vt 0.2578125 0.6875
vt 0.2421875 0.6875
vt 0.638671875 0.5703125
vt 0.638671875 0.578125
vt 0.6328125 0.578125
vt 0.6328125 0.5703125
vt 0.609375 0.611328125
vt 0.625 0.611328125
vt 0.625 0.6171875
vt 0.609375 0.6171875
vt 0.5318918069811549 0.760942439241345
vt 0.564453125 0.7584173761253139
vt 0.564453125 0.765625
vt 0.53125 0.7653535027618521
vt 0.3673145252099347 0.6008424333860287
vt 0.38671875 0.6082413403714451
vt 0.3820605544045849 0.6317575190490201
vt 0.3673145252099347 0.6328125
vt 0.4666988457818412 0.4868742659140243
vt 0.48088891699407244 0.49380639258716785
vt 0.482421875 0.5
vt 0.4624361810046057 0.5
vt 0.10181122653832869 0.6653875
vt 0.11035575778832869 0.685871875
vt 0.0897315390383287 0.6953125
vt 0.0878838827883287 0.6749898437499999
vt 0.39593684760084913 0.3984040077732163
vt 0.3984375 0.41873330177497314
vt 0.39114930093121875 0.421875
vt 0.39114930093121875 0.39971585490860173
vt 0.640625 0.5625
vt 0.6328125 0.5625
vt 0.6328125 0.556640625
vt 0.640625 0.556640625
vt 0.435546875 0.375
vt 0.435546875 0.390625
vt 0.4296875 0.390625
vt 0.4296875 0.375
vt 0.34375 0.3984375
vt 0.3580615588093753 0.3984375
vt 0.3489801699973166 0.40625
vt 0.34375 0.40431409824681175
vt 0.6024321950348659 0.791015625
vt 0.6182245314872405 0.791015625
vt 0.6173548364523747 0.796875
vt 0.6015625 0.796875
vt 0.328125 0.610319821381358
vt 0.328125 0.6328017907464559
vt 0.3046875 0.6323657391358967
vt 0.312650609275565 0.60546875
vt 0.078125 0.42570271477470867
vt 0.078125 0.4499499041253582
vt 0.0703125 0.453125
vt 0.07272992590630761 0.4309226343734667
vt 0.60546875 1
vt 0.579359061753824 1
vt 0.583105315805898 0.9931762871709304
vt 0.007083768559247514 0.8865287410834288
vt 0.0011197060592475147 0.8875717098334288
vt 0.0009736123092475152 0.8826287410834288
vt 0.006248612309247517 0.8496099910834288
vt 0.17416824708788278 0.9296875
vt 0.1422995253862737 0.9117073847062245
vt 0.1715537955959338 0.9100956459041807
vt 0.1715537955959338 0.9100956459041807
vt 0.189453125 0.8989467285787498
vt 0.17663825981536863 0.9291448327604507
vt 0.17162072431002545 0.9100267446335124
vt 0.18528368493532205 0.897105025228145
vt 0.1612449823248478 0.884214716644964
vt 0.18528368493532205 0.897105025228145
vt 0.1715500022951499 0.9100936298465395
vt 0.15338660809593382 0.9004401771541807
vt 0.15338660809593382 0.9004401771541807
vt 0.1715537955959338 0.9100956459041807
vt 0.14229988934593382 0.9117073646541807
vt 0.051871176499801774 0.81640625
vt 0.0625 0.8468769422264086
vt 0.05030483515421703 0.8443377088832333
vt 0.049077213339329774 0.8183424531848348
vt 0.13163826677580776 0.43784653238003723
vt 0.125 0.4521930324025112
vt 0.125 0.419921875
vt 0.12957852808908762 0.42023519691963906
vt 0 0.8497253901029796
vt 0.006249021063395727 0.849609375
vt 0.0001668498535607743 0.8553642143583375
vt 0.0009736123092475152 0.8826287410834288
vt 0.0001668498535607743 0.8553642143583375
vt 0.006248655470343027 0.849609720917472
vt 0.2976604140737223 0.470703125
vt 0.3097614609262777 0.4711587701030733
vt 0.3082897440491311 0.4889932770436206
vt 0.2976604140737223 0.49125727131913
vt 0.5441415093716482 0.7303679215015886
vt 0.5415051369344343 0.7421875
vt 0.5234375 0.7421875
vt 0.5234769246116909 0.7321102913923516
vt 0.43789043829029906 0.3513897320872992
vt 0.43789043829029906 0.33349481495750966
vt 0.439453125 0.3335118953985061
vt 0.43925089063037936 0.3515625
vt 0.6633980072119663 0.451171875
vt 0.6640625 0.4525861594244649
vt 0.6422087211053205 0.4525861594244649
vt 0.65625 0.966796875
vt 0.66796875 0.966796875
vt 0.66796875 0.96875
vt 0.65625 0.96875
vt 0.4000044855391656 0.3421871323047695
vt 0.39844191425172937 0.3421871323047695
vt 0.3984375 0.330078125
vt 0.5327569688344514 0.55859375
vt 0.544921875 0.55859375
vt 0.5438496004517888 0.578125
vt 0.5331364189238009 0.5775112428434575
vt 0.04296875 0.4639782466633806
vt 0.04296875 0.4760875025347704
vt 0.0234375 0.4765625
vt 0.02395924575778738 0.46607101972124876
vt 0.6490061578651466 0.546875
vt 0.6490061578651466 0.5281254189825458
vt 0.6500299116010521 0.5281160015195014
vt 0.650390625 0.546875
vt 0.6431495086668195 0.935546875
vt 0.662109375 0.935546875
vt 0.6616455675093346 0.9375
vt 0.6423312539401503 0.9371309628122373
vt 0.65625 0.685546875
vt 0.66796875 0.685546875
vt 0.66796875 0.6875
vt 0.65625 0.6875
vt 0.345703125 0.33203125
vt 0.345703125 0.34370997836264006
vt 0.3442427562538814 0.34375
vt 0.34375 0.33203125
vt 0.15984544867733758 0.4672792199367404
vt 0.14201124575372595 0.46875
vt 0.14155536310973496 0.45703125
vt 0.162109375 0.45703125
vt 0.47265625 0.45585878375203714
vt 0.47265625 0.47392662307020006
vt 0.4609375 0.4765625
vt 0.46267889565234616 0.4558982664309926
vt 0.6484375 0.5625
vt 0.6484375 0.5609374742189627
vt 0.6663319891183654 0.5611292077741351
vt 0.6664900927596769 0.5624911267089081
vt 0.533203125 0.35779187009917335
vt 0.5317885307386221 0.3571268594859379
vt 0.533203125 0.3359375
vt 0.072265625 0.34375
vt 0.0703125 0.34375
vt 0.0703125 0.33203125
vt 0.072265625 0.33203125
vt 0.668359305695205 0.607421875
vt 0.668359305695205 0.6089845941252598
vt 0.65625 0.6074219374912362
vt 0.55859375 0.95703125
vt 0.55859375 0.9765625
vt 0.546875 0.9765625
vt 0.546875 0.95703125
vt 0.5356954070614427 0.4921875
vt 0.5156757029463354 0.4921875
vt 0.515625 0.4800785476379277
vt 0.5359367252216055 0.4799941572080876
vt 0.49391857051841115 0.359082167595169
vt 0.4921875 0.359375
vt 0.4921875 0.33984375
vt 0.4937484892860129 0.33984375
vt 0.640625 0.828125
vt 0.640625 0.826171875
vt 0.66015625 0.826171875
vt 0.66015625 0.828125
vt 0.619140625 0.3515625
vt 0.6171875 0.3515625
vt 0.6171875 0.33984375
vt 0.619140625 0.33984375
vt 0.37293316493207657 0.3419967419207307
vt 0.373046875 0.34375
vt 0.3608502695772649 0.34375
vt 0.36082876230825556 0.34220921373946256
vt 0.1171875 0.7734375
vt 0.09375 0.7734375
vt 0.09375 0.76171875
vt 0.1171875 0.76171875
vt 0.51171875 0.502800386999265
vt 0.51171875 0.5233689703657514
vt 0.5 0.5234375
vt 0.5001294031167106 0.501088407138481
vt 0.4239764050902411 0.3671875
vt 0.421875 0.365234375
vt 0.4453125 0.365234375
vt 0.4453125 0.366440527793629
vt 0.4078213574601215 0.37421860644168103
vt 0.40625851296684773 0.37421860644168103
vt 0.40625 0.3515625
vt 0.4090700095064435 0.3519005926462888
vt 0.634765625 0.3515625
vt 0.6328125 0.3515625
vt 0.6328125 0.33984375
vt 0.634765625 0.33984375
vt 0.6532836748134452 0.9031453426648027
vt 0.6536071622023364 0.90625
vt 0.6414981641739298 0.90625
vt 0.6413147127976636 0.9039369269846832
vt 0.56640625 0.9427341253828271
vt 0.5476873791286675 0.9438050518771693
vt 0.5476873791286675 0.931640625
vt 0.5657932144137122 0.9320211450722147
vt 0.55859375 0.8246671082001373
vt 0.55859375 0.8434431659396704
vt 0.546875 0.84375
vt 0.5485048616639078 0.8254544280878873
vt 0.6488225797036643 0.499802020612115
vt 0.6488225797036643 0.49877842538333417
vt 0.6675715973716694 0.49861613228948964
vt 0.6675836702963357 0.5
vt 0.42336737304646854 0.34939201486313065
vt 0.421875 0.34985595746100195
vt 0.421875 0.3308963712787266
vt 0.4229984518992499 0.330078125
vt 0.548828125 0.3515625
vt 0.546875 0.3515625
vt 0.546875 0.33984375
vt 0.548828125 0.33984375
vt 0.6683995063028807 0.5141651557942405
vt 0.668359751381512 0.515187851310263
vt 0.65625 0.515187851310263
vt 0.65625 0.513671875
vt 0.55859375 0.70703125
vt 0.55859375 0.71875
vt 0.5390625 0.71875
vt 0.5390625 0.70703125
vt 0.3921048670490303 0.44921875
vt 0.4042147272267195 0.44921875
vt 0.404296875 0.4684588596899557
vt 0.3921048670490303 0.46875
vt 0.6339847840333197 0.365234375
vt 0.654296875 0.365234375
vt 0.6540037925363958 0.3671875
vt 0.6339847840333197 0.36701635854244485
vt 0.1328125 0.359375
vt 0.1328125 0.33984375
vt 0.134765625 0.33984375
vt 0.134765625 0.359375
vt 0.6484375 0.466796875
vt 0.66015625 0.466796875
vt 0.66015625 0.46875
vt 0.6484375 0.46875
vt 0.509765625 0.3393660678514854
vt 0.509765625 0.3515625
vt 0.5078125 0.3514491031399565
vt 0.5080251947782805 0.33934458434782333
vt 0.25 0.4765625
vt 0.26171875 0.4765625
vt 0.26171875 0.5
vt 0.25 0.5
vt 0.279296875 0.9877745065794604
vt 0.279296875 0.9998832135166774
vt 0.25959178969399016 1
vt 0.2578125 0.9880302317762878
vt 0.1015625 0.3671875
vt 0.1015625 0.344530654412462
vt 0.1038700028910067 0.34663235024066474
vt 0.10312328124927475 0.3671875
vt 0.6328125 0.623046875
vt 0.65625 0.623046875
vt 0.65625 0.6237431425494897
vt 0.6331514865777487 0.625
vt 0.6484375 0.482421875
vt 0.66015625 0.482421875
vt 0.66015625 0.484375
vt 0.6484375 0.484375
vt 0.3859200193400116 0.3472914254224153
vt 0.38671875 0.359375
vt 0.3836003651000999 0.35925704178084594
vt 0.3836003651000999 0.3472614293576627
vt 0.640625 0.6640625
vt 0.640625 0.66015625
vt 0.650390625 0.66015625
vt 0.650390625 0.6640625
vt 0.33203125 0.359375
vt 0.328125 0.359375
vt 0.328125 0.349609375
vt 0.33203125 0.349609375
vt 0.556640625 0.3984375
vt 0.546875 0.3984375
vt 0.546875 0.388671875
vt 0.556640625 0.388671875
vt 0.501953125 0.388671875
vt 0.501953125 0.3984375
vt 0.4921875 0.3984375
vt 0.4921875 0.388671875
vt 0.64453125 0.6875
vt 0.640625 0.6875
vt 0.640625 0.677734375
vt 0.64453125 0.677734375
vt 0.640625 0.8125
vt 0.640625 0.80859375
vt 0.650390625 0.80859375
vt 0.650390625 0.8125
vt 0.015625 0.92578125
vt 0.015625 0.9453125
vt 0 0.9453125
vt 0 0.92578125
vt 0.0234375 0.875
vt 0.04296875 0.875
vt 0.04296875 0.890625
vt 0.0234375 0.890625
vt 0.609375 0.869140625
vt 0.625 0.869140625
vt 0.625 0.875
vt 0.609375 0.875
vt 0.609375 0.859375
vt 0.609375 0.84375
vt 0.615234375 0.84375
vt 0.615234375 0.859375
vt 0.59375 0.712890625
vt 0.61328125 0.712890625
vt 0.61328125 0.71875
vt 0.59375 0.71875
vt 0.302734375 0.38671875
vt 0.302734375 0.40625
vt 0.296875 0.40625
vt 0.296875 0.38671875
vt 0.39453125 0.9296875
vt 0.39453125 0.9375
vt 0.375 0.9375
vt 0.375 0.9296875
vt 0.515625 0.40234375
vt 0.5234375 0.40234375
vt 0.5234375 0.421875
vt 0.515625 0.421875
vt 0.5859375 0.48828125
vt 0.5859375 0.5078125
vt 0.578125 0.5078125
vt 0.578125 0.48828125
vt 0.33203125 0.7265625
vt 0.3125 0.7265625
vt 0.3125 0.71875
vt 0.33203125 0.71875
vt 0.1875 0.9375
vt 0.1875 0.9453125
vt 0.1796875 0.9453125
vt 0.1796875 0.9375
vt 0.15625 0.8125
vt 0.1640625 0.8125
vt 0.1640625 0.8203125
vt 0.15625 0.8203125
vt 0.59375 0.490234375
vt 0.59765625 0.490234375
vt 0.59765625 0.515625
vt 0.59375 0.515625
vt 0.619140625 0.57421875
vt 0.619140625 0.578125
vt 0.59375 0.578125
vt 0.59375 0.57421875
vt 0.1875 0.3671875
vt 0.1875 0.341796875
vt 0.189453125 0.341796875
vt 0.189453125 0.3671875
vt 0.6328125 0.841796875
vt 0.658203125 0.841796875
vt 0.658203125 0.84375
vt 0.6328125 0.84375
vt 0.0546875 0.333984375
vt 0.05859375 0.333984375
vt 0.05859375 0.3359375
vt 0.0546875 0.3359375
vt 0.666015625 0.98046875
vt 0.666015625 0.984375
vt 0.6640625 0.984375
vt 0.6640625 0.98046875
vt 0.265625 0.763671875
vt 0.3046875 0.763671875
vt 0.3046875 0.7890625
vt 0.265625 0.7890625
vt 0.212890625 0.6953125
vt 0.212890625 0.734375
vt 0.1875 0.734375
vt 0.1875 0.6953125
vt 0.2421875 0.3671875
vt 0.2421875 0.341796875
vt 0.244140625 0.341796875
vt 0.244140625 0.3671875
vt 0.6328125 0.748046875
vt 0.658203125 0.748046875
vt 0.658203125 0.75
vt 0.6328125 0.75
vt 0.6171875 0.412109375
vt 0.65625 0.412109375
vt 0.65625 0.4140625
vt 0.6171875 0.4140625
vt 0.603515625 0.34375
vt 0.603515625 0.3828125
vt 0.6015625 0.3828125
vt 0.6015625 0.34375
vt 0.1796875 0.568359375
vt 0.201171875 0.568359375
vt 0.201171875 0.59375
vt 0.1796875 0.59375
vt 0.431640625 0.892578125
vt 0.431640625 0.9140625
vt 0.40625 0.9140625
vt 0.40625 0.892578125
vt 0.3203125 0.4921875
vt 0.3203125 0.466796875
vt 0.330078125 0.466796875
vt 0.330078125 0.4921875
vt 0.5078125 0.966796875
vt 0.533203125 0.966796875
vt 0.533203125 0.9765625
vt 0.5078125 0.9765625
vt 0.21875 0.443359375
vt 0.240234375 0.443359375
vt 0.240234375 0.453125
vt 0.21875 0.453125
vt 0.423828125 0.431640625
vt 0.423828125 0.453125
vt 0.4140625 0.453125
vt 0.4140625 0.431640625
vt 0.2421875 0.560546875
vt 0.263671875 0.560546875
vt 0.263671875 0.5859375
vt 0.2421875 0.5859375
vt 0.330078125 0.572265625
vt 0.330078125 0.59375
vt 0.3046875 0.59375
vt 0.3046875 0.572265625
vt 0.533203125 0.890625
vt 0.5078125 0.890625
vt 0.5078125 0.880859375
vt 0.533203125 0.880859375
vt 0.501953125 0.466796875
vt 0.501953125 0.4921875
vt 0.4921875 0.4921875
vt 0.4921875 0.466796875
vt 0.330078125 0.431640625
vt 0.330078125 0.453125
vt 0.3203125 0.453125
vt 0.3203125 0.431640625
vt 0.546875 0.880859375
vt 0.568359375 0.880859375
vt 0.568359375 0.890625
vt 0.546875 0.890625
vt 0.265625 0.724609375
vt 0.3046875 0.724609375
vt 0.3046875 0.75
vt 0.265625 0.75
vt 0.251953125 0.6953125
vt 0.251953125 0.734375
vt 0.2265625 0.734375
vt 0.2265625 0.6953125
vt 0.658203125 0.875
vt 0.6328125 0.875
vt 0.6328125 0.873046875
vt 0.658203125 0.873046875
vt 0.119140625 0.341796875
vt 0.119140625 0.3671875
vt 0.1171875 0.3671875
vt 0.1171875 0.341796875
vt 0.626953125 0.9296875
vt 0.626953125 0.96875
vt 0.625 0.96875
vt 0.625 0.9296875
vt 0.6171875 0.380859375
vt 0.65625 0.380859375
vt 0.65625 0.3828125
vt 0.6171875 0.3828125
vt 0.0390625 0.373046875
vt 0.04296875 0.373046875
vt 0.04296875 0.3984375
vt 0.0390625 0.3984375
vt 0.626953125 0.90234375
vt 0.626953125 0.90625
vt 0.6015625 0.90625
vt 0.6015625 0.90234375
vt 0.658203125 0.796875
vt 0.6328125 0.796875
vt 0.6328125 0.794921875
vt 0.658203125 0.794921875
vt 0.228515625 0.341796875
vt 0.228515625 0.3671875
vt 0.2265625 0.3671875
vt 0.2265625 0.341796875
vt 0.017578125 0.33203125
vt 0.017578125 0.3359375
vt 0.015625 0.3359375
vt 0.015625 0.33203125
vt 0.6640625 0.951171875
vt 0.66796875 0.951171875
vt 0.66796875 0.953125
vt 0.6640625 0.953125
vt 0.03125 0.580078125
vt 0.044921875 0.580078125
vt 0.044921875 0.625
vt 0.03125 0.625
vt 0.419921875 0.947265625
vt 0.419921875 0.9609375
vt 0.375 0.9609375
vt 0.375 0.947265625
vt 0.466796875 0.7265625
vt 0.421875 0.7265625
vt 0.421875 0.716796875
vt 0.466796875 0.716796875
vt 0.166015625 0.533203125
vt 0.166015625 0.578125
vt 0.15625 0.578125
vt 0.15625 0.533203125
vt 0.587890625 0.400390625
vt 0.587890625 0.4140625
vt 0.578125 0.4140625
vt 0.578125 0.400390625
vt 0 0.396484375
vt 0.013671875 0.396484375
vt 0.013671875 0.40625
vt 0 0.40625
vt 0.2109375 0.4140625
vt 0.22265625 0.4140625
vt 0.22265625 0.4296875
vt 0.2109375 0.4296875
vt 0.5859375 0.71484375
vt 0.5859375 0.7265625
vt 0.5703125 0.7265625
vt 0.5703125 0.71484375
vt 0.4765625 0.875
vt 0.4609375 0.875
vt 0.4609375 0.8671875
vt 0.4765625 0.8671875
vt 0.6015625 0.8203125
vt 0.6015625 0.8359375
vt 0.59375 0.8359375
vt 0.59375 0.8203125
vt 0.453125 0.37890625
vt 0.453125 0.390625
vt 0.4453125 0.390625
vt 0.4453125 0.37890625
vt 0.609375 0.5546875
vt 0.62109375 0.5546875
vt 0.62109375 0.5625
vt 0.609375 0.5625
vt 0.1953125 0.603515625
vt 0.208984375 0.603515625
vt 0.208984375 0.6484375
vt 0.1953125 0.6484375
vt 0.099609375 0.611328125
vt 0.099609375 0.625
vt 0.0546875 0.625
vt 0.0546875 0.611328125
vt 0.466796875 0.640625
vt 0.421875 0.640625
vt 0.421875 0.630859375
vt 0.466796875 0.630859375
vt 0.142578125 0.533203125
vt 0.142578125 0.578125
vt 0.1328125 0.578125
vt 0.1328125 0.533203125
vt 0.447265625 0.400390625
vt 0.447265625 0.4140625
vt 0.4375 0.4140625
vt 0.4375 0.400390625
vt 0.1171875 0.396484375
vt 0.130859375 0.396484375
vt 0.130859375 0.40625
vt 0.1171875 0.40625
vt 0.296875 0.4140625
vt 0.30859375 0.4140625
vt 0.30859375 0.4296875
vt 0.296875 0.4296875
vt 0.359375 0.41796875
vt 0.359375 0.4296875
vt 0.34375 0.4296875
vt 0.34375 0.41796875
vt 0.203125 0.40625
vt 0.203125 0.390625
vt 0.2109375 0.390625
vt 0.2109375 0.40625
vt 0.59375 0.7265625
vt 0.609375 0.7265625
vt 0.609375 0.734375
vt 0.59375 0.734375
vt 0.609375 0.5078125
vt 0.62109375 0.5078125
vt 0.62109375 0.515625
vt 0.609375 0.515625
vt 0.6171875 0.48828125
vt 0.6171875 0.5
vt 0.609375 0.5
vt 0.609375 0.48828125
vt 0.546875 0.48046875
vt 0.564453125 0.48046875
vt 0.564453125 0.4921875
vt 0.546875 0.4921875
vt 0.15234375 0.427734375
vt 0.15234375 0.4453125
vt 0.140625 0.4453125
vt 0.140625 0.427734375
vt 0.09765625 0.6015625
vt 0.0859375 0.6015625
vt 0.0859375 0.5546875
vt 0.09765625 0.5546875
vt 0.4375 0.67578125
vt 0.4375 0.6875
vt 0.390625 0.6875
vt 0.390625 0.67578125
vt 0.3671875 0.935546875
vt 0.3671875 0.953125
vt 0.3203125 0.953125
vt 0.3203125 0.935546875
vt 0.0390625 0.6328125
vt 0.056640625 0.6328125
vt 0.056640625 0.6796875
vt 0.0390625 0.6796875
vt 0.5234375 0.5390625
vt 0.5546875 0.5390625
vt 0.5546875 0.546875
vt 0.5234375 0.546875
vt 0.0625 0.4453125
vt 0.0625 0.4765625
vt 0.0546875 0.4765625
vt 0.0546875 0.4453125
vt 0.1015625 0.546875
vt 0.09375 0.546875
vt 0.09375 0.5
vt 0.1015625 0.5
vt 0.2890625 0.9140625
vt 0.2890625 0.921875
vt 0.2421875 0.921875
vt 0.2421875 0.9140625
vt 0.046875 0.7734375
vt 0.046875 0.8046875
vt 0 0.8046875
vt 0 0.7734375
vt 0.125 0.7578125
vt 0.15625 0.7578125
vt 0.15625 0.8046875
vt 0.125 0.8046875
vt 0.21875 0.6171875
vt 0.23046875 0.6171875
vt 0.23046875 0.6875
vt 0.21875 0.6875
vt 0.3828125 0.73828125
vt 0.3828125 0.75
vt 0.3125 0.75
vt 0.3125 0.73828125
vt 0.125 0.9140625
vt 0.0546875 0.9140625
vt 0.0546875 0.8671875
vt 0.125 0.8671875
vt 0.1484375 0.9296875
vt 0.1484375 1
vt 0.1015625 1
vt 0.1015625 0.9296875
vt 0.453125 0.92578125
vt 0.453125 0.9375
vt 0.40625 0.9375
vt 0.40625 0.92578125
vt 0.40625 0.78125
vt 0.41796875 0.78125
vt 0.41796875 0.828125
vt 0.40625 0.828125
vt 0.2265625 0.744140625
vt 0.251953125 0.744140625
vt 0.251953125 0.7890625
vt 0.2265625 0.7890625
vt 0.271484375 0.802734375
vt 0.271484375 0.828125
vt 0.2265625 0.828125
vt 0.2265625 0.802734375
vt 0.521484375 0.6796875
vt 0.4765625 0.6796875
vt 0.4765625 0.671875
vt 0.521484375 0.671875
vt 0.171875 0.478515625
vt 0.171875 0.5234375
vt 0.1640625 0.5234375
vt 0.1640625 0.478515625
vt 0.5078125 0.427734375
vt 0.5078125 0.453125
vt 0.5 0.453125
vt 0.5 0.427734375
vt 0.5546875 0.6171875
vt 0.580078125 0.6171875
vt 0.580078125 0.625
vt 0.5546875 0.625
vt 0.0546875 0.728515625
vt 0.080078125 0.728515625
vt 0.080078125 0.7734375
vt 0.0546875 0.7734375
vt 0.208984375 0.748046875
vt 0.208984375 0.7734375
vt 0.1640625 0.7734375
vt 0.1640625 0.748046875
vt 0.1484375 0.5234375
vt 0.1484375 0.478515625
vt 0.15625 0.478515625
vt 0.15625 0.5234375
vt 0.4609375 0.921875
vt 0.505859375 0.921875
vt 0.505859375 0.9296875
vt 0.4609375 0.9296875
vt 0.53125 0.4375
vt 0.556640625 0.4375
vt 0.556640625 0.4453125
vt 0.53125 0.4453125
vt 0.5625 0.560546875
vt 0.5625 0.5859375
vt 0.5546875 0.5859375
vt 0.5546875 0.560546875
vt 0.4609375 0.51171875
vt 0.490234375 0.51171875
vt 0.490234375 0.5234375
vt 0.4609375 0.5234375
vt 0.03515625 0.486328125
vt 0.03515625 0.515625
vt 0.0234375 0.515625
vt 0.0234375 0.486328125
vt 0.28515625 0.546875
vt 0.2734375 0.546875
vt 0.2734375 0.515625
vt 0.28515625 0.515625
vt 0.484375 0.74609375
vt 0.484375 0.7578125
vt 0.453125 0.7578125
vt 0.453125 0.74609375
vt 0.296875 0.681640625
vt 0.296875 0.7109375
vt 0.265625 0.7109375
vt 0.265625 0.681640625
vt 0.2890625 0.8515625
vt 0.318359375 0.8515625
vt 0.318359375 0.8828125
vt 0.2890625 0.8828125
vt 0.484375 0.94140625
vt 0.513671875 0.94140625
vt 0.513671875 0.953125
vt 0.484375 0.953125
vt 0.05859375 0.486328125
vt 0.05859375 0.515625
vt 0.046875 0.515625
vt 0.046875 0.486328125
vt 0.4921875 0.9140625
vt 0.4921875 0.90234375
vt 0.51953125 0.90234375
vt 0.51953125 0.9140625
vt 0.2734375 0.48046875
vt 0.28515625 0.48046875
vt 0.28515625 0.5078125
vt 0.2734375 0.5078125
vt 0.2421875 0.64453125
vt 0.271484375 0.64453125
vt 0.271484375 0.671875
vt 0.2421875 0.671875
vt 0.35546875 0.861328125
vt 0.35546875 0.890625
vt 0.328125 0.890625
vt 0.328125 0.861328125
vt 0.4765625 0.65234375
vt 0.505859375 0.65234375
vt 0.505859375 0.6640625
vt 0.4765625 0.6640625
vt 0.48828125 0.611328125
vt 0.48828125 0.640625
vt 0.4765625 0.640625
vt 0.4765625 0.611328125
vt 0.35546875 0.5078125
vt 0.34375 0.5078125
vt 0.34375 0.48046875
vt 0.35546875 0.48046875
vt 0.51171875 0.53515625
vt 0.51171875 0.546875
vt 0.484375 0.546875
vt 0.484375 0.53515625
vt 0.35546875 0.970703125
vt 0.35546875 1
vt 0.328125 1
vt 0.328125 0.970703125
vt 0.3203125 0.81640625
vt 0.349609375 0.81640625
vt 0.349609375 0.84375
vt 0.3203125 0.84375
vt 0.625 0.48046875
vt 0.640625 0.48046875
vt 0.640625 0.484375
vt 0.625 0.484375
vt 0.51953125 0.359375
vt 0.51953125 0.375
vt 0.515625 0.375
vt 0.515625 0.359375
vt 0.578125 0.34375
vt 0.578125 0.33984375
vt 0.580078125 0.33984375
vt 0.580078125 0.34375
vt 0.6640625 0.998046875
vt 0.66796875 0.998046875
vt 0.66796875 1
vt 0.6640625 1
vt 0.296875 0.349609375
vt 0.3125 0.349609375
vt 0.3125 0.3515625
vt 0.296875 0.3515625
vt 0.650390625 0.71875
vt 0.650390625 0.734375
vt 0.6484375 0.734375
vt 0.6484375 0.71875
vt 0.4921875 0.37109375
vt 0.5078125 0.37109375
vt 0.5078125 0.375
vt 0.4921875 0.375
vt 0.62890625 0.5859375
vt 0.62890625 0.6015625
vt 0.625 0.6015625
vt 0.625 0.5859375
vt 0.56640625 0.34375
vt 0.5625 0.34375
vt 0.5625 0.341796875
vt 0.56640625 0.341796875
vt 0.658203125 0.43359375
vt 0.658203125 0.4375
vt 0.65625 0.4375
vt 0.65625 0.43359375
vt 0.001953125 0.3359375
vt 0.001953125 0.3515625
vt 0 0.3515625
vt 0 0.3359375
vt 0.6484375 0.857421875
vt 0.6640625 0.857421875
vt 0.6640625 0.859375
vt 0.6484375 0.859375
vt 0 0.56640625
vt 0.01171875 0.56640625
vt 0.01171875 0.6171875
vt 0 0.6171875
vt 0.42578125 0.76171875
vt 0.42578125 0.7734375
vt 0.375 0.7734375
vt 0.375 0.76171875
vt 0.0546875 0.3984375
vt 0.0546875 0.34765625
vt 0.056640625 0.34765625
vt 0.056640625 0.3984375
vt 0.6015625 0.888671875
vt 0.65234375 0.888671875
vt 0.65234375 0.890625
vt 0.6015625 0.890625
vt 0.2578125 0.341796875
vt 0.26953125 0.341796875
vt 0.26953125 0.34375
vt 0.2578125 0.34375
vt 0.658203125 0.69921875
vt 0.658203125 0.7109375
vt 0.65625 0.7109375
vt 0.65625 0.69921875
vt 0.21875 0.55859375
vt 0.23046875 0.55859375
vt 0.23046875 0.609375
vt 0.21875 0.609375
vt 0.44140625 0.73828125
vt 0.44140625 0.75
vt 0.390625 0.75
vt 0.390625 0.73828125
vt 0.65234375 0.921875
vt 0.6015625 0.921875
vt 0.6015625 0.919921875
vt 0.65234375 0.919921875
vt 0.025390625 0.34765625
vt 0.025390625 0.3984375
vt 0.0234375 0.3984375
vt 0.0234375 0.34765625
vt 0.650390625 0.33984375
vt 0.650390625 0.3515625
vt 0.6484375 0.3515625
vt 0.6484375 0.33984375
vt 0.6484375 0.396484375
vt 0.66015625 0.396484375
vt 0.66015625 0.3984375
vt 0.6484375 0.3984375
vn -0.3030890973512261 -0.5158894711159099 0.8012459376861553
vn 0.3429032501150799 0.3947117178213332 -0.8524200964753514
vn 0.1585659982532322 0.9642436034669802 0.21234664436003944
vn -0.013355587629771317 -0.894950848101716 -0.4459648055184206
vn 0.9556554097094395 -0.1426438218971006 0.2576343881698869
vn -0.9987683818146573 0.024136887239676254 -0.0433489349547373
vn -0.9434401967405293 -0.13648469126186494 0.302146527740011
vn 0.9772310241887722 0.16065549718053315 0.13859775102302044
vn -0.06964192087561047 0.8794860119060811 0.47080182425123607
vn -0.013354929611246413 -0.8949509232446331 -0.44596467442910503
vn 0.4401741796843064 -0.4057262482489591 0.8010199142475001
vn -0.4083187507228973 0.38086006389300414 -0.8295911098484056
vn -0.9767799314384049 -0.08369938592248617 0.1972191125002441
vn 0.9449166499909593 0.3195071725883502 -0.07104710574303243
vn 0.013356255788163282 0.894950473053356 0.4459655381449281
vn 0.319195617575244 -0.8133211244111099 -0.48643900574214516
vn 0.21382837971257318 -0.43824429668595943 0.8730517513021349
vn -0.21382837971258134 0.4382442966859583 -0.8730517513021334
vn -0.976779827467293 -0.03903209669966957 0.21066006759752381
vn 0.9771111657634333 0.007230549409463355 -0.2126064178139072
vn 0.11067358382844793 0.9693183173603345 0.21948429891975824
vn -0.013356311529774127 -0.9702620988956849 -0.24168795664836093
vn 0.27655720723282917 -0.23585798953190518 0.9316045941822881
vn -0.3331663023172781 -0.02408047480093472 -0.9425605262971677
vn -0.9434429708461239 -0.06784844106970055 0.32451802693448517
vn 0.929241972426337 -0.007949025206673345 -0.3693862066719256
vn 0.06198625665692383 0.9724703220129376 0.22463120172788908
vn -0.01335038277221065 -0.9702611640276173 -0.24169203722838836
vn 0.4241543243260665 -0.22438693878121102 0.8773503353050567
vn -0.4045962810332368 0.11814834350797215 -0.9068311961442418
vn -0.3601310493024155 -0.17614596486519252 0.916121294583884
vn 0.33214069321359213 0.12277300507029112 -0.9352055117125887
vn -0.10997610667110133 0.8930928195588107 0.43622296089724605
vn -0.013357463982985499 -0.9702632113129915 -0.24168342708705648
vn 0.9466920310641483 -0.09007578540868727 0.30929039946730635
vn -0.9979076725711219 0.03753756130965612 -0.052642269276793136
vn -0.3826834323650887 -0.8338800705567172 0.39774039086016755
vn 0.38704507020831874 0.8441670148326681 -0.3709153066347353
vn -1.6653345369377348e-15 0.43051109680829364 0.9025852843498614
vn 0.00440084104985039 -0.4208930478906126 -0.9070995947719327
vn 0.8563107247706883 -0.46615007942297104 0.22234218245006176
vn -0.9994244866600552 0.030617409948003216 -0.014603755419786313
vn -0.3826834323650906 -0.9238795325112866 -6.93889390390723e-17
vn 0.37791830735981674 0.9258389454771769 1.1796119636642288e-16
vn 6.661338147750941e-16 6.869504964868158e-16 1
vn -0.002460875569400445 -0.005941079174959058 -0.9999793236210782
vn 0.8400002841449717 -0.5425859587534191 1.1102230246251568e-16
vn -0.9999978116892994 -0.0020920364750267877 -1.6653345369377353e-16
vn -0.38268343236508995 -0.8338800705567163 -0.3977403908601687
vn 0.38645862674657694 0.8324604946859648 0.39706328790301043
vn 0.020479152168945695 0.4745189646171228 -0.8800070207362752
vn -0.008595997666656143 -0.44913344169485014 0.8934233377159193
vn -0.9999924175548685 0.003514852148990056 0.001676498476119948
vn 0.8364407680540559 -0.5065575169262149 -0.2092040238205016
vn -0.3826834323650896 0.04835211878726223 -0.9226133877210198
vn 0.3353424944137818 -0.11803076674969754 0.9346732849187577
vn -0.1029761278106616 0.9748062862468361 -0.1978601056170094
vn -0.004538313049098658 -0.9979858918902927 -0.06327371731299962
vn -0.999805737435456 0.0010315460670261847 -0.019683071504617015
vn 0.9119370758065503 0.2124198240449111 -0.35106778280287626
vn 0.9762960071199336 0.2164396139381025 3.3306690738754696e-16
vn -0.9762960071199335 -0.2164396139381027 -2.2204460492503136e-16
vn -0.2164396139381137 0.976296007119931 1.8041124150158799e-16
vn 0.216439613938104 -0.9762960071199333 -1.5265566588595905e-16
vn -7.216449660063519e-16 6.93889390390723e-18 -1
vn -1.2212453270876722e-15 -6.036837696399289e-16 1
vn 0.9929950341537226 0.10514059594269617 0.05391027017983037
vn -0.9773289465621104 -0.19049555409267832 -0.09240981594354115
vn -0.22932469971101463 0.8956303851881541 0.3811251700297056
vn 0.21685483774763692 -0.8575874300137356 -0.46638801359799387
vn 0.03475519306413078 0.4026341451919584 -0.9147009465834263
vn -0.023614953701942727 -0.4016112714138017 0.9155057185157529
vn 0.9773289465621104 0.1904955540926786 -0.09240981594354077
vn -0.9773289465621102 -0.1904955540926785 0.0924098159435418
vn -0.2115363381332784 0.8970331865749512 -0.3880513365939512
vn 0.21153633813328476 -0.8970331865749501 0.3880513365939503
vn -0.008972617285770784 -0.3988018380776518 -0.9169932312099853
vn 0.008972617285771535 0.3988018380776525 0.9169932312099851
vn 0.031184647025662766 0.00006519639138344303 -0.9995136384959015
vn 0.016893378016404174 0.4490494160577235 -0.8933472089380549
vn -0.019968108219770967 0.09008981145297935 0.9957334485325329
vn 0 0 0
vn -0.9999636020743778 0.00006196402653496635 0.008531745829237103
vn 0.3720269946945287 0.9205234275345633 0.11930018683378793
vn -0.17815966615133733 -0.27715624257310845 -0.9441628834897083
vn -0.2815014503760517 -0.3018335759883752 -0.9108531307747968
vn -0.08443138257864387 0.5537752146585658 -0.828374524756597
vn 0.21996304708613879 -0.447030295415698 0.8670525779311973
vn 0.6566641659912115 0.029349977198094547 -0.7536118045396704
vn -0.998738946449816 -0.01232701537932868 -0.048667869648770276
vn 0.0314605469411648 0.0720253513561502 0.9969065065231473
vn 0.0008631228870648047 0.3967999461132447 0.9179047106227357
vn -0.019968108219773243 0.020411503041457297 -0.9995922394645289
vn 0 0 0
vn -0.9999977581772538 -0.0020817917264775447 0.0003870189587595886
vn 0.3753232727676911 0.9103902479630653 -0.1741322409340033
vn -0.03146054694116446 0.0720253513561496 0.9969065065231474
vn -0.0008631228870647214 0.3967999461132459 0.9179047106227353
vn 0.019968108219771796 0.020411503041466328 -0.9995922394645288
vn 0 0 0
vn 0.9999977581772537 -0.0020817917264784325 0.00038701895875653536
vn -0.37532327276769084 0.9103902479630661 -0.17413224093400084
vn 0.1177448645595206 0.6805450111270014 0.7231836797799089
vn 0.083500485890969 0.9725685015225162 0.21711328541160138
vn 0.33652276618535626 0.5753520411168335 -0.7454679447311264
vn 0.14500692423054584 0.9522335928893708 0.268745560890216
vn 0 0 0
vn -0.9997969125628378 -0.020032830331839644 0.00219529923092926
vn 0.30308909735122613 -0.5158894711159095 0.8012459376861552
vn -0.3429032501150793 0.39471171782133346 -0.8524200964753516
vn -0.15856599825323262 0.9642436034669808 0.212346644360037
vn 0.01335558762977097 -0.8949508481017162 -0.4459648055184205
vn -0.9556554097094396 -0.14264382189709984 0.2576343881698867
vn 0.9987683818146573 0.02413688723967731 -0.04334893495473808
vn 0.9434401967405289 -0.1364846912618654 0.30214652774001116
vn -0.9772310241887723 0.16065549718053265 0.13859775102302088
vn 0.0696419208756045 0.8794860119060801 0.47080182425123873
vn 0.013354929611251029 -0.8949509232446343 -0.44596467442910226
vn -0.4401741796843061 -0.4057262482489584 0.8010199142475004
vn 0.4083187507228964 0.38086006389300453 -0.8295911098484058
vn 0.9767799314384049 -0.08369938592248613 0.1972191125002441
vn -0.9449166499909591 0.3195071725883502 -0.07104710574303198
vn -0.013356255788158931 0.8949504730533577 0.44596553814492534
vn -0.3191956175752444 -0.8133211244111093 -0.48643900574214605
vn -0.2138283797125727 -0.4382442966859589 0.8730517513021352
vn 0.21382837971258092 0.4382442966859592 -0.873051751302133
vn 0.9767798274672932 -0.039032096699665654 0.21066006759752312
vn -0.9771111657634332 0.007230549409458222 -0.21260641781390877
vn -0.1106735838284453 0.9693183173603346 0.2194842989197581
vn 0.013356311529775067 -0.9702620988956852 -0.2416879566483595
vn -0.27655720723282856 -0.2358579895319113 0.9316045941822869
vn 0.3331663023172734 -0.02408047480092093 -0.9425605262971698
vn 0.9434429708461246 -0.06784844106970052 0.3245180269344836
vn -0.9292419724263362 -0.007949025206675427 -0.36938620667192773
vn -0.06198625665692867 0.972470322012937 0.2246312017278906
vn 0.01335038277220692 -0.9702611640276163 -0.24169203722839308
vn -0.4241543243260666 -0.22438693878121316 0.8773503353050561
vn 0.4045962810332393 0.11814834350797179 -0.9068311961442408
vn 0.36013104930241496 -0.17614596486519488 0.9161212945838838
vn -0.33214069321359196 0.12277300507029192 -0.9352055117125887
vn 0.10997610667110219 0.8930928195588095 0.4362229608972485
vn 0.013357463982984128 -0.9702632113129903 -0.2416834270870617
vn -0.9466920310641487 -0.09007578540868644 0.3092903994673052
vn 0.9979076725711221 0.03753756130965428 -0.05264226927679251
vn 0.3826834323650886 -0.8338800705567173 0.3977403908601678
vn -0.3870450702083186 0.8441670148326684 -0.370915306634735
vn 1.3600232051658168e-15 0.4305110968082948 0.9025852843498607
vn -0.004400841049849614 -0.4208930478906144 -0.907099594771932
vn -0.8563107247706889 -0.4661500794229706 0.22234218245006057
vn 0.9994244866600555 0.030617409948002 -0.014603755419786705
vn 0.38268343236509006 -0.9238795325112866 5.551115123125783e-17
vn -0.37791830735981724 0.9258389454771769 2.2204460492503136e-16
vn 4.996003610813205e-16 -3.677613769070832e-16 1
vn 0.0024608755694010003 -0.0059410791749618126 -0.9999793236210782
vn -0.840000284144971 -0.54258595875342 2.498001805406602e-16
vn 0.9999978116892992 -0.002092036475027204 1.6653345369377353e-16
vn 0.3826834323650891 -0.8338800705567165 -0.397740390860169
vn -0.3869575363868434 0.8322716663060831 0.396973221385928
vn -0.02047915216894503 0.4745189646171214 -0.880007020736276
vn 0.008577691837899972 -0.449094014886212 0.8934433328399274
vn 0.9999590066889482 0.008172506873439457 0.0038980858194379584
vn -0.8364407680540553 -0.5065575169262158 -0.20920402382050143
vn 0.3826834323650896 0.04835211878726232 -0.9226133877210198
vn -0.33534249441378133 -0.1180307667496974 0.934673284918758
vn 0.10297612781066198 0.9748062862468362 -0.197860105617008
vn 0.004538313049096826 -0.9979858918902929 -0.06327371731299813
vn 0.999805737435456 0.0010315460670264067 -0.01968307150461796
vn -0.9119370758065501 0.21241982404491122 -0.35106778280287654
vn -0.9762960071199335 0.21643961393810218 1.6653345369377348e-16
vn 0.9762960071199335 -0.21643961393810296 -5.551115123125784e-16
vn 0.21643961393811237 0.9762960071199314 3.434752482434079e-16
vn -0.21643961393810368 -0.9762960071199333 -3.937822290467352e-16
vn -1.1102230246251565e-15 1.3877787807814457e-17 -1
vn 3.3306690738754706e-16 2.775557561562892e-16 1
vn -0.9929950341537225 0.10514059594269638 0.053910270179830924
vn 0.9773289465621102 -0.1904955540926786 -0.09240981594354127
vn 0.22932469971101482 0.8956303851881536 0.3811251700297064
vn -0.2168548377476412 -0.857587430013734 -0.4663880135979945
vn -0.0347551930641315 0.4026341451919584 -0.9147009465834263
vn 0.023614953701943175 -0.40161127141380126 0.9155057185157531
vn -0.9773289465621106 0.19049555409267824 -0.09240981594354071
vn 0.9773289465621104 -0.19049555409267854 0.09240981594354054
vn 0.21153633813328315 0.8970331865749503 -0.3880513365939511
vn -0.21153633813328523 -0.8970331865749502 0.38805133659395
vn 0.008972617285765733 -0.39880183807764946 -0.9169932312099863
vn -0.008972617285769676 0.3988018380776511 0.9169932312099858
vn -0.031184647025663155 0.00006519639138285323 -0.9995136384959014
vn -0.016893378016404007 0.4490494160577237 -0.8933472089380546
vn 0.01996810821977219 0.09008981145297391 0.9957334485325333
vn 0 0 0
vn 0.999963602074378 0.00006196402653521617 0.008531745829236272
vn -0.3720269946945278 0.9205234275345638 0.11930018683378718
vn 0.17815966615133746 -0.2771562425731079 -0.9441628834897084
vn 0.28167671075828515 -0.3009631238655639 -0.9110869490281785
vn 0.08434870513549113 0.5541981866914246 -0.8281000336975618
vn -0.21996304708613845 -0.4470302954156964 0.8670525779311982
vn -0.6566641659912086 0.02934997719809363 -0.7536118045396728
vn 0.9989620589942351 -0.007707734110759036 -0.0448931567711215
vn -0.11774486455952007 0.6805450111270019 0.7231836797799084
vn -0.083500485890969 0.9725685015225168 0.21711328541159922
vn -0.33652276618535637 0.5753520411168331 -0.7454679447311267
vn -0.1450069242305451 0.9522335928893703 0.2687455608902187
vn 0 0 0
vn 0.9997969125628376 -0.020032830331840227 0.002195299230929704
vn 1 -2.220446049250313e-16 5.551115123125783e-17
vn -1 1.942890293094024e-16 5.551115123125783e-17
vn -3.3306690738754696e-16 0.9824503977255092 0.18652403600873738
vn 3.1918911957973255e-16 -0.9824503977255094 -0.18652403600873724
vn -3.885780586188049e-16 -0.18652403600873493 0.9824503977255098
vn 3.3306690738754696e-16 0.18652403600873474 -0.9824503977255097
vn 0.7071067811865478 0.6272113751262521 0.32650557562197224
vn -0.675606991463659 -0.653959342656506 -0.34042968618746244
vn -0.7071067811865478 0.6272113751262526 0.32650557562197174
vn 0.6756045432627207 -0.6539613326279604 -0.34043072210103614
vn 2.220446049250313e-16 -0.46174861323503413 0.8870108331782216
vn -0.23961430329148292 0.45784250018366845 -0.8561338859569251
vn 0.3826834323650903 -0.1125925920126047 0.9169930745742613
vn -0.4220300049237423 0.11048453642873349 -0.8998243396097896
vn -0.92387953251129 -0.046637378634360384 0.3798309680908548
vn 0.9238795325112856 0.046637378634362174 -0.3798309680908652
vn -0.11823009958462818 -0.9903535525380479 -0.07225984035048147
vn -2.234323837058128e-15 0.9925461516413229 0.12186934340514205
vn 0.4220300049237422 0.1104845364287335 -0.8998243396097896
vn -0.38268343236509 -0.11259259201260445 0.9169930745742615
vn 0.9238795325112847 -0.046637378634361924 0.37983096809086697
vn -0.9238795325112862 0.04663737863436141 -0.3798309680908638
vn 0.11823009958464084 -0.9903535525380444 -0.07225984035050866
vn -9.43689570931383e-15 0.9925461516413192 0.12186934340517068
vn 0.959629540451766 0.24643262774720429 -0.1355806220443789
vn -0.9588916528757694 -0.25000031886679014 0.13426331819107704
vn -0.10435044557326902 0.7506312827023468 0.6524290474352671
vn 0.10435044557326671 -0.7506312827023471 -0.6524290474352669
vn 0.2884603189873311 -0.6049673347823364 0.7421624944822284
vn -0.033480053291473036 0.6529873395900566 -0.756628455958868
vn 0.9294334504684328 -0.08368033344065695 -0.3593759354013616
vn -0.9294334504684336 0.08368033344065633 0.3593759354013603
vn -0.36863756896391514 -0.253122283713216 -0.89444700918287
vn 0.3686375689639135 0.25312228371321654 0.8944470091828706
vn -0.15374090194186213 0.965563095241885 -0.20988483550988965
vn 0.15374090194186096 -0.965563095241885 0.20988483550989057
vn -0.959629540451766 0.2464326277472038 -0.13558062204437873
vn 0.9588916528757695 -0.25000031886678964 0.1342633181910771
vn 0.10435044557326877 0.7506312827023462 0.6524290474352676
vn -0.10435044557326319 -0.7506312827023481 -0.6524290474352665
vn -0.28846031898733093 -0.6049673347823369 0.7421624944822282
vn 0.03348005329147575 0.6529873395900565 -0.7566284559588677
vn -0.9294334504684335 -0.08368033344065619 -0.35937593540136037
vn 0.9294334504684335 0.08368033344065577 0.3593759354013605
vn 0.3686375689639142 -0.2531222837132157 -0.8944470091828705
vn -0.3686375689639158 0.25312228371321577 0.8944470091828697
vn 0.1537409019418603 0.9655630952418852 -0.20988483550989032
vn -0.15374090194185844 -0.9655630952418853 0.20988483550989098
vn -0.35168951292127076 0.11991933697916422 -0.9284039202414418
vn -0.9653154000186203 -0.042423216893571876 -0.25761686504437614
vn 0.35168951292127104 0.11991933697916636 -0.9284039202414412
vn 0.9653154000186202 -0.04242321689357315 -0.25761686504437603
vn -0.25875743059197964 0.12433203745735753 -0.9579071649043759
vn 0.40782829018132427 -0.12412306301505896 0.9045825285486877
vn 0.4042190127067199 0.4971873847805017 0.7677315248063806
vn -0.25846464036354927 -0.9646019397713669 -0.05233667424529076
vn -0.9997950325425243 0.005648800235824067 -0.01944180956569814
vn 0.9474012417406799 -0.08721242255818622 -0.30793648776939453
vn -0.0022369609986193917 -0.5118412580439508 -0.8590771342373609
vn 0.8769956867958251 -0.4011500070305663 0.2644943046662745
vn -0.9925918107325556 -0.08523974643123645 -0.08657761197333304
vn -0.9202635940498772 0.333490292060553 -0.20469280047859495
vn 0.18052489641465386 -0.9834902287119359 0.012559132240038493
vn -0.03936887659974425 -0.9203887320159458 0.3890175748386615
vn -0.7481937175339611 0.22076458522267461 -0.6256749627036162
vn 0.9886978260986871 0.01112703387337588 -0.14950852077694832
vn -0.9999946264120108 0.0029651442992797436 0.0013982368854510987
vn -0.002944217663887764 -0.6359330938717433 -0.7717385773052041
vn 0.7987893165676139 0.5500698490627788 -0.24363659185248912
vn -0.9999999999827035 -0.00000451925945368914 0.0000037642127431736236
vn 0.9999999999977949 -0.000001594941377525139 0.000001366209079201042
vn 0.0000063950858772005015 0.6427860130140155 0.7660457828567747
vn -0.000008577134634868424 0.7660422943587463 -0.642790170413348
vn -0.7809838554870586 -0.05165398134485154 0.6224115067058087
vn 0.8624564471711651 -0.051484484587542165 0.5035059330133526
vn 0.9813502416455524 0.012044081162037038 0.191850575529964
vn 0.9780774202248766 0.1296380202388964 0.1629679224718463
vn -0.6060407158214073 0.35270845025095 -0.7129596060705331
vn -0.000001235501451438137 -0.6427860130034199 -0.766045782891363
vn -0.000011253326946458754 -0.7660445565919553 0.6427874743561806
vn -0.5266974547775076 0.540831351466246 0.6558134188944973
vn -0.0012753741191696146 -0.7072406963810491 0.7069716902417696
vn -0.9825158327705512 -0.1803752846760157 0.04612369275369146
vn 0.33759259153242516 0.7204983660574604 0.6057337258655416
vn 0.9682094078706764 0.24770622797360986 0.03481619068479886
vn 0.023984052509086813 -0.9996975107991333 -0.0054453766865543715
vn 0.890958435054991 0.44882803791124004 0.0688945526809497
vn 0.8978664416336865 0.18721668692598858 0.39847931580512225
vn 0.9986120452041647 -0.05157411287001087 0.010681481864754488
vn 0.9183566641753795 0.39440402738756886 0.03265731993191113
vn -0.8396071004700109 -0.08737132779158609 -0.5361214115480526
vn 0.8065214405974754 0.14953049158332235 -0.571982340587035
vn -0.004367479309814932 -0.9999738797163626 -0.005758906969548027
vn -0.004369345020701022 -0.9999738833507796 -0.005756860294619325
vn 0.2587574305919797 0.12433203745735738 -0.957907164904376
vn -0.4078282901813237 -0.12412306301505874 0.9045825285486881
vn -0.40421901270672 0.4971873847805057 0.7677315248063779
vn 0.25846464036354677 -0.9646019397713678 -0.052336674245285486
vn 0.9997950325425242 0.005648800235823676 -0.019441809565696914
vn -0.9474012417406831 -0.0872124225581861 -0.30793648776938487
vn 0.0022369609986242493 -0.511841258043952 -0.8590771342373603
vn -0.8769956867958257 -0.401150007030565 0.2644943046662738
vn 0.9925918107325558 -0.08523974643123652 -0.08657761197333326
vn 0.9202635940498782 0.33349029206055086 -0.20469280047859414
vn -0.18052489641465871 -0.983490228711935 0.012559132240038334
vn 0.03936887659974253 -0.9203887320159453 0.3890175748386628
vn 0.7481937175339604 0.22076458522267478 -0.6256749627036172
vn -0.9886978260986871 0.011127033873371108 -0.14950852077694907
vn 0.9999946264120106 0.0029651442992786057 0.0013982368854518758
vn 0.002944217663894133 -0.6359330938717441 -0.7717385773052031
vn -0.7987893165676133 0.5500698490627791 -0.24363659185249012
vn 0.9999999999827035 -0.000004519259453522607 0.000003764212743673224
vn -0.999999999997795 -0.0000015949413788296513 0.0000013662090799781985
vn -0.000006395085876492736 0.6427860130140128 0.766045782856777
vn 0.000008577134637810513 0.7660422943587459 -0.6427901704133482
vn 0.7809838554870585 -0.05165398134485184 0.6224115067058089
vn -0.862456447171165 -0.05148448458754251 0.5035059330133523
vn -0.9813502416455522 0.0120440811620382 0.1918505755299647
vn -0.9780774202248766 0.12963802023889684 0.16296792247184572
vn 0.6060407158214093 0.35270845025094755 -0.7129596060705324
vn 0.0000012355014520487597 -0.6427860130034172 -0.766045782891365
vn 0.00001125332694723591 -0.7660445565919556 0.6427874743561802
vn 0.5266974547775085 0.540831351466245 0.6558134188944974
vn 0.0012753741191727792 -0.7072406963810489 0.7069716902417702
vn 0.982515832770551 -0.18037528467601585 0.04612369275369189
vn -0.33759259153242216 0.7204983660574615 0.6057337258655419
vn -0.9682094078706762 0.24770622797361108 0.034816190684798916
vn -0.023984052509087313 -0.9996975107991333 -0.005445376686547238
vn -0.8909584350549916 0.448828037911239 0.0688945526809497
vn -0.8978664416336869 0.18721668692598883 0.3984793158051211
vn -0.9986120452041647 -0.05157411287001064 0.010681481864755095
vn -0.9183566641753794 0.3944040273875693 0.03265731993191213
vn 0.8396071004700117 -0.08737132779158692 -0.536121411548051
vn -0.806521440597476 0.14953049158332232 -0.5719823405870343
vn 0.0043674793098197615 -0.9999738797163626 -0.005758906969546702
vn 0.004369345020703742 -0.9999738833507796 -0.005756860294620214
vn 0.9475137150166347 -0.23959245788716355 0.21169131767496588
vn -0.7507265449054085 0.651355818489935 -0.11020550119524405
vn 0.20074431927977432 0.9608055015256691 0.1911923285984759
vn -0.6227403787402823 -0.7127953084015541 -0.32267207658417435
vn 0.003818094714251764 -0.016317232393483688 0.9998595751803202
vn 0.22981193786533105 0.0981723978035421 -0.9682709607976915
vn 0.7567229198457822 -0.5984057145243853 -0.2632128860915324
vn -0.9678021531797257 0.17752685270824428 0.1784466555253761
vn 0.6300920590168996 0.7752168039861728 0.04497670487383549
vn -0.2194824063674652 -0.9472935517194503 -0.23337180670744326
vn 0.17713283697886237 -0.19988336775055995 0.9636755664436629
vn -0.18691627904038063 0.17438614322255389 -0.9667739020482822
vn -0.9475137150166352 -0.23959245788716313 0.21169131767496496
vn 0.7507265449054091 0.6513558184899338 -0.11020550119524586
vn -0.20074431927977174 0.9608055015256698 0.19119232859847557
vn 0.6227403787402978 -0.7127953084015362 -0.3226720765841842
vn -0.003818094714232668 -0.016317232393471073 0.9998595751803203
vn -0.22981193786533216 0.09817239780354133 -0.9682709607976914
vn -0.3980753584162058 0.06023163044911507 -0.9153732351971249
vn 0.3905433711364193 -0.06208479974715843 0.9184886242636631
vn -0.19930325234585677 0.9749611684804459 0.09863535653916078
vn 0.180492061682647 -0.9731948981535893 -0.14252826343351235
vn -0.8994212720918728 -0.2219545919805785 0.3765335767330349
vn 0.9489555743508412 0.22967123093740516 -0.21618150611965528
vn -0.361694359437755 0.11218420146372386 -0.9255224985341302
vn 0.3278491063855362 -0.11482610292009494 0.9377259351912952
vn -0.04814172746921562 0.9952473596185534 0.08464672024702317
vn 0.029834565121264665 -0.9908325923131782 -0.1317599056389022
vn -0.9318192362657792 -0.07526937592335449 0.355031592922614
vn 0.9212156925897674 0.11648781856095727 0.3712037659470398
vn -0.7567229198457823 -0.5984057145243854 -0.263212886091532
vn 0.9678021531797256 0.17752685270824503 0.1784466555253762
vn -0.6300920590169112 0.7752168039861634 0.044976704873829966
vn 0.21948240636746386 -0.9472935517194511 -0.23337180670744168
vn -0.1771328369788709 -0.19988336775055948 0.9636755664436613
vn 0.18691627904039 0.17438614322256268 -0.966773902048279
vn 0.3980753584162049 0.060231630449116315 -0.9153732351971251
vn -0.3905433711364189 -0.062084799747159504 0.9184886242636632
vn 0.1993032523458591 0.9749611684804458 0.09863535653915853
vn -0.18049206168264814 -0.9731948981535888 -0.14252826343351332
vn 0.8994212720918683 -0.22195459198058004 0.3765335767330449
vn -0.9489555743508393 0.22967123093740585 -0.21618150611966222
vn 0.3616943594377551 0.11218420146372488 -0.9255224985341299
vn -0.327849106385536 -0.11482610292009549 0.9377259351912953
vn 0.048141727469215675 0.995247359618554 0.08464672024701685
vn -0.029834565121264763 -0.9908325923131781 -0.13175990563890327
vn 0.9318192362657786 -0.07526937592335393 0.355031592922616
vn -0.9212156925897672 0.11648781856095719 0.3712037659470403
vn 0.7933533402912359 0.5880183863281614 0.15755905175128318
vn -0.7933533402912359 -0.5880183863281597 -0.1575590517512895
vn -7.771561172376098e-16 0.2588190451025216 -0.9659258262890681
vn 1.110223024625157e-16 -0.2588190451025223 0.9659258262890681
vn -0.6087614290087212 0.7663204807600031 0.20533495396307394
vn 0.6087614290087188 -0.7663204807600049 -0.20533495396307386
vn 9.436895709313833e-16 -0.4771587602596079 0.8788171126619657
vn -8.881784197001254e-16 0.4771587602596091 -0.878817112661965
vn -1.2581217534793354e-15 0.8788171126619696 0.47715876025960063
vn 1.320666666304593e-15 -0.8788171126619672 -0.47715876025960513
vn -1 -2.775557561562892e-16 -9.436895709313833e-16
vn 1 -7.494005416219807e-16 3.3306690738754696e-16
vn 9.43689570931383e-16 -0.1478094111296112 0.9890158633619167
vn 4.996003610813205e-16 0.14780941112961157 -0.9890158633619167
vn 9.99200722162641e-16 0.9890158633619175 0.14780941112960677
vn -9.992007221626413e-16 -0.9890158633619174 -0.14780941112960802
vn -1 5.273559366969495e-16 4.440892098500627e-16
vn 1 -4.440892098500626e-16 -9.43689570931383e-16
vn 0.9588197348681944 -0.28401534470391815 -3.3306690738754706e-16
vn -0.9588197348681943 0.2840153447039189 -2.775557561562892e-16
vn 0.28401534470394474 0.9588197348681865 3.677613769070831e-16
vn -0.2840153447038756 -0.958819734868207 9.436895709313833e-16
vn 2.6145752229922443e-14 -2.70616862252382e-15 1
vn 5.7731597280508156e-15 -1.4918621893400545e-15 -1
vn 0.3826834323650893 -0.923879532511287 9.71445146547012e-16
vn -0.3826834323650905 0.9238795325112866 8.049116928532387e-16
vn 0.9238795325112859 0.382683432365092 -3.3306690738754706e-16
vn -0.9238795325112859 -0.3826834323650922 5.551115123125784e-17
vn 2.4980018054066022e-15 -7.507883204027621e-15 1
vn -1.3933298959045721e-14 3.637368184428171e-14 -1
vn 0.9762960071199335 -0.21643961393810313 2.2204460492503136e-16
vn -0.9762960071199334 0.2164396139381028 -1.6653345369377348e-16
vn 0.2164396139381045 0.9762960071199331 -1.1067535776732031e-15
vn -0.2164396139381037 -0.9762960071199334 -7.719519468096794e-16
vn -3.885780586188048e-16 -5.134781488891349e-16 1
vn 2.775557561562892e-16 -1.0408340855860845e-16 -1
vn 0.9762960071199334 0.2164396139381027 -2.7755575615628914e-16
vn -0.9762960071199335 -0.21643961393810277 1.6653345369377353e-16
vn -0.21643961393810623 0.9762960071199328 -1.1379786002407857e-15
vn 0.21643961393810596 -0.9762960071199328 9.99200722162641e-16
vn -3.3306690738754706e-16 -1.179611963664229e-16 1
vn 1.8873791418627665e-15 -6.453171330633723e-16 -1
vn 0.38268343236509034 0.9238795325112866 7.077671781985375e-16
vn -0.3826834323650914 -0.9238795325112862 1.1518563880486001e-15
vn -0.923879532511286 0.3826834323650923 0
vn 0.923879532511289 -0.38268343236508495 -4.440892098500627e-16
vn 1.304512053934559e-14 3.2612801348363973e-14 1
vn -1.998401444325282e-15 -3.663735981263017e-15 -1
vn 0.9588197348681924 0.2840153447039255 -1.6653345369377353e-16
vn -0.958819734868192 -0.2840153447039264 -4.440892098500627e-16
vn -0.28401534470395645 0.9588197348681832 -1.1934897514720435e-15
vn 0.2840153447038825 -0.958819734868205 -1.1102230246251567e-15
vn -2.270406085358445e-14 -9.228728892196614e-15 1
vn -6.16173778666962e-15 -4.878042414446782e-15 -1
vn 1 3.885780586188049e-16 5.551115123125784e-17
vn -1 -3.6082248300317597e-16 -5.551115123125784e-17
vn 3.053113317719181e-16 1 -1.5959455978986628e-16
vn -5.273559366969495e-16 -1 9.020562075079399e-17
vn 1.1102230246251568e-16 -4.163336342344338e-16 1
vn -1.1102230246251568e-16 4.2327252813834103e-16 -1
vn 0.9975640570538971 -0.004866792928028414 0.06958639522755357
vn -0.9975640570538971 0.004866792928027276 -0.06958639522755249
vn 0.032210678828285634 0.9169814232113237 -0.39762739047348894
vn -0.0322106788282903 -0.916981423211323 0.39762739047349005
vn -0.06187426155995808 0.3989002178639816 0.9149044714856728
vn 0.06187426155995862 -0.3989002178639799 -0.9149044714856733
vn 1 -8.326672684688677e-17 -2.2204460492503136e-16
vn -1 -3.885780586188048e-16 1.1102230246251565e-16
vn 1.942890293094024e-16 1 -1.942890293094024e-16
vn -2.498001805406602e-16 -1 -6.938893903907228e-18
vn 5.551115123125784e-17 -6.453171330633723e-16 1
vn -2.775557561562892e-16 6.245004513516507e-16 -1
vn 0.9975640570538971 0.004866792928028275 -0.06958639522755213
vn -0.9975640570538971 -0.00486679292802747 0.06958639522755268
vn -0.03221067882828744 0.9169814232113231 -0.39762739047349
vn 0.03221067882828938 -0.9169814232113233 0.39762739047348983
vn 0.06187426155995966 0.39890021786398155 0.9149044714856726
vn -0.06187426155996177 -0.39890021786397994 -0.9149044714856732
vn 1 -1.1102230246251565e-16 5.551115123125783e-17
vn -1 -4.996003610813205e-16 -8.326672684688676e-16
vn 2.081668171172169e-16 0.9816271834476639 0.19080899537654583
vn -1.6653345369377356e-16 -0.9816271834476644 -0.19080899537654353
vn 5.551115123125784e-17 -0.1908089953765436 0.9816271834476642
vn -1.6653345369377353e-16 0.190808995376544 -0.9816271834476643
vn 1 -2.4980018054066027e-16 -7.216449660063519e-16
vn -1 4.163336342344338e-16 7.216449660063519e-16
vn 2.2204460492503136e-16 1 -1.297573160030652e-15
vn -2.775557561562892e-16 -1 1.2212453270876724e-15
vn 1.1102230246251565e-16 9.71445146547012e-17 1
vn -1.1102230246251565e-16 -9.71445146547012e-17 -1
vn 1 1.1102230246251568e-16 5.551115123125784e-17
vn -1 -1.1102230246251565e-16 5.551115123125783e-17
vn 1.387778780781446e-16 1 4.163336342344338e-17
vn -1.1102230246251568e-16 -1 9.020562075079399e-17
vn -3.3306690738754696e-16 -1.1587952819525071e-15 1
vn -1.1102230246251568e-16 9.506284648352905e-16 -1
vn 0.9998476951563913 0.01745240643728394 5.551115123125784e-17
vn -0.9998476951563913 -0.0174524064372833 5.551115123125784e-17
vn -0.01745240643728771 0.9998476951563912 0
vn 0.017452406437287047 -0.9998476951563913 -3.469446951953615e-17
vn -8.881784197001254e-16 2.081668171172169e-17 1
vn 1.054711873393899e-15 5.13478148889135e-16 -1
vn 0.9998476951563913 -0.01745240643728341 -1.1102230246251568e-16
vn -0.9998476951563913 0.017452406437283578 1.1102230246251568e-16
vn 0.01745240643728394 0.9998476951563914 2.1510571102112413e-16
vn -0.017452406437283633 -0.9998476951563913 -1.9428902930940244e-16
vn 4.996003610813204e-16 2.0816681711721685e-17 1
vn -6.661338147750939e-16 5.065392549852277e-16 -1
vn 1 -4.718447854656916e-16 0
vn -1 -1.6653345369377353e-16 4.440892098500627e-16
vn 2.7755575615628914e-17 0.9238795325112873 0.38268343236508867
vn -2.0816681711721685e-17 -0.9238795325112863 -0.382683432365091
vn 0 -0.38268343236508934 0.923879532511287
vn 1.1102230246251568e-16 0.3826834323650893 -0.9238795325112871
vn 0.90630778703665 0.1617290069830993 -0.3904483620877299
vn -0.9063077870366496 -0.1617290069830987 0.39044836208773115
vn -1.089406342913435e-15 0.9238795325112876 0.38268343236508806
vn -2.1510571102112408e-16 -0.9238795325112855 -0.3826834323650928
vn 0.422618261740699 -0.34682897472239377 0.8373192145987595
vn -0.42261826174070016 0.3468289747223943 -0.8373192145987586
vn 0.9063077870366499 -0.16172900698309892 0.39044836208773015
vn -0.9063077870366498 0.16172900698309886 -0.39044836208773037
vn 8.118505867571459e-16 0.923879532511288 0.3826834323650873
vn -6.106226635438362e-16 -0.9238795325112868 -0.38268343236509006
vn -0.42261826174069955 -0.34682897472239366 0.8373192145987594
vn 0.42261826174069955 0.34682897472239443 -0.8373192145987589
vn 0.9063077870366493 0.1617290069830981 -0.3904483620877318
vn -0.9063077870366494 -0.16172900698309922 0.3904483620877315
vn -8.965050923848139e-15 0.9238795325112847 0.38268343236509494
vn -6.9527716917150444e-15 -0.9238795325112877 -0.3826834323650878
vn 0.42261826174069744 -0.346828974722394 0.8373192145987601
vn -0.42261826174069744 0.34682897472239443 -0.8373192145987599
vn 0.9063077870366488 -0.16172900698309972 0.39044836208773226
vn -0.9063077870366498 0.16172900698309853 -0.3904483620877307
vn 3.5436931167254215e-14 0.9238795325112799 0.3826834323651066
vn -1.8166024240429124e-14 -0.923879532511283 -0.3826834323650992
vn -0.4226182617407063 -0.34682897472239244 0.8373192145987564
vn 0.4226182617407057 0.34682897472239105 -0.837319214598757
vn 0.7560604203327047 -0.6543608571382755 -0.01358342562079579
vn -0.7560604203327044 0.6543608571382757 0.01358342562079529
vn 0.6544905939563519 0.7560061932129772 0.009833526645339654
vn -0.6544905939563773 -0.7560061932129551 -0.009833526645340292
vn 0.003834478970030364 -0.016324964591344075 0.9998593862649486
vn -0.0038344789700390245 0.016324964591349602 -0.9998593862649486
vn 0.7560604203327046 0.6543608571382754 0.013583425620795512
vn -0.7560604203327042 -0.654360857138276 -0.013583425620795234
vn -0.6544905939563677 0.7560061932129635 0.009833526645339626
vn 0.6544905939563728 -0.7560061932129589 -0.009833526645340124
vn -0.003834478970041356 -0.016324964591352093 0.9998593862649485
vn 0.003834478970025812 0.016324964591339773 -0.9998593862649487
usemtl m_0f7f5d56-9ebd-e5fa-1aba-edddf86d0ba2
f 2/1/1 3/2/1 5/3/1 4/4/1
f 7/5/2 6/6/2 8/7/2 9/8/2
f 7/9/3 3/10/3 2/11/3 6/12/3
f 8/13/4 4/14/4 5/15/4 9/16/4
f 6/17/5 2/18/5 4/19/5 8/20/5
f 3/21/6 7/22/6 9/23/6 5/24/6
f 10/25/7 11/26/7 13/27/7 12/28/7
f 15/29/8 14/30/8 16/31/8 17/32/8
f 15/33/9 11/34/9 10/35/9 14/36/9
f 16/37/10 12/38/10 13/39/10 17/40/10
f 14/41/11 10/42/11 12/43/11 16/44/11
f 11/45/12 15/46/12 17/47/12 13/48/12
f 18/49/13 19/50/13 21/51/13 20/52/13
f 23/53/14 22/54/14 24/55/14 25/56/14
f 23/57/15 19/58/15 18/59/15 22/60/15
f 24/61/16 20/62/16 21/63/16 25/64/16
f 22/65/17 18/66/17 20/67/17 24/68/17
f 19/69/18 23/70/18 25/71/18 21/72/18
f 26/73/19 27/74/19 29/75/19 28/76/19
f 31/77/20 30/78/20 32/79/20 33/80/20
f 31/81/21 27/82/21 26/83/21 30/84/21
f 32/85/22 28/86/22 29/87/22 33/88/22
f 30/89/23 26/90/23 28/91/23 32/92/23
f 27/93/24 31/94/24 33/95/24 29/96/24
f 34/97/25 35/98/25 37/99/25 36/100/25
f 39/101/26 38/102/26 40/103/26 41/104/26
f 39/105/27 35/106/27 34/107/27 38/108/27
f 40/109/28 36/110/28 37/111/28 41/112/28
f 38/113/29 34/114/29 36/115/29 40/116/29
f 35/117/30 39/118/30 41/119/30 37/120/30
f 42/121/31 1/122/31 44/123/31 43/124/31
f 46/125/32 45/126/32 47/127/32 48/128/32
f 46/129/33 1/130/33 42/131/33 45/132/33
f 47/133/34 43/134/34 44/135/34 48/136/34
f 45/137/35 42/138/35 43/139/35 47/140/35
f 1/141/36 46/142/36 48/143/36 44/144/36
f 49/145/37 50/146/37 52/147/37 51/148/37
f 54/149/38 53/150/38 55/151/38 56/152/38
f 54/153/39 50/154/39 49/155/39 53/156/39
f 55/157/40 51/158/40 52/159/40 56/160/40
f 53/161/41 49/162/41 51/163/41 55/164/41
f 50/165/42 54/166/42 56/167/42 52/168/42
f 57/169/43 58/170/43 60/171/43 59/172/43
f 62/173/44 61/174/44 63/175/44 64/176/44
f 62/177/45 58/178/45 57/179/45 61/180/45
f 63/181/46 59/182/46 60/183/46 64/184/46
f 61/185/47 57/186/47 59/187/47 63/188/47
f 58/189/48 62/190/48 64/191/48 60/192/48
f 65/193/49 66/194/49 68/195/49 67/196/49
f 70/197/50 69/198/50 71/199/50 72/200/50
f 70/201/51 66/202/51 65/203/51 69/204/51
f 71/205/52 67/206/52 68/207/52 72/208/52
f 69/209/53 65/210/53 67/211/53 71/212/53
f 66/213/54 70/214/54 72/215/54 68/216/54
f 73/217/55 74/218/55 76/219/55 75/220/55
f 78/221/56 77/222/56 79/223/56 80/224/56
f 78/225/57 74/226/57 73/227/57 77/228/57
f 79/229/58 75/230/58 76/231/58 80/232/58
f 77/233/59 73/234/59 75/235/59 79/236/59
f 74/237/60 78/238/60 80/239/60 76/240/60
f 81/241/61 82/242/61 84/243/61 83/244/61
f 86/245/62 85/246/62 87/247/62 88/248/62
f 86/249/63 82/250/63 81/251/63 85/252/63
f 87/253/64 83/254/64 84/255/64 88/256/64
f 85/257/65 81/258/65 83/259/65 87/260/65
f 82/261/66 86/262/66 88/263/66 84/264/66
f 89/265/67 90/266/67 92/267/67 91/268/67
f 94/269/68 93/270/68 95/271/68 96/272/68
f 94/273/69 90/274/69 89/275/69 93/276/69
f 95/277/70 91/278/70 92/279/70 96/280/70
f 93/281/71 89/282/71 91/283/71 95/284/71
f 90/285/72 94/286/72 96/287/72 92/288/72
f 97/289/73 98/290/73 100/291/73 99/292/73
f 102/293/74 101/294/74 103/295/74 104/296/74
f 102/297/75 98/298/75 97/299/75 101/300/75
f 103/301/76 99/302/76 100/303/76 104/304/76
f 101/305/77 97/306/77 99/307/77 103/308/77
f 98/309/78 102/310/78 104/311/78 100/312/78
f 108/313/79 106/314/79 105/315/79 107/316/79
f 110/317/80 109/318/80 111/319/80
f 107/320/81 109/321/81 108/322/81 111/323/81
f 107/324/82 105/325/82 109/326/82
f 111/327/83 110/328/83 106/329/83 108/330/83
f 105/331/84 106/332/84 110/333/84 109/334/84
f 115/335/85 113/336/85 112/337/85 114/338/85
f 117/339/86 116/340/86 118/341/86
f 112/342/87 113/343/87 117/344/87 116/345/87
f 115/346/88 114/347/88 116/348/88 118/349/88
f 114/350/89 112/351/89 116/352/89
f 118/353/90 117/354/90 113/355/90 115/356/90
f 119/357/91 120/358/91 122/359/91 121/360/91
f 123/361/92 124/362/92 125/363/92
f 122/364/93 123/365/93 121/366/93 125/367/93
f 119/368/94 121/369/94 123/370/94
f 120/371/95 124/372/95 125/373/95 122/374/95
f 124/375/96 120/376/96 119/377/96 123/378/96
f 129/379/97 127/380/97 126/381/97 128/382/97
f 131/383/98 130/384/98 132/385/98
f 128/386/99 130/387/99 129/388/99 132/389/99
f 128/390/100 126/391/100 130/392/100
f 132/393/101 131/394/101 127/395/101 129/396/101
f 127/397/102 131/398/102 126/399/102 130/400/102
f 133/401/103 134/402/103 136/403/103 135/404/103
f 137/405/104 138/406/104 139/407/104
f 138/408/105 134/409/105 133/410/105 137/411/105
f 136/412/106 135/413/106 137/414/106 139/415/106
f 133/416/107 135/417/107 137/418/107
f 134/419/108 138/420/108 139/421/108 136/422/108
f 143/423/109 141/424/109 140/425/109 142/426/109
f 146/427/110 144/428/110 145/429/110 147/430/110
f 140/431/111 141/432/111 145/433/111 144/434/111
f 143/435/112 142/436/112 146/437/112 147/438/112
f 142/439/113 140/440/113 144/441/113 146/442/113
f 147/443/114 145/444/114 141/445/114 143/446/114
f 151/447/115 149/448/115 148/449/115 150/450/115
f 154/451/116 152/452/116 153/453/116 155/454/116
f 148/455/117 149/456/117 153/457/117 152/458/117
f 151/459/118 150/460/118 154/461/118 155/462/118
f 150/463/119 148/464/119 152/465/119 154/466/119
f 155/467/120 153/468/120 149/469/120 151/470/120
f 159/471/121 157/472/121 156/473/121 158/474/121
f 162/475/122 160/476/122 161/477/122 163/478/122
f 156/479/123 157/480/123 161/481/123 160/482/123
f 159/483/124 158/484/124 162/485/124 163/486/124
f 158/487/125 156/488/125 160/489/125 162/490/125
f 163/491/126 161/492/126 157/493/126 159/494/126
f 167/495/127 165/496/127 164/497/127 166/498/127
f 170/499/128 168/500/128 169/501/128 171/502/128
f 164/503/129 165/504/129 169/505/129 168/506/129
f 167/507/130 166/508/130 170/509/130 171/510/130
f 166/511/131 164/512/131 168/513/131 170/514/131
f 171/515/132 169/516/132 165/517/132 167/518/132
f 175/519/133 173/520/133 172/521/133 174/522/133
f 178/523/134 176/524/134 177/525/134 179/526/134
f 172/527/135 173/528/135 177/529/135 176/530/135
f 175/531/136 174/532/136 178/533/136 179/534/136
f 174/535/137 172/536/137 176/537/137 178/538/137
f 179/539/138 177/540/138 173/541/138 175/542/138
f 183/543/139 181/544/139 180/545/139 182/546/139
f 186/547/140 184/548/140 185/549/140 187/550/140
f 180/551/141 181/552/141 185/553/141 184/554/141
f 183/555/142 182/556/142 186/557/142 187/558/142
f 182/559/143 180/560/143 184/561/143 186/562/143
f 187/563/144 185/564/144 181/565/144 183/566/144
f 191/567/145 189/568/145 188/569/145 190/570/145
f 194/571/146 192/572/146 193/573/146 195/574/146
f 188/575/147 189/576/147 193/577/147 192/578/147
f 191/579/148 190/580/148 194/581/148 195/582/148
f 190/583/149 188/584/149 192/585/149 194/586/149
f 195/587/150 193/588/150 189/589/150 191/590/150
f 199/591/151 197/592/151 196/593/151 198/594/151
f 202/595/152 200/596/152 201/597/152 203/598/152
f 196/599/153 197/600/153 201/601/153 200/602/153
f 199/603/154 198/604/154 202/605/154 203/606/154
f 198/607/155 196/608/155 200/609/155 202/610/155
f 203/611/156 201/612/156 197/613/156 199/614/156
f 207/615/157 205/616/157 204/617/157 206/618/157
f 210/619/158 208/620/158 209/621/158 211/622/158
f 204/623/159 205/624/159 209/625/159 208/626/159
f 207/627/160 206/628/160 210/629/160 211/630/160
f 206/631/161 204/632/161 208/633/161 210/634/161
f 211/635/162 209/636/162 205/637/162 207/638/162
f 215/639/163 213/640/163 212/641/163 214/642/163
f 218/643/164 216/644/164 217/645/164 219/646/164
f 212/647/165 213/648/165 217/649/165 216/650/165
f 215/651/166 214/652/166 218/653/166 219/654/166
f 214/655/167 212/656/167 216/657/167 218/658/167
f 219/659/168 217/660/168 213/661/168 215/662/168
f 223/663/169 221/664/169 220/665/169 222/666/169
f 226/667/170 224/668/170 225/669/170 227/670/170
f 220/671/171 221/672/171 225/673/171 224/674/171
f 223/675/172 222/676/172 226/677/172 227/678/172
f 222/679/173 220/680/173 224/681/173 226/682/173
f 227/683/174 225/684/174 221/685/174 223/686/174
f 231/687/175 229/688/175 228/689/175 230/690/175
f 234/691/176 232/692/176 233/693/176 235/694/176
f 228/695/177 229/696/177 233/697/177 232/698/177
f 231/699/178 230/700/178 234/701/178 235/702/178
f 230/703/179 228/704/179 232/705/179 234/706/179
f 235/707/180 233/708/180 229/709/180 231/710/180
f 239/711/181 237/712/181 236/713/181 238/714/181
f 242/715/182 240/716/182 241/717/182 243/718/182
f 236/719/183 237/720/183 241/721/183 240/722/183
f 239/723/184 238/724/184 242/725/184 243/726/184
f 238/727/185 236/728/185 240/729/185 242/730/185
f 243/731/186 241/732/186 237/733/186 239/734/186
f 244/735/187 245/736/187 247/737/187 246/738/187
f 248/739/188 249/740/188 250/741/188
f 247/742/189 248/743/189 246/744/189 250/745/189
f 244/746/190 246/747/190 248/748/190
f 245/749/191 249/750/191 250/751/191 247/752/191
f 249/753/192 245/754/192 244/755/192 248/756/192
f 251/757/193 252/758/193 254/759/193 253/760/193
f 255/761/194 256/762/194 257/763/194
f 256/764/195 252/765/195 251/766/195 255/767/195
f 255/768/196 253/769/196 254/770/196 257/771/196
f 251/772/197 253/773/197 255/774/197
f 252/775/198 256/776/198 257/777/198 254/778/198
f 261/779/199 259/780/199 258/781/199 260/782/199
f 263/783/200 262/784/200 264/785/200
f 259/786/201 263/787/201 258/788/201 262/789/201
f 262/790/202 260/791/202 261/792/202 264/793/202
f 260/794/203 258/795/203 262/796/203
f 264/797/204 263/798/204 259/799/204 261/800/204
f 266/801/205 265/802/205 267/803/205 268/804/205
f 271/805/206 269/806/206 270/807/206 272/808/206
f 269/809/207 265/810/207 266/811/207 270/812/207
f 268/813/208 267/814/208 271/815/208 272/816/208
f 267/817/209 265/818/209 269/819/209 271/820/209
f 270/821/210 266/822/210 268/823/210 272/824/210
f 276/825/211 274/826/211 273/827/211 275/828/211
f 279/829/212 277/830/212 278/831/212 280/832/212
f 273/833/213 274/834/213 278/835/213 277/836/213
f 276/837/214 275/838/214 279/839/214 280/840/214
f 275/841/215 273/842/215 277/843/215 279/844/215
f 280/845/216 278/846/216 274/847/216 276/848/216
f 284/849/217 282/850/217 281/851/217 283/852/217
f 287/853/218 285/854/218 286/855/218 288/856/218
f 281/857/219 282/858/219 286/859/219 285/860/219
f 284/861/220 283/862/220 287/863/220 288/864/220
f 283/865/221 281/866/221 285/867/221 287/868/221
f 288/869/222 286/870/222 282/871/222 284/872/222
f 292/873/223 290/874/223 289/875/223 291/876/223
f 295/877/224 293/878/224 294/879/224 296/880/224
f 289/881/225 290/882/225 294/883/225 293/884/225
f 292/885/226 291/886/226 295/887/226 296/888/226
f 291/889/227 289/890/227 293/891/227 295/892/227
f 296/893/228 294/894/228 290/895/228 292/896/228
f 300/897/229 298/898/229 297/899/229 299/900/229
f 303/901/230 301/902/230 302/903/230 304/904/230
f 297/905/231 298/906/231 302/907/231 301/908/231
f 300/909/232 299/910/232 303/911/232 304/912/232
f 299/913/233 297/914/233 301/915/233 303/916/233
f 304/917/234 302/918/234 298/919/234 300/920/234
f 308/921/235 306/922/235 305/923/235 307/924/235
f 311/925/236 309/926/236 310/927/236 312/928/236
f 305/929/237 306/930/237 310/931/237 309/932/237
f 308/933/238 307/934/238 311/935/238 312/936/238
f 307/937/239 305/938/239 309/939/239 311/940/239
f 312/941/240 310/942/240 306/943/240 308/944/240
f 313/945/241 314/946/241 316/947/241 315/948/241
f 318/949/242 317/950/242 319/951/242 320/952/242
f 318/953/243 314/954/243 313/955/243 317/956/243
f 319/957/244 315/958/244 316/959/244 320/960/244
f 317/961/245 313/962/245 315/963/245 319/964/245
f 314/965/246 318/966/246 320/967/246 316/968/246
f 321/969/247 322/970/247 324/971/247 323/972/247
f 326/973/248 325/974/248 327/975/248 328/976/248
f 326/977/249 322/978/249 321/979/249 325/980/249
f 327/981/250 323/982/250 324/983/250 328/984/250
f 325/985/251 321/986/251 323/987/251 327/988/251
f 322/989/252 326/990/252 328/991/252 324/992/252
f 329/993/253 330/994/253 332/995/253 331/996/253
f 333/997/254 334/998/254 336/999/254 335/1000/254
f 340/1001/255 338/1002/255 337/1003/255 339/1004/255
f 344/1005/256 342/1006/256 341/1007/256 343/1008/256
f 345/1009/257 346/1010/257 348/1011/257 347/1012/257
f 350/1013/258 349/1014/258 351/1015/258 352/1016/258
f 350/1017/259 346/1018/259 345/1019/259 349/1020/259
f 351/1021/260 347/1022/260 348/1023/260 352/1024/260
f 349/1025/261 345/1026/261 347/1027/261 351/1028/261
f 346/1029/262 350/1030/262 352/1031/262 348/1032/262
f 356/1033/263 353/1034/263 354/1035/263 365/1036/263
f 355/1037/264 379/1038/264 353/1039/264 356/1040/264
f 357/1041/265 375/1042/265 353/1043/265 358/1044/265
f 360/1045/266 375/1046/266 357/1047/266 359/1048/266
f 376/1049/267 360/1050/267 359/1051/267 357/1052/267
f 348/1053/268 358/1054/268 361/1055/268 352/1056/268
f 358/1057/269 348/1058/269 346/1059/269 357/1060/269
f 346/1061/270 350/1062/270 357/1063/270 359/1064/270
f 377/1065/271 362/1066/271 364/1067/271 363/1068/271
f 365/1069/272 363/1070/272 364/1071/272 366/1072/272
f 362/1073/273 360/1074/273 366/1075/273 364/1076/273
f 367/1077/274 368/1078/274 369/1079/274 378/1080/274
f 371/1081/275 370/1082/275 373/1083/275 372/1084/275
f 371/1085/276 368/1086/276 367/1087/276 370/1088/276
f 368/1089/277 371/1090/277 372/1091/277 369/1092/277
f 359/1093/278 357/1094/278 358/1095/278 361/1096/278
f 350/1097/279 352/1098/279 361/1099/279 359/1100/279
f 360/1101/280 374/1102/280 365/1103/280 366/1104/280
f 360/1105/281 355/1106/281 356/1107/281 365/1108/281
f 376/1109/282 360/1110/282 365/1111/282 354/1112/282
f 373/1113/283 378/1114/283 369/1115/283 372/1116/283
f 370/1117/284 367/1118/284 378/1119/284 373/1120/284
f 360/1121/285 362/1122/285 377/1123/285 374/1124/285
f 374/1125/286 377/1126/286 363/1127/286 365/1128/286
f 379/1129/287 376/1130/287 354/1131/287 353/1132/287
f 360/1133/288 376/1134/288 379/1135/288 355/1136/288
f 376/1137/289 357/1138/289 375/1139/289
f 380/1140/290 361/1141/290 358/1142/290 353/1143/290
f 360/1144/291 359/1145/291 381/1146/291 381/1146/291
f 381/1148/292 359/1149/292 361/1150/292 380/1151/292
f 381/1152/293 380/1153/293 383/1154/293 382/1155/293
f 381/1156/294 382/1157/294 360/1158/294
f 375/1159/295 360/1160/295 356/1161/295 353/1162/295
f 356/1163/296 360/1164/296 382/1165/296 383/1166/296
f 353/1167/297 356/1168/297 383/1169/297
f 383/1170/298 380/1171/298 353/1172/298
f 387/1173/299 385/1174/299 384/1175/299 386/1176/299
f 390/1177/300 388/1178/300 389/1179/300 391/1180/300
f 384/1181/301 385/1182/301 389/1183/301 388/1184/301
f 387/1185/302 386/1186/302 390/1187/302 391/1188/302
f 386/1189/303 384/1190/303 388/1191/303 390/1192/303
f 391/1193/304 389/1194/304 385/1195/304 387/1196/304
f 393/1197/305 392/1198/305 395/1199/305 404/1200/305
f 392/1201/306 418/1202/306 394/1203/306 395/1204/306
f 392/1205/307 414/1206/307 396/1207/307 397/1208/307
f 396/1209/308 414/1210/308 399/1211/308 398/1212/308
f 398/1213/309 399/1214/309 415/1215/309 396/1216/309
f 400/1217/310 397/1218/310 387/1219/310 391/1220/310
f 385/1221/311 387/1222/311 397/1223/311 396/1224/311
f 396/1225/312 389/1226/312 385/1227/312 398/1228/312
f 403/1229/313 401/1230/313 416/1231/313 402/1232/313
f 403/1233/314 402/1234/314 404/1235/314 405/1236/314
f 405/1237/315 399/1238/315 401/1239/315 403/1240/315
f 408/1241/316 407/1242/316 406/1243/316 417/1244/316
f 412/1245/317 409/1246/317 410/1247/317 411/1248/317
f 406/1249/318 407/1250/318 410/1251/318 409/1252/318
f 411/1253/319 410/1254/319 407/1255/319 408/1256/319
f 397/1257/320 396/1258/320 398/1259/320 400/1260/320
f 400/1261/321 391/1262/321 389/1263/321 398/1264/321
f 404/1265/322 413/1266/322 399/1267/322 405/1268/322
f 395/1269/323 394/1270/323 399/1271/323 404/1272/323
f 404/1273/324 399/1274/324 415/1275/324 393/1276/324
f 408/1277/325 417/1278/325 412/1279/325 411/1280/325
f 417/1281/326 406/1282/326 409/1283/326 412/1284/326
f 416/1285/327 401/1286/327 399/1287/327 413/1288/327
f 402/1289/328 416/1290/328 413/1291/328 404/1292/328
f 393/1293/329 415/1294/329 418/1295/329 392/1296/329
f 418/1297/330 415/1298/330 399/1299/330 394/1300/330
f 396/1301/331 415/1302/331 414/1303/331
f 397/1304/332 400/1305/332 419/1306/332 392/1307/332
f 398/1308/333 399/1309/333 420/1310/333 420/1310/333
f 400/1312/334 398/1313/334 420/1314/334 419/1315/334
f 422/1316/335 419/1317/335 420/1318/335 421/1319/335
f 421/1320/336 420/1321/336 399/1322/336
f 395/1323/337 399/1324/337 414/1325/337 392/1326/337
f 421/1327/338 399/1328/338 395/1329/338 422/1330/338
f 395/1331/339 392/1332/339 422/1333/339
f 419/1334/340 422/1335/340 392/1336/340
f 429/1337/341 424/1338/341 423/1339/341 425/1340/341
f 428/1341/342 426/1342/342 427/1343/342 429/1344/342
f 423/1345/343 424/1346/343 427/1347/343 426/1348/343
f 425/1349/344 428/1350/344 429/1351/344
f 425/1352/345 423/1353/345 426/1354/345 428/1355/345
f 427/1356/346 424/1357/346 429/1358/346
f 433/1359/347 431/1360/347 430/1361/347 432/1362/347
f 436/1363/348 434/1364/348 435/1365/348 437/1366/348
f 430/1367/349 431/1368/349 435/1369/349 434/1370/349
f 433/1371/350 432/1372/350 436/1373/350 437/1374/350
f 432/1375/351 430/1376/351 434/1377/351 436/1378/351
f 437/1379/352 435/1380/352 431/1381/352 433/1382/352
f 438/1383/353 439/1384/353 444/1385/353 440/1386/353
f 442/1387/354 441/1388/354 443/1389/354 444/1390/354
f 442/1391/355 439/1392/355 438/1393/355 441/1394/355
f 443/1395/356 440/1396/356 444/1397/356
f 441/1398/357 438/1399/357 440/1400/357 443/1401/357
f 439/1402/358 442/1403/358 444/1404/358
f 445/1405/359 446/1406/359 448/1407/359 447/1408/359
f 450/1409/360 449/1410/360 451/1411/360 452/1412/360
f 450/1413/361 446/1414/361 445/1415/361 449/1416/361
f 451/1417/362 447/1418/362 448/1419/362 452/1420/362
f 449/1421/363 445/1422/363 447/1423/363 451/1424/363
f 446/1425/364 450/1426/364 452/1427/364 448/1428/364
f 453/1429/365 454/1430/365 456/1431/365 455/1432/365
f 458/1433/366 457/1434/366 459/1435/366 460/1436/366
f 458/1437/367 454/1438/367 453/1439/367 457/1440/367
f 459/1441/368 455/1442/368 456/1443/368 460/1444/368
f 457/1445/369 453/1446/369 455/1447/369 459/1448/369
f 454/1449/370 458/1450/370 460/1451/370 456/1452/370
f 461/1453/371 462/1454/371 464/1455/371 463/1456/371
f 466/1457/372 465/1458/372 467/1459/372 468/1460/372
f 466/1461/373 462/1462/373 461/1463/373 465/1464/373
f 467/1465/374 463/1466/374 464/1467/374 468/1468/374
f 465/1469/375 461/1470/375 463/1471/375 467/1472/375
f 462/1473/376 466/1474/376 468/1475/376 464/1476/376
f 472/1477/377 470/1478/377 469/1479/377 471/1480/377
f 475/1481/378 473/1482/378 474/1483/378 476/1484/378
f 469/1485/379 470/1486/379 474/1487/379 473/1488/379
f 472/1489/380 471/1490/380 475/1491/380 476/1492/380
f 471/1493/381 469/1494/381 473/1495/381 475/1496/381
f 476/1497/382 474/1498/382 470/1499/382 472/1500/382
f 480/1501/383 478/1502/383 477/1503/383 479/1504/383
f 483/1505/384 481/1506/384 482/1507/384 484/1508/384
f 477/1509/385 478/1510/385 482/1511/385 481/1512/385
f 480/1513/386 479/1514/386 483/1515/386 484/1516/386
f 479/1517/387 477/1518/387 481/1519/387 483/1520/387
f 484/1521/388 482/1522/388 478/1523/388 480/1524/388
f 488/1525/389 486/1526/389 485/1527/389 487/1528/389
f 491/1529/390 489/1530/390 490/1531/390 492/1532/390
f 485/1533/391 486/1534/391 490/1535/391 489/1536/391
f 488/1537/392 487/1538/392 491/1539/392 492/1540/392
f 487/1541/393 485/1542/393 489/1543/393 491/1544/393
f 492/1545/394 490/1546/394 486/1547/394 488/1548/394
f 496/1549/395 494/1550/395 493/1551/395 495/1552/395
f 499/1553/396 497/1554/396 498/1555/396 500/1556/396
f 493/1557/397 494/1558/397 498/1559/397 497/1560/397
f 496/1561/398 495/1562/398 499/1563/398 500/1564/398
f 495/1565/399 493/1566/399 497/1567/399 499/1568/399
f 500/1569/400 498/1570/400 494/1571/400 496/1572/400
f 504/1573/401 502/1574/401 501/1575/401 503/1576/401
f 507/1577/402 505/1578/402 506/1579/402 508/1580/402
f 501/1581/403 502/1582/403 506/1583/403 505/1584/403
f 504/1585/404 503/1586/404 507/1587/404 508/1588/404
f 503/1589/405 501/1590/405 505/1591/405 507/1592/405
f 508/1593/406 506/1594/406 502/1595/406 504/1596/406
f 512/1597/407 510/1598/407 509/1599/407 511/1600/407
f 515/1601/408 513/1602/408 514/1603/408 516/1604/408
f 509/1605/409 510/1606/409 514/1607/409 513/1608/409
f 512/1609/410 511/1610/410 515/1611/410 516/1612/410
f 511/1613/411 509/1614/411 513/1615/411 515/1616/411
f 516/1617/412 514/1618/412 510/1619/412 512/1620/412
f 520/1621/413 518/1622/413 517/1623/413 519/1624/413
f 523/1625/414 521/1626/414 522/1627/414 524/1628/414
f 517/1629/415 518/1630/415 522/1631/415 521/1632/415
f 520/1633/416 519/1634/416 523/1635/416 524/1636/416
f 519/1637/417 517/1638/417 521/1639/417 523/1640/417
f 524/1641/418 522/1642/418 518/1643/418 520/1644/418
f 528/1645/419 526/1646/419 525/1647/419 527/1648/419
f 531/1649/420 529/1650/420 530/1651/420 532/1652/420
f 525/1653/421 526/1654/421 530/1655/421 529/1656/421
f 528/1657/422 527/1658/422 531/1659/422 532/1660/422
f 527/1661/423 525/1662/423 529/1663/423 531/1664/423
f 532/1665/424 530/1666/424 526/1667/424 528/1668/424
f 536/1669/425 534/1670/425 533/1671/425 535/1672/425
f 539/1673/426 537/1674/426 538/1675/426 540/1676/426
f 533/1677/427 534/1678/427 538/1679/427 537/1680/427
f 536/1681/428 535/1682/428 539/1683/428 540/1684/428
f 535/1685/429 533/1686/429 537/1687/429 539/1688/429
f 540/1689/430 538/1690/430 534/1691/430 536/1692/430
f 544/1693/431 542/1694/431 541/1695/431 543/1696/431
f 547/1697/432 545/1698/432 546/1699/432 548/1700/432
f 541/1701/433 542/1702/433 546/1703/433 545/1704/433
f 544/1705/434 543/1706/434 547/1707/434 548/1708/434
f 543/1709/435 541/1710/435 545/1711/435 547/1712/435
f 548/1713/436 546/1714/436 542/1715/436 544/1716/436
f 552/1717/437 550/1718/437 549/1719/437 551/1720/437
f 555/1721/438 553/1722/438 554/1723/438 556/1724/438
f 549/1725/439 550/1726/439 554/1727/439 553/1728/439
f 552/1729/440 551/1730/440 555/1731/440 556/1732/440
f 551/1733/441 549/1734/441 553/1735/441 555/1736/441
f 556/1737/442 554/1738/442 550/1739/442 552/1740/442
f 560/1741/443 558/1742/443 557/1743/443 559/1744/443
f 563/1745/444 561/1746/444 562/1747/444 564/1748/444
f 557/1749/445 558/1750/445 562/1751/445 561/1752/445
f 560/1753/446 559/1754/446 563/1755/446 564/1756/446
f 559/1757/447 557/1758/447 561/1759/447 563/1760/447
f 564/1761/448 562/1762/448 558/1763/448 560/1764/448
f 568/1765/449 566/1766/449 565/1767/449 567/1768/449
f 571/1769/450 569/1770/450 570/1771/450 572/1772/450
f 565/1773/451 566/1774/451 570/1775/451 569/1776/451
f 568/1777/452 567/1778/452 571/1779/452 572/1780/452
f 567/1781/453 565/1782/453 569/1783/453 571/1784/453
f 572/1785/454 570/1786/454 566/1787/454 568/1788/454
f 576/1789/455 574/1790/455 573/1791/455 575/1792/455
f 579/1793/456 577/1794/456 578/1795/456 580/1796/456
f 573/1797/457 574/1798/457 578/1799/457 577/1800/457
f 576/1801/458 575/1802/458 579/1803/458 580/1804/458
f 575/1805/459 573/1806/459 577/1807/459 579/1808/459
f 580/1809/460 578/1810/460 574/1811/460 576/1812/460
f 584/1813/461 582/1814/461 581/1815/461 583/1816/461
f 587/1817/462 585/1818/462 586/1819/462 588/1820/462
f 581/1821/463 582/1822/463 586/1823/463 585/1824/463
f 584/1825/464 583/1826/464 587/1827/464 588/1828/464
f 583/1829/465 581/1830/465 585/1831/465 587/1832/465
f 588/1833/466 586/1834/466 582/1835/466 584/1836/466
f 592/1837/467 590/1838/467 589/1839/467 591/1840/467
f 595/1841/468 593/1842/468 594/1843/468 596/1844/468
f 589/1845/469 590/1846/469 594/1847/469 593/1848/469
f 592/1849/470 591/1850/470 595/1851/470 596/1852/470
f 591/1853/471 589/1854/471 593/1855/471 595/1856/471
f 596/1857/472 594/1858/472 590/1859/472 592/1860/472
f 600/1861/473 598/1862/473 597/1863/473 599/1864/473
f 603/1865/474 601/1866/474 602/1867/474 604/1868/474
f 597/1869/475 598/1870/475 602/1871/475 601/1872/475
f 600/1873/476 599/1874/476 603/1875/476 604/1876/476
f 599/1877/477 597/1878/477 601/1879/477 603/1880/477
f 604/1881/478 602/1882/478 598/1883/478 600/1884/478
f 608/1885/479 606/1886/479 605/1887/479 607/1888/479
f 611/1889/480 609/1890/480 610/1891/480 612/1892/480
f 605/1893/481 606/1894/481 610/1895/481 609/1896/481
f 608/1897/482 607/1898/482 611/1899/482 612/1900/482
f 607/1901/483 605/1902/483 609/1903/483 611/1904/483
f 612/1905/484 610/1906/484 606/1907/484 608/1908/484
f 616/1909/485 614/1910/485 613/1911/485 615/1912/485
f 619/1913/486 617/1914/486 618/1915/486 620/1916/486
f 613/1917/487 614/1918/487 618/1919/487 617/1920/487
f 616/1921/488 615/1922/488 619/1923/488 620/1924/488
f 615/1925/489 613/1926/489 617/1927/489 619/1928/489
f 620/1929/490 618/1930/490 614/1931/490 616/1932/490
f 624/1933/491 622/1934/491 621/1935/491 623/1936/491
f 627/1937/492 625/1938/492 626/1939/492 628/1940/492
f 621/1941/493 622/1942/493 626/1943/493 625/1944/493
f 624/1945/494 623/1946/494 627/1947/494 628/1948/494
f 623/1949/495 621/1950/495 625/1951/495 627/1952/495
f 628/1953/496 626/1954/496 622/1955/496 624/1956/496
f 632/1957/497 630/1958/497 629/1959/497 631/1960/497
f 635/1961/498 633/1962/498 634/1963/498 636/1964/498
f 629/1965/499 630/1966/499 634/1967/499 633/1968/499
f 632/1969/500 631/1970/500 635/1971/500 636/1972/500
f 631/1973/501 629/1974/501 633/1975/501 635/1976/501
f 636/1977/502 634/1978/502 630/1979/502 632/1980/502
f 640/1981/503 638/1982/503 637/1983/503 639/1984/503
f 643/1985/504 641/1986/504 642/1987/504 644/1988/504
f 637/1989/505 638/1990/505 642/1991/505 641/1992/505
f 640/1993/506 639/1994/506 643/1995/506 644/1996/506
f 639/1997/507 637/1998/507 641/1999/507 643/2000/507
f 644/2001/508 642/2002/508 638/2003/508 640/2004/508
f 648/2005/509 646/2006/509 645/2007/509 647/2008/509
f 651/2009/510 649/2010/510 650/2011/510 652/2012/510
f 645/2013/511 646/2014/511 650/2015/511 649/2016/511
f 648/2017/512 647/2018/512 651/2019/512 652/2020/512
f 647/2021/513 645/2022/513 649/2023/513 651/2024/513
f 652/2025/514 650/2026/514 646/2027/514 648/2028/514
f 656/2029/515 654/2030/515 653/2031/515 655/2032/515
f 659/2033/516 657/2034/516 658/2035/516 660/2036/516
f 653/2037/517 654/2038/517 658/2039/517 657/2040/517
f 656/2041/518 655/2042/518 659/2043/518 660/2044/518
f 655/2045/519 653/2046/519 657/2047/519 659/2048/519
f 660/2049/520 658/2050/520 654/2051/520 656/2052/520
f 664/2053/521 662/2054/521 661/2055/521 663/2056/521
f 667/2057/522 665/2058/522 666/2059/522 668/2060/522
f 661/2061/523 662/2062/523 666/2063/523 665/2064/523
f 664/2065/524 663/2066/524 667/2067/524 668/2068/524
f 663/2069/525 661/2070/525 665/2071/525 667/2072/525
f 668/2073/526 666/2074/526 662/2075/526 664/2076/526
f 672/2077/527 670/2078/527 669/2079/527 671/2080/527
f 675/2081/528 673/2082/528 674/2083/528 676/2084/528
f 669/2085/529 670/2086/529 674/2087/529 673/2088/529
f 672/2089/530 671/2090/530 675/2091/530 676/2092/530
f 671/2093/531 669/2094/531 673/2095/531 675/2096/531
f 676/2097/532 674/2098/532 670/2099/532 672/2100/532
f 680/2101/533 678/2102/533 677/2103/533 679/2104/533
f 683/2105/534 681/2106/534 682/2107/534 684/2108/534
f 677/2109/535 678/2110/535 682/2111/535 681/2112/535
f 680/2113/536 679/2114/536 683/2115/536 684/2116/536
f 679/2117/537 677/2118/537 681/2119/537 683/2120/537
f 684/2121/538 682/2122/538 678/2123/538 680/2124/538
