# Made in Blockbench 5.2.1
mtllib us_h.mtl

o cube
v 0.26117558050543477 1.991807141209783 -0.2836257838017091
v -0.0034271836182136473 2.0492214833158413 -0.3467509192593385
v 0.25938092341768426 1.8715481209961151 -0.34355230454324687
v -0.003772177570460847 1.9189354816858424 -0.4307672458502546
v 0.27872523971536095 2.021268807176753 -0.3324115930984505
v 0.0003161756081880296 2.065592102221325 -0.4238834499208185
v 0.27921815957445895 1.8947865639386143 -0.3907806999348813
v -0.000016519807406134568 1.9450698188927138 -0.4833254432106507
v 0.2528061680402541 1.9754465506079688 -0.25064789905033025
v 0.22796064317581125 2.007304761542441 -0.31383614392439696
v 0.2510115993737425 1.8551875202969705 -0.3105744021767412
v 0.22616607450929968 1.8870457312314433 -0.37376264705080753
v 0.27803077611522375 1.969508848794605 -0.26751677135534496
v 0.27872543541318906 2.021268296402663 -0.33241163682095565
v 0.3040801104403973 1.8628647841804507 -0.3275701443621168
v 0.2792345855759545 1.894722995114923 -0.39075838923618333
v 0.26926868431412726 1.9288080821130016 -0.18557837315649567
v 0.2505587010892767 1.9671544580730231 -0.26197040139543204
v 0.26764089063994523 1.8197359932096235 -0.23993042311790852
v 0.2489309074150948 1.8580823691696449 -0.3163224513568453
v 0.29674061988583234 1.9311621273420716 -0.19112516069556484
v 0.2780306366609818 1.9695085033020931 -0.26751718893450155
v 0.3228560607290526 1.8426227651516598 -0.24196532320247843
v 0.30387477855850514 1.862790459627785 -0.32741602643498385
v 0.26801687500000004 1.8438426379271413 -0.22537684340778902
v 0.24930687499999993 1.8647457007571566 -0.30825757349266797
v 0.26764124999999994 1.8165539633851095 -0.2321741157195099
v 0.24893125 1.8374568909403661 -0.31505545598939344
v 0.32285624999999996 1.8426226773885626 -0.24196538529867131
v 0.3040799999999999 1.8628648617351198 -0.32757014548997887
v 0.322585 1.8187493600565057 -0.2440239243058691
v 0.303875 1.8396524228865205 -0.3269046543907482
v 0.25155374999999996 1.8752916627400082 -0.29899815217587555
v 0.22670874999999996 1.8927180743166043 -0.3675844367715671
v 0.2510112499999999 1.8358746359556215 -0.3088169918211163
v 0.22616624999999987 1.8533011828069765 -0.3774026662318033
v 0.30407999999999985 1.8628648617351193 -0.32757014548997876
v 0.2792343749999999 1.8947229781032078 -0.39075831583750487
v 0.3040799999999998 1.839691622036648 -0.32707146778313373
v 0.2792343749999999 1.8571180336132447 -0.3956577523788253
v 0.2601737499999999 1.9023186556796048 -0.33020445302681345
v -0.003772500000000012 1.9189353855600226 -0.4307678506892302
v 0.2593806249999999 1.8447096761737056 -0.34455449093970447
v -0.02131562500000002 1.8739225362136886 -0.4463189091330862
v 0.2792343749999999 1.8947229781032078 -0.39075831583750487
v -0.000016875000000041163 1.9450692594135741 -0.4833257124374718
v 0.27921812499999993 1.8571747924073803 -0.39569338178961533
v -0.0014787500000001258 1.8863883979071263 -0.49745732507275126
v 0.2419776452996376 2.0395402567587504 -0.13093442379431308
v -0.0034278555236729596 2.1312883097039506 -0.17469600022186915
v 0.2419776452996376 1.9574740789296692 -0.3029897436235052
v -0.003427855523672932 2.0492221318748696 -0.34675132005106135
v 0.28040721830784204 2.096044238650933 -0.16047591608403655
v -0.0007107099481710871 2.203543814719314 -0.20916010821694658
v 0.2787253818484974 2.021268930171364 -0.33241218916881743
v -0.0007107099481711704 2.1214776368902326 -0.3812154280461386
v 0.24197764529963756 2.03085839670699 0.15361750000000007
v -0.0005407319845751879 2.1313127977028263 0.1536175000000003
v 0.24197764529963756 2.03085839670699 -0.16200749999999986
v -0.0005407319845751324 2.1313127977028263 -0.1620074999999998
v 0.284220586024329 2.0962564808988184 0.1625000000000002
v -0.0007107099481711149 2.212562619902582 0.15361750000000018
v 0.284220586024329 2.0962564808988184 -0.16249999999999976
v -0.0007107099481710594 2.212562619902582 -0.16200749999999992
v -0.0005407319845751601 2.1302089208457717 0.17418115814625124
v 0.24197764529963756 2.0395402567587504 0.1309344237943133
v -0.0005407319845751324 2.0454520486616388 0.3518776360026299
v 0.24197764529963764 1.9547833845746174 0.3086309016506922
v -0.00021553027004066194 2.20483499576742 0.21169961091984035
v 0.2842204838302915 2.096256375981405 0.1625000488795676
v -0.0002155302700406203 2.1200781235832875 0.38939608877621923
v 0.2826764247789325 2.022793959765198 0.33420527974005665
v 0.0009032113522739194 1.9962852347182005 0.35025496900792363
v 0.25352652102332895 2.0017616692337517 0.2457583734552975
v 0.0009032113522739749 1.80592147965561 0.3402784273491126
v 0.25352652102332895 1.8113979141711611 0.23578183179648626
v -0.0007103283808708727 1.99200165366729 0.4319905645533154
v 0.2826768475750731 2.022793419328221 0.3342051798267677
v -0.0007107091008301258 1.8016382462948766 0.4079515643762395
v 0.3062963306899654 1.8285327749502875 0.27801851018630575
v 0.284220495503577 2.0962565952454795 -0.1624999999999997
v 0.284220495503577 2.0962565952454795 0.1625000000000003
v 0.3295375396718673 1.8918446187547429 -0.16249999999999976
v 0.3295375396718672 1.8918446187547429 0.1625000000000002
v 0.2384566201698301 2.08611098834213 -0.16249999999999964
v 0.23845662016983002 2.08611098834213 0.1625000000000002
v 0.28377366433812035 1.8816990118513943 -0.1624999999999997
v 0.28377366433812035 1.8816990118513943 0.1625000000000002
v 0.2842207367590239 2.0962558981680455 0.16249993399394136
v 0.2826771272443236 2.022793317085579 0.3342055497586386
v 0.3149263156506651 1.9321803865849867 0.09144367754922889
v 0.30629640546441494 1.8285320786223171 0.2780180442583319
v 0.21932498216622737 2.0841377374379437 0.15469995325332042
v 0.21764261642514546 2.0093623927983835 0.3266361841051926
v 0.257665943452885 1.9215504723712333 0.08436564849566675
v 0.25598357771180313 1.846775127731674 0.2563018793475389
v 0.2787256755852775 2.021268364929176 -0.3324117976016634
v 0.2804080413263593 2.0960437095687356 -0.16047556674979124
v 0.33675978469296336 1.836130885219474 -0.25246306203901103
v 0.32469846212301556 1.9082273861296053 -0.07922731815043288
v 0.21764261642514554 2.0093623927983835 -0.326636184105192
v 0.2193249821662275 2.0841377374379437 -0.15469995325331998
v 0.26193303722180183 1.8215460693592531 -0.24538793550583388
v 0.26361540296288366 1.8963214139988132 -0.07345170465396145
v 0.28422059902344743 2.0962568797441388 0.1625000641559018
v -0.0007109722164050647 2.212562325504746 0.1536178364020313
v 0.223202024579639 2.0827292224225302 0.16250034394924862
v -0.0005406609480950592 2.1313127168282278 0.1536178503243022
v 0.28422059902344743 2.0962568797441388 0.1625000641559018
v -0.00021589864717447282 2.204834892136181 0.21169907585571945
v -0.000540625821115942 2.130208763526756 0.1741814064901276
v 0.2524258456055533 2.037463347614463 0.3084169305601372
v 0.002496242730580356 2.0600055286060694 0.3489604311529797
v 0.25857277859453676 1.9658977754458458 0.310985922581805
v 0.004274175966849675 1.9668258455639327 0.37597756483865985
v 0.2826767690604945 2.0227934306655753 0.3342049232322081
v -0.00021559840816290365 2.1200781103765696 0.3893958505927225
v -0.000710390146003298 1.9920018364492356 0.4319899890325698
v 0.2842205990234477 2.0949996157977386 -0.16250551455748302
v -0.0007109363055289031 2.212562580605838 -0.1620073855030411
v 0.223202024579639 2.0815048916520706 -0.16156215199649265
v -0.0005406609480950869 2.1305896505405246 -0.15609030893149317
v 0.2842205990234477 2.0949996157977386 -0.16250551455748302
v -0.0007104091736489238 2.2035434115157178 -0.20915985821844796
v -0.0005406258211159559 2.128053945248044 -0.17652676541853046
v -0.2842205990234477 2.094999615797739 -0.16250551455748302
v 0.0007109363055288198 2.212562580605838 -0.16200738550304117
v -0.22320202457963922 2.0815048916520706 -0.16156215199649288
v 0.0005406609480948094 2.1305896505405246 -0.15609030893149317
v -0.2842205990234477 2.094999615797739 -0.16250551455748302
v 0.000710409173648674 2.2035434115157178 -0.20915985821844812
v 0.0005406258211157478 2.128053945248044 -0.1765267654185304
v 0.27872527718310713 2.0212687874529176 -0.3324113528856947
v -0.0007104668192985247 2.1214768895234277 -0.3812149986187955
v 0.22462317789261194 2.0199062917647286 -0.29839183960813126
v 0.0008804923648779717 2.0614958563214087 -0.3250294585267093
v 0.27872527718310713 2.0212687874529176 -0.3324113528856947
v 0.00031560571071055643 2.0655918734418823 -0.4238838504843593
v 0.0008805417921324971 2.046664539457531 -0.33931529734919585
v -0.2611755805054348 1.9918071412097833 -0.2836257838017088
v 0.0034271836182135293 2.0492214833158413 -0.3467509192593382
v -0.2593809234176844 1.8715481209961151 -0.3435523045432466
v 0.003772177570460833 1.9189354816858424 -0.43076724585025444
v -0.27872523971536106 2.021268807176753 -0.3324115930984503
v -0.00031617560818821 2.065592102221325 -0.42388344992081817
v -0.27921815957445895 1.8947865639386146 -0.3907806999348812
v 0.0000165198074060513 1.9450698188927138 -0.4833254432106504
v -0.2528061680402543 1.9754465506079686 -0.25064789905033025
v -0.22796064317581138 2.0073047615424415 -0.31383614392439696
v -0.25101159937374273 1.8551875202969705 -0.310574402176741
v -0.22616607450929987 1.8870457312314433 -0.3737626470508075
v -0.27803077611522387 1.969508848794605 -0.2675167713553449
v -0.2787254354131893 2.021268296402663 -0.3324116368209557
v -0.3040801104403974 1.8628647841804504 -0.3275701443621166
v -0.27923458557595465 1.8947229951149231 -0.3907583892361832
v -0.2692686843141274 1.9288080821130018 -0.18557837315649556
v -0.25055870108927686 1.967154458073023 -0.26197040139543215
v -0.2676408906399455 1.8197359932096238 -0.23993042311790835
v -0.24893090741509494 1.858082369169645 -0.3163224513568452
v -0.2967406198858325 1.9311621273420714 -0.1911251606955649
v -0.278030636660982 1.969508503302093 -0.2675171889345016
v -0.3228560607290526 1.84262276515166 -0.24196532320247832
v -0.30387477855850537 1.862790459627785 -0.32741602643498396
v -0.26801687500000027 1.8438426379271415 -0.22537684340778896
v -0.24930687500000026 1.8647457007571566 -0.308257573492668
v -0.2676412500000001 1.8165539633851095 -0.23217411571951013
v -0.24893125000000021 1.837456890940366 -0.31505545598939355
v -0.3228562500000002 1.8426226773885626 -0.24196538529867134
v -0.3040800000000002 1.8628648617351198 -0.32757014548997865
v -0.3225850000000001 1.8187493600565054 -0.244023924305869
v -0.3038750000000001 1.8396524228865203 -0.32690465439074823
v -0.2515537500000001 1.875291662740008 -0.29899815217587544
v -0.22670875000000024 1.8927180743166045 -0.36758443677156694
v -0.2510112500000001 1.8358746359556215 -0.3088169918211163
v -0.22616625000000007 1.8533011828069768 -0.37740266623180335
v -0.3040800000000002 1.8628648617351196 -0.32757014548997876
v -0.2792343750000001 1.8947229781032076 -0.39075831583750487
v -0.30408 1.8396916220366482 -0.3270714677831337
v -0.27923437500000003 1.8571180336132447 -0.3956577523788253
v -0.2601737500000001 1.9023186556796048 -0.33020445302681334
v 0.0037724999999998385 1.9189353855600224 -0.43076785068923
v -0.2593806250000002 1.8447096761737054 -0.3445544909397046
v 0.02131562499999988 1.8739225362136886 -0.4463189091330861
v -0.2792343750000001 1.8947229781032076 -0.39075831583750487
v 0.000016874999999916263 1.9450692594135743 -0.4833257124374717
v -0.2792181250000002 1.8571747924073803 -0.3956933817896153
v 0.0014787499999999038 1.8863883979071263 -0.49745732507275153
v -0.2419776452996379 2.0395402567587504 -0.13093442379431286
v 0.00342785552367271 2.1312883097039506 -0.17469600022186899
v -0.24197764529963778 1.9574740789296692 -0.30298974362350517
v 0.0034278555236727376 2.0492221318748696 -0.3467513200510612
v -0.28040721830784215 2.096044238650933 -0.16047591608403644
v 0.0007107099481709067 2.203543814719314 -0.20916010821694647
v -0.27872538184849754 2.021268930171364 -0.3324121891688175
v 0.0007107099481708234 2.1214776368902326 -0.3812154280461385
v -0.24197764529963772 2.03085839670699 0.1536175000000003
v 0.0005407319845749103 2.1313127977028263 0.1536175000000003
v -0.24197764529963783 2.03085839670699 -0.1620074999999997
v 0.0005407319845749659 2.1313127977028263 -0.16200749999999986
v -0.2842205860243291 2.0962564808988184 0.1625000000000001
v 0.0007107099481708512 2.212562619902582 0.15361750000000018
v -0.2842205860243292 2.0962564808988184 -0.16249999999999987
v 0.0007107099481709345 2.212562619902582 -0.16200749999999986
v 0.0005407319845749381 2.1302089208457717 0.17418115814625112
v -0.24197764529963783 2.0395402567587504 0.13093442379431353
v 0.0005407319845749659 2.0454520486616388 0.35187763600263
v -0.24197764529963783 1.9547833845746174 0.3086309016506922
v -0.00021543203518091525 2.20483507183853 0.21169964720389844
v -0.28422048383029175 2.096256375981405 0.16250004887956748
v -0.00021543203518090137 2.120078199654397 0.38939612506027743
v -0.2826764247789327 2.0227939597651976 0.33420527974005676
v -0.0009032113522741414 1.9962852347182005 0.35025496900792363
v -0.2535265210233291 2.001761669233752 0.2457583734552976
v -0.0009032113522741414 1.80592147965561 0.3402784273491126
v -0.2535265210233292 1.8113979141711614 0.23578183179648626
v 0.0007103283808707617 1.9920016536672898 0.4319905645533153
v -0.28267684757507333 2.022793419328221 0.3342051798267677
v 0.0007107091008299871 1.8016382462948766 0.4079515643762395
v -0.30629633068996565 1.8285327749502873 0.27801851018630575
v -0.2842204955035773 2.096256595245479 -0.16249999999999987
v -0.28422049550357725 2.096256595245479 0.1625000000000001
v -0.3295375396718675 1.891844618754743 -0.16249999999999987
v -0.3295375396718674 1.8918446187547429 0.1625000000000002
v -0.23845662016983038 2.08611098834213 -0.16249999999999987
v -0.23845662016983027 2.08611098834213 0.1625000000000002
v -0.28377366433812057 1.8816990118513943 -0.16249999999999976
v -0.28377366433812057 1.8816990118513943 0.1625000000000002
v -0.2842207367590241 2.0962558981680455 0.16249993399394136
v -0.28267712724432376 2.022793317085579 0.3342055497586385
v -0.3149263156506652 1.932180386584987 0.09144367754922889
v -0.30629640546441517 1.828532078622317 0.27801804425833165
v -0.2193249821662276 2.0841377374379433 0.1546999532533203
v -0.2176426164251457 2.0093623927983835 0.3266361841051926
v -0.2576659434528853 1.9215504723712333 0.08436564849566675
v -0.2559835777118033 1.846775127731674 0.256301879347539
v -0.2787256755852777 2.0212683649291763 -0.3324117976016632
v -0.28040804132635955 2.0960437095687356 -0.16047556674979108
v -0.3367597846929635 1.8361308852194742 -0.25246306203901114
v -0.3246984621230157 1.9082273861296055 -0.07922731815043293
v -0.21764261642514582 2.0093623927983835 -0.32663618410519213
v -0.2193249821662276 2.0841377374379433 -0.15469995325331987
v -0.261933037221802 1.8215460693592533 -0.24538793550583374
v -0.2636154029628839 1.896321413998813 -0.07345170465396161
v -0.28422059902344776 2.096256879744139 0.1625000641559019
v 0.0007109722164047733 2.212562325504746 0.1536178364020312
v -0.22320202457963917 2.0827292224225302 0.16250034394924862
v 0.0005406609480948232 2.1313127168282278 0.15361785032430209
v -0.28422059902344776 2.096256879744139 0.1625000641559019
v 0.00021589864717425078 2.204834892136181 0.21169907585571957
v 0.0005406258211157061 2.130208763526756 0.1741814064901276
v -0.25242584560555353 2.037463347614463 0.3084169305601373
v -0.0024962427305806056 2.06000552860607 0.3489604311529798
v -0.25857277859453676 1.9658977754458455 0.310985922581805
v -0.004274175966849897 1.966825845563933 0.37597756483865985
v -0.2826767690604948 2.0227934306655753 0.3342049232322081
v -0.00021558318582995395 2.1200781073424655 0.3893957451518586
v 0.0007103901460030204 1.9920018364492356 0.4319899890325698
v -0.27872527718310736 2.0212687874529176 -0.33241135288569457
v 0.0007104668192983998 2.1214768895234277 -0.38121499861879554
v -0.2246231778926122 2.0199062917647286 -0.29839183960813126
v -0.0008804923648781104 2.0614958563214087 -0.3250294585267092
v -0.27872527718310736 2.0212687874529176 -0.33241135288569457
v -0.0003156057107106952 2.0655918734418823 -0.42388385048435934
v -0.0008805417921326775 2.046664539457531 -0.33931529734919585
v 0.1406249999999999 1.741119744276413 0.31811704877629654
v 0.1406249999999999 1.7469486204016862 0.2874154738473743
v 0.1406249999999999 1.6183134445607243 0.29480154427520466
v 0.14062499999999994 1.6241423206859975 0.2640999693462823
v -0.1406250000000001 1.741119744276413 0.31811704877629643
v -0.1406250000000001 1.746948620401686 0.2874154738473741
v -0.1406250000000001 1.6183134445607243 0.29480154427520455
v -0.14062500000000006 1.6241423206859973 0.2640999693462822
v 0.0008107058309812926 2.10905333519967 -0.3401382670278082
v 0.0008107058309813203 2.1343052124859607 -0.3886466719672424
v 0.133393227303459 1.991451202363498 -0.40135806245692907
v 0.13339322730345887 2.0022734354861944 -0.42214737885954356
v -0.13177181564149637 1.991451202363498 -0.401358062456929
v -0.13177181564149631 2.0022734354861944 -0.4221473788595437
v 0.0008102638892431013 1.8863492911734314 -0.4625777620470629
v 0.0008107058309814036 1.9053510059295566 -0.5110865941298681
v -0.0010012702648623806 1.749486031596761 0.40791161963134714
v -0.0010012702648623528 1.872003447189987 0.42295486670791993
v 0.26750121887123046 1.7258195390758226 0.29295314415224705
v 0.2675012188712304 1.885557435355598 0.31256649160651306
v -0.003393041717144135 1.7501897352968399 0.40218041291525786
v -0.0033930417171441074 1.8727071508900657 0.417223659991831
v 0.260325904514385 1.7279306501760592 0.27575952400397974
v 0.260325904514385 1.8876685464558343 0.29537287145824564
v 0.0033930417171438576 1.7501897352968399 0.40218041291525797
v 0.003393041717143913 1.8727071508900657 0.41722365999183075
v -0.26032590451438503 1.7279306501760592 0.27575952400397974
v -0.2603259045143852 1.8876685464558343 0.29537287145824553
v 0.001001270264862103 1.7494860315967609 0.40791161963134703
v 0.0010012702648620198 1.8720034471899867 0.42295486670791993
v -0.2675012188712306 1.7258195390758229 0.29295314415224727
v -0.2675012188712307 1.8855574353555982 0.3125664916065132
v -0.24009599764901496 1.7945527194994093 0.353223600974059
v -0.300628407745825 1.9356390654258182 0.18121959652193098
v -0.2303131433765212 1.7241810367460642 0.29205837777700283
v -0.29445130746067294 1.8728294743572524 0.11077734214384682
v -0.2847110904850271 1.7821006158372172 0.3604141663635144
v -0.3488492545691788 1.9307490534484053 0.1791331307303583
v -0.2749282362125334 1.711728933083872 0.2992489431664581
v -0.33906640029668506 1.8603773706950602 0.11796790753330222
v -0.31282925524902094 1.8954091219843718 0.1038693042076646
v -0.3089103465878204 1.6610763472617287 0.16856871013184704
v -0.26674955912853154 1.9270494074485238 0.21567518035552335
v -0.26283065046733095 1.692716632725881 0.2803745862797058
v -0.35007309953266913 1.8929658672741192 0.11991041372029476
v -0.3461541908714685 1.658633092551476 0.18460981964447698
v -0.30399340341217995 1.9246061527382712 0.2317162898681534
v -0.30007449475097925 1.690273378015628 0.29641569579233584
v 0.24009599764901474 1.794552719499409 0.35322360097405914
v 0.3006284077458248 1.9356390654258184 0.18121959652193087
v 0.23031314337652092 1.724181036746064 0.29205837777700283
v 0.29445130746067266 1.8728294743572524 0.11077734214384671
v 0.28471109048502685 1.782100615837217 0.36041416636351453
v 0.3488492545691786 1.9307490534484053 0.17913313073035841
v 0.27492823621253326 1.711728933083872 0.2992489431664581
v 0.33906640029668483 1.8603773706950602 0.11796790753330222
v 0.3128292552490207 1.895409121984372 0.10386930420766449
v 0.30891034658782 1.6610763472617287 0.16856871013184693
v 0.2667495591285315 1.927049407448524 0.21567518035552347
v 0.2628306504673308 1.692716632725881 0.2803745862797057
v 0.350073099532669 1.8929658672741194 0.11991041372029476
v 0.34615419087146826 1.658633092551476 0.18460981964447698
v 0.30399340341217973 1.9246061527382714 0.23171628986815362
v 0.30007449475097914 1.690273378015628 0.29641569579233573
v -0.28731642570983396 1.879079180769053 -0.3953659419989715
v -0.02514168529590885 1.9172610452752765 -0.48974874346046404
v -0.2846353290746998 1.84834612540653 -0.40035127337383175
v -0.022460588660774855 1.8865279899127532 -0.4947340748353242
v -0.3258453914590571 1.8515637455938896 -0.24646175601845927
v -0.28731609318162327 1.879079305656763 -0.3953659185817502
v -0.32316429827743387 1.8208306899371267 -0.25144708743670896
v -0.2846350000000001 1.8483462500000003 -0.40035124999999966
v 0.2873164257098336 1.8790791807690532 -0.3953659419989715
v 0.025141685295908787 1.9172610452752763 -0.489748743460464
v 0.2846353290746996 1.8483461254065303 -0.40035127337383186
v 0.02246058866077468 1.886527989912753 -0.49473407483532433
v 0.3258453914590569 1.8515637455938896 -0.24646175601845932
v 0.2873160931816231 1.879079305656763 -0.3953659185817502
v 0.3231642982774338 1.820830689937127 -0.2514470874367091
v 0.2846349999999999 1.8483462500000005 -0.4003512499999997
v 0.0009031191541181982 1.9962856748970697 0.3502546580057856
v 0.2884878379230773 1.9014416884008785 0.26025968548
v -0.00047993370012427983 1.7377084171781407 0.34624876026757123
v 0.23513548270697843 1.6800182965908377 0.24593188462877358
v -0.000710504061975481 1.9920020690557232 0.4319906320564024
v 0.2922512040758358 1.8642291799795365 0.2823772683116935
v -0.0005691520533749328 1.734997052134369 0.39666174138042387
v 0.27687579285034575 1.6731865169824773 0.28917935201346767
v 0.3098123472537386 1.6357163307765465 -0.15408764432112393
v 0.29163563188545727 1.7515685055913799 -0.22306545776693903
v 0.32288025941873616 1.7502452049542747 -0.02371524888910337
v 0.35981203805924555 1.63549795294387 -0.15408772879976507
v 0.26570628515219386 1.8828889322440132 0.10822481330145328
v 0.30863752190783716 1.6326614345128962 0.14132728020718877
v 0.3010527145025166 1.890245362366548 0.1531869955145425
v 0.323430881019117 1.8906257360123855 -0.13869005127155343
v 0.35648327865027474 1.633768672940981 0.1487889571432055
v 0.27655639284958117 1.9282705997676155 -0.20738061913052513
v 0.294760364973096 1.7514944992259576 -0.22300567808169386
v 0.27617072081569083 1.8398831343031412 -0.29576934165948665
v 0.34163532269096436 1.7513501277587036 -0.22306554224558028
v 0.31054471672864553 1.8397385588139263 -0.2958291409150773
v 0.2765563430213796 1.9128635459119236 -0.03127682485819727
v 0.27655597507388785 1.9607871310842508 -0.07148931728264057
v 0.2765559777480642 1.8803457372545846 -0.1673556717562963
v 0.3234308797035861 1.9128631046008868 -0.031276530156485016
v 0.3234310110795245 1.9607872463865024 -0.07148980535341076
v 0.3234312369597576 1.8803457614623302 -0.16735558319386656
v 0.3234308823777625 1.8324217107712202 -0.12714288463014084
v 0.32327100442757273 1.8397375922201271 -0.13467757508461287
v 0.28584764068274726 1.8291872784183616 -0.06981924278075236
v 0.2734548758131067 1.881939986425279 -0.10050562053942091
v 0.2763960467097043 1.8398819636873813 -0.13461771092072622
v 0.2765563456955559 1.8324221520822572 -0.12714317933185304
v 0.3041308702717497 1.7504636025546745 0.03878418236238279
v 0.356918009390199 1.6339945685679123 0.1092323381159791
v 0.36483382008823734 1.7775687835811576 0.06241194871375044
v 0.3700961755689458 1.7789364548363564 -0.10208820890364512
v 0.3593162175844051 1.6352402349819533 -0.10896168017802177
v -0.0009031191541183092 1.9962856748970699 0.3502546580057855
v -0.28848783792307775 1.9014416884008785 0.2602596854799999
v 0.00047993370012414105 1.7377084171781407 0.346248760267571
v -0.2351354827069786 1.6800182965908377 0.24593188462877358
v 0.0007105040619751757 1.9920020690557234 0.4319906320564023
v -0.29225120407583605 1.8642291799795365 0.28237726831169363
v 0.0005691520533747385 1.734997052134369 0.39666174138042387
v -0.27687579285034597 1.6731865169824773 0.28917935201346767
v -0.3098123472537388 1.6357163307765468 -0.15408764432112376
v -0.29163563188545744 1.75156850559138 -0.22306545776693892
v -0.3228802594187363 1.750245204954275 -0.02371524888910337
v -0.3598120380592458 1.63549795294387 -0.15408772879976496
v -0.2657062851521941 1.8828889322440132 0.1082248133014534
v -0.3086375219078375 1.632661434512896 0.14132728020718877
v -0.3010527145025167 1.890245362366548 0.1531869955145425
v -0.3234308810191171 1.8906257360123857 -0.13869005127155348
v -0.35648327865027496 1.633768672940981 0.1487889571432054
v -0.2765563928495812 1.9282705997676155 -0.20738061913052497
v -0.2947603649730962 1.7514944992259576 -0.2230056780816937
v -0.276170720815691 1.8398831343031414 -0.29576934165948665
v -0.34163532269096464 1.7513501277587034 -0.2230655422455804
v -0.3105447167286457 1.8397385588139266 -0.29582914091507695
v -0.2765563430213799 1.9128635459119234 -0.031276824858197216
v -0.27655597507388807 1.960787131084251 -0.07148931728264041
v -0.2765559777480644 1.8803457372545849 -0.16735567175629623
v -0.32343087970358625 1.9128631046008866 -0.03127653015648507
v -0.32343101107952477 1.9607872463865026 -0.07148980535341076
v -0.32343123695975784 1.8803457614623302 -0.16735558319386656
v -0.32343088237776263 1.8324217107712202 -0.1271428846301409
v -0.32327100442757284 1.8397375922201271 -0.13467757508461298
v -0.28584764068274743 1.8291872784183618 -0.06981924278075224
v -0.27345487581310685 1.8819399864252793 -0.10050562053942091
v -0.2763960467097045 1.8398819636873815 -0.13461771092072627
v -0.27655634569555615 1.8324221520822572 -0.12714317933185315
v -0.3041308702717499 1.7504636025546747 0.03878418236238279
v -0.35691800939019913 1.6339945685679118 0.10923233811597921
v -0.3648338200882374 1.7775687835811573 0.062411948713750554
v -0.37009617556894603 1.7789364548363564 -0.102088208903645
v -0.35931621758440524 1.635240234981953 -0.10896168017802166
v 0.006922196673094155 1.7347025881536215 0.3147427969281552
v 0.05257930384874826 1.6772285520966213 0.2993426753809245
v 0.006922196673094183 1.7266144929941678 0.3449279789996885
v 0.052579303848748205 1.6691404569371673 0.32952785745245794
v -0.052579303848748316 1.6906012091790095 0.30292586804680866
v -0.006922196673094405 1.6331271731220092 0.2875257464995785
v -0.05257930384874843 1.6825131140195555 0.3331110501183421
v -0.006922196673094433 1.6250390779625554 0.3177109285711117
v -0.05937500000000012 2.050466941782166 -0.3911069318774517
v 0.05937499999999992 2.0504669417821666 -0.39110693187745177
v -0.05937500000000001 1.9158980714058034 -0.46417186704220414
v 0.05937499999999995 1.9158980714058034 -0.464171867042204
v -0.05937500000000007 2.0713426375435238 -0.42955518055641284
v 0.05937499999999995 2.071342637543524 -0.4295551805564129
v -0.059374999999999956 1.936773767167161 -0.5026201157211652
v 0.05937499999999988 1.9367737671671612 -0.502620115721165
v -0.07499999999999996 1.946443244295834 -0.44815020529902616
v 0.07499999999999996 1.946443244295834 -0.4481502052990263
v -0.07499999999999998 1.890811101981726 -0.45646448467506684
v 0.07499999999999997 1.8908111019817258 -0.456464484675067
v -0.07499999999999998 1.9547575236718744 -0.503782347613134
v 0.0749999999999999 1.9547575236718742 -0.503782347613134
v -0.07500000000000001 1.8991253813577664 -0.5120966269891747
v 0.07499999999999987 1.8991253813577662 -0.5120966269891747
v -0.28492642346930686 2.0908704283744535 0.10000000000000009
v -0.28492642346930686 2.090870428374454 -0.0999999999999997
v -0.29291435503910435 2.0639036233312864 0.1000000000000002
v -0.2929143550391044 2.0639036233312864 -0.09999999999999981
v -0.290919046812233 2.0926455242788538 0.10000000000000031
v -0.290919046812233 2.0926455242788533 -0.09999999999999981
v -0.2989069783820307 2.065678719235686 0.10000000000000009
v -0.2989069783820307 2.065678719235686 -0.09999999999999976
v 0.0033934361126489315 2.2098236413670893 0.1000000000000002
v 0.0033934361126489176 2.209823641367089 -0.09999999999999987
v -0.2882060413362266 2.089039183026857 0.1000000000000002
v -0.2882060413362266 2.0890391830268573 -0.09999999999999959
v 0.0010016646603670937 2.2155978884452843 0.1000000000000002
v 0.0010016646603670798 2.2155978884452843 -0.09999999999999959
v -0.2905978127885084 2.0948134301050523 0.10000000000000009
v -0.2905978127885084 2.0948134301050527 -0.09999999999999976
v -0.2299657329941469 2.0522198691518496 0.1000000000000002
v -0.22996573299414697 2.052219869151849 -0.09999999999999987
v -0.2685190392268715 1.8783171428836114 0.1000000000000002
v -0.2685190392268715 1.8783171428836116 -0.09999999999999976
v -0.3031879335281419 2.068452840197207 0.1000000000000002
v -0.3031879335281419 2.068452840197207 -0.09999999999999987
v -0.34174123976086646 1.8945501139289693 0.1000000000000002
v -0.34174123976086646 1.894550113928969 -0.09999999999999981
v 0.3031879335281417 2.0684528401972075 0.1000000000000002
v 0.3031879335281417 2.068452840197207 -0.09999999999999987
v 0.34174123976086623 1.8945501139289693 0.1000000000000002
v 0.34174123976086623 1.894550113928969 -0.09999999999999987
v 0.22996573299414674 2.052219869151849 0.10000000000000009
v 0.22996573299414677 2.052219869151849 -0.09999999999999998
v 0.26851903922687126 1.8783171428836112 0.10000000000000009
v 0.2685190392268713 1.8783171428836114 -0.09999999999999981
v -0.0010016646603673296 2.2155978884452843 0.1000000000000002
v -0.0010016646603673435 2.2155978884452843 -0.09999999999999976
v 0.29059781278850816 2.0948134301050523 0.1000000000000002
v 0.29059781278850805 2.0948134301050527 -0.09999999999999976
v -0.0033934361126491397 2.2098236413670893 0.10000000000000042
v -0.0033934361126491536 2.209823641367089 -0.09999999999999976
v 0.28820604133622635 2.089039183026857 0.1000000000000002
v 0.28820604133622635 2.089039183026857 -0.09999999999999981
v 0.2909190468122328 2.0926455242788538 0.1000000000000002
v 0.2909190468122328 2.0926455242788533 -0.09999999999999992
v 0.29890697838203045 2.065678719235686 0.1000000000000002
v 0.2989069783820305 2.0656787192356862 -0.09999999999999976
v 0.28492642346930663 2.0908704283744535 0.10000000000000009
v 0.2849264234693067 2.090870428374454 -0.09999999999999981
v 0.29291435503910423 2.063903623331287 0.1000000000000002
v 0.29291435503910423 2.0639036233312864 -0.09999999999999981
v -0.26874999999999993 1.9375000000000002 0.18750000000000022
v -0.26874999999999993 1.9375000000000002 -0.1749999999999997
v -0.26874999999999993 1.8250000000000004 0.1875000000000001
v -0.2687499999999998 1.8250000000000004 -0.1749999999999997
v -0.3500000000000001 1.9375000000000002 0.1875000000000001
v -0.35000000000000003 1.9375000000000002 -0.1749999999999997
v -0.35 1.8250000000000004 0.1875000000000001
v -0.35 1.8250000000000004 -0.1749999999999997
v -0.27583129829858144 1.9364021258692081 -0.17256839181095157
v -0.2677103014688365 1.8840464722745607 -0.29264960369344606
v -0.27905236618141005 1.8447039835480756 -0.1328056527636025
v -0.27093136935166534 1.792348329953428 -0.25288686464609705
v -0.34441382722103675 1.9367367178830102 -0.17735245648284576
v -0.336292830391292 1.8843810642883625 -0.2974336683653402
v -0.3476348951038654 1.845038575561878 -0.1375897174354967
v -0.3395138982741208 1.7926829219672302 -0.2576709293179914
v 0.34999999999999987 1.9375000000000002 0.1875000000000001
v 0.3499999999999998 1.9375000000000002 -0.1749999999999997
v 0.3499999999999998 1.8250000000000002 0.1875000000000001
v 0.34999999999999987 1.8250000000000002 -0.17499999999999982
v 0.2687499999999998 1.9375000000000002 0.18750000000000022
v 0.26874999999999977 1.9375000000000002 -0.1749999999999997
v 0.2687499999999998 1.8250000000000002 0.1875000000000001
v 0.2687499999999997 1.8250000000000002 -0.17499999999999977
v 0.3444138272210365 1.93673671788301 -0.17735245648284587
v 0.33629283039129176 1.8843810642883625 -0.2974336683653404
v 0.34763489510386525 1.8450385755618774 -0.13758971743549675
v 0.33951389827412054 1.79268292196723 -0.2576709293179914
v 0.2758312982985812 1.936402125869208 -0.17256839181095157
v 0.26771030146883634 1.8840464722745605 -0.29264960369344606
v 0.27905236618140994 1.8447039835480754 -0.13280565276360257
v 0.2709313693516652 1.792348329953428 -0.2528868646460971
v 0.1906249999999999 1.9848969697752055 -0.2841598018518464
v 0.19062499999999993 2.002785313091757 -0.3761873503000649
v 0.19062499999999988 1.8529908169994251 -0.3097997606055696
v 0.19062499999999993 1.870879160315976 -0.40182730905378816
v -0.18750000000000017 1.9848969697752055 -0.2841598018518464
v -0.1875000000000001 2.002785313091757 -0.3761873503000648
v -0.1875000000000001 1.8529908169994251 -0.30979976060556946
v -0.1875000000000001 1.870879160315976 -0.40182730905378805
v 0.19062499999999993 1.9861612500000005 0.30927000000000016
v 0.19062499999999988 1.9861612500000003 0.24677000000000027
v 0.19062499999999985 1.74241125 0.30927000000000027
v 0.1906249999999998 1.74241125 0.24677000000000027
v -0.1875 1.9861612500000005 0.30927000000000027
v -0.1875 1.9861612500000005 0.24677000000000016
v -0.1875000000000001 1.7424112500000002 0.30927000000000027
v -0.18750000000000017 1.74241125 0.24677000000000027
v 0.1906249999999999 2.05178625 0.22802000000000022
v 0.19062499999999993 2.05178625 -0.34073
v 0.19062499999999993 1.9642862499999998 0.2280200000000001
v 0.19062499999999993 1.9642862499999998 -0.34072999999999987
v -0.1875000000000001 2.05178625 0.2280200000000001
v -0.18750000000000017 2.05178625 -0.34072999999999987
v -0.18750000000000006 1.9642862499999998 0.2280200000000001
v -0.18750000000000006 1.9642862499999998 -0.34073
v 0.2625218617030732 2.085289032598485 0.1625000000000002
v 0.2625218617030731 2.085289032598485 -0.1937499999999997
v 0.26617595930087945 1.875945921425116 0.1625000000000003
v 0.2661759593008795 1.875945921425116 -0.1937499999999998
v 0.20003138075579874 2.084198257196155 0.1625000000000002
v 0.20003138075579874 2.084198257196155 -0.19374999999999976
v 0.20368547835360498 1.8748551460227856 0.1625000000000002
v 0.20368547835360504 1.8748551460227856 -0.19374999999999992
v -0.20003138075579885 2.084198257196155 0.1625000000000003
v -0.2000313807557989 2.084198257196155 -0.1937499999999997
v -0.20368547835360518 1.8748551460227856 0.1625000000000003
v -0.20368547835360512 1.8748551460227856 -0.1937499999999998
v -0.26252186170307334 2.085289032598485 0.16250000000000042
v -0.26252186170307334 2.085289032598485 -0.19374999999999964
v -0.2661759593008796 1.8759459214251157 0.16250000000000042
v -0.26617595930087956 1.8759459214251157 -0.19374999999999976
vt 0.05929015572074686 0.49549771717338364
vt 0.0009317758131163025 0.5
vt 0 0.4671052631578947
vt 0.05913120764704357 0.4671052631578947
vt 0.10855263157894737 0.4343444209821926
vt 0.10855263157894737 0.49674093365698124
vt 0.07894736842105263 0.4970281929288892
vt 0.07998992607013389 0.4342105263157895
vt 0.7598684210526315 0.6811549075258027
vt 0.7562203143222244 0.6973684210526316
vt 0.6976896544588304 0.6973684210526316
vt 0.6977853371997099 0.6856057921374645
vt 0.11842105263157894 0.26019736842105257
vt 0.10526315789473684 0.26019736842105257
vt 0.10526315789473684 0.20098684210526319
vt 0.11842105263157894 0.19736842105263153
vt 0.15757236842105263 0.11842105263157898
vt 0.1450592105263158 0.11740131578947366
vt 0.1450592105263158 0.08881578947368418
vt 0.15687894736842106 0.08881578947368418
vt 0.8585526315789473 0.9732118625887924
vt 0.8424444665391234 0.9691234677141621
vt 0.8424444665391234 0.9408311810425125
vt 0.8548259755203175 0.9407894736842105
vt 0.8585526315789473 0.26315789473684215
vt 0.8421052631578947 0.26315789473684215
vt 0.8421052631578947 0.23355263157894735
vt 0.8585526315789473 0.23355263157894735
vt 0.8618421052631579 0.3157894736842105
vt 0.8445759173857698 0.3130891038613963
vt 0.8445759173857698 0.2867462439360897
vt 0.859225151934333 0.28716574543079876
vt 0.944078947368421 0.9736842105263158
vt 0.9342105263157895 0.968621605155242
vt 0.9397695431265723 0.9538430798119674
vt 0.944078947368421 0.956492705213607
vt 0.8289473684210527 0.09210526315789469
vt 0.8157894736842105 0.09210526315789469
vt 0.8157894736842105 0.07565789473684215
vt 0.8289473684210527 0.07565789473684215
vt 0.8889302631578948 0.7078947368421054
vt 0.8829763157894737 0.7105263157894737
vt 0.8829763157894737 0.680921052631579
vt 0.8947368421052632 0.680921052631579
vt 0.8947368421052632 0.762095001341068
vt 0.8830305484581125 0.7631578947368421
vt 0.8828553643118893 0.7335526315789473
vt 0.8946580417306819 0.7335526315789473
vt 0.8486842105263158 0.4473684210526315
vt 0.8289473684210527 0.4473684210526315
vt 0.8289473684210527 0.42105263157894735
vt 0.8486842105263158 0.42105263157894735
vt 0.8618421052631579 0.6842105263157895
vt 0.8421052631578947 0.6842105263157895
vt 0.8421052631578947 0.6620236842105263
vt 0.8618421052631579 0.6579026315789474
vt 0.9407894736842105 0.6578947368421053
vt 0.9342105263157895 0.6578947368421053
vt 0.9342105263157895 0.638157894736842
vt 0.9407894736842105 0.638157894736842
vt 0.5789473684210527 0.7105263157894737
vt 0.5789473684210527 0.6973684210526316
vt 0.5986842105263158 0.6973684210526316
vt 0.5986842105263158 0.7090736842105263
vt 0.756578947368421 0.11842105263157898
vt 0.7506578947368421 0.11842105263157898
vt 0.7506578947368421 0.09276315789473677
vt 0.7625000000000001 0.09703947368421051
vt 0.8947368421052632 0.9605263157894737
vt 0.8875000000000001 0.9605263157894737
vt 0.881578947368421 0.9342105263157895
vt 0.8947368421052632 0.9342105263157895
vt 0.9407894736842105 0.5723684210526316
vt 0.9407894736842105 0.5921052631578947
vt 0.9342105263157895 0.5921052631578947
vt 0.9342105263157895 0.5723684210526316
vt 0.9670115220148937 0.23684210526315785
vt 0.9480757365842509 0.23684210526315785
vt 0.9473684210526315 0.23184729797740267
vt 0.965787793839477 0.23210957765018636
vt 0.9276315789473685 0.4615190400586586
vt 0.926340037077576 0.4736842105263158
vt 0.9079199194321311 0.4736842105263158
vt 0.9086978269610221 0.46164760711057373
vt 0.8947368421052632 0.5263157894736843
vt 0.8947368421052632 0.513157894736842
vt 0.9144736842105263 0.513157894736842
vt 0.9144736842105263 0.5263157894736843
vt 0.9605263157894737 0.18327227396792567
vt 0.9484985111460634 0.1842105263157895
vt 0.9484985111460634 0.17763157894736847
vt 0.9603160836831589 0.17763157894736847
vt 0.9407894736842105 0.04042646009849915
vt 0.9399499219678633 0.052631578947368474
vt 0.935068002784699 0.05236672495451944
vt 0.935068002784699 0.04062116396712556
vt 0.18092105263157895 0.049342105263157854
vt 0.18092105263157895 0.06578947368421051
vt 0.17105263157894737 0.06578947368421051
vt 0.17105263157894737 0.049342105263157854
vt 0.043008448458947475 0.052631578947368474
vt 0.027546529674340195 0.04943589973499396
vt 0.02631578947368421 0.046052631578947345
vt 0.042098811072086184 0.046052631578947345
vt 0.6045499697110341 0.07894736842105265
vt 0.5924893842240019 0.07805107951441093
vt 0.5924893842240019 0.06226110134264573
vt 0.6048790368286298 0.06349108879785204
vt 0.9078947368421053 0.1842105263157895
vt 0.9078947368421053 0.17105263157894735
vt 0.9243421052631579 0.17105263157894735
vt 0.9243421052631579 0.1842105263157895
vt 0.9473684210526315 0.259312020114024
vt 0.9350994079607065 0.26315789473684215
vt 0.9350994079607065 0.2532894736842105
vt 0.9468818617195344 0.2532894736842105
vt 0.48355263157894735 0.04054900259128291
vt 0.48303179338710645 0.052631578947368474
vt 0.4750513067896561 0.05242721127101124
vt 0.4750513067896561 0.040623150746117886
vt 0.44669794008179 0.1875
vt 0.44425392103088485 0.24635703858273894
vt 0.4342105263157895 0.25
vt 0.4342105263157895 0.1875
vt 0.7867582274924746 0.39473684210526316
vt 0.724097190308758 0.3900416715208106
vt 0.7236842105263158 0.381578947368421
vt 0.786830314798587 0.381578947368421
vt 0.3013462432840819 0.23684210526315785
vt 0.2894736842105263 0.23332364184680032
vt 0.2894736842105263 0.17375688081278817
vt 0.3006760843858701 0.17445002545446364
vt 0.7368421052631579 0.618421052631579
vt 0.7368421052631579 0.6052631578947368
vt 0.7993421052631579 0.6052631578947368
vt 0.7993421052631579 0.618421052631579
vt 0.6052631578947368 0.5875262316664889
vt 0.5926060605884342 0.5921052631578947
vt 0.5926060605884342 0.5789473684210527
vt 0.6044424847134852 0.5789473684210527
vt 0.2075920629336525 0.053722677546225506
vt 0.2103690724269889 0.06578947368421051
vt 0.1976586146250596 0.06578947368421051
vt 0.19752566441511635 0.05447751285073055
vt 0.3848684210526316 0.5526315789473684
vt 0.32894736842105265 0.5526315789473684
vt 0.32894736842105265 0.513157894736842
vt 0.3848684210526316 0.513157894736842
vt 0.20972462744886036 0.5921052631578947
vt 0.1455385304458765 0.5921052631578947
vt 0.14609383171601728 0.5526353720122299
vt 0.2094170757429529 0.5519919684676127
vt 0.7097233768745669 0.5361842105263157
vt 0.7037285874775681 0.5526315789473684
vt 0.6478081457066173 0.5523701988304375
vt 0.64553978102017 0.5361842105263157
vt 0.6085526315789473 0.3264936692712439
vt 0.5921052631578947 0.3247863236693448
vt 0.5928429743712463 0.26887013719718345
vt 0.6085526315789473 0.26315789473684215
vt 0.05513947368421052 0.21003421052631577
vt 0.039473684210526314 0.21052631578947367
vt 0.039473684210526314 0.17039473684210527
vt 0.056132894736842104 0.1705868421052631
vt 0.7927631578947368 0.368421052631579
vt 0.7763157894736842 0.368421052631579
vt 0.7763157894736842 0.32894736842105265
vt 0.7927631578947368 0.32894736842105265
vt 0.05592105263157895 0.7763157894736842
vt 0 0.7763157894736842
vt 0 0.7105263157894737
vt 0.05592105263157895 0.7105263157894737
vt 0.06578947368421052 0.8665513157894738
vt 0 0.868421052631579
vt 0 0.8
vt 0.06578947368421052 0.800103947368421
vt 0.5685828947368421 0.3421052631578947
vt 0.5527934210526316 0.3355263157894737
vt 0.5527934210526316 0.28026315789473677
vt 0.568917105263158 0.2773157894736842
vt 0.6580642879676821 0.32894736842105265
vt 0.674172554137581 0.3319778690611913
vt 0.6738874880255863 0.38724029171719154
vt 0.6580642879676821 0.3937377040966217
vt 0.05592105263157895 0.381578947368421
vt 0.039473684210526314 0.3797092105263158
vt 0.039473684210526314 0.3132618421052632
vt 0.05592105263157895 0.3131578947368421
vt 0.4901315789473684 0.381578947368421
vt 0.47368421052631576 0.381578947368421
vt 0.47368421052631576 0.3157894736842105
vt 0.4901315789473684 0.3157894736842105
vt 0.46381578947368424 0.631578947368421
vt 0.40789473684210525 0.631578947368421
vt 0.40789473684210525 0.5888157894736843
vt 0.46381578947368424 0.5888157894736843
vt 0.31535723684210526 0.6047710526315789
vt 0.25043223684210525 0.6052631578947368
vt 0.25043223684210525 0.5638157894736842
vt 0.3144388157894737 0.5654868421052631
vt 0.7100940789473684 0.7471315789473685
vt 0.7070967105263158 0.7631578947368421
vt 0.6518335526315789 0.7631578947368421
vt 0.6451690789473684 0.7468921052631579
vt 0.6833210526315789 0.9286855263157895
vt 0.6766565789473684 0.9449578947368421
vt 0.6213934210526316 0.9449578947368421
vt 0.6193105263157894 0.9276315789473684
vt 0.17434210526315788 0.22331842105263155
vt 0.15789473684210525 0.22368421052631582
vt 0.15789473684210525 0.18223684210526314
vt 0.17434210526315788 0.181871052631579
vt 0.5296052631578947 0.22235131578947365
vt 0.5143223684210526 0.2214934210526316
vt 0.5131578947368421 0.18219078947368417
vt 0.5296052631578947 0.18092105263157898
vt 0.4934210526315789 1
vt 0.4342105263157895 1
vt 0.4342105263157895 0.9605263157894737
vt 0.4934210526315789 0.9605263157894737
vt 0.36959682933649746 0.8285818897099797
vt 0.30615265789779916 0.8285818897099797
vt 0.30369955343562205 0.7882626501069315
vt 0.37393202551174637 0.7861842105263158
vt 0.24524664589952516 0.39473684210526316
vt 0.22514809094258012 0.39473684210526316
vt 0.22903733983216085 0.3373025852475008
vt 0.24467588299045706 0.33143785841124096
vt 0.6974522249164387 0.375
vt 0.7104425119256665 0.38092969198932325
vt 0.7097646550152948 0.43849149032587276
vt 0.6974522249164387 0.4452851361496398
vt 0.017234210526315786 0.22368421052631582
vt 0 0.22368421052631582
vt 0 0.1835526315789474
vt 0.014278947368421053 0.1833973684210527
vt 0.6505181835474996 0.2676647088264109
vt 0.6323765532946057 0.2763157894736842
vt 0.6323765532946057 0.2334533637192866
vt 0.6439433375033137 0.22884652771480019
vt 0.3980263157894737 0.7631578947368421
vt 0.32894736842105265 0.7631578947368421
vt 0.32894736842105265 0.7203947368421053
vt 0.3980263157894737 0.7203947368421053
vt 0.3190789473684211 0.6710526315789473
vt 0.25 0.6710526315789473
vt 0.25 0.6282894736842105
vt 0.3190789473684211 0.6282894736842105
vt 0.819078947368421 0.805921052631579
vt 0.819078947368421 0.8157894736842105
vt 0.75 0.8157894736842105
vt 0.75 0.805921052631579
vt 0.7861842105263158 0.736842105263158
vt 0.7763157894736842 0.736842105263158
vt 0.7763157894736842 0.6677631578947368
vt 0.7861842105263158 0.6677631578947368
vt 0.0756578947368421 0.13157894736842102
vt 0.06578947368421052 0.13157894736842102
vt 0.06578947368421052 0.08881578947368418
vt 0.0756578947368421 0.08881578947368418
vt 0.10197368421052631 0.13157894736842102
vt 0.09210526315789473 0.13157894736842102
vt 0.09210526315789473 0.08881578947368418
vt 0.10197368421052631 0.08881578947368418
vt 0.18047473823847646 0.5224575515173568
vt 0.1413454363207267 0.5263157894736843
vt 0.13202526176152354 0.48355263157894735
vt 0.17695061262578513 0.48355263157894735
vt 0.5526315789473685 0.4473684210526315
vt 0.5131578947368421 0.4473684210526315
vt 0.5131578947368421 0.4078947368421053
vt 0.5526315789473685 0.4078947368421053
vt 0.8552631578947368 0.3411916314441985
vt 0.8552631578947368 0.35526315789473684
vt 0.8159444846811452 0.3545929803742297
vt 0.8157894736842105 0.3406009061565821
vt 0.8618421052631579 0.9868421052631579
vt 0.8618421052631579 0.9991922206360194
vt 0.8157894736842105 0.9982036941737038
vt 0.8214439378063215 0.9880093193414597
vt 0.7520565590489268 0.16970144450702396
vt 0.7380750198984417 0.17033965635938864
vt 0.7380750198984417 0.13214633115683916
vt 0.7504133479653662 0.13157894736842102
vt 0.8182403417455724 0.5657894736842105
vt 0.804169557097607 0.5657894736842105
vt 0.8034701845702171 0.5276379886696551
vt 0.8135231016098065 0.5235412046724458
vt 0.5789473684210527 0.868421052631579
vt 0.5394736842105263 0.868421052631579
vt 0.5394736842105263 0.8256578947368421
vt 0.5789473684210527 0.8256578947368421
vt 0.2631578947368421 0.4605263157894737
vt 0.2236842105263158 0.4605263157894737
vt 0.2236842105263158 0.41776315789473684
vt 0.2631578947368421 0.41776315789473684
vt 0.881578947368421 0.868421052631579
vt 0.881578947368421 0.881578947368421
vt 0.8421052631578947 0.881578947368421
vt 0.8421052631578947 0.868421052631579
vt 0.819078947368421 0.9736842105263158
vt 0.8026315789473685 0.9736842105263158
vt 0.8055934210526315 0.9342105263157895
vt 0.819078947368421 0.9342105263157895
vt 0.3848684210526316 0.23684210526315785
vt 0.37138157894736845 0.23684210526315785
vt 0.3684210526315789 0.19407894736842102
vt 0.3848684210526316 0.19407894736842102
vt 0.7894736842105263 0.1842105263157895
vt 0.7763157894736842 0.1842105263157895
vt 0.7763157894736842 0.14144736842105265
vt 0.7894736842105263 0.14144736842105265
vt 0.7561774805079123 0.9447018575206749
vt 0.7626721502060544 0.9605263157894737
vt 0.6978541655834193 0.9605263157894737
vt 0.708667316822028 0.9530395078920324
vt 0.7100958224955952 0.513157894736842
vt 0.6451673353991416 0.513157894736842
vt 0.7033668888352176 0.49691114348710086
vt 0.9092801431505823 0.27884336265282084
vt 0.9125696168347929 0.26644736842105265
vt 0.9125696168347929 0.32687843737179256
vt 0.9130882779020493 0.326716150009948
vt 0.00007105100213909041 1
vt 0.013086843734703014 1
vt 0.013086843734703014 1
vt 0.5019445757202075 0.07894736842105265
vt 0.5195290234296618 0.07894736842105265
vt 0.5154897797786301 0.09210526315789469
vt 0.5002078186756013 0.08442101538685487
vt 0.13157894736842105 0.1842105263157895
vt 0.14384833191124166 0.2487181553431369
vt 0.13157894736842105 0.25
vt 0.13157894736842105 0.1842105263157895
vt 0.6739574509023128 0.5723684210526316
vt 0.6729788899042045 0.5921052631578947
vt 0.6197672947363018 0.586405995320365
vt 0.6188057069924241 0.5723684210526316
vt 0.5640427944323018 0.7348025451811504
vt 0.5 0.7348025451811504
vt 0.5571430889798268 0.7072368421052632
vt 0.0862944377909122 0.2869091408867904
vt 0.13858218440154452 0.2755146612182432
vt 0.14473684210526316 0.2894736842105263
vt 0.08105062900060299 0.2894736842105263
vt 0.08218056814028539 0.25697366141146827
vt 0.07894736842105263 0.20181110252139034
vt 0.09210526315789473 0.19736842105263153
vt 0.09210526315789473 0.2603535519761402
vt 0.944078947368421 0.14276315789473681
vt 0.944078947368421 0.1578947368421053
vt 0.9360144736842105 0.1540802631578947
vt 0.27631578947368424 0.1031633203887431
vt 0.27631578947368424 0.13157894736842102
vt 0.26397266205920444 0.1222673901629856
vt 0.2631578947368421 0.1018587653638715
vt 0.17434210526315788 0.3035291829506048
vt 0.17434210526315788 0.368421052631579
vt 0.15789473684210525 0.36180671741427806
vt 0.16636731056031462 0.31432133262245254
vt 0.3188451517851931 0.2508524208482146
vt 0.31884515178519307 0.3157894736842105
vt 0.3028653745305963 0.309124688681757
vt 0.9562023765806331 0.8136236905420519
vt 0.8957713076298932 0.8136236905420519
vt 0.9081673018616615 0.8092105263157895
vt 0.9560400892187886 0.8130186610672565
vt 0.962171052631579 0.8554065756881593
vt 0.962171052631579 0.868421052631579
vt 0.962171052631579 0.8554065756881593
vt 0.10197199634616619 0.06359419823702128
vt 0.09210695102225486 0.06578947368421051
vt 0.09210695102225486 0.04847561790912247
vt 0.09626820989363191 0.047258459409525
vt 0.8421052631578947 0.5820326123527255
vt 0.8412717022231601 0.5921052631578947
vt 0.7771683804074617 0.5822368421052632
vt 0.7771683804074617 0.5822368421052632
vt 0.15789473684210525 0.36180671741427806
vt 0.17434210526315788 0.368421052631579
vt 0.17434210526315788 0.3035291829506048
vt 0.16636731056031462 0.31432133262245254
vt 0.31884515178519307 0.3157894736842105
vt 0.3188451517851931 0.2508524208482146
vt 0.3028653745305963 0.309124688681757
vt 0.9081673018616615 0.8092105263157895
vt 0.8957713076298932 0.8136236905420519
vt 0.9562023765806331 0.8136236905420519
vt 0.9560400892187886 0.8130186610672565
vt 0.962171052631579 0.868421052631579
vt 0.962171052631579 0.8554065756881593
vt 0.962171052631579 0.8554065756881593
vt 0.09210695102225486 0.04847561790912247
vt 0.09210695102225486 0.06578947368421051
vt 0.10197199634616619 0.06359419823702128
vt 0.09626820989363191 0.047258459409525
vt 0.8412717022231601 0.5921052631578947
vt 0.8421052631578947 0.5820326123527255
vt 0.7771683804074617 0.5822368421052632
vt 0.7771683804074617 0.5822368421052632
vt 0.2138157894736842 0.25245476978660175
vt 0.2138157894736842 0.3157894736842105
vt 0.19736842105263158 0.30935414188801336
vt 0.20443495122831443 0.2617760409338603
vt 0.13557904580895483 0.3060248974611247
vt 0.13557904580895483 0.368421052631579
vt 0.11842105263157894 0.3622186612678163
vt 0.7604953557218256 0.6433319440544065
vt 0.7631578947368421 0.6578947368421053
vt 0.6998224495525714 0.6578947368421053
vt 0.6998224495525714 0.6578947368421053
vt 0.5449249855910289 0.13157894736842102
vt 0.5394736842105263 0.08365126265692435
vt 0.5460526315789473 0.07249143301438243
vt 0.5460526315789473 0.13112539676690738
vt 0.962171052631579 0.8291706084431361
vt 0.962171052631579 0.8421052631578947
vt 0.962171052631579 0.8291706084431361
vt 0.3833672806835601 0.09906897376279744
vt 0.36992219300065043 0.10526315789473684
vt 0.36992219300065043 0.08701859195613226
vt 0.37362573627490897 0.08476609490231235
vt 0.5592105263157895 0.756578947368421
vt 0.5592105263157895 0.7892164528786155
vt 0.5006439759949344 0.7863820923381833
vt 0.5 0.758267098108638
vt 0.5756578947368421 0.9671052631578947
vt 0.5756578947368421 0.9964324026620442
vt 0.5135688166214397 0.9970435763770265
vt 0.5131578947368421 0.9687630697102041
vt 0.01644736842105263 0.2404528123535672
vt 0.01644736842105263 0.2989834722169612
vt 0 0.3026315789473685
vt 0.004450884611661917 0.24054849509444676
vt 0.5789473684210527 0.20098684210526319
vt 0.5789473684210527 0.26019736842105257
vt 0.5657894736842105 0.26019736842105257
vt 0.5657894736842105 0.19736842105263153
vt 0.35526315789473684 0.10197368421052633
vt 0.35526315789473684 0.1305592105263158
vt 0.34210526315789475 0.13157894736842102
vt 0.34279868421052634 0.10197368421052633
vt 0.8289890757793547 0.8388157894736842
vt 0.8572813624510042 0.8388157894736842
vt 0.8613697573256346 0.8552631578947368
vt 0.8289473684210527 0.851536501836107
vt 0.04276315789473684 0.11513157894736847
vt 0.04276315789473684 0.14473684210526316
vt 0.02631578947368421 0.14473684210526316
vt 0.02631578947368421 0.11513157894736847
vt 0.8552631578947368 0.9046052631578947
vt 0.8816060178200434 0.9046052631578947
vt 0.8843063876428576 0.9210526315789473
vt 0.8556826593894457 0.9184356782501224
vt 0.92264522411651 0.9949517380000731
vt 0.9374237494597846 0.9893927211892902
vt 0.9424863548308584 1
vt 0.9252948495181496 1
vt 0.8552631578947368 0.07565789473684215
vt 0.8552631578947368 0.09210526315789469
vt 0.8421052631578947 0.09210526315789469
vt 0.8421052631578947 0.07565789473684215
vt 0.4605263157894737 0.10197368421052633
vt 0.4605263157894737 0.13157894736842102
vt 0.453175 0.1289473684210526
vt 0.4473684210526316 0.10197368421052633
vt 0.5789473684210527 0.10197368421052633
vt 0.5789473684210527 0.13131067506170613
vt 0.56587950873089 0.13031770407279508
vt 0.5657894736842105 0.10204416321695364
vt 0.16447368421052633 0.13157894736842102
vt 0.16447368421052633 0.1578947368421053
vt 0.14473684210526316 0.1578947368421053
vt 0.14473684210526316 0.13157894736842102
vt 0.8618421052631579 0.5436026315789474
vt 0.8618421052631579 0.5657894736842105
vt 0.8421052631578947 0.5657894736842105
vt 0.8421052631578947 0.5394815789473684
vt 0.9407894736842105 0.3092105263157895
vt 0.9407894736842105 0.32894736842105265
vt 0.9342105263157895 0.32894736842105265
vt 0.9342105263157895 0.3092105263157895
vt 0.8947368421052632 0.13157894736842102
vt 0.9144736842105263 0.13157894736842102
vt 0.9144736842105263 0.14473684210526316
vt 0.8947368421052632 0.1432842105263158
vt 0.8947368421052632 0.30328947368421044
vt 0.8947368421052632 0.32894736842105265
vt 0.8875000000000001 0.32894736842105265
vt 0.881578947368421 0.3075657894736842
vt 0.7361842105263158 0.09210526315789469
vt 0.7302631578947368 0.11842105263157898
vt 0.7243421052631579 0.11842105263157898
vt 0.7243421052631579 0.09210526315789469
vt 0.9539473684210527 0.5197368421052632
vt 0.9539473684210527 0.5263157894736843
vt 0.9342105263157895 0.5263157894736843
vt 0.9342105263157895 0.5197368421052632
vt 0.7763157894736842 0.04614637272194844
vt 0.7828947368421053 0.04685368825356773
vt 0.7828947368421053 0.06578947368421051
vt 0.7765780691464678 0.06456574550879368
vt 0.9210526315789473 0.5723936036426576
vt 0.9210526315789473 0.5908137212881022
vt 0.9078947368421053 0.5921052631578947
vt 0.9080233038940204 0.5731715111715483
vt 0.9078947368421053 0.9605263157894737
vt 0.9078947368421053 0.9407894736842105
vt 0.9210526315789473 0.9407894736842105
vt 0.9210526315789473 0.9605263157894737
vt 0.8552631578947368 0.03947368421052633
vt 0.8611838580304433 0.03947368421052633
vt 0.8602456056825792 0.052631578947368474
vt 0.8552631578947368 0.052421346841053595
vt 0.8933177131825231 0.0465073213394992
vt 0.8937484514344665 0.05137740831067217
vt 0.881578947368421 0.052631578947368474
vt 0.881578947368421 0.04690679608245407
vt 0.9375 0.20065789473684215
vt 0.9375 0.21052631578947367
vt 0.9210526315789473 0.21052631578947367
vt 0.9210526315789473 0.20065789473684215
vt 0.9361608245982231 0.7069915515410525
vt 0.9408832681560465 0.7082222917417085
vt 0.944078947368421 0.7236842105263157
vt 0.9361608245982231 0.7227745731394546
vt 0.7778410769871124 0.07894736842105265
vt 0.7936310551588776 0.07894736842105265
vt 0.7945273440655193 0.0917761960402993
vt 0.7790710644423186 0.09210526315789469
vt 0.868421052631579 0.09210526315789469
vt 0.868421052631579 0.07565789473684215
vt 0.881578947368421 0.07565789473684215
vt 0.881578947368421 0.09210526315789469
vt 0.9342105263157895 0.06578947368421051
vt 0.9427639839989714 0.06578947368421051
vt 0.9389181093761533 0.07894736842105265
vt 0.9342105263157895 0.07846080908795539
vt 0.013157894736842105 0.04443712283642154
vt 0.013157894736842105 0.052420225771948825
vt 0 0.052631578947368474
vt 0.0002917580253995057 0.04413493853032724
vt 0.8157894736842105 0.8289473684210527
vt 0.8121499773018603 0.8389920193046682
vt 0.7526334563627873 0.8414565707950006
vt 0.7526334563627873 0.8289691562859085
vt 0.4087550514171313 0.18685491987182512
vt 0.41671441373977286 0.18731323844912628
vt 0.42105263157894735 0.25
vt 0.4083954121938562 0.25
vt 0.7395463544969987 0.9868421052631579
vt 0.7991131155310108 0.9868421052631579
vt 0.8026315789473685 1
vt 0.7402394991386742 0.9993298411017882
vt 0.7368421052631579 0.3157894736842105
vt 0.7368421052631579 0.2532894736842105
vt 0.75 0.2532894736842105
vt 0.75 0.3157894736842105
vt 0.618421052631579 0.5394736842105263
vt 0.6309208978522274 0.5394736842105263
vt 0.6263418663608216 0.5526315789473684
vt 0.618421052631579 0.5518109057661167
vt 0.5789473684210527 0.8820263843033338
vt 0.5789473684210527 0.8947368421052632
vt 0.5657894736842105 0.8919598326119268
vt 0.5665443089887156 0.8818934340933906
vt 0.5164473684210527 0.8026315789473684
vt 0.5164473684210527 0.8421052631578947
vt 0.4605263157894737 0.8421052631578947
vt 0.4605263157894737 0.8026315789473684
vt 0.3971485951615814 0.7763157894736842
vt 0.436622392376332 0.7763157894736842
vt 0.43571944855774697 0.8421052631578947
vt 0.3956144497289312 0.8412334444256443
vt 0.4375 0.2934210526315789
vt 0.4375 0.3493421052631579
vt 0.42105263157894735 0.35526315789473684
vt 0.4213526315789473 0.2910802631578948
vt 0.6782032894736842 0.8125
vt 0.7341243421052631 0.8125
vt 0.7356124999999999 0.8289473684210527
vt 0.6722822368421052 0.8281118421052631
vt 0.7658021934871587 0.43070965436319264
vt 0.805921052631579 0.4317199858726669
vt 0.8050347096718473 0.4473684210526315
vt 0.7655748343459664 0.4473684210526315
vt 0.819078947368421 0.7236842105263157
vt 0.819078947368421 0.7631578947368421
vt 0.8026315789473685 0.7631578947368421
vt 0.8026315789473685 0.7236842105263157
vt 0.13486842105263158 0.7105263157894737
vt 0.13486842105263158 0.7763157894736842
vt 0.07894736842105263 0.7763157894736842
vt 0.07894736842105263 0.7105263157894737
vt 0.14473684210526316 0.8
vt 0.14473684210526316 0.868421052631579
vt 0.07894736842105263 0.8665513157894738
vt 0.07894736842105263 0.800103947368421
vt 0.6614248064865647 0.615470681198522
vt 0.716687229142565 0.6157557473105169
vt 0.723184641521995 0.631578947368421
vt 0.658394305846426 0.631578947368421
vt 0.7166052631578947 0.9996763157894737
vt 0.661342105263158 0.9996763157894737
vt 0.6583947368421053 0.9835526315789473
vt 0.7231842105263159 0.9838868421052631
vt 0.09539473684210527 0.3132618421052632
vt 0.09539473684210527 0.3797092105263158
vt 0.07894736842105263 0.381578947368421
vt 0.07894736842105263 0.3131578947368421
vt 0.6348684210526315 0.3421052631578947
vt 0.6348684210526315 0.4078947368421053
vt 0.618421052631579 0.4078947368421053
vt 0.618421052631579 0.3421052631578947
vt 0.4769736842105263 0.7203947368421053
vt 0.4769736842105263 0.7631578947368421
vt 0.42105263157894735 0.7631578947368421
vt 0.42105263157894735 0.7203947368421053
vt 0.13157894736842105 0.5638157894736842
vt 0.13157894736842105 0.6052631578947368
vt 0.06578947368421052 0.6047710526315789
vt 0.0667092105263158 0.5654868421052631
vt 0.6742544613775225 0.8497023738061903
vt 0.6740212051334818 0.9049650394315764
vt 0.6579823807277406 0.9078947368421053
vt 0.6579823807277406 0.8430533697789586
vt 0.3606184957681624 0.3181480766640713
vt 0.3597382006665667 0.37340422293788167
vt 0.3433288726528902 0.3797239012788637
vt 0.3433288726528902 0.3157894736842105
vt 0.24013157894736842 0.18223684210526314
vt 0.24013157894736842 0.22368421052631582
vt 0.2236842105263158 0.22331842105263155
vt 0.2236842105263158 0.181871052631579
vt 0.7927631578947368 0.2079893502824811
vt 0.7927631578947368 0.24730922881728434
vt 0.7775427630294286 0.2486489326251332
vt 0.7763157894736842 0.20723684210526316
vt 0.4934210526315789 0.9078947368421053
vt 0.4934210526315789 0.9473684210526316
vt 0.4342105263157895 0.9473684210526316
vt 0.4342105263157895 0.9078947368421053
vt 0.09418370273851047 0.625
vt 0.13486842105263158 0.6274531044621772
vt 0.13486842105263158 0.6908972759008754
vt 0.09210526315789473 0.6952324720761243
vt 0.400601568941523 0.3785275360378989
vt 0.45723684210526316 0.37463828714831815
vt 0.45723684210526316 0.39473684210526316
vt 0.39473684210526316 0.39416607919619506
vt 0.7617546052631579 0.47358552631578943
vt 0.7041888157894737 0.47358552631578943
vt 0.6984125 0.4605263157894737
vt 0.7686927631578948 0.46135394736842106
vt 0.6480263157894737 0.17039473684210527
vt 0.6480263157894737 0.21052631578947367
vt 0.631578947368421 0.21052631578947367
vt 0.6345342105263159 0.17023947368421055
vt 0.4923853630197813 0.2828947368421053
vt 0.5352477887741788 0.2828947368421053
vt 0.5265967081269055 0.3026315789473685
vt 0.48777852701529484 0.2960567329031826
vt 0.22697368421052633 0.6151315789473684
vt 0.22697368421052633 0.6578947368421053
vt 0.15789473684210525 0.6578947368421053
vt 0.15789473684210525 0.6151315789473684
vt 0.41118421052631576 0.6546052631578947
vt 0.41118421052631576 0.6973684210526316
vt 0.34210526315789475 0.6973684210526316
vt 0.34210526315789475 0.6546052631578947
vt 0.7631578947368421 0.7796052631578947
vt 0.8322368421052632 0.7796052631578947
vt 0.8322368421052632 0.7894736842105263
vt 0.7631578947368421 0.7894736842105263
vt 0.4967105263157895 0.1546052631578947
vt 0.4967105263157895 0.22368421052631582
vt 0.4868421052631579 0.22368421052631582
vt 0.4868421052631579 0.1546052631578947
vt 0.19407894736842105 0.08881578947368418
vt 0.19407894736842105 0.13157894736842102
vt 0.18421052631578946 0.13157894736842102
vt 0.18421052631578946 0.08881578947368418
vt 0.22039473684210525 0.08881578947368418
vt 0.22039473684210525 0.13157894736842102
vt 0.21052631578947367 0.13157894736842102
vt 0.21052631578947367 0.08881578947368418
vt 0.48730508959783686 0.5953947368421053
vt 0.5291422788232157 0.6047149114013084
vt 0.5252840408668885 0.6438442133190582
vt 0.48730508959783686 0.6403200877063668
vt 0.6052631578947368 0.9078947368421053
vt 0.6052631578947368 0.9473684210526316
vt 0.5657894736842105 0.9473684210526316
vt 0.5657894736842105 0.9078947368421053
vt 0.013157894736842105 0.11857517004952434
vt 0.013157894736842105 0.1578947368421053
vt 0 0.15765489644009578
vt 0.00008208275706034656 0.11818169538221135
vt 0.6842105263157895 0.15131578947368418
vt 0.6842105263157895 0.19628558737558666
vt 0.6710526315789473 0.19601410703926503
vt 0.6730835547441538 0.15674479445737977
vt 0.7108969944588514 0.13157894736842102
vt 0.7126385822437683 0.17105263157894735
vt 0.6986424845238665 0.17105263157894735
vt 0.6985456282825474 0.13157894736842102
vt 0.8274666494932826 0.8814977805627319
vt 0.8310051013223422 0.919491257494981
vt 0.8170212144671315 0.9210526315789473
vt 0.8170212144671315 0.8785418260233134
vt 0.3157894736842105 0.41776315789473684
vt 0.3157894736842105 0.4605263157894737
vt 0.27631578947368424 0.4605263157894737
vt 0.27631578947368424 0.41776315789473684
vt 0.039473684210526314 0.4046052631578947
vt 0.039473684210526314 0.4473684210526315
vt 0 0.4473684210526315
vt 0 0.4046052631578947
vt 0.18421052631578946 0.14473684210526316
vt 0.2236842105263158 0.14473684210526316
vt 0.2236842105263158 0.1578947368421053
vt 0.18421052631578946 0.1578947368421053
vt 0.8159552631578947 0.6710526315789473
vt 0.8189144736842104 0.7105263157894737
vt 0.8027960526315789 0.7105263157894737
vt 0.8027960526315789 0.6710526315789473
vt 0.7925986842105263 0.8651315789473684
vt 0.7896381578947369 0.9078947368421053
vt 0.7764802631578948 0.9078947368421053
vt 0.7764802631578948 0.8651315789473684
vt 0.8157894736842105 0.14144736842105265
vt 0.8157894736842105 0.1842105263157895
vt 0.8026315789473685 0.1842105263157895
vt 0.8026315789473685 0.14144736842105265
vt 0.3980263157894737 0.2904451732721016
vt 0.3980263157894737 0.35526315789473684
vt 0.3815789473684211 0.3487684881965948
vt 0.38991659773977855 0.30125832451071044
vt 0.6742417966775022 0.4087557234298621
vt 0.6742417966775022 0.4736842105263158
vt 0.657995045427761 0.4669552768659382
vt 0.9562023765806331 0.6162552694894203
vt 0.8957713076298932 0.6162552694894203
vt 0.9081673018616615 0.611842105263158
vt 0.9560400892187886 0.6156502400146249
vt 0.962171052631579 0.8947368421052632
vt 0.962171052631579 0.8817210493726992
vt 0.962171052631579 0.8947368421052632
vt 0.9203016108763963 0.41701338792791565
vt 0.9086457575446564 0.42105263157894735
vt 0.9086457575446564 0.4034681838694929
vt 0.9126173631053563 0.40173142682488683
vt 0.7894736842105263 0.48773061545717944
vt 0.7881918395536632 0.5
vt 0.7245450149274173 0.48684210526315785
vt 0.7245450149274173 0.48684210526315785
vt 0.016016242253015532 0.3266194824807198
vt 0.021715510090545287 0.37983107764862256
vt 0.0013108056989283958 0.3808096386467308
vt 0.0013108056989283958 0.32565789473684215
vt 0.5427631578947368 0.881578947368421
vt 0.5427631578947368 0.9455369819185697
vt 0.5151780965680273 0.9387126443368021
vt 0.6842105263157895 0.2763157894736842
vt 0.6710526315789473 0.2702389937699087
vt 0.6824725621526906 0.2179559669367943
vt 0.6842105263157895 0.21271466348406975
vt 0.48824427664350883 0.2598785722025253
vt 0.4926869581122676 0.2467105263157895
vt 0.5478495170023456 0.24994372603502224
vt 0.5512294075670174 0.2598785722025253
vt 0.9342105263157895 0.11842105263157898
vt 0.9342105263157895 0.10328947368421049
vt 0.942275 0.11460657894736836
vt 0.8920051473982585 0.1984455290403213
vt 0.9013157894736842 0.21052631578947367
vt 0.8728996517102968 0.21052631578947367
vt 0.8715988261852146 0.1976294343307451
vt 0.7567225629406449 0.9049891782540876
vt 0.7631578947368421 0.9210526315789473
vt 0.6998231908392333 0.9210526315789473
vt 0.7091444619864918 0.9120557084297705
vt 0.680921052631579 0.6710526315789473
vt 0.6185248974611247 0.6710526315789473
vt 0.6747186612678163 0.6538946384015715
vt 0.7119312138403302 0.3157894736842105
vt 0.6973684210526315 0.31312693466919395
vt 0.7105263157894737 0.2532894736842105
vt 0.7105263157894737 0.2532894736842105
vt 0.8553861698564876 0.7894736842105263
vt 0.8665459994990296 0.7819513017872681
vt 0.9144736842105263 0.7874026031677707
vt 0.9140201336090127 0.7894736842105263
vt 0.013046274725800375 1
vt 0.00011162001104173127 1
vt 0.00011162001104173127 1
vt 0.46404343924181823 0.7763157894736842
vt 0.48228800518042275 0.7763157894736842
vt 0.47609382104848347 0.7894736842105263
vt 0.46179094218799827 0.7797321398018752
vt 0.1513157894736842 0.06578947368421051
vt 0.14473684210526316 0.06578947368421051
vt 0.14473684210526316 0.03947368421052633
vt 0.1513157894736842 0.03947368421052633
vt 0.9407894736842105 0.8289473684210527
vt 0.9407894736842105 0.8552631578947368
vt 0.9342105263157895 0.8552631578947368
vt 0.9342105263157895 0.8289473684210527
vt 0.868421052631579 0.4407894736842105
vt 0.9276315789473685 0.4407894736842105
vt 0.9276315789473685 0.4473684210526315
vt 0.868421052631579 0.4473684210526315
vt 0.9276315789473685 0.3486842105263158
vt 0.9276315789473685 0.35526315789473684
vt 0.868421052631579 0.35526315789473684
vt 0.868421052631579 0.3486842105263158
vt 0.5986842105263158 0.5394736842105263
vt 0.5986842105263158 0.5657894736842105
vt 0.5394736842105263 0.5657894736842105
vt 0.5394736842105263 0.5394736842105263
vt 0.625 0.5263157894736843
vt 0.5657894736842105 0.5263157894736843
vt 0.5657894736842105 0.5
vt 0.625 0.5
vt 0.8610197368421053 0.368421052631579
vt 0.8675986842105263 0.4078947368421053
vt 0.8560855263157895 0.4078947368421053
vt 0.8560855263157895 0.368421052631579
vt 0.8329918094439527 0.13157894736842102
vt 0.870434956107654 0.1373065590806528
vt 0.8695328583100848 0.1421576056771745
vt 0.8302229386291881 0.1421576056771745
vt 0.881578947368421 0.8026315789473684
vt 0.881578947368421 0.8157894736842105
vt 0.8421052631578947 0.8092105263157895
vt 0.8421052631578947 0.8026315789473684
vt 0.2313894736842105 0.5526315789473684
vt 0.2363236842105263 0.5526315789473684
vt 0.2351092105263158 0.5913171052631578
vt 0.22420263157894738 0.5921052631578947
vt 0.5 0.4078934210526315
vt 0.5 0.4473684210526315
vt 0.4605263157894737 0.4473684210526315
vt 0.46217631578947366 0.40954473684210524
vt 0.4355039473684211 0.4081
vt 0.4375 0.4473684210526315
vt 0.3974815789473684 0.4473684210526315
vt 0.39856315789473684 0.40966842105263157
vt 0.4407894736842105 0.4638157894736842
vt 0.4407894736842105 0.5263157894736843
vt 0.41578947368421054 0.5263157894736843
vt 0.40789473684210525 0.4638157894736842
vt 0.2587171052631579 0.4769736842105263
vt 0.25082236842105265 0.5394736842105263
vt 0.22483552631578946 0.5394736842105263
vt 0.22483552631578946 0.4769736842105263
vt 0.805921052631579 0.02631578947368418
vt 0.805921052631579 0.052631578947368474
vt 0.8026315789473685 0.052631578947368474
vt 0.8026315789473685 0.02631578947368418
vt 0.12171052631578948 0.019736842105263164
vt 0.12171052631578948 0.052631578947368474
vt 0.11842105263157894 0.052631578947368474
vt 0.11842105263157894 0.019736842105263164
vt 0.7269736842105263 0.016447368421052655
vt 0.7269736842105263 0.07894736842105265
vt 0.7263157894736842 0.07894736842105265
vt 0.7236842105263158 0.016447368421052655
vt 0.6236842105263157 0.02960526315789469
vt 0.6210526315789474 0.09210526315789469
vt 0.6197368421052631 0.09210526315789469
vt 0.6197368421052631 0.02960526315789469
vt 0.4934210526315789 0.4638157894736842
vt 0.4934210526315789 0.5263157894736843
vt 0.46842105263157896 0.5263157894736843
vt 0.4605263157894737 0.4638157894736842
vt 0.31134868421052636 0.4769736842105263
vt 0.3034539473684211 0.5394736842105263
vt 0.2774671052631579 0.5394736842105263
vt 0.2774671052631579 0.4769736842105263
vt 0.8322368421052632 0.02631578947368418
vt 0.8322368421052632 0.052631578947368474
vt 0.8289473684210527 0.052631578947368474
vt 0.8289473684210527 0.02631578947368418
vt 0.29276315789473684 0.019736842105263164
vt 0.29276315789473684 0.052631578947368474
vt 0.2894736842105263 0.052631578947368474
vt 0.2894736842105263 0.019736842105263164
vt 0.65 0.02960526315789469
vt 0.6473684210526316 0.09210526315789469
vt 0.6460526315789474 0.09210526315789469
vt 0.6460526315789474 0.02960526315789469
vt 0.7532894736842105 0.016447368421052655
vt 0.7532894736842105 0.07894736842105265
vt 0.7526315789473684 0.07894736842105265
vt 0.75 0.016447368421052655
vt 0.7492684210526316 0.8618421052631579
vt 0.7466381578947369 0.881578947368421
vt 0.6980999999999999 0.881578947368421
vt 0.6980999999999999 0.8618421052631579
vt 0.6842105263157895 0.29605263157894735
vt 0.6842105263157895 0.3157894736842105
vt 0.631578947368421 0.3157894736842105
vt 0.631578947368421 0.29605263157894735
vt 0.8431044791788278 0.4638157894736842
vt 0.8916420539551412 0.4638157894736842
vt 0.8940051459306095 0.4736842105263158
vt 0.8428369593325483 0.4736128719006413
vt 0.2993421052631579 0.10526315789473684
vt 0.2993421052631579 0.156431394222888
vt 0.2894736842105263 0.1566851603378594
vt 0.2894736842105263 0.10551692400970825
vt 0.0756578947368421 0.046052631578947345
vt 0.0756578947368421 0.06578947368421051
vt 0.06578947368421052 0.06578947368421051
vt 0.06578947368421052 0.046052631578947345
vt 0.944078947368421 0.9144736842105263
vt 0.944078947368421 0.9342105263157895
vt 0.9342105263157895 0.9342105263157895
vt 0.9348881578947369 0.9144736842105263
vt 0.21052631578947367 0.736842105263158
vt 0.21052631578947367 0.7631578947368421
vt 0.15789473684210525 0.7631578947368421
vt 0.15789473684210525 0.736842105263158
vt 0.6447368421052632 0.8157894736842105
vt 0.6447368421052632 0.8421052631578947
vt 0.5921052631578947 0.8421052631578947
vt 0.5921052631578947 0.8157894736842105
vt 0.24671052631578946 0.10543981237815758
vt 0.24671052631578946 0.1566266376394726
vt 0.23684210526315788 0.1578947368421053
vt 0.23684210526315788 0.10670791158079007
vt 0.8434616896022377 0.4901315789473685
vt 0.8946485148635529 0.4901315789473685
vt 0.8933804156609202 0.5
vt 0.8421935903996051 0.5
vt 0.9177631578947368 0.6973684210526316
vt 0.9177631578947368 0.7236842105263157
vt 0.9078947368421053 0.7236842105263157
vt 0.9078947368421053 0.6973684210526316
vt 0.2993421052631579 0.06578947368421051
vt 0.2993421052631579 0.09210526315789469
vt 0.2894736842105263 0.09210526315789469
vt 0.2894736842105263 0.06578947368421051
vt 0.6980999999999999 0.881578947368421
vt 0.7466381578947369 0.881578947368421
vt 0.7492684210526316 0.8618421052631579
vt 0.6980999999999999 0.8618421052631579
vt 0.631578947368421 0.3157894736842105
vt 0.6842105263157895 0.3157894736842105
vt 0.6842105263157895 0.29605263157894735
vt 0.631578947368421 0.29605263157894735
vt 0.8940051459306095 0.4736842105263158
vt 0.8916420539551412 0.4638157894736842
vt 0.8431044791788278 0.4638157894736842
vt 0.8428369593325483 0.4736128719006413
vt 0.2894736842105263 0.1566851603378594
vt 0.2993421052631579 0.156431394222888
vt 0.2993421052631579 0.10526315789473684
vt 0.2894736842105263 0.10551692400970825
vt 0.06578947368421052 0.06578947368421051
vt 0.0756578947368421 0.06578947368421051
vt 0.0756578947368421 0.046052631578947345
vt 0.06578947368421052 0.046052631578947345
vt 0.9342105263157895 0.9342105263157895
vt 0.944078947368421 0.9342105263157895
vt 0.944078947368421 0.9144736842105263
vt 0.9348881578947369 0.9144736842105263
vt 0.15789473684210525 0.7631578947368421
vt 0.21052631578947367 0.7631578947368421
vt 0.21052631578947367 0.736842105263158
vt 0.15789473684210525 0.736842105263158
vt 0.5921052631578947 0.8421052631578947
vt 0.6447368421052632 0.8421052631578947
vt 0.6447368421052632 0.8157894736842105
vt 0.5921052631578947 0.8157894736842105
vt 0.23684210526315788 0.1578947368421053
vt 0.24671052631578946 0.1566266376394726
vt 0.24671052631578946 0.10543981237815758
vt 0.23684210526315788 0.10670791158079007
vt 0.8933804156609202 0.5
vt 0.8946485148635529 0.4901315789473685
vt 0.8434616896022377 0.4901315789473685
vt 0.8421935903996051 0.5
vt 0.9078947368421053 0.7236842105263157
vt 0.9177631578947368 0.7236842105263157
vt 0.9177631578947368 0.6973684210526316
vt 0.9078947368421053 0.6973684210526316
vt 0.2894736842105263 0.09210526315789469
vt 0.2993421052631579 0.09210526315789469
vt 0.2993421052631579 0.06578947368421051
vt 0.2894736842105263 0.06578947368421051
vt 0.48026315789473684 0.07236842105263153
vt 0.48026315789473684 0.13157894736842102
vt 0.47368421052631576 0.13157894736842102
vt 0.47368421052631576 0.07236842105263153
vt 0.5723684210526315 0.046052631578947345
vt 0.5723684210526315 0.07894736842105265
vt 0.5657894736842105 0.07894736842105265
vt 0.5657894736842105 0.046052631578947345
vt 0.47368421052631576 0.13157894736842102
vt 0.48026315789473684 0.13157894736842102
vt 0.48026315789473684 0.07236842105263153
vt 0.47368421052631576 0.07236842105263153
vt 0.5657894736842105 0.07894736842105265
vt 0.5723684210526315 0.07894736842105265
vt 0.5723684210526315 0.046052631578947345
vt 0.5657894736842105 0.046052631578947345
vt 0.29605263157894735 0.868421052631579
vt 0.22954440481082988 0.868421052631579
vt 0.22491508690490064 0.8206004816115801
vt 0.27973314213453104 0.8168137930979362
vt 0.20723684210526316 0.7941266019061899
vt 0.20723684210526316 0.868421052631579
vt 0.15789473684210525 0.8456526494587743
vt 0.1690863494657347 0.7828585695463428
vt 0.317450272392012 0.16364748513343308
vt 0.3256578947368421 0.16539470354302
vt 0.3256578947368421 0.23190226998247143
vt 0.3157894736842105 0.23684210526315785
vt 0.20794144736842105 0.23498815789473682
vt 0.19807302631578946 0.23104078947368423
vt 0.19807302631578946 0.17577763157894732
vt 0.2098217105263158 0.17105263157894735
vt 0.7528640505260714 0.3388157894736842
vt 0.7514128560316083 0.35526315789473684
vt 0.6973684210526315 0.34868125658275195
vt 0.698249069463091 0.3388157894736842
vt 0.6019736842105263 0.14473684210526316
vt 0.5978289070774299 0.13756326427312282
vt 0.5921052631578947 0.09759629590855123
vt 0.6019736842105263 0.09702491610538622
vt 0.8843851991714091 0.381578947368421
vt 0.8858308302422369 0.3717105263157895
vt 0.9144736842105263 0.3717105263157895
vt 0.9130280531396986 0.381578947368421
vt 0.6793209515317329 0.12060862456289079
vt 0.6710526315789473 0.13157894736842102
vt 0.6737699907503462 0.08552631578947367
vt 0.6787937738681175 0.08552631578947367
vt 0.304902030527754 0.736842105263158
vt 0.26739543529444143 0.7248390309102533
vt 0.25 0.6842105263157895
vt 0.31198779207228816 0.6842105263157895
vt 0.3684210526315789 0.2763157894736842
vt 0.38363804823950987 0.26187258312993367
vt 0.42166343309145615 0.27210774211441224
vt 0.42949196714678 0.2763157894736842
vt 0.4605263157894737 0.15684887012926463
vt 0.47039473684210525 0.14802631578947367
vt 0.47039473684210525 0.20965456158960705
vt 0.4622777003126754 0.20078755470191523
vt 0.19736842105263158 0.3643403823936824
vt 0.19940381449938424 0.3357103647969547
vt 0.21052631578947367 0.33223684210526316
vt 0.21052631578947367 0.366919220311396
vt 0.14473684210526316 0.4181718975931894
vt 0.1552066190980317 0.39144736842105265
vt 0.20295392036204013 0.39677962831248015
vt 0.19360142356950882 0.4181718975931894
vt 0.9134168471056859 0.5
vt 0.9078947368421053 0.493421052631579
vt 0.9451894470610969 0.493421052631579
vt 0.934932342441873 0.4952835349202518
vt 0.3420936185999634 0.8453947368421053
vt 0.34442007004517283 0.868421052631579
vt 0.31810447254587304 0.868421052631579
vt 0.3157894736842105 0.8453947368421053
vt 0.910613488834409 0.5522826867845143
vt 0.9132145283627612 0.5427631578947368
vt 0.9375 0.5453037350974751
vt 0.9355887492388866 0.5522826867845143
vt 0.8446566947104754 0.1853188729362958
vt 0.8296854105526825 0.19736842105263153
vt 0.8296854105526825 0.16249000937566382
vt 0.834024008157221 0.16194883057318488
vt 0.3157894736842105 0.75
vt 0.3157894736842105 0.7631578947368421
vt 0.2894736842105263 0.7631578947368421
vt 0.2894736842105263 0.75
vt 0.8947368421052632 0.42105263157894735
vt 0.881578947368421 0.42105263157894735
vt 0.881578947368421 0.39473684210526316
vt 0.8947368421052632 0.39473684210526316
vt 0.7072368421052632 0.06578947368421051
vt 0.6973684210526315 0.06578947368421051
vt 0.6973684210526315 0.052631578947368474
vt 0.7072368421052632 0.052631578947368474
vt 0.9342105263157895 0.674342105263158
vt 0.9342105263157895 0.6842105263157895
vt 0.9078947368421053 0.6842105263157895
vt 0.9078947368421053 0.674342105263158
vt 0.27631578947368424 0.2094192689460037
vt 0.2641762807056082 0.2094192689460037
vt 0.26842757365487147 0.15568588458558352
vt 0.27585608938634026 0.1546052631578947
vt 0.5210024690357785 0.5245388658205274
vt 0.5131578947368421 0.4849334505605043
vt 0.5460526315789473 0.47247094642835463
vt 0.5460526315789473 0.5263157894736843
vt 0.6151315789473685 0.25
vt 0.60377932538127 0.24741751455224814
vt 0.5921052631578947 0.22351888832375555
vt 0.6151315789473685 0.21633879689421232
vt 0.63158094310885 0.6447368421052632
vt 0.5933795772856 0.6447368421052632
vt 0.5921052631578947 0.6073782658229436
vt 0.6201638945392143 0.6123201111814511
vt 0.8684773415256863 0.513157894736842
vt 0.8631860423738624 0.5263157894736843
vt 0.8289473684210527 0.5221035610433523
vt 0.8311575773824555 0.513157894736842
vt 0.9342105263157895 0.2894736842105263
vt 0.9342105263157895 0.2796052631578947
vt 0.9473684210526315 0.2796052631578947
vt 0.9473684210526315 0.2894736842105263
vt 0.9177631578947368 0.6578947368421053
vt 0.9078947368421053 0.6578947368421053
vt 0.9078947368421053 0.631578947368421
vt 0.9177631578947368 0.631578947368421
vt 0.05263157894736842 0.07681002335507559
vt 0.040997851077987965 0.09210526315789469
vt 0.040997851077987965 0.06907894736842102
vt 0.04937136734855627 0.06907894736842102
vt 0.12828947368421054 0.1022557275596977
vt 0.11842105263157894 0.10372063222817884
vt 0.11842105263157894 0.0771227994053234
vt 0.12828947368421054 0.07565789473684215
vt 0.375 0.45723684210526316
vt 0.375 0.49807487926107674
vt 0.3366241878272702 0.4973949806334915
vt 0.32894736842105265 0.46983052007824344
vt 0.8289473684210527 0.26315789473684215
vt 0.8166964053231993 0.2578098199878043
vt 0.8166964053231993 0.21697143579333644
vt 0.8248760156455653 0.22576400950062303
vt 0.524651279073534 0.11392120047112952
vt 0.524651279073534 0.1578947368421053
vt 0.5131578947368421 0.12022872144079055
vt 0.3519736842105263 0.20006176305965107
vt 0.3519736842105263 0.2083901118574657
vt 0.34253791439727466 0.20693132426433625
vt 0.34210526315789475 0.14473684210526316
vt 0.5789473684210527 0.5831079137553659
vt 0.5789473684210527 0.6447368421052632
vt 0.5526315789473685 0.625
vt 0.5526315789473685 0.625
vt 0.32298990475570377 0.368398116732071
vt 0.3026315789473684 0.39473684210526316
vt 0.3026315789473684 0.3394873050307057
vt 0.31030887328433443 0.339374830034334
vt 0.5959984695028816 0.3978478249969287
vt 0.5657894736842105 0.4078947368421053
vt 0.5657894736842105 0.36195610114562715
vt 0.5961271466691269 0.36320536846836105
vt 0.7236842105263158 0.7631578947368421
vt 0.7533409804523302 0.7452367229799528
vt 0.773029784439484 0.7631578947368421
vt 0.7409185246220351 0.5723684210526316
vt 0.7517196319152234 0.5903522808968793
vt 0.6973684210526315 0.5903522808968793
vt 0.6988980246339921 0.5848353167350817
vt 0.8173599200608725 0.6085526315789473
vt 0.8717105263157895 0.6085526315789473
vt 0.8475497006445138 0.618421052631579
vt 0.8178878593283299 0.6149508133514292
vt 0.9473684210526315 0.3453947368421053
vt 0.9578946737662584 0.3453947368421053
vt 0.9577904788984802 0.35489442139774585
vt 0.32437609039953297 0.09671402365834547
vt 0.3157894736842105 0.1418438990430012
vt 0.3157894736842105 0.08552631578947367
vt 0.22491508690490064 0.8206004816115801
vt 0.22954440481082988 0.868421052631579
vt 0.29605263157894735 0.868421052631579
vt 0.27973314213453104 0.8168137930979362
vt 0.15789473684210525 0.8456526494587743
vt 0.20723684210526316 0.868421052631579
vt 0.20723684210526316 0.7941266019061899
vt 0.1690863494657347 0.7828585695463428
vt 0.3256578947368421 0.23190226998247143
vt 0.3256578947368421 0.16539470354302
vt 0.317450272392012 0.16364748513343308
vt 0.3157894736842105 0.23684210526315785
vt 0.19807302631578946 0.17577763157894732
vt 0.19807302631578946 0.23104078947368423
vt 0.20794144736842105 0.23498815789473682
vt 0.2098217105263158 0.17105263157894735
vt 0.6973684210526315 0.34868125658275195
vt 0.7514128560316083 0.35526315789473684
vt 0.7528640505260714 0.3388157894736842
vt 0.698249069463091 0.3388157894736842
vt 0.5921052631578947 0.09759629590855123
vt 0.5978289070774299 0.13756326427312282
vt 0.6019736842105263 0.14473684210526316
vt 0.6019736842105263 0.09702491610538622
vt 0.9144736842105263 0.3717105263157895
vt 0.8858308302422369 0.3717105263157895
vt 0.8843851991714091 0.381578947368421
vt 0.9130280531396986 0.381578947368421
vt 0.6737699907503462 0.08552631578947367
vt 0.6710526315789473 0.13157894736842102
vt 0.6793209515317329 0.12060862456289079
vt 0.6787937738681175 0.08552631578947367
vt 0.22641276831862284 0.7401315789473684
vt 0.2676021888049901 0.7575270142418099
vt 0.27960526315789475 0.7950336094751224
vt 0.22641276831862284 0.8021193710196566
vt 0.42166343309145615 0.27210774211441224
vt 0.38363804823950987 0.26187258312993367
vt 0.3684210526315789 0.2763157894736842
vt 0.42949196714678 0.2763157894736842
vt 0.47039473684210525 0.20965456158960705
vt 0.47039473684210525 0.14802631578947367
vt 0.4605263157894737 0.15684887012926463
vt 0.4622777003126754 0.20078755470191523
vt 0.21052631578947367 0.33223684210526316
vt 0.19940381449938424 0.3357103647969547
vt 0.19736842105263158 0.3643403823936824
vt 0.21052631578947367 0.366919220311396
vt 0.20295392036204013 0.39677962831248015
vt 0.1552066190980317 0.39144736842105265
vt 0.14473684210526316 0.4181718975931894
vt 0.19360142356950882 0.4181718975931894
vt 0.9451894470610969 0.493421052631579
vt 0.9078947368421053 0.493421052631579
vt 0.9134168471056859 0.5
vt 0.934932342441873 0.4952835349202518
vt 0.31810447254587304 0.868421052631579
vt 0.34442007004517283 0.868421052631579
vt 0.3420936185999634 0.8453947368421053
vt 0.3157894736842105 0.8453947368421053
vt 0.9375 0.5453037350974751
vt 0.9132145283627612 0.5427631578947368
vt 0.910613488834409 0.5522826867845143
vt 0.9355887492388866 0.5522826867845143
vt 0.8296854105526825 0.16249000937566382
vt 0.8296854105526825 0.19736842105263153
vt 0.8446566947104754 0.1853188729362958
vt 0.834024008157221 0.16194883057318488
vt 0.2894736842105263 0.7631578947368421
vt 0.3157894736842105 0.7631578947368421
vt 0.3157894736842105 0.75
vt 0.2894736842105263 0.75
vt 0.881578947368421 0.39473684210526316
vt 0.881578947368421 0.42105263157894735
vt 0.8947368421052632 0.42105263157894735
vt 0.8947368421052632 0.39473684210526316
vt 0.6973684210526315 0.052631578947368474
vt 0.6973684210526315 0.06578947368421051
vt 0.7072368421052632 0.06578947368421051
vt 0.7072368421052632 0.052631578947368474
vt 0.9078947368421053 0.6842105263157895
vt 0.9342105263157895 0.6842105263157895
vt 0.9342105263157895 0.674342105263158
vt 0.9078947368421053 0.674342105263158
vt 0.26842757365487147 0.15568588458558352
vt 0.2641762807056082 0.2094192689460037
vt 0.27631578947368424 0.2094192689460037
vt 0.27585608938634026 0.1546052631578947
vt 0.5460526315789473 0.47247094642835463
vt 0.5131578947368421 0.4849334505605043
vt 0.5210024690357785 0.5245388658205274
vt 0.5460526315789473 0.5263157894736843
vt 0.5921052631578947 0.22351888832375555
vt 0.60377932538127 0.24741751455224814
vt 0.6151315789473685 0.25
vt 0.6151315789473685 0.21633879689421232
vt 0.5921052631578947 0.6073782658229436
vt 0.5933795772856 0.6447368421052632
vt 0.63158094310885 0.6447368421052632
vt 0.6201638945392143 0.6123201111814511
vt 0.8289473684210527 0.5221035610433523
vt 0.8631860423738624 0.5263157894736843
vt 0.8684773415256863 0.513157894736842
vt 0.8311575773824555 0.513157894736842
vt 0.9473684210526315 0.2796052631578947
vt 0.9342105263157895 0.2796052631578947
vt 0.9342105263157895 0.2894736842105263
vt 0.9473684210526315 0.2894736842105263
vt 0.9078947368421053 0.631578947368421
vt 0.9078947368421053 0.6578947368421053
vt 0.9177631578947368 0.6578947368421053
vt 0.9177631578947368 0.631578947368421
vt 0.040997851077987965 0.06907894736842102
vt 0.040997851077987965 0.09210526315789469
vt 0.05263157894736842 0.07681002335507559
vt 0.04937136734855627 0.06907894736842102
vt 0.11842105263157894 0.0771227994053234
vt 0.11842105263157894 0.10372063222817884
vt 0.12828947368421054 0.1022557275596977
vt 0.12828947368421054 0.07565789473684215
vt 0.3366241878272702 0.4973949806334915
vt 0.375 0.49807487926107674
vt 0.375 0.45723684210526316
vt 0.32894736842105265 0.46983052007824344
vt 0.8166964053231993 0.21697143579333644
vt 0.8166964053231993 0.2578098199878043
vt 0.8289473684210527 0.26315789473684215
vt 0.8248760156455653 0.22576400950062303
vt 0.524651279073534 0.1578947368421053
vt 0.524651279073534 0.11392120047112952
vt 0.5131578947368421 0.12022872144079055
vt 0.8406464755647652 0.632011598607801
vt 0.8421052631578947 0.6421033889709229
vt 0.8337769143600801 0.6421033889709229
vt 0.7784519934056922 0.631578947368421
vt 0.5789473684210527 0.6447368421052632
vt 0.5789473684210527 0.5831079137553659
vt 0.5526315789473685 0.625
vt 0.5526315789473685 0.625
vt 0.6190925681886004 0.6907894736842105
vt 0.6743421052631579 0.6907894736842105
vt 0.6480033798899657 0.7105263157894737
vt 0.6189800931922287 0.6978452843181044
vt 0.5657894736842105 0.36195610114562715
vt 0.5657894736842105 0.4078947368421053
vt 0.5959984695028816 0.3978478249969287
vt 0.5961271466691269 0.36320536846836105
vt 0.15971040719047905 0.26978488022337255
vt 0.17763157894736842 0.24012811029735814
vt 0.1776315789473684 0.2894736842105263
vt 0.05592105263157895 0.23355263157894735
vt 0.05592105263157895 0.2879038424415391
vt 0.039473684210526314 0.27710273514835093
vt 0.0519405798929764 0.2350822351603079
vt 0.8475497006445138 0.618421052631579
vt 0.8717105263157895 0.6085526315789473
vt 0.8173599200608725 0.6085526315789473
vt 0.8178878593283299 0.6149508133514292
vt 0.9477371575496225 0.4447367790294162
vt 0.9477371575496225 0.4342105263157895
vt 0.9572368421052632 0.4446325841616382
vt 0.3157894736842105 0.1418438990430012
vt 0.32437609039953297 0.09671402365834547
vt 0.3157894736842105 0.08552631578947367
vt 0.9638157894736842 0.6776315789473684
vt 0.9638157894736842 0.6842105263157895
vt 0.9473684210526315 0.6842105263157895
vt 0.9473684210526315 0.6776315789473684
vt 0.9638157894736842 0.4671052631578947
vt 0.9638157894736842 0.4736842105263158
vt 0.9473684210526315 0.4736842105263158
vt 0.9473684210526315 0.4671052631578947
vt 0.4243421052631579 0.08881578947368418
vt 0.4243421052631579 0.10526315789473684
vt 0.40789473684210525 0.10526315789473684
vt 0.40789473684210525 0.08881578947368418
vt 0.01644736842105263 0.07565789473684215
vt 0.01644736842105263 0.09210526315789469
vt 0 0.09210526315789469
vt 0 0.07565789473684215
vt 0.5427631578947368 0.046052631578947345
vt 0.5427631578947368 0.052631578947368474
vt 0.5263157894736842 0.052631578947368474
vt 0.5263157894736842 0.046052631578947345
vt 0.24013157894736842 0.046052631578947345
vt 0.24013157894736842 0.052631578947368474
vt 0.2236842105263158 0.052631578947368474
vt 0.2236842105263158 0.046052631578947345
vt 0.75 0.5197368421052632
vt 0.75 0.5526315789473684
vt 0.7236842105263158 0.5526315789473684
vt 0.7236842105263158 0.5197368421052632
vt 0.75 0.4144736842105263
vt 0.75 0.4473684210526315
vt 0.7236842105263158 0.4473684210526315
vt 0.7236842105263158 0.4144736842105263
vt 0.9177631578947368 0.8947368421052632
vt 0.9177631578947368 0.9210526315789473
vt 0.9078947368421053 0.9210526315789473
vt 0.9078947368421053 0.8947368421052632
vt 0.9177631578947368 0.8289473684210527
vt 0.9177631578947368 0.8552631578947368
vt 0.9078947368421053 0.8552631578947368
vt 0.9078947368421053 0.8289473684210527
vt 0.8914473684210527 0.256578947368421
vt 0.8914473684210527 0.2894736842105263
vt 0.881578947368421 0.2894736842105263
vt 0.881578947368421 0.256578947368421
vt 0.7072368421052632 0.08552631578947367
vt 0.7072368421052632 0.11842105263157898
vt 0.6973684210526315 0.11842105263157898
vt 0.6973684210526315 0.08552631578947367
vt 0.8881578947368421 0.631578947368421
vt 0.8881578947368421 0.6447368421052632
vt 0.8552631578947368 0.6447368421052632
vt 0.8552631578947368 0.631578947368421
vt 0.8881578947368421 0.5789473684210527
vt 0.8881578947368421 0.5921052631578947
vt 0.8552631578947368 0.5921052631578947
vt 0.8552631578947368 0.5789473684210527
vt 0.631578947368421 0.11184210526315785
vt 0.631578947368421 0.14473684210526316
vt 0.618421052631579 0.14473684210526316
vt 0.618421052631579 0.11184210526315785
vt 0.6578947368421053 0.11184210526315785
vt 0.6578947368421053 0.14473684210526316
vt 0.6447368421052632 0.14473684210526316
vt 0.6447368421052632 0.11184210526315785
vt 0.06578947368421052 0.4342105263157895
vt 0.06578947368421052 0.4473684210526315
vt 0.05263157894736842 0.4473684210526315
vt 0.05263157894736842 0.4342105263157895
vt 0.07894736842105263 0.618421052631579
vt 0.07894736842105263 0.631578947368421
vt 0.06578947368421052 0.631578947368421
vt 0.06578947368421052 0.618421052631579
vt 0.9243421052631579 0.23026315789473684
vt 0.9243421052631579 0.23684210526315785
vt 0.881578947368421 0.23684210526315785
vt 0.881578947368421 0.23026315789473684
vt 0.819078947368421 0.11184210526315785
vt 0.819078947368421 0.11842105263157898
vt 0.7763157894736842 0.11842105263157898
vt 0.7763157894736842 0.11184210526315785
vt 0.9375 0.7467105263157895
vt 0.9375 0.7894736842105263
vt 0.9342105263157895 0.7894736842105263
vt 0.9342105263157895 0.7467105263157895
vt 0.3190789473684211 0.023026315789473673
vt 0.3190789473684211 0.06578947368421051
vt 0.3157894736842105 0.06578947368421051
vt 0.3157894736842105 0.023026315789473673
vt 0.9638157894736842 0.9671052631578947
vt 0.9638157894736842 0.9736842105263158
vt 0.9605263157894737 0.9736842105263158
vt 0.9605263157894737 0.9671052631578947
vt 0.9638157894736842 0.993421052631579
vt 0.9638157894736842 1
vt 0.9605263157894737 1
vt 0.9605263157894737 0.993421052631579
vt 0.04276315789473684 0.5657894736842105
vt 0.04276315789473684 0.631578947368421
vt 0 0.631578947368421
vt 0 0.5657894736842105
vt 0.41118421052631576 0.9342105263157895
vt 0.41118421052631576 1
vt 0.3684210526315789 1
vt 0.3684210526315789 0.9342105263157895
vt 0.3717105263157895 0.023026315789473673
vt 0.3717105263157895 0.06578947368421051
vt 0.3684210526315789 0.06578947368421051
vt 0.3684210526315789 0.023026315789473673
vt 0.3980263157894737 0.023026315789473673
vt 0.3980263157894737 0.06578947368421051
vt 0.39473684210526316 0.06578947368421051
vt 0.39473684210526316 0.023026315789473673
vt 0.26644736842105265 0.013157894736842146
vt 0.26644736842105265 0.07894736842105265
vt 0.2631578947368421 0.07894736842105265
vt 0.2631578947368421 0.013157894736842146
vt 0.9111842105263158 0.052631578947368474
vt 0.9111842105263158 0.11842105263157898
vt 0.9078947368421053 0.11842105263157898
vt 0.9078947368421053 0.052631578947368474
vt 0.3717105263157895 0.3980263157894737
vt 0.3717105263157895 0.4342105263157895
vt 0.32894736842105265 0.4342105263157895
vt 0.32894736842105265 0.3980263157894737
vt 0.6217105263157895 0.7269736842105263
vt 0.6217105263157895 0.7631578947368421
vt 0.5789473684210527 0.7631578947368421
vt 0.5789473684210527 0.7269736842105263
vt 0.7796052631578947 0.5230263157894737
vt 0.7796052631578947 0.5657894736842105
vt 0.7631578947368421 0.5657894736842105
vt 0.7631578947368421 0.5230263157894737
vt 0.7796052631578947 0.2730263157894737
vt 0.7796052631578947 0.3157894736842105
vt 0.7631578947368421 0.3157894736842105
vt 0.7631578947368421 0.2730263157894737
vt 0.6085526315789473 0.16118421052631582
vt 0.6085526315789473 0.19736842105263153
vt 0.5921052631578947 0.19736842105263153
vt 0.5921052631578947 0.16118421052631582
vt 0.819078947368421 0.4638157894736842
vt 0.819078947368421 0.5
vt 0.8026315789473685 0.5
vt 0.8026315789473685 0.4638157894736842
vt 0.6348684210526315 0.9638157894736842
vt 0.6348684210526315 1
vt 0.5921052631578947 1
vt 0.5921052631578947 0.9638157894736842
vt 0.6348684210526315 0.8585526315789473
vt 0.6348684210526315 0.8947368421052632
vt 0.5921052631578947 0.8947368421052632
vt 0.5921052631578947 0.8585526315789473
vt 0.7138157894736842 0.19407894736842102
vt 0.7138157894736842 0.23684210526315785
vt 0.6973684210526315 0.23684210526315785
vt 0.6973684210526315 0.19407894736842102
vt 0.7532894736842105 0.19407894736842102
vt 0.7532894736842105 0.23684210526315785
vt 0.7368421052631579 0.23684210526315785
vt 0.7368421052631579 0.19407894736842102
vt 0.09539473684210527 0.14802631578947367
vt 0.09539473684210527 0.1842105263157895
vt 0.07894736842105263 0.1842105263157895
vt 0.07894736842105263 0.14802631578947367
vt 0.819078947368421 0.2796052631578947
vt 0.819078947368421 0.3157894736842105
vt 0.8026315789473685 0.3157894736842105
vt 0.8026315789473685 0.2796052631578947
vt 0.41118421052631576 0.8552631578947368
vt 0.41118421052631576 0.9210526315789473
vt 0.3684210526315789 0.9210526315789473
vt 0.3684210526315789 0.8552631578947368
vt 0.3848684210526316 0.5657894736842105
vt 0.3848684210526316 0.631578947368421
vt 0.34210526315789475 0.631578947368421
vt 0.34210526315789475 0.5657894736842105
vt 0.4243421052631579 0.023026315789473673
vt 0.4243421052631579 0.06578947368421051
vt 0.42105263157894735 0.06578947368421051
vt 0.42105263157894735 0.023026315789473673
vt 0.5032894736842105 0.023026315789473673
vt 0.5032894736842105 0.06578947368421051
vt 0.5 0.06578947368421051
vt 0.5 0.023026315789473673
vt 0.4506578947368421 0.013157894736842146
vt 0.4506578947368421 0.07894736842105265
vt 0.4473684210526316 0.07894736842105265
vt 0.4473684210526316 0.013157894736842146
vt 0.34539473684210525 0.013157894736842146
vt 0.34539473684210525 0.07894736842105265
vt 0.34210526315789475 0.07894736842105265
vt 0.34210526315789475 0.013157894736842146
vt 0.8848684210526315 0.11184210526315785
vt 0.8848684210526315 0.11842105263157898
vt 0.8421052631578947 0.11842105263157898
vt 0.8421052631578947 0.11184210526315785
vt 0.9375 0.875
vt 0.9375 0.881578947368421
vt 0.8947368421052632 0.881578947368421
vt 0.8947368421052632 0.875
vt 0.9375 0.3782894736842105
vt 0.9375 0.42105263157894735
vt 0.9342105263157895 0.42105263157894735
vt 0.9342105263157895 0.3782894736842105
vt 0.6743421052631579 0.023026315789473673
vt 0.6743421052631579 0.06578947368421051
vt 0.6710526315789473 0.06578947368421051
vt 0.6710526315789473 0.023026315789473673
vt 0.9638157894736842 0.9144736842105263
vt 0.9638157894736842 0.9210526315789473
vt 0.9605263157894737 0.9210526315789473
vt 0.9605263157894737 0.9144736842105263
vt 0.9638157894736842 0.9407894736842105
vt 0.9638157894736842 0.9473684210526316
vt 0.9605263157894737 0.9473684210526316
vt 0.9605263157894737 0.9407894736842105
vt 0.6019736842105263 0.6611842105263157
vt 0.6019736842105263 0.6842105263157895
vt 0.5263157894736842 0.6842105263157895
vt 0.5263157894736842 0.6611842105263157
vt 0.20723684210526316 0.4375
vt 0.20723684210526316 0.4605263157894737
vt 0.13157894736842105 0.4605263157894737
vt 0.13157894736842105 0.4375
vt 0.27960526315789475 0.319078947368421
vt 0.27960526315789475 0.39473684210526316
vt 0.2631578947368421 0.39473684210526316
vt 0.2631578947368421 0.319078947368421
vt 0.5296052631578947 0.319078947368421
vt 0.5296052631578947 0.39473684210526316
vt 0.5131578947368421 0.39473684210526316
vt 0.5131578947368421 0.319078947368421
vt 0.8980263157894737 0.9769736842105263
vt 0.8980263157894737 1
vt 0.881578947368421 1
vt 0.881578947368421 0.9769736842105263
vt 0.8848684210526315 0.16118421052631582
vt 0.8848684210526315 0.1842105263157895
vt 0.868421052631579 0.1842105263157895
vt 0.868421052631579 0.16118421052631582
vt 0.868421052631579 0.743421052631579
vt 0.868421052631579 0.7631578947368421
vt 0.8421052631578947 0.7631578947368421
vt 0.8421052631578947 0.743421052631579
vt 0.868421052631579 0.7039473684210527
vt 0.868421052631579 0.7236842105263157
vt 0.8421052631578947 0.7236842105263157
vt 0.8421052631578947 0.7039473684210527
vt 0.8947368421052632 0.8289473684210527
vt 0.8947368421052632 0.8552631578947368
vt 0.881578947368421 0.8552631578947368
vt 0.881578947368421 0.8289473684210527
vt 0.8947368421052632 0.5394736842105263
vt 0.8947368421052632 0.5657894736842105
vt 0.881578947368421 0.5657894736842105
vt 0.881578947368421 0.5394736842105263
vt 0.9210526315789473 0.743421052631579
vt 0.9210526315789473 0.7631578947368421
vt 0.9078947368421053 0.7631578947368421
vt 0.9078947368421053 0.743421052631579
vt 0.25 0.07236842105263153
vt 0.25 0.09210526315789469
vt 0.23684210526315788 0.09210526315789469
vt 0.23684210526315788 0.07236842105263153
vt 0.13157894736842105 0.4375
vt 0.13157894736842105 0.4605263157894737
vt 0.20723684210526316 0.4605263157894737
vt 0.20723684210526316 0.4375
vt 0.5263157894736842 0.6611842105263157
vt 0.5263157894736842 0.6842105263157895
vt 0.6019736842105263 0.6842105263157895
vt 0.6019736842105263 0.6611842105263157
vt 0.2631578947368421 0.319078947368421
vt 0.2631578947368421 0.39473684210526316
vt 0.27960526315789475 0.39473684210526316
vt 0.27960526315789475 0.319078947368421
vt 0.5131578947368421 0.319078947368421
vt 0.5131578947368421 0.39473684210526316
vt 0.5296052631578947 0.39473684210526316
vt 0.5296052631578947 0.319078947368421
vt 0.881578947368421 0.9769736842105263
vt 0.881578947368421 1
vt 0.8980263157894737 1
vt 0.8980263157894737 0.9769736842105263
vt 0.868421052631579 0.16118421052631582
vt 0.868421052631579 0.1842105263157895
vt 0.8848684210526315 0.1842105263157895
vt 0.8848684210526315 0.16118421052631582
vt 0.8421052631578947 0.7039473684210527
vt 0.8421052631578947 0.7236842105263157
vt 0.868421052631579 0.7236842105263157
vt 0.868421052631579 0.7039473684210527
vt 0.8421052631578947 0.743421052631579
vt 0.8421052631578947 0.7631578947368421
vt 0.868421052631579 0.7631578947368421
vt 0.868421052631579 0.743421052631579
vt 0.881578947368421 0.8289473684210527
vt 0.881578947368421 0.8552631578947368
vt 0.8947368421052632 0.8552631578947368
vt 0.8947368421052632 0.8289473684210527
vt 0.881578947368421 0.5394736842105263
vt 0.881578947368421 0.5657894736842105
vt 0.8947368421052632 0.5657894736842105
vt 0.8947368421052632 0.5394736842105263
vt 0.9078947368421053 0.743421052631579
vt 0.9078947368421053 0.7631578947368421
vt 0.9210526315789473 0.7631578947368421
vt 0.9210526315789473 0.743421052631579
vt 0.23684210526315788 0.07236842105263153
vt 0.23684210526315788 0.09210526315789469
vt 0.25 0.09210526315789469
vt 0.25 0.07236842105263153
vt 0.5723684210526315 0.1546052631578947
vt 0.5723684210526315 0.1842105263157895
vt 0.5526315789473685 0.1842105263157895
vt 0.5526315789473685 0.1546052631578947
vt 0.8355263157894737 0.3782894736842105
vt 0.8355263157894737 0.4078947368421053
vt 0.8157894736842105 0.4078947368421053
vt 0.8157894736842105 0.3782894736842105
vt 0.6447368421052632 0.4671052631578947
vt 0.6447368421052632 0.48684210526315785
vt 0.5657894736842105 0.48684210526315785
vt 0.5657894736842105 0.4671052631578947
vt 0.6447368421052632 0.4276315789473685
vt 0.6447368421052632 0.4473684210526315
vt 0.5657894736842105 0.4473684210526315
vt 0.5657894736842105 0.4276315789473685
vt 0.5131578947368421 0.6677631578947368
vt 0.5131578947368421 0.6973684210526316
vt 0.4342105263157895 0.6973684210526316
vt 0.4342105263157895 0.6677631578947368
vt 0.5131578947368421 0.8651315789473684
vt 0.5131578947368421 0.8947368421052632
vt 0.4342105263157895 0.8947368421052632
vt 0.4342105263157895 0.8651315789473684
vt 0.21052631578947367 0.4736842105263158
vt 0.21052631578947367 0.5263157894736843
vt 0.19736842105263158 0.5263157894736843
vt 0.19736842105263158 0.4736842105263158
vt 0.7894736842105263 0.9210526315789473
vt 0.7894736842105263 0.9736842105263158
vt 0.7763157894736842 0.9736842105263158
vt 0.7763157894736842 0.9210526315789473
vt 0.75 0.7763157894736842
vt 0.75 0.7894736842105263
vt 0.6710526315789473 0.7894736842105263
vt 0.6710526315789473 0.7763157894736842
vt 0.7631578947368421 0.7105263157894737
vt 0.7631578947368421 0.7236842105263157
vt 0.6842105263157895 0.7236842105263157
vt 0.6842105263157895 0.7105263157894737
vt 0.2631578947368421 0.881578947368421
vt 0.2631578947368421 0.9342105263157895
vt 0.18421052631578946 0.9342105263157895
vt 0.18421052631578946 0.881578947368421
vt 0.2631578947368421 0.9473684210526316
vt 0.2631578947368421 1
vt 0.18421052631578946 1
vt 0.18421052631578946 0.9473684210526316
vt 0.5263157894736842 0.5460526315789473
vt 0.5263157894736842 0.5657894736842105
vt 0.40789473684210525 0.5657894736842105
vt 0.40789473684210525 0.5460526315789473
vt 0.11842105263157894 0.5197368421052632
vt 0.11842105263157894 0.5394736842105263
vt 0 0.5394736842105263
vt 0 0.5197368421052632
vt 0.07894736842105263 0.881578947368421
vt 0.07894736842105263 1
vt 0 1
vt 0 0.881578947368421
vt 0.17105263157894737 0.881578947368421
vt 0.17105263157894737 1
vt 0.09210526315789473 1
vt 0.09210526315789473 0.881578947368421
vt 0.6578947368421053 0.7828947368421053
vt 0.6578947368421053 0.8026315789473684
vt 0.5789473684210527 0.8026315789473684
vt 0.5789473684210527 0.7828947368421053
vt 0.13157894736842105 0.4013157894736842
vt 0.13157894736842105 0.42105263157894735
vt 0.05263157894736842 0.42105263157894735
vt 0.05263157894736842 0.4013157894736842
vt 0.3519736842105263 0.9572368421052632
vt 0.3519736842105263 1
vt 0.27631578947368424 1
vt 0.27631578947368424 0.9572368421052632
vt 0.3519736842105263 0.8914473684210527
vt 0.3519736842105263 0.9342105263157895
vt 0.27631578947368424 0.9342105263157895
vt 0.27631578947368424 0.8914473684210527
vt 0.25 0.24013157894736847
vt 0.25 0.3157894736842105
vt 0.23684210526315788 0.3157894736842105
vt 0.23684210526315788 0.24013157894736847
vt 0.27631578947368424 0.22697368421052633
vt 0.27631578947368424 0.3026315789473685
vt 0.2631578947368421 0.3026315789473685
vt 0.2631578947368421 0.22697368421052633
vt 0.3815789473684211 0.1282894736842105
vt 0.3815789473684211 0.17105263157894735
vt 0.3684210526315789 0.17105263157894735
vt 0.3684210526315789 0.1282894736842105
vt 0.13157894736842105 0.1282894736842105
vt 0.13157894736842105 0.17105263157894735
vt 0.11842105263157894 0.17105263157894735
vt 0.11842105263157894 0.1282894736842105
vt 0.23355263157894737 0.680921052631579
vt 0.23355263157894737 0.7236842105263157
vt 0.15789473684210525 0.7236842105263157
vt 0.15789473684210525 0.680921052631579
vt 0.0756578947368421 0.6546052631578947
vt 0.0756578947368421 0.6973684210526316
vt 0 0.6973684210526316
vt 0 0.6546052631578947
vt 0.35526315789473684 0.22697368421052633
vt 0.35526315789473684 0.3026315789473685
vt 0.34210526315789475 0.3026315789473685
vt 0.34210526315789475 0.22697368421052633
vt 0.47368421052631576 0.22697368421052633
vt 0.47368421052631576 0.3026315789473685
vt 0.4605263157894737 0.3026315789473685
vt 0.4605263157894737 0.22697368421052633
vt 0.4342105263157895 0.1282894736842105
vt 0.4342105263157895 0.17105263157894735
vt 0.42105263157894735 0.17105263157894735
vt 0.42105263157894735 0.1282894736842105
vt 0.40789473684210525 0.1282894736842105
vt 0.40789473684210525 0.17105263157894735
vt 0.39473684210526316 0.17105263157894735
vt 0.39473684210526316 0.1282894736842105
vn -0.3030890973512261 -0.5158894711159099 0.8012459376861553
vn 0.3429032501150799 0.3947117178213332 -0.8524200964753514
vn 0.1585659982532322 0.9642436034669802 0.21234664436003944
vn -0.013355587629771317 -0.894950848101716 -0.4459648055184206
vn 0.9556554097094395 -0.1426438218971006 0.2576343881698869
vn -0.9987683818146573 0.024136887239676254 -0.0433489349547373
vn -0.9434401967405293 -0.13648469126186494 0.302146527740011
vn 0.9772310241887722 0.16065549718053315 0.13859775102302044
vn -0.06964192087561047 0.8794860119060811 0.47080182425123607
vn -0.013354929611246413 -0.8949509232446331 -0.44596467442910503
vn 0.4401741796843064 -0.4057262482489591 0.8010199142475001
vn -0.4083187507228973 0.38086006389300414 -0.8295911098484056
vn -0.9767799314384049 -0.08369938592248617 0.1972191125002441
vn 0.9449166499909593 0.3195071725883502 -0.07104710574303243
vn 0.013356255788163282 0.894950473053356 0.4459655381449281
vn 0.319195617575244 -0.8133211244111099 -0.48643900574214516
vn 0.21382837971257318 -0.43824429668595943 0.8730517513021349
vn -0.21382837971258134 0.4382442966859583 -0.8730517513021334
vn -0.976779827467293 -0.03903209669966957 0.21066006759752381
vn 0.9771111657634333 0.007230549409463355 -0.2126064178139072
vn 0.11067358382844793 0.9693183173603345 0.21948429891975824
vn -0.013356311529774127 -0.9702620988956849 -0.24168795664836093
vn 0.27655720723282917 -0.23585798953190518 0.9316045941822881
vn -0.3331663023172781 -0.02408047480093472 -0.9425605262971677
vn -0.9434429708461239 -0.06784844106970055 0.32451802693448517
vn 0.929241972426337 -0.007949025206673345 -0.3693862066719256
vn 0.06198625665692383 0.9724703220129376 0.22463120172788908
vn -0.01335038277221065 -0.9702611640276173 -0.24169203722838836
vn 0.4241543243260665 -0.22438693878121102 0.8773503353050567
vn -0.4045962810332368 0.11814834350797215 -0.9068311961442418
vn -0.3601310493024155 -0.17614596486519252 0.916121294583884
vn 0.33214069321359213 0.12277300507029112 -0.9352055117125887
vn -0.10997610667110133 0.8930928195588107 0.43622296089724605
vn -0.013357463982985499 -0.9702632113129915 -0.24168342708705648
vn 0.9466920310641483 -0.09007578540868727 0.30929039946730635
vn -0.9979076725711219 0.03753756130965612 -0.052642269276793136
vn -0.3826834323650887 -0.8338800705567172 0.39774039086016755
vn 0.38704507020831874 0.8441670148326681 -0.3709153066347353
vn -1.6653345369377348e-15 0.43051109680829364 0.9025852843498614
vn 0.00440084104985039 -0.4208930478906126 -0.9070995947719327
vn 0.8563107247706883 -0.46615007942297104 0.22234218245006176
vn -0.9994244866600552 0.030617409948003216 -0.014603755419786313
vn -0.3826834323650906 -0.9238795325112866 -6.93889390390723e-17
vn 0.37791830735981674 0.9258389454771769 1.1796119636642288e-16
vn 6.661338147750941e-16 6.869504964868158e-16 1
vn -0.002460875569400445 -0.005941079174959058 -0.9999793236210782
vn 0.8400002841449717 -0.5425859587534191 1.1102230246251568e-16
vn -0.9999978116892994 -0.0020920364750267877 -1.6653345369377353e-16
vn -0.38268343236508995 -0.8338800705567163 -0.3977403908601687
vn 0.38645862674657694 0.8324604946859648 0.39706328790301043
vn 0.020479152168945695 0.4745189646171228 -0.8800070207362752
vn -0.008595997666656143 -0.44913344169485014 0.8934233377159193
vn -0.9999924175548685 0.003514852148990056 0.001676498476119948
vn 0.8364407680540559 -0.5065575169262149 -0.2092040238205016
vn -0.3826834323650896 0.04835211878726223 -0.9226133877210198
vn 0.3353424944137818 -0.11803076674969754 0.9346732849187577
vn -0.1029761278106616 0.9748062862468361 -0.1978601056170094
vn -0.004538313049098658 -0.9979858918902927 -0.06327371731299962
vn -0.999805737435456 0.0010315460670261847 -0.019683071504617015
vn 0.9119370758065503 0.2124198240449111 -0.35106778280287626
vn 0.9762960071199336 0.2164396139381025 3.3306690738754696e-16
vn -0.9762960071199335 -0.2164396139381027 -2.2204460492503136e-16
vn -0.2164396139381137 0.976296007119931 1.8041124150158799e-16
vn 0.216439613938104 -0.9762960071199333 -1.5265566588595905e-16
vn -7.216449660063519e-16 6.93889390390723e-18 -1
vn -1.2212453270876722e-15 -6.036837696399289e-16 1
vn 0.9929950341537226 0.10514059594269617 0.05391027017983037
vn -0.9773289465621104 -0.19049555409267832 -0.09240981594354115
vn -0.22932469971101463 0.8956303851881541 0.3811251700297056
vn 0.21685483774763692 -0.8575874300137356 -0.46638801359799387
vn 0.03475519306413078 0.4026341451919584 -0.9147009465834263
vn -0.023614953701942727 -0.4016112714138017 0.9155057185157529
vn 0.9773289465621104 0.1904955540926786 -0.09240981594354077
vn -0.9773289465621102 -0.1904955540926785 0.0924098159435418
vn -0.2115363381332784 0.8970331865749512 -0.3880513365939512
vn 0.21153633813328476 -0.8970331865749501 0.3880513365939503
vn -0.008972617285770784 -0.3988018380776518 -0.9169932312099853
vn 0.008972617285771535 0.3988018380776525 0.9169932312099851
vn 0.031184647025662766 0.00006519639138344303 -0.9995136384959015
vn 0.016893378016404174 0.4490494160577235 -0.8933472089380549
vn -0.019968108219770967 0.09008981145297935 0.9957334485325329
vn 0 0 0
vn -0.9999636020743778 0.00006196402653496635 0.008531745829237103
vn 0.3720269946945287 0.9205234275345633 0.11930018683378793
vn -0.17815966615133733 -0.27715624257310845 -0.9441628834897083
vn -0.2815014503760517 -0.3018335759883752 -0.9108531307747968
vn -0.08443138257864387 0.5537752146585658 -0.828374524756597
vn 0.21996304708613879 -0.447030295415698 0.8670525779311973
vn 0.6566641659912115 0.029349977198094547 -0.7536118045396704
vn -0.998738946449816 -0.01232701537932868 -0.048667869648770276
vn 0.0314605469411648 0.0720253513561502 0.9969065065231473
vn 0.0008631228870648047 0.3967999461132447 0.9179047106227357
vn -0.019968108219773243 0.020411503041457297 -0.9995922394645289
vn 0 0 0
vn -0.9999977581772538 -0.0020817917264775447 0.0003870189587595886
vn 0.3753232727676911 0.9103902479630653 -0.1741322409340033
vn -0.03146054694116446 0.0720253513561496 0.9969065065231474
vn -0.0008631228870647214 0.3967999461132459 0.9179047106227353
vn 0.019968108219771796 0.020411503041466328 -0.9995922394645288
vn 0 0 0
vn 0.9999977581772537 -0.0020817917264784325 0.00038701895875653536
vn -0.37532327276769084 0.9103902479630661 -0.17413224093400084
vn 0.1177448645595206 0.6805450111270014 0.7231836797799089
vn 0.083500485890969 0.9725685015225162 0.21711328541160138
vn 0.33652276618535626 0.5753520411168335 -0.7454679447311264
vn 0.14500692423054584 0.9522335928893708 0.268745560890216
vn 0 0 0
vn -0.9997969125628378 -0.020032830331839644 0.00219529923092926
vn 0.30308909735122613 -0.5158894711159095 0.8012459376861552
vn -0.3429032501150793 0.39471171782133346 -0.8524200964753516
vn -0.15856599825323262 0.9642436034669808 0.212346644360037
vn 0.01335558762977097 -0.8949508481017162 -0.4459648055184205
vn -0.9556554097094396 -0.14264382189709984 0.2576343881698867
vn 0.9987683818146573 0.02413688723967731 -0.04334893495473808
vn 0.9434401967405289 -0.1364846912618654 0.30214652774001116
vn -0.9772310241887723 0.16065549718053265 0.13859775102302088
vn 0.0696419208756045 0.8794860119060801 0.47080182425123873
vn 0.013354929611251029 -0.8949509232446343 -0.44596467442910226
vn -0.4401741796843061 -0.4057262482489584 0.8010199142475004
vn 0.4083187507228964 0.38086006389300453 -0.8295911098484058
vn 0.9767799314384049 -0.08369938592248613 0.1972191125002441
vn -0.9449166499909591 0.3195071725883502 -0.07104710574303198
vn -0.013356255788158931 0.8949504730533577 0.44596553814492534
vn -0.3191956175752444 -0.8133211244111093 -0.48643900574214605
vn -0.2138283797125727 -0.4382442966859589 0.8730517513021352
vn 0.21382837971258092 0.4382442966859592 -0.873051751302133
vn 0.9767798274672932 -0.039032096699665654 0.21066006759752312
vn -0.9771111657634332 0.007230549409458222 -0.21260641781390877
vn -0.1106735838284453 0.9693183173603346 0.2194842989197581
vn 0.013356311529775067 -0.9702620988956852 -0.2416879566483595
vn -0.27655720723282856 -0.2358579895319113 0.9316045941822869
vn 0.3331663023172734 -0.02408047480092093 -0.9425605262971698
vn 0.9434429708461246 -0.06784844106970052 0.3245180269344836
vn -0.9292419724263362 -0.007949025206675427 -0.36938620667192773
vn -0.06198625665692867 0.972470322012937 0.2246312017278906
vn 0.01335038277220692 -0.9702611640276163 -0.24169203722839308
vn -0.4241543243260666 -0.22438693878121316 0.8773503353050561
vn 0.4045962810332393 0.11814834350797179 -0.9068311961442408
vn 0.36013104930241496 -0.17614596486519488 0.9161212945838838
vn -0.33214069321359196 0.12277300507029192 -0.9352055117125887
vn 0.10997610667110219 0.8930928195588095 0.4362229608972485
vn 0.013357463982984128 -0.9702632113129903 -0.2416834270870617
vn -0.9466920310641487 -0.09007578540868644 0.3092903994673052
vn 0.9979076725711221 0.03753756130965428 -0.05264226927679251
vn 0.3826834323650886 -0.8338800705567173 0.3977403908601678
vn -0.3870450702083186 0.8441670148326684 -0.370915306634735
vn 1.3600232051658168e-15 0.4305110968082948 0.9025852843498607
vn -0.004400841049849614 -0.4208930478906144 -0.907099594771932
vn -0.8563107247706889 -0.4661500794229706 0.22234218245006057
vn 0.9994244866600555 0.030617409948002 -0.014603755419786705
vn 0.38268343236509006 -0.9238795325112866 5.551115123125783e-17
vn -0.37791830735981724 0.9258389454771769 2.2204460492503136e-16
vn 4.996003610813205e-16 -3.677613769070832e-16 1
vn 0.0024608755694010003 -0.0059410791749618126 -0.9999793236210782
vn -0.840000284144971 -0.54258595875342 2.498001805406602e-16
vn 0.9999978116892992 -0.002092036475027204 1.6653345369377353e-16
vn 0.3826834323650891 -0.8338800705567165 -0.397740390860169
vn -0.3869575363868434 0.8322716663060831 0.396973221385928
vn -0.02047915216894503 0.4745189646171214 -0.880007020736276
vn 0.008577691837899972 -0.449094014886212 0.8934433328399274
vn 0.9999590066889482 0.008172506873439457 0.0038980858194379584
vn -0.8364407680540553 -0.5065575169262158 -0.20920402382050143
vn 0.3826834323650896 0.04835211878726232 -0.9226133877210198
vn -0.33534249441378133 -0.1180307667496974 0.934673284918758
vn 0.10297612781066198 0.9748062862468362 -0.197860105617008
vn 0.004538313049096826 -0.9979858918902929 -0.06327371731299813
vn 0.999805737435456 0.0010315460670264067 -0.01968307150461796
vn -0.9119370758065501 0.21241982404491122 -0.35106778280287654
vn -0.9762960071199335 0.21643961393810218 1.6653345369377348e-16
vn 0.9762960071199335 -0.21643961393810296 -5.551115123125784e-16
vn 0.21643961393811237 0.9762960071199314 3.434752482434079e-16
vn -0.21643961393810368 -0.9762960071199333 -3.937822290467352e-16
vn -1.1102230246251565e-15 1.3877787807814457e-17 -1
vn 3.3306690738754706e-16 2.775557561562892e-16 1
vn -0.9929950341537225 0.10514059594269638 0.053910270179830924
vn 0.9773289465621102 -0.1904955540926786 -0.09240981594354127
vn 0.22932469971101482 0.8956303851881536 0.3811251700297064
vn -0.2168548377476412 -0.857587430013734 -0.4663880135979945
vn -0.0347551930641315 0.4026341451919584 -0.9147009465834263
vn 0.023614953701943175 -0.40161127141380126 0.9155057185157531
vn -0.9773289465621106 0.19049555409267824 -0.09240981594354071
vn 0.9773289465621104 -0.19049555409267854 0.09240981594354054
vn 0.21153633813328315 0.8970331865749503 -0.3880513365939511
vn -0.21153633813328523 -0.8970331865749502 0.38805133659395
vn 0.008972617285765733 -0.39880183807764946 -0.9169932312099863
vn -0.008972617285769676 0.3988018380776511 0.9169932312099858
vn -0.031184647025663155 0.00006519639138285323 -0.9995136384959014
vn -0.016893378016404007 0.4490494160577237 -0.8933472089380546
vn 0.01996810821977219 0.09008981145297391 0.9957334485325333
vn 0 0 0
vn 0.999963602074378 0.00006196402653521617 0.008531745829236272
vn -0.3720269946945278 0.9205234275345638 0.11930018683378718
vn 0.17815966615133746 -0.2771562425731079 -0.9441628834897084
vn 0.28167671075828515 -0.3009631238655639 -0.9110869490281785
vn 0.08434870513549113 0.5541981866914246 -0.8281000336975618
vn -0.21996304708613845 -0.4470302954156964 0.8670525779311982
vn -0.6566641659912086 0.02934997719809363 -0.7536118045396728
vn 0.9989620589942351 -0.007707734110759036 -0.0448931567711215
vn -0.11774486455952007 0.6805450111270019 0.7231836797799084
vn -0.083500485890969 0.9725685015225168 0.21711328541159922
vn -0.33652276618535637 0.5753520411168331 -0.7454679447311267
vn -0.1450069242305451 0.9522335928893703 0.2687455608902187
vn 0 0 0
vn 0.9997969125628376 -0.020032830331840227 0.002195299230929704
vn 1 -2.220446049250313e-16 5.551115123125783e-17
vn -1 1.942890293094024e-16 5.551115123125783e-17
vn -3.3306690738754696e-16 0.9824503977255092 0.18652403600873738
vn 3.1918911957973255e-16 -0.9824503977255094 -0.18652403600873724
vn -3.885780586188049e-16 -0.18652403600873493 0.9824503977255098
vn 3.3306690738754696e-16 0.18652403600873474 -0.9824503977255097
vn 0.7071067811865478 0.6272113751262521 0.32650557562197224
vn -0.675606991463659 -0.653959342656506 -0.34042968618746244
vn -0.7071067811865478 0.6272113751262526 0.32650557562197174
vn 0.6756045432627207 -0.6539613326279604 -0.34043072210103614
vn 2.220446049250313e-16 -0.46174861323503413 0.8870108331782216
vn -0.23961430329148292 0.45784250018366845 -0.8561338859569251
vn 0.3826834323650903 -0.1125925920126047 0.9169930745742613
vn -0.4220300049237423 0.11048453642873349 -0.8998243396097896
vn -0.92387953251129 -0.046637378634360384 0.3798309680908548
vn 0.9238795325112856 0.046637378634362174 -0.3798309680908652
vn -0.11823009958462818 -0.9903535525380479 -0.07225984035048147
vn -2.234323837058128e-15 0.9925461516413229 0.12186934340514205
vn 0.4220300049237422 0.1104845364287335 -0.8998243396097896
vn -0.38268343236509 -0.11259259201260445 0.9169930745742615
vn 0.9238795325112847 -0.046637378634361924 0.37983096809086697
vn -0.9238795325112862 0.04663737863436141 -0.3798309680908638
vn 0.11823009958464084 -0.9903535525380444 -0.07225984035050866
vn -9.43689570931383e-15 0.9925461516413192 0.12186934340517068
vn 0.959629540451766 0.24643262774720429 -0.1355806220443789
vn -0.9588916528757694 -0.25000031886679014 0.13426331819107704
vn -0.10435044557326902 0.7506312827023468 0.6524290474352671
vn 0.10435044557326671 -0.7506312827023471 -0.6524290474352669
vn 0.2884603189873311 -0.6049673347823364 0.7421624944822284
vn -0.033480053291473036 0.6529873395900566 -0.756628455958868
vn 0.9294334504684328 -0.08368033344065695 -0.3593759354013616
vn -0.9294334504684336 0.08368033344065633 0.3593759354013603
vn -0.36863756896391514 -0.253122283713216 -0.89444700918287
vn 0.3686375689639135 0.25312228371321654 0.8944470091828706
vn -0.15374090194186213 0.965563095241885 -0.20988483550988965
vn 0.15374090194186096 -0.965563095241885 0.20988483550989057
vn -0.959629540451766 0.2464326277472038 -0.13558062204437873
vn 0.9588916528757695 -0.25000031886678964 0.1342633181910771
vn 0.10435044557326877 0.7506312827023462 0.6524290474352676
vn -0.10435044557326319 -0.7506312827023481 -0.6524290474352665
vn -0.28846031898733093 -0.6049673347823369 0.7421624944822282
vn 0.03348005329147575 0.6529873395900565 -0.7566284559588677
vn -0.9294334504684335 -0.08368033344065619 -0.35937593540136037
vn 0.9294334504684335 0.08368033344065577 0.3593759354013605
vn 0.3686375689639142 -0.2531222837132157 -0.8944470091828705
vn -0.3686375689639158 0.25312228371321577 0.8944470091828697
vn 0.1537409019418603 0.9655630952418852 -0.20988483550989032
vn -0.15374090194185844 -0.9655630952418853 0.20988483550989098
vn -0.35168951292127076 0.11991933697916422 -0.9284039202414418
vn -0.9653154000186203 -0.042423216893571876 -0.25761686504437614
vn 0.35168951292127104 0.11991933697916636 -0.9284039202414412
vn 0.9653154000186202 -0.04242321689357315 -0.25761686504437603
vn -0.25875743059197964 0.12433203745735753 -0.9579071649043759
vn 0.40782829018132427 -0.12412306301505896 0.9045825285486877
vn 0.4042190127067199 0.4971873847805017 0.7677315248063806
vn -0.25846464036354927 -0.9646019397713669 -0.05233667424529076
vn -0.9997950325425243 0.005648800235824067 -0.01944180956569814
vn 0.9474012417406799 -0.08721242255818622 -0.30793648776939453
vn -0.0022369609986193917 -0.5118412580439508 -0.8590771342373609
vn 0.8769956867958251 -0.4011500070305663 0.2644943046662745
vn -0.9925918107325556 -0.08523974643123645 -0.08657761197333304
vn -0.9202635940498772 0.333490292060553 -0.20469280047859495
vn 0.18052489641465386 -0.9834902287119359 0.012559132240038493
vn -0.03936887659974425 -0.9203887320159458 0.3890175748386615
vn -0.7481937175339611 0.22076458522267461 -0.6256749627036162
vn 0.9886978260986871 0.01112703387337588 -0.14950852077694832
vn -0.9999946264120108 0.0029651442992797436 0.0013982368854510987
vn -0.002944217663887764 -0.6359330938717433 -0.7717385773052041
vn 0.7987893165676139 0.5500698490627788 -0.24363659185248912
vn -0.9999999999827035 -0.00000451925945368914 0.0000037642127431736236
vn 0.9999999999977949 -0.000001594941377525139 0.000001366209079201042
vn 0.0000063950858772005015 0.6427860130140155 0.7660457828567747
vn -0.000008577134634868424 0.7660422943587463 -0.642790170413348
vn -0.7809838554870586 -0.05165398134485154 0.6224115067058087
vn 0.8624564471711651 -0.051484484587542165 0.5035059330133526
vn 0.9813502416455524 0.012044081162037038 0.191850575529964
vn 0.9780774202248766 0.1296380202388964 0.1629679224718463
vn -0.6060407158214073 0.35270845025095 -0.7129596060705331
vn -0.000001235501451438137 -0.6427860130034199 -0.766045782891363
vn -0.000011253326946458754 -0.7660445565919553 0.6427874743561806
vn -0.5266974547775076 0.540831351466246 0.6558134188944973
vn -0.0012753741191696146 -0.7072406963810491 0.7069716902417696
vn -0.9825158327705512 -0.1803752846760157 0.04612369275369146
vn 0.33759259153242516 0.7204983660574604 0.6057337258655416
vn 0.9682094078706764 0.24770622797360986 0.03481619068479886
vn 0.023984052509086813 -0.9996975107991333 -0.0054453766865543715
vn 0.890958435054991 0.44882803791124004 0.0688945526809497
vn 0.8978664416336865 0.18721668692598858 0.39847931580512225
vn 0.9986120452041647 -0.05157411287001087 0.010681481864754488
vn 0.9183566641753795 0.39440402738756886 0.03265731993191113
vn -0.8396071004700109 -0.08737132779158609 -0.5361214115480526
vn 0.8065214405974754 0.14953049158332235 -0.571982340587035
vn -0.004367479309814932 -0.9999738797163626 -0.005758906969548027
vn -0.004369345020701022 -0.9999738833507796 -0.005756860294619325
vn 0.2587574305919797 0.12433203745735738 -0.957907164904376
vn -0.4078282901813237 -0.12412306301505874 0.9045825285486881
vn -0.40421901270672 0.4971873847805057 0.7677315248063779
vn 0.25846464036354677 -0.9646019397713678 -0.052336674245285486
vn 0.9997950325425242 0.005648800235823676 -0.019441809565696914
vn -0.9474012417406831 -0.0872124225581861 -0.30793648776938487
vn 0.0022369609986242493 -0.511841258043952 -0.8590771342373603
vn -0.8769956867958257 -0.401150007030565 0.2644943046662738
vn 0.9925918107325558 -0.08523974643123652 -0.08657761197333326
vn 0.9202635940498782 0.33349029206055086 -0.20469280047859414
vn -0.18052489641465871 -0.983490228711935 0.012559132240038334
vn 0.03936887659974253 -0.9203887320159453 0.3890175748386628
vn 0.7481937175339604 0.22076458522267478 -0.6256749627036172
vn -0.9886978260986871 0.011127033873371108 -0.14950852077694907
vn 0.9999946264120106 0.0029651442992786057 0.0013982368854518758
vn 0.002944217663894133 -0.6359330938717441 -0.7717385773052031
vn -0.7987893165676133 0.5500698490627791 -0.24363659185249012
vn 0.9999999999827035 -0.000004519259453522607 0.000003764212743673224
vn -0.999999999997795 -0.0000015949413788296513 0.0000013662090799781985
vn -0.000006395085876492736 0.6427860130140128 0.766045782856777
vn 0.000008577134637810513 0.7660422943587459 -0.6427901704133482
vn 0.7809838554870585 -0.05165398134485184 0.6224115067058089
vn -0.862456447171165 -0.05148448458754251 0.5035059330133523
vn -0.9813502416455522 0.0120440811620382 0.1918505755299647
vn -0.9780774202248766 0.12963802023889684 0.16296792247184572
vn 0.6060407158214093 0.35270845025094755 -0.7129596060705324
vn 0.0000012355014520487597 -0.6427860130034172 -0.766045782891365
vn 0.00001125332694723591 -0.7660445565919556 0.6427874743561802
vn 0.5266974547775085 0.540831351466245 0.6558134188944974
vn 0.0012753741191727792 -0.7072406963810489 0.7069716902417702
vn 0.982515832770551 -0.18037528467601585 0.04612369275369189
vn -0.33759259153242216 0.7204983660574615 0.6057337258655419
vn -0.9682094078706762 0.24770622797361108 0.034816190684798916
vn -0.023984052509087313 -0.9996975107991333 -0.005445376686547238
vn -0.8909584350549916 0.448828037911239 0.0688945526809497
vn -0.8978664416336869 0.18721668692598883 0.3984793158051211
vn -0.9986120452041647 -0.05157411287001064 0.010681481864755095
vn -0.9183566641753794 0.3944040273875693 0.03265731993191213
vn 0.8396071004700117 -0.08737132779158692 -0.536121411548051
vn -0.806521440597476 0.14953049158332232 -0.5719823405870343
vn 0.0043674793098197615 -0.9999738797163626 -0.005758906969546702
vn 0.004369345020703742 -0.9999738833507796 -0.005756860294620214
vn 0.7933533402912359 0.5880183863281614 0.15755905175128318
vn -0.7933533402912359 -0.5880183863281597 -0.1575590517512895
vn -7.771561172376098e-16 0.2588190451025216 -0.9659258262890681
vn 1.110223024625157e-16 -0.2588190451025223 0.9659258262890681
vn -0.6087614290087212 0.7663204807600031 0.20533495396307394
vn 0.6087614290087188 -0.7663204807600049 -0.20533495396307386
vn 9.436895709313833e-16 -0.4771587602596079 0.8788171126619657
vn -8.881784197001254e-16 0.4771587602596091 -0.878817112661965
vn -1.2581217534793354e-15 0.8788171126619696 0.47715876025960063
vn 1.320666666304593e-15 -0.8788171126619672 -0.47715876025960513
vn -1 -2.775557561562892e-16 -9.436895709313833e-16
vn 1 -7.494005416219807e-16 3.3306690738754696e-16
vn 9.43689570931383e-16 -0.1478094111296112 0.9890158633619167
vn 4.996003610813205e-16 0.14780941112961157 -0.9890158633619167
vn 9.99200722162641e-16 0.9890158633619175 0.14780941112960677
vn -9.992007221626413e-16 -0.9890158633619174 -0.14780941112960802
vn -1 5.273559366969495e-16 4.440892098500627e-16
vn 1 -4.440892098500626e-16 -9.43689570931383e-16
vn 0.9588197348681944 -0.28401534470391815 -3.3306690738754706e-16
vn -0.9588197348681943 0.2840153447039189 -2.775557561562892e-16
vn 0.28401534470394474 0.9588197348681865 3.677613769070831e-16
vn -0.2840153447038756 -0.958819734868207 9.436895709313833e-16
vn 2.6145752229922443e-14 -2.70616862252382e-15 1
vn 5.7731597280508156e-15 -1.4918621893400545e-15 -1
vn 0.3826834323650893 -0.923879532511287 9.71445146547012e-16
vn -0.3826834323650905 0.9238795325112866 8.049116928532387e-16
vn 0.9238795325112859 0.382683432365092 -3.3306690738754706e-16
vn -0.9238795325112859 -0.3826834323650922 5.551115123125784e-17
vn 2.4980018054066022e-15 -7.507883204027621e-15 1
vn -1.3933298959045721e-14 3.637368184428171e-14 -1
vn 0.9762960071199335 -0.21643961393810313 2.2204460492503136e-16
vn -0.9762960071199334 0.2164396139381028 -1.6653345369377348e-16
vn 0.2164396139381045 0.9762960071199331 -1.1067535776732031e-15
vn -0.2164396139381037 -0.9762960071199334 -7.719519468096794e-16
vn -3.885780586188048e-16 -5.134781488891349e-16 1
vn 2.775557561562892e-16 -1.0408340855860845e-16 -1
vn 0.9762960071199334 0.2164396139381027 -2.7755575615628914e-16
vn -0.9762960071199335 -0.21643961393810277 1.6653345369377353e-16
vn -0.21643961393810623 0.9762960071199328 -1.1379786002407857e-15
vn 0.21643961393810596 -0.9762960071199328 9.99200722162641e-16
vn -3.3306690738754706e-16 -1.179611963664229e-16 1
vn 1.8873791418627665e-15 -6.453171330633723e-16 -1
vn 0.38268343236509034 0.9238795325112866 7.077671781985375e-16
vn -0.3826834323650914 -0.9238795325112862 1.1518563880486001e-15
vn -0.923879532511286 0.3826834323650923 0
vn 0.923879532511289 -0.38268343236508495 -4.440892098500627e-16
vn 1.304512053934559e-14 3.2612801348363973e-14 1
vn -1.998401444325282e-15 -3.663735981263017e-15 -1
vn 0.9588197348681924 0.2840153447039255 -1.6653345369377353e-16
vn -0.958819734868192 -0.2840153447039264 -4.440892098500627e-16
vn -0.28401534470395645 0.9588197348681832 -1.1934897514720435e-15
vn 0.2840153447038825 -0.958819734868205 -1.1102230246251567e-15
vn -2.270406085358445e-14 -9.228728892196614e-15 1
vn -6.16173778666962e-15 -4.878042414446782e-15 -1
vn 1 3.885780586188049e-16 5.551115123125784e-17
vn -1 -3.6082248300317597e-16 -5.551115123125784e-17
vn 3.053113317719181e-16 1 -1.5959455978986628e-16
vn -5.273559366969495e-16 -1 9.020562075079399e-17
vn 1.1102230246251568e-16 -4.163336342344338e-16 1
vn -1.1102230246251568e-16 4.2327252813834103e-16 -1
vn 0.9975640570538971 -0.004866792928028414 0.06958639522755357
vn -0.9975640570538971 0.004866792928027276 -0.06958639522755249
vn 0.032210678828285634 0.9169814232113237 -0.39762739047348894
vn -0.0322106788282903 -0.916981423211323 0.39762739047349005
vn -0.06187426155995808 0.3989002178639816 0.9149044714856728
vn 0.06187426155995862 -0.3989002178639799 -0.9149044714856733
vn 1 -8.326672684688677e-17 -2.2204460492503136e-16
vn -1 -3.885780586188048e-16 1.1102230246251565e-16
vn 1.942890293094024e-16 1 -1.942890293094024e-16
vn -2.498001805406602e-16 -1 -6.938893903907228e-18
vn 5.551115123125784e-17 -6.453171330633723e-16 1
vn -2.775557561562892e-16 6.245004513516507e-16 -1
vn 0.9975640570538971 0.004866792928028275 -0.06958639522755213
vn -0.9975640570538971 -0.00486679292802747 0.06958639522755268
vn -0.03221067882828744 0.9169814232113231 -0.39762739047349
vn 0.03221067882828938 -0.9169814232113233 0.39762739047348983
vn 0.06187426155995966 0.39890021786398155 0.9149044714856726
vn -0.06187426155996177 -0.39890021786397994 -0.9149044714856732
vn 1 -1.1102230246251565e-16 5.551115123125783e-17
vn -1 -4.996003610813205e-16 -8.326672684688676e-16
vn 2.081668171172169e-16 0.9816271834476639 0.19080899537654583
vn -1.6653345369377356e-16 -0.9816271834476644 -0.19080899537654353
vn 5.551115123125784e-17 -0.1908089953765436 0.9816271834476642
vn -1.6653345369377353e-16 0.190808995376544 -0.9816271834476643
vn 1 -2.4980018054066027e-16 -7.216449660063519e-16
vn -1 4.163336342344338e-16 7.216449660063519e-16
vn 2.2204460492503136e-16 1 -1.297573160030652e-15
vn -2.775557561562892e-16 -1 1.2212453270876724e-15
vn 1.1102230246251565e-16 9.71445146547012e-17 1
vn -1.1102230246251565e-16 -9.71445146547012e-17 -1
vn 1 1.1102230246251568e-16 5.551115123125784e-17
vn -1 -1.1102230246251565e-16 5.551115123125783e-17
vn 1.387778780781446e-16 1 4.163336342344338e-17
vn -1.1102230246251568e-16 -1 9.020562075079399e-17
vn -3.3306690738754696e-16 -1.1587952819525071e-15 1
vn -1.1102230246251568e-16 9.506284648352905e-16 -1
vn 0.9998476951563913 0.01745240643728394 5.551115123125784e-17
vn -0.9998476951563913 -0.0174524064372833 5.551115123125784e-17
vn -0.01745240643728771 0.9998476951563912 0
vn 0.017452406437287047 -0.9998476951563913 -3.469446951953615e-17
vn -8.881784197001254e-16 2.081668171172169e-17 1
vn 1.054711873393899e-15 5.13478148889135e-16 -1
vn 0.9998476951563913 -0.01745240643728341 -1.1102230246251568e-16
vn -0.9998476951563913 0.017452406437283578 1.1102230246251568e-16
vn 0.01745240643728394 0.9998476951563914 2.1510571102112413e-16
vn -0.017452406437283633 -0.9998476951563913 -1.9428902930940244e-16
vn 4.996003610813204e-16 2.0816681711721685e-17 1
vn -6.661338147750939e-16 5.065392549852277e-16 -1
usemtl m_93956d9e-25b0-a58d-f193-288f8384cdac
f 1/1/1 2/2/1 4/3/1 3/4/1
f 6/5/2 5/6/2 7/7/2 8/8/2
f 6/9/3 2/10/3 1/11/3 5/12/3
f 7/13/4 3/14/4 4/15/4 8/16/4
f 5/17/5 1/18/5 3/19/5 7/20/5
f 2/21/6 6/22/6 8/23/6 4/24/6
f 9/25/7 10/26/7 12/27/7 11/28/7
f 14/29/8 13/30/8 15/31/8 16/32/8
f 14/33/9 10/34/9 9/35/9 13/36/9
f 15/37/10 11/38/10 12/39/10 16/40/10
f 13/41/11 9/42/11 11/43/11 15/44/11
f 10/45/12 14/46/12 16/47/12 12/48/12
f 17/49/13 18/50/13 20/51/13 19/52/13
f 22/53/14 21/54/14 23/55/14 24/56/14
f 22/57/15 18/58/15 17/59/15 21/60/15
f 23/61/16 19/62/16 20/63/16 24/64/16
f 21/65/17 17/66/17 19/67/17 23/68/17
f 18/69/18 22/70/18 24/71/18 20/72/18
f 25/73/19 26/74/19 28/75/19 27/76/19
f 30/77/20 29/78/20 31/79/20 32/80/20
f 30/81/21 26/82/21 25/83/21 29/84/21
f 31/85/22 27/86/22 28/87/22 32/88/22
f 29/89/23 25/90/23 27/91/23 31/92/23
f 26/93/24 30/94/24 32/95/24 28/96/24
f 33/97/25 34/98/25 36/99/25 35/100/25
f 38/101/26 37/102/26 39/103/26 40/104/26
f 38/105/27 34/106/27 33/107/27 37/108/27
f 39/109/28 35/110/28 36/111/28 40/112/28
f 37/113/29 33/114/29 35/115/29 39/116/29
f 34/117/30 38/118/30 40/119/30 36/120/30
f 41/121/31 42/122/31 44/123/31 43/124/31
f 46/125/32 45/126/32 47/127/32 48/128/32
f 46/129/33 42/130/33 41/131/33 45/132/33
f 47/133/34 43/134/34 44/135/34 48/136/34
f 45/137/35 41/138/35 43/139/35 47/140/35
f 42/141/36 46/142/36 48/143/36 44/144/36
f 49/145/37 50/146/37 52/147/37 51/148/37
f 54/149/38 53/150/38 55/151/38 56/152/38
f 54/153/39 50/154/39 49/155/39 53/156/39
f 55/157/40 51/158/40 52/159/40 56/160/40
f 53/161/41 49/162/41 51/163/41 55/164/41
f 50/165/42 54/166/42 56/167/42 52/168/42
f 57/169/43 58/170/43 60/171/43 59/172/43
f 62/173/44 61/174/44 63/175/44 64/176/44
f 62/177/45 58/178/45 57/179/45 61/180/45
f 63/181/46 59/182/46 60/183/46 64/184/46
f 61/185/47 57/186/47 59/187/47 63/188/47
f 58/189/48 62/190/48 64/191/48 60/192/48
f 65/193/49 66/194/49 68/195/49 67/196/49
f 70/197/50 69/198/50 71/199/50 72/200/50
f 70/201/51 66/202/51 65/203/51 69/204/51
f 71/205/52 67/206/52 68/207/52 72/208/52
f 69/209/53 65/210/53 67/211/53 71/212/53
f 66/213/54 70/214/54 72/215/54 68/216/54
f 73/217/55 74/218/55 76/219/55 75/220/55
f 78/221/56 77/222/56 79/223/56 80/224/56
f 78/225/57 74/226/57 73/227/57 77/228/57
f 79/229/58 75/230/58 76/231/58 80/232/58
f 77/233/59 73/234/59 75/235/59 79/236/59
f 74/237/60 78/238/60 80/239/60 76/240/60
f 81/241/61 82/242/61 84/243/61 83/244/61
f 86/245/62 85/246/62 87/247/62 88/248/62
f 86/249/63 82/250/63 81/251/63 85/252/63
f 87/253/64 83/254/64 84/255/64 88/256/64
f 85/257/65 81/258/65 83/259/65 87/260/65
f 82/261/66 86/262/66 88/263/66 84/264/66
f 89/265/67 90/266/67 92/267/67 91/268/67
f 94/269/68 93/270/68 95/271/68 96/272/68
f 94/273/69 90/274/69 89/275/69 93/276/69
f 95/277/70 91/278/70 92/279/70 96/280/70
f 93/281/71 89/282/71 91/283/71 95/284/71
f 90/285/72 94/286/72 96/287/72 92/288/72
f 97/289/73 98/290/73 100/291/73 99/292/73
f 102/293/74 101/294/74 103/295/74 104/296/74
f 102/297/75 98/298/75 97/299/75 101/300/75
f 103/301/76 99/302/76 100/303/76 104/304/76
f 101/305/77 97/306/77 99/307/77 103/308/77
f 98/309/78 102/310/78 104/311/78 100/312/78
f 108/313/79 106/314/79 105/315/79 107/316/79
f 110/317/80 109/318/80 111/319/80
f 107/320/81 109/321/81 108/322/81 111/323/81
f 107/324/82 105/325/82 109/326/82
f 111/327/83 110/328/83 106/329/83 108/330/83
f 105/331/84 106/332/84 110/333/84 109/334/84
f 115/335/85 113/336/85 112/337/85 114/338/85
f 117/339/86 116/340/86 118/341/86
f 112/342/87 113/343/87 117/344/87 116/345/87
f 115/346/88 114/347/88 116/348/88 118/349/88
f 114/350/89 112/351/89 116/352/89
f 118/353/90 117/354/90 113/355/90 115/356/90
f 119/357/91 120/358/91 122/359/91 121/360/91
f 123/361/92 124/362/92 125/363/92
f 122/364/93 123/365/93 121/366/93 125/367/93
f 119/368/94 121/369/94 123/370/94
f 120/371/95 124/372/95 125/373/95 122/374/95
f 124/375/96 120/376/96 119/377/96 123/378/96
f 129/379/97 127/380/97 126/381/97 128/382/97
f 131/383/98 130/384/98 132/385/98
f 128/386/99 130/387/99 129/388/99 132/389/99
f 128/390/100 126/391/100 130/392/100
f 132/393/101 131/394/101 127/395/101 129/396/101
f 127/397/102 131/398/102 126/399/102 130/400/102
f 133/401/103 134/402/103 136/403/103 135/404/103
f 137/405/104 138/406/104 139/407/104
f 138/408/105 134/409/105 133/410/105 137/411/105
f 136/412/106 135/413/106 137/414/106 139/415/106
f 133/416/107 135/417/107 137/418/107
f 134/419/108 138/420/108 139/421/108 136/422/108
f 143/423/109 141/424/109 140/425/109 142/426/109
f 146/427/110 144/428/110 145/429/110 147/430/110
f 140/431/111 141/432/111 145/433/111 144/434/111
f 143/435/112 142/436/112 146/437/112 147/438/112
f 142/439/113 140/440/113 144/441/113 146/442/113
f 147/443/114 145/444/114 141/445/114 143/446/114
f 151/447/115 149/448/115 148/449/115 150/450/115
f 154/451/116 152/452/116 153/453/116 155/454/116
f 148/455/117 149/456/117 153/457/117 152/458/117
f 151/459/118 150/460/118 154/461/118 155/462/118
f 150/463/119 148/464/119 152/465/119 154/466/119
f 155/467/120 153/468/120 149/469/120 151/470/120
f 159/471/121 157/472/121 156/473/121 158/474/121
f 162/475/122 160/476/122 161/477/122 163/478/122
f 156/479/123 157/480/123 161/481/123 160/482/123
f 159/483/124 158/484/124 162/485/124 163/486/124
f 158/487/125 156/488/125 160/489/125 162/490/125
f 163/491/126 161/492/126 157/493/126 159/494/126
f 167/495/127 165/496/127 164/497/127 166/498/127
f 170/499/128 168/500/128 169/501/128 171/502/128
f 164/503/129 165/504/129 169/505/129 168/506/129
f 167/507/130 166/508/130 170/509/130 171/510/130
f 166/511/131 164/512/131 168/513/131 170/514/131
f 171/515/132 169/516/132 165/517/132 167/518/132
f 175/519/133 173/520/133 172/521/133 174/522/133
f 178/523/134 176/524/134 177/525/134 179/526/134
f 172/527/135 173/528/135 177/529/135 176/530/135
f 175/531/136 174/532/136 178/533/136 179/534/136
f 174/535/137 172/536/137 176/537/137 178/538/137
f 179/539/138 177/540/138 173/541/138 175/542/138
f 183/543/139 181/544/139 180/545/139 182/546/139
f 186/547/140 184/548/140 185/549/140 187/550/140
f 180/551/141 181/552/141 185/553/141 184/554/141
f 183/555/142 182/556/142 186/557/142 187/558/142
f 182/559/143 180/560/143 184/561/143 186/562/143
f 187/563/144 185/564/144 181/565/144 183/566/144
f 191/567/145 189/568/145 188/569/145 190/570/145
f 194/571/146 192/572/146 193/573/146 195/574/146
f 188/575/147 189/576/147 193/577/147 192/578/147
f 191/579/148 190/580/148 194/581/148 195/582/148
f 190/583/149 188/584/149 192/585/149 194/586/149
f 195/587/150 193/588/150 189/589/150 191/590/150
f 199/591/151 197/592/151 196/593/151 198/594/151
f 202/595/152 200/596/152 201/597/152 203/598/152
f 196/599/153 197/600/153 201/601/153 200/602/153
f 199/603/154 198/604/154 202/605/154 203/606/154
f 198/607/155 196/608/155 200/609/155 202/610/155
f 203/611/156 201/612/156 197/613/156 199/614/156
f 207/615/157 205/616/157 204/617/157 206/618/157
f 210/619/158 208/620/158 209/621/158 211/622/158
f 204/623/159 205/624/159 209/625/159 208/626/159
f 207/627/160 206/628/160 210/629/160 211/630/160
f 206/631/161 204/632/161 208/633/161 210/634/161
f 211/635/162 209/636/162 205/637/162 207/638/162
f 215/639/163 213/640/163 212/641/163 214/642/163
f 218/643/164 216/644/164 217/645/164 219/646/164
f 212/647/165 213/648/165 217/649/165 216/650/165
f 215/651/166 214/652/166 218/653/166 219/654/166
f 214/655/167 212/656/167 216/657/167 218/658/167
f 219/659/168 217/660/168 213/661/168 215/662/168
f 223/663/169 221/664/169 220/665/169 222/666/169
f 226/667/170 224/668/170 225/669/170 227/670/170
f 220/671/171 221/672/171 225/673/171 224/674/171
f 223/675/172 222/676/172 226/677/172 227/678/172
f 222/679/173 220/680/173 224/681/173 226/682/173
f 227/683/174 225/684/174 221/685/174 223/686/174
f 231/687/175 229/688/175 228/689/175 230/690/175
f 234/691/176 232/692/176 233/693/176 235/694/176
f 228/695/177 229/696/177 233/697/177 232/698/177
f 231/699/178 230/700/178 234/701/178 235/702/178
f 230/703/179 228/704/179 232/705/179 234/706/179
f 235/707/180 233/708/180 229/709/180 231/710/180
f 239/711/181 237/712/181 236/713/181 238/714/181
f 242/715/182 240/716/182 241/717/182 243/718/182
f 236/719/183 237/720/183 241/721/183 240/722/183
f 239/723/184 238/724/184 242/725/184 243/726/184
f 238/727/185 236/728/185 240/729/185 242/730/185
f 243/731/186 241/732/186 237/733/186 239/734/186
f 244/735/187 245/736/187 247/737/187 246/738/187
f 248/739/188 249/740/188 250/741/188
f 247/742/189 248/743/189 246/744/189 250/745/189
f 244/746/190 246/747/190 248/748/190
f 245/749/191 249/750/191 250/751/191 247/752/191
f 249/753/192 245/754/192 244/755/192 248/756/192
f 251/757/193 252/758/193 254/759/193 253/760/193
f 255/761/194 256/762/194 257/763/194
f 256/764/195 252/765/195 251/766/195 255/767/195
f 255/768/196 253/769/196 254/770/196 257/771/196
f 251/772/197 253/773/197 255/774/197
f 252/775/198 256/776/198 257/777/198 254/778/198
f 261/779/199 259/780/199 258/781/199 260/782/199
f 263/783/200 262/784/200 264/785/200
f 259/786/201 263/787/201 258/788/201 262/789/201
f 262/790/202 260/791/202 261/792/202 264/793/202
f 260/794/203 258/795/203 262/796/203
f 264/797/204 263/798/204 259/799/204 261/800/204
f 266/801/205 265/802/205 267/803/205 268/804/205
f 271/805/206 269/806/206 270/807/206 272/808/206
f 269/809/207 265/810/207 266/811/207 270/812/207
f 268/813/208 267/814/208 271/815/208 272/816/208
f 267/817/209 265/818/209 269/819/209 271/820/209
f 270/821/210 266/822/210 268/823/210 272/824/210
f 276/825/211 274/826/211 273/827/211 275/828/211
f 279/829/212 277/830/212 278/831/212 280/832/212
f 273/833/213 274/834/213 278/835/213 277/836/213
f 276/837/214 275/838/214 279/839/214 280/840/214
f 275/841/215 273/842/215 277/843/215 279/844/215
f 280/845/216 278/846/216 274/847/216 276/848/216
f 284/849/217 282/850/217 281/851/217 283/852/217
f 287/853/218 285/854/218 286/855/218 288/856/218
f 281/857/219 282/858/219 286/859/219 285/860/219
f 284/861/220 283/862/220 287/863/220 288/864/220
f 283/865/221 281/866/221 285/867/221 287/868/221
f 288/869/222 286/870/222 282/871/222 284/872/222
f 292/873/223 290/874/223 289/875/223 291/876/223
f 295/877/224 293/878/224 294/879/224 296/880/224
f 289/881/225 290/882/225 294/883/225 293/884/225
f 292/885/226 291/886/226 295/887/226 296/888/226
f 291/889/227 289/890/227 293/891/227 295/892/227
f 296/893/228 294/894/228 290/895/228 292/896/228
f 300/897/229 298/898/229 297/899/229 299/900/229
f 303/901/230 301/902/230 302/903/230 304/904/230
f 297/905/231 298/906/231 302/907/231 301/908/231
f 300/909/232 299/910/232 303/911/232 304/912/232
f 299/913/233 297/914/233 301/915/233 303/916/233
f 304/917/234 302/918/234 298/919/234 300/920/234
f 308/921/235 306/922/235 305/923/235 307/924/235
f 311/925/236 309/926/236 310/927/236 312/928/236
f 305/929/237 306/930/237 310/931/237 309/932/237
f 308/933/238 307/934/238 311/935/238 312/936/238
f 307/937/239 305/938/239 309/939/239 311/940/239
f 312/941/240 310/942/240 306/943/240 308/944/240
f 313/945/241 314/946/241 316/947/241 315/948/241
f 318/949/242 317/950/242 319/951/242 320/952/242
f 318/953/243 314/954/243 313/955/243 317/956/243
f 319/957/244 315/958/244 316/959/244 320/960/244
f 317/961/245 313/962/245 315/963/245 319/964/245
f 314/965/246 318/966/246 320/967/246 316/968/246
f 321/969/247 322/970/247 324/971/247 323/972/247
f 326/973/248 325/974/248 327/975/248 328/976/248
f 326/977/249 322/978/249 321/979/249 325/980/249
f 327/981/250 323/982/250 324/983/250 328/984/250
f 325/985/251 321/986/251 323/987/251 327/988/251
f 322/989/252 326/990/252 328/991/252 324/992/252
f 329/993/253 330/994/253 332/995/253 331/996/253
f 333/997/254 334/998/254 336/999/254 335/1000/254
f 340/1001/255 338/1002/255 337/1003/255 339/1004/255
f 344/1005/256 342/1006/256 341/1007/256 343/1008/256
f 345/1009/257 346/1010/257 348/1011/257 347/1012/257
f 350/1013/258 349/1014/258 351/1015/258 352/1016/258
f 350/1017/259 346/1018/259 345/1019/259 349/1020/259
f 351/1021/260 347/1022/260 348/1023/260 352/1024/260
f 349/1025/261 345/1026/261 347/1027/261 351/1028/261
f 346/1029/262 350/1030/262 352/1031/262 348/1032/262
f 356/1033/263 353/1034/263 354/1035/263 365/1036/263
f 355/1037/264 379/1038/264 353/1039/264 356/1040/264
f 357/1041/265 375/1042/265 353/1043/265 358/1044/265
f 360/1045/266 375/1046/266 357/1047/266 359/1048/266
f 376/1049/267 360/1050/267 359/1051/267 357/1052/267
f 348/1053/268 358/1054/268 361/1055/268 352/1056/268
f 358/1057/269 348/1058/269 346/1059/269 357/1060/269
f 346/1061/270 350/1062/270 357/1063/270 359/1064/270
f 377/1065/271 362/1066/271 364/1067/271 363/1068/271
f 365/1069/272 363/1070/272 364/1071/272 366/1072/272
f 362/1073/273 360/1074/273 366/1075/273 364/1076/273
f 367/1077/274 368/1078/274 369/1079/274 378/1080/274
f 371/1081/275 370/1082/275 373/1083/275 372/1084/275
f 371/1085/276 368/1086/276 367/1087/276 370/1088/276
f 368/1089/277 371/1090/277 372/1091/277 369/1092/277
f 359/1093/278 357/1094/278 358/1095/278 361/1096/278
f 350/1097/279 352/1098/279 361/1099/279 359/1100/279
f 360/1101/280 374/1102/280 365/1103/280 366/1104/280
f 360/1105/281 355/1106/281 356/1107/281 365/1108/281
f 376/1109/282 360/1110/282 365/1111/282 354/1112/282
f 373/1113/283 378/1114/283 369/1115/283 372/1116/283
f 370/1117/284 367/1118/284 378/1119/284 373/1120/284
f 360/1121/285 362/1122/285 377/1123/285 374/1124/285
f 374/1125/286 377/1126/286 363/1127/286 365/1128/286
f 379/1129/287 376/1130/287 354/1131/287 353/1132/287
f 360/1133/288 376/1134/288 379/1135/288 355/1136/288
f 376/1137/289 357/1138/289 375/1139/289
f 380/1140/290 361/1141/290 358/1142/290 353/1143/290
f 360/1144/291 359/1145/291 381/1146/291 381/1146/291
f 381/1148/292 359/1149/292 361/1150/292 380/1151/292
f 381/1152/293 380/1153/293 383/1154/293 382/1155/293
f 381/1156/294 382/1157/294 360/1158/294
f 375/1159/295 360/1160/295 356/1161/295 353/1162/295
f 356/1163/296 360/1164/296 382/1165/296 383/1166/296
f 353/1167/297 356/1168/297 383/1169/297
f 383/1170/298 380/1171/298 353/1172/298
f 387/1173/299 385/1174/299 384/1175/299 386/1176/299
f 390/1177/300 388/1178/300 389/1179/300 391/1180/300
f 384/1181/301 385/1182/301 389/1183/301 388/1184/301
f 387/1185/302 386/1186/302 390/1187/302 391/1188/302
f 386/1189/303 384/1190/303 388/1191/303 390/1192/303
f 391/1193/304 389/1194/304 385/1195/304 387/1196/304
f 393/1197/305 392/1198/305 395/1199/305 404/1200/305
f 392/1201/306 418/1202/306 394/1203/306 395/1204/306
f 392/1205/307 414/1206/307 396/1207/307 397/1208/307
f 396/1209/308 414/1210/308 399/1211/308 398/1212/308
f 398/1213/309 399/1214/309 415/1215/309 396/1216/309
f 400/1217/310 397/1218/310 387/1219/310 391/1220/310
f 385/1221/311 387/1222/311 397/1223/311 396/1224/311
f 396/1225/312 389/1226/312 385/1227/312 398/1228/312
f 403/1229/313 401/1230/313 416/1231/313 402/1232/313
f 403/1233/314 402/1234/314 404/1235/314 405/1236/314
f 405/1237/315 399/1238/315 401/1239/315 403/1240/315
f 408/1241/316 407/1242/316 406/1243/316 417/1244/316
f 412/1245/317 409/1246/317 410/1247/317 411/1248/317
f 406/1249/318 407/1250/318 410/1251/318 409/1252/318
f 411/1253/319 410/1254/319 407/1255/319 408/1256/319
f 397/1257/320 396/1258/320 398/1259/320 400/1260/320
f 400/1261/321 391/1262/321 389/1263/321 398/1264/321
f 404/1265/322 413/1266/322 399/1267/322 405/1268/322
f 395/1269/323 394/1270/323 399/1271/323 404/1272/323
f 404/1273/324 399/1274/324 415/1275/324 393/1276/324
f 408/1277/325 417/1278/325 412/1279/325 411/1280/325
f 417/1281/326 406/1282/326 409/1283/326 412/1284/326
f 416/1285/327 401/1286/327 399/1287/327 413/1288/327
f 402/1289/328 416/1290/328 413/1291/328 404/1292/328
f 393/1293/329 415/1294/329 418/1295/329 392/1296/329
f 418/1297/330 415/1298/330 399/1299/330 394/1300/330
f 396/1301/331 415/1302/331 414/1303/331
f 397/1304/332 400/1305/332 419/1306/332 392/1307/332
f 398/1308/333 399/1309/333 420/1310/333 420/1310/333
f 400/1312/334 398/1313/334 420/1314/334 419/1315/334
f 422/1316/335 419/1317/335 420/1318/335 421/1319/335
f 421/1320/336 420/1321/336 399/1322/336
f 395/1323/337 399/1324/337 414/1325/337 392/1326/337
f 421/1327/338 399/1328/338 395/1329/338 422/1330/338
f 395/1331/339 392/1332/339 422/1333/339
f 419/1334/340 422/1335/340 392/1336/340
f 426/1337/341 424/1338/341 423/1339/341 425/1340/341
f 429/1341/342 427/1342/342 428/1343/342 430/1344/342
f 423/1345/343 424/1346/343 428/1347/343 427/1348/343
f 426/1349/344 425/1350/344 429/1351/344 430/1352/344
f 425/1353/345 423/1354/345 427/1355/345 429/1356/345
f 430/1357/346 428/1358/346 424/1359/346 426/1360/346
f 434/1361/347 432/1362/347 431/1363/347 433/1364/347
f 437/1365/348 435/1366/348 436/1367/348 438/1368/348
f 431/1369/349 432/1370/349 436/1371/349 435/1372/349
f 434/1373/350 433/1374/350 437/1375/350 438/1376/350
f 433/1377/351 431/1378/351 435/1379/351 437/1380/351
f 438/1381/352 436/1382/352 432/1383/352 434/1384/352
f 442/1385/353 440/1386/353 439/1387/353 441/1388/353
f 445/1389/354 443/1390/354 444/1391/354 446/1392/354
f 439/1393/355 440/1394/355 444/1395/355 443/1396/355
f 442/1397/356 441/1398/356 445/1399/356 446/1400/356
f 441/1401/357 439/1402/357 443/1403/357 445/1404/357
f 446/1405/358 444/1406/358 440/1407/358 442/1408/358
f 450/1409/359 448/1410/359 447/1411/359 449/1412/359
f 453/1413/360 451/1414/360 452/1415/360 454/1416/360
f 447/1417/361 448/1418/361 452/1419/361 451/1420/361
f 450/1421/362 449/1422/362 453/1423/362 454/1424/362
f 449/1425/363 447/1426/363 451/1427/363 453/1428/363
f 454/1429/364 452/1430/364 448/1431/364 450/1432/364
f 458/1433/365 456/1434/365 455/1435/365 457/1436/365
f 461/1437/366 459/1438/366 460/1439/366 462/1440/366
f 455/1441/367 456/1442/367 460/1443/367 459/1444/367
f 458/1445/368 457/1446/368 461/1447/368 462/1448/368
f 457/1449/369 455/1450/369 459/1451/369 461/1452/369
f 462/1453/370 460/1454/370 456/1455/370 458/1456/370
f 466/1457/371 464/1458/371 463/1459/371 465/1460/371
f 469/1461/372 467/1462/372 468/1463/372 470/1464/372
f 463/1465/373 464/1466/373 468/1467/373 467/1468/373
f 466/1469/374 465/1470/374 469/1471/374 470/1472/374
f 465/1473/375 463/1474/375 467/1475/375 469/1476/375
f 470/1477/376 468/1478/376 464/1479/376 466/1480/376
f 474/1481/377 472/1482/377 471/1483/377 473/1484/377
f 477/1485/378 475/1486/378 476/1487/378 478/1488/378
f 471/1489/379 472/1490/379 476/1491/379 475/1492/379
f 474/1493/380 473/1494/380 477/1495/380 478/1496/380
f 473/1497/381 471/1498/381 475/1499/381 477/1500/381
f 478/1501/382 476/1502/382 472/1503/382 474/1504/382
f 482/1505/383 480/1506/383 479/1507/383 481/1508/383
f 485/1509/384 483/1510/384 484/1511/384 486/1512/384
f 479/1513/385 480/1514/385 484/1515/385 483/1516/385
f 482/1517/386 481/1518/386 485/1519/386 486/1520/386
f 481/1521/387 479/1522/387 483/1523/387 485/1524/387
f 486/1525/388 484/1526/388 480/1527/388 482/1528/388
f 490/1529/389 488/1530/389 487/1531/389 489/1532/389
f 493/1533/390 491/1534/390 492/1535/390 494/1536/390
f 487/1537/391 488/1538/391 492/1539/391 491/1540/391
f 490/1541/392 489/1542/392 493/1543/392 494/1544/392
f 489/1545/393 487/1546/393 491/1547/393 493/1548/393
f 494/1549/394 492/1550/394 488/1551/394 490/1552/394
f 498/1553/395 496/1554/395 495/1555/395 497/1556/395
f 501/1557/396 499/1558/396 500/1559/396 502/1560/396
f 495/1561/397 496/1562/397 500/1563/397 499/1564/397
f 498/1565/398 497/1566/398 501/1567/398 502/1568/398
f 497/1569/399 495/1570/399 499/1571/399 501/1572/399
f 502/1573/400 500/1574/400 496/1575/400 498/1576/400
f 506/1577/401 504/1578/401 503/1579/401 505/1580/401
f 509/1581/402 507/1582/402 508/1583/402 510/1584/402
f 503/1585/403 504/1586/403 508/1587/403 507/1588/403
f 506/1589/404 505/1590/404 509/1591/404 510/1592/404
f 505/1593/405 503/1594/405 507/1595/405 509/1596/405
f 510/1597/406 508/1598/406 504/1599/406 506/1600/406
f 514/1601/407 512/1602/407 511/1603/407 513/1604/407
f 517/1605/408 515/1606/408 516/1607/408 518/1608/408
f 511/1609/409 512/1610/409 516/1611/409 515/1612/409
f 514/1613/410 513/1614/410 517/1615/410 518/1616/410
f 513/1617/411 511/1618/411 515/1619/411 517/1620/411
f 518/1621/412 516/1622/412 512/1623/412 514/1624/412
f 522/1625/413 520/1626/413 519/1627/413 521/1628/413
f 525/1629/414 523/1630/414 524/1631/414 526/1632/414
f 519/1633/415 520/1634/415 524/1635/415 523/1636/415
f 522/1637/416 521/1638/416 525/1639/416 526/1640/416
f 521/1641/417 519/1642/417 523/1643/417 525/1644/417
f 526/1645/418 524/1646/418 520/1647/418 522/1648/418
f 530/1649/419 528/1650/419 527/1651/419 529/1652/419
f 533/1653/420 531/1654/420 532/1655/420 534/1656/420
f 527/1657/421 528/1658/421 532/1659/421 531/1660/421
f 530/1661/422 529/1662/422 533/1663/422 534/1664/422
f 529/1665/423 527/1666/423 531/1667/423 533/1668/423
f 534/1669/424 532/1670/424 528/1671/424 530/1672/424
f 538/1673/425 536/1674/425 535/1675/425 537/1676/425
f 541/1677/426 539/1678/426 540/1679/426 542/1680/426
f 535/1681/427 536/1682/427 540/1683/427 539/1684/427
f 538/1685/428 537/1686/428 541/1687/428 542/1688/428
f 537/1689/429 535/1690/429 539/1691/429 541/1692/429
f 542/1693/430 540/1694/430 536/1695/430 538/1696/430
f 546/1697/431 544/1698/431 543/1699/431 545/1700/431
f 549/1701/432 547/1702/432 548/1703/432 550/1704/432
f 543/1705/433 544/1706/433 548/1707/433 547/1708/433
f 546/1709/434 545/1710/434 549/1711/434 550/1712/434
f 545/1713/435 543/1714/435 547/1715/435 549/1716/435
f 550/1717/436 548/1718/436 544/1719/436 546/1720/436
f 554/1721/437 552/1722/437 551/1723/437 553/1724/437
f 557/1725/438 555/1726/438 556/1727/438 558/1728/438
f 551/1729/439 552/1730/439 556/1731/439 555/1732/439
f 554/1733/440 553/1734/440 557/1735/440 558/1736/440
f 553/1737/441 551/1738/441 555/1739/441 557/1740/441
f 558/1741/442 556/1742/442 552/1743/442 554/1744/442
f 562/1745/443 560/1746/443 559/1747/443 561/1748/443
f 565/1749/444 563/1750/444 564/1751/444 566/1752/444
f 559/1753/445 560/1754/445 564/1755/445 563/1756/445
f 562/1757/446 561/1758/446 565/1759/446 566/1760/446
f 561/1761/447 559/1762/447 563/1763/447 565/1764/447
f 566/1765/448 564/1766/448 560/1767/448 562/1768/448
