# Made in Blockbench 5.2.1
mtllib us_mobilized_h.mtl

o cube
v 0.11981460691305149 2.076974012616292 0.2973212824485478
v 0.22890069120309633 2.0014233853346206 0.26128548175519245
v 0.1274730317814316 1.9789617745947297 0.34710427214249934
v 0.26701708907594984 1.983202248205906 0.29224582284888884
v 0.1671940500301191 2.150889696789882 0.28755796380388404
v 0.2796765810746691 2.0486828725094424 0.2796571347676544
v 0.16200320700120724 1.9823787110878284 0.40356268107177196
v 0.2648954103371735 1.9933551247064438 0.3306982013662332
v 0.08125000000000002 2.0948840631833328 -0.33680107131551584
v 0.08124999999999996 2.1090025237419208 -0.3681428915634781
v 0.08124999999999996 1.8954361161508442 -0.426645820324714
v 0.08124999999999988 1.9095545767094326 -0.4579876405726764
v -0.07500000000000001 2.0948840631833328 -0.33680107131551584
v -0.07500000000000001 2.1090025237419208 -0.368142891563478
v -0.07500000000000001 1.8954361161508442 -0.426645820324714
v -0.07500000000000012 1.9095545767094326 -0.4579876405726764
v -0.1639368750000002 2.110901875 0.15361687500000026
v 0.16731312499999984 2.110901875 0.15361687500000026
v -0.1639368750000002 2.110901875 -0.09950812499999967
v 0.16731312499999984 2.110901875 -0.09950812499999967
v -0.1639368750000002 2.185901875 0.15361687500000015
v 0.16731312500000003 2.185901875 0.15361687500000024
v -0.16401187500000003 2.1874493749999995 -0.09955187499999985
v 0.16731312500000003 2.185901875 -0.09950812499999984
v 0.16645499999999996 1.9822515274974004 0.34888470811570993
v -0.1585450000000001 1.9822515274974004 0.3488847081157099
v 0.16645500000000005 1.7182292454951658 0.3534932341905551
v -0.15854499999999994 1.7182292454951655 0.35349323419055506
v 0.16645500000000002 1.9832604947445558 0.40668840299193887
v -0.15854500000000005 1.9832604947445558 0.40668840299193876
v 0.16645500000000013 1.7192382127423214 0.41129692906678395
v -0.15854500000000005 1.7192382127423214 0.411296929066784
v -0.16341562499999995 2.121594030186295 -0.2086476655975964
v 0.16783437499999992 2.121594030186295 -0.2086476655975964
v -0.16341562499999995 2.006356614672614 -0.3221213259434663
v 0.16783437499999992 2.006356614672615 -0.32212132594346665
v -0.16401187499999992 2.1677719384698317 -0.26328281951151766
v 0.16723812500000002 2.167771938469832 -0.26328281951151766
v -0.16341562499999995 2.0518213265750553 -0.3797930380550212
v 0.16783437500000004 2.051821326575056 -0.37979303805502107
v -0.16131562499999996 2.0300537174989164 -0.3099800941593156
v 0.168371875 2.0300537174989164 -0.3099800941593157
v -0.16131562500000007 1.8417830270836766 -0.3675466882531905
v 0.1683718749999999 1.8417830270836764 -0.3675466882531905
v -0.16131562499999996 2.0515269708513935 -0.38020805010785763
v 0.1683718749999998 2.0515269708513935 -0.38020805010785763
v -0.16131562499999996 1.8632562804361537 -0.43777464420173207
v 0.16837187499999987 1.8632562804361534 -0.4377746442017324
v 0.167514375 2.111255964456036 0.14805864613225447
v -0.16373562500000005 2.111255964456036 0.14805864613225447
v 0.167514375 2.076954209892536 0.2854518526312244
v -0.16373562500000016 2.076954209892536 0.2854518526312243
v 0.16751437500000013 2.1860732773565097 0.15329025108222716
v -0.16373562499999994 2.1860732773565097 0.15329025108222716
v 0.1675143750000001 2.15177152279301 0.29068345758119696
v -0.16373562499999994 2.15177152279301 0.29068345758119696
v -0.16401187499999992 2.113826997036968 -0.0852413248314306
v 0.16723812500000002 2.1138269970369676 -0.08524132483143065
v -0.16401187499999997 2.0941498474351476 -0.24897181290544146
v 0.1672381249999999 2.0941498474351476 -0.24897181290544146
v -0.16401187500000025 2.187449035795543 -0.09955199948467147
v 0.16723812499999982 2.187449035795543 -0.09955199948467147
v -0.16401187500000014 2.1677718861937225 -0.26328248755868244
v 0.16723812499999982 2.1677718861937225 -0.26328248755868244
v 0.164491875 2.1319216383297492 0.23699521748911404
v -0.16050812499999995 2.1319216383297492 0.23699521748911406
v 0.16645499999999985 1.98225153245358 0.34888493251990965
v -0.15854500000000016 1.98225153245358 0.3488849325199095
v 0.16751437500000027 2.1517716218126393 0.29068361811698706
v -0.16373562499999977 2.1517716218126393 0.29068361811698695
v 0.1664550000000001 1.983260332581754 0.4066885849851044
v -0.15854499999999994 1.983260332581754 0.4066885849851043
v 0.2673763742691088 1.9338453592171356 0.257318953280157
v 0.3206808104136362 1.8898808024156157 -0.154362057424901
v 0.2845944443750159 1.716057845694285 0.2960572113768004
v 0.33789888051954325 1.6720932888927647 -0.11562379932825778
v 0.31496339486888497 1.9389357022133629 0.26478589943418906
v 0.36827234442974466 1.8824706891282392 -0.1468837547128915
v 0.33218146497479206 1.721148188690512 0.3035241575308325
v 0.3854859011193196 1.6771836318889923 -0.10815685317422552
v 0.31124058770295904 1.7097003338189398 0.09020176333687027
v 0.34247173592910385 1.9097986115014562 0.05235834672832801
v 0.35882760830273547 1.7147906768151673 0.09766870949090248
v 0.2534988203264363 2.1361425903673847 0.1504918750000001
v 0.2534988203264363 2.1361425903673847 -0.09950812499999984
v 0.2206644453264363 2.0792717846326148 0.15049187500000016
v 0.22066444532643625 2.079271784632615 -0.09950812499999984
v 0.16731305467356367 2.1859019653673846 0.15049187500000005
v 0.16731305467356367 2.1859019653673846 -0.09950812499999995
v 0.13447867967356356 2.129031159632615 0.15049187500000016
v 0.13447867967356358 2.129031159632615 -0.09950812499999995
v 0.2534988203264363 2.1361425903673847 -0.09950812499999984
v 0.2534987261402087 2.1189549272320534 -0.2620081249999999
v 0.22066444532643625 2.079271784632615 -0.09950812499999984
v 0.22066435114020871 2.062084121497284 -0.2620081249999998
v 0.16723792586613945 2.1874493384558136 -0.0995518749999999
v 0.16731296048733624 2.1687143022320527 -0.2620081249999998
v 0.13447867967356358 2.129031159632615 -0.09950812499999995
v 0.13447858548733627 2.1118434964972836 -0.2620081249999998
v 0.2534988203264362 2.116465090367385 -0.26323812499999977
v 0.26599904219007686 2.0461523597410936 -0.3366756249999997
v 0.22066444532643625 2.0595942846326154 -0.26323812499999977
v 0.2206643958809273 2.014281698990482 -0.2991756249999997
v 0.16723792586613953 2.167771838455814 -0.2632818749999999
v 0.1673129409831447 2.0521617684498032 -0.3804256249999999
v 0.13447867967356364 2.1093536596326152 -0.26323812499999977
v 0.13447856598314484 1.9952909627150337 -0.38042562499999977
v 0.22066438700468954 2.014281835108176 -0.2991757548504329
v 0.13447883588358306 1.9952908382460548 -0.380426065814509
v 0.23653411961261073 1.8177167742070781 -0.29365142058107774
v 0.11395631254269878 1.8428078749619763 -0.3872419135642807
v 0.2659989471218587 2.046152526237958 -0.33667618763483953
v 0.1673135019588844 2.052161975942883 -0.38042596275795637
v 0.28299352269765277 1.8363094415716568 -0.3495158688935036
v 0.1683718394373856 1.8632559316765462 -0.44714948065331894
v 0.2547066960775898 2.135280220600818 0.15006899949344943
v 0.25352415265275663 2.135356097940009 -0.09992819215813248
v 0.32807060686364986 1.9061122610656875 0.1496524161525352
v 0.32616820136313623 1.913633274765057 -0.11124673322382445
v 0.1951831865611827 2.1162243615951213 0.15034477549904698
v 0.19400064313634996 2.116300238934312 -0.099652416152535
v 0.26854709734724336 1.887056402059991 0.14992819215813272
v 0.2673645539224103 1.8871322793991816 -0.10006899949344916
v 0.2648953552903055 1.9933549489253166 0.3306981250000001
v 0.2534990486005997 2.136142271074345 0.1504918750000001
v 0.3280707100631245 1.9061117638599827 0.14965250000000016
v 0.2154647328201007 2.0517727531872554 0.2625000000000001
v 0.21546473282010076 2.0517727531872554 0.15000000000000013
v 0.2283163063795643 1.991970070375371 0.33274187500000013
v 0.25305295775813486 1.932558134343727 0.15000000000000008
v 0.27967639370191294 2.048682941084487 0.27965750000000017
v 0.314963870638004 1.9389352576095018 0.26478562500000014
v 0.34452117087351425 1.7911982801111126 -0.1980461762079253
v 0.2598942193654582 1.915059336519966 -0.10030100639367179
v 0.27391518368099166 1.8018974845513607 -0.24609960365585304
v 0.24726383324964277 1.931342964206673 -0.24139413586319713
v 0.3798497991885444 1.8307086954696223 -0.21509367044411065
v 0.32616877174172354 1.9136336872264728 -0.11124684522254402
v 0.3318910969852978 1.8074821769444993 -0.276639295738186
v 0.31353838562590797 1.9299173149131796 -0.25233997469206937
v 0.27391500984208 1.801897732919286 -0.24609982262937835
v 0.25796103933949854 1.9201922754065652 -0.20673580517839607
v 0.23653399991127697 1.8177167026764258 -0.29365147447405304
v 0.21765829762185643 1.9474717198138944 -0.27945286591979623
v 0.331970253894559 1.807469820418975 -0.2761860504405036
v 0.3135384446060776 1.9299176830535845 -0.25234012153468366
v 0.28299373920235316 1.8363097826779256 -0.34951552311322653
v 0.26599865425724123 2.046152782848831 -0.3366759823724098
v 0.2206643655984822 2.079271966684815 -0.09950812499999984
v 0.22066426562160046 2.0620840527696354 -0.2620081249999998
v 0.2534989588537272 2.1361425999771844 -0.09950812499999973
v 0.2534988588768453 2.1189546860620045 -0.2620081249999998
v 0.25989384863974624 1.9150592875957861 -0.1003012499999999
v 0.2472640699685507 1.9313429942750593 -0.24139437500000005
v 0.3261684603650204 1.91363319890801 -0.11124687499999986
v 0.31353862722148584 1.92991752820897 -0.2523399999999998
v 0.22066426562160046 2.0620840527696354 -0.2620081249999998
v 0.2534988588768453 2.1189546860620045 -0.2620081249999998
v 0.2472640699685507 1.9313429942750593 -0.24139437500000005
v 0.22066422593031926 2.014282148633284 -0.29917562500000006
v 0.31353862722148584 1.92991752820897 -0.2523399999999998
v 0.2659990335254704 2.0461527396824986 -0.3366756249999998
v 0.13447868464105872 2.1290311644359763 0.15049228382505375
v 0.22066448580190934 2.0792713232842885 0.15049196386501817
v 0.11981460691305137 2.076974012616292 0.29732128244854805
v 0.22890069120309636 2.0014233853346206 0.2612854817551927
v 0.16719430078736072 2.1851913614693994 0.15016484997110605
v 0.25349908790686904 2.136142244555238 0.15049175634208534
v 0.16719405003011906 2.150889696789882 0.28755796380388426
v 0.2796765810746692 2.0486828725094424 0.2796571347676545
v 0.12401476389270386 1.979843817296445 0.3502301584664955
v 0.26355877682965156 1.9840839474542264 0.2953713419490194
v 0.13123574414949285 1.715887901140029 0.3481965222138176
v 0.27077975708644025 1.7201280312978109 0.2933377056963414
v 0.1585451564461794 1.9832602780067934 0.4066880758972191
v 0.2648954903918063 1.993354677652833 0.3306983112556345
v 0.15854526896061805 1.7192382186256625 0.4112970033306818
v 0.2919273107769602 1.7202920174396226 0.34714327453174965
v 0.2283166431624904 1.9919697686136277 0.3327416474392758
v 0.26877803531439964 1.9342764044903955 0.25827640244187067
v 0.2357940589775488 1.7186426379501787 0.33063586913551896
v 0.2859216439637183 1.716445577777836 0.29680463363685633
v 0.26489556240728457 1.9933544772553613 0.3306979988291654
v 0.3163686896129682 1.9393417697106234 0.265738594082977
v 0.29112277682079835 1.720027557497822 0.3473421594454188
v 0.3335122982622868 1.7215109429980637 0.3042668252779627
v 0.3300910890193952 1.7691285952086033 0.03946214181441904
v 0.3197755370145615 1.9255509559326094 -0.060529799653953664
v 0.3403199422003079 1.6704562702730938 -0.11595112492759557
v 0.34452142117833284 1.791198328429379 -0.198046361561091
v 0.37993695791126525 1.7729585339074292 0.04031121423637224
v 0.3696214059064315 1.9293808946314353 -0.05968072723200035
v 0.39016581109217807 1.6742862089719202 -0.1151020525056422
v 0.37985025908734427 1.830708569695926 -0.21509399397401485
v 0.31883544062355773 1.7821692888732419 0.06171508661484934
v 0.3086086111638345 1.9390639398931657 -0.037543335429771396
v 0.35943119720251354 1.7609248621053586 0.023952015975847923
v 0.3492043677427903 1.9178195131252824 -0.0753064060687727
v 0.33930117680630867 1.793418401303442 0.0773875700501809
v 0.32907434734658575 1.950313052323366 -0.0218708519944395
v 0.3798969333852644 1.772173974535559 0.039624499411179626
v 0.36967010392554134 1.9290686255554825 -0.05963392263344108
v 0.30722903504699617 1.944018970883968 -0.07328222715977878
v 0.3177125802304229 1.8461749944834898 -0.22920141195603677
v 0.349960075597451 1.9104549996962334 -0.04934671720940775
v 0.36044362078087794 1.8126110232957553 -0.20526590200566586
v 0.32669077634127136 1.961780729905865 -0.08311971501200843
v 0.3371743215246983 1.8639367535053863 -0.23903889980826665
v 0.3694218168917263 1.9282167587181305 -0.05918420506163752
v 0.37990536207515313 1.830372782317652 -0.21510338985789562
v -0.26737637426910854 1.9338453592171354 0.2573189532801569
v -0.32068081041363594 1.8898808024156157 -0.154362057424901
v -0.2845944443750158 1.7160578456942848 0.2960572113768003
v -0.3378988805195434 1.6720932888927647 -0.11562379932825784
v -0.31496339486888514 1.938935702213363 0.2647858994341891
v -0.3682723444297449 1.8824706891282394 -0.1468837547128915
v -0.3321814649747924 1.7211481886905122 0.3035241575308326
v -0.3854859011193196 1.6771836318889923 -0.10815685317422552
v -0.31124058770295926 1.7097003338189398 0.09020176333687024
v -0.34247173592910396 1.9097986115014565 0.052358346728328065
v -0.35882760830273563 1.714790676815167 0.09766870949090245
v -0.2534988203264362 2.1361425903673847 0.15049187500000005
v -0.2534988203264362 2.1361425903673847 -0.09950812499999995
v -0.22066444532643603 2.079271784632615 0.15049187500000022
v -0.2206644453264361 2.079271784632615 -0.09950812499999984
v -0.1673130546735636 2.1859019653673846 0.150491875
v -0.1673130546735636 2.1859019653673846 -0.099508125
v -0.13447867967356353 2.129031159632615 0.1504918750000002
v -0.13447867967356353 2.129031159632615 -0.09950812499999995
v -0.2534988203264362 2.1361425903673847 -0.09950812499999995
v -0.25349872614020874 2.1189549272320534 -0.2620081249999999
v -0.2206644453264361 2.079271784632615 -0.09950812499999984
v -0.22066435114020877 2.062084121497284 -0.2620081249999998
v -0.16723792586613961 2.1874493384558136 -0.09955187499999996
v -0.16731296048733613 2.168714302232053 -0.2620081249999998
v -0.13447867967356353 2.129031159632615 -0.09950812499999995
v -0.13447858548733616 2.1118434964972836 -0.2620081249999999
v -0.25349882032643645 2.116465090367385 -0.26323812499999977
v -0.26599904219007686 2.0461523597410936 -0.3366756249999997
v -0.22066444532643625 2.0595942846326154 -0.26323812499999966
v -0.22066439588092746 2.014281698990482 -0.29917562499999995
v -0.1672379258661394 2.167771838455814 -0.263281875
v -0.16731294098314486 2.0521617684498032 -0.380425625
v -0.13447867967356353 2.1093536596326152 -0.26323812499999977
v -0.134478565983145 1.9952909627150337 -0.3804256249999999
v -0.2206643870046895 2.014281835108176 -0.29917575485043313
v -0.13447883588358328 1.9952908382460548 -0.3804260658145091
v -0.2365341196126105 1.8177167742070781 -0.29365142058107774
v -0.11395631254269878 1.8428078749619763 -0.3872419135642807
v -0.2659989471218588 2.046152526237958 -0.33667618763483953
v -0.16731350195888417 2.052161975942883 -0.38042596275795637
v -0.2829935226976529 1.836309441571657 -0.3495158688935036
v -0.1683718394373856 1.8632559316765467 -0.44714948065331883
v -0.25470669607758933 2.135280220600818 0.15006899949344943
v -0.25352415265275663 2.135356097940009 -0.09992819215813253
v -0.32807060686364997 1.9061122610656878 0.14965241615253524
v -0.32616820136313596 1.913633274765057 -0.11124673322382439
v -0.19518318656118294 2.1162243615951213 0.150344775499047
v -0.19400064313635002 2.116300238934312 -0.09965241615253506
v -0.26854709734724314 1.8870564020599911 0.1499281921581328
v -0.26736455392241043 1.8871322793991818 -0.1000689994934491
v -0.2648953552903056 1.9933549489253166 0.3306981250000002
v -0.2534990486005996 2.136142271074345 0.1504918750000001
v -0.3280707100631245 1.9061117638599827 0.14965250000000013
v -0.21546473282010076 2.0517727531872554 0.2625000000000002
v -0.21546473282010087 2.0517727531872554 0.15000000000000024
v -0.22831630637956413 1.9919700703753713 0.3327418750000002
v -0.25305295775813497 1.9325581343437273 0.15000000000000013
v -0.2796763937019128 2.048682941084487 0.2796575000000002
v -0.3149638706380038 1.938935257609502 0.26478562500000014
v -0.3445211708735141 1.791198280111113 -0.1980461762079253
v -0.2598942193654583 1.915059336519966 -0.10030100639367179
v -0.27391518368099155 1.8018974845513602 -0.24609960365585326
v -0.24726383324964307 1.9313429642066728 -0.24139413586319713
v -0.37984979918854433 1.830708695469622 -0.21509367044411087
v -0.32616877174172365 1.9136336872264728 -0.11124684522254402
v -0.33189109698529795 1.8074821769444993 -0.27663929573818613
v -0.3135383856259082 1.9299173149131796 -0.25233997469206937
v -0.2739150098420803 1.8018977329192862 -0.24609982262937835
v -0.25796103933949854 1.9201922754065652 -0.20673580517839601
v -0.236533999911277 1.8177167026764258 -0.29365147447405315
v -0.2176582976218565 1.9474717198138944 -0.27945286591979623
v -0.33197025389455903 1.807469820418975 -0.2761860504405037
v -0.3135384446060776 1.9299176830535847 -0.25234012153468366
v -0.2829937392023535 1.8363097826779256 -0.34951552311322664
v -0.26599865425724134 2.046152782848831 -0.3366759823724097
v -0.22066436559848224 2.079271966684815 -0.09950812499999984
v -0.22066426562160046 2.0620840527696354 -0.2620081249999998
v -0.2534989588537271 2.1361425999771844 -0.09950812499999984
v -0.2534988588768452 2.1189546860620045 -0.2620081249999997
v -0.2598938486397462 1.9150592875957861 -0.10030124999999984
v -0.247264069968551 1.9313429942750595 -0.24139437500000005
v -0.32616846036502045 1.91363319890801 -0.11124687499999986
v -0.3135386272214856 1.92991752820897 -0.2523399999999999
v -0.22066426562160046 2.0620840527696354 -0.2620081249999998
v -0.2534988588768452 2.1189546860620045 -0.2620081249999997
v -0.247264069968551 1.9313429942750595 -0.24139437500000005
v -0.2206642259303191 2.014282148633284 -0.29917562500000006
v -0.3135386272214856 1.92991752820897 -0.2523399999999999
v -0.26599903352547005 2.0461527396824986 -0.3366756249999999
v -0.13447868464105867 2.1290311644359763 0.15049228382505375
v -0.2206644858019089 2.0792713232842885 0.15049196386501817
v -0.11981460691305157 2.076974012616292 0.29732128244854794
v -0.2289006912030963 2.0014233853346206 0.2612854817551927
v -0.16719430078736064 2.185191361469399 0.150164849971106
v -0.2534990879068688 2.136142244555238 0.15049175634208534
v -0.16719405003011917 2.150889696789882 0.28755796380388415
v -0.279676581074669 2.0486828725094424 0.2796571347676546
v -0.11981460691305157 2.076974012616292 0.29732128244854794
v -0.2289006912030963 2.0014233853346206 0.2612854817551927
v -0.12747303178143166 1.9789617745947297 0.3471042721424995
v -0.2670170890759497 1.9832022482059057 0.292245822848889
v -0.16719405003011917 2.150889696789882 0.28755796380388415
v -0.279676581074669 2.0486828725094424 0.2796571347676546
v -0.16200320700120718 1.9823787110878284 0.4035626810717721
v -0.26489541033717356 1.993355124706444 0.3306982013662335
v -0.12401476389270383 1.979843817296445 0.3502301584664955
v -0.26355877682965123 1.9840839474542267 0.29537134194901943
v -0.1312357441494928 1.715887901140029 0.34819652221381747
v -0.2707797570864402 1.7201280312978109 0.2933377056963415
v -0.1585451564461794 1.9832602780067936 0.40668807589721917
v -0.2648954903918064 1.9933546776528333 0.33069831125563454
v -0.15854526896061788 1.7192382186256623 0.41129700333068175
v -0.2919273107769602 1.7202920174396226 0.34714327453174965
v -0.22831664316249056 1.9919697686136277 0.33274164743927587
v -0.2687780353143999 1.9342764044903957 0.25827640244187067
v -0.2357940589775488 1.718642637950179 0.330635869135519
v -0.2859216439637182 1.716445577777836 0.29680463363685633
v -0.2648955624072845 1.9933544772553613 0.3306979988291653
v -0.31636868961296827 1.9393417697106234 0.26573859408297695
v -0.29112277682079823 1.7200275574978223 0.3473421594454188
v -0.3335122982622868 1.7215109429980637 0.30426682527796267
v -0.3300910890193952 1.769128595208603 0.03946214181441893
v -0.3197755370145613 1.9255509559326094 -0.060529799653953664
v -0.3403199422003078 1.6704562702730938 -0.11595112492759563
v -0.34452142117833306 1.791198328429379 -0.19804636156109107
v -0.37993695791126547 1.7729585339074292 0.04031121423637224
v -0.36962140590643167 1.9293808946314355 -0.05968072723200035
v -0.39016581109217807 1.67428620897192 -0.11510205250564232
v -0.37985025908734427 1.830708569695926 -0.2150939939740149
v -0.3188354406235576 1.7821692888732419 0.06171508661484926
v -0.30860861116383453 1.939063939893166 -0.03754333542977134
v -0.3594311972025134 1.7609248621053586 0.02395201597584795
v -0.3492043677427904 1.9178195131252826 -0.0753064060687727
v -0.3393011768063089 1.793418401303442 0.07738757005018093
v -0.3290743473465857 1.9503130523233658 -0.02187085199443972
v -0.3798969333852644 1.772173974535559 0.03962449941117957
v -0.3696701039255411 1.9290686255554825 -0.05963392263344108
v -0.30722903504699617 1.944018970883968 -0.07328222715977878
v -0.31771258023042315 1.8461749944834895 -0.22920141195603688
v -0.3499600755974511 1.9104549996962337 -0.04934671720940775
v -0.36044362078087777 1.812611023295755 -0.2052659020056659
v -0.3266907763412713 1.9617807299058647 -0.08311971501200854
v -0.33717432152469795 1.8639367535053866 -0.23903889980826665
v -0.36942181689172615 1.9282167587181303 -0.05918420506163752
v -0.379905362075153 1.830372782317652 -0.2151033898578955
v 0.125 2.104776167426233 -0.34456167747261635
v 0.12500000000000014 2.1382609677581783 -0.4254011365673539
v 0.12500000000000008 1.8882419019939003 -0.4342531069331843
v 0.1249999999999998 1.9217267023258455 -0.5150925660279219
v -0.1250000000000001 2.104776167426233 -0.34456167747261635
v -0.125 2.1382609677581783 -0.425401136567354
v -0.125 1.8882419019939003 -0.4342531069331844
v -0.12500000000000017 1.9217267023258453 -0.5150925660279221
v -0.08758158230110669 2.104430661703915 -0.34846057721218393
v -0.12456068020341782 2.1347781969921247 -0.4217260084895754
v -0.08758158230110669 1.8936706433497779 -0.43576023522047
v -0.12456068020341765 1.9240181786379873 -0.5090256664978613
v -0.28017198704639457 2.0700632477200065 -0.26549030026854137
v -0.3171510849487059 2.1004107830082157 -0.33875573154593264
v -0.28017198704639457 1.8593032293658691 -0.35278995827682735
v -0.3171510849487059 1.8896507646540788 -0.42605538955421884
v 0.2801719870463948 2.0700632477200065 -0.26549030026854126
v 0.31715108494870564 2.1004107830082157 -0.3387557315459325
v 0.2801719870463947 1.8593032293658693 -0.35278995827682735
v 0.31715108494870564 1.8896507646540788 -0.42605538955421884
v 0.08758158230110649 2.104430661703915 -0.34846057721218393
v 0.12456068020341773 2.1347781969921247 -0.4217260084895754
v 0.08758158230110638 1.8936706433497779 -0.4357602352204699
v 0.12456068020341757 1.924018178637987 -0.5090256664978614
v -0.2801719870463948 2.0238692710944424 -0.28462447188679574
v -0.29602017186167084 2.036875357646532 -0.31602394243424925
v -0.2801719870463948 1.9054972059914335 -0.3336557866585729
v -0.29602017186167096 1.918503292543523 -0.3650552572060263
v -0.2915008343843527 2.021847658507154 -0.2797438673606991
v -0.30734901919962887 2.0348537450592437 -0.31114333790815263
v -0.2915008343843529 1.9034755934041447 -0.32877518213247625
v -0.30734901919962887 1.9164816799562348 -0.36017465267992965
v 0.2915008343843528 2.021847658507154 -0.279743867360699
v 0.30734901919962915 2.0348537450592437 -0.31114333790815274
v 0.2915008343843526 1.9034755934041447 -0.32877518213247603
v 0.30734901919962915 1.9164816799562348 -0.36017465267992954
v 0.2801719870463946 2.0238692710944424 -0.2846244718867956
v 0.2960201718616709 2.036875357646532 -0.31602394243424914
v 0.28017198704639457 1.9054972059914337 -0.33365578665857276
v 0.29602017186167073 1.9185032925435233 -0.36505525720602616
v -0.3206216962206301 1.9834893298374214 -0.2052176174985595
v -0.2798365154972967 2.027057176186212 -0.3496214758192193
v -0.35169201492132485 1.9023625454441282 -0.24492200066729908
v -0.29417564075147173 1.9365281737465232 -0.38098474779807956
v -0.3275959902119394 1.996918527089765 -0.24050041510782938
v -0.29176047313902587 2.0298234475481762 -0.3521546510816552
v -0.36331187779180907 1.9069666815728703 -0.24471767011916779
v -0.306099598393201 1.939294445108488 -0.38351792306051535
v -0.012384382316398823 1.8999949773875648 0.41169875026270836
v 0.15128388424208367 1.9091486197681948 0.40495981420728766
v -0.007249666141663946 1.8034685699705153 0.4052914898526228
v 0.15641860041681854 1.812622212351145 0.3985525537972019
v 0.00401389633570548 1.8991976582010062 0.42416092676879813
v 0.1518416064379827 1.9083510773833399 0.4174218715052043
v -0.0026829405549032015 1.8026710270322308 0.41775342392723336
v 0.15697632261271757 1.81182466996629 0.41101461109511883
v 0.15128395219974297 1.9091488046284306 0.4049600511364658
v 0.29959065223762715 1.9528985118220739 0.3349932762661762
v 0.15641854122384924 1.8126220749651094 0.39855275779131455
v 0.31972325471611934 1.8584428780202293 0.3274053130654963
v 0.1518417465419718 1.9083512266118328 0.41742160027952346
v 0.3047381766819476 1.9530807165375355 0.34638273602231845
v 0.1569763355660778 1.811824496948512 0.41101430693437224
v 0.32487077916043994 1.8586250827356907 0.33879477282163883
v 0.2995907084155966 1.9528983216391358 0.33499311356556616
v 0.3201706887684251 1.9753554300299243 0.1582400718429456
v 0.31972316418572266 1.8584428570462799 0.32740528022183524
v 0.34788374590828197 1.8829883650995172 0.14901633045970225
v 0.3047383587499513 1.9530805776883968 0.3463827535203222
v 0.3319642629964362 1.9786420456215563 0.1607619292697714
v 0.32487081452007704 1.8586251130955407 0.3387949201765913
v 0.35967732013629294 1.8862749806911492 0.15153818788652795
v 0.3201703614692684 1.9753556052039192 0.15824000610410585
v 0.3159767851371092 1.9923148533689905 -0.2407043670552007
v 0.3478838932724303 1.8829887542352048 0.14901623495832766
v 0.35169228088188886 1.9023627472377376 -0.24492190084361565
v 0.33196457385889533 1.9786420329159293 0.160761985293819
v 0.3275962540324288 1.996918800335163 -0.24050036969400967
v 0.3596775246886127 1.8862749517498671 0.15153820394817274
v 0.36331174977720826 1.9069666942039099 -0.2447179034824245
v 0.3206216962206303 1.9834893298374217 -0.20521761749855943
v 0.2798365154972965 2.027057176186212 -0.3496214758192193
v 0.35169201492132485 1.9023625454441282 -0.24492200066729908
v 0.2941756407514715 1.9365281737465232 -0.38098474779807945
v 0.32759599021193914 1.9969185270897647 -0.2405004151078295
v 0.2917604731390259 2.0298234475481762 -0.3521546510816551
v 0.36331187779180907 1.9069666815728703 -0.24471767011916779
v 0.3060995983932009 1.939294445108488 -0.38351792306051535
v -0.32017036146926814 1.975355605203919 0.1582400061041057
v -0.31597678513710914 1.9923148533689905 -0.2407043670552007
v -0.3478838932724303 1.8829887542352046 0.14901623495832753
v -0.35169228088188853 1.9023627472377376 -0.24492190084361576
v -0.33196457385889533 1.9786420329159295 0.16076198529381897
v -0.32759625403242887 1.996918800335163 -0.24050036969400967
v -0.3596775246886127 1.8862749517498671 0.1515382039481727
v -0.36331174977720837 1.9069666942039099 -0.24471790348242461
v -0.29959070841559676 1.9528983216391358 0.33499311356556616
v -0.32017068876842536 1.9753554300299243 0.15824007184294558
v -0.31972316418572244 1.8584428570462797 0.3274052802218352
v -0.34788374590828186 1.882988365099517 0.14901633045970208
v -0.30473835874995114 1.9530805776883968 0.3463827535203223
v -0.3319642629964362 1.9786420456215563 0.1607619292697714
v -0.32487081452007727 1.858625113095541 0.3387949201765913
v -0.35967732013629317 1.886274980691149 0.15153818788652784
v -0.15128395219974305 1.9091488046284306 0.4049600511364658
v -0.29959065223762704 1.9528985118220739 0.33499327626617614
v -0.15641854122384946 1.8126220749651094 0.3985527577913145
v -0.3197232547161194 1.8584428780202293 0.32740531306549636
v -0.1518417465419717 1.908351226611833 0.4174216002795235
v -0.3047381766819476 1.9530807165375352 0.34638273602231834
v -0.1569763355660782 1.811824496948512 0.41101430693437224
v -0.3248707791604398 1.858625082735691 0.33879477282163883
v 0.012384382316399045 1.8999949773875648 0.41169875026270836
v -0.1512838842420836 1.9091486197681948 0.4049598142072877
v 0.007249666141663891 1.803468569970515 0.40529148985262275
v -0.15641860041681865 1.8126222123511448 0.39855255379720184
v 0.0037986163549321716 1.8991973292040136 0.42416073212551614
v -0.15184160643798295 1.90835107738334 0.4174218715052043
v -0.002004599138462404 1.80267071825419 0.4177536322640445
v -0.15697632261271766 1.8118246699662903 0.41101461109511883
v -0.16131562499999996 2.0300537174989164 -0.3193550941593156
v 0.16837187500000006 2.030053717498916 -0.3193550941593156
v -0.16131562500000007 1.8417830270836761 -0.3769216882531905
v 0.16837187499999987 1.8417830270836761 -0.3769216882531907
v -0.16131562499999996 2.0515269708513935 -0.3895830501078573
v 0.16837187499999995 2.0515269708513935 -0.38958305010785743
v -0.1613156249999999 1.8632562804361532 -0.4471496442017324
v 0.16837187499999995 1.8632562804361532 -0.4471496442017324
vt 0.38801262002470743 0.11111111111111116
vt 0.38560258975675243 0.14157147436265793
vt 0.37587626886418146 0.14796591106839108
vt 0.37587626886418146 0.12060149372020768
vt 0.7787205707818557 0.7361111111111112
vt 0.7798273357389811 0.7202036459493423
vt 0.810321659578692 0.7182702063026287
vt 0.811557206995922 0.7361111111111112
vt 0.6944444444444444 0.13451685118971168
vt 0.7083333333333334 0.13194444444444442
vt 0.7083333333333334 0.1652783285255428
vt 0.7010610777720269 0.16177805406692614
vt 0.8541666666666666 0.5277777777777778
vt 0.8393097050791368 0.5406074408482119
vt 0.8148212688909183 0.5406074408482119
vt 0.8092949705167617 0.5290602597528566
vt 0.9305555555555556 0.8295478685626932
vt 0.9305555555555556 0.8125
vt 0.9383735428188893 0.8166485891543197
vt 0.9166666666666666 0.27572002700942155
vt 0.9166666666666666 0.29166666666666663
vt 0.9061983436089345 0.2808079627839155
vt 0.5347222222222222 0.5770161301108752
vt 0.5055287154616246 0.5940885387173653
vt 0.5055287154616246 0.5486111111111112
vt 0.5310636309900666 0.5603786975458281
vt 0.4652777777777778 0.13888888888888884
vt 0.4583333333333333 0.13888888888888884
vt 0.4583333333333333 0.09027777777777779
vt 0.4652777777777778 0.09027777777777779
vt 0.4930555555555556 0.09027777777777779
vt 0.4930555555555556 0.13888888888888884
vt 0.4861111111111111 0.13888888888888884
vt 0.4861111111111111 0.09027777777777779
vt 0.9027777777777778 0.9375
vt 0.9375 0.9375
vt 0.9375 0.9444444444444444
vt 0.9027777777777778 0.9444444444444444
vt 0.11805555555555555 0.09027777777777779
vt 0.11805555555555555 0.09722222222222221
vt 0.08333333333333333 0.09722222222222221
vt 0.08333333333333333 0.09027777777777779
vt 0.09027777777777778 0.47916666666666663
vt 0.09027777777777778 0.5277777777777778
vt 0.05555555555555555 0.5277777777777778
vt 0.05555555555555555 0.47916666666666663
vt 0.5069444444444444 0.6666666666666667
vt 0.4722222222222222 0.6666666666666667
vt 0.4722222222222222 0.6180555555555556
vt 0.5069444444444444 0.6180555555555556
vt 0.1875 0.8611111111111112
vt 0.1875 0.9166666666666666
vt 0.1111111111111111 0.9166666666666666
vt 0.1111111111111111 0.8611111111111112
vt 0.1875 0.9437170800290446
vt 0.1875 0.9999781936088039
vt 0.11112777407407437 1
vt 0.1111111111111111 0.9437513913569884
vt 0.041666666666666664 0.35416666666666663
vt 0.041666666666666664 0.4305555555555556
vt 0.027777777777777776 0.4305555555555556
vt 0.027777777777777776 0.35416666666666663
vt 0.5902777777777778 0.5239541666666667
vt 0.5139055555555555 0.5239541666666667
vt 0.5138888888888888 0.5069444444444444
vt 0.5902777777777778 0.5072875000000001
vt 0.20833333333333334 0.25
vt 0.20833333333333334 0.3055555555555556
vt 0.1947888888888889 0.3055555555555556
vt 0.19444444444444445 0.25
vt 0.2777777777777778 0.25
vt 0.2777777777777778 0.3055555555555556
vt 0.2638888888888889 0.3055555555555556
vt 0.2638888888888889 0.25
vt 0.06944444444444445 0.8055555555555556
vt 0.06944444444444445 0.8611111111111112
vt 0 0.8611111111111112
vt 0 0.8055555555555556
vt 0.1527777777777778 0.7916666666666666
vt 0.1527777777777778 0.8472222222222222
vt 0.08333333333333333 0.8472222222222222
vt 0.08333333333333333 0.7916666666666666
vt 0.20833333333333334 0.3194444444444444
vt 0.20833333333333334 0.38888888888888884
vt 0.19444444444444445 0.38888888888888884
vt 0.19444444444444445 0.3194444444444444
vt 0.6388888888888888 0.9027777777777778
vt 0.6388888888888888 0.9722222222222222
vt 0.625 0.9722222222222222
vt 0.625 0.9027777777777778
vt 0.4444444444444444 0.25
vt 0.4444444444444444 0.3055555555555556
vt 0.4305555555555556 0.3055555555555556
vt 0.4305555555555556 0.25
vt 0.4722222222222222 0.25
vt 0.4722222222222222 0.3055555555555556
vt 0.4583333333333333 0.3055555555555556
vt 0.4583333333333333 0.25
vt 0.3819444444444444 0.9097222222222222
vt 0.3819444444444444 0.9444444444444444
vt 0.3055555555555556 0.9444444444444444
vt 0.3055555555555556 0.9097222222222222
vt 0.4082673611111111 0.6736111111111112
vt 0.40839930555555554 0.7083333333333333
vt 0.3347881944444444 0.7083333333333333
vt 0.33465625 0.6736111111111112
vt 0.5570104166666667 0.5416666666666667
vt 0.6306215277777778 0.5416666666666667
vt 0.6304895833333333 0.5555555555555556
vt 0.5568784722222222 0.5555555555555556
vt 0.2361111111111111 0.35416666666666663
vt 0.2361111111111111 0.4305555555555556
vt 0.2222222222222222 0.4305555555555556
vt 0.2222222222222222 0.35416666666666663
vt 0.8232045277428853 0.625
vt 0.8591444729361356 0.625
vt 0.8579379613612462 0.6385220069272807
vt 0.82141108261942 0.6388888888888888
vt 0.5 0.15655005725294624
vt 0.5 0.19307877845960542
vt 0.4864732919764958 0.19444444444444442
vt 0.4861111111111111 0.1585078573950971
vt 0.0763888888888889 0.7361111111111112
vt 0.0763888888888889 0.7777777777777778
vt 0 0.7777777777777778
vt 0 0.7361111111111112
vt 0.1736111111111111 0.7361111111111112
vt 0.1736111111111111 0.7777777777777778
vt 0.09722222222222222 0.7777777777777778
vt 0.09722222222222222 0.7361111111111112
vt 0.2638888888888889 0.35416666666666663
vt 0.2638888888888889 0.4305555555555556
vt 0.25 0.4305555555555556
vt 0.25 0.35416666666666663
vt 0.1111111111111111 0.3402777777777778
vt 0.1111111111111111 0.41666666666666663
vt 0.09722222222222222 0.41666666666666663
vt 0.09722222222222222 0.3402777777777778
vt 0.2361111111111111 0.16666666666666663
vt 0.2361111111111111 0.20833333333333337
vt 0.2222222222222222 0.20833333333333337
vt 0.2222222222222222 0.16666666666666663
vt 0.3888888888888889 0.16666666666666663
vt 0.3888888888888889 0.20833333333333337
vt 0.375 0.20833333333333337
vt 0.375 0.16666666666666663
vt 0.2152777777777778 0.6597222222222222
vt 0.2152777777777778 0.6944444444444444
vt 0.1388888888888889 0.6944444444444444
vt 0.1388888888888889 0.6597222222222222
vt 0.3125 0.6458333333333333
vt 0.3125 0.6805555555555556
vt 0.2361111111111111 0.6805555555555556
vt 0.2361111111111111 0.6458333333333333
vt 0.6111111111111112 0.8958333333333334
vt 0.6111111111111112 0.9722222222222222
vt 0.5972222222222222 0.9722222222222222
vt 0.5972222222222222 0.8958333333333334
vt 0.2916666666666667 0.32638888888888884
vt 0.2916666666666667 0.4027777777777778
vt 0.2777777777777778 0.4027777777777778
vt 0.2777777777777778 0.32638888888888884
vt 0.3333333333333333 0.13229910269522216
vt 0.3333333333333333 0.1637676846963797
vt 0.3194444444444444 0.16666666666666663
vt 0.3194444444444444 0.1351980846655091
vt 0.836409644429009 0.4722222222222222
vt 0.8678782264301668 0.4722222222222222
vt 0.8649792444598797 0.48611111111111116
vt 0.8335106624587222 0.48611111111111116
vt 0.4097222222222222 0.7291666666666667
vt 0.4097222222222222 0.7638888888888888
vt 0.3333333333333333 0.7638888888888888
vt 0.3333333333333333 0.7291666666666667
vt 0.4097222222222222 0.7847222222222222
vt 0.4097222222222222 0.8194444444444444
vt 0.3333333333333333 0.8194444444444444
vt 0.3333333333333333 0.7847222222222222
vt 0.4444444444444444 0.32638888888888884
vt 0.4444444444444444 0.4027777777777778
vt 0.4305555555555556 0.4027777777777778
vt 0.4305555555555556 0.32638888888888884
vt 0.4722222222222222 0.32638888888888884
vt 0.4722222222222222 0.4027777777777778
vt 0.4583333333333333 0.4027777777777778
vt 0.4583333333333333 0.32638888888888884
vt 0.8225567051666162 0.9583333333333334
vt 0.8592040315316702 0.9583333333333334
vt 0.8579988503889394 0.9722222222222222
vt 0.8213515240238852 0.9722222222222222
vt 0.8333333333333334 0.9065919369366595
vt 0.8333333333333334 0.9432392633017136
vt 0.8194444444444444 0.9444444444444444
vt 0.8194444444444444 0.9077971180793903
vt 0.37964166666666666 0.9583333333333334
vt 0.3800791666666667 1
vt 0.30785694444444445 1
vt 0.3074208333333333 0.9583333333333334
vt 0.24143194444444444 0.7986111111111112
vt 0.24166666666666664 0.8472222222222222
vt 0.16805555555555554 0.8472222222222222
vt 0.16920833333333332 0.7986111111111112
vt 0.5715055555555556 0.4722222222222222
vt 0.6437277777777778 0.4722222222222222
vt 0.6444444444444444 0.48611111111111116
vt 0.5708333333333333 0.48611111111111116
vt 0.6805555555555556 0.5833333333333333
vt 0.6111111111111112 0.5833333333333333
vt 0.6111111111111112 0.5694444444444444
vt 0.6805555555555556 0.5694444444444444
vt 0.7848810726850334 0.7516526079698255
vt 0.8263769800944192 0.75
vt 0.8232478992422507 0.7623480588397569
vt 0.7777896865722476 0.7623480588397569
vt 0.6527777777777778 0.20138888888888884
vt 0.6527777777777778 0.24686595541969003
vt 0.6388888888888888 0.24997852683385724
vt 0.6405443848236243 0.20848517966295954
vt 0.08333333333333333 0.25
vt 0.06944444444444445 0.25
vt 0.06944444444444445 0.20138888888888884
vt 0.08333333333333333 0.20138888888888884
vt 0.35955579271623106 0.18055555555555558
vt 0.3490724403308922 0.17783319376729745
vt 0.34877754061710226 0.13194444444444442
vt 0.3595303198300532 0.13194444444444442
vt 0.0023104166666666668 1
vt 0.0023104166666666668 0.9506944444444444
vt 0.04917847222222222 0.9513722222222222
vt 0.09491180555555556 0.9945361111111111
vt 0.435104776554342 0.8946964840828721
vt 0.46894506026708516 0.9305555555555556
vt 0.40605493973291484 0.9305555555555556
vt 0.06974236111111111 0.6513652777777778
vt 0.06974236111111111 0.6020597222222223
vt 0.11548125000000001 0.6082013888888889
vt 0.11775763888888889 0.6527777777777778
vt 0.40379264970727186 0.9513888888888888
vt 0.45037401695939483 0.9513888888888888
vt 0.4486126972182011 0.9981514794506293
vt 0.40401345571208874 1
vt 0.7083333333333334 1
vt 0.615569431905143 1
vt 0.6631808327408488 0.9892940548650132
vt 0.7082177508640543 0.9892514159402982
vt 0.8247653573185861 0.39219079101918886
vt 0.8716225416238613 0.4027777777777778
vt 0.8228219028205831 0.4027777777777778
vt 0.7974996947723649 0.4027777777777778
vt 0.7506272541014927 0.4027777777777778
vt 0.7511114163387461 0.38888888888888884
vt 0.7979838570096185 0.38888888888888884
vt 0.7652815141023783 0.6527777777777778
vt 0.8114300297212709 0.6527777777777778
vt 0.8111073747865105 0.6666666666666667
vt 0.7649588591676181 0.6666666666666667
vt 0.7361111111111112 0.5277777777777778
vt 0.6805555555555556 0.5277777777777778
vt 0.6805555555555556 0.5138888888888888
vt 0.7361111111111112 0.5138888888888888
vt 0.7361111111111112 0.4027777777777778
vt 0.7361111111111112 0.41666666666666663
vt 0.6805555555555556 0.41666666666666663
vt 0.6805555555555556 0.4027777777777778
vt 0.5277777777777778 0.875
vt 0.5277777777777778 0.8541666666666666
vt 0.5833333333333334 0.8541666666666666
vt 0.5833333333333334 0.875
vt 0.5625 0.9027777777777778
vt 0.5625 0.9583333333333334
vt 0.5416666666666666 0.9583333333333334
vt 0.5416666666666666 0.9027777777777778
vt 0.8958333333333334 0.41666666666666663
vt 0.8958333333333334 0.4305555555555556
vt 0.875 0.4305555555555556
vt 0.875 0.41666666666666663
vt 0.8958333333333334 0.23611111111111116
vt 0.875 0.23611111111111116
vt 0.875 0.2222222222222222
vt 0.8958333333333334 0.2222222222222222
vt 0.4166666666666667 0.1442421656310574
vt 0.4166666666666667 0.18055555555555558
vt 0.4027777777777778 0.17922661259271866
vt 0.4027777777777778 0.14291322266822049
vt 0.7624135748495875 0.17361111111111116
vt 0.7638888888888888 0.18842253933553188
vt 0.7275477770707426 0.18842253933553188
vt 0.7261028643762972 0.1739025888047434
vt 0.6361358082637052 0.33333333333333337
vt 0.6138641917362948 0.3321444002981485
vt 0.6138641917362948 0.29583121728147443
vt 0.6359467302026767 0.29699519147798825
vt 0.3263888888888889 0.2777777777777778
vt 0.3263888888888889 0.3140892157098035
vt 0.3055555555555556 0.3152531672218736
vt 0.3055555555555556 0.27894172928984784
vt 0.8958333333333334 0.19444444444444442
vt 0.8958333333333334 0.20804305555555558
vt 0.875 0.20833333333333337
vt 0.8751861111111111 0.19444444444444442
vt 0.7986111111111112 0.125
vt 0.7777777777777778 0.125
vt 0.7777777777777778 0.11111111111111116
vt 0.7986111111111112 0.11111111111111116
vt 0.8819444444444444 0.7970622304987253
vt 0.8777996281203747 0.8194444444444444
vt 0.8670796244539155 0.8095429904179576
vt 0.8670796244539155 0.7966920155155871
vt 0.8450585312251438 0.2222222222222222
vt 0.8541666666666666 0.2339934029590629
vt 0.8175919919499626 0.2339934029590629
vt 0.8087185572953848 0.22240984160937216
vt 0.7474158623036422 0.6458333333333333
vt 0.7393891833780796 0.6642881346392961
vt 0.7167506503939716 0.6666666666666667
vt 0.7109174710296912 0.6458333333333333
vt 0.7189659881760708 0.2654666063955359
vt 0.7184063533917572 0.27830661658879985
vt 0.6977006784905959 0.2860758210574498
vt 0.6977006784905959 0.25
vt 0.8958333333333334 0.16666666666666663
vt 0.8958333333333334 0.1802652777777778
vt 0.875 0.18055555555555558
vt 0.8751861111111111 0.16666666666666663
vt 0.7325651645877065 0.1222537634439611
vt 0.7368043658716016 0.14590248300230746
vt 0.7222222222222222 0.14300095074437835
vt 0.7222222222222222 0.11805555555555558
vt 0.025841771634259974 0.5
vt 0.00027055567801296626 0.4924690202731967
vt 0.00027055567801296626 0.45824495641356866
vt 0.034722222222222224 0.4572752947715151
vt 0.5196475835301589 0.9419809529820727
vt 0.49574775669120247 0.9444444444444444
vt 0.4861111111111111 0.8958333333333334
vt 0.5186452859849607 0.8958333333333334
vt 0.8598154675676983 0.29166666666666663
vt 0.8525728434746505 0.2777777777777778
vt 0.8792303294883576 0.2777777777777778
vt 0.8819444444444444 0.29031388359132526
vt 0.4359239464870064 0.23540854869917682
vt 0.4192720942226151 0.23611111111111116
vt 0.41780842253108513 0.20138888888888884
vt 0.43635824413558155 0.20138888888888884
vt 0.7995175310883154 0.5555555555555556
vt 0.7937752473923803 0.5670590433093299
vt 0.75 0.5694444444444444
vt 0.7527615853838476 0.5555555555555556
vt 0.355701295710341 0.30756699739745363
vt 0.3472222222222222 0.3194444444444444
vt 0.3472222222222222 0.2749236107644847
vt 0.36470280450522946 0.27513670722030314
vt 0.3217048611111111 0.8888888888888888
vt 0.26614930555555555 0.8888888888888888
vt 0.26614930555555555 0.8354166666666667
vt 0.32412847222222224 0.8370375
vt 0.3194444444444444 0.7638888888888888
vt 0.3194444444444444 0.8194444444444444
vt 0.2638888888888889 0.8194444444444444
vt 0.2638888888888889 0.7638888888888888
vt 0.4861111111111111 0.25
vt 0.5 0.25
vt 0.5 0.3055555555555556
vt 0.4861111111111111 0.3055555555555556
vt 0.6560766056499343 0.3289240435615721
vt 0.6560766056499343 0.270920133036606
vt 0.6699652233053892 0.27083333333333337
vt 0.6703122832389545 0.32636558216690414
vt 0.5277777777777778 0.25
vt 0.5277777777777778 0.3055555555555556
vt 0.5138888888888888 0.3055555555555556
vt 0.5138888888888888 0.25
vt 0.5555555555555556 0.2777777777777778
vt 0.5420291666666667 0.2777777777777778
vt 0.5416666666666666 0.22586944444444446
vt 0.5555555555555556 0.22436388888888892
vt 0.5411381944444444 0.43085138888888885
vt 0.5255284722222222 0.4444444444444444
vt 0.5005284722222222 0.4444444444444444
vt 0.5005284722222222 0.4167888888888889
vt 0.8501824465521345 0.31876530293435146
vt 0.8339768858881902 0.3055555555555556
vt 0.8674120030006987 0.3055555555555556
vt 0.855319484265619 0.3194444444444444
vt 0.7616399591532064 0.9861771455343009
vt 0.7768682291391825 1
vt 0.7231317708608175 1
vt 0.733863078788159 0.9859538621774416
vt 0.573620450952873 0.16532846819838976
vt 0.5694444444444444 0.14293613321485088
vt 0.5833333333333334 0.15365677121935495
vt 0.5833333333333334 0.18055555555555558
vt 0.7546611334119001 0.21485204385211765
vt 0.7546611334119001 0.25
vt 0.7361111111111112 0.2411216034041921
vt 0.4305555555555556 0.5138888888888888
vt 0.4027777777777778 0.49370742120938804
vt 0.4059912756414903 0.4680776553216881
vt 0.4305555555555556 0.46015243098744907
vt 0.8402777777777778 0.15083038831032836
vt 0.8259015256703237 0.14167036780535325
vt 0.8402777777777778 0.125
vt 0.6146005154550708 0.5264938831046675
vt 0.6111111111111112 0.5069444444444444
vt 0.637874296464835 0.5069444444444444
vt 0.6576174946999834 0.5277777777777778
vt 0.20833333333333334 0.4027777777777778
vt 0.20833333333333334 0.4425658205883314
vt 0.18055555555555555 0.4292787726854169
vt 0.1943603078196801 0.4060095169753688
vt 0.7768656420644116 0.2877107726140614
vt 0.7450153550759085 0.2877107726140614
vt 0.7361111111111112 0.27196175886671414
vt 0.7572935787558971 0.27083333333333337
vt 0.04085677370116092 0.15815839999204162
vt 0.028587670743283524 0.16666666666666663
vt 0.028587670743283524 0.12687834981135082
vt 0.03874039794123134 0.1271730706662666
vt 0.878231555558527 0.35416666666666663
vt 0.8766101397261226 0.36869121259105064
vt 0.8472222222222222 0.36869121259105064
vt 0.8505861832451377 0.3548943996443479
vt 0.9166666666666666 0.38888888888888884
vt 0.9134330112945221 0.40083154350035477
vt 0.8943053440472861 0.40083154350035477
vt 0.9009308107382404 0.39109124291968766
vt 0.8809595916516428 0.7638888888888888
vt 0.8798935082037768 0.7777777777777778
vt 0.8482070750150238 0.7777777777777778
vt 0.8492731584628899 0.7638888888888888
vt 0.48614722222222223 0.23611111111111116
vt 0.4583333333333333 0.23355138888888893
vt 0.4583333333333333 0.21410694444444445
vt 0.48635000000000006 0.22240694444444442
vt 0.3829607083133637 0.4276691792091275
vt 0.3807401945270399 0.45560397627654126
vt 0.3611111111111111 0.4492949662286446
vt 0.3611111111111111 0.4027777777777778
vt 0.7805975686191184 0.16666666666666663
vt 0.7967188720283069 0.16666666666666663
vt 0.7920295598706444 0.19426871294424097
vt 0.7777777777777778 0.19444444444444442
vt 0.6163073719639075 0.6458333333333333
vt 0.6188310457537924 0.6644175682840066
vt 0.5896096290232538 0.6666666666666667
vt 0.5694444444444444 0.6458333333333333
vt 0.9096011164659613 0.6527777777777778
vt 0.9084581054229282 0.6655430884039548
vt 0.894609383625538 0.6666666666666667
vt 0.8890099946451497 0.6527777777777778
vt 0.7935312171502518 0.6388888888888888
vt 0.7777777777777778 0.63546014490844
vt 0.7777777777777778 0.6018434781843907
vt 0.792913170490057 0.622407417477499
vt 0.8570865640501731 0.4305555555555556
vt 0.8207736117676581 0.4305555555555556
vt 0.8194444444444444 0.41666666666666663
vt 0.855757374575135 0.41666666666666663
vt 0.2222222222222222 0.1210901161568575
vt 0.2361111111111111 0.12002487156965291
vt 0.2361111111111111 0.15171125827788234
vt 0.2222222222222222 0.1527777777777778
vt 0.22429647645225165 0.45138888888888884
vt 0.26181463465885946 0.45138888888888884
vt 0.2579304102266059 0.48611111111111116
vt 0.22832028170219296 0.4814176071994941
vt 0.4693404683224151 0.7827588242607
vt 0.4334373094553627 0.7881933339140864
vt 0.4334373094553627 0.7361111111111112
vt 0.465001491657813 0.7388461571319662
vt 0.7899039796709508 0.8194444444444444
vt 0.7801576308302582 0.8302831168781662
vt 0.7427620057020716 0.8333333333333334
vt 0.737873798106827 0.8194444444444444
vt 0.013888888888888888 0.17763913152969857
vt 0.011250753723804975 0.20752365923112226
vt 0.0005255450798924637 0.2174201443874222
vt 0.0005255450798924637 0.17361111111111116
vt 0.1868789361806231 0.13306285671012041
vt 0.2013888888888889 0.13657925502744928
vt 0.2000185875528631 0.15976656730292038
vt 0.1868789361806231 0.16666666666666663
vt 0.8773609698919971 0.9622432719957402
vt 0.9073612523302251 0.9622432719957402
vt 0.8983355576611091 0.9722222222222222
vt 0.6944444444444444 0.9677388392731966
vt 0.6944444444444444 0.9236111111111112
vt 0.7119546817680519 0.9523069646001889
vt 0.8125 0.4444444444444444
vt 0.8026035148437001 0.45569519816824944
vt 0.7727189871422762 0.45833333333333337
vt 0.7686909667236889 0.4444444444444444
vt 0.8845435951835964 0.8611111111111112
vt 0.8710883412645991 0.8611111111111112
vt 0.8611111111111112 0.8504618592866344
vt 0.8840675517337746 0.8462488726052371
vt 0.6527777777777778 0.7916666666666666
vt 0.6327426955651471 0.7897540442284736
vt 0.625 0.7606199107543734
vt 0.6527777777777778 0.7574296509021934
vt 0.866774132917408 0.26388888888888884
vt 0.866774132917408 0.25
vt 0.8888888888888888 0.25
vt 0.8888330826270621 0.26373757502315465
vt 0.7648786914066696 0.9156263015552379
vt 0.7648786914066696 0.8959954696290511
vt 0.7954338167890053 0.8958333333333334
vt 0.7976213085933304 0.910221928460359
vt 0.7496964920810355 0.625
vt 0.7361111111111112 0.6200977293009304
vt 0.7361111111111112 0.5853260502729796
vt 0.7537838061240674 0.5938139608554606
vt 0.8214776129993661 0.36921950928023295
vt 0.8080779577372472 0.375
vt 0.8080779577372472 0.33985161368467987
vt 0.8238664867071972 0.3392456492822341
vt 0.5138888888888888 0.38071845951141825
vt 0.5138888888888888 0.4027777777777778
vt 0.4861111111111111 0.3989113178592283
vt 0.48636336402866664 0.3659636657056735
vt 0.3680555555555556 0.5833333333333333
vt 0.3333333333333333 0.5833333333333333
vt 0.3333333333333333 0.5277777777777778
vt 0.3680555555555556 0.5277777777777778
vt 0.11677361319674223 0.5543113142466871
vt 0.11423569345676483 0.5833333333333333
vt 0.05555555555555555 0.5833333333333333
vt 0.05603765750758924 0.5509263087603509
vt 0.8504527777777777 0.9936055555555555
vt 0.8479166666666667 0.9861111111111112
vt 0.8812500000000001 0.9861111111111112
vt 0.8786791666666667 1
vt 0.8338722222222222 0.5138888888888888
vt 0.8333333333333334 0.5
vt 0.8680555555555556 0.5
vt 0.8680555555555556 0.5114347222222222
vt 0.6731916666666666 0.9722222222222222
vt 0.6584791666666666 0.9715763888888889
vt 0.6584791666666666 0.9128958333333334
vt 0.6736111111111112 0.9135819444444444
vt 0.5968296979050778 0.3310480051988113
vt 0.5890355148685785 0.33333333333333337
vt 0.5833333333333334 0.27083333333333337
vt 0.5955667354171043 0.27083333333333337
vt 0.5486111111111112 0.677768992105947
vt 0.5283443418968139 0.6673608535400157
vt 0.5283443418968139 0.6180555555555556
vt 0.5397168072531049 0.6180906437279008
vt 0.60591255184076 0.4261195399916158
vt 0.6180555555555556 0.4444444444444444
vt 0.5569257838307524 0.4444444444444444
vt 0.5569257838307524 0.43123402815984346
vt 0.14154774198046088 0.13888888888888884
vt 0.14388341237076485 0.125
vt 0.16666666666666666 0.125
vt 0.16330093482414978 0.13577623153101848
vt 0.9164895833333334 0.8868472222222222
vt 0.9036423611111112 0.8868472222222222
vt 0.91211875 0.8764083333333333
vt 0.9227465277777777 0.875
vt 0.7466857637719265 0.9583333333333334
vt 0.7385381294631075 0.9583333333333334
vt 0.7379269995413957 0.8975725177272207
vt 0.75 0.8974510879578621
vt 0.7986111111111112 0.41666666666666663
vt 0.7986111111111112 0.4305555555555556
vt 0.75 0.4305555555555556
vt 0.75 0.41666666666666663
vt 0.2638888888888889 0.5490708333333333
vt 0.2222222222222222 0.5490708333333333
vt 0.23120972222222225 0.5069444444444444
vt 0.2638888888888889 0.5081819444444444
vt 0.3194444444444444 0.5416666666666667
vt 0.2777777777777778 0.5416666666666667
vt 0.2777777777777778 0.5
vt 0.3194444444444444 0.5
vt 0.5555555555555556 0.20833333333333337
vt 0.5416666666666666 0.20833333333333337
vt 0.5416666666666666 0.16666666666666663
vt 0.5555555555555556 0.16666666666666663
vt 0.16666666666666666 0.194075
vt 0.1527777777777778 0.194075
vt 0.15545416666666667 0.1617263888888889
vt 0.16666666666666666 0.1527777777777778
vt 0.6111111111111112 0.20833333333333337
vt 0.5972222222222222 0.20833333333333337
vt 0.5972222222222222 0.16666666666666663
vt 0.6111111111111112 0.16666666666666663
vt 0.5263888888888889 0.16666666666666663
vt 0.5152777777777778 0.16666666666666663
vt 0.5152777777777778 0.12569444444444444
vt 0.5237124999999999 0.1246236111111112
vt 0.18055555555555555 0.7222222222222222
vt 0.1388888888888889 0.7222222222222222
vt 0.1388888888888889 0.7083333333333333
vt 0.18055555555555555 0.7083333333333333
vt 0.8194444444444444 0.6944444444444444
vt 0.7777777777777778 0.6944444444444444
vt 0.7777777777777778 0.6805555555555556
vt 0.8194444444444444 0.6805555555555556
vt 0.034722222222222224 0.11111111111111116
vt 0.027777777777777776 0.11111111111111116
vt 0.027777777777777776 0.06944444444444442
vt 0.034722222222222224 0.06944444444444442
vt 0.14583333333333334 0.11111111111111116
vt 0.1388888888888889 0.11111111111111116
vt 0.1388888888888889 0.06944444444444442
vt 0.14583333333333334 0.06944444444444442
vt 0.006944444444444444 0.8888888888888888
vt 0 0.8888888888888888
vt 0 0.875
vt 0.006944444444444444 0.875
vt 0.6597222222222222 0.5555555555555556
vt 0.6527777777777778 0.5555555555555556
vt 0.6527777777777778 0.5416666666666667
vt 0.6597222222222222 0.5416666666666667
vt 0.8194444444444444 0.5
vt 0.7777777777777778 0.5
vt 0.7777777777777778 0.48611111111111116
vt 0.8194444444444444 0.48611111111111116
vt 0.8333333333333334 1
vt 0.7916666666666666 1
vt 0.7916666666666666 0.9861111111111112
vt 0.8333333333333334 0.9861111111111112
vt 0.1736111111111111 0.11111111111111116
vt 0.16666666666666666 0.11111111111111116
vt 0.16666666666666666 0.06944444444444442
vt 0.1736111111111111 0.06944444444444442
vt 0.2013888888888889 0.11111111111111116
vt 0.19444444444444445 0.11111111111111116
vt 0.19444444444444445 0.06944444444444442
vt 0.2013888888888889 0.06944444444444442
vt 0.5763888888888888 0.06944444444444442
vt 0.5694444444444444 0.06944444444444442
vt 0.5694444444444444 0.05555555555555558
vt 0.5763888888888888 0.05555555555555558
vt 0.9375 0.2777777777777778
vt 0.9305555555555556 0.2777777777777778
vt 0.9305555555555556 0.26388888888888884
vt 0.9375 0.26388888888888884
vt 0.3611111111111111 0.20138888888888884
vt 0.3611111111111111 0.25
vt 0.3472222222222222 0.25
vt 0.3472222222222222 0.20138888888888884
vt 0.18055555555555555 0.20833333333333337
vt 0.18055555555555555 0.25491467623538633
vt 0.16695332297187934 0.25770335204810035
vt 0.16666666666666666 0.20840140761618542
vt 0.04534138100792651 0.8847728264861363
vt 0.09208814054409473 0.8813356056404013
vt 0.0949923338902201 0.9305555555555556
vt 0.002229888332002118 0.9305555555555556
vt 0.31654064684745287 0.625
vt 0.28068157537476934 0.5911597162872568
vt 0.31654064684745287 0.5621098794658297
vt 0.0022763888888888886 0.6082013888888889
vt 0.04861111111111111 0.6020597222222223
vt 0.04861111111111111 0.6513652777777778
vt 0 0.6527777777777778
vt 0.44867032638555504 0.651016458036584
vt 0.4036478197317409 0.6527777777777778
vt 0.4036478197317409 0.6061964105256548
vt 0.4505188469349258 0.6064172165304718
vt 0.11115375003582605 0.48262527718529336
vt 0.125 0.43501387634958744
vt 0.125 0.5277777777777778
vt 0.1111111111111111 0.5276621953084987
vt 0.6789046044904056 0.18055555555555558
vt 0.6683176177318166 0.1336983712502804
vt 0.6789046044904056 0.13175491675227735
vt 0.6666666666666666 0.20187336942765988
vt 0.6805555555555556 0.20138888888888884
vt 0.6805555555555556 0.24826139205284348
vt 0.6666666666666666 0.24874587259161451
vt 0.5255236111111111 0.23611111111111116
vt 0.5147597222222222 0.23611111111111116
vt 0.5161430555555556 0.1875
vt 0.5269069444444444 0.1875
vt 0.7361111111111112 0.375
vt 0.7361111111111112 0.38888888888888884
vt 0.6805555555555556 0.38888888888888884
vt 0.6805555555555556 0.375
vt 0.75 0.45833333333333337
vt 0.6944444444444444 0.45833333333333337
vt 0.6944444444444444 0.4444444444444444
vt 0.75 0.4444444444444444
vt 0.5972222222222222 0.8333333333333334
vt 0.5416666666666666 0.8333333333333334
vt 0.5416666666666666 0.8125
vt 0.5972222222222222 0.8125
vt 0.0763888888888889 0.45833333333333337
vt 0.05555555555555555 0.45833333333333337
vt 0.05555555555555555 0.4027777777777778
vt 0.0763888888888889 0.4027777777777778
vt 0.9097222222222222 0.75
vt 0.8888888888888888 0.75
vt 0.8888888888888888 0.7361111111111112
vt 0.9097222222222222 0.7361111111111112
vt 0.9097222222222222 0.7083333333333333
vt 0.9097222222222222 0.7222222222222222
vt 0.8888888888888888 0.7222222222222222
vt 0.8888888888888888 0.7083333333333333
vt 0.8557578343689426 0.5555555555555556
vt 0.8570867773317795 0.5694444444444444
vt 0.8207733874072813 0.5694444444444444
vt 0.8194444444444444 0.5555555555555556
vt 0.08333333333333333 0.1403338015833342
vt 0.08333333333333333 0.17667491340148045
vt 0.06944444444444445 0.1751995993621791
vt 0.06973592213807682 0.13888888888888884
vt 0.6826378308629595 0.8125
vt 0.7189510138796336 0.8125
vt 0.7201399469148183 0.8333333333333334
vt 0.6838018050594732 0.8331442552723047
vt 0.7201256670082277 0.6041666666666667
vt 0.7189634026100156 0.625
vt 0.6826521107695501 0.625
vt 0.6838143751677621 0.6041666666666667
vt 0.8862466034880524 0.6111111111111112
vt 0.8639433255325203 0.6111111111111112
vt 0.8637533965119476 0.596519291573621
vt 0.8858668011465202 0.5962314606233423
vt 0.9097222222222222 0.6805555555555556
vt 0.9097222222222222 0.6944444444444444
vt 0.8888888888888888 0.6944444444444444
vt 0.8888888888888888 0.6805555555555556
vt 0.06840254670154172 0.1104505305936162
vt 0.07803402759667782 0.1214137347882921
vt 0.05555555555555555 0.125
vt 0.05555555555555555 0.11013057053937281
vt 0.05555555555555555 0.1963734346545778
vt 0.05555555555555555 0.23294810937128185
vt 0.041666666666666664 0.22383997392975907
vt 0.041854286053816595 0.1875
vt 0.6921496057952652 0.8582236769792183
vt 0.6897710737678947 0.8808622099633264
vt 0.668961505315846 0.8888888888888888
vt 0.668961505315846 0.8523904976149379
vt 0.14998235497316934 0.2569444444444444
vt 0.14221315050451938 0.27721814299346426
vt 0.12937314031125535 0.2777777777777778
vt 0.11390653391571955 0.2569444444444444
vt 0.8862466034880524 0.1527777777777778
vt 0.8639433255325203 0.1527777777777778
vt 0.8637533965119476 0.13818595824028768
vt 0.8858668011465202 0.13789812729000905
vt 0.7957095788531819 0.13888888888888884
vt 0.7986111111111112 0.1527777777777778
vt 0.7749623915527647 0.1485385764938827
vt 0.7707641836643592 0.13888888888888884
vt 0.4454141060864981 0.47916666666666663
vt 0.4796381699461263 0.47916666666666663
vt 0.4871691496729295 0.5050084383009266
vt 0.4444444444444444 0.5138888888888888
vt 0.3358639996977545 0.47916666666666663
vt 0.3819444444444444 0.48774184483508376
vt 0.3800333294611148 0.511692171610261
vt 0.33661504089931404 0.511692171610261
vt 0.5972222222222222 0.1500636628216908
vt 0.5972222222222222 0.12340617680798383
vt 0.6098913215724352 0.1306488009010317
vt 0.6085385384970938 0.1527777777777778
vt 0.10083914442147779 0.2152777777777778
vt 0.13550897085459923 0.2171845685755891
vt 0.13459371127164976 0.23382608526348736
vt 0.1006021402565119 0.23382608526348736
vt 0.09027777777777778 0.26992691335612906
vt 0.08789237664266326 0.3137021607485093
vt 0.0741755015140159 0.3194444444444444
vt 0.0741755015140159 0.2726884987399767
vt 0.6290902774311513 0.35416666666666663
vt 0.6736111111111112 0.35416666666666663
vt 0.6617336640641204 0.3659984912051115
vt 0.6293033738869699 0.375
vt 0.196059275103718 0.7197861654589007
vt 0.24947318069757285 0.7222828109270194
vt 0.24687926332809887 0.7777777777777778
vt 0.19497126374687157 0.7777777777777778
vt 0.3194444444444444 0.75
vt 0.2638888888888889 0.75
vt 0.2638888888888889 0.6944444444444444
vt 0.3194444444444444 0.6944444444444444
vt 0.6944444444444444 0.36111111111111116
vt 0.6944444444444444 0.3055555555555556
vt 0.7083333333333334 0.3055555555555556
vt 0.7083333333333334 0.36111111111111116
vt 0.6838465277777778 0.6805555555555556
vt 0.6977354166666667 0.6805555555555556
vt 0.6980979166666667 0.7361111111111112
vt 0.6838465277777778 0.7336416666666666
vt 0.7222222222222222 0.9027777777777778
vt 0.7083333333333334 0.9027777777777778
vt 0.7083333333333334 0.8472222222222222
vt 0.7222222222222222 0.8472222222222222
vt 0.625 0.22577118851029043
vt 0.625 0.2776807875811217
vt 0.6114841160094113 0.2777777777777778
vt 0.6111111111111112 0.22436519130623145
vt 0.25 0.8888888888888888
vt 0.22394305555555555 0.8888888888888888
vt 0.20833333333333334 0.8752958333333334
vt 0.25 0.8612333333333333
vt 0.6276279049053445 0.18055555555555558
vt 0.6276279049053445 0.147120438443047
vt 0.6425262869178958 0.1633259991069913
vt 0.6432054284279888 0.16846303682047592
vt 0.4027777777777778 0.22404131949941275
vt 0.4027777777777778 0.2777777777777778
vt 0.3891121722457482 0.26254950779180164
vt 0.3888888888888889 0.2347726274267542
vt 0.8460775935008183 0.7361111111111112
vt 0.8353569554963144 0.722857030158328
vt 0.8577492904798532 0.7270330366667566
vt 0.872976377837019 0.7361111111111112
vt 0.8055555555555556 0.9583333333333334
vt 0.7704075994076732 0.9583333333333334
vt 0.7966771589597477 0.9397833110325443
vt 0.49494588427240793 0.7661033074754164
vt 0.5205756501601079 0.7628898096117039
vt 0.5407571178396088 0.7916666666666666
vt 0.487020659938169 0.7916666666666666
vt 0.11389259002757551 0.11805555555555558
vt 0.12305261053255052 0.13243180766300966
vt 0.09722222222222222 0.13243180766300966
vt 0.22444293106302096 0.3114854075759461
vt 0.22444293106302096 0.2847222222222222
vt 0.24177166088244523 0.28821162656618193
vt 0.24305555555555555 0.3312286058110945
vt 0.5839351743193077 0.5763888888888888
vt 0.5972222222222222 0.6051546440056808
vt 0.5574341794116686 0.6051546440056808
vt 0.5606659186092596 0.5901936411530134
vt 0.4594617588667142 0.1527777777777778
vt 0.4722222222222222 0.16168202174257518
vt 0.4722222222222222 0.19353230873107818
vt 0.4583333333333333 0.17396024542256372
vt 0.806494730461231 0.25
vt 0.8462830473165468 0.25
vt 0.8377747806419218 0.26388888888888884
vt 0.8067894513161468 0.2617725131289593
vt 0.5555555555555556 0.11805555555555558
vt 0.5555555555555556 0.14744347305945593
vt 0.5416666666666666 0.14906488889186031
vt 0.5423943996443479 0.12141951657847105
vt 0.4444444444444444 0.09722222222222221
vt 0.4444444444444444 0.11634988946945823
vt 0.4305555555555556 0.11958354484160283
vt 0.43275790958635435 0.10384768891317664
vt 0.3055555555555556 0.11805555555555558
vt 0.3055555555555556 0.14974198874430855
vt 0.2916666666666667 0.15080807219217462
vt 0.2916666666666667 0.11912163900342165
vt 0.7660797818300101 0.3420824994076068
vt 0.7847222222222222 0.347604439787513
vt 0.7792772361228469 0.375
vt 0.7660797818300101 0.37130236520956705
vt 0.6186909899521034 0.6875
vt 0.625 0.7061128195470094
vt 0.5970652029325864 0.7083333333333333
vt 0.5721738015012366 0.6875
vt 0.8470464907220188 0.8147551322867819
vt 0.8195128043462604 0.8194444444444444
vt 0.8195128043462604 0.803323141035256
vt 0.8472222222222222 0.8005033501939153
vt 0.6597222222222222 0.7007207401343649
vt 0.6574731238395621 0.7299421568649036
vt 0.6409976245871061 0.7274184830750186
vt 0.6409976245871061 0.6805555555555556
vt 0.8932483835691699 0.5544526027458263
vt 0.8921234206901794 0.5683014334014113
vt 0.8775849497641633 0.5694444444444444
vt 0.8775849497641633 0.5488533226236327
vt 0.824065700406613 0.19444444444444442
vt 0.8576823671306623 0.19444444444444442
vt 0.8611111111111112 0.20833333333333337
vt 0.8446296396997212 0.20771528667313854
vt 0.4305555555555556 0.14291343594982686
vt 0.4444444444444444 0.1442426032730404
vt 0.4444444444444444 0.18055555555555558
vt 0.4305555555555556 0.17922636608051734
vt 0.8789086089304516 0.8888888888888888
vt 0.8472222222222222 0.8888888888888888
vt 0.8482874668094268 0.875
vt 0.8799751284303471 0.875
vt 0.5388851911519414 0.7322268866788575
vt 0.5027814755147253 0.7361111111111112
vt 0.5027814755147253 0.6985929529045034
vt 0.5341916872403244 0.7026167581544447
vt 0.43229222193184563 0.6875
vt 0.484374444734821 0.6875
vt 0.47893993508143456 0.7222222222222222
vt 0.43502726795270075 0.7178832455576201
vt 0.7395944295412112 0.31044376315080013
vt 0.7365442130860441 0.34783938827898675
vt 0.7256833482365665 0.3575857371196792
vt 0.7256833482365665 0.3055555555555556
vt 0.8076979221652 0.3055555555555556
vt 0.7978014370089002 0.3168063092793605
vt 0.7679169093074764 0.3194444444444444
vt 0.7638888888888888 0.3055555555555556
vt 0.8600370439261333 0.4569630319973075
vt 0.8368497316506622 0.45833333333333337
vt 0.8333333333333334 0.4444444444444444
vt 0.8669371432898796 0.4444444444444444
vt 0.5713994137756478 0.125
vt 0.5713994137756478 0.09499971756177195
vt 0.5813783640021299 0.11597430533088393
vt 0.6850389385045812 0.5486111111111112
vt 0.7291666666666666 0.5486111111111112
vt 0.7137347919936591 0.5661213484347185
vt 0.7078077882534408 0.19633009825338732
vt 0.7051696530883569 0.22621462595481112
vt 0.6944444444444444 0.23611111111111116
vt 0.6944444444444444 0.19230207783480002
vt 0.4069907644591752 0.10156751592751467
vt 0.4166666666666667 0.11154474608100273
vt 0.4166666666666667 0.125
vt 0.4027777777777778 0.12452395655017823
vt 0.5309680376299578 0.37300248500042954
vt 0.560102171104058 0.3807451805655766
vt 0.562014793542251 0.4027777777777778
vt 0.5277777777777778 0.4027777777777778
vt 0.625 0.125
vt 0.625 0.10416666666666663
vt 0.6395942099530934 0.10416666666666663
vt 0.6394420003461021 0.12494478018025268
vt 0.7645647169009853 0.7895382379813582
vt 0.794738347234712 0.7847222222222222
vt 0.7979352830990147 0.8040909899474477
vt 0.7647496502320515 0.8040909899474477
vt 0.6686593836063129 0.47916666666666663
vt 0.7034310626342638 0.47916666666666663
vt 0.7083333333333334 0.49591268595696814
vt 0.6771472941887939 0.5
vt 0.8368954557102294 0.6944444444444444
vt 0.8720438420255496 0.6944444444444444
vt 0.8662633513057826 0.7059444596255022
vt 0.8362894913077837 0.7083333333333333
vt 0.4773920965979991 0.4271037951303581
vt 0.4812585565165487 0.45833333333333337
vt 0.45919923825018916 0.45833333333333337
vt 0.4444444444444444 0.4273560480479136
vt 0.8587051777564176 0.16666666666666663
vt 0.8523107410506846 0.17814552528760053
vt 0.8218503777991378 0.18055555555555558
vt 0.8313407604082345 0.16666666666666663
vt 0.7510798611111111 0.5208333333333333
vt 0.7816354166666666 0.5208333333333333
vt 0.7837465277777778 0.5395888888888889
vt 0.7509756944444445 0.5416666666666667
vt 0.8666672174144316 0.6742224431178319
vt 0.8333333333333334 0.6742224431178319
vt 0.8359057400786005 0.6597222222222222
vt 0.863166942955815 0.6663388555498047
vt 0.20833333333333334 0.19302629837415675
vt 0.20833333333333334 0.21751473456237513
vt 0.19444444444444445 0.23237169614990494
vt 0.1957269264195233 0.1875
vt 0.9343410203261957 0.9583333333333334
vt 0.9513888888888888 0.9583333333333334
vt 0.9384896094805154 0.9661513205966671
vt 0.9187244174350231 0.375
vt 0.9027777777777778 0.375
vt 0.9078657135522717 0.36453167694226796
vt 0.5 0.45833333333333337
vt 0.5454774276062543 0.45833333333333337
vt 0.5284050189997642 0.48611111111111116
vt 0.5117675864347171 0.48245251987895554
vt 0.4236111111111111 0.5277777777777778
vt 0.4236111111111111 0.5833333333333333
vt 0.3888888888888889 0.5833333333333333
vt 0.3888888888888889 0.5277777777777778
vt 0.034722222222222224 0.5221152756921467
vt 0.034722222222222224 0.580795413593356
vt 0.0033850054863363566 0.5833333333333333
vt 0 0.5225973776441803
vt 0.8479166666666667 0.9027777777777778
vt 0.8812500000000001 0.9027777777777778
vt 0.8787138888888889 0.9102722222222223
vt 0.8504875000000001 0.9166666666666666
vt 0.8479166666666667 0.9305555555555556
vt 0.8812500000000001 0.9305555555555556
vt 0.8807111111111111 0.9444444444444444
vt 0.8479166666666667 0.9419902777777778
vt 0.05555555555555555 0.26011805555555556
vt 0.05555555555555555 0.3187986111111111
vt 0.04208611111111111 0.3194444444444444
vt 0.041666666666666664 0.2608041666666667
vt 0.18055555555555555 0.2861351884394835
vt 0.18055555555555555 0.3472222222222222
vt 0.1708731787994925 0.3456744218699628
vt 0.16666666666666666 0.28727711783359045
vt 0.5277777777777778 0.9791666666666666
vt 0.5770830757622379 0.9791666666666666
vt 0.5874912143281692 1
vt 0.5278128659501229 0.9911056961419937
vt 0.2986111111111111 0.42361111111111116
vt 0.2986111111111111 0.48611111111111116
vt 0.2777777777777778 0.47396810739631556
vt 0.2828922659460054 0.42361111111111116
vt 0.8888888888888888 0.33333333333333337
vt 0.8888888888888888 0.3105500790374315
vt 0.8993961420752503 0.30821440864712757
vt 0.89628348471738 0.3299676014908165
vt 0.9142701388888889 0.8486305555555556
vt 0.9227465277777777 0.8590694444444444
vt 0.9098993055555555 0.8590694444444444
vt 0.9036423611111112 0.8472222222222222
vt 0.5694444444444444 0.29861111111111116
vt 0.5694444444444444 0.36102916666666673
vt 0.5594819444444444 0.36111111111111116
vt 0.5555555555555556 0.29861111111111116
vt 0.5833333333333334 0.20138888888888884
vt 0.5833333333333334 0.25
vt 0.5694444444444444 0.25
vt 0.5694444444444444 0.20138888888888884
vt 0.47695000000000004 0.5347222222222222
vt 0.48593749999999997 0.5768486111111111
vt 0.4446180555555556 0.5768486111111111
vt 0.4446180555555556 0.5359597222222223
vt 0.5138888888888888 0.9583333333333334
vt 0.5138888888888888 1
vt 0.4722222222222222 1
vt 0.4722222222222222 0.9583333333333334
vt 0.1111111111111111 0.1527777777777778
vt 0.1111111111111111 0.19444444444444442
vt 0.09722222222222222 0.19444444444444442
vt 0.09722222222222222 0.1527777777777778
vt 0.00982361111111111 0.12005972222222228
vt 0.0125 0.15240833333333326
vt 0.0013888888888888885 0.15240833333333326
vt 0.0013888888888888885 0.11111111111111116
vt 0.1388888888888889 0.1527777777777778
vt 0.1388888888888889 0.19444444444444442
vt 0.125 0.19444444444444442
vt 0.125 0.1527777777777778
vt 0.3055555555555556 0.1812499999999999
vt 0.3055555555555556 0.2222222222222222
vt 0.2916666666666667 0.2222222222222222
vt 0.2943430555555555 0.18017916666666667
vt 0.8333333333333334 0.8611111111111112
vt 0.8333333333333334 0.875
vt 0.7916666666666666 0.875
vt 0.7916666666666666 0.8611111111111112
vt 0.8333333333333334 0.2777777777777778
vt 0.8333333333333334 0.29166666666666663
vt 0.7916666666666666 0.29166666666666663
vt 0.7916666666666666 0.2777777777777778
vt 0.3263888888888889 0.06944444444444442
vt 0.3263888888888889 0.11111111111111116
vt 0.3194444444444444 0.11111111111111116
vt 0.3194444444444444 0.06944444444444442
vt 0.3541666666666667 0.06944444444444442
vt 0.3541666666666667 0.11111111111111116
vt 0.3472222222222222 0.11111111111111116
vt 0.3472222222222222 0.06944444444444442
vt 0.7847222222222222 0.05555555555555558
vt 0.7847222222222222 0.06944444444444442
vt 0.7777777777777778 0.06944444444444442
vt 0.7777777777777778 0.05555555555555558
vt 0.9375 0.11111111111111116
vt 0.9375 0.125
vt 0.9305555555555556 0.125
vt 0.9305555555555556 0.11111111111111116
vt 0.8472222222222222 0.8333333333333334
vt 0.8472222222222222 0.8472222222222222
vt 0.8055555555555556 0.8472222222222222
vt 0.8055555555555556 0.8333333333333334
vt 0.8472222222222222 0.5833333333333333
vt 0.8472222222222222 0.5972222222222222
vt 0.8055555555555556 0.5972222222222222
vt 0.8055555555555556 0.5833333333333333
vt 0.8958333333333334 0.48611111111111116
vt 0.8958333333333334 0.5277777777777778
vt 0.8888888888888888 0.5277777777777778
vt 0.8888888888888888 0.48611111111111116
vt 0.6736111111111112 0.06944444444444442
vt 0.6736111111111112 0.11111111111111116
vt 0.6666666666666666 0.11111111111111116
vt 0.6666666666666666 0.06944444444444442
vt 0.9375 0.08333333333333337
vt 0.9375 0.09722222222222221
vt 0.9305555555555556 0.09722222222222221
vt 0.9305555555555556 0.08333333333333337
vt 0.9375 0.05555555555555558
vt 0.9375 0.06944444444444442
vt 0.9305555555555556 0.06944444444444442
vt 0.9305555555555556 0.05555555555555558
vt 0.1597222222222222 0.4027777777777778
vt 0.1597222222222222 0.45833333333333337
vt 0.1388888888888889 0.45833333333333337
vt 0.1388888888888889 0.4027777777777778
vt 0.3402777777777778 0.4027777777777778
vt 0.3402777777777778 0.45833333333333337
vt 0.3194444444444444 0.45833333333333337
vt 0.3194444444444444 0.4027777777777778
vt 0.6111111111111112 0.7708333333333334
vt 0.6111111111111112 0.7916666666666666
vt 0.5555555555555556 0.7916666666666666
vt 0.5555555555555556 0.7708333333333334
vt 0.6111111111111112 0.7291666666666667
vt 0.6111111111111112 0.75
vt 0.5555555555555556 0.75
vt 0.5555555555555556 0.7291666666666667
vt 0.05555555555555555 0.6666666666666667
vt 0.05555555555555555 0.7222222222222222
vt 0 0.7222222222222222
vt 0 0.6666666666666667
vt 0.125 0.6666666666666667
vt 0.125 0.7222222222222222
vt 0.06944444444444445 0.7222222222222222
vt 0.06944444444444445 0.6666666666666667
vt 0.6041666666666666 0.35416666666666663
vt 0.6041666666666666 0.4027777777777778
vt 0.5833333333333334 0.4027777777777778
vt 0.5833333333333334 0.35416666666666663
vt 0.0763888888888889 0.3402777777777778
vt 0.0763888888888889 0.38888888888888884
vt 0.05555555555555555 0.38888888888888884
vt 0.05555555555555555 0.3402777777777778
vt 0.6458333333333334 0.8541666666666666
vt 0.6458333333333334 0.875
vt 0.5972222222222222 0.875
vt 0.5972222222222222 0.8541666666666666
vt 0.1736111111111111 0.3680555555555556
vt 0.1736111111111111 0.38888888888888884
vt 0.125 0.38888888888888884
vt 0.125 0.3680555555555556
vt 0.3958333333333333 0.8402777777777778
vt 0.3958333333333333 0.8888888888888888
vt 0.3472222222222222 0.8888888888888888
vt 0.3472222222222222 0.8402777777777778
vt 0.3819444444444444 0.6041666666666667
vt 0.3819444444444444 0.6527777777777778
vt 0.3333333333333333 0.6527777777777778
vt 0.3333333333333333 0.6041666666666667
vt 0.3263888888888889 0.3402777777777778
vt 0.3263888888888889 0.38888888888888884
vt 0.3055555555555556 0.38888888888888884
vt 0.3055555555555556 0.3402777777777778
vt 0.3680555555555556 0.3402777777777778
vt 0.3680555555555556 0.38888888888888884
vt 0.3472222222222222 0.38888888888888884
vt 0.3472222222222222 0.3402777777777778
vt 0.6597222222222222 0.8125
vt 0.6597222222222222 0.8333333333333334
vt 0.6111111111111112 0.8333333333333334
vt 0.6111111111111112 0.8125
vt 0.6597222222222222 0.6041666666666667
vt 0.6597222222222222 0.625
vt 0.6111111111111112 0.625
vt 0.6111111111111112 0.6041666666666667
vt 0.1875 0.5902777777777778
vt 0.1875 0.6388888888888888
vt 0.1388888888888889 0.6388888888888888
vt 0.1388888888888889 0.5902777777777778
vt 0.2569444444444444 0.5763888888888888
vt 0.2569444444444444 0.625
vt 0.20833333333333334 0.625
vt 0.20833333333333334 0.5763888888888888
vt 0.9097222222222222 0.8055555555555556
vt 0.9097222222222222 0.8333333333333334
vt 0.9027777777777778 0.8333333333333334
vt 0.9027777777777778 0.8055555555555556
vt 0.9097222222222222 0.7638888888888888
vt 0.9097222222222222 0.7916666666666666
vt 0.9027777777777778 0.7916666666666666
vt 0.9027777777777778 0.7638888888888888
vt 0.9513888888888888 0.8819444444444444
vt 0.9513888888888888 0.8888888888888888
vt 0.9444444444444444 0.8888888888888888
vt 0.9444444444444444 0.8819444444444444
vt 0.14583333333333334 0.04861111111111116
vt 0.14583333333333334 0.05555555555555558
vt 0.1388888888888889 0.05555555555555558
vt 0.1388888888888889 0.04861111111111116
vt 0.22916666666666666 0.06944444444444442
vt 0.22916666666666666 0.09722222222222221
vt 0.2222222222222222 0.09722222222222221
vt 0.2222222222222222 0.06944444444444442
vt 0.2847222222222222 0.06944444444444442
vt 0.2847222222222222 0.09722222222222221
vt 0.2777777777777778 0.09722222222222221
vt 0.2777777777777778 0.06944444444444442
vt 0.3819444444444444 0.06944444444444442
vt 0.3819444444444444 0.09722222222222221
vt 0.375 0.09722222222222221
vt 0.375 0.06944444444444442
vt 0.9097222222222222 0.5833333333333333
vt 0.9097222222222222 0.6111111111111112
vt 0.9027777777777778 0.6111111111111112
vt 0.9027777777777778 0.5833333333333333
vt 0.9513888888888888 0.8541666666666666
vt 0.9513888888888888 0.8611111111111112
vt 0.9444444444444444 0.8611111111111112
vt 0.9444444444444444 0.8541666666666666
vt 0.1736111111111111 0.04861111111111116
vt 0.1736111111111111 0.05555555555555558
vt 0.16666666666666666 0.05555555555555558
vt 0.16666666666666666 0.04861111111111116
vt 0.5208333333333334 0.06944444444444442
vt 0.5208333333333334 0.09722222222222221
vt 0.5138888888888888 0.09722222222222221
vt 0.5138888888888888 0.06944444444444442
vt 0.5486111111111112 0.06944444444444442
vt 0.5486111111111112 0.09722222222222221
vt 0.5416666666666666 0.09722222222222221
vt 0.5416666666666666 0.06944444444444442
vt 0.7569444444444444 0.7284722222222222
vt 0.7569444444444444 0.75
vt 0.7222222222222222 0.75
vt 0.7235472222222222 0.729275
vt 0.32600728793716366 0.2434891446002403
vt 0.3191299329188985 0.26388888888888884
vt 0.292064647122956 0.26388888888888884
vt 0.2920482676183919 0.24260972852623341
vt 0.006944444444444444 0.0625
vt 0.006944444444444444 0.09722222222222221
vt 0.00095 0.09722222222222221
vt 0 0.07017361111111109
vt 0.9028976189963145 0.9097222222222222
vt 0.936590431456792 0.9097222222222222
vt 0.9373801587814632 0.9166412871856073
vt 0.9032583547862446 0.9166666666666666
vt 0.597952656502478 0.07552831480733246
vt 0.6055445421594058 0.09534875944524002
vt 0.5972222222222222 0.09722222222222221
vt 0.5972222222222222 0.07585863933893444
vt 0.4097222222222222 0.0625
vt 0.4097222222222222 0.08333333333333337
vt 0.4027777777777778 0.08333333333333337
vt 0.4027777777777778 0.0625
vt 0.7569444444444444 0.5
vt 0.7222222222222222 0.5
vt 0.7222222222222222 0.47916666666666663
vt 0.7569444444444444 0.47916666666666663
vt 0.7470124972220593 0.7854163180403189
vt 0.7140661303468213 0.7854163180403189
vt 0.7113208361112741 0.7640427066766805
vt 0.7468899811841417 0.7638888888888888
vt 0.49089374999999996 0.06944444444444442
vt 0.48811597222222225 0.06944444444444442
vt 0.48811597222222225 0.03298611111111116
vt 0.4910506944444444 0.03649861111111108
vt 0.9687291666666668 0.39583333333333337
vt 0.9696180555555556 0.39865138888888885
vt 0.9331597222222222 0.39865138888888885
vt 0.9331597222222222 0.3958736111111111
vt 0.9305555555555556 0.14583333333333337
vt 0.9302962550225412 0.1527777777777778
vt 0.9088702793163128 0.1506866582007348
vt 0.9090650408071546 0.14583333333333337
vt 0.4375 0.08333333333333337
vt 0.4305555555555556 0.08333333333333337
vt 0.4305555555555556 0.0625
vt 0.4375 0.0625
vt 0.020833333333333332 0.29561798497316294
vt 0.020833333333333332 0.33333333333333337
vt 0 0.33252708369139117
vt 0.00038172830011841256 0.29167244038178053
vt 0.6845352674962686 0.6603707798492898
vt 0.6457740155207868 0.6603707798492898
vt 0.6418536213926203 0.6392023940321061
vt 0.6837611799948271 0.6388888888888888
vt 0.9352930555555555 0.7083333333333333
vt 0.9325152777777777 0.7083333333333333
vt 0.9329680555555555 0.6706208333333333
vt 0.9355402777777778 0.6695722222222222
vt 0.8783429878538219 0.6387002335275119
vt 0.8793478205841546 0.6319444444444444
vt 0.9202211472998203 0.6319444444444444
vt 0.9202681232572893 0.6388888888888888
vt 0.9236111111111112 0.5277777777777778
vt 0.9166666666666666 0.5277777777777778
vt 0.9166666666666666 0.5069444444444444
vt 0.9236111111111112 0.5069444444444444
vt 0.9236111111111112 0.5694444444444444
vt 0.9166666666666666 0.5694444444444444
vt 0.9166666666666666 0.5486111111111112
vt 0.9236111111111112 0.5486111111111112
vt 0.5261251348394843 0.3472222222222222
vt 0.4862671434545981 0.3472222222222222
vt 0.4861111111111111 0.3256950099094965
vt 0.5265779634469341 0.32576559876746036
vt 0.14583333333333334 0.29873510404281656
vt 0.14583333333333334 0.34080941720336744
vt 0.125 0.3413476003063731
vt 0.12505799290328906 0.29861111111111116
vt 0.7248659722222223 0.05555555555555558
vt 0.7276437499999999 0.05555555555555558
vt 0.7253465277777777 0.09495277777777789
vt 0.7237451388888889 0.09722222222222221
vt 0.9762599189832848 0.7303765086256079
vt 0.9739644925611454 0.7319411987530341
vt 0.9334623032389374 0.7319411987530341
vt 0.9335076740144805 0.7291666666666667
vt 0.6458333333333334 0.07638888888888884
vt 0.6458333333333334 0.08333333333333337
vt 0.625 0.08333333333333337
vt 0.625 0.07638888888888884
vt 0.9236111111111112 0.4444444444444444
vt 0.9166666666666666 0.4444444444444444
vt 0.9166666666666666 0.42361111111111116
vt 0.9236111111111112 0.42361111111111116
vt 0.5200659113121091 0.8333333333333334
vt 0.4313229775767798 0.8333333333333334
vt 0.4313229775767798 0.8118055559352538
vt 0.518954944213581 0.8119154860584568
vt 0.5064390619864376 0.8687238289604158
vt 0.41717204912467354 0.8687238289604158
vt 0.4182177261633814 0.8472222222222222
vt 0.5063793308766359 0.847276689914755
vt 0.2525138888888889 0.03472222222222221
vt 0.2552916666666667 0.03472222222222221
vt 0.25436666666666663 0.12447222222222232
vt 0.2516527777777778 0.125
vt 0.9920071420497306 0.9930866292974729
vt 0.9915086410271852 0.9958193061838042
vt 0.9038559857758579 0.9958193061838042
vt 0.9038261912836028 0.9930555555555556
vt 0.9375 0.24305555555555558
vt 0.9375 0.25
vt 0.9166666666666666 0.25
vt 0.9166666666666666 0.24305555555555558
vt 0.9236111111111112 0.3472222222222222
vt 0.9166666666666666 0.3472222222222222
vt 0.9166666666666666 0.32638888888888884
vt 0.9236111111111112 0.32638888888888884
vt 0.7569444444444444 0.7083333333333333
vt 0.7222222222222222 0.7083333333333333
vt 0.7222222222222222 0.6868055555555556
vt 0.7556194444444445 0.6876083333333334
vt 0.24305555555555555 0.22994624807468123
vt 0.24305555555555555 0.2570115338706238
vt 0.22310163829622912 0.26388888888888884
vt 0.2222222222222222 0.2299298685701171
vt 0.9349416666666666 0.7916666666666666
vt 0.9321638888888888 0.7916666666666666
vt 0.9321638888888888 0.7569444444444444
vt 0.9358916666666668 0.7646180555555555
vt 0.03256917067677821 0.05531587311848207
vt 0.029905449842162382 0.05452614579381099
vt 0.029905449842162382 0.02083333333333337
vt 0.03259455015783762 0.021194069123263604
vt 0.8055555555555556 0.09027777777777779
vt 0.8036820927785733 0.09722222222222221
vt 0.7838616481406658 0.0896303365652944
vt 0.7841919726722676 0.09027777777777779
vt 0.9236111111111112 0.2222222222222222
vt 0.9166666666666666 0.2222222222222222
vt 0.9166666666666666 0.20138888888888884
vt 0.9236111111111112 0.20138888888888884
vt 0.1388888888888889 0.47916666666666663
vt 0.1597222222222222 0.47916666666666663
vt 0.1597222222222222 0.5694444444444444
vt 0.13899881901209168 0.5683334773459163
vt 0.18055555555555555 0.4663234548164855
vt 0.2013888888888889 0.4652777777777778
vt 0.2013888888888889 0.5545447906395418
vt 0.1806100232480884 0.5544850595297401
vt 0.9086750787466065 0.11111111111111116
vt 0.8199355354028697 0.11111111111111116
vt 0.8199644903010765 0.10833348424693634
vt 0.909231131263797 0.1084014822820395
vt 0.2708333333333333 0.1458631278255884
vt 0.2708333333333333 0.23351578307691567
vt 0.2639199626308063 0.234014284099461
vt 0.2638888888888889 0.14583333333333337
vt 0.8541666666666666 0.0625
vt 0.8541666666666666 0.08333333333333337
vt 0.8472222222222222 0.08333333333333337
vt 0.8472222222222222 0.0625
vt 0.8263888888888888 0.0625
vt 0.8263888888888888 0.08333333333333337
vt 0.8194444444444444 0.08333333333333337
vt 0.8194444444444444 0.0625
vt 0.6666666666666666 0.7511998143308437
vt 0.6875 0.7513558466743306
vt 0.6875 0.7912138380592167
vt 0.6667372555246306 0.7916666666666666
vt 0.6666666666666666 0.38888888888888884
vt 0.6666666666666666 0.4104171405861813
vt 0.6256605193300799 0.4114689530943205
vt 0.625 0.39001522986386095
vt 0.9736103932486517 0.6111111111111112
vt 0.933753857579191 0.6111111111111112
vt 0.933913961128893 0.608337951138068
vt 0.9759683646430312 0.6096431889867582
vt 0.7569444444444444 0.07638888888888884
vt 0.7569444444444444 0.11689107821109679
vt 0.7512098419589412 0.11918650463323621
vt 0.75 0.07643425966443196
vt 0.9097222222222222 0.0625
vt 0.9097222222222222 0.08333333333333337
vt 0.9027777777777778 0.08333333333333337
vt 0.9027777777777778 0.0625
vt 0.8819444444444444 0.0625
vt 0.8819444444444444 0.08333333333333337
vt 0.875 0.08333333333333337
vt 0.875 0.0625
vt 0.6797464190560565 0.43682065852139396
vt 0.6805526686979986 0.45833333333333337
vt 0.642837320337828 0.45833333333333337
vt 0.6388917757464458 0.43720238682151236
vt 0.3892023940321061 0.29861111111111116
vt 0.4097222222222222 0.30253150523927763
vt 0.4097222222222222 0.3412927572147594
vt 0.3888888888888889 0.3405186697133179
vt 0.8914043514250315 0.4652777777777778
vt 0.9291195860605355 0.4652777777777778
vt 0.9290861360744418 0.4722222222222222
vt 0.890324858383909 0.47200266541304137
vt 0.46041669079436176 0.06271149277933175
vt 0.46041669079436176 0.021838166063666065
vt 0.46300576495537243 0.02083333333333337
vt 0.46319442031674934 0.06275846873680058
vt 0.9166666666666666 0.17361111111111116
vt 0.9375 0.17361111111111116
vt 0.9375 0.18055555555555558
vt 0.9166666666666666 0.18055555555555558
vt 0.09027777777777778 0.04861111111111116
vt 0.09027777777777778 0.06944444444444442
vt 0.08333333333333333 0.06944444444444442
vt 0.08333333333333333 0.04861111111111116
vt 0.7708333333333334 0.8541666666666666
vt 0.7708333333333334 0.875
vt 0.7361111111111112 0.875
vt 0.7361111111111112 0.8541666666666666
vt 0.0031897229915119818 0.24305555555555558
vt 0.024724957990244115 0.24305555555555558
vt 0.024580084966365774 0.2777777777777778
vt 0.0030528197875336633 0.2776292181277208
vt 0.7013888888888888 0.07465277777777779
vt 0.7013888888888888 0.11111111111111116
vt 0.6945250000000001 0.11111111111111116
vt 0.6944444444444444 0.07643333333333346
vt 0.9652777777777778 0.30147777777777784
vt 0.9305555555555556 0.30147777777777784
vt 0.9324847222222223 0.29861111111111116
vt 0.9652777777777778 0.298701388888889
vt 0.0625 0.06180555555555556
vt 0.0625 0.08333333333333337
vt 0.055640277777777775 0.08323888888888886
vt 0.05555555555555555 0.06170277777777777
vt 0.11805555555555555 0.04861111111111116
vt 0.11805555555555555 0.06944444444444442
vt 0.1111111111111111 0.06944444444444442
vt 0.1111111111111111 0.04861111111111116
vt 0.2847222222222222 0.9583333333333334
vt 0.2847222222222222 1
vt 0.20833333333333334 1
vt 0.20833333333333334 0.9583333333333334
vt 0.2847222222222222 0.9027777777777778
vt 0.2847222222222222 0.9444444444444444
vt 0.20833333333333334 0.9444444444444444
vt 0.20833333333333334 0.9027777777777778
vt 0.4166666666666667 0.3680555555555556
vt 0.4166666666666667 0.4444444444444444
vt 0.4027777777777778 0.4444444444444444
vt 0.4027777777777778 0.3680555555555556
vt 0.013888888888888888 0.35416666666666663
vt 0.013888888888888888 0.4305555555555556
vt 0 0.4305555555555556
vt 0 0.35416666666666663
vt 0.7916666666666666 0.20833333333333337
vt 0.7916666666666666 0.25
vt 0.7777777777777778 0.25
vt 0.7777777777777778 0.20833333333333337
vt 0.3333333333333333 0.18055555555555558
vt 0.3333333333333333 0.2222222222222222
vt 0.3194444444444444 0.2222222222222222
vt 0.3194444444444444 0.18055555555555558
vn -0.5267690578150747 -0.8354097560891948 0.15685948858647603
vn -0.03221366265520716 0.39201588916198254 -0.9193942693876643
vn 0.04361213151492149 -0.9984781041171928 0.033755852577911166
vn -0.42796628103875156 0.3824858197338166 0.8188708445148178
vn 0.9803640143739243 -0.1704822237585272 0.09910706686705936
vn 0.5318778090568698 -0.2578972352685454 -0.8065947013672387
vn 0.49053516295558675 0.48382656857189976 0.7247669318119286
vn 1 1.6653345369377348e-16 -7.216449660063518e-16
vn -1 -5.551115123125783e-17 4.718447854656915e-16
vn 4.440892098500627e-16 0.911762043577091 0.41071885261347196
vn -3.885780586188048e-16 -0.9117620435770871 -0.41071885261348057
vn -4.683753385137379e-17 -0.41071885261347607 0.9117620435770891
vn 4.6837533851373804e-17 0.41071885261347796 -0.9117620435770885
vn -1.6653345369377348e-16 -1 0
vn -3.3306690738754706e-16 0.9999813190501137 0.006112409573574342
vn 0 4.163336342344338e-16 1
vn -2.7755575615628914e-17 -0.0005715404533722379 -0.9999998366707418
vn -1 1.054711873393899e-15 -2.775557561562892e-17
vn 1 -2.6090241078691183e-15 1.1102230246251568e-16
vn 1.6653345369377348e-16 -0.01745240643728349 -0.9998476951563913
vn -1.6653345369377348e-16 0.017452406437283408 0.9998476951563913
vn -2.2204460492503126e-16 0.9998476951563913 -0.01745240643728149
vn 4.440892098500626e-16 -0.9998476951563913 0.01745240643728621
vn 1 4.996003610813205e-16 -9.99200722162641e-16
vn -1 2.2204460492503136e-16 1.1102230246251567e-15
vn 0 -0.701632910616867 0.7125386015784012
vn 0 0.708806956744822 -0.7054025078422561
vn -2.220446049250313e-16 0.7637434875311533 0.6455198565913766
vn 7.771561172376096e-16 -0.7853169308807442 -0.619093949309835
vn -0.9999650646984135 -0.005864802678775928 0.005955961067439177
vn 0.9999557610351137 0.008710146481852034 -0.003550960567396095
vn 6.800116025829086e-16 -0.2924017477784115 0.9562955703631228
vn 4.163336342344337e-17 0.29240174777841027 -0.9562955703631232
vn 4.440892098500627e-16 0.9562955703631224 0.29240174777841293
vn -4.440892098500627e-16 -0.9562955703631224 -0.29240174777841316
vn -1 4.996003610813205e-16 4.996003610813205e-16
vn 1 1.2212453270876724e-15 -2.5812685322534894e-15
vn -1.6653345369377353e-16 -0.9702197915392545 -0.2422262498275649
vn 1.6653345369377348e-16 0.9702197915392548 0.24222624982756347
vn 0 0.0697547326663025 -0.997564172006319
vn -1.9428902930940244e-16 -0.06975473266630133 0.9975641720063192
vn 1 -1.8318679906315087e-15 -3.053113317719181e-16
vn -1 1.720845688168993e-15 2.775557561562892e-16
vn -6.106226635438361e-16 -0.9928556675666371 0.11932151264884064
vn 1.6653345369377348e-16 0.992855667566637 -0.1193215126488413
vn 3.885780586188049e-16 0.19080899537654472 0.9816271834476641
vn -3.3306690738754706e-16 -0.190808995376547 -0.9816271834476635
vn -1 -4.218847493575596e-15 9.436895709313833e-16
vn 1 2.4424906541753448e-15 -2.2204460492503136e-16
vn -2.220446049250313e-16 -0.5987565242523953 -0.8009310985753961
vn -5.551115123125783e-17 0.5670380651955911 0.8236915882897194
vn 2.7755575615628914e-16 0.9379455344814469 -0.346782603869215
vn 5.551115123125784e-17 -0.9998477453709526 0.017449529409787615
vn 0.9985979148408133 -0.022664839447507638 -0.04783836878906468
vn -0.9975988664228103 -0.05740315649653584 -0.03874763652351155
vn -0.169664718315199 0.15956645242124123 0.9724980363068729
vn 0.12643087581757098 -0.1736430099250833 -0.97665927464196
vn -0.9890817826679867 -0.09780350407337139 -0.1102347576097836
vn -0.9871228336541198 -0.10021787975678245 -0.12467913961732457
vn 0.9871228336541196 0.10021787975678285 0.12467913961732602
vn 0.9880335725964405 0.10428574160978468 0.11364041323055646
vn 0.04418317044517822 0.9939628872485233 -0.10042721853158998
vn -0.08255986871892035 0.9858465792424815 -0.145912269096921
vn 0.07514110655151257 -0.9791675720367246 0.18863902029516622
vn 0.09949804369667681 -0.9940829657600125 0.04357977152661546
vn 0.8660254037844406 -0.49999999999999684 1.6653345369377353e-16
vn -0.8660254037844389 0.4999999999999998 -1.110223024625157e-16
vn 0.49999999999999944 0.8660254037844392 1.387778780781446e-17
vn -0.4999999999999995 -0.8660254037844389 -1.4224732503009818e-16
vn 2.2204460492503126e-16 8.049116928532383e-16 1
vn 3.0531133177191805e-16 1.3877787807814457e-16 -1
vn 0.8648168957788801 -0.49930226757767104 0.052810816763022336
vn -0.870833258091001 0.4882959452099403 -0.05671425300701011
vn 0.5091315245872681 0.8559143121185889 -0.09053055275434342
vn -0.4979154686551367 -0.862414889585166 0.09121811385762044
vn -0.00037753638557500035 0.00021797073384016713 0.999999904977514
vn -2.4980018054066022e-15 -1.8596235662471372e-15 -1
vn 0.734013013618147 -0.42378261100112297 0.530691242110021
vn -0.7855432805310103 0.44018451604772707 -0.43492452936619574
vn 0.4119931384763324 0.692169590686925 -0.5925900029334923
vn -0.3376875541521677 -0.5848920008752218 0.7374743813061622
vn -0.0003775363855744175 0.00021797073384169369 0.999999904977514
vn 0.17357744980210665 -0.8440073713023307 -0.5074666748738549
vn -0.6917685142864843 0.06094148608372747 0.7195432286636967
vn 0.40819513568414945 0.08865186309072033 -0.9085799790741282
vn -0.6756712171027789 0.39009900669272124 0.6255327100609543
vn 0.028876493081579024 -0.955383467156655 -0.2939533616597001
vn 0.6055910370975144 0.07116770922431034 0.7925873156636568
vn -0.4964542198172225 0.2866303301032687 -0.8193755314204618
vn 0.9523761522625063 0.3048937440911444 -0.004412416089560279
vn -0.9523761522625057 -0.3048937440911463 0.004412416089559002
vn -0.30488897989011776 0.9523863253408018 0.001731255442761454
vn 0.3046378594029179 -0.9520061749657176 -0.029665087991642365
vn 0.00473017369933318 -0.00030350935676262686 0.9999887666063279
vn -0.018961912492574784 0.04477519404055297 -0.9988171143273702
vn -0.9776792781337021 -0.21010290123642544 -3.885780586188049e-16
vn 0.7496093624934954 0.6614707844860411 0.023285294361827046
vn 0.002814243095298236 0.0045612459864627095 -0.9999856374322843
vn -0.15511444323503285 0.6919170068266717 0.7051172705046341
vn -0.8285928238758725 0.3710910030289892 0.4191961351114134
vn 0.9524346499918652 0.30446001189353133 0.013127781711480217
vn 0.8543055720811146 0.21027425933678975 0.47533853764609113
vn -0.32300400025051174 -0.9191930526901544 0.22528326104778046
vn -0.8226861941237062 -0.5684388803041832 0.008041477275874303
vn 0.2650111316354097 0.8156284820399535 -0.5143143779776345
vn 0.12305225249728394 -0.5616101016613784 0.8182006091828831
vn -0.46041608716912436 -0.06260591394324273 -0.8854928154509244
vn 0.3710175641157574 -0.6272167068337492 -0.6847957139076125
vn 0.0397022180801937 0.9930213518954796 0.11105101782148258
vn -0.8835182180467327 -0.25079676548683844 0.395596436789901
vn 0.8489229485903984 0.221258260281462 -0.4799735509523466
vn 0.6427432330988254 -0.1624420597981099 0.7486612808969196
vn -0.7616487634426214 -0.040026716137482744 -0.6467526754034925
vn -0.05208092416674255 -0.9591300498103872 -0.27813148848820146
vn 0.4178400283344007 0.6392800288548166 0.6455468654008726
vn -0.8648147517614215 0.4993058626451416 -0.05281193675696712
vn -0.039708425993873926 -0.9930210875500324 -0.11105116202021506
vn -0.9723100597432315 -0.23239811700192103 0.0245817602314262
vn 0.9495564312717446 0.31185652822822824 -0.0329862036600912
vn 0.005916999128662006 -0.003416214106190558 0.9999766590288457
vn 0.1966543868451581 -0.11353956216251221 -0.973876696486008
vn -0.14328186659389133 -0.596255803872443 -0.7899046290874597
vn -0.9640634754879549 -0.16307418808998117 0.20973417558633356
vn 0.9470774177648993 0.2942361512621812 -0.1283333629661018
vn -0.19665438684515799 0.11353956216251221 0.973876696486008
vn -0.7284115301041253 0.4205526636294491 -0.5408808555731499
vn -0.4341438535419361 -0.7519492877402765 -0.4960759852065497
vn -0.0000043644032182987855 -0.0000011292148664188153 -0.9999999999898386
vn 0.280021156712467 -0.05288122192026441 0.9585362424872792
vn -0.8601836932397775 0.5016282965914134 0.09194055657419874
vn 0.7702111256036065 -0.4446854413438306 -0.4571976380661522
vn 0.4822429053952186 0.849948854458005 0.2121997290325875
vn -0.36579552329548387 -0.002836517047561282 -0.9306909203962517
vn 0.5804138643873192 0.014213368960801307 0.8141975965143615
vn -0.12641757082333005 0.960652299930027 -0.24731711713158452
vn 0.043738139739679556 -0.9984614562199301 0.034083655544690485
vn -0.8520353186152405 -0.027336588804000972 0.5227700514994967
vn 0.9935567600709309 0.09459792513284952 -0.062419524813274035
vn -0.9114966090109995 -0.14013261239793387 -0.3866998612670813
vn 0.8223066472986194 0.11286816079365183 0.5577387884014906
vn 0.011000396712512297 0.7933406459876543 -0.6086785774906647
vn 0.0037366398389413477 -0.9975176889983504 0.07031712208349088
vn 0.05601397056767449 -0.006159624315694931 0.9984109845797637
vn 0.1694085135655475 -0.1587079709736744 -0.9726831629471805
vn -0.9913792612170309 -0.11044227329552567 -0.07049584880041214
vn 0.9969173778374041 0.07659877397651967 0.016981448439067934
vn -0.055478525726981975 0.5351719318536111 0.842919412838045
vn 0.057283215870391216 -0.5627052732542659 -0.8246704848794991
vn 0.05547859901759322 -0.8412631164988563 0.5377717860483915
vn -0.05547859901759225 0.8412631164988571 -0.5377717860483903
vn -0.7276706198311483 -0.3999684419626779 -0.5572438554784616
vn 0.7276706198311467 0.39996844196267667 0.5572438554784646
vn -0.6837180055403043 0.3578008718801441 0.6360096107621308
vn 0.6837180055403106 -0.3578008718801406 -0.636009610762126
vn 0.05500143574976803 -0.8438031651491729 0.5338268076349315
vn -0.055001435749769456 0.8438031651491725 -0.5338268076349316
vn -0.6919730237964478 -0.6315292096674473 0.34977734585706144
vn 0.6919730237964478 0.6315292096674471 -0.3497773458570615
vn -0.7196806829550236 0.5652879357934292 -0.403124378111514
vn 0.7196806829550249 -0.5652879357934275 0.40312437811151397
vn -0.05685990607960875 0.5306791940364888 0.8456633751661479
vn 0.056859906079600564 -0.5306791940364961 -0.8456633751661438
vn 0.16966471831520274 0.1595664524212408 0.9724980363068724
vn -0.12643087581757131 -0.17364300992508355 -0.97665927464196
vn 0.9890817826679865 -0.09780350407337327 -0.11023475760978282
vn 0.9871228336541193 -0.10021787975678334 -0.12467913961732624
vn -0.9871228336541196 0.10021787975678317 0.12467913961732534
vn -0.9880335725964406 0.10428574160978381 0.11364041323055761
vn -0.04418317044517173 0.9939628872485236 -0.10042721853159048
vn 0.08255986871892747 0.985846579242481 -0.14591226909692187
vn -0.07514110655151562 -0.9791675720367242 0.18863902029516696
vn -0.09949804369667635 -0.9940829657600128 0.043579771526614734
vn -0.8660254037844384 -0.5000000000000007 1.387778780781446e-17
vn 0.8660254037844384 0.5000000000000008 6.93889390390723e-17
vn -0.4999999999999991 0.8660254037844393 -1.387778780781446e-16
vn 0.4999999999999991 -0.8660254037844393 -5.551115123125784e-17
vn -1.0547118733938987e-15 2.55351295663786e-15 1
vn 3.0531133177191805e-16 -1.304512053934559e-15 -1
vn -0.8648168957788787 -0.4993022675776735 0.052810816763022794
vn 0.8708332580909998 0.4882959452099429 -0.056714253007008705
vn -0.5091315245872697 0.8559143121185881 -0.09053055275434214
vn 0.49791546865513636 -0.862414889585166 0.09121811385762087
vn 0.000377536385573779 0.00021797073384138832 0.9999999049775139
vn 2.248201624865942e-15 -5.273559366969494e-16 -1
vn -0.7340130136181461 -0.42378261100112424 0.5306912421100213
vn 0.7855432805310094 0.44018451604772746 -0.4349245293661974
vn -0.4119931384763309 0.692169590686925 -0.5925900029334933
vn 0.33768755415216645 -0.5848920008752216 0.7374743813061627
vn 0.0003775363855740289 0.00021797073384310922 0.999999904977514
vn -0.17357744980210746 -0.8440073713023304 -0.5074666748738557
vn 0.6917685142864857 0.06094148608372975 0.7195432286636954
vn -0.4081951356841488 0.08865186309072022 -0.9085799790741286
vn 0.6756712171027807 0.39009900669271663 0.6255327100609552
vn -0.02887649308157858 -0.955383467156655 -0.29395336165969976
vn -0.6055910370975118 0.07116770922431061 0.7925873156636588
vn 0.4964542198172265 0.2866303301032671 -0.81937553142046
vn -0.9523761522625054 0.30489374409114706 -0.004412416089558142
vn 0.952376152262506 -0.30489374409114517 0.004412416089559752
vn 0.3048889798901212 0.9523863253408006 0.0017312554427606347
vn -0.3046378594029154 -0.9520061749657184 -0.02966508799164256
vn -0.004730173699333207 -0.0003035093567624325 0.9999887666063277
vn 0.01896191249257526 0.044775194040552586 -0.9988171143273702
vn 0.9776792781337029 -0.21010290123642184 -6.661338147750941e-16
vn -0.7496093624934965 0.6614707844860397 0.023285294361825498
vn -0.0028142430952967927 0.004561245986462238 -0.9999856374322842
vn 0.1551144432350336 0.6919170068266705 0.7051172705046351
vn 0.8285928238758726 0.3710910030289895 0.41919613511141246
vn -0.9524346499918653 0.3044600118935306 0.013127781711480189
vn -0.8543055720811161 0.21027425933678995 0.47533853764608813
vn 0.3230040002505128 -0.9191930526901542 0.22528326104777993
vn 0.8226861941237067 -0.5684388803041823 0.008041477275874067
vn -0.26501113163541323 0.8156284820399529 -0.5143143779776336
vn -0.12305225249728391 -0.5616101016613787 0.818200609182883
vn 0.46041608716912147 -0.06260591394324067 -0.8854928154509258
vn -0.3710175641157566 -0.6272167068337562 -0.6847957139076064
vn -0.039702218080193814 0.9930213518954794 0.11105101782148313
vn 0.8835182180467331 -0.2507967654868407 0.3955964367898987
vn -0.8489229485903994 0.22125826028146206 -0.47997355095234484
vn -0.6427432330988245 -0.1624420597981082 0.7486612808969207
vn 0.7616487634426201 -0.040026716137481995 -0.6467526754034941
vn 0.05208092416674322 -0.9591300498103883 -0.2781314884881971
vn -0.4178400283343989 0.6392800288548169 0.6455468654008732
vn 0.8648147517614221 0.499305862645141 -0.05281193675696668
vn 0.03970842599387526 -0.9930210875500325 -0.11105116202021428
vn 0.9723100597432315 -0.2323981170019206 0.02458176023142692
vn -0.9495564312717443 0.3118565282282292 -0.032986203660091445
vn -0.005916999128662533 -0.003416214106189864 0.9999766590288457
vn -0.19665438684516168 -0.11353956216251174 -0.9738766964860074
vn 0.1432818665938941 -0.5962558038724454 -0.7899046290874575
vn 0.9640634754879538 -0.16307418808998267 0.2097341755863376
vn -0.9470774177648993 0.29423615126218045 -0.128333362966104
vn 0.19665438684516176 0.1135395621625117 0.9738766964860074
vn 0.7284115301041277 0.42055266362944815 -0.5408808555731474
vn 0.4341438535419374 -0.7519492877402766 -0.4960759852065485
vn 0.000004364403217688163 -0.0000011292148659469705 -0.9999999999898386
vn -0.28002115671246663 -0.05288122192026462 0.9585362424872791
vn 0.8601836932397777 0.501628296591413 0.09194055657420032
vn -0.7702111256036053 -0.4446854413438325 -0.45719763806615227
vn -0.48224290539521697 0.8499488544580058 0.2121997290325871
vn 0.5267690578150742 -0.8354097560891951 0.15685948858647564
vn 0.03221366265520867 0.3920158891619807 -0.9193942693876649
vn -0.04361213151492039 -0.9984781041171928 0.03375585257791084
vn 0.42796628103875295 0.3824858197338176 0.8188708445148166
vn -0.9803640143739245 -0.17048222375852826 0.09910706686705512
vn -0.531877809056872 -0.25789723526854497 -0.8065947013672373
vn -0.49053516295558586 0.4838265685719003 0.7247669318119289
vn 0.3657955232954843 -0.002836517047561771 -0.9306909203962516
vn -0.5804138643873195 0.014213368960800336 0.8141975965143614
vn 0.12641757082333013 0.9606522999300274 -0.24731711713158316
vn -0.04373813973968088 -0.99846145621993 0.034083655544688174
vn 0.8520353186152402 -0.027336588804001305 0.5227700514994973
vn -0.9935567600709303 0.09459792513284868 -0.06241952481328335
vn 0.9114966090109993 -0.14013261239793265 -0.3866998612670822
vn -0.8223066472986188 0.11286816079365233 0.5577387884014913
vn -0.011000396712513433 0.7933406459876546 -0.6086785774906639
vn -0.003736639838941458 -0.9975176889983501 0.07031712208349314
vn -0.05601397056767703 -0.006159624315694863 0.9984109845797637
vn -0.1694085135655462 -0.15870797097367462 -0.9726831629471807
vn 0.9913792612170306 -0.11044227329552733 -0.07049584880041375
vn -0.9969173778374041 0.07659877397651883 0.016981448439066463
vn 0.0554785257269851 0.53517193185361 0.8429194128380456
vn -0.05728321587039077 -0.562705273254266 -0.8246704848794992
vn -0.055478599017596095 -0.8412631164988565 0.5377717860483909
vn 0.055478599017594096 0.8412631164988569 -0.5377717860483907
vn 0.7276706198311463 -0.39996844196267806 -0.5572438554784639
vn -0.7276706198311487 0.39996844196267756 0.5572438554784613
vn 0.6837180055403013 0.35780087188014603 0.636009610762133
vn -0.6837180055403042 -0.3578008718801446 -0.6360096107621308
vn -0.05500143574976883 -0.8438031651491729 0.533826807634931
vn 0.05500143574976711 0.8438031651491764 -0.533826807634926
vn 0.6919730237964503 -0.6315292096674453 0.3497773458570598
vn -0.6919730237964483 0.6315292096674463 -0.3497773458570619
vn 0.7196806829550345 0.5652879357934187 -0.4031243781115093
vn -0.7196806829550305 -0.5652879357934227 0.40312437811151064
vn 0.05685990607960534 0.5306791940364942 0.8456633751661445
vn -0.05685990607960678 -0.5306791940364931 -0.8456633751661452
vn 1 -1.6653345369377352e-15 9.436895709313833e-16
vn -1 1.6653345369377353e-16 -1.6653345369377352e-15
vn -6.661338147750937e-16 0.9238795325112881 0.3826834323650864
vn 6.661338147750939e-16 -0.9238795325112881 -0.38268343236508684
vn -9.714451465470122e-17 -0.38268343236508995 0.9238795325112868
vn 9.367506770274758e-17 0.38268343236508984 -0.9238795325112867
vn 0.9063077870366505 0.16172900698309864 -0.39044836208772904
vn -0.9063077870366492 -0.16172900698309953 0.3904483620877316
vn -3.885780586188048e-16 0.9238795325112864 0.3826834323650907
vn 1.609823385706477e-15 -0.923879532511287 -0.3826834323650895
vn 0.42261826174069983 -0.3468289747223938 0.8373192145987591
vn -0.4226182617407004 0.34682897472239443 -0.8373192145987585
vn 0.9063077870366514 -0.16172900698309803 0.3904483620877275
vn -0.9063077870366503 0.16172900698309892 -0.3904483620877297
vn 1.3877787807814457e-15 0.9238795325112865 0.3826834323650905
vn -3.885780586188048e-16 -0.923879532511287 -0.3826834323650893
vn -0.4226182617406992 -0.3468289747223939 0.8373192145987594
vn 0.4226182617407007 0.3468289747223927 -0.8373192145987591
vn 0.9063077870366518 0.16172900698309564 -0.39044836208772715
vn -0.9063077870366507 -0.1617290069830958 0.3904483620877301
vn 1.0880185641326537e-14 0.9238795325112875 0.3826834323650883
vn 4.829470157119432e-15 -0.9238795325112868 -0.38268343236508995
vn 0.42261826174069916 -0.34682897472239377 0.8373192145987592
vn -0.4226182617406947 0.3468289747223931 -0.8373192145987619
vn 0.9063077870366494 -0.1617290069830985 0.39044836208773154
vn -0.9063077870366498 0.16172900698309878 -0.39044836208773076
vn -2.831068712794149e-15 0.9238795325112902 0.3826834323650816
vn 2.942091015256665e-15 -0.9238795325112863 -0.3826834323650911
vn -0.4226182617406889 -0.3468289747223934 0.8373192145987646
vn 0.42261826174068673 0.3468289747223942 -0.8373192145987655
vn 0.9539166113383557 -0.22130170895716583 0.2026540209948631
vn -0.91071214834023 0.37019229469210924 -0.18319674619412218
vn 0.1480167768172751 0.9344929284096912 0.3237499042979083
vn -0.34859450726220975 -0.8636148876987383 -0.3642131179017483
vn -0.9357492734285398 0.2257921043380247 0.27090814475863684
vn 0.2610251566293376 0.2788342166322582 -0.9241846932522226
vn -0.044617775671933375 0.06380339078839264 -0.9969645838333441
vn 0.049729001646021884 -0.069587532844146 0.9963355868721919
vn -0.05300352180371487 0.9964016249501908 0.06613946229765202
vn 0.05224837528624138 -0.9951924900008571 -0.08283728101430138
vn -0.6054996464155895 -0.08473611510525501 0.7913216596223468
vn 0.9975970533088463 0.05579362974860054 -0.041075419766363204
vn -0.4224444461098849 -0.017240956296179732 -0.9062248282721601
vn 0.4299568276450561 -0.03700848120740936 0.9020906266446406
vn -0.24090321910863421 0.9660423272864823 0.0934230213277994
vn 0.23994955369951554 -0.9680594140656982 -0.07269926078152686
vn -0.9975968074565473 -0.055792617866725014 0.04108276456230753
vn 0.8872597283105985 0.22161233901279254 -0.4045468399524117
vn -0.9515621243895669 -0.2709968002775739 -0.14522485209677874
vn 0.9667481529114611 0.19253409911562958 0.16831110931846235
vn -0.2848437796302761 0.9545159871118549 0.08810931593095012
vn 0.24315328946324904 -0.9653787674360663 -0.09444740974120472
vn -0.8872583868703052 -0.22161081906202884 0.4045506146367361
vn 0.16732628764531088 0.14754622565694114 -0.9747984534031789
vn -0.9294978220334371 -0.36878030522630617 -0.005906378949001423
vn 0.9578876714405486 0.2871309541091121 0.0026503008498408314
vn -0.3686762441526695 0.9285465846165722 0.043348208664028894
vn 0.27697471976719096 -0.959844924404874 -0.04452780821113733
vn -0.1673288656348123 -0.14754843728507702 0.9747976761257173
vn -0.0008813911581367355 0.0464857761486522 -0.99891856312989
vn -0.9539166113383556 -0.22130170895716478 0.20265402099486504
vn 0.9107121483402298 0.3701922946921121 -0.18319674619411716
vn -0.1480167768172767 0.9344929284096909 0.3237499042979084
vn 0.3485945072622089 -0.8636148876987386 -0.3642131179017484
vn 0.9357492734285421 0.22579210433803004 0.2709081447586244
vn -0.26102515662933307 0.27883421663225977 -0.9241846932522235
vn 0.929497822033438 -0.36878030522630406 -0.005906378949002202
vn -0.9578876714405488 0.2871309541091121 0.0026503008498406934
vn 0.3686762441526621 0.9285465846165751 0.043348208664029754
vn -0.27697471976720595 -0.9598449244048697 -0.04452780821113793
vn 0.1673288656348152 -0.14754843728507805 0.9747976761257167
vn 0.000881391158139261 0.04648577614865133 -0.99891856312989
vn 0.951562124389568 -0.27099680027757034 -0.1452248520967787
vn -0.9667481529114603 0.19253409911563324 0.1683111093184629
vn 0.2848437796302824 0.9545159871118531 0.08810931593094903
vn -0.24315328946326903 -0.9653787674360618 -0.09444740974120011
vn 0.8872583868703137 -0.22161081906202534 0.40455061463671926
vn -0.16732628764531388 0.14754622565694317 -0.9747984534031783
vn 0.4224444461098851 -0.017240956296181997 -0.9062248282721598
vn -0.4299568276450566 -0.03700848120740796 0.9020906266446405
vn 0.24090321910863122 0.9660423272864826 0.09342302132780428
vn -0.23994955369951843 -0.9680594140656978 -0.07269926078152411
vn 0.9975968074565481 -0.05579261786672453 0.04108276456229188
vn -0.8872597283105982 0.22161233901279215 -0.40454683995241253
vn 0.044617775671933174 0.06380339078839378 -0.9969645838333439
vn -0.046888887813667096 -0.06335105182654413 0.9968891996767083
vn 0.053003521803715536 0.9964016249501905 0.06613946229765513
vn -0.05137381681165709 -0.9934821408876449 -0.10175444306517661
vn 0.8231869214424925 -0.08109065930925002 0.561949817455992
vn -0.9975970533088454 0.05579362974860021 -0.04107541976638621
vn 4.163336342344337e-17 -0.2924017477784127 0.9562955703631224
vn -1.3877787807814457e-17 0.2924017477784118 -0.9562955703631227
vn 6.106226635438361e-16 0.9562955703631226 0.2924017477784122
vn -2.7755575615628914e-16 -0.9562955703631233 -0.29240174777840966
vn -1 2.220446049250313e-16 3.3306690738754696e-16
vn 1 5.551115123125783e-16 -1.582067810090848e-15
usemtl m_b92fcdcc-8881-f1d5-12f3-076059413d06
f 1/1/1 2/2/1 4/3/1 3/4/1
f 6/5/2 2/6/2 1/7/2 5/8/2
f 7/9/3 3/10/3 4/11/3 8/12/3
f 5/13/4 1/14/4 3/15/4 7/16/4
f 6/17/5 8/18/5 4/19/5
f 2/20/6 6/21/6 4/22/6
f 6/23/7 5/24/7 7/25/7 8/26/7
f 10/27/8 9/28/8 11/29/8 12/30/8
f 15/31/9 13/32/9 14/33/9 16/34/9
f 13/35/10 9/36/10 10/37/10 14/38/10
f 12/39/11 11/40/11 15/41/11 16/42/11
f 11/43/12 9/44/12 13/45/12 15/46/12
f 14/47/13 10/48/13 12/49/13 16/50/13
f 20/51/14 18/52/14 17/53/14 19/54/14
f 23/55/15 21/56/15 22/57/15 24/58/15
f 17/59/16 18/60/16 22/61/16 21/62/16
f 20/63/17 19/64/17 23/65/17 24/66/17
f 19/67/18 17/68/18 21/69/18 23/70/18
f 24/71/19 22/72/19 18/73/19 20/74/19
f 28/75/20 26/76/20 25/77/20 27/78/20
f 31/79/21 29/80/21 30/81/21 32/82/21
f 25/83/22 26/84/22 30/85/22 29/86/22
f 28/87/23 27/88/23 31/89/23 32/90/23
f 27/91/24 25/92/24 29/93/24 31/94/24
f 32/95/25 30/96/25 26/97/25 28/98/25
f 36/99/26 34/100/26 33/101/26 35/102/26
f 39/103/27 37/104/27 38/105/27 40/106/27
f 33/107/28 34/108/28 38/109/28 37/110/28
f 36/111/29 35/112/29 39/113/29 40/114/29
f 35/115/30 33/116/30 37/117/30 39/118/30
f 40/119/31 38/120/31 34/121/31 36/122/31
f 44/123/32 42/124/32 41/125/32 43/126/32
f 47/127/33 45/128/33 46/129/33 48/130/33
f 41/131/34 42/132/34 46/133/34 45/134/34
f 44/135/35 43/136/35 47/137/35 48/138/35
f 43/139/36 41/140/36 45/141/36 47/142/36
f 48/143/37 46/144/37 42/145/37 44/146/37
f 52/147/38 50/148/38 49/149/38 51/150/38
f 55/151/39 53/152/39 54/153/39 56/154/39
f 49/155/40 50/156/40 54/157/40 53/158/40
f 52/159/41 51/160/41 55/161/41 56/162/41
f 51/163/42 49/164/42 53/165/42 55/166/42
f 56/167/43 54/168/43 50/169/43 52/170/43
f 60/171/44 58/172/44 57/173/44 59/174/44
f 63/175/45 61/176/45 62/177/45 64/178/45
f 57/179/46 58/180/46 62/181/46 61/182/46
f 60/183/47 59/184/47 63/185/47 64/186/47
f 59/187/48 57/188/48 61/189/48 63/190/48
f 64/191/49 62/192/49 58/193/49 60/194/49
f 68/195/50 66/196/50 65/197/50 67/198/50
f 71/199/51 69/200/51 70/201/51 72/202/51
f 65/203/52 66/204/52 70/205/52 69/206/52
f 68/207/53 67/208/53 71/209/53 72/210/53
f 67/211/54 65/212/54 69/213/54 71/214/54
f 72/215/55 70/216/55 66/217/55 68/218/55
f 77/219/56 73/220/56 75/221/56 79/222/56
f 74/223/57 78/224/57 80/225/57 76/226/57
f 74/227/58 76/228/58 81/229/58 73/230/58
f 75/231/59 73/232/59 81/233/59
f 77/234/60 79/235/60 83/236/60 82/237/60
f 80/238/61 78/239/61 82/240/61 83/241/61
f 74/242/62 73/243/62 82/244/62 78/245/62
f 77/246/63 82/247/63 73/248/63
f 81/249/64 76/250/64 80/251/64 83/252/64
f 75/253/65 81/254/65 83/255/65 79/256/65
f 85/257/66 84/258/66 86/259/66 87/260/66
f 90/261/67 88/262/67 89/263/67 91/264/67
f 88/265/68 84/266/68 85/267/68 89/268/68
f 87/269/69 86/270/69 90/271/69 91/272/69
f 86/273/70 84/274/70 88/275/70 90/276/70
f 89/277/71 85/278/71 87/279/71 91/280/71
f 93/281/72 92/282/72 94/283/72 95/284/72
f 98/285/73 96/286/73 97/287/73 99/288/73
f 96/289/74 92/290/74 93/291/74 97/292/74
f 95/293/75 94/294/75 98/295/75 99/296/75
f 94/297/76 92/298/76 96/299/76 98/300/76
f 97/301/77 93/302/77 95/303/77 99/304/77
f 101/305/78 100/306/78 102/307/78 103/308/78
f 106/309/79 104/310/79 105/311/79 107/312/79
f 104/313/80 100/314/80 101/315/80 105/316/80
f 103/317/81 102/318/81 106/319/81 107/320/81
f 102/321/82 100/322/82 104/323/82 106/324/82
f 105/325/83 101/326/83 103/327/83 107/328/83
f 108/329/84 109/330/84 111/331/84 110/332/84
f 113/333/85 112/334/85 114/335/85 115/336/85
f 113/337/86 109/338/86 108/339/86 112/340/86
f 114/341/87 110/342/87 111/343/87 115/344/87
f 112/345/88 108/346/88 110/347/88 114/348/88
f 109/349/89 113/350/89 115/351/89 111/352/89
f 117/353/90 116/354/90 118/355/90 119/356/90
f 122/357/91 120/358/91 121/359/91 123/360/91
f 120/361/92 116/362/92 117/363/92 121/364/92
f 119/365/93 118/366/93 122/367/93 123/368/93
f 118/369/94 116/370/94 120/371/94 122/372/94
f 121/373/95 117/374/95 119/375/95 123/376/95
f 129/377/96 127/378/96 128/379/96 130/380/96
f 124/381/97 132/382/97 127/383/97 129/384/97
f 128/385/98 125/386/98 126/387/98 130/388/98
f 127/389/99 124/390/99 131/391/99 128/392/99
f 131/393/100 125/394/100 128/395/100
f 125/396/101 131/397/101 132/398/101 126/399/101
f 131/400/102 124/401/102 132/402/102
f 130/403/103 126/404/103 132/405/103 129/406/103
f 133/407/104 134/408/104 136/409/104 135/410/104
f 138/411/105 137/412/105 139/413/105 140/414/105
f 138/415/106 134/416/106 133/417/106 137/418/106
f 139/419/107 135/420/107 136/421/107 140/422/107
f 137/423/108 133/424/108 135/425/108 139/426/108
f 134/427/109 138/428/109 140/429/109 136/430/109
f 141/431/110 142/432/110 144/433/110 143/434/110
f 146/435/111 145/436/111 147/437/111 148/438/111
f 146/439/112 142/440/112 141/441/112 145/442/112
f 147/443/113 143/444/113 144/445/113 148/446/113
f 145/447/114 141/448/114 143/449/114 147/450/114
f 142/451/115 146/452/115 148/453/115 144/454/115
f 150/455/116 149/456/116 151/457/116 152/458/116
f 155/459/117 153/460/117 154/461/117 156/462/117
f 153/463/118 149/464/118 150/465/118 154/466/118
f 152/467/119 151/468/119 155/469/119 156/470/119
f 151/471/120 149/472/120 153/473/120 155/474/120
f 154/475/121 150/476/121 152/477/121 156/478/121
f 161/479/122 159/480/122 160/481/122 162/482/122
f 159/483/123 157/484/123 160/485/123
f 158/486/124 161/487/124 162/488/124
f 158/489/125 157/490/125 159/491/125 161/492/125
f 160/493/126 157/494/126 158/495/126 162/496/126
f 163/497/127 164/498/127 166/499/127 165/500/127
f 168/501/128 164/502/128 163/503/128 167/504/128
f 169/505/129 165/506/129 166/507/129 170/508/129
f 167/509/130 163/510/130 165/511/130 169/512/130
f 164/513/131 168/514/131 170/515/131 166/516/131
f 168/517/132 167/518/132 169/519/132 170/520/132
f 171/521/133 172/522/133 174/523/133 173/524/133
f 176/525/134 175/526/134 177/527/134 178/528/134
f 176/529/135 172/530/135 171/531/135 175/532/135
f 177/533/136 173/534/136 174/535/136 178/536/136
f 175/537/137 171/538/137 173/539/137 177/540/137
f 172/541/138 176/542/138 178/543/138 174/544/138
f 179/545/139 180/546/139 182/547/139 181/548/139
f 184/549/140 183/550/140 185/551/140 186/552/140
f 184/553/141 180/554/141 179/555/141 183/556/141
f 185/557/142 181/558/142 182/559/142 186/560/142
f 183/561/143 179/562/143 181/563/143 185/564/143
f 180/565/144 184/566/144 186/567/144 182/568/144
f 187/569/145 188/570/145 190/571/145 189/572/145
f 192/573/146 191/574/146 193/575/146 194/576/146
f 192/577/147 188/578/147 187/579/147 191/580/147
f 193/581/148 189/582/148 190/583/148 194/584/148
f 191/585/149 187/586/149 189/587/149 193/588/149
f 188/589/150 192/590/150 194/591/150 190/592/150
f 195/593/151 196/594/151 198/595/151 197/596/151
f 200/597/152 199/598/152 201/599/152 202/600/152
f 200/601/153 196/602/153 195/603/153 199/604/153
f 201/605/154 197/606/154 198/607/154 202/608/154
f 199/609/155 195/610/155 197/611/155 201/612/155
f 196/613/156 200/614/156 202/615/156 198/616/156
f 203/617/157 204/618/157 206/619/157 205/620/157
f 208/621/158 207/622/158 209/623/158 210/624/158
f 208/625/159 204/626/159 203/627/159 207/628/159
f 209/629/160 205/630/160 206/631/160 210/632/160
f 207/633/161 203/634/161 205/635/161 209/636/161
f 204/637/162 208/638/162 210/639/162 206/640/162
f 213/641/163 211/642/163 215/643/163 217/644/163
f 218/645/164 216/646/164 212/647/164 214/648/164
f 219/649/165 214/650/165 212/651/165 211/652/165
f 211/653/166 213/654/166 219/655/166
f 221/656/167 217/657/167 215/658/167 220/659/167
f 220/660/168 216/661/168 218/662/168 221/663/168
f 220/664/169 211/665/169 212/666/169 216/667/169
f 220/668/170 215/669/170 211/670/170
f 218/671/171 214/672/171 219/673/171 221/674/171
f 221/675/172 219/676/172 213/677/172 217/678/172
f 224/679/173 222/680/173 223/681/173 225/682/173
f 227/683/174 226/684/174 228/685/174 229/686/174
f 223/687/175 222/688/175 226/689/175 227/690/175
f 228/691/176 224/692/176 225/693/176 229/694/176
f 226/695/177 222/696/177 224/697/177 228/698/177
f 225/699/178 223/700/178 227/701/178 229/702/178
f 232/703/179 230/704/179 231/705/179 233/706/179
f 235/707/180 234/708/180 236/709/180 237/710/180
f 231/711/181 230/712/181 234/713/181 235/714/181
f 236/715/182 232/716/182 233/717/182 237/718/182
f 234/719/183 230/720/183 232/721/183 236/722/183
f 233/723/184 231/724/184 235/725/184 237/726/184
f 240/727/185 238/728/185 239/729/185 241/730/185
f 243/731/186 242/732/186 244/733/186 245/734/186
f 239/735/187 238/736/187 242/737/187 243/738/187
f 244/739/188 240/740/188 241/741/188 245/742/188
f 242/743/189 238/744/189 240/745/189 244/746/189
f 241/747/190 239/748/190 243/749/190 245/750/190
f 249/751/191 247/752/191 246/753/191 248/754/191
f 252/755/192 250/756/192 251/757/192 253/758/192
f 246/759/193 247/760/193 251/761/193 250/762/193
f 249/763/194 248/764/194 252/765/194 253/766/194
f 248/767/195 246/768/195 250/769/195 252/770/195
f 253/771/196 251/772/196 247/773/196 249/774/196
f 256/775/197 254/776/197 255/777/197 257/778/197
f 259/779/198 258/780/198 260/781/198 261/782/198
f 255/783/199 254/784/199 258/785/199 259/786/199
f 260/787/200 256/788/200 257/789/200 261/790/200
f 258/791/201 254/792/201 256/793/201 260/794/201
f 257/795/202 255/796/202 259/797/202 261/798/202
f 266/799/203 265/800/203 267/801/203 268/802/203
f 265/803/204 270/804/204 262/805/204 267/806/204
f 264/807/205 263/808/205 266/809/205 268/810/205
f 269/811/206 262/812/206 265/813/206 266/814/206
f 263/815/207 269/816/207 266/817/207
f 270/818/208 269/819/208 263/820/208 264/821/208
f 262/822/209 269/823/209 270/824/209
f 270/825/210 264/826/210 268/827/210 267/828/210
f 274/829/211 272/830/211 271/831/211 273/832/211
f 277/833/212 275/834/212 276/835/212 278/836/212
f 271/837/213 272/838/213 276/839/213 275/840/213
f 274/841/214 273/842/214 277/843/214 278/844/214
f 273/845/215 271/846/215 275/847/215 277/848/215
f 278/849/216 276/850/216 272/851/216 274/852/216
f 282/853/217 280/854/217 279/855/217 281/856/217
f 285/857/218 283/858/218 284/859/218 286/860/218
f 279/861/219 280/862/219 284/863/219 283/864/219
f 282/865/220 281/866/220 285/867/220 286/868/220
f 281/869/221 279/870/221 283/871/221 285/872/221
f 286/873/222 284/874/222 280/875/222 282/876/222
f 289/877/223 287/878/223 288/879/223 290/880/223
f 292/881/224 291/882/224 293/883/224 294/884/224
f 288/885/225 287/886/225 291/887/225 292/888/225
f 293/889/226 289/890/226 290/891/226 294/892/226
f 291/893/227 287/894/227 289/895/227 293/896/227
f 290/897/228 288/898/228 292/899/228 294/900/228
f 298/901/229 297/902/229 299/903/229 300/904/229
f 295/905/230 297/906/230 298/907/230
f 299/908/231 296/909/231 300/910/231
f 297/911/232 295/912/232 296/913/232 299/914/232
f 296/915/233 295/916/233 298/917/233 300/918/233
f 304/919/234 302/920/234 301/921/234 303/922/234
f 301/923/235 302/924/235 306/925/235 305/926/235
f 304/927/236 303/928/236 307/929/236 308/930/236
f 303/931/237 301/932/237 305/933/237 307/934/237
f 308/935/238 306/936/238 302/937/238 304/938/238
f 307/939/239 305/940/239 306/941/239 308/942/239
f 312/943/240 310/944/240 309/945/240 311/946/240
f 309/947/241 310/948/241 314/949/241 313/950/241
f 312/951/242 311/952/242 315/953/242 316/954/242
f 311/955/243 309/956/243 313/957/243 315/958/243
f 316/959/244 314/960/244 312/961/244
f 314/962/245 310/963/245 312/964/245
f 315/965/246 313/966/246 314/967/246 316/968/246
f 320/969/247 318/970/247 317/971/247 319/972/247
f 323/973/248 321/974/248 322/975/248 324/976/248
f 317/977/249 318/978/249 322/979/249 321/980/249
f 320/981/250 319/982/250 323/983/250 324/984/250
f 319/985/251 317/986/251 321/987/251 323/988/251
f 324/989/252 322/990/252 318/991/252 320/992/252
f 328/993/253 326/994/253 325/995/253 327/996/253
f 331/997/254 329/998/254 330/999/254 332/1000/254
f 325/1001/255 326/1002/255 330/1003/255 329/1004/255
f 328/1005/256 327/1006/256 331/1007/256 332/1008/256
f 327/1009/257 325/1010/257 329/1011/257 331/1012/257
f 332/1013/258 330/1014/258 326/1015/258 328/1016/258
f 336/1017/259 334/1018/259 333/1019/259 335/1020/259
f 339/1021/260 337/1022/260 338/1023/260 340/1024/260
f 333/1025/261 334/1026/261 338/1027/261 337/1028/261
f 336/1029/262 335/1030/262 339/1031/262 340/1032/262
f 335/1033/263 333/1034/263 337/1035/263 339/1036/263
f 340/1037/264 338/1038/264 334/1039/264 336/1040/264
f 344/1041/265 342/1042/265 341/1043/265 343/1044/265
f 347/1045/266 345/1046/266 346/1047/266 348/1048/266
f 341/1049/267 342/1050/267 346/1051/267 345/1052/267
f 344/1053/268 343/1054/268 347/1055/268 348/1056/268
f 343/1057/269 341/1058/269 345/1059/269 347/1060/269
f 348/1061/270 346/1062/270 342/1063/270 344/1064/270
f 352/1065/271 350/1066/271 349/1067/271 351/1068/271
f 355/1069/272 353/1070/272 354/1071/272 356/1072/272
f 349/1073/273 350/1074/273 354/1075/273 353/1076/273
f 352/1077/274 351/1078/274 355/1079/274 356/1080/274
f 351/1081/275 349/1082/275 353/1083/275 355/1084/275
f 356/1085/276 354/1086/276 350/1087/276 352/1088/276
f 360/1089/277 358/1090/277 357/1091/277 359/1092/277
f 363/1093/278 361/1094/278 362/1095/278 364/1096/278
f 357/1097/279 358/1098/279 362/1099/279 361/1100/279
f 360/1101/280 359/1102/280 363/1103/280 364/1104/280
f 359/1105/281 357/1106/281 361/1107/281 363/1108/281
f 364/1109/282 362/1110/282 358/1111/282 360/1112/282
f 368/1113/283 366/1114/283 365/1115/283 367/1116/283
f 371/1117/284 369/1118/284 370/1119/284 372/1120/284
f 365/1121/285 366/1122/285 370/1123/285 369/1124/285
f 368/1125/286 367/1126/286 371/1127/286 372/1128/286
f 367/1129/287 365/1130/287 369/1131/287 371/1132/287
f 372/1133/288 370/1134/288 366/1135/288 368/1136/288
f 376/1137/289 374/1138/289 373/1139/289 375/1140/289
f 379/1141/290 377/1142/290 378/1143/290 380/1144/290
f 373/1145/291 374/1146/291 378/1147/291 377/1148/291
f 376/1149/292 375/1150/292 379/1151/292 380/1152/292
f 375/1153/293 373/1154/293 377/1155/293 379/1156/293
f 380/1157/294 378/1158/294 374/1159/294 376/1160/294
f 384/1161/295 382/1162/295 381/1163/295 383/1164/295
f 387/1165/296 385/1166/296 386/1167/296 388/1168/296
f 381/1169/297 382/1170/297 386/1171/297 385/1172/297
f 384/1173/298 383/1174/298 387/1175/298 388/1176/298
f 383/1177/299 381/1178/299 385/1179/299 387/1180/299
f 388/1181/300 386/1182/300 382/1183/300 384/1184/300
f 392/1185/301 390/1186/301 389/1187/301 391/1188/301
f 395/1189/302 393/1190/302 394/1191/302 396/1192/302
f 389/1193/303 390/1194/303 394/1195/303 393/1196/303
f 392/1197/304 391/1198/304 395/1199/304 396/1200/304
f 391/1201/305 389/1202/305 393/1203/305 395/1204/305
f 396/1205/306 394/1206/306 390/1207/306 392/1208/306
f 400/1209/307 398/1210/307 397/1211/307 399/1212/307
f 403/1213/308 401/1214/308 402/1215/308 404/1216/308
f 397/1217/309 398/1218/309 402/1219/309 401/1220/309
f 400/1221/310 399/1222/310 403/1223/310 404/1224/310
f 399/1225/311 397/1226/311 401/1227/311 403/1228/311
f 404/1229/312 402/1230/312 398/1231/312 400/1232/312
f 405/1233/313 406/1234/313 408/1235/313 407/1236/313
f 410/1237/314 409/1238/314 411/1239/314 412/1240/314
f 410/1241/315 406/1242/315 405/1243/315 409/1244/315
f 411/1245/316 407/1246/316 408/1247/316 412/1248/316
f 409/1249/317 405/1250/317 407/1251/317 411/1252/317
f 406/1253/318 410/1254/318 412/1255/318 408/1256/318
f 413/1257/319 414/1258/319 416/1259/319 415/1260/319
f 418/1261/320 417/1262/320 419/1263/320 420/1264/320
f 418/1265/321 414/1266/321 413/1267/321 417/1268/321
f 419/1269/322 415/1270/322 416/1271/322 420/1272/322
f 417/1273/323 413/1274/323 415/1275/323 419/1276/323
f 414/1277/324 418/1278/324 420/1279/324 416/1280/324
f 421/1281/325 422/1282/325 424/1283/325 423/1284/325
f 426/1285/326 425/1286/326 427/1287/326 428/1288/326
f 426/1289/327 422/1290/327 421/1291/327 425/1292/327
f 427/1293/328 423/1294/328 424/1295/328 428/1296/328
f 425/1297/329 421/1298/329 423/1299/329 427/1300/329
f 422/1301/330 426/1302/330 428/1303/330 424/1304/330
f 429/1305/331 430/1306/331 432/1307/331 431/1308/331
f 434/1309/332 433/1310/332 435/1311/332 436/1312/332
f 434/1313/333 430/1314/333 429/1315/333 433/1316/333
f 435/1317/334 431/1318/334 432/1319/334 436/1320/334
f 433/1321/335 429/1322/335 431/1323/335 435/1324/335
f 430/1325/336 434/1326/336 436/1327/336 432/1328/336
f 437/1329/337 438/1330/337 440/1331/337 439/1332/337
f 442/1333/338 441/1334/338 443/1335/338 444/1336/338
f 442/1337/339 438/1338/339 437/1339/339 441/1340/339
f 443/1341/340 439/1342/340 440/1343/340 444/1344/340
f 441/1345/341 437/1346/341 439/1347/341 443/1348/341
f 438/1349/342 442/1350/342 444/1351/342 440/1352/342
f 448/1353/343 446/1354/343 445/1355/343 447/1356/343
f 451/1357/344 449/1358/344 450/1359/344 452/1360/344
f 445/1361/345 446/1362/345 450/1363/345 449/1364/345
f 448/1365/346 447/1366/346 451/1367/346 452/1368/346
f 447/1369/347 445/1370/347 449/1371/347 451/1372/347
f 452/1373/348 450/1374/348 446/1375/348 448/1376/348
f 456/1377/349 454/1378/349 453/1379/349 455/1380/349
f 459/1381/350 457/1382/350 458/1383/350 460/1384/350
f 453/1385/351 454/1386/351 458/1387/351 457/1388/351
f 456/1389/352 455/1390/352 459/1391/352 460/1392/352
f 455/1393/353 453/1394/353 457/1395/353 459/1396/353
f 460/1397/354 458/1398/354 454/1399/354 456/1400/354
f 464/1401/355 462/1402/355 461/1403/355 463/1404/355
f 467/1405/356 465/1406/356 466/1407/356 468/1408/356
f 461/1409/357 462/1410/357 466/1411/357 465/1412/357
f 464/1413/358 463/1414/358 467/1415/358 468/1416/358
f 463/1417/359 461/1418/359 465/1419/359 467/1420/359
f 468/1421/360 466/1422/360 462/1423/360 464/1424/360
f 472/1425/361 470/1426/361 469/1427/361 471/1428/361
f 475/1429/362 473/1430/362 474/1431/362 476/1432/362
f 469/1433/363 470/1434/363 474/1435/363 473/1436/363
f 472/1437/364 471/1438/364 475/1439/364 476/1440/364
f 471/1441/365 469/1442/365 473/1443/365 475/1444/365
f 476/1445/366 474/1446/366 470/1447/366 472/1448/366
f 480/1449/367 478/1450/367 477/1451/367 479/1452/367
f 483/1453/368 481/1454/368 482/1455/368 484/1456/368
f 477/1457/369 478/1458/369 482/1459/369 481/1460/369
f 480/1461/370 479/1462/370 483/1463/370 484/1464/370
f 479/1465/371 477/1466/371 481/1467/371 483/1468/371
f 484/1469/372 482/1470/372 478/1471/372 480/1472/372
