# Made in Blockbench 5.2.1
mtllib us_veteran_h.mtl

o plane
v -0.08025718046577356 1.8743644507538646 0.51885778961879
v -0.07957965860241824 1.7354354772005003 0.512803024736216
v 0.07599090860241824 1.8751307727995 0.518758225263784
v 0.07666843046577355 1.7362017992461356 0.51270346038121
v 0.3818342150811796 1.953871496245972 0.09024131794959611
v 0.35930623523859034 2.070443080784244 0.09250368450885277
v 0.3801371946399779 1.9571817351793444 -0.09722177825823386
v 0.3576092147973888 2.073753319717616 -0.09495941169897726
v 0.10937499999999999 1.9027618935770052 0.5129238634432693
v 0.10937499999999997 1.9102589757804225 0.3412124503588875
v 0.10937499999999999 1.7076352877992989 0.5044044518484772
v 0.10937499999999999 1.715132370002716 0.3326930387640953
v -0.10937499999999996 1.9027618935770054 0.5129238634432693
v -0.10937499999999997 1.9102589757804227 0.34121245035888753
v -0.10937499999999997 1.707635287799299 0.5044044518484772
v -0.10937499999999997 1.7151323700027161 0.3326930387640953
v -0.3036966845272567 2.0027477156908566 -0.27025194113803563
v -0.0522392769163624 2.04802897146104 -0.3535906628313985
v -0.30165126160064787 1.8328847985266365 -0.34171491311105007
v -0.0625005128583624 1.8633213516666494 -0.44804947063127487
v -0.33557151828489373 2.0064759730529436 -0.30405604190345725
v -0.0625004494531691 2.1062498238995326 -0.3812497294290278
v -0.3292342845922568 1.8383680374775484 -0.364407268437962
v -0.06250022063379022 1.8752801011552471 -0.4769208388085422
v -0.3322052058783254 1.9553682539396224 -0.23162725725738764
v -0.3073596810138825 1.9872264648740954 -0.29481550213145424
v -0.3304940810622324 1.8094526483434294 -0.22626633287778708
v -0.30165153681175383 1.8328854025312287 -0.34171488250152193
v -0.35579121079683856 1.958780371221169 -0.2391809204508879
v -0.3355710645166551 2.0064759123002442 -0.3040560250320008
v -0.3855160731199734 1.8147022778792499 -0.21991319656076658
v -0.3292343885792623 1.8383679986182284 -0.3644073109693716
v -0.3044776452996377 2.02079025675875 -0.09968442379431319
v -0.03308803262444725 2.1222528094275597 -0.14807957890243406
v -0.3044776452996377 1.9387240789296682 -0.2717397436235054
v -0.03308803262444725 2.0401866315984782 -0.32013489873162604
v -0.34672048383029164 2.0775063759814043 -0.13125004887956737
v -0.062499893220057216 2.2000003977920057 -0.15625049601005103
v -0.3355706741793013 2.0064768346624016 -0.30405615038089395
v -0.06249979225484649 2.106721289173781 -0.38144576250043716
v -0.30447764529963767 2.0121083967069895 0.18486749999999996
v -0.033088032624447275 2.1245216549642345 0.1848674999999999
v -0.30447764529963767 2.0121083967069895 -0.13075750000000008
v -0.03308803262444727 2.1245216549642345 -0.13075750000000008
v -0.3467205860243292 2.077506480898818 0.19374999999999992
v -0.0625000966073955 2.2000003704765434 0.18749999999999994
v -0.3467205860243292 2.0775064808988177 -0.1312500000000001
v -0.0625000966073955 2.2000003704765434 -0.1562500000000001
v 0.0007593054281403405 2.134933916297012 0.16550225516555073
v -0.24202899192580551 2.007263125665989 0.16169450739419267
v 0.0009789447207830238 2.006657624993338 0.3518309169024796
v -0.24202899192580554 1.9332690309020635 0.31682635314182495
v 0.0008891868705560571 2.178914249345204 0.1743223595441698
v -0.2804075179676186 2.064794333047216 0.19172596110875456
v 0.0008891868705560553 2.0780132110307603 0.3858657855636684
v -0.27889333116589654 1.9974968431084685 0.3464684671253785
v 0.000978349816290126 2.0066577130298615 0.3518309832474923
v -0.25352652102332907 1.9830116692337512 0.26450837345529726
v 0.0005403504172748026 1.7871401857440918 0.3596255507522701
v -0.2535265210233291 1.7926479141711607 0.25453183179648603
v 0.0008889491877703218 2.078013008868904 0.38586578917925596
v -0.27889342483594853 1.997496448219648 0.3464682191946159
v -0.00028037579276115384 1.7836174757356096 0.42684286193535975
v -0.3333664033497568 1.8124266952365924 0.2901349849702977
v -0.07199313069653973 1.8778815040778556 0.37455164095838545
v -0.3244382197041498 1.8160706605914596 0.26706927420253096
v -0.027569520634054653 1.7120905456796522 0.3655562750724759
v -0.2800146096416648 1.6502797021932558 0.25807390831662136
v -0.08092137296174336 1.874237723841661 0.39761696895614324
v -0.3333664619693535 1.8124268803552648 0.29013460220028875
v -0.036497762899258275 1.7084467654434574 0.38862160307023375
v -0.28894285190686836 1.646635921957061 0.2811392363143792
v -0.34672026535457184 2.077506442823743 -0.13124999999999998
v -0.3467202653545718 2.0775064428237435 0.19374999999999998
v -0.39203730952286203 1.8730944663330074 -0.13124999999999998
v -0.3920373095228619 1.8730944663330071 0.19374999999999998
v -0.28570176490957594 2.0639789669526114 -0.13124999999999998
v -0.2795999148650763 2.062626219365499 0.19374999999999998
v -0.3310188090778662 1.859566990461876 -0.1312500000000001
v -0.3310188090778662 1.8595669904618757 0.19374999999999992
v -0.2804082029663484 2.0647937341377696 0.19172574704912793
v -0.2788940737993747 1.9974959239621657 0.34646835481581295
v -0.33064808327300327 1.8517483523262188 0.09956355460806476
v -0.33336662146579077 1.8124261998577649 0.2901349130144981
v -0.21932514380621643 2.0528877620069768 0.18595013355265666
v -0.21781101463924268 1.9855899518313735 0.3406927413193417
v -0.2695650241128714 1.8398423801954267 0.09378794111159344
v -0.25352685375204453 1.7926477455376122 0.25453180875383435
v -0.335571369032983 2.0064760047785297 -0.3040564456961493
v -0.34672098861584094 2.0775058468992684 -0.1312505058688812
v -0.3855157374081589 1.8147018711615468 -0.2199140631211104
v -0.38719810314924086 1.8894772158011064 -0.04797783226923824
v -0.2801422574513709 1.9906122224698848 -0.29538669822399743
v -0.2818246231924528 2.065387567109444 -0.12345046737212517
v -0.33049372686643463 1.809452660294935 -0.22626679661660942
v -0.32611504398910907 1.8775712436703142 -0.04220221877276675
v 0.3036966845272565 2.002747715690856 -0.2702519411380355
v 0.052239276916362404 2.04802897146104 -0.3535906628313985
v 0.30165126160064776 1.8328847985266363 -0.34171491311105007
v 0.06250051285836242 1.8633213516666494 -0.44804947063127476
v 0.3355715182848936 2.006475973052944 -0.30405604190345725
v 0.0625004494531691 2.106249823899532 -0.3812497294290279
v 0.3292342845922566 1.8383680374775482 -0.364407268437962
v 0.06250022063379024 1.8752801011552471 -0.4769208388085421
v 0.3322052058783253 1.9553682539396224 -0.23162725725738775
v 0.3073596810138824 1.9872264648740952 -0.29481550213145435
v 0.3304940810622323 1.8094526483434294 -0.22626633287778708
v 0.3016515368117537 1.8328854025312287 -0.34171488250152193
v 0.35579121079683845 1.9587803712211693 -0.2391809204508879
v 0.33557106451665486 2.0064759123002442 -0.3040560250320009
v 0.3855160731199734 1.8147022778792496 -0.21991319656076658
v 0.32923438857926224 1.8383679986182284 -0.3644073109693715
v 0.3044776452996377 2.0207902567587506 -0.09968442379431319
v 0.03308803262444725 2.1222528094275597 -0.14807957890243417
v 0.3044776452996376 1.9387240789296685 -0.2717397436235054
v 0.033088032624447254 2.0401866315984782 -0.32013489873162615
v 0.34672048383029164 2.0775063759814043 -0.13125004887956737
v 0.06249989322005721 2.2000003977920057 -0.15625049601005092
v 0.33557067417930114 2.0064768346624016 -0.30405615038089406
v 0.06249979225484649 2.106721289173781 -0.38144576250043705
v 0.30447764529963767 2.01210839670699 0.18486749999999996
v 0.03308803262444727 2.124521654964235 0.18486749999999996
v 0.30447764529963767 2.01210839670699 -0.13075749999999997
v 0.03308803262444727 2.124521654964235 -0.13075749999999997
v 0.3467205860243291 2.0775064808988177 0.19374999999999992
v 0.0625000966073955 2.200000370476543 0.1874999999999999
v 0.3467205860243291 2.0775064808988173 -0.1312500000000001
v 0.06250009660739551 2.200000370476543 -0.1562500000000001
v -0.0007593054281403444 2.134933916297012 0.16550225516555062
v 0.24202899192580557 2.007263125665989 0.16169450739419267
v -0.0009789447207830281 2.006657624993338 0.3518309169024796
v 0.24202899192580554 1.9332690309020633 0.31682635314182495
v -0.0008891868705560571 2.178914249345204 0.1743223595441698
v 0.2804075179676185 2.0647943330472165 0.1917259611087545
v -0.0008891868705560588 2.0780132110307603 0.3858657855636684
v 0.2788933311658965 1.9974968431084685 0.3464684671253785
v -0.0009783498162901222 2.0066577130298615 0.35183098324749223
v 0.253526521023329 1.9830116692337514 0.26450837345529726
v -0.0005403504172747996 1.7871401857440918 0.3596255507522701
v 0.253526521023329 1.7926479141711609 0.2545318317964861
v -0.0008889491877703208 2.078013008868904 0.385865789179256
v 0.2788934248359484 1.997496448219648 0.3464682191946159
v 0.0002803757927611521 1.7836174757356094 0.42684286193535975
v 0.33336640334975676 1.8124266952365926 0.2901349849702977
v 0.07199313069653977 1.8778815040778558 0.37455164095838533
v 0.3244382197041498 1.8160706605914594 0.2670692742025309
v 0.027569520634054646 1.712090545679652 0.36555627507247584
v 0.28001460964166475 1.6502797021932558 0.2580739083166214
v 0.08092137296174337 1.874237723841661 0.39761696895614324
v 0.3333664619693534 1.8124268803552648 0.29013460220028875
v 0.036497762899258275 1.7084467654434572 0.38862160307023363
v 0.2889428519068683 1.6466359219570608 0.2811392363143792
v 0.34672026535457173 2.0775064428237435 -0.13124999999999998
v 0.3467202653545717 2.0775064428237435 0.19374999999999998
v 0.39203730952286187 1.8730944663330074 -0.13124999999999998
v 0.3920373095228618 1.8730944663330071 0.19374999999999998
v 0.28570176490957583 2.063978966952612 -0.13124999999999998
v 0.2795999148650762 2.062626219365499 0.19374999999999992
v 0.33101880907786607 1.859566990461876 -0.13124999999999998
v 0.3310188090778661 1.8595669904618757 0.19374999999999998
v 0.28040820296634833 2.0647937341377696 0.19172574704912798
v 0.2788940737993746 1.997495923962166 0.34646835481581295
v 0.3306480832730032 1.8517483523262188 0.09956355460806476
v 0.33336662146579066 1.8124261998577647 0.290134913014498
v 0.21932514380621648 2.0528877620069768 0.18595013355265666
v 0.21781101463924274 1.9855899518313738 0.34069274131934163
v 0.26956502411287125 1.8398423801954267 0.09378794111159344
v 0.2535268537520444 1.792647745537612 0.2545318087538344
v 0.33557136903298296 2.0064760047785293 -0.3040564456961494
v 0.34672098861584083 2.0775058468992684 -0.13125050586888132
v 0.38551573740815887 1.814701871161547 -0.21991406312111028
v 0.38719810314924086 1.8894772158011066 -0.04797783226923813
v 0.28014225745137084 1.9906122224698848 -0.2953866982239973
v 0.28182462319245266 2.0653875671094446 -0.12345046737212517
v 0.3304937268664345 1.809452660294935 -0.2262667966166092
v 0.32611504398910895 1.8775712436703142 -0.042202218772766864
v 0.0625 1.7979131645147428 0.37768256992756266
v 0.062499999999999986 1.711374276470575 0.36474924645372175
v 0.0625 1.7942179292365024 0.4024079665116106
v 0.06250000000000001 1.7076790411923346 0.3894746430377697
v -0.06249999999999999 1.797913164514743 0.37768256992756266
v -0.06249999999999999 1.711374276470575 0.36474924645372175
v -0.062499999999999986 1.7942179292365024 0.40240796651161065
v -0.062499999999999986 1.7076790411923348 0.38947464303776974
v 0.0625 2.1999999999999997 0.1874999999999999
v 0.062499999999999986 2.2 -0.1562500000000001
v 0.0625 2.1374999999999993 0.1874999999999999
v 0.0625 2.1374999999999997 -0.15625
v -0.062499999999999986 2.2 0.18749999999999994
v -0.062499999999999986 2.2 -0.15625000000000022
v -0.062499999999999986 2.1374999999999997 0.1874999999999999
v -0.06249999999999999 2.1375 -0.1562500000000001
v 0.062499999999999986 2.2 -0.1562500000000001
v 0.0625 2.106720913361009 -0.3814456360496261
v 0.0625 2.1711287646090223 -0.144291142738591
v 0.0625 2.0778496779700313 -0.3694867787882171
v -0.062499999999999986 2.2 -0.15625000000000022
v -0.0625 2.1067209133610096 -0.3814456360496262
v -0.06249999999999999 2.1711287646090223 -0.144291142738591
v -0.0625 2.0778496779700317 -0.3694867787882171
v 0.062499999999999986 2.1062499999999997 -0.38125
v 0.06250000000000001 1.875280116872178 -0.4769208580912726
v 0.062499999999999986 2.094291142738591 -0.3523787646090223
v 0.0625 1.863321259610769 -0.4480496227002948
v -0.062499999999999986 2.10625 -0.38124999999999987
v -0.06249999999999999 1.8752801168721782 -0.4769208580912724
v -0.06249999999999999 2.0942911427385913 -0.3523787646090222
v -0.062499999999999986 1.8633212596107693 -0.4480496227002948
v -0.34778115931547676 2.0689645536258037 0.1843749999999999
v -0.34778115931547676 2.068964553625804 -0.12187500000000007
v -0.3744940970188107 1.9532581084325573 0.18437499999999996
v -0.37449409701881065 1.953258108432557 -0.12187500000000007
v -0.35387097222038444 2.070370497715453 0.1843749999999999
v -0.35387097222038444 2.070370497715453 -0.12187500000000007
v -0.3805839099237184 1.9546640525222065 0.18437499999999996
v -0.38058390992371843 1.9546640525222063 -0.12187500000000018
v 0.3477811593154766 2.0689645536258037 0.18437499999999996
v 0.34778115931547665 2.068964553625804 -0.12187499999999996
v 0.37449409701881053 1.953258108432557 0.18437499999999996
v 0.3744940970188105 1.953258108432557 -0.12187500000000007
v 0.35387097222038427 2.070370497715453 0.18437499999999984
v 0.35387097222038427 2.0703704977154533 -0.12187500000000007
v 0.3805839099237182 1.9546640525222065 0.18437499999999996
v 0.3805839099237182 1.9546640525222063 -0.12187500000000018
v -0.32500000000000007 1.9343749999999997 0.21249999999999997
v -0.32500000000000007 1.9343749999999997 -0.16875000000000007
v -0.325 1.8062499999999997 0.2124999999999999
v -0.32500000000000007 1.8062499999999997 -0.16875000000000007
v -0.4 1.9343749999999997 0.21249999999999986
v -0.4 1.9343749999999997 -0.16875000000000007
v -0.39999999999999997 1.8062499999999997 0.2124999999999999
v -0.4000000000000001 1.8062499999999997 -0.16875000000000007
v -0.3256009278421817 1.9276983438961868 -0.1537576972128485
v -0.307912865430125 1.890446806457521 -0.2783611398079985
v -0.3283491748602819 1.819837803291135 -0.12190175712762286
v -0.3106611124482253 1.782586265852469 -0.24650519972277285
v -0.3937030449499968 1.926669215013429 -0.163117453575923
v -0.37601498253794013 1.8894176775747629 -0.287720896171073
v -0.3964512919680969 1.8188086744083771 -0.13126151349069748
v -0.3787632295560403 1.781557136969711 -0.25586495608584736
v -0.25043872923220994 1.7210776352912998 0.3015887081397453
v -0.3057381240407138 1.9198412289690825 0.22887988293876593
v -0.2576021762385757 1.6764525431534167 0.18504564237145332
v -0.31290157104707966 1.8752161368311993 0.11233681717047389
v -0.334948030333531 1.7021211066836455 0.31404174192727896
v -0.3902474251420348 1.9008847003614284 0.24133291672629953
v -0.34211147733989666 1.6574960145457627 0.19749867615898697
v -0.3974108721484006 1.8562596082235454 0.12478985095800765
v 0.325 1.9343749999999997 0.2124999999999999
v 0.3249999999999999 1.9343749999999997 -0.16875000000000018
v 0.325 1.8062499999999997 0.21249999999999997
v 0.32499999999999996 1.8062499999999997 -0.16875000000000007
v 0.39999999999999986 1.9343749999999997 0.2124999999999999
v 0.3999999999999999 1.9343749999999997 -0.16875000000000018
v 0.3999999999999999 1.8062499999999997 0.2124999999999999
v 0.3999999999999999 1.8062499999999995 -0.16875000000000007
v 0.32560092784218164 1.9276983438961868 -0.1537576972128485
v 0.3079128654301251 1.890446806457521 -0.2783611398079986
v 0.32834917486028187 1.819837803291135 -0.12190175712762308
v 0.31066111244822525 1.782586265852469 -0.24650519972277285
v 0.3937030449499966 1.9266692150134288 -0.163117453575923
v 0.37601498253794 1.8894176775747629 -0.287720896171073
v 0.3964512919680969 1.818808674408377 -0.13126151349069737
v 0.37876322955604014 1.781557136969711 -0.25586495608584736
v 0.2504387292322099 1.7210776352912998 0.30158870813974537
v 0.30573812404071377 1.9198412289690825 0.22887988293876588
v 0.2576021762385757 1.676452543153417 0.18504564237145327
v 0.31290157104707955 1.8752161368311993 0.11233681717047389
v 0.3349480303335309 1.7021211066836455 0.31404174192727896
v 0.3902474251420347 1.9008847003614284 0.24133291672629953
v 0.34211147733989666 1.6574960145457627 0.19749867615898703
v 0.3974108721484005 1.8562596082235452 0.1247898509580076
v 0.140625 1.745807244276413 0.3290545487762962
v 0.140625 1.751636120401686 0.29835297384737397
v 0.14062500000000003 1.623000944560724 0.3057390442752044
v 0.14062499999999997 1.628829820685997 0.2750374693462822
v -0.14062499999999994 1.7458072442764132 0.32905454877629625
v -0.14062499999999997 1.7516361204016861 0.2983529738473739
v -0.14062499999999997 1.6230009445607243 0.3057390442752044
v -0.140625 1.6288298206859975 0.2750374693462822
v 0.0008107058309814227 2.11374083519967 -0.3292007670278084
v 0.0008107058309814253 2.13899271248596 -0.3777091719672424
v 0.1333932273034591 1.9961387023634976 -0.390420562456929
v 0.13339322730345907 2.006960935486194 -0.41120987885954374
v -0.13177181564149623 1.9961387023634978 -0.39042056245692913
v -0.1317718156414962 2.0069609354861937 -0.41120987885954363
v 0.0008102638892431555 1.8910367911734307 -0.4516402620470631
v 0.0008107058309814162 1.9100385059295562 -0.500149094129868
v 0.34557747913515036 1.8752818219898921 -0.3822044861186401
v 0.025141685295908826 1.9219485452752758 -0.49756124346046404
v 0.3428963825000162 1.844548766627369 -0.38718981749350045
v 0.022460588660774747 1.8912154899127527 -0.5025465748353245
v 0.37109455083492976 1.8542626573020027 -0.26635004656741457
v 0.3402711122129826 1.8762751053523017 -0.38547337661804726
v 0.3684134576533067 1.8235296016452403 -0.2713353779856643
v 0.3375900190313595 1.845542049695539 -0.3904587080362969
v -0.34557747913515047 1.8752818219898921 -0.3822044861186401
v -0.025141685295908833 1.9219485452752756 -0.49756124346046426
v -0.3428963825000164 1.844548766627369 -0.38718981749350034
v -0.022460588660774754 1.8912154899127525 -0.5025465748353243
v -0.37109455083492976 1.854262657302003 -0.26635004656741457
v -0.34027111221298273 1.8762751053523017 -0.38547337661804737
v -0.36841345765330663 1.8235296016452403 -0.2713353779856643
v -0.33759001903135966 1.845542049695539 -0.390458708036297
v 0.28279103031984637 1.934689363388543 0.36277708128267516
v 0.25827790115678095 2.08886303406279 0.3561703975863245
v -0.012106710728964243 1.8918339836301985 0.45687803106574937
v -0.0366198398920297 2.046007654304446 0.4502713473693987
v 0.254089776102443 2.0492639192541335 0.3606703300313537
v 0.2496717417076397 2.1226670660065543 0.1713234931316343
v 0.23716187499999997 2.056640624999999 0.3639249999999999
v 0.23274384060519657 2.1300437717524208 0.17457816310028057
v 0.2524350600359173 2.128352188490218 0.17445191593532644
v 0.24980708860857773 2.1222369086856934 -0.1536055679666406
v 0.2352195393889814 2.1357810745794743 0.1744513434115646
v 0.2325915679616418 2.1296657947749487 -0.15360614049040278
v 0.24753522800472622 2.1176913624533147 -0.15044248117669856
v 0.2513134488614807 2.0374076804744656 -0.33699011873900175
v 0.23011562499999993 2.123928125 -0.15347937499999997
v 0.2338938458567546 2.043644443021149 -0.3400270125623033
v 0.24928816347439328 2.0356699614573386 -0.3328866185319139
v 0.20393851389955914 1.8623734164473562 -0.4286544753317961
v 0.07994961525606673 2.1233885104266084 -0.4114294396808603
v 0.034599965681232525 1.9500919654166253 -0.5071972964807429
v -0.35338374665107497 1.6462406586458413 0.10580706696415282
v -0.2681211891867172 1.8100284948595373 0.07324802823337073
v -0.5197822254705633 1.726488216256847 0.07374266701610105
v -0.43451966800620556 1.8902760524705426 0.04118362828531891
v -0.353383746651075 1.6462406586458413 -0.1308070669641529
v -0.2681211891867172 1.8100284948595373 -0.09824802823337075
v -0.5197822254705634 1.726488216256847 -0.09874266701610124
v -0.43451966800620556 1.8902760524705429 -0.0661836282853191
v 0.3533837466510749 1.6462406586458411 0.10580706696415271
v 0.26812118918671707 1.8100284948595375 0.07324802823337068
v 0.5197822254705634 1.726488216256847 0.073742667016101
v 0.43451966800620545 1.8902760524705426 0.04118362828531891
v 0.3533837525836051 1.646240502708971 -0.130807344339417
v 0.26812119511924715 1.8100283389226672 -0.09824830560863496
v 0.5197822314030935 1.7264880603199764 -0.09874294439136522
v 0.4345196739387356 1.8902758965336726 -0.06618390566058319
v -0.007143124434077793 1.6893305818979931 0.4133147287823942
v 0.004582600029086949 1.8100713128102885 0.4434673950754181
v 0.30740954361307987 1.6893305889708627 0.29099192214187236
v 0.31913526807624476 1.8100713198831586 0.32114458843489635
v 0.2845823730311287 1.6746590457622965 0.3400015114498517
v 0.30000773695856736 1.5545384622851581 0.12129370735311185
v 0.3451633480012411 1.8890309508794594 0.2265350769059361
v 0.36058871192867964 1.7689103674023212 0.00782727280919615
v -0.28458237303112877 1.6746590457622963 0.3400015114498517
v -0.3000077369585675 1.5545384622851584 0.12129370735311185
v -0.3451633480012411 1.8890309508794594 0.2265350769059361
v -0.36058871192867975 1.7689103674023212 0.00782727280919615
v 0.007143124434077787 1.689330581897993 0.4133147287823942
v -0.004582600029086949 1.8100713128102888 0.4434673950754181
v -0.30740954361308 1.6893305889708623 0.29099192214187236
v -0.31913526807624476 1.8100713198831586 0.32114458843489635
v 0.006922196673094271 1.739390088153621 0.32568029692815476
v 0.05257930384874829 1.6819160520966205 0.31028017538092434
v 0.006922196673094272 1.7313019929941675 0.3558654789996881
v 0.05257930384874829 1.673827956937167 0.34046535745245765
v -0.05257930384874835 1.6952887091790092 0.3138633680468086
v -0.006922196673094343 1.6378146731220087 0.29846324649957806
v -0.05257930384874836 1.6872006140195555 0.3440485501183419
v -0.00692219667309434 1.6297265779625547 0.32864842857111143
v -0.022097086912079567 2.080035890450675 -0.37924607068456295
v 4.163336342344337e-17 2.0984623379356444 -0.3670498711501311
v 3.491130995403324e-17 2.0616094429657066 -0.3914422702189946
v 0.022097086912079646 2.0800358904506755 -0.37924607068456295
v -0.022097086912079573 2.097283921241677 -0.4053050026241618
v 4.163336342344337e-17 2.1157103687266465 -0.3931088030897302
v 3.469446951953614e-17 2.0788574737567087 -0.41750120215859376
v 0.022097086912079646 2.0972839212416776 -0.4053050026241619
v 0.07954951288348654 2.0039785792309424 -0.39772100273654376
v 0.10164659979556613 2.0224050267159117 -0.38552480320211213
v 0.10164659979556613 1.985552131745973 -0.4099172022709756
v 0.12374368670764575 2.0039785792309424 -0.39772100273654387
v 0.07954951288348654 2.021226610021944 -0.42377993467614294
v 0.10164659979556616 2.0396530575069134 -0.4115837351417111
v 0.10164659979556613 2.0028001625369747 -0.4359761342105747
v 0.12374368670764573 2.021226610021944 -0.42377993467614294
v -0.07954951288348652 2.021226610021944 -0.42377993467614306
v -0.10164659979556613 2.0396530575069134 -0.4115837351417111
v -0.10164659979556612 2.002800162536975 -0.4359761342105746
v -0.12374368670764574 2.021226610021944 -0.42377993467614294
v -0.07954951288348651 2.003978579230942 -0.39772100273654387
v -0.10164659979556614 2.0224050267159117 -0.38552480320211213
v -0.10164659979556612 1.9855521317459732 -0.4099172022709756
v -0.12374368670764573 2.003978579230942 -0.39772100273654376
v -0.0593749999999999 2.055154441782166 -0.3801694318774521
v 0.05937500000000002 2.0551544417821654 -0.380169431877452
v -0.05937499999999991 1.9205855714058024 -0.45323436704220466
v 0.05937500000000002 1.9205855714058027 -0.45323436704220454
v -0.059374999999999914 2.076030137543524 -0.4186176805564129
v 0.05937500000000001 2.0760301375435235 -0.418617680556413
v -0.05937499999999991 1.9414612671671603 -0.4916826157211657
v 0.05937500000000002 1.9414612671671603 -0.4916826157211657
v -0.0749999999999999 1.9511307442958337 -0.43721270529902645
v 0.075 1.9511307442958334 -0.43721270529902645
v -0.07499999999999987 1.8954986019817257 -0.44552698467506724
v 0.07500000000000001 1.8954986019817255 -0.44552698467506713
v -0.0749999999999999 1.9594450236718741 -0.4928448476131341
v 0.07500000000000001 1.9594450236718741 -0.4928448476131343
v -0.0749999999999999 1.903812881357766 -0.501159126989175
v 0.07500000000000001 1.9038128813577657 -0.501159126989175
v 0.19062499999999996 1.9883919135541015 -0.26708713195529865
v 0.190625 2.006280256870652 -0.35911468040351724
v 0.19062499999999996 1.8564857607783218 -0.2927270907090219
v 0.19062499999999996 1.874374104094873 -0.3847546391572403
v -0.18749999999999997 1.9883919135541017 -0.26708713195529865
v -0.18749999999999997 2.006280256870652 -0.35911468040351713
v -0.1875 1.8564857607783218 -0.2927270907090218
v -0.1875 1.8743741040948732 -0.3847546391572404
v 0.19062499999999993 1.9908487499999998 0.3202075
v 0.19062499999999996 1.9908487499999998 0.2577075
v 0.19062499999999996 1.7470987499999997 0.3202075
v 0.19062499999999996 1.7470987499999995 0.25770750000000003
v -0.1875 1.9908487499999998 0.3202075
v -0.1875 1.9908487499999998 0.25770750000000003
v -0.1875 1.7470987499999997 0.3202075
v -0.18749999999999994 1.7470987499999995 0.2577075
v 0.19062499999999996 2.0564737500000003 0.23895749999999988
v 0.19062499999999996 2.05647375 -0.32979249999999993
v 0.190625 1.96897375 0.23895749999999988
v 0.190625 1.96897375 -0.32979250000000004
v -0.18749999999999997 2.0564737500000003 0.23895749999999988
v -0.18749999999999997 2.05647375 -0.32979250000000015
v -0.18749999999999997 1.96897375 0.23895749999999988
v -0.18749999999999997 1.96897375 -0.32979249999999993
v 0.2625218617030732 2.0899765325984845 0.17343749999999997
v 0.2625218617030732 2.0899765325984845 -0.18281250000000004
v 0.26617595930087945 1.8806334214251157 0.17343749999999997
v 0.26617595930087945 1.880633421425116 -0.18281249999999993
v 0.20003138075579885 2.088885757196154 0.17343749999999997
v 0.20003138075579885 2.0888857571961545 -0.18281249999999993
v 0.20368547835360507 1.8795426460227853 0.1734374999999999
v 0.20368547835360507 1.8795426460227855 -0.18281250000000004
v -0.2000313807557988 2.088885757196154 0.1734374999999999
v -0.2000313807557988 2.088885757196154 -0.18281250000000004
v -0.203685478353605 1.8795426460227853 0.1734374999999999
v -0.20368547835360504 1.8795426460227853 -0.18281249999999993
v -0.26252186170307323 2.0899765325984845 0.1734374999999999
v -0.26252186170307323 2.0899765325984845 -0.18281250000000016
v -0.26617595930087956 1.8806334214251157 0.1734374999999999
v -0.26617595930087956 1.8806334214251157 -0.18281250000000004
v 0.04375 1.886975118047197 0.5126787625764387
v 0.04375 1.9099718270281205 0.40894731181994587
v 0.04375 1.710021466756709 0.4734490825501576
v 0.043750000000000004 1.7330181757376326 0.3697176317936648
v -0.04374999999999999 1.886975118047197 0.5126787625764387
v -0.04375 1.9099718270281205 0.4089473118199459
v -0.043750000000000004 1.710021466756709 0.4734490825501576
v -0.04375 1.7330181757376328 0.3697176317936648
v 0.0375 1.729679764477321 0.4714054752669974
v 0.0375 1.7459127355226787 0.3981832747330024
v 0.037500000000000006 1.699170514254823 0.46464173733143166
v 0.0375 1.7154034853001807 0.3914195367974367
v -0.0375 1.7296797644773207 0.4714054752669974
v -0.03749999999999999 1.7459127355226784 0.3981832747330024
v -0.037500000000000006 1.6991705142548228 0.46464173733143166
v -0.0375 1.7154034853001807 0.3914195367974367
v 0.15625 1.8761241655453107 0.5038714173577129
v 0.15625 1.8977681269391213 0.40624181664571957
v 0.15625000000000003 1.7235779144328214 0.47005272767988426
v 0.15625 1.745221875826632 0.372423126967891
v -0.15624999999999994 1.876124165545311 0.5038714173577129
v -0.15624999999999994 1.8977681269391213 0.40624181664571957
v -0.15624999999999997 1.7235779144328214 0.4700527276798843
v -0.15624999999999997 1.745221875826632 0.3724231269678909
v 0.1519028338869734 1.89433686483313 0.4794720687473235
v 0.118418033555028 1.91183372615056 0.400548827615396
v 0.1519028338869734 1.7173832135426426 0.4402423887210424
v 0.11841803355502799 1.7348800748600723 0.3613191475891149
v 0.07106337479223579 1.8870894275764891 0.5121631456106099
v 0.03757857446029044 1.9045862888939193 0.4332399044786825
v 0.0710633747922358 1.7101357762860012 0.47293346558432886
v 0.03757857446029045 1.7276326376034317 0.3940102244524013
v 0.2385165400599065 1.902101976179531 0.4444459149652309
v 0.2050317397279611 1.9195988374969606 0.3655226738333034
v 0.2385165400599065 1.7251483248890431 0.40521623493894976
v 0.2050317397279611 1.742645186206473 0.3262929938070222
v 0.15767708096516891 1.89485453892289 0.4771369918285173
v 0.1241922806332235 1.9123514002403201 0.3982137506965898
v 0.15767708096516891 1.7179008876324022 0.4379073118022362
v 0.12419228063322356 1.7353977489498325 0.3589840706703087
v -0.07106337479223578 1.8870894275764893 0.5121631456106099
v -0.037578574460290434 1.9045862888939196 0.4332399044786825
v -0.07106337479223578 1.7101357762860014 0.47293346558432886
v -0.037578574460290434 1.7276326376034317 0.39401022445240136
v -0.15190283388697337 1.8943368648331298 0.4794720687473235
v -0.118418033555028 1.9118337261505602 0.400548827615396
v -0.15190283388697337 1.7173832135426423 0.4402423887210424
v -0.118418033555028 1.7348800748600726 0.3613191475891149
v -0.15767708096516891 1.8948545389228901 0.4771369918285174
v -0.12419228063322353 1.9123514002403201 0.3982137506965898
v -0.15767708096516891 1.7179008876324022 0.4379073118022362
v -0.12419228063322353 1.7353977489498325 0.35898407067030874
v -0.23851654005990644 1.9021019761795308 0.4444459149652309
v -0.2050317397279611 1.9195988374969608 0.3655226738333034
v -0.2385165400599064 1.725148324889043 0.40521623493894976
v -0.20503173972796104 1.7426451862064731 0.32629299380702226
v -0.06249999999999999 1.913172527336127 -0.5075633204799751
v -0.06249999999999999 1.9354824179916177 -0.552310038560076
v -0.06249999999999999 1.868425809256026 -0.529873211135465
v -0.06249999999999999 1.8907356999115166 -0.5746199292155666
v -0.07500000000000001 1.913172527336127 -0.5075633204799749
v -0.075 1.9354824179916177 -0.5523100385600762
v -0.075 1.868425809256026 -0.5298732111354653
v -0.07500000000000001 1.8907356999115164 -0.5746199292155664
v 0.056249999999999994 1.994283887404381 -0.46013893574091747
v 0.05624999999999999 2.0082275690640623 -0.48810563454098077
v 0.056249999999999994 1.97191052836433 -0.47129388106866277
v 0.05624999999999999 1.9858542100240117 -0.4992605798687263
v -0.056249999999999994 1.994283887404381 -0.46013893574091735
v -0.05624999999999999 2.0082275690640627 -0.48810563454098077
v -0.056249999999999994 1.97191052836433 -0.47129388106866277
v -0.056249999999999994 1.9858542100240117 -0.4992605798687261
v 0.04999999999999999 2.052071909899545 -0.43351895612080205
v 0.049999999999999996 2.0645328183034586 -0.46217708344533726
v 0.04999999999999999 1.9202445242066828 -0.4908391347788065
v 0.04999999999999999 1.9327054326105964 -0.5194972621033415
v -0.05 2.052071909899545 -0.43351895612080205
v -0.049999999999999996 2.064532818303458 -0.46217708344533726
v -0.049999999999999996 1.9202445242066826 -0.4908391347788065
v -0.049999999999999996 1.9327054326105961 -0.5194972621033417
v 0.03853947488244159 2.007545702399681 -0.45287982020222917
v 0.038539474882441596 2.0224987924843782 -0.4872695729916715
v 0.019225912734007377 1.9530347049260506 -0.476581876475228
v 0.01922591273400738 1.9679877950107472 -0.5109716292646703
v -0.020901557386005503 2.025257399140166 -0.4451785552779113
v -0.0209015573860055 2.040210489224863 -0.4795683080673533
v -0.04021511953443972 1.9707464016665353 -0.46888061155091
v -0.040215119534439715 1.985699491751232 -0.5032703643403523
v 0.06875 1.9756004410360537 -0.4593712171394011
v 0.06874999999999999 2.009843271417794 -0.5039973425307832
v 0.06875 1.8764312734996493 -0.5354663957654912
v 0.06875 1.9106741038813897 -0.5800925211568729
v 0.05624999999999999 1.9756004410360537 -0.459371217139401
v 0.056249999999999994 2.009843271417794 -0.503997342530783
v 0.056249999999999974 1.8764312734996493 -0.5354663957654912
v 0.056249999999999994 1.9106741038813897 -0.5800925211568732
v -0.05624999999999998 1.9756004410360537 -0.4593712171394011
v -0.05624999999999999 2.0098432714177945 -0.503997342530783
v -0.05624999999999998 1.8764312734996493 -0.5354663957654909
v -0.05624999999999998 1.9106741038813897 -0.5800925211568732
v -0.06875 1.9756004410360537 -0.459371217139401
v -0.06874999999999999 2.009843271417794 -0.503997342530783
v -0.06875 1.8764312734996493 -0.5354663957654912
v -0.06875 1.9106741038813897 -0.5800925211568729
v 0.0625 1.9159772851620538 -0.49918147474263874
v 0.0625 1.9438646484814166 -0.5551148723427654
v 0.06249999999999997 1.860043887561927 -0.527068838062002
v 0.062499999999999986 1.8879312508812902 -0.5830022356621286
v -0.062499999999999986 1.915977285162054 -0.49918147474263874
v -0.062499999999999986 1.9438646484814168 -0.5551148723427656
v -0.06249999999999999 1.8600438875619272 -0.527068838062002
v -0.06249999999999999 1.8879312508812904 -0.5830022356621288
v 0.04999999999999999 1.921875 -0.4781249999999999
v 0.04999999999999999 1.921875 -0.509375
v 0.05 1.853125 -0.47812500000000013
v 0.04999999999999999 1.853125 -0.509375
v -0.049999999999999996 1.9218749999999998 -0.4781249999999999
v -0.049999999999999996 1.9218749999999998 -0.509375
v -0.049999999999999996 1.8531249999999997 -0.478125
v -0.049999999999999996 1.8531249999999997 -0.509375
v 0.04375 1.8718749999999997 -0.41562500000000013
v 0.04375 1.871875 -0.615625
v 0.04375 1.8593749999999996 -0.415625
v 0.04375 1.8593749999999998 -0.6156250000000002
v 0.031249999999999993 1.8718749999999997 -0.415625
v 0.03125000000000001 1.871875 -0.615625
v 0.031249999999999993 1.8593749999999996 -0.415625
v 0.03125 1.8593749999999996 -0.615625
v -0.03125 1.871875 -0.41562500000000013
v -0.03125 1.871875 -0.6156250000000002
v -0.03125 1.8593749999999998 -0.415625
v -0.031249999999999997 1.8593749999999998 -0.615625
v -0.04374999999999999 1.8718749999999997 -0.415625
v -0.04375 1.871875 -0.615625
v -0.04375 1.8593749999999996 -0.415625
v -0.04374999999999999 1.8593749999999998 -0.6156250000000002
v 0.04999999999999999 1.8781249999999998 -0.5031250000000004
v 0.04999999999999999 1.8781249999999998 -0.6093750000000001
v 0.049999999999999996 1.8093749999999997 -0.5031250000000002
v 0.05 1.8093749999999997 -0.6093749999999999
v -0.049999999999999996 1.8781249999999998 -0.5031249999999999
v -0.049999999999999996 1.8781249999999998 -0.6093749999999999
v -0.04999999999999999 1.8093749999999995 -0.5031250000000002
v -0.04999999999999999 1.8093749999999997 -0.6093750000000001
v 0.03125 1.8718749999999997 -0.6093750000000001
v 0.03125000000000001 1.871875 -0.6218750000000001
v 0.03125 1.8593749999999996 -0.6093750000000001
v 0.03125 1.8593749999999998 -0.6218749999999998
v -0.03125 1.871875 -0.6093750000000001
v -0.03125 1.871875 -0.6218750000000001
v -0.031249999999999997 1.8593749999999998 -0.6093749999999999
v -0.03125 1.8593749999999998 -0.6218749999999998
v 0.062499999999999986 1.8468749999999996 -0.6437499999999999
v 0.0625 1.8156249999999994 -0.6437499999999997
v 0.062499999999999986 1.8468749999999996 -0.5187499999999997
v 0.062499999999999986 1.8156249999999994 -0.5187499999999999
v -0.06249999999999999 1.8468749999999998 -0.6437499999999995
v -0.06249999999999999 1.8156249999999996 -0.6437499999999997
v -0.06249999999999999 1.8468749999999996 -0.5187499999999997
v -0.06249999999999999 1.8156249999999996 -0.5187499999999997
v 0.30292401326948765 1.828125 -0.5622871026695969
v 0.3029240132694876 1.8031249999999996 -0.5622871026695969
v 0.2769350519172677 1.828125 -0.4400186525778712
v 0.2769350519172677 1.8031249999999996 -0.4400186525778712
v 0.003366310544759705 1.8281249999999998 -0.6259600579825358
v 0.0033663105447597043 1.8031249999999994 -0.6259600579825358
v -0.022622650807460204 1.8281249999999998 -0.5036916078908099
v -0.022622650807460204 1.8031249999999994 -0.5036916078908097
v 0.0027471119598265863 1.828125 -0.6272595060501466
v 0.0027471119598265863 1.8031249999999994 -0.6272595060501466
v 0.028736073312046494 1.828125 -0.5049910559584209
v 0.02873607331204649 1.8031249999999994 -0.5049910559584211
v -0.3029240132694877 1.8281249999999998 -0.5622871026695969
v -0.3029240132694877 1.8031249999999994 -0.5622871026695971
v -0.2769350519172678 1.8281249999999998 -0.4400186525778712
v -0.2769350519172678 1.8031249999999994 -0.4400186525778712
v -0.03125 1.809375 -0.3999999999999998
v -0.031249999999999997 1.809375 -0.5249999999999998
v -0.031249999999999997 1.6781250000000003 -0.3999999999999997
v -0.031249999999999993 1.6781250000000003 -0.5249999999999998
v -0.2750000000000001 1.809375 -0.3999999999999999
v -0.275 1.8093750000000002 -0.5249999999999998
v -0.2750000000000001 1.6781250000000003 -0.3999999999999997
v -0.275 1.6781250000000003 -0.5249999999999998
v 0.275 1.809375 -0.3999999999999998
v 0.275 1.809375 -0.5249999999999998
v 0.27499999999999997 1.678125 -0.3999999999999998
v 0.2749999999999999 1.678125 -0.5249999999999998
v 0.03125 1.809375 -0.3999999999999997
v 0.031249999999999993 1.809375 -0.525
v 0.03125000000000001 1.678125 -0.3999999999999998
v 0.03125 1.678125 -0.525
v -0.04375000000000001 1.8031250000000003 -0.3937499999999997
v -0.043750000000000004 1.8031250000000003 -0.6374999999999996
v -0.043750000000000004 1.6906249999999996 -0.3937499999999996
v -0.04375000000000001 1.6906249999999996 -0.6374999999999998
v -0.14375 1.8031250000000003 -0.3937499999999997
v -0.14374999999999996 1.8031250000000003 -0.6374999999999996
v -0.14374999999999996 1.6906249999999996 -0.3937499999999996
v -0.14374999999999996 1.6906249999999996 -0.6374999999999996
v -0.1635317395711198 1.803125 -0.3929969499679542
v -0.21695761497778762 1.803125 -0.6244098403544472
v -0.16353173957111983 1.6906249999999994 -0.3929969499679541
v -0.21695761497778762 1.6906249999999994 -0.6244098403544475
v -0.2609687460496434 1.8031250000000005 -0.3705018445335676
v -0.31439462145631125 1.803125 -0.601914734920061
v -0.2609687460496434 1.6906249999999998 -0.3705018445335676
v -0.31439462145631125 1.6906249999999994 -0.601914734920061
v -0.26020907958797274 1.7948144494468432 -0.5915669372800804
v -0.28129824093271016 1.7948144494468432 -0.6829141308536962
v -0.2128414515745794 1.746200858240268 -0.602502615877441
v -0.23393061291931677 1.746200858240268 -0.6938498094510571
v -0.30757670760136635 1.746200858240268 -0.5806312586827197
v -0.3286658689461038 1.7462008582402677 -0.6719784522563356
v -0.26020907958797307 1.6975872670336933 -0.5915669372800804
v -0.28129824093271044 1.6975872670336931 -0.6829141308536962
v 0.3075767076013663 1.746200858240268 -0.5806312586827197
v 0.32866586894610367 1.746200858240268 -0.6719784522563356
v 0.2602090795879729 1.6975872670336931 -0.5915669372800804
v 0.28129824093271033 1.6975872670336931 -0.682914130853696
v 0.26020907958797274 1.7948144494468432 -0.5915669372800804
v 0.28129824093271016 1.7948144494468432 -0.682914130853696
v 0.21284145157457943 1.746200858240268 -0.602502615877441
v 0.2339306129193168 1.7462008582402677 -0.6938498094510569
v 0.14375 1.8031250000000003 -0.3937499999999996
v 0.14375000000000002 1.8031250000000003 -0.6374999999999996
v 0.14375 1.6906249999999996 -0.3937499999999996
v 0.14375 1.6906249999999996 -0.6374999999999998
v 0.043750000000000004 1.8031250000000003 -0.3937499999999996
v 0.04375 1.8031250000000003 -0.6374999999999998
v 0.043750000000000004 1.6906249999999996 -0.3937499999999996
v 0.043750000000000004 1.6906249999999996 -0.6374999999999996
v 0.09374999999999982 1.795488410597662 -0.615625
v 0.09374999999999982 1.7954884105976623 -0.7093749999999998
v 0.14236359120657494 1.746874819391087 -0.6156249999999995
v 0.1423635912065749 1.746874819391087 -0.709375
v 0.0451364087934247 1.7468748193910868 -0.6156249999999995
v 0.04513640879342469 1.746874819391087 -0.709375
v 0.09374999999999976 1.6982612281845118 -0.615625
v 0.09374999999999976 1.698261228184512 -0.7093749999999998
v 0.2609687460496433 1.8031250000000003 -0.3705018445335675
v 0.31439462145631125 1.803125 -0.6019147349200608
v 0.2609687460496433 1.6906249999999996 -0.3705018445335676
v 0.3143946214563112 1.6906249999999994 -0.6019147349200608
v 0.16353173957111983 1.803125 -0.392996949967954
v 0.2169576149777877 1.803125 -0.6244098403544477
v 0.16353173957111983 1.6906249999999996 -0.392996949967954
v 0.21695761497778768 1.6906249999999994 -0.6244098403544472
v -0.09374996963333092 1.7954884105976618 -0.6156249999999998
v -0.09374996963333092 1.795488410597662 -0.709375
v -0.04513637842675599 1.746874819391087 -0.6156249999999998
v -0.045136378426755996 1.7468748193910872 -0.709375
v -0.14236356083990598 1.7468748193910868 -0.6156249999999998
v -0.14236356083990598 1.7468748193910868 -0.7093749999999998
v -0.09374996963333107 1.6982612281845118 -0.6156249999999998
v -0.09374996963333107 1.6982612281845118 -0.709375
v 0.27226423430905466 2.1045687167305007 0.23284974356920535
v 0.23181761534412768 2.1204472351460266 0.23794936779397008
v 0.255592568242235 2.0664213085583785 0.21940008556961405
v 0.2151459492773081 2.082299826973905 0.22449970979437878
v 0.2716430687448914 2.0840295355236576 0.29187521424665386
v 0.23119644977996456 2.099908053939183 0.2969748384714186
v 0.25497140267807195 2.045882127351535 0.27842555624706267
v 0.214524783713145 2.061760645767061 0.28352518047182734
v 0.22705428218217902 2.1095479756682773 -0.23410660836551522
v 0.267500901147106 2.0936694572527514 -0.2290069841407506
v 0.21038261611535986 2.0714005674961555 -0.22065695036592436
v 0.2508292350802867 2.055522049080629 -0.21555732614115963
v 0.2264331166180159 2.0890087944614333 -0.2931320790429637
v 0.2668797355829428 2.073130276045907 -0.28803245481819906
v 0.20976145055119672 2.0508613862893115 -0.2796824210433728
v 0.2502080695161236 2.034982867873786 -0.274582796818608
v 0.0625 2.229856544662133 0.1950255540913738
v 0.062499999999999986 2.1729839652323495 0.16910722642535886
v 0.062499999999999986 2.1132240701650655 0.45095216152540163
v 0.0625 2.056351490735282 0.42503383385938664
v -0.06249999999999999 2.2298565446621335 0.1950255540913738
v -0.06249999999999998 2.1729839652323495 0.16910722642535891
v -0.062499999999999986 2.113224070165066 0.45095216152540163
v -0.062499999999999986 2.0563514907352825 0.42503383385938664
v 0.08274047148310797 2.1667242378371325 0.34789258639839593
v 0.08871990011381249 2.1722485095651525 0.3345558146703761
v 0.08274047148310797 2.1667242378371325 0.34789258639839593
v 0.08871990011381249 2.1722485095651525 0.3345558146703761
v -0.09048694086275827 2.194182977100893 0.2816013256621571
v -0.08450751223205373 2.199707248828913 0.2682645539341372
v -0.09048694086275827 2.194182977100893 0.2816013256621571
v -0.08450751223205373 2.199707248828913 0.2682645539341372
v 0.09048694086275827 2.1941829771008936 0.2816013256621571
v 0.08450751223205376 2.199707248828913 0.2682645539341373
v 0.09048694086275827 2.1941829771008936 0.2816013256621571
v 0.08450751223205376 2.199707248828913 0.2682645539341373
v -0.08274047148310797 2.1667242378371325 0.34789258639839593
v -0.0887199001138125 2.1722485095651525 0.3345558146703761
v -0.08274047148310797 2.1667242378371325 0.34789258639839593
v -0.0887199001138125 2.1722485095651525 0.3345558146703761
v 0.22427896972657643 2.025411510914942 0.35281694986274365
v 0.23025839835728096 2.030935782642962 0.33948017813472375
v 0.22427896972657643 2.025411510914942 0.35281694986274365
v 0.23025839835728096 2.030935782642962 0.33948017813472375
v 0.08273241332825033 2.166620096453119 0.34784626157209275
v 0.08871184195895486 2.172144368181139 0.3345094898440729
v 0.08273241332825033 2.166620096453119 0.34784626157209275
v 0.08871184195895486 2.172144368181139 0.3345094898440729
v -0.08273277301264567 2.1666198694242995 0.34784602910411394
v -0.08871220164335021 2.1721441411523195 0.3345092573760941
v -0.08273277301264567 2.1666198694242995 0.34784602910411394
v -0.08871220164335021 2.1721441411523195 0.3345092573760941
v -0.22427932941097173 2.0254112838861227 0.35281671739476483
v -0.2302587580416763 2.030935555614142 0.339479945666745
v -0.22427932941097173 2.0254112838861227 0.35281671739476483
v -0.2302587580416763 2.030935555614142 0.339479945666745
v 0.24302934470570978 2.085746630206104 0.16829438392377127
v 0.23704991607500522 2.0912709019341245 0.15495761219575138
v 0.24302934470570978 2.085746630206104 0.16829438392377127
v 0.23704991607500522 2.0912709019341245 0.15495761219575138
v 0.09050355910864641 2.194158003620233 0.28158348905953
v 0.08452413047794187 2.199682275348253 0.26824671733151007
v 0.09050355910864641 2.194158003620233 0.28158348905953
v 0.08452413047794187 2.199682275348253 0.26824671733151007
v -0.0905035591086464 2.1941580036202333 0.28158348905952996
v -0.08452413047794186 2.199682275348253 0.26824671733151007
v -0.0905035591086464 2.1941580036202333 0.28158348905952996
v -0.08452413047794186 2.199682275348253 0.26824671733151007
v -0.24302934470570972 2.085746630206104 0.16829438392377133
v -0.23704991607500525 2.091270901934124 0.15495761219575144
v -0.24302934470570972 2.085746630206104 0.16829438392377133
v -0.23704991607500525 2.091270901934124 0.15495761219575144
v -0.3071559352605365 1.5609382866687764 -0.2639107285751505
v -0.1309635688631786 1.5443405378747683 -0.325854370365654
v -0.3071559352605365 1.5458456956330098 -0.2598666809954234
v -0.1309635688631786 1.5292479468390017 -0.32181032278592714
v -0.31250000000000006 1.557138125 -0.27809312500000005
v -0.13630763360264217 1.5405403762059917 -0.34003676679050354
v -0.3125 1.5420455339642332 -0.27404907742027296
v -0.13630763360264217 1.525447785170225 -0.33599271921077656
v -0.12561950412371495 1.5632332905793114 -0.31571602152053146
v -0.08157141252437555 1.5590838533808093 -0.3312019319681574
v -0.12561950412371492 1.5179555174720112 -0.30358387878135085
v -0.08157141252437554 1.5138060802735092 -0.31906978922897666
v -0.13630763360264211 1.5556329672417584 -0.3440808143702304
v -0.09225954200330268 1.5514835300432566 -0.35956672481785623
v -0.13630763360264211 1.5103551941344584 -0.3319486716310498
v -0.09225954200330268 1.5062057569359562 -0.3474345820786756
v -0.29687500000000006 1.605666918605041 -0.09698201649474836
v -0.296875 1.5571383476483183 -0.27809310892394856
v -0.296875 1.590574327569274 -0.0929379689150216
v -0.296875 1.5420457566125516 -0.2740490613442219
v -0.31250000000000006 1.6056669186050412 -0.09698201649474836
v -0.3125 1.5571383476483185 -0.2780931089239487
v -0.3125 1.590574327569274 -0.09293796891502148
v -0.3125 1.5420457566125516 -0.2740490613442217
v -0.27282748000629947 1.7962560258427696 0.09999999999999998
v -0.27282748000629947 1.7962560258427696 -0.1250000000000001
v -0.2524602575957519 1.5847343336897444 0.09999999999999998
v -0.2524602575957518 1.5847343336897444 -0.1250000000000001
v -0.3039336112052738 1.7932608460765125 0.09999999999999992
v -0.3039336112052738 1.7932608460765125 -0.1250000000000001
v -0.2835663887947263 1.581739153923487 0.09999999999999998
v -0.28356638879472623 1.581739153923487 -0.125
v -0.298597565094247 1.7819483863687207 0.07499999999999996
v -0.298597565094247 1.7819483863687207 -0.10000000000000009
v -0.2598725159271657 1.5730067185113805 0.07499999999999996
v -0.25987251592716565 1.5730067185113805 -0.10000000000000009
v -0.37234168316154354 1.7682807219568097 0.07499999999999996
v -0.37234168316154354 1.7682807219568097 -0.09999999999999998
v -0.33361663399446223 1.5593390540994694 0.07499999999999996
v -0.33361663399446223 1.5593390540994694 -0.1000000000000002
v -0.28662395401282026 1.7968214187320515 0.07187499999999997
v -0.28662395401282026 1.7968214187320513 -0.09687500000000016
v -0.29119405439051327 1.7596009380455018 0.07187499999999997
v -0.2911940543905132 1.7596009380455018 -0.09687500000000016
v -0.3672683288336777 1.8067233028837197 0.07187499999999997
v -0.3672683288336777 1.8067233028837197 -0.09687500000000004
v -0.3718384292113707 1.76950282219717 0.07187499999999997
v -0.3718384292113707 1.76950282219717 -0.09687500000000016
v -0.3235349916943532 1.677435003402843 0.05937500000000001
v -0.3235349916943532 1.677435003402843 -0.08437500000000009
v -0.2954394971881596 1.6078962143103335 0.0593749999999999
v -0.29543949718815965 1.6078962143103337 -0.08437500000000009
v -0.39307378078686206 1.6493395088966496 0.0593749999999999
v -0.3930737807868621 1.6493395088966498 -0.08437499999999998
v -0.36497828628066864 1.5798007198041402 0.059374999999999956
v -0.3649782862806687 1.5798007198041402 -0.08437499999999998
v -0.32698859957654586 1.6692988131029507 0.012499999999999956
v -0.32698859957654597 1.6692988131029505 -0.11562499999999998
v -0.30357568748805136 1.6113498221925266 0.012499999999999956
v -0.3035756874880514 1.6113498221925266 -0.11562500000000009
v -0.37045034275936406 1.6517391290365802 0.012499999999999956
v -0.3704503427593641 1.65173912903658 -0.11562500000000009
v -0.34703743067086956 1.5937901381261557 0.012499999999999956
v -0.3470374306708696 1.5937901381261557 -0.11562500000000009
v -0.3596091130145742 1.7164594121546493 0.05312499999999998
v -0.3596091130145742 1.7164594121546495 -0.07812500000000011
v -0.32604907445449866 1.6997269941630315 0.05312499999999998
v -0.3260490744544986 1.6997269941630315 -0.07812500000000011
v -0.39307394899780984 1.6493393350344974 0.05312499999999998
v -0.39307394899780984 1.6493393350344974 -0.078125
v -0.35951391043773434 1.6326069170428794 0.05312499999999992
v -0.3595139104377343 1.6326069170428796 -0.07812500000000011
v -0.36659470495357593 1.5725634284597256 0.05312499999999992
v -0.366594704953576 1.5725634284597256 -0.07812500000000011
v -0.36397883718817126 1.609972080344469 0.05312499999999998
v -0.3639788371881713 1.6099720803444693 -0.078125
v -0.3229512777547088 1.5695115827334198 0.05312499999999998
v -0.3229512777547087 1.56951158273342 -0.07812500000000011
v -0.3203354099893041 1.6069202346181637 0.05312499999999998
v -0.32033540998930404 1.6069202346181637 -0.07812500000000011
v -0.3045326471585253 1.7994820723163074 0.1062499999999999
v -0.3045326471585253 1.7994820723163076 -0.1312500000000001
v -0.28296735284147473 1.5755179276836924 0.10625000000000001
v -0.2829673528414748 1.5755179276836926 -0.1312500000000001
v -0.3356387783574996 1.7964868925500503 0.10624999999999996
v -0.3356387783574996 1.7964868925500506 -0.1312500000000001
v -0.3140734840404491 1.5725227479174353 0.1062499999999999
v -0.31407348404044916 1.5725227479174353 -0.1312500000000001
v -0.3670638952957722 1.8710945194755484 0.04053300553662931
v -0.36752662468283576 1.92412551011788 -0.012500002232186391
v -0.366601128924153 1.81806353079635 -0.012500003872530918
v -0.36706385831121635 1.8710945214386818 -0.0655330116413464
v -0.4420610401000889 1.8704400951486249 0.04053297937348216
v -0.44252376948715233 1.9234710857909565 -0.012500028395333485
v -0.44159827372846944 1.8174091064694264 -0.012500030035678011
v -0.442061003115533 1.870440097111758 -0.0655330378044936
v 0.30393361120527373 1.7932608460765127 0.09999999999999998
v 0.3039336112052738 1.7932608460765127 -0.1250000000000001
v 0.2835663887947261 1.581739153923487 0.09999999999999992
v 0.2835663887947262 1.581739153923487 -0.125
v 0.2728274800062994 1.7962560258427696 0.09999999999999992
v 0.27282748000629947 1.7962560258427696 -0.1250000000000001
v 0.2524602575957518 1.5847343336897441 0.09999999999999998
v 0.25246025759575186 1.5847343336897441 -0.1250000000000001
v 0.3723416831615435 1.7682807219568097 0.07499999999999996
v 0.3723416831615435 1.7682807219568097 -0.1000000000000002
v 0.3336166339944622 1.5593390540994694 0.07499999999999996
v 0.3336166339944622 1.5593390540994694 -0.10000000000000009
v 0.29859756509424695 1.7819483863687204 0.07499999999999996
v 0.29859756509424695 1.7819483863687204 -0.10000000000000009
v 0.2598725159271656 1.5730067185113807 0.07499999999999996
v 0.25987251592716565 1.5730067185113807 -0.09999999999999998
v 0.36726832883367766 1.8067233028837197 0.07187499999999997
v 0.3672683288336776 1.8067233028837197 -0.09687500000000016
v 0.3718384292113705 1.76950282219717 0.07187500000000002
v 0.3718384292113705 1.7695028221971698 -0.09687500000000004
v 0.2866239540128201 1.7968214187320517 0.07187499999999991
v 0.2866239540128201 1.7968214187320515 -0.09687500000000004
v 0.2911940543905131 1.7596009380455018 0.07187499999999997
v 0.29119405439051316 1.7596009380455018 -0.09687499999999993
v 0.3930737807868621 1.6493395088966496 0.059374999999999956
v 0.39307378078686206 1.6493395088966496 -0.08437500000000009
v 0.3649782862806687 1.57980071980414 0.059374999999999956
v 0.36497828628066864 1.5798007198041402 -0.08437500000000009
v 0.32353499169435307 1.677435003402843 0.059374999999999956
v 0.32353499169435307 1.677435003402843 -0.08437500000000009
v 0.2954394971881596 1.6078962143103337 0.0593749999999999
v 0.2954394971881596 1.6078962143103337 -0.08437500000000009
v 0.37045034275936395 1.65173912903658 0.012499999999999956
v 0.37045034275936395 1.65173912903658 -0.11562499999999998
v 0.3470374306708695 1.5937901381261557 0.012499999999999956
v 0.34703743067086945 1.5937901381261557 -0.1156250000000002
v 0.3269885995765459 1.669298813102951 0.012499999999999956
v 0.32698859957654586 1.6692988131029507 -0.11562500000000009
v 0.30357568748805136 1.6113498221925266 0.012499999999999956
v 0.3035756874880513 1.6113498221925264 -0.11562500000000009
v 0.3930739489978097 1.6493393350344976 0.05312499999999998
v 0.3930739489978097 1.6493393350344976 -0.07812500000000011
v 0.3595139104377342 1.6326069170428796 0.05312499999999998
v 0.3595139104377341 1.6326069170428799 -0.07812500000000011
v 0.3596091130145741 1.7164594121546493 0.05312499999999998
v 0.35960911301457416 1.7164594121546495 -0.078125
v 0.32604907445449854 1.6997269941630315 0.05312499999999998
v 0.3260490744544985 1.6997269941630315 -0.07812500000000011
v 0.32295127775470855 1.56951158273342 0.05312499999999998
v 0.32295127775470855 1.56951158273342 -0.078125
v 0.3203354099893039 1.6069202346181635 0.05312499999999998
v 0.3203354099893039 1.6069202346181635 -0.07812500000000011
v 0.36659470495357593 1.5725634284597256 0.05312499999999992
v 0.3665947049535758 1.5725634284597259 -0.078125
v 0.36397883718817114 1.6099720803444693 0.05312499999999992
v 0.36397883718817114 1.6099720803444695 -0.07812500000000011
v 0.3356387783574995 1.7964868925500503 0.10624999999999996
v 0.3356387783574995 1.7964868925500506 -0.1312500000000001
v 0.31407348404044905 1.572522747917435 0.10624999999999996
v 0.31407348404044905 1.5725227479174353 -0.1312500000000001
v 0.3045326471585252 1.7994820723163074 0.10624999999999996
v 0.3045326471585252 1.7994820723163076 -0.13124999999999998
v 0.28296735284147473 1.5755179276836921 0.10625000000000001
v 0.28296735284147473 1.5755179276836924 -0.1312500000000001
v 0.44206104010008884 1.8704400951486246 0.04053297937348216
v 0.4425237694871523 1.9234710857909565 -0.012500028395333707
v 0.44159827372846944 1.8174091064694264 -0.0125000300356779
v 0.4420610031155328 1.8704400971117583 -0.0655330378044936
v 0.3670638952957722 1.8710945194755482 0.04053300553662931
v 0.36752662468283576 1.92412551011788 -0.012500002232186391
v 0.36660112892415286 1.81806353079635 -0.012500003872530918
v 0.3670638583112163 1.8710945214386818 -0.0655330116413465
v -0.12359347858574962 1.7652242685295914 0.39796285039595364
v -0.10827190565564793 1.7652242685295914 0.35698344211633626
v -0.1164774790161249 1.7221389293353073 0.4006234136142568
v -0.10115590608602323 1.722138929335307 0.35964400533463936
v -0.1812461057109208 1.7543712574254082 0.376407416381802
v -0.1659245327808192 1.7543712574254082 0.33542800810218454
v -0.17413010614129615 1.711285918231124 0.3790679796001052
v -0.15880853321119448 1.711285918231124 0.33808857132048775
v 0.18124610571092087 1.754371257425408 0.37640741638180203
v 0.1659245327808192 1.7543712574254082 0.33542800810218465
v 0.17413010614129618 1.711285918231124 0.3790679796001052
v 0.1588085332111945 1.7112859182311242 0.3380885713204878
v 0.12359347858574964 1.7652242685295914 0.3979628503959536
v 0.10827190565564794 1.7652242685295914 0.35698344211633626
v 0.11647747901612492 1.722138929335307 0.4006234136142568
v 0.10115590608602322 1.7221389293353073 0.3596440053346394
v 0.07827202192417128 2.0622112215810904 0.401866744903898
v 0.05060695382407553 1.8769072913326346 0.40917067819306774
v 0.07827202192417128 2.0622112215810904 0.401866744903898
v 0.05060695382407553 1.8769072913326346 0.40917067819306774
v 0.19814429617592447 2.0431377086673645 0.37200307180693226
v 0.17047922807582874 1.8578337784189096 0.3793070050961018
v 0.19814429617592447 2.0431377086673645 0.37200307180693226
v 0.17047922807582874 1.8578337784189096 0.3793070050961018
vt 0.38953488372093026 0.29941860465116277
vt 0.38953488372093026 0.32558139534883723
vt 0.36046511627906974 0.32558139534883723
vt 0.36046511627906974 0.29941860465116277
vt 0.1511627906976744 0.5944767441860466
vt 0.1511627906976744 0.6162790697674418
vt 0.11627906976744186 0.6162790697674418
vt 0.11627906976744186 0.5944767441860466
vt 0.5901162790697675 1
vt 0.5581395348837209 1
vt 0.5581395348837209 0.9636627906976745
vt 0.5901162790697675 0.9636627906976745
vt 0.5901162790697675 0.9055232558139534
vt 0.5901162790697675 0.9418604651162791
vt 0.5581395348837209 0.9418604651162791
vt 0.5581395348837209 0.9055232558139534
vt 0 0.45639534883720934
vt 0.040697674418604654 0.45639534883720934
vt 0.040697674418604654 0.4883720930232558
vt 0 0.4883720930232558
vt 0.45930232558139533 0.45639534883720934
vt 0.45930232558139533 0.4883720930232558
vt 0.4186046511627907 0.4883720930232558
vt 0.4186046511627907 0.45639534883720934
vt 0.3430232558139535 0.498546511627907
vt 0.3430232558139535 0.5348837209302326
vt 0.3023255813953488 0.5348837209302326
vt 0.3023255813953488 0.498546511627907
vt 0.4011627906976744 0.5348837209302326
vt 0.36046511627906974 0.5348837209302326
vt 0.36046511627906974 0.498546511627907
vt 0.4011627906976744 0.498546511627907
vt 0.23285850713964631 0.5784883720930232
vt 0.27150195797663274 0.5784883720930232
vt 0.26875020555806906 0.627906976744186
vt 0.2346205320595018 0.6268724294136134
vt 0.33430232558139533 0.8977167304251212
vt 0.33430232558139533 0.930967849828685
vt 0.27906976744186046 0.9417774458963766
vt 0.2798012634094647 0.8953488372093024
vt 0.2126762903098001 0.2971812617529044
vt 0.262242875676299 0.2906121206290152
vt 0.2654444591966549 0.3023255813953488
vt 0.2098462384777637 0.3023255813953488
vt 0.6337209302325582 0.13323822910456262
vt 0.6337209302325582 0.18225938921653506
vt 0.627906976744186 0.18509524094187868
vt 0.6287816838615787 0.1308139534883721
vt 0.6598837209302325 0.1517584206712872
vt 0.6598837209302325 0.18604651162790697
vt 0.6511627906976745 0.18431299604540496
vt 0.6530001121871992 0.15111926604084813
vt 0.7790697674418605 0.3982558139534884
vt 0.8255815245492392 0.3982558139534884
vt 0.8175442854507329 0.40697674418604646
vt 0.7790697674418605 0.40355980027650007
vt 0.6862936861930669 0.4433139534883721
vt 0.7163225928767006 0.4433139534883721
vt 0.714234285986187 0.45659726880228624
vt 0.688554977205906 0.4651162790697675
vt 0.6330646034922722 0.9020001000635465
vt 0.619521123121917 0.926051315207399
vt 0.6046511627906976 0.9302325581395349
vt 0.6046511627906976 0.8973213913424443
vt 0.00040174418604651255 0.06395348837209303
vt 0.014355232558139537 0.06395348837209303
vt 0.015586627906976742 0.06976744186046513
vt 0.00040174418604651255 0.06758720930232553
vt 0.7121651056371902 0.16717974401915425
vt 0.7345374895238881 0.1642441860465116
vt 0.739152854161493 0.17350939583068237
vt 0.7099750528152512 0.17350939583068237
vt 0.0007421379004429895 0.1533662361550553
vt 0.02748738704171276 0.1581402418655592
vt 0.027406294036987824 0.16279069767441856
vt 0.00012889202805467935 0.16279069767441856
vt 0.8488372093023255 0.39970930232558144
vt 0.8820880037275428 0.39970930232558144
vt 0.8791145532979787 0.4062597085723727
vt 0.8491210147833672 0.40697674418604646
vt 0.4273255813953488 0.8488372093023255
vt 0.4273255813953488 0.8837209302325582
vt 0.37209302325581395 0.8837209302325582
vt 0.37209302325581395 0.8488372093023255
vt 0.07963160329820033 0.7325581395348837
vt 0.1144532418916392 0.7325581395348837
vt 0.1156573035898127 0.7906976744186046
vt 0.07038920803809427 0.7881673676430405
vt 0.6186888575180313 0.4518217749644954
vt 0.6732947818469175 0.44959857399218284
vt 0.6741185821045191 0.4651162790697675
vt 0.6165790923140855 0.4651162790697675
vt 0.14534883720930233 0.35139069767441855
vt 0.14534883720930233 0.40604186046511626
vt 0.1297441860465116 0.40604186046511626
vt 0.12790697674418605 0.35029069767441856
vt 0.7703488372093024 0.5697674418604651
vt 0.7703488372093024 0.6046511627906976
vt 0.7562837209302327 0.603893023255814
vt 0.7558139534883721 0.5697674418604651
vt 0.690406976744186 0.31511591956016083
vt 0.690406976744186 0.36046511627906974
vt 0.6761460954284964 0.35633421867555204
vt 0.6744186046511628 0.32091702091752483
vt 0.19476744186046513 0.7441860465116279
vt 0.19476744186046513 0.8023255813953488
vt 0.13953488372093023 0.8023255813953488
vt 0.13953488372093023 0.7441860465116279
vt 0.05813953488372093 0.8116279069767443
vt 0.05813953488372093 0.872093023255814
vt 0 0.8709302325581395
vt 0 0.8069767441860465
vt 0.6424220930232558 0.9505813953488372
vt 0.6970732558139535 0.9505813953488372
vt 0.6973918604651164 0.9651162790697675
vt 0.6398174418604651 0.9643348837209302
vt 0.6854453488372093 0.743296511627907
vt 0.6307941860465116 0.743296511627907
vt 0.6281895348837209 0.7290476744186046
vt 0.6857639534883722 0.7281976744186047
vt 0.4563953488372093 0.3349755813953489
vt 0.4563953488372093 0.393696511627907
vt 0.4418604651162791 0.39534883720930236
vt 0.4418604651162791 0.33488372093023255
vt 0.30523255813953487 0.33139534883720934
vt 0.30523255813953487 0.39534883720930236
vt 0.29069767441860467 0.3948593023255814
vt 0.29069767441860467 0.3361383720930232
vt 0.39825581395348836 0.7834302325581395
vt 0.39825581395348836 0.8159941860465116
vt 0.3488372093023256 0.8255813953488372
vt 0.35167093023255813 0.7834302325581395
vt 0.35755813953488375 0.8401162790697674
vt 0.35755813953488375 0.8837209302325582
vt 0.3023255813953488 0.8716581395348837
vt 0.30294418604651163 0.8402837209302325
vt 0.6804736062905661 0.42726896396872804
vt 0.6744186046511628 0.37659015344437197
vt 0.6875 0.37368138323892597
vt 0.6875 0.43023255813953487
vt 0.6423381964141249 0.6933139534883721
vt 0.6900086791299148 0.6939265438368751
vt 0.6944801631953081 0.7079386451535457
vt 0.6398221623860872 0.7079386451535457
vt 0.6438953488372093 0.25872093023255816
vt 0.6372790697674419 0.3002848837209302
vt 0.6291872093023256 0.3023255813953488
vt 0.6291872093023256 0.25872093023255816
vt 0.5494186046511628 0.1991279069767442
vt 0.5494186046511628 0.2305228963373046
vt 0.5356947265556071 0.23131336034074212
vt 0.5348837209302325 0.19935737080134808
vt 0.34156976744186046 0.5988372093023255
vt 0.34156976744186046 0.6342918604651162
vt 0.2917674418604651 0.6395348837209303
vt 0.29069767441860467 0.5988372093023255
vt 0.16279069767441862 0.9340947422308167
vt 0.21762066050712572 0.9412864575566651
vt 0.19683860348054033 0.9918407420421353
vt 0.16279069767441862 1
vt 0.4843986553713636 0.3701627137363561
vt 0.47674418604651164 0.320497363619042
vt 0.49273255813953487 0.31874328152061393
vt 0.49273255813953487 0.37209302325581395
vt 0.5581395348837209 0.3034162790697674
vt 0.5581395348837209 0.3545790697674419
vt 0.5465116279069767 0.3592302325581396
vt 0.5465116279069767 0.29215116279069764
vt 0.4107363439543783 0.3008720930232558
vt 0.45138742183275954 0.30506695806815654
vt 0.4636627906976744 0.31316834759759016
vt 0.40836272654104416 0.31316834759759016
vt 0.7108388113351224 0.3226744186046512
vt 0.7482297038621765 0.3226744186046512
vt 0.7427532373280302 0.33720930232558144
vt 0.7096191333471258 0.33342068075796394
vt 0.48255813953488375 0.7354651162790697
vt 0.48255813953488375 0.7674418604651163
vt 0.43023255813953487 0.7674418604651163
vt 0.43023255813953487 0.7354651162790697
vt 0.48255813953488375 0.688953488372093
vt 0.48255813953488375 0.7209302325581395
vt 0.43023255813953487 0.7209302325581395
vt 0.43023255813953487 0.688953488372093
vt 0.5043604651162791 0.08720930232558144
vt 0.5043604651162791 0.13953488372093026
vt 0.5 0.13953488372093026
vt 0.5 0.08720930232558144
vt 0.5276162790697675 0.08720930232558144
vt 0.5276162790697675 0.13953488372093026
vt 0.5232558139534884 0.13953488372093026
vt 0.5232558139534884 0.08720930232558144
vt 0.050872093023255814 0.08430232558139539
vt 0.050872093023255814 0.11627906976744184
vt 0.046511627906976744 0.11627906976744184
vt 0.046511627906976744 0.08430232558139539
vt 0.20203488372093023 0.08430232558139539
vt 0.20203488372093023 0.11627906976744184
vt 0.19767441860465115 0.11627906976744184
vt 0.19767441860465115 0.08430232558139539
vt 0.35174418604651164 0.6584302325581395
vt 0.35174418604651164 0.6976744186046512
vt 0.29069767441860467 0.6976744186046512
vt 0.29069767441860467 0.6584302325581395
vt 0.375 0.9607558139534884
vt 0.375 1
vt 0.313953488372093 1
vt 0.3139767441860465 0.9607558139534884
vt 0.15261627906976744 0.27616279069767447
vt 0.15261627906976744 0.33720930232558144
vt 0.13953488372093023 0.33720930232558144
vt 0.14069767441860465 0.27616279069767447
vt 0.3023255813953488 0.25290697674418605
vt 0.3023255813953488 0.313953488372093
vt 0.29069767441860467 0.313953488372093
vt 0.29069767441860467 0.25290697674418605
vt 0.4883720930232558 0.1933139534883721
vt 0.4883720930232558 0.2325581395348837
vt 0.47674418604651164 0.2325581395348837
vt 0.47674418604651164 0.1933139534883721
vt 0.7792151162790698 0.6933139534883721
vt 0.7803779069767441 0.7325581395348837
vt 0.7675872093023256 0.7325581395348837
vt 0.7675872093023256 0.6933139534883721
vt 0.2800674418604651 0.5209662790697674
vt 0.27603720930232556 0.5581395348837209
vt 0.2446418604651163 0.5581395348837209
vt 0.2446418604651163 0.514043023255814
vt 0.19476744186046513 0.45581395348837217
vt 0.19476744186046513 0.5
vt 0.16279069767441862 0.5
vt 0.16323372093023256 0.46017441860465125
vt 0.06976744186046512 0.6308139534883721
vt 0.06976744186046512 0.6627906976744187
vt 0.05813953488372093 0.6627906976744187
vt 0.05813953488372093 0.6308139534883721
vt 0.20956002342833138 0.27824838602872504
vt 0.20956002342833138 0.24204238410299195
vt 0.22116284945843975 0.24127906976744184
vt 0.22503299982748257 0.2722977336337623
vt 0.6744186046511628 0.20058139534883723
vt 0.6744186046511628 0.2441860465116279
vt 0.6627906976744186 0.2441860465116279
vt 0.6627906976744186 0.20058139534883723
vt 0.5159883720930233 0.2616279069767442
vt 0.5159883720930233 0.30149763134974716
vt 0.5040707213204851 0.302030057670155
vt 0.5 0.26512774553586116
vt 0.2441860465116279 0.4593023255813954
vt 0.2441860465116279 0.49829526100539223
vt 0.20935183469523233 0.49961413243454333
vt 0.20930232558139536 0.45959130368110035
vt 0.5371197674418605 0.9624383720930233
vt 0.5355546511627907 0.9996755813953488
vt 0.5006709302325582 0.9996755813953488
vt 0.5006709302325582 0.9607558139534884
vt 0.2563869212372641 0.22093023255813948
vt 0.22156524033988068 0.22093023255813948
vt 0.2218005910772243 0.2085640063209212
vt 0.256632434078724 0.21013839599411277
vt 0.7797406976744186 0.5
vt 0.8146244186046512 0.5
vt 0.8161895348837209 0.5104023255813953
vt 0.7797406976744186 0.5116279069767442
vt 0.7892441860465116 0.42441860465116277
vt 0.7892441860465116 0.4644737938799456
vt 0.7790697674418605 0.4636067950332279
vt 0.779870787959089 0.4263855470671888
vt 0.5130813953488372 0.2049418604651163
vt 0.5130813953488372 0.24415465116279067
vt 0.5 0.2441860465116279
vt 0.5007430232558139 0.2049418604651163
vt 0.410478488372093 0.6388755813953488
vt 0.360478488372093 0.6388755813953488
vt 0.36260523255813953 0.6002906976744187
vt 0.41132383720930227 0.6047406976744186
vt 0.3371677927156302 0.7703488372093024
vt 0.3263581966479384 0.8252574024407291
vt 0.2931070772443748 0.8252574024407291
vt 0.29073918402855586 0.7710803331769065
vt 0.4883720930232558 0.3023255813953488
vt 0.47674418604651164 0.299123997874993
vt 0.4833133271704008 0.24955741250849395
vt 0.4883720930232558 0.24672736067645762
vt 0.8682347758255996 0.5625
vt 0.865398924100256 0.5685951256931001
vt 0.8163777639882838 0.5685951256931001
vt 0.813953488372093 0.5633747071173927
vt 0.8471472183766497 0.3170849396894936
vt 0.8488807339591519 0.32558139534883723
vt 0.8145926430025321 0.32558139534883723
vt 0.813953488372093 0.31892226117901834
vt 0.42877906976744184 0.2128929934596332
vt 0.4196779171707952 0.22093023255813948
vt 0.4196779171707952 0.17441860465116277
vt 0.4253621258578954 0.17441860465116277
vt 0.7003130801128736 0.5909349489234399
vt 0.6865167468289475 0.5930232558139534
vt 0.6865167468289475 0.5629943491303198
vt 0.7088320903803549 0.5652556401431588
vt 0.19622093023255813 0.6453488372093024
vt 0.19203968730042223 0.6608751242808075
vt 0.16798847215656978 0.6744186046511628
vt 0.16330976343546758 0.6453488372093024
vt 0.9302325581395349 1
vt 0.9314639534883722 0.9941860465116279
vt 0.9447674418604651 0.9941860465116279
vt 0.9447674418604651 0.9978197674418605
vt 0.6133720930232558 0.17307315018345115
vt 0.6046511627906976 0.16845778554584634
vt 0.6075867207633403 0.1460854016591483
vt 0.6133720930232558 0.14389534883720934
vt 0.48607267441860463 0.17441860465116277
vt 0.48142151162790703 0.17441860465116277
vt 0.4771145348837209 0.14759418604651164
vt 0.4865482558139535 0.1471453488372093
vt 0.6816860465116279 0.14793940554053897
vt 0.6759470111478689 0.15116279069767447
vt 0.6745162380960822 0.11773255813953487
vt 0.6811118038254512 0.11773255813953487
vt 0.2180232558139535 0.627906976744186
vt 0.16279069767441862 0.627906976744186
vt 0.16279069767441862 0.5930232558139534
vt 0.2180232558139535 0.5930232558139534
vt 0.2799735069884506 0.8604651162790697
vt 0.22220577412677106 0.8604651162790697
vt 0.22147998138364244 0.8256510424119382
vt 0.27650022005759156 0.8152595944354509
vt 0.6049921081993902 0.6744186046511628
vt 0.6049921081993902 0.6588790624151677
vt 0.6596391557032237 0.658208395963725
vt 0.6624497522657261 0.6713725706656852
vt 0.6200116279069767 0.9990651162790698
vt 0.6048953488372093 0.9990651162790698
vt 0.6048953488372093 0.9444139534883721
vt 0.6218488372093023 0.9433139534883721
vt 0.32834186046511626 0.2434279069767441
vt 0.313953488372093 0.2441860465116279
vt 0.313953488372093 0.2093023255813954
vt 0.3288116279069767 0.2093023255813954
vt 0.7162181193605879 0.7640891041519998
vt 0.7203490169641057 0.7790697674418605
vt 0.6749998202451967 0.7790697674418605
vt 0.6808009216025607 0.7623616133746662
vt 0.055232558139534885 0.7906976744186046
vt 0 0.7906976744186046
vt 0 0.7325581395348837
vt 0.055232558139534885 0.7325581395348837
vt 0.12790697674418605 0.8709302325581395
vt 0.06976744186046512 0.872093023255814
vt 0.06976744186046512 0.8116279069767443
vt 0.12790697674418605 0.8069767441860465
vt 0.2212274723736222 0.39534883720930236
vt 0.2212274723736222 0.3802698895228246
vt 0.27586643459646143 0.37911515943034035
vt 0.2787725276263778 0.39335112043455744
vt 0.057856976744186044 0.3453267441860465
vt 0.05525232558139535 0.35957558139534884
vt 0.0006011627906976779 0.35957558139534884
vt 0.00028255813953488617 0.34447674418604646
vt 0.34011627906976744 0.38372093023255816
vt 0.32558139534883723 0.38206860465116277
vt 0.32558139534883723 0.3233476744186047
vt 0.34011627906976744 0.32325581395348835
vt 0.42151162790697677 0.3948593023255814
vt 0.4069767441860465 0.39534883720930236
vt 0.4069767441860465 0.33139534883720934
vt 0.42151162790697677 0.3361383720930232
vt 0.39896860465116285 0.9418604651162791
vt 0.3488372093023256 0.9322732558139535
vt 0.3488372093023256 0.8997093023255814
vt 0.3961348837209302 0.8997093023255814
vt 0.3466755813953488 0.7437511627906976
vt 0.29140581395348836 0.7558139534883721
vt 0.29140581395348836 0.7122093023255813
vt 0.34605697674418606 0.7123767441860465
vt 0.6744860404566723 0.813953488372093
vt 0.6773948106621183 0.8002321203391851
vt 0.7280736211864745 0.8062871219785884
vt 0.7310372153572812 0.813953488372093
vt 0.11927093023255815 0.3366302325581395
vt 0.10531744186046511 0.33197906976744185
vt 0.10531744186046511 0.2843046511627907
vt 0.11997325581395349 0.28197674418604646
vt 0.6773255813953488 0.3023255813953488
vt 0.669406976744186 0.3002848837209302
vt 0.6627906976744186 0.25872093023255816
vt 0.6773255813953488 0.25872093023255816
vt 0.8008720930232558 0.32203193585793266
vt 0.8000816290198183 0.33603731964761385
vt 0.7686866396592579 0.33603731964761385
vt 0.7689161034838616 0.32122093023255816
vt 0.4117209302325582 0.7674418604651163
vt 0.3617430232558139 0.7621988372093023
vt 0.3617430232558139 0.7267441860465116
vt 0.4127906976744186 0.7267441860465116
vt 0.1982360908793446 0.8513109662292285
vt 0.14768180639387438 0.872093023255814
vt 0.14049009106802599 0.8168604651162791
vt 0.2063953488372093 0.8168604651162791
vt 0.639964211753172 1
vt 0.6417182938516001 0.9839070506472802
vt 0.6913836439689143 0.9915615199721322
vt 0.6933139534883721 1
vt 0.7188593027337514 0.9186046511627907
vt 0.7142063259107393 0.9302325581395349
vt 0.6630435358357066 0.9302325581395349
vt 0.6517802321499695 0.9186046511627907
vt 0.6162790697674418 0.30093959904035117
vt 0.6088460278355983 0.2886642301754363
vt 0.6046511627906976 0.24801315229705512
vt 0.6162790697674418 0.24563953488372092
vt 0.45771866265356104 0.2868663351504017
vt 0.4419906396720204 0.2906976744186046
vt 0.44595295667293117 0.25290697674418605
vt 0.457462598268066 0.25290697674418605
vt 0.48255813953488375 0.6744186046511628
vt 0.43023255813953487 0.6744186046511628
vt 0.43023255813953487 0.6424418604651163
vt 0.48255813953488375 0.6424418604651163
vt 0.48255813953488375 0.627906976744186
vt 0.43023255813953487 0.627906976744186
vt 0.43023255813953487 0.5959302325581395
vt 0.48255813953488375 0.5959302325581395
vt 0.5508720930232558 0.13953488372093026
vt 0.5465116279069767 0.13953488372093026
vt 0.5465116279069767 0.08720930232558144
vt 0.5508720930232558 0.08720930232558144
vt 0.748546511627907 0.13953488372093026
vt 0.7441860465116279 0.13953488372093026
vt 0.7441860465116279 0.08720930232558144
vt 0.748546511627907 0.08720930232558144
vt 0.22529069767441862 0.11627906976744184
vt 0.22093023255813954 0.11627906976744184
vt 0.22093023255813954 0.08430232558139539
vt 0.22529069767441862 0.08430232558139539
vt 0.8880813953488372 0.7790697674418605
vt 0.8837209302325582 0.7790697674418605
vt 0.8837209302325582 0.747093023255814
vt 0.8880813953488372 0.747093023255814
vt 0.2703488372093023 0.686046511627907
vt 0.20930232558139536 0.686046511627907
vt 0.20930232558139536 0.6468023255813953
vt 0.2703488372093023 0.6468023255813953
vt 0.14215697674418604 0.6744186046511628
vt 0.08168023255813953 0.6744186046511628
vt 0.08168023255813953 0.6351744186046512
vt 0.14213372093023255 0.6351744186046512
vt 0.1873546511627907 0.33720930232558144
vt 0.1745639534883721 0.33720930232558144
vt 0.1745639534883721 0.27616279069767447
vt 0.18619186046511627 0.27616279069767447
vt 0.6976744186046512 0.6744186046511628
vt 0.686046511627907 0.6744186046511628
vt 0.686046511627907 0.6133720930232558
vt 0.6976744186046512 0.6133720930232558
vt 0.6162790697674418 0.2325581395348837
vt 0.6046511627906976 0.2325581395348837
vt 0.6046511627906976 0.1933139534883721
vt 0.6162790697674418 0.1933139534883721
vt 0.6409883720930233 0.2441860465116279
vt 0.627906976744186 0.2441860465116279
vt 0.6290697674418605 0.2049418604651163
vt 0.6409883720930233 0.2049418604651163
vt 0.46511627906976744 0.5465116279069768
vt 0.43426279069767443 0.5465116279069768
vt 0.43023255813953487 0.5093383720930232
vt 0.46511627906976744 0.5024151162790698
vt 0.5316860465116279 0.7674418604651163
vt 0.5002906976744186 0.7674418604651163
vt 0.5002906976744186 0.7232558139534884
vt 0.531243023255814 0.7276162790697674
vt 0.4883720930232558 1
vt 0.47674418604651164 1
vt 0.47674418604651164 0.9680232558139534
vt 0.4883720930232558 0.9680232558139534
vt 0.7097130162879631 0.6356647333518874
vt 0.7104763306235131 0.623546511627907
vt 0.7466823325492463 0.623546511627907
vt 0.7407316801542835 0.6395348837209303
vt 0.7790697674418605 0.7906976744186046
vt 0.7674418604651163 0.7906976744186046
vt 0.7674418604651163 0.747093023255814
vt 0.7790697674418605 0.747093023255814
vt 0.7382243311606589 0.7322683957390899
vt 0.737691904840251 0.7438841067751458
vt 0.6978221804672481 0.7438841067751458
vt 0.701322019026365 0.7281976744186047
vt 0.04050474063587631 0.5698169509743021
vt 0.0391858692067252 0.6046127683519664
vt 0.0001929337827283406 0.6046127683519664
vt 0.00048191188243335145 0.5697674418604651
vt 0.5363372093023255 0.9415360465116279
vt 0.5015651162790697 0.9415360465116279
vt 0.5 0.9042988372093024
vt 0.5363372093023255 0.9026162790697674
vt 0.3491936741763147 0.18604651162790697
vt 0.36156213977717366 0.18604651162790697
vt 0.36089954277127073 0.22089011435229156
vt 0.35010498842616 0.22093023255813948
vt 0.7790697674418605 0.4871465116279069
vt 0.7806348837209303 0.4767441860465116
vt 0.815406976744186 0.4767441860465116
vt 0.815406976744186 0.4883720930232558
vt 0.8069512934420923 0.6162790697674418
vt 0.80781829228881 0.6270913185887377
vt 0.7677631030600272 0.6270913185887377
vt 0.7697300454760533 0.6170800902846704
vt 0.45463434614259957 0.2325581395348837
vt 0.44226686443289354 0.2325581395348837
vt 0.44216797943879577 0.19360477667475662
vt 0.45379236058842837 0.1935752676214434
vt 0.9462209302325582 0.33284883720930236
vt 0.9462209302325582 0.33720930232558144
vt 0.9302325581395349 0.33720930232558144
vt 0.9302325581395349 0.33284883720930236
vt 0.9462209302325582 0.27470930232558144
vt 0.9462209302325582 0.2790697674418605
vt 0.9302325581395349 0.2790697674418605
vt 0.9302325581395349 0.27470930232558144
vt 0.8255813953488372 0.7165697674418605
vt 0.8255813953488372 0.7325581395348837
vt 0.8023255813953488 0.7325581395348837
vt 0.8023255813953488 0.7165697674418605
vt 0.8255813953488372 0.6816860465116279
vt 0.8255813953488372 0.6976744186046512
vt 0.8023255813953488 0.6976744186046512
vt 0.8023255813953488 0.6816860465116279
vt 0.9302325581395349 0.4956395348837209
vt 0.9302325581395349 0.5
vt 0.9069767441860465 0.5
vt 0.9069767441860465 0.4956395348837209
vt 0.9302325581395349 0.4723837209302325
vt 0.9302325581395349 0.4767441860465116
vt 0.9069767441860465 0.4767441860465116
vt 0.9069767441860465 0.4723837209302325
vt 0.7151162790697675 0.8953488372093024
vt 0.7151162790697675 0.9069767441860466
vt 0.6511627906976745 0.9069767441860466
vt 0.6511627906976745 0.8953488372093024
vt 0.7267441860465116 0.5232558139534884
vt 0.7267441860465116 0.5348837209302326
vt 0.6627906976744186 0.5348837209302326
vt 0.6627906976744186 0.5232558139534884
vt 0.11627906976744186 0.4709302325581395
vt 0.11627906976744186 0.5348837209302326
vt 0.09302325581395349 0.5348837209302326
vt 0.09302325581395349 0.4709302325581395
vt 0.1511627906976744 0.4709302325581395
vt 0.1511627906976744 0.5348837209302326
vt 0.12790697674418605 0.5348837209302326
vt 0.12790697674418605 0.4709302325581395
vt 0.7558139534883721 0.6511627906976745
vt 0.7558139534883721 0.6627906976744187
vt 0.7325581395348837 0.6627906976744187
vt 0.7325581395348837 0.6511627906976745
vt 0.8488372093023255 0.7906976744186046
vt 0.8488372093023255 0.8023255813953488
vt 0.8255813953488372 0.8023255813953488
vt 0.8255813953488372 0.7906976744186046
vt 0.8822674418604651 0.9244186046511628
vt 0.8822674418604651 0.9302325581395349
vt 0.8372093023255814 0.9302325581395349
vt 0.8372093023255814 0.9244186046511628
vt 0.8822674418604651 0.9011627906976745
vt 0.8822674418604651 0.9069767441860466
vt 0.8372093023255814 0.9069767441860466
vt 0.8372093023255814 0.9011627906976745
vt 0.5 0.3851744186046512
vt 0.5 0.43023255813953487
vt 0.47674418604651164 0.43023255813953487
vt 0.47674418604651164 0.3851744186046512
vt 0.05813953488372093 0.373546511627907
vt 0.05813953488372093 0.41860465116279066
vt 0.03488372093023256 0.41860465116279066
vt 0.03488372093023256 0.373546511627907
vt 0.26744186046511625 0.11046511627906974
vt 0.26744186046511625 0.11627906976744184
vt 0.2441860465116279 0.11627906976744184
vt 0.2441860465116279 0.11046511627906974
vt 0.9069767441860465 0.563953488372093
vt 0.9069767441860465 0.5697674418604651
vt 0.8837209302325582 0.5697674418604651
vt 0.8837209302325582 0.563953488372093
vt 0.872093023255814 0.7732558139534884
vt 0.872093023255814 0.7790697674418605
vt 0.8255813953488372 0.7790697674418605
vt 0.8255813953488372 0.7732558139534884
vt 0.872093023255814 0.75
vt 0.872093023255814 0.7558139534883721
vt 0.8255813953488372 0.7558139534883721
vt 0.8255813953488372 0.75
vt 0.36046511627906974 0.39534883720930236
vt 0.36046511627906974 0.4418604651162791
vt 0.3372093023255814 0.4418604651162791
vt 0.3372093023255814 0.39534883720930236
vt 0.5930232558139535 0.627906976744186
vt 0.5930232558139535 0.6744186046511628
vt 0.5697674418604651 0.6744186046511628
vt 0.5697674418604651 0.627906976744186
vt 0.9069767441860465 0.5406976744186047
vt 0.9069767441860465 0.5465116279069768
vt 0.8837209302325582 0.5465116279069768
vt 0.8837209302325582 0.5406976744186047
vt 0.9069767441860465 0.34302325581395354
vt 0.9069767441860465 0.34883720930232553
vt 0.8837209302325582 0.34883720930232553
vt 0.8837209302325582 0.34302325581395354
vt 0.35901162790697677 0.4549418604651163
vt 0.35901162790697677 0.4767441860465116
vt 0.3023255813953488 0.4767441860465116
vt 0.3023255813953488 0.4549418604651163
vt 0.5799418604651163 0.5828488372093024
vt 0.5799418604651163 0.6046511627906976
vt 0.5232558139534884 0.6046511627906976
vt 0.5232558139534884 0.5828488372093024
vt 0.2921511627906977 0.013081395348837233
vt 0.2921511627906977 0.06976744186046513
vt 0.29069767441860467 0.06976744186046513
vt 0.29069767441860467 0.013081395348837233
vt 0.31540697674418605 0.013081395348837233
vt 0.31540697674418605 0.06976744186046513
vt 0.313953488372093 0.06976744186046513
vt 0.313953488372093 0.013081395348837233
vt 0.3851744186046512 0.02470930232558144
vt 0.3851744186046512 0.046511627906976716
vt 0.38372093023255816 0.046511627906976716
vt 0.38372093023255816 0.02470930232558144
vt 0.501453488372093 0.02470930232558144
vt 0.501453488372093 0.046511627906976716
vt 0.5 0.046511627906976716
vt 0.5 0.02470930232558144
vt 0.3023255813953488 0.4767441860465116
vt 0.35901162790697677 0.4767441860465116
vt 0.35901162790697677 0.4549418604651163
vt 0.3023255813953488 0.4549418604651163
vt 0.5232558139534884 0.6046511627906976
vt 0.5799418604651163 0.6046511627906976
vt 0.5799418604651163 0.5828488372093024
vt 0.5232558139534884 0.5828488372093024
vt 0.29069767441860467 0.06976744186046513
vt 0.2921511627906977 0.06976744186046513
vt 0.2921511627906977 0.013081395348837233
vt 0.29069767441860467 0.013081395348837233
vt 0.3386627906976744 0.06976744186046513
vt 0.3372093023255814 0.06976744186046513
vt 0.3372093023255814 0.013081395348837233
vt 0.3386627906976744 0.013081395348837233
vt 0.38372093023255816 0.046511627906976716
vt 0.3851744186046512 0.046511627906976716
vt 0.3851744186046512 0.02470930232558144
vt 0.38372093023255816 0.02470930232558144
vt 0.5 0.046511627906976716
vt 0.501453488372093 0.046511627906976716
vt 0.501453488372093 0.02470930232558144
vt 0.5 0.02470930232558144
vt 0.501453488372093 0.5581395348837209
vt 0.501453488372093 0.5813953488372092
vt 0.43023255813953487 0.5813953488372092
vt 0.43023255813953487 0.5581395348837209
vt 0.07122093023255814 0.5348837209302326
vt 0.07122093023255814 0.5581395348837209
vt 0 0.5581395348837209
vt 0 0.5348837209302326
vt 0.3866279069767442 0.3473837209302325
vt 0.3866279069767442 0.41860465116279066
vt 0.37209302325581395 0.41860465116279066
vt 0.37209302325581395 0.3473837209302325
vt 0.5959302325581395 0.39389534883720934
vt 0.5959302325581395 0.4651162790697675
vt 0.5813953488372093 0.4651162790697675
vt 0.5813953488372093 0.39389534883720934
vt 0.8284883720930233 0.9767441860465116
vt 0.8284883720930233 1
vt 0.813953488372093 1
vt 0.813953488372093 0.9767441860465116
vt 0.8284883720930233 0.9418604651162791
vt 0.8284883720930233 0.9651162790697675
vt 0.813953488372093 0.9651162790697675
vt 0.813953488372093 0.9418604651162791
vt 0.7688953488372093 0.3517441860465116
vt 0.7688953488372093 0.37209302325581395
vt 0.7441860465116279 0.37209302325581395
vt 0.7441860465116279 0.3517441860465116
vt 0.7921511627906976 0.9331395348837209
vt 0.7921511627906976 0.9534883720930233
vt 0.7674418604651163 0.9534883720930233
vt 0.7674418604651163 0.9331395348837209
vt 0.5130813953488372 0.16133720930232553
vt 0.5130813953488372 0.18604651162790697
vt 0.5 0.18604651162790697
vt 0.5 0.16133720930232553
vt 0.5479651162790697 0.16133720930232553
vt 0.5479651162790697 0.18604651162790697
vt 0.5348837209302325 0.18604651162790697
vt 0.5348837209302325 0.16133720930232553
vt 0.8386627906976745 0.23546511627906974
vt 0.8386627906976745 0.2558139534883721
vt 0.8255813953488372 0.2558139534883721
vt 0.8255813953488372 0.23546511627906974
vt 0.7688953488372093 0.15406976744186052
vt 0.7688953488372093 0.17441860465116277
vt 0.7558139534883721 0.17441860465116277
vt 0.7558139534883721 0.15406976744186052
vt 0.20348837209302326 0.38372093023255816
vt 0.20348837209302326 0.40697674418604646
vt 0.16279069767441862 0.40697674418604646
vt 0.16279069767441862 0.38372093023255816
vt 0.6337209302325582 0.5930232558139534
vt 0.6337209302325582 0.6162790697674418
vt 0.5930232558139535 0.6162790697674418
vt 0.5930232558139535 0.5930232558139534
vt 0.5857558139534884 0.2732558139534884
vt 0.5857558139534884 0.313953488372093
vt 0.5697674418604651 0.313953488372093
vt 0.5697674418604651 0.2732558139534884
vt 0.32994186046511625 0.2616279069767442
vt 0.32994186046511625 0.3023255813953488
vt 0.313953488372093 0.3023255813953488
vt 0.313953488372093 0.2616279069767442
vt 0.32994186046511625 0.17441860465116277
vt 0.32994186046511625 0.19767441860465118
vt 0.313953488372093 0.19767441860465118
vt 0.313953488372093 0.17441860465116277
vt 0.8183139534883721 0.6395348837209303
vt 0.8183139534883721 0.6627906976744187
vt 0.8023255813953488 0.6627906976744187
vt 0.8023255813953488 0.6395348837209303
vt 0.43023255813953487 0.5813953488372092
vt 0.501453488372093 0.5813953488372092
vt 0.501453488372093 0.5581395348837209
vt 0.43023255813953487 0.5581395348837209
vt 0 0.5581395348837209
vt 0.07122093023255814 0.5581395348837209
vt 0.07122093023255814 0.5348837209302326
vt 0 0.5348837209302326
vt 0.37209302325581395 0.41860465116279066
vt 0.3866279069767442 0.41860465116279066
vt 0.3866279069767442 0.3473837209302325
vt 0.37209302325581395 0.3473837209302325
vt 0.5813953488372093 0.4651162790697675
vt 0.5959302325581395 0.4651162790697675
vt 0.5959302325581395 0.39389534883720934
vt 0.5813953488372093 0.39389534883720934
vt 0.813953488372093 1
vt 0.8284883720930233 1
vt 0.8284883720930233 0.9767441860465116
vt 0.813953488372093 0.9767441860465116
vt 0.813953488372093 0.9651162790697675
vt 0.8284883720930233 0.9651162790697675
vt 0.8284883720930233 0.9418604651162791
vt 0.813953488372093 0.9418604651162791
vt 0.7441860465116279 0.37209302325581395
vt 0.7688953488372093 0.37209302325581395
vt 0.7688953488372093 0.3517441860465116
vt 0.7441860465116279 0.3517441860465116
vt 0.7674418604651163 0.9534883720930233
vt 0.7921511627906976 0.9534883720930233
vt 0.7921511627906976 0.9331395348837209
vt 0.7674418604651163 0.9331395348837209
vt 0.5 0.18604651162790697
vt 0.5130813953488372 0.18604651162790697
vt 0.5130813953488372 0.16133720930232553
vt 0.5 0.16133720930232553
vt 0.5348837209302325 0.18604651162790697
vt 0.5479651162790697 0.18604651162790697
vt 0.5479651162790697 0.16133720930232553
vt 0.5348837209302325 0.16133720930232553
vt 0.8255813953488372 0.2558139534883721
vt 0.8386627906976745 0.2558139534883721
vt 0.8386627906976745 0.23546511627906974
vt 0.8255813953488372 0.23546511627906974
vt 0.7558139534883721 0.17441860465116277
vt 0.7688953488372093 0.17441860465116277
vt 0.7688953488372093 0.15406976744186052
vt 0.7558139534883721 0.15406976744186052
vt 0.16279069767441862 0.40697674418604646
vt 0.20348837209302326 0.40697674418604646
vt 0.20348837209302326 0.38372093023255816
vt 0.16279069767441862 0.38372093023255816
vt 0.5930232558139535 0.6162790697674418
vt 0.6337209302325582 0.6162790697674418
vt 0.6337209302325582 0.5930232558139534
vt 0.5930232558139535 0.5930232558139534
vt 0.5697674418604651 0.313953488372093
vt 0.5857558139534884 0.313953488372093
vt 0.5857558139534884 0.2732558139534884
vt 0.5697674418604651 0.2732558139534884
vt 0.313953488372093 0.3023255813953488
vt 0.32994186046511625 0.3023255813953488
vt 0.32994186046511625 0.2616279069767442
vt 0.313953488372093 0.2616279069767442
vt 0.313953488372093 0.19767441860465118
vt 0.32994186046511625 0.19767441860465118
vt 0.32994186046511625 0.17441860465116277
vt 0.313953488372093 0.17441860465116277
vt 0.8023255813953488 0.6627906976744187
vt 0.8183139534883721 0.6627906976744187
vt 0.8183139534883721 0.6395348837209303
vt 0.8023255813953488 0.6395348837209303
vt 0.42441860465116277 0.11627906976744184
vt 0.4186046511627907 0.11627906976744184
vt 0.4186046511627907 0.09302325581395354
vt 0.42441860465116277 0.09302325581395354
vt 0.6337209302325582 0.09302325581395354
vt 0.6337209302325582 0.11627906976744184
vt 0.627906976744186 0.11627906976744184
vt 0.627906976744186 0.09302325581395354
vt 0.813953488372093 0.5406976744186047
vt 0.8662790697674418 0.5406976744186047
vt 0.8662790697674418 0.5465116279069768
vt 0.813953488372093 0.5465116279069768
vt 0.8662790697674418 0.34302325581395354
vt 0.8662790697674418 0.34883720930232553
vt 0.813953488372093 0.34883720930232553
vt 0.813953488372093 0.34302325581395354
vt 0.5872093023255814 0.5465116279069768
vt 0.5872093023255814 0.5697674418604651
vt 0.5348837209302325 0.5697674418604651
vt 0.5348837209302325 0.5465116279069768
vt 0.5872093023255814 0.5348837209302326
vt 0.5348837209302325 0.5348837209302326
vt 0.5348837209302325 0.5116279069767442
vt 0.5872093023255814 0.5116279069767442
vt 0.8066860465116279 0.22093023255813948
vt 0.8125 0.2558139534883721
vt 0.8023255813953488 0.2558139534883721
vt 0.8023255813953488 0.22093023255813948
vt 0.8051729943923303 0.815406976744186
vt 0.8382622867928106 0.8204685870945303
vt 0.8374650840879819 0.8247555585054102
vt 0.8027260853002127 0.8247555585054102
vt 0.26744186046511625 0.9316860465116279
vt 0.26744186046511625 0.9418604651162791
vt 0.23255813953488372 0.936046511627907
vt 0.23255813953488372 0.9316860465116279
vt 0.26262325581395346 0.1642441860465116
vt 0.26698372093023254 0.1642441860465116
vt 0.2659104651162791 0.19697790697674422
vt 0.2562720930232558 0.19767441860465118
vt 0.4069767441860465 0.44185930232558135
vt 0.4069767441860465 0.4767441860465116
vt 0.37209302325581395 0.4767441860465116
vt 0.37355116279069767 0.4433186046511628
vt 0.5578290697674418 0.4536697674418605
vt 0.559593023255814 0.4883720930232558
vt 0.5242279069767442 0.4883720930232558
vt 0.5251837209302326 0.4550558139534884
vt 0.05232558139534884 0.19767441860465118
vt 0.046511627906976744 0.19767441860465118
vt 0.046511627906976744 0.13372093023255816
vt 0.05232558139534884 0.13372093023255816
vt 0.7034883720930233 0.11627906976744184
vt 0.6976744186046512 0.11627906976744184
vt 0.6976744186046512 0.09302325581395354
vt 0.7034883720930233 0.09302325581395354
vt 0.046511627906976744 0.13372093023255816
vt 0.046511627906976744 0.19767441860465118
vt 0.05232558139534884 0.19767441860465118
vt 0.05232558139534884 0.13372093023255816
vt 0.6976744186046512 0.09302325581395354
vt 0.6976744186046512 0.11627906976744184
vt 0.7034883720930233 0.11627906976744184
vt 0.7034883720930233 0.09302325581395354
vt 0.4186046511627907 0.5523255813953488
vt 0.4186046511627907 0.5813953488372092
vt 0.36046511627906974 0.5813953488372092
vt 0.36046511627906974 0.5523255813953488
vt 0.9098837209302325 0.7180232558139534
vt 0.9098837209302325 0.7558139534883721
vt 0.9069767441860465 0.7558139534883721
vt 0.9069767441860465 0.7180232558139534
vt 0.8517441860465116 0.06686046511627908
vt 0.8517441860465116 0.12790697674418605
vt 0.8488372093023255 0.12790697674418605
vt 0.8488372093023255 0.06686046511627908
vt 0.2703488372093023 0.05523255813953487
vt 0.2703488372093023 0.09302325581395354
vt 0.26744186046511625 0.09302325581395354
vt 0.26744186046511625 0.05523255813953487
vt 0.5145348837209303 0.5087209302325582
vt 0.5145348837209303 0.5465116279069768
vt 0.47674418604651164 0.5465116279069768
vt 0.47674418604651164 0.5087209302325582
vt 0.11627906976744186 0.686046511627907
vt 0.11627906976744186 0.7209302325581395
vt 0.08139534883720931 0.7209302325581395
vt 0.08139534883720931 0.686046511627907
vt 0.08139534883720931 0.7209302325581395
vt 0.11627906976744186 0.7209302325581395
vt 0.11627906976744186 0.686046511627907
vt 0.08139534883720931 0.686046511627907
vt 0.08139534883720931 0.7209302325581395
vt 0.11627906976744186 0.7209302325581395
vt 0.11627906976744186 0.686046511627907
vt 0.08139534883720931 0.686046511627907
vt 0.11627906976744186 0.686046511627907
vt 0.11627906976744186 0.7209302325581395
vt 0.08139534883720931 0.7209302325581395
vt 0.08139534883720931 0.686046511627907
vt 0.0625 0.5232558139534884
vt 0 0.5232558139534884
vt 0 0.5
vt 0.0625 0.5
vt 0.046511627906976744 0.6627906976744187
vt 0 0.6627906976744187
vt 0 0.6162790697674418
vt 0.046511627906976744 0.6162790697674418
vt 0 0.6162790697674418
vt 0 0.6627906976744187
vt 0.046511627906976744 0.6627906976744187
vt 0.046511627906976744 0.6162790697674418
vt 0 0.5
vt 0 0.5232558139534884
vt 0.0625 0.5232558139534884
vt 0.0625 0.5
vt 0.04941860465116279 0.06395348837209303
vt 0.04941860465116279 0.06976744186046513
vt 0.03488372093023256 0.06976744186046513
vt 0.03488372093023256 0.06395348837209303
vt 0.9447674418604651 0.9244186046511628
vt 0.9447674418604651 0.9302325581395349
vt 0.9302325581395349 0.9302325581395349
vt 0.9302325581395349 0.9244186046511628
vt 0.08430232558139535 0.1133720930232558
vt 0.08430232558139535 0.12790697674418605
vt 0.06976744186046512 0.12790697674418605
vt 0.06976744186046512 0.1133720930232558
vt 0.8866279069767442 0.8691860465116279
vt 0.8866279069767442 0.8837209302325582
vt 0.872093023255814 0.8837209302325582
vt 0.872093023255814 0.8691860465116279
vt 0.08430232558139535 0.06395348837209303
vt 0.08430232558139535 0.06976744186046513
vt 0.06976744186046512 0.06976744186046513
vt 0.06976744186046512 0.06395348837209303
vt 0.9447674418604651 0.9709302325581395
vt 0.9447674418604651 0.9767441860465116
vt 0.9302325581395349 0.9767441860465116
vt 0.9302325581395349 0.9709302325581395
vt 0.5755813953488372 0.05232558139534882
vt 0.5755813953488372 0.05813953488372092
vt 0.5697674418604651 0.05813953488372092
vt 0.5697674418604651 0.05232558139534882
vt 0.9476744186046512 0.35465116279069764
vt 0.9476744186046512 0.36046511627906974
vt 0.9418604651162791 0.36046511627906974
vt 0.9418604651162791 0.35465116279069764
vt 0.9476744186046512 0.3081395348837209
vt 0.9476744186046512 0.313953488372093
vt 0.9418604651162791 0.313953488372093
vt 0.9418604651162791 0.3081395348837209
vt 0.7267441860465116 0.05232558139534882
vt 0.7267441860465116 0.05813953488372092
vt 0.7209302325581395 0.05813953488372092
vt 0.7209302325581395 0.05232558139534882
vt 0.5988372093023255 0.05232558139534882
vt 0.5988372093023255 0.05813953488372092
vt 0.5930232558139535 0.05813953488372092
vt 0.5930232558139535 0.05232558139534882
vt 0.9476744186046512 0.4825581395348837
vt 0.9476744186046512 0.4883720930232558
vt 0.9418604651162791 0.4883720930232558
vt 0.9418604651162791 0.4825581395348837
vt 0.7965116279069767 0.05232558139534882
vt 0.7965116279069767 0.05813953488372092
vt 0.7906976744186046 0.05813953488372092
vt 0.7906976744186046 0.05232558139534882
vt 0.005813953488372093 0.04069767441860461
vt 0.005813953488372093 0.046511627906976716
vt 0 0.046511627906976716
vt 0 0.04069767441860461
vt 0.029069767441860465 0.04069767441860461
vt 0.029069767441860465 0.046511627906976716
vt 0.023255813953488372 0.046511627906976716
vt 0.023255813953488372 0.04069767441860461
vt 0.05232558139534884 0.04069767441860461
vt 0.05232558139534884 0.046511627906976716
vt 0.046511627906976744 0.046511627906976716
vt 0.046511627906976744 0.04069767441860461
vt 0.9476744186046512 0.06395348837209303
vt 0.9476744186046512 0.06976744186046513
vt 0.9418604651162791 0.06976744186046513
vt 0.9418604651162791 0.06395348837209303
vt 0.7732558139534884 0.05232558139534882
vt 0.7732558139534884 0.05813953488372092
vt 0.7674418604651163 0.05813953488372092
vt 0.7674418604651163 0.05232558139534882
vt 0.09883720930232558 0.04069767441860461
vt 0.09883720930232558 0.046511627906976716
vt 0.09302325581395349 0.046511627906976716
vt 0.09302325581395349 0.04069767441860461
vt 0.12209302325581395 0.04069767441860461
vt 0.12209302325581395 0.046511627906976716
vt 0.11627906976744186 0.046511627906976716
vt 0.11627906976744186 0.04069767441860461
vt 0.14534883720930233 0.04069767441860461
vt 0.14534883720930233 0.046511627906976716
vt 0.13953488372093023 0.046511627906976716
vt 0.13953488372093023 0.04069767441860461
vt 0.19186046511627908 0.04069767441860461
vt 0.19186046511627908 0.046511627906976716
vt 0.18604651162790697 0.046511627906976716
vt 0.18604651162790697 0.04069767441860461
vt 0.9593023255813954 0.9011627906976745
vt 0.9593023255813954 0.9069767441860466
vt 0.9534883720930233 0.9069767441860466
vt 0.9534883720930233 0.9011627906976745
vt 0.0755813953488372 0.04069767441860461
vt 0.0755813953488372 0.046511627906976716
vt 0.06976744186046512 0.046511627906976716
vt 0.06976744186046512 0.04069767441860461
vt 0.7194767441860465 0.2732558139534884
vt 0.7194767441860465 0.3023255813953488
vt 0.6976744186046512 0.3023255813953488
vt 0.6976744186046512 0.2732558139534884
vt 0.7311046511627907 0.9709302325581395
vt 0.7311046511627907 1
vt 0.7093023255813954 1
vt 0.7093023255813954 0.9709302325581395
vt 0.6598837209302325 0.10610465116279066
vt 0.6598837209302325 0.12790697674418605
vt 0.6511627906976745 0.12790697674418605
vt 0.6511627906976745 0.10610465116279066
vt 0.8808139534883721 0.30377906976744184
vt 0.8808139534883721 0.32558139534883723
vt 0.872093023255814 0.32558139534883723
vt 0.872093023255814 0.30377906976744184
vt 0.4273255813953488 0.13372093023255816
vt 0.4273255813953488 0.16279069767441856
vt 0.4186046511627907 0.16279069767441856
vt 0.4186046511627907 0.13372093023255816
vt 0.2063953488372093 0.13372093023255816
vt 0.2063953488372093 0.16279069767441856
vt 0.19767441860465115 0.16279069767441856
vt 0.19767441860465115 0.13372093023255816
vt 0.2136627906976744 0.5712209302325582
vt 0.2136627906976744 0.5813953488372092
vt 0.18604651162790697 0.5813953488372092
vt 0.18604651162790697 0.5712209302325582
vt 0.1555232558139535 0.1642441860465116
vt 0.1555232558139535 0.17441860465116277
vt 0.12790697674418605 0.17441860465116277
vt 0.12790697674418605 0.1642441860465116
vt 0.07994186046511628 0.1468023255813954
vt 0.07994186046511628 0.17441860465116277
vt 0.06976744186046512 0.17441860465116277
vt 0.06976744186046512 0.1468023255813954
vt 0.18459302325581395 0.1468023255813954
vt 0.18459302325581395 0.17441860465116277
vt 0.1744186046511628 0.17441860465116277
vt 0.1744186046511628 0.1468023255813954
vt 0.7194767441860465 0.9433139534883721
vt 0.7194767441860465 0.9534883720930233
vt 0.7093023255813954 0.9534883720930233
vt 0.7093023255813954 0.9433139534883721
vt 0.04505813953488372 0.4316860465116279
vt 0.04505813953488372 0.4418604651162791
vt 0.03488372093023256 0.4418604651162791
vt 0.03488372093023256 0.4316860465116279
vt 0.4011627906976744 0.19622093023255816
vt 0.4011627906976744 0.22093023255813948
vt 0.38372093023255816 0.22093023255813948
vt 0.38372093023255816 0.19622093023255816
vt 0.7965116279069767 0.5334302325581395
vt 0.7965116279069767 0.5581395348837209
vt 0.7790697674418605 0.5581395348837209
vt 0.7790697674418605 0.5334302325581395
vt 0.12790697674418605 0.436046511627907
vt 0.12790697674418605 0.4534883720930233
vt 0.05813953488372093 0.4534883720930233
vt 0.05813953488372093 0.436046511627907
vt 0.6162790697674418 0.8313953488372093
vt 0.6162790697674418 0.8488372093023255
vt 0.5465116279069767 0.8488372093023255
vt 0.5465116279069767 0.8313953488372093
vt 0.4883720930232558 0.9287790697674418
vt 0.4883720930232558 0.9534883720930233
vt 0.4186046511627907 0.9534883720930233
vt 0.4186046511627907 0.9287790697674418
vt 0.46511627906976744 0.9752906976744186
vt 0.46511627906976744 1
vt 0.3953488372093023 1
vt 0.3953488372093023 0.9752906976744186
vt 0.43023255813953487 0.23401162790697672
vt 0.43023255813953487 0.2790697674418605
vt 0.4186046511627907 0.2790697674418605
vt 0.4186046511627907 0.23401162790697672
vt 0.7674418604651163 0.873546511627907
vt 0.7674418604651163 0.9186046511627907
vt 0.7558139534883721 0.9186046511627907
vt 0.7558139534883721 0.873546511627907
vt 0.6744186046511628 0.627906976744186
vt 0.6744186046511628 0.6395348837209303
vt 0.6046511627906976 0.6395348837209303
vt 0.6046511627906976 0.627906976744186
vt 0.7093023255813954 0.872093023255814
vt 0.7093023255813954 0.8837209302325582
vt 0.6395348837209303 0.8837209302325582
vt 0.6395348837209303 0.872093023255814
vt 0.27906976744186046 0.7572674418604651
vt 0.27906976744186046 0.8023255813953488
vt 0.20930232558139536 0.8023255813953488
vt 0.20930232558139536 0.7572674418604651
vt 0.26744186046511625 0.873546511627907
vt 0.26744186046511625 0.9186046511627907
vt 0.19767441860465115 0.9186046511627907
vt 0.19767441860465115 0.873546511627907
vt 0.5247093023255814 0.8212209302325582
vt 0.5247093023255814 0.8372093023255813
vt 0.4186046511627907 0.8372093023255813
vt 0.4186046511627907 0.8212209302325582
vt 0.5247093023255814 0.7863372093023255
vt 0.5247093023255814 0.8023255813953488
vt 0.4186046511627907 0.8023255813953488
vt 0.4186046511627907 0.7863372093023255
vt 0.06976744186046512 0.8938953488372093
vt 0.06976744186046512 1
vt 0 1
vt 0 0.8938953488372093
vt 0.1511627906976744 0.8938953488372093
vt 0.1511627906976744 1
vt 0.08139534883720931 1
vt 0.08139534883720931 0.8938953488372093
vt 0.20930232558139536 0.4258720930232558
vt 0.20930232558139536 0.4418604651162791
vt 0.13953488372093023 0.4418604651162791
vt 0.13953488372093023 0.4258720930232558
vt 0.6162790697674418 0.7281976744186047
vt 0.6162790697674418 0.7441860465116279
vt 0.5465116279069767 0.7441860465116279
vt 0.5465116279069767 0.7281976744186047
vt 0.29941860465116277 0.9607558139534884
vt 0.29941860465116277 1
vt 0.23255813953488372 1
vt 0.23255813953488372 0.9607558139534884
vt 0.2761627906976744 0.7049418604651163
vt 0.2761627906976744 0.7441860465116279
vt 0.20930232558139536 0.7441860465116279
vt 0.20930232558139536 0.7049418604651163
vt 0.6744186046511628 0.5494186046511628
vt 0.6744186046511628 0.6162790697674418
vt 0.6627906976744186 0.6162790697674418
vt 0.6627906976744186 0.5494186046511628
vt 0.011627906976744186 0.25872093023255816
vt 0.011627906976744186 0.32558139534883723
vt 0 0.32558139534883723
vt 0 0.25872093023255816
vt 0.11627906976744186 0.1816860465116279
vt 0.11627906976744186 0.22093023255813948
vt 0.10465116279069768 0.22093023255813948
vt 0.10465116279069768 0.1816860465116279
vt 0.7906976744186046 0.8793604651162791
vt 0.7906976744186046 0.9186046511627907
vt 0.7790697674418605 0.9186046511627907
vt 0.7790697674418605 0.8793604651162791
vt 0.19476744186046513 0.6933139534883721
vt 0.19476744186046513 0.7325581395348837
vt 0.12790697674418605 0.7325581395348837
vt 0.12790697674418605 0.6933139534883721
vt 0.06686046511627906 0.6816860465116279
vt 0.06686046511627906 0.7209302325581395
vt 0 0.7209302325581395
vt 0 0.6816860465116279
vt 0.03488372093023256 0.25872093023255816
vt 0.03488372093023256 0.32558139534883723
vt 0.023255813953488372 0.32558139534883723
vt 0.023255813953488372 0.25872093023255816
vt 0.05813953488372093 0.25872093023255816
vt 0.05813953488372093 0.32558139534883723
vt 0.046511627906976744 0.32558139534883723
vt 0.046511627906976744 0.25872093023255816
vt 0.20930232558139536 0.1816860465116279
vt 0.20930232558139536 0.22093023255813948
vt 0.19767441860465115 0.22093023255813948
vt 0.19767441860465115 0.1816860465116279
vt 0.7906976744186046 0.8212209302325582
vt 0.7906976744186046 0.8604651162790697
vt 0.7790697674418605 0.8604651162790697
vt 0.7790697674418605 0.8212209302325582
vt 0.6947674418604651 0.4781976744186046
vt 0.6947674418604651 0.5116279069767442
vt 0.6744186046511628 0.5116279069767442
vt 0.6744186046511628 0.4781976744186046
vt 0.7063953488372093 0.8270348837209303
vt 0.7063953488372093 0.8604651162790697
vt 0.686046511627907 0.8604651162790697
vt 0.686046511627907 0.8270348837209303
vt 0.2369186046511628 0.1656976744186046
vt 0.2369186046511628 0.18604651162790697
vt 0.22093023255813954 0.18604651162790697
vt 0.22093023255813954 0.1656976744186046
vt 0.29505813953488375 0.1656976744186046
vt 0.29505813953488375 0.18604651162790697
vt 0.27906976744186046 0.18604651162790697
vt 0.27906976744186046 0.1656976744186046
vt 0.748546511627907 0.7572674418604651
vt 0.748546511627907 0.7906976744186046
vt 0.7325581395348837 0.7906976744186046
vt 0.7325581395348837 0.7572674418604651
vt 0.10901162790697674 0.23401162790697672
vt 0.10901162790697674 0.2674418604651163
vt 0.09302325581395349 0.2674418604651163
vt 0.09302325581395349 0.23401162790697672
vt 0.9447674418604651 0.8546511627906976
vt 0.9447674418604651 0.8604651162790697
vt 0.9302325581395349 0.8604651162790697
vt 0.9302325581395349 0.8546511627906976
vt 0.2005813953488372 0.06395348837209303
vt 0.2005813953488372 0.06976744186046513
vt 0.18604651162790697 0.06976744186046513
vt 0.18604651162790697 0.06395348837209303
vt 0.8866279069767442 0.7180232558139534
vt 0.8866279069767442 0.7325581395348837
vt 0.872093023255814 0.7325581395348837
vt 0.872093023255814 0.7180232558139534
vt 0.8866279069767442 0.6831395348837209
vt 0.8866279069767442 0.6976744186046512
vt 0.872093023255814 0.6976744186046512
vt 0.872093023255814 0.6831395348837209
vt 0.9447674418604651 0.8313953488372093
vt 0.9447674418604651 0.8372093023255813
vt 0.9302325581395349 0.8372093023255813
vt 0.9302325581395349 0.8313953488372093
vt 0.11918604651162791 0.06395348837209303
vt 0.11918604651162791 0.06976744186046513
vt 0.10465116279069768 0.06976744186046513
vt 0.10465116279069768 0.06395348837209303
vt 0.7398255813953488 0.5755813953488372
vt 0.7398255813953488 0.6046511627906976
vt 0.7209302325581395 0.6046511627906976
vt 0.7209302325581395 0.5755813953488372
vt 0.5537790697674418 0.25
vt 0.5537790697674418 0.2790697674418605
vt 0.5348837209302325 0.2790697674418605
vt 0.5348837209302325 0.25
vt 0.627906976744186 0.8648255813953488
vt 0.627906976744186 0.8837209302325582
vt 0.5697674418604651 0.8837209302325582
vt 0.5697674418604651 0.8648255813953488
vt 0.627906976744186 0.690406976744186
vt 0.627906976744186 0.7093023255813953
vt 0.5697674418604651 0.7093023255813953
vt 0.5697674418604651 0.690406976744186
vt 0.3488372093023256 0.5523255813953488
vt 0.3488372093023256 0.5813953488372092
vt 0.29069767441860467 0.5813953488372092
vt 0.29069767441860467 0.5523255813953488
vt 0.1744186046511628 0.5523255813953488
vt 0.1744186046511628 0.5813953488372092
vt 0.11627906976744186 0.5813953488372092
vt 0.11627906976744186 0.5523255813953488
vt 0.748546511627907 0.6758720930232558
vt 0.748546511627907 0.7093023255813953
vt 0.7325581395348837 0.7093023255813953
vt 0.7325581395348837 0.6758720930232558
vt 0.7601744186046512 0.9665697674418605
vt 0.7601744186046512 1
vt 0.7441860465116279 1
vt 0.7441860465116279 0.9665697674418605
vt 0.10901162790697674 0.1468023255813954
vt 0.10901162790697674 0.16279069767441856
vt 0.09302325581395349 0.16279069767441856
vt 0.09302325581395349 0.1468023255813954
vt 0.8531976744186046 0.8677325581395349
vt 0.8531976744186046 0.8837209302325582
vt 0.8372093023255814 0.8837209302325582
vt 0.8372093023255814 0.8677325581395349
vt 0.748546511627907 0.26889534883720934
vt 0.748546511627907 0.3023255813953488
vt 0.7325581395348837 0.3023255813953488
vt 0.7325581395348837 0.26889534883720934
vt 0.2601744186046512 0.23401162790697672
vt 0.2601744186046512 0.2674418604651163
vt 0.2441860465116279 0.2674418604651163
vt 0.2441860465116279 0.23401162790697672
vt 0.17877906976744187 0.2223837209302325
vt 0.17877906976744187 0.2558139534883721
vt 0.16279069767441862 0.2558139534883721
vt 0.16279069767441862 0.2223837209302325
vt 0.7601744186046512 0.5247093023255813
vt 0.7601744186046512 0.5581395348837209
vt 0.7441860465116279 0.5581395348837209
vt 0.7441860465116279 0.5247093023255813
vt 0.8531976744186046 0.7165697674418605
vt 0.8531976744186046 0.7325581395348837
vt 0.8372093023255814 0.7325581395348837
vt 0.8372093023255814 0.7165697674418605
vt 0.8531976744186046 0.6816860465116279
vt 0.8531976744186046 0.6976744186046512
vt 0.8372093023255814 0.6976744186046512
vt 0.8372093023255814 0.6816860465116279
vt 0.7601744186046512 0.8037790697674418
vt 0.7601744186046512 0.8372093023255813
vt 0.7441860465116279 0.8372093023255813
vt 0.7441860465116279 0.8037790697674418
vt 0.1438953488372093 0.2223837209302325
vt 0.1438953488372093 0.2558139534883721
vt 0.12790697674418605 0.2558139534883721
vt 0.12790697674418605 0.2223837209302325
vt 0.7601744186046512 0.4316860465116279
vt 0.7601744186046512 0.4651162790697675
vt 0.7441860465116279 0.4651162790697675
vt 0.7441860465116279 0.4316860465116279
vt 0.7601744186046512 0.3851744186046512
vt 0.7601744186046512 0.41860465116279066
vt 0.7441860465116279 0.41860465116279066
vt 0.7441860465116279 0.3851744186046512
vt 0.32994186046511625 0.1468023255813954
vt 0.32994186046511625 0.16279069767441856
vt 0.313953488372093 0.16279069767441856
vt 0.313953488372093 0.1468023255813954
vt 0.8531976744186046 0.6468023255813953
vt 0.8531976744186046 0.6627906976744187
vt 0.8372093023255814 0.6627906976744187
vt 0.8372093023255814 0.6468023255813953
vt 0.5857558139534884 0.2223837209302325
vt 0.5857558139534884 0.2558139534883721
vt 0.5697674418604651 0.2558139534883721
vt 0.5697674418604651 0.2223837209302325
vt 0.7601744186046512 0.4781976744186046
vt 0.7601744186046512 0.5116279069767442
vt 0.7441860465116279 0.5116279069767442
vt 0.7441860465116279 0.4781976744186046
vt 0.748546511627907 0.2223837209302325
vt 0.748546511627907 0.2558139534883721
vt 0.7325581395348837 0.2558139534883721
vt 0.7325581395348837 0.2223837209302325
vt 0.050872093023255814 0.2107558139534884
vt 0.050872093023255814 0.2441860465116279
vt 0.03488372093023256 0.2441860465116279
vt 0.03488372093023256 0.2107558139534884
vt 0.8531976744186046 0.5072674418604651
vt 0.8531976744186046 0.5232558139534884
vt 0.8372093023255814 0.5232558139534884
vt 0.8372093023255814 0.5072674418604651
vt 0.8531976744186046 0.4723837209302325
vt 0.8531976744186046 0.4883720930232558
vt 0.8372093023255814 0.4883720930232558
vt 0.8372093023255814 0.4723837209302325
vt 0.015988372093023256 0.2107558139534884
vt 0.015988372093023256 0.2441860465116279
vt 0 0.2441860465116279
vt 0 0.2107558139534884
vt 0.7136627906976745 0.2223837209302325
vt 0.7136627906976745 0.2558139534883721
vt 0.6976744186046512 0.2558139534883721
vt 0.6976744186046512 0.2223837209302325
vt 0.3691860465116279 0.061046511627906974
vt 0.3691860465116279 0.06976744186046513
vt 0.36046511627906974 0.06976744186046513
vt 0.36046511627906974 0.061046511627906974
vt 0.39244186046511625 0.061046511627906974
vt 0.39244186046511625 0.06976744186046513
vt 0.38372093023255816 0.06976744186046513
vt 0.38372093023255816 0.061046511627906974
vt 0.9563953488372093 0.3866279069767442
vt 0.9563953488372093 0.39534883720930236
vt 0.9534883720930233 0.39534883720930236
vt 0.9534883720930233 0.3866279069767442
vt 0.6424418604651163 0.03779069767441856
vt 0.6424418604651163 0.046511627906976716
vt 0.6395348837209303 0.046511627906976716
vt 0.6395348837209303 0.03779069767441856
vt 0.9563953488372093 0.4098837209302325
vt 0.9563953488372093 0.41860465116279066
vt 0.9534883720930233 0.41860465116279066
vt 0.9534883720930233 0.4098837209302325
vt 0.9563953488372093 0.4331395348837209
vt 0.9563953488372093 0.4418604651162791
vt 0.9534883720930233 0.4418604651162791
vt 0.9534883720930233 0.4331395348837209
vt 0.6686046511627907 0.04215116279069764
vt 0.6686046511627907 0.046511627906976716
vt 0.6627906976744186 0.046511627906976716
vt 0.6627906976744186 0.04215116279069764
vt 0.9593023255813954 0.251453488372093
vt 0.9593023255813954 0.2558139534883721
vt 0.9534883720930233 0.2558139534883721
vt 0.9534883720930233 0.251453488372093
vt 0.9156976744186046 0.9709302325581395
vt 0.9156976744186046 0.9767441860465116
vt 0.8953488372093024 0.9767441860465116
vt 0.8953488372093024 0.9709302325581395
vt 0.9156976744186046 0.9244186046511628
vt 0.9156976744186046 0.9302325581395349
vt 0.8953488372093024 0.9302325581395349
vt 0.8953488372093024 0.9244186046511628
vt 0.938953488372093 0.08866279069767447
vt 0.938953488372093 0.09302325581395354
vt 0.9186046511627907 0.09302325581395354
vt 0.9186046511627907 0.08866279069767447
vt 0.938953488372093 0.1700581395348837
vt 0.938953488372093 0.17441860465116277
vt 0.9186046511627907 0.17441860465116277
vt 0.9186046511627907 0.1700581395348837
vt 0.005813953488372093 0.09011627906976749
vt 0.005813953488372093 0.11627906976744184
vt 0 0.11627906976744184
vt 0 0.09011627906976749
vt 0.029069767441860465 0.09011627906976749
vt 0.029069767441860465 0.11627906976744184
vt 0.023255813953488372 0.11627906976744184
vt 0.023255813953488372 0.09011627906976749
vt 0.9142441860465116 0.31976744186046513
vt 0.9142441860465116 0.32558139534883723
vt 0.8953488372093024 0.32558139534883723
vt 0.8953488372093024 0.31976744186046513
vt 0.9142441860465116 0.2616279069767442
vt 0.9142441860465116 0.2674418604651163
vt 0.8953488372093024 0.2674418604651163
vt 0.8953488372093024 0.2616279069767442
vt 0.7863372093023255 0.6482558139534884
vt 0.7863372093023255 0.6744186046511628
vt 0.7674418604651163 0.6744186046511628
vt 0.7674418604651163 0.6482558139534884
vt 0.29796511627906974 0.20639534883720934
vt 0.29796511627906974 0.2325581395348837
vt 0.27906976744186046 0.2325581395348837
vt 0.27906976744186046 0.20639534883720934
vt 0.14680232558139536 0.05813953488372092
vt 0.14680232558139536 0.06976744186046513
vt 0.13953488372093023 0.06976744186046513
vt 0.13953488372093023 0.05813953488372092
vt 0.22819767441860464 0.05813953488372092
vt 0.22819767441860464 0.06976744186046513
vt 0.22093023255813954 0.06976744186046513
vt 0.22093023255813954 0.05813953488372092
vt 0.9418604651162791 0.748546511627907
vt 0.9418604651162791 0.7558139534883721
vt 0.9302325581395349 0.7558139534883721
vt 0.9302325581395349 0.748546511627907
vt 0.9418604651162791 0.7252906976744187
vt 0.9418604651162791 0.7325581395348837
vt 0.9302325581395349 0.7325581395348837
vt 0.9302325581395349 0.7252906976744187
vt 0.43023255813953487 0.8953488372093024
vt 0.43023255813953487 0.9069767441860466
vt 0.4186046511627907 0.9069767441860466
vt 0.4186046511627907 0.8953488372093024
vt 0.29069767441860467 0.872093023255814
vt 0.29069767441860467 0.8837209302325582
vt 0.27906976744186046 0.8837209302325582
vt 0.27906976744186046 0.872093023255814
vt 0.17296511627906977 0.5116279069767442
vt 0.17296511627906977 0.5348837209302326
vt 0.16279069767441862 0.5348837209302326
vt 0.16279069767441862 0.5116279069767442
vt 0.7427325581395349 0.8953488372093024
vt 0.7427325581395349 0.9186046511627907
vt 0.7325581395348837 0.9186046511627907
vt 0.7325581395348837 0.8953488372093024
vt 0.9563953488372093 0.6177325581395349
vt 0.9563953488372093 0.627906976744186
vt 0.9534883720930233 0.627906976744186
vt 0.9534883720930233 0.6177325581395349
vt 0.5261627906976745 0.036337209302325535
vt 0.5261627906976745 0.046511627906976716
vt 0.5232558139534884 0.046511627906976716
vt 0.5232558139534884 0.036337209302325535
vt 0.875 0.046511627906976716
vt 0.875 0.06976744186046513
vt 0.872093023255814 0.06976744186046513
vt 0.872093023255814 0.046511627906976716
vt 0.747093023255814 0.046511627906976716
vt 0.747093023255814 0.06976744186046513
vt 0.7441860465116279 0.06976744186046513
vt 0.7441860465116279 0.046511627906976716
vt 0.7078488372093024 0.12790697674418605
vt 0.7078488372093024 0.15116279069767447
vt 0.6976744186046512 0.15116279069767447
vt 0.6976744186046512 0.12790697674418605
vt 0.7311046511627907 0.12790697674418605
vt 0.7311046511627907 0.15116279069767447
vt 0.7209302325581395 0.15116279069767447
vt 0.7209302325581395 0.12790697674418605
vt 0.9563953488372093 0.4549418604651163
vt 0.9563953488372093 0.4651162790697675
vt 0.9534883720930233 0.4651162790697675
vt 0.9534883720930233 0.4549418604651163
vt 0.5494186046511628 0.036337209302325535
vt 0.5494186046511628 0.046511627906976716
vt 0.5465116279069767 0.046511627906976716
vt 0.5465116279069767 0.036337209302325535
vt 0.9215116279069767 0.046511627906976716
vt 0.9215116279069767 0.06976744186046513
vt 0.9186046511627907 0.06976744186046513
vt 0.9186046511627907 0.046511627906976716
vt 0.8982558139534884 0.046511627906976716
vt 0.8982558139534884 0.06976744186046513
vt 0.8953488372093024 0.06976744186046513
vt 0.8953488372093024 0.046511627906976716
vt 0.10465116279069768 0.5465116279069768
vt 0.10465116279069768 0.5581395348837209
vt 0.09302325581395349 0.5581395348837209
vt 0.09302325581395349 0.5465116279069768
vt 0.5116279069767442 0.5930232558139534
vt 0.5116279069767442 0.6046511627906976
vt 0.5 0.6046511627906976
vt 0.5 0.5930232558139534
vt 0.4069767441860465 0.16279069767441856
vt 0.4069767441860465 0.17441860465116277
vt 0.38372093023255816 0.17441860465116277
vt 0.38372093023255816 0.16279069767441856
vt 0.8488372093023255 0.5930232558139534
vt 0.8488372093023255 0.6046511627906976
vt 0.8255813953488372 0.6046511627906976
vt 0.8255813953488372 0.5930232558139534
vt 0.8488372093023255 0.6162790697674418
vt 0.8488372093023255 0.627906976744186
vt 0.8255813953488372 0.627906976744186
vt 0.8255813953488372 0.6162790697674418
vt 0.37209302325581395 0.16279069767441856
vt 0.37209302325581395 0.17441860465116277
vt 0.3488372093023256 0.17441860465116277
vt 0.3488372093023256 0.16279069767441856
vt 0.436046511627907 0.0566860465116279
vt 0.436046511627907 0.06976744186046513
vt 0.43023255813953487 0.06976744186046513
vt 0.43023255813953487 0.0566860465116279
vt 0.45930232558139533 0.0566860465116279
vt 0.45930232558139533 0.06976744186046513
vt 0.45348837209302323 0.06976744186046513
vt 0.45348837209302323 0.0566860465116279
vt 0.7863372093023255 0.09883720930232553
vt 0.7863372093023255 0.10465116279069764
vt 0.7674418604651163 0.10465116279069764
vt 0.7674418604651163 0.09883720930232553
vt 0.08866279069767442 0.08720930232558144
vt 0.08866279069767442 0.09302325581395354
vt 0.06976744186046512 0.09302325581395354
vt 0.06976744186046512 0.08720930232558144
vt 0.8561046511627907 0.20784883720930236
vt 0.8561046511627907 0.22093023255813948
vt 0.8372093023255814 0.22093023255813948
vt 0.8372093023255814 0.20784883720930236
vt 0.8561046511627907 0.2892441860465116
vt 0.8561046511627907 0.3023255813953488
vt 0.8372093023255814 0.3023255813953488
vt 0.8372093023255814 0.2892441860465116
vt 0.14244186046511628 0.09011627906976749
vt 0.14244186046511628 0.09302325581395354
vt 0.10465116279069768 0.09302325581395354
vt 0.10465116279069768 0.09011627906976749
vt 0.9447674418604651 0.8808139534883721
vt 0.9447674418604651 0.8837209302325582
vt 0.9069767441860465 0.8837209302325582
vt 0.9069767441860465 0.8808139534883721
vt 0.6773255813953488 0.06686046511627908
vt 0.6773255813953488 0.10465116279069764
vt 0.6744186046511628 0.10465116279069764
vt 0.6744186046511628 0.06686046511627908
vt 0.9098837209302325 0.8226744186046512
vt 0.9098837209302325 0.8604651162790697
vt 0.9069767441860465 0.8604651162790697
vt 0.9069767441860465 0.8226744186046512
vt 0.9563953488372093 0.20639534883720934
vt 0.9563953488372093 0.2093023255813954
vt 0.9534883720930233 0.2093023255813954
vt 0.9534883720930233 0.20639534883720934
vt 0.9563953488372093 0.22965116279069764
vt 0.9563953488372093 0.2325581395348837
vt 0.9534883720930233 0.2325581395348837
vt 0.9534883720930233 0.22965116279069764
vt 0.9447674418604651 0.7994186046511628
vt 0.9447674418604651 0.8023255813953488
vt 0.9069767441860465 0.8023255813953488
vt 0.9069767441860465 0.7994186046511628
vt 0.9447674418604651 0.7761627906976745
vt 0.9447674418604651 0.7790697674418605
vt 0.9069767441860465 0.7790697674418605
vt 0.9069767441860465 0.7761627906976745
vt 0.16569767441860464 0.05523255813953487
vt 0.16569767441860464 0.09302325581395354
vt 0.16279069767441862 0.09302325581395354
vt 0.16279069767441862 0.05523255813953487
vt 0.24709302325581395 0.05523255813953487
vt 0.24709302325581395 0.09302325581395354
vt 0.2441860465116279 0.09302325581395354
vt 0.2441860465116279 0.05523255813953487
vt 0.9563953488372093 0.18313953488372092
vt 0.9563953488372093 0.18604651162790697
vt 0.9534883720930233 0.18604651162790697
vt 0.9534883720930233 0.18313953488372092
vt 0.8168604651162791 0.043604651162790664
vt 0.8168604651162791 0.046511627906976716
vt 0.813953488372093 0.046511627906976716
vt 0.813953488372093 0.043604651162790664
vt 0.811046511627907 0.16133720930232553
vt 0.811046511627907 0.17441860465116277
vt 0.7906976744186046 0.17441860465116277
vt 0.7906976744186046 0.16133720930232553
vt 0.8459302325581395 0.16133720930232553
vt 0.8459302325581395 0.17441860465116277
vt 0.8255813953488372 0.17441860465116277
vt 0.8255813953488372 0.16133720930232553
vt 0.14680232558139536 0.18895348837209303
vt 0.14680232558139536 0.2093023255813954
vt 0.12790697674418605 0.2093023255813954
vt 0.12790697674418605 0.18895348837209303
vt 0.1816860465116279 0.18895348837209303
vt 0.1816860465116279 0.2093023255813954
vt 0.16279069767441862 0.2093023255813954
vt 0.16279069767441862 0.18895348837209303
vt 0.2747093023255814 0.13808139534883723
vt 0.2747093023255814 0.15116279069767447
vt 0.2558139534883721 0.15116279069767447
vt 0.2558139534883721 0.13808139534883723
vt 0.23982558139534885 0.13808139534883723
vt 0.23982558139534885 0.15116279069767447
vt 0.22093023255813954 0.15116279069767447
vt 0.22093023255813954 0.13808139534883723
vt 0.8401162790697675 0.043604651162790664
vt 0.8401162790697675 0.046511627906976716
vt 0.8372093023255814 0.046511627906976716
vt 0.8372093023255814 0.043604651162790664
vt 0.9563953488372093 0.1598837209302325
vt 0.9563953488372093 0.16279069767441856
vt 0.9534883720930233 0.16279069767441856
vt 0.9534883720930233 0.1598837209302325
vt 0.9651162790697675 0.7296511627906976
vt 0.9651162790697675 0.7325581395348837
vt 0.9534883720930233 0.7325581395348837
vt 0.9534883720930233 0.7296511627906976
vt 0.37209302325581395 0.043604651162790664
vt 0.37209302325581395 0.046511627906976716
vt 0.36046511627906974 0.046511627906976716
vt 0.36046511627906974 0.043604651162790664
vt 0.9651162790697675 0.752906976744186
vt 0.9651162790697675 0.7558139534883721
vt 0.9534883720930233 0.7558139534883721
vt 0.9534883720930233 0.752906976744186
vt 0.22093023255813954 0.043604651162790664
vt 0.22093023255813954 0.046511627906976716
vt 0.20930232558139536 0.046511627906976716
vt 0.20930232558139536 0.043604651162790664
vt 0.7267441860465116 0.09302325581395354
vt 0.7267441860465116 0.11627906976744184
vt 0.7209302325581395 0.11627906976744184
vt 0.7209302325581395 0.09302325581395354
vt 0.8895348837209303 0.17441860465116277
vt 0.8895348837209303 0.19767441860465118
vt 0.8837209302325582 0.19767441860465118
vt 0.8837209302325582 0.17441860465116277
vt 0.9069767441860465 0.15697674418604646
vt 0.9069767441860465 0.16279069767441856
vt 0.8837209302325582 0.16279069767441856
vt 0.8837209302325582 0.15697674418604646
vt 0.9186046511627907 0.9941860465116279
vt 0.9186046511627907 1
vt 0.8953488372093024 1
vt 0.8953488372093024 0.9941860465116279
vt 0.7558139534883721 0.9302325581395349
vt 0.7558139534883721 0.9534883720930233
vt 0.7325581395348837 0.9534883720930233
vt 0.7325581395348837 0.9302325581395349
vt 0.08139534883720931 0.4651162790697675
vt 0.08139534883720931 0.4883720930232558
vt 0.05813953488372093 0.4883720930232558
vt 0.05813953488372093 0.4651162790697675
vt 0.4811046511627907 0.06976744186046513
vt 0.4811046511627907 0.09302325581395354
vt 0.47674418604651164 0.09302325581395354
vt 0.47674418604651164 0.06976744186046513
vt 0.9113372093023255 0.43023255813953487
vt 0.9113372093023255 0.4534883720930233
vt 0.9069767441860465 0.4534883720930233
vt 0.9069767441860465 0.43023255813953487
vt 0.8938953488372093 0.4258720930232558
vt 0.8938953488372093 0.43023255813953487
vt 0.8372093023255814 0.43023255813953487
vt 0.8372093023255814 0.4258720930232558
vt 0.4055232558139535 0.1468023255813954
vt 0.4055232558139535 0.15116279069767447
vt 0.3488372093023256 0.15116279069767447
vt 0.3488372093023256 0.1468023255813954
vt 0.5566860465116279 0.6162790697674418
vt 0.5566860465116279 0.6395348837209303
vt 0.5 0.6395348837209303
vt 0.5 0.6162790697674418
vt 0.5566860465116279 0.6511627906976745
vt 0.5566860465116279 0.6744186046511628
vt 0.5 0.6744186046511628
vt 0.5 0.6511627906976745
vt 0.5741279069767442 0.06976744186046513
vt 0.5741279069767442 0.09302325581395354
vt 0.5697674418604651 0.09302325581395354
vt 0.5697674418604651 0.06976744186046513
vt 0.5973837209302325 0.06976744186046513
vt 0.5973837209302325 0.09302325581395354
vt 0.5930232558139535 0.09302325581395354
vt 0.5930232558139535 0.06976744186046513
vt 0.8953488372093024 0.8444767441860466
vt 0.8953488372093024 0.8488372093023255
vt 0.8372093023255814 0.8488372093023255
vt 0.8372093023255814 0.8444767441860466
vt 0.8953488372093024 0.4491279069767442
vt 0.8953488372093024 0.4534883720930233
vt 0.8372093023255814 0.4534883720930233
vt 0.8372093023255814 0.4491279069767442
vt 0.5581395348837209 0.686046511627907
vt 0.5581395348837209 0.7093023255813953
vt 0.5 0.7093023255813953
vt 0.5 0.686046511627907
vt 0.5581395348837209 0.8604651162790697
vt 0.5581395348837209 0.8837209302325582
vt 0.5 0.8837209302325582
vt 0.5 0.8604651162790697
vt 0.7325581395348837 0.48691860465116277
vt 0.7325581395348837 0.5116279069767442
vt 0.7093023255813954 0.5116279069767442
vt 0.7093023255813954 0.48691860465116277
vt 0.7325581395348837 0.40552325581395354
vt 0.7325581395348837 0.43023255813953487
vt 0.7093023255813954 0.43023255813953487
vt 0.7093023255813954 0.40552325581395354
vt 0.11482558139534883 0.39534883720930236
vt 0.11482558139534883 0.41860465116279066
vt 0.06976744186046512 0.41860465116279066
vt 0.06976744186046512 0.39534883720930236
vt 0.626453488372093 0.7906976744186046
vt 0.626453488372093 0.813953488372093
vt 0.5813953488372093 0.813953488372093
vt 0.5813953488372093 0.7906976744186046
vt 0.3241279069767442 0.41715116279069764
vt 0.3241279069767442 0.4418604651162791
vt 0.27906976744186046 0.4418604651162791
vt 0.27906976744186046 0.41715116279069764
vt 0.26598837209302323 0.41715116279069764
vt 0.26598837209302323 0.4418604651162791
vt 0.22093023255813954 0.4418604651162791
vt 0.22093023255813954 0.41715116279069764
vt 0.7325581395348837 0.3590116279069767
vt 0.7325581395348837 0.38372093023255816
vt 0.7093023255813954 0.38372093023255816
vt 0.7093023255813954 0.3590116279069767
vt 0.7441860465116279 0.8590116279069767
vt 0.7441860465116279 0.8837209302325582
vt 0.7209302325581395 0.8837209302325582
vt 0.7209302325581395 0.8590116279069767
vt 0.626453488372093 0.7558139534883721
vt 0.626453488372093 0.7790697674418605
vt 0.5813953488372093 0.7790697674418605
vt 0.5813953488372093 0.7558139534883721
vt 0.626453488372093 0.4767441860465116
vt 0.626453488372093 0.5
vt 0.5813953488372093 0.5
vt 0.5813953488372093 0.4767441860465116
vt 0.5683139534883721 0.41715116279069764
vt 0.5683139534883721 0.4418604651162791
vt 0.5232558139534884 0.4418604651162791
vt 0.5232558139534884 0.41715116279069764
vt 0.4636627906976744 0.41715116279069764
vt 0.4636627906976744 0.4418604651162791
vt 0.4186046511627907 0.4418604651162791
vt 0.4186046511627907 0.41715116279069764
vt 0.6497093023255814 0.561046511627907
vt 0.6497093023255814 0.5813953488372092
vt 0.6046511627906976 0.5813953488372092
vt 0.6046511627906976 0.561046511627907
vt 0.6497093023255814 0.5261627906976745
vt 0.6497093023255814 0.5465116279069768
vt 0.6046511627906976 0.5465116279069768
vt 0.6046511627906976 0.5261627906976745
vt 0.5886627906976745 0.32703488372093026
vt 0.5886627906976745 0.37209302325581395
vt 0.5697674418604651 0.37209302325581395
vt 0.5697674418604651 0.32703488372093026
vt 0.6584302325581395 0.7688953488372093
vt 0.6584302325581395 0.813953488372093
vt 0.6395348837209303 0.813953488372093
vt 0.6395348837209303 0.7688953488372093
vt 0.809593023255814 0.747093023255814
vt 0.809593023255814 0.7674418604651163
vt 0.7906976744186046 0.7674418604651163
vt 0.7906976744186046 0.747093023255814
vt 0.809593023255814 0.7819767441860466
vt 0.809593023255814 0.8023255813953488
vt 0.7906976744186046 0.8023255813953488
vt 0.7906976744186046 0.7819767441860466
vt 0.6598837209302325 0.4098837209302325
vt 0.6598837209302325 0.43023255813953487
vt 0.6162790697674418 0.43023255813953487
vt 0.6162790697674418 0.4098837209302325
vt 0.6598837209302325 0.375
vt 0.6598837209302325 0.39534883720930236
vt 0.6162790697674418 0.39534883720930236
vt 0.6162790697674418 0.375
vt 0.5305232558139535 0.3168604651162791
vt 0.5305232558139535 0.36046511627906974
vt 0.5116279069767442 0.36046511627906974
vt 0.5116279069767442 0.3168604651162791
vt 0.623546511627907 0.3168604651162791
vt 0.623546511627907 0.36046511627906974
vt 0.6046511627906976 0.36046511627906974
vt 0.6046511627906976 0.3168604651162791
vt 0.5886627906976745 0.18895348837209303
vt 0.5886627906976745 0.2093023255813954
vt 0.5697674418604651 0.2093023255813954
vt 0.5697674418604651 0.18895348837209303
vt 0.809593023255814 0.5843023255813953
vt 0.809593023255814 0.6046511627906976
vt 0.7906976744186046 0.6046511627906976
vt 0.7906976744186046 0.5843023255813953
vt 0.877906976744186 0.6148255813953488
vt 0.877906976744186 0.627906976744186
vt 0.8604651162790697 0.627906976744186
vt 0.8604651162790697 0.6148255813953488
vt 0.877906976744186 0.3706395348837209
vt 0.877906976744186 0.38372093023255816
vt 0.8604651162790697 0.38372093023255816
vt 0.8604651162790697 0.3706395348837209
vt 0.873546511627907 0.25
vt 0.873546511627907 0.2674418604651163
vt 0.8604651162790697 0.2674418604651163
vt 0.8604651162790697 0.25
vt 0.7805232558139535 0.12209302325581395
vt 0.7805232558139535 0.13953488372093026
vt 0.7674418604651163 0.13953488372093026
vt 0.7674418604651163 0.12209302325581395
vt 0.8851744186046512 0.11482558139534882
vt 0.8851744186046512 0.12790697674418605
vt 0.872093023255814 0.12790697674418605
vt 0.872093023255814 0.11482558139534882
vt 0.8851744186046512 0.21947674418604646
vt 0.8851744186046512 0.2325581395348837
vt 0.872093023255814 0.2325581395348837
vt 0.872093023255814 0.21947674418604646
vt 0.8604651162790697 0.3706395348837209
vt 0.8604651162790697 0.38372093023255816
vt 0.877906976744186 0.38372093023255816
vt 0.877906976744186 0.3706395348837209
vt 0.8604651162790697 0.6148255813953488
vt 0.8604651162790697 0.627906976744186
vt 0.877906976744186 0.627906976744186
vt 0.877906976744186 0.6148255813953488
vt 0.8604651162790697 0.25
vt 0.8604651162790697 0.2674418604651163
vt 0.873546511627907 0.2674418604651163
vt 0.873546511627907 0.25
vt 0.7674418604651163 0.12209302325581395
vt 0.7674418604651163 0.13953488372093026
vt 0.7805232558139535 0.13953488372093026
vt 0.7805232558139535 0.12209302325581395
vt 0.872093023255814 0.11482558139534882
vt 0.872093023255814 0.12790697674418605
vt 0.8851744186046512 0.12790697674418605
vt 0.8851744186046512 0.11482558139534882
vt 0.872093023255814 0.21947674418604646
vt 0.872093023255814 0.2325581395348837
vt 0.8851744186046512 0.2325581395348837
vt 0.8851744186046512 0.21947674418604646
vt 0.5566860465116279 0.375
vt 0.5566860465116279 0.39534883720930236
vt 0.5116279069767442 0.39534883720930236
vt 0.5116279069767442 0.375
vt 0.11482558139534883 0.3633720930232558
vt 0.11482558139534883 0.38372093023255816
vt 0.06976744186046512 0.38372093023255816
vt 0.06976744186046512 0.3633720930232558
vt 0.23982558139534885 0.31540697674418605
vt 0.23982558139534885 0.36046511627906974
vt 0.22093023255813954 0.36046511627906974
vt 0.22093023255813954 0.31540697674418605
vt 0.2747093023255814 0.31540697674418605
vt 0.2747093023255814 0.36046511627906974
vt 0.2558139534883721 0.36046511627906974
vt 0.2558139534883721 0.31540697674418605
vt 0.7049418604651163 0.18895348837209303
vt 0.7049418604651163 0.2093023255813954
vt 0.686046511627907 0.2093023255813954
vt 0.686046511627907 0.18895348837209303
vt 0.809593023255814 0.3633720930232558
vt 0.809593023255814 0.38372093023255816
vt 0.7906976744186046 0.38372093023255816
vt 0.7906976744186046 0.3633720930232558
vt 0.877906976744186 0.6148255813953488
vt 0.877906976744186 0.627906976744186
vt 0.8604651162790697 0.627906976744186
vt 0.8604651162790697 0.6148255813953488
vt 0.877906976744186 0.3706395348837209
vt 0.877906976744186 0.38372093023255816
vt 0.8604651162790697 0.38372093023255816
vt 0.8604651162790697 0.3706395348837209
vt 0.8604651162790697 0.2674418604651163
vt 0.8604651162790697 0.25
vt 0.873546511627907 0.25
vt 0.873546511627907 0.2674418604651163
vt 0.7674418604651163 0.12209302325581395
vt 0.7674418604651163 0.13953488372093026
vt 0.7805232558139535 0.13953488372093026
vt 0.7805232558139535 0.12209302325581395
vt 0.8851744186046512 0.11482558139534882
vt 0.8851744186046512 0.12790697674418605
vt 0.872093023255814 0.12790697674418605
vt 0.872093023255814 0.11482558139534882
vt 0.8851744186046512 0.21947674418604646
vt 0.8851744186046512 0.2325581395348837
vt 0.872093023255814 0.2325581395348837
vt 0.872093023255814 0.21947674418604646
vt 0.6715116279069767 0.8284883720930233
vt 0.6715116279069767 0.8488372093023255
vt 0.627906976744186 0.8488372093023255
vt 0.627906976744186 0.8284883720930233
vt 0.2063953488372093 0.3517441860465116
vt 0.2063953488372093 0.37209302325581395
vt 0.16279069767441862 0.37209302325581395
vt 0.16279069767441862 0.3517441860465116
vt 0.6584302325581395 0.3168604651162791
vt 0.6584302325581395 0.36046511627906974
vt 0.6395348837209303 0.36046511627906974
vt 0.6395348837209303 0.3168604651162791
vt 0.08866279069767442 0.30523255813953487
vt 0.08866279069767442 0.34883720930232553
vt 0.06976744186046512 0.34883720930232553
vt 0.06976744186046512 0.30523255813953487
vt 0.7747093023255814 0.18895348837209303
vt 0.7747093023255814 0.2093023255813954
vt 0.7558139534883721 0.2093023255813954
vt 0.7558139534883721 0.18895348837209303
vt 0.7398255813953488 0.18895348837209303
vt 0.7398255813953488 0.2093023255813954
vt 0.7209302325581395 0.2093023255813954
vt 0.7209302325581395 0.18895348837209303
vt 0.877906976744186 0.6148255813953488
vt 0.877906976744186 0.627906976744186
vt 0.8604651162790697 0.627906976744186
vt 0.8604651162790697 0.6148255813953488
vt 0.877906976744186 0.3706395348837209
vt 0.877906976744186 0.38372093023255816
vt 0.8604651162790697 0.38372093023255816
vt 0.8604651162790697 0.3706395348837209
vt 0.873546511627907 0.25
vt 0.873546511627907 0.2674418604651163
vt 0.8604651162790697 0.2674418604651163
vt 0.8604651162790697 0.25
vt 0.7805232558139535 0.12209302325581395
vt 0.7805232558139535 0.13953488372093026
vt 0.7674418604651163 0.13953488372093026
vt 0.7674418604651163 0.12209302325581395
vt 0.8851744186046512 0.11482558139534882
vt 0.8851744186046512 0.12790697674418605
vt 0.872093023255814 0.12790697674418605
vt 0.872093023255814 0.11482558139534882
vt 0.8851744186046512 0.21947674418604646
vt 0.8851744186046512 0.2325581395348837
vt 0.872093023255814 0.2325581395348837
vt 0.872093023255814 0.21947674418604646
vt 0.5087209302325582 0.061046511627906974
vt 0.5087209302325582 0.06976744186046513
vt 0.5 0.06976744186046513
vt 0.5 0.061046511627906974
vt 0.5319767441860465 0.061046511627906974
vt 0.5319767441860465 0.06976744186046513
vt 0.5232558139534884 0.06976744186046513
vt 0.5232558139534884 0.061046511627906974
vt 0.7674418604651163 0.8517441860465116
vt 0.7674418604651163 0.8604651162790697
vt 0.7558139534883721 0.8604651162790697
vt 0.7558139534883721 0.8517441860465116
vt 0.6627906976744186 0.08430232558139539
vt 0.6627906976744186 0.09302325581395354
vt 0.6511627906976745 0.09302325581395354
vt 0.6511627906976745 0.08430232558139539
vt 0.7325581395348837 0.5494186046511628
vt 0.7325581395348837 0.5581395348837209
vt 0.7209302325581395 0.5581395348837209
vt 0.7209302325581395 0.5494186046511628
vt 0.7325581395348837 0.8284883720930233
vt 0.7325581395348837 0.8372093023255813
vt 0.7209302325581395 0.8372093023255813
vt 0.7209302325581395 0.8284883720930233
vt 0.5 0.061046511627906974
vt 0.5 0.06976744186046513
vt 0.5087209302325582 0.06976744186046513
vt 0.5087209302325582 0.061046511627906974
vt 0.5232558139534884 0.061046511627906974
vt 0.5232558139534884 0.06976744186046513
vt 0.5319767441860465 0.06976744186046513
vt 0.5319767441860465 0.061046511627906974
vt 0.7674418604651163 0.8604651162790697
vt 0.7674418604651163 0.8517441860465116
vt 0.7558139534883721 0.8517441860465116
vt 0.7558139534883721 0.8604651162790697
vt 0.6627906976744186 0.09302325581395354
vt 0.6627906976744186 0.08430232558139539
vt 0.6511627906976745 0.08430232558139539
vt 0.6511627906976745 0.09302325581395354
vt 0.7209302325581395 0.8284883720930233
vt 0.7209302325581395 0.8372093023255813
vt 0.7325581395348837 0.8372093023255813
vt 0.7325581395348837 0.8284883720930233
vt 0.7209302325581395 0.5494186046511628
vt 0.7209302325581395 0.5581395348837209
vt 0.7325581395348837 0.5581395348837209
vt 0.7325581395348837 0.5494186046511628
vt 0.08139534883720931 0.2383720930232558
vt 0.08139534883720931 0.2906976744186046
vt 0.06976744186046512 0.2906976744186046
vt 0.06976744186046512 0.2383720930232558
vt 0.7209302325581395 0.6569767441860466
vt 0.7209302325581395 0.7093023255813953
vt 0.7093023255813954 0.7093023255813953
vt 0.7093023255813954 0.6569767441860466
vt 0.46511627906976744 0.16279069767441856
vt 0.46511627906976744 0.17441860465116277
vt 0.4418604651162791 0.17441860465116277
vt 0.4418604651162791 0.16279069767441856
vt 0.5930232558139535 0.16279069767441856
vt 0.5930232558139535 0.17441860465116277
vt 0.5697674418604651 0.17441860465116277
vt 0.5697674418604651 0.16279069767441856
vt 0.023255813953488372 0.38953488372093026
vt 0.023255813953488372 0.4418604651162791
vt 0 0.4418604651162791
vt 0 0.38953488372093026
vt 0.5697674418604651 0.7616279069767442
vt 0.5697674418604651 0.813953488372093
vt 0.5465116279069767 0.813953488372093
vt 0.5465116279069767 0.7616279069767442
vt 0.375 0.6511627906976745
vt 0.37209302325581395 0.6511627906976745
vt 0.375 0.6511627906976745
vt 0.37209302325581395 0.6511627906976745
vt 0.375 0.6511627906976745
vt 0.37209302325581395 0.6511627906976745
vt 0.375 0.6511627906976745
vt 0.37209302325581395 0.6511627906976745
vt 0.9418604651162791 0.24127906976744184
vt 0.9418604651162791 0.2441860465116279
vt 0.9069767441860465 0.2441860465116279
vt 0.9069767441860465 0.24127906976744184
vt 0.9418604651162791 0.21802325581395354
vt 0.9418604651162791 0.22093023255813948
vt 0.9069767441860465 0.22093023255813948
vt 0.9069767441860465 0.21802325581395354
vt 0.4069767441860465 0.8372093023255813
vt 0.37209302325581395 0.8372093023255813
vt 0.4069767441860465 0.8372093023255813
vt 0.37209302325581395 0.8372093023255813
vt 0.4069767441860465 0.8372093023255813
vt 0.4069767441860465 0.8372093023255813
vt 0.37209302325581395 0.8372093023255813
vt 0.37209302325581395 0.8372093023255813
vt 0.375 0.6511627906976745
vt 0.37209302325581395 0.6511627906976745
vt 0.375 0.6511627906976745
vt 0.37209302325581395 0.6511627906976745
vt 0.375 0.6511627906976745
vt 0.37209302325581395 0.6511627906976745
vt 0.375 0.6511627906976745
vt 0.37209302325581395 0.6511627906976745
vt 0.9418604651162791 0.19476744186046513
vt 0.9418604651162791 0.19767441860465118
vt 0.9069767441860465 0.19767441860465118
vt 0.9069767441860465 0.19476744186046513
vt 0.9418604651162791 0.1366279069767442
vt 0.9418604651162791 0.13953488372093026
vt 0.9069767441860465 0.13953488372093026
vt 0.9069767441860465 0.1366279069767442
vt 0.4069767441860465 0.8372093023255813
vt 0.4069767441860465 0.8372093023255813
vt 0.37209302325581395 0.8372093023255813
vt 0.37209302325581395 0.8372093023255813
vt 0.4069767441860465 0.8372093023255813
vt 0.37209302325581395 0.8372093023255813
vt 0.4069767441860465 0.8372093023255813
vt 0.37209302325581395 0.8372093023255813
vt 0.375 0.6511627906976745
vt 0.37209302325581395 0.6511627906976745
vt 0.375 0.6511627906976745
vt 0.37209302325581395 0.6511627906976745
vt 0.375 0.6511627906976745
vt 0.37209302325581395 0.6511627906976745
vt 0.375 0.6511627906976745
vt 0.37209302325581395 0.6511627906976745
vt 0.32848837209302323 0.09011627906976749
vt 0.32848837209302323 0.09302325581395354
vt 0.29069767441860467 0.09302325581395354
vt 0.29069767441860467 0.09011627906976749
vt 0.9447674418604651 0.6947674418604651
vt 0.9447674418604651 0.6976744186046512
vt 0.9069767441860465 0.6976744186046512
vt 0.9069767441860465 0.6947674418604651
vt 0.4796511627906977 0.8488372093023255
vt 0.4796511627906977 0.8488372093023255
vt 0.4418604651162791 0.8488372093023255
vt 0.4418604651162791 0.8488372093023255
vt 0.4796511627906977 0.8488372093023255
vt 0.4796511627906977 0.8488372093023255
vt 0.4418604651162791 0.8488372093023255
vt 0.4418604651162791 0.8488372093023255
vt 0.375 0.6511627906976745
vt 0.37209302325581395 0.6511627906976745
vt 0.375 0.6511627906976745
vt 0.37209302325581395 0.6511627906976745
vt 0.375 0.6511627906976745
vt 0.37209302325581395 0.6511627906976745
vt 0.375 0.6511627906976745
vt 0.37209302325581395 0.6511627906976745
vt 0.9447674418604651 0.6715116279069768
vt 0.9447674418604651 0.6744186046511628
vt 0.9069767441860465 0.6744186046511628
vt 0.9069767441860465 0.6715116279069768
vt 0.3866279069767442 0.09011627906976749
vt 0.3866279069767442 0.09302325581395354
vt 0.3488372093023256 0.09302325581395354
vt 0.3488372093023256 0.09011627906976749
vt 0.4796511627906977 0.8488372093023255
vt 0.4418604651162791 0.8488372093023255
vt 0.4796511627906977 0.8488372093023255
vt 0.4418604651162791 0.8488372093023255
vt 0.4796511627906977 0.8488372093023255
vt 0.4418604651162791 0.8488372093023255
vt 0.4796511627906977 0.8488372093023255
vt 0.4418604651162791 0.8488372093023255
vt 0.375 0.6511627906976745
vt 0.37209302325581395 0.6511627906976745
vt 0.375 0.6511627906976745
vt 0.37209302325581395 0.6511627906976745
vt 0.375 0.6511627906976745
vt 0.37209302325581395 0.6511627906976745
vt 0.375 0.6511627906976745
vt 0.37209302325581395 0.6511627906976745
vt 0.936046511627907 0.9040697674418605
vt 0.936046511627907 0.9069767441860466
vt 0.8953488372093024 0.9069767441860466
vt 0.8953488372093024 0.9040697674418605
vt 0.936046511627907 0.625
vt 0.936046511627907 0.627906976744186
vt 0.8953488372093024 0.627906976744186
vt 0.8953488372093024 0.625
vt 0.9709302325581395 0.813953488372093
vt 0.9302325581395349 0.813953488372093
vt 0.9709302325581395 0.813953488372093
vt 0.9302325581395349 0.813953488372093
vt 0.9709302325581395 0.813953488372093
vt 0.9302325581395349 0.813953488372093
vt 0.9709302325581395 0.813953488372093
vt 0.9302325581395349 0.813953488372093
vt 0.375 0.6511627906976745
vt 0.37209302325581395 0.6511627906976745
vt 0.375 0.6511627906976745
vt 0.37209302325581395 0.6511627906976745
vt 0.375 0.6511627906976745
vt 0.37209302325581395 0.6511627906976745
vt 0.375 0.6511627906976745
vt 0.37209302325581395 0.6511627906976745
vt 0.936046511627907 0.4040697674418605
vt 0.936046511627907 0.40697674418604646
vt 0.8953488372093024 0.40697674418604646
vt 0.8953488372093024 0.4040697674418605
vt 0.936046511627907 0.3808139534883721
vt 0.936046511627907 0.38372093023255816
vt 0.8953488372093024 0.38372093023255816
vt 0.8953488372093024 0.3808139534883721
vt 0.9709302325581395 0.813953488372093
vt 0.9709302325581395 0.813953488372093
vt 0.9302325581395349 0.813953488372093
vt 0.9302325581395349 0.813953488372093
vt 0.9709302325581395 0.813953488372093
vt 0.9302325581395349 0.813953488372093
vt 0.9709302325581395 0.813953488372093
vt 0.9302325581395349 0.813953488372093
vt 0.9069767441860465 0.09011627906976749
vt 0.9069767441860465 0.09302325581395354
vt 0.872093023255814 0.09302325581395354
vt 0.872093023255814 0.09011627906976749
vt 0.9418604651162791 0.1133720930232558
vt 0.9418604651162791 0.11627906976744184
vt 0.9069767441860465 0.11627906976744184
vt 0.9069767441860465 0.1133720930232558
vt 0.8284883720930233 0.05813953488372092
vt 0.8284883720930233 0.09302325581395354
vt 0.8255813953488372 0.09302325581395354
vt 0.8255813953488372 0.05813953488372092
vt 0.40988372093023256 0.046511627906976716
vt 0.40988372093023256 0.08139534883720934
vt 0.4069767441860465 0.08139534883720934
vt 0.4069767441860465 0.046511627906976716
vt 0.9563953488372093 0.1133720930232558
vt 0.9563953488372093 0.11627906976744184
vt 0.9534883720930233 0.11627906976744184
vt 0.9534883720930233 0.1133720930232558
vt 0.9563953488372093 0.1366279069767442
vt 0.9563953488372093 0.13953488372093026
vt 0.9534883720930233 0.13953488372093026
vt 0.9534883720930233 0.1366279069767442
vt 0.5552325581395349 0.061046511627906974
vt 0.5552325581395349 0.06976744186046513
vt 0.5465116279069767 0.06976744186046513
vt 0.5465116279069767 0.061046511627906974
vt 0.938953488372093 0.44476744186046513
vt 0.938953488372093 0.4534883720930233
vt 0.9302325581395349 0.4534883720930233
vt 0.9302325581395349 0.44476744186046513
vt 0.48255813953488375 0.04941860465116277
vt 0.48255813953488375 0.05813953488372092
vt 0.47674418604651164 0.05813953488372092
vt 0.47674418604651164 0.04941860465116277
vt 0.9476744186046512 0.502906976744186
vt 0.9476744186046512 0.5116279069767442
vt 0.9418604651162791 0.5116279069767442
vt 0.9418604651162791 0.502906976744186
vt 0.9476744186046512 0.5261627906976745
vt 0.9476744186046512 0.5348837209302326
vt 0.9418604651162791 0.5348837209302326
vt 0.9418604651162791 0.5261627906976745
vt 0.9476744186046512 0.5494186046511628
vt 0.9476744186046512 0.5581395348837209
vt 0.9418604651162791 0.5581395348837209
vt 0.9418604651162791 0.5494186046511628
vt 0.9534883720930233 0.9505813953488372
vt 0.9534883720930233 0.9534883720930233
vt 0.9186046511627907 0.9534883720930233
vt 0.9186046511627907 0.9505813953488372
vt 0.9534883720930233 0.5784883720930232
vt 0.9534883720930233 0.5813953488372092
vt 0.9186046511627907 0.5813953488372092
vt 0.9186046511627907 0.5784883720930232
vt 0.6191860465116279 0.046511627906976716
vt 0.6191860465116279 0.08139534883720934
vt 0.6162790697674418 0.08139534883720934
vt 0.6162790697674418 0.046511627906976716
vt 0.7005813953488372 0.046511627906976716
vt 0.7005813953488372 0.08139534883720934
vt 0.6976744186046512 0.08139534883720934
vt 0.6976744186046512 0.046511627906976716
vt 0.9447674418604651 0.043604651162790664
vt 0.9447674418604651 0.046511627906976716
vt 0.9418604651162791 0.046511627906976716
vt 0.9418604651162791 0.043604651162790664
vt 0.9563953488372093 0.09011627906976749
vt 0.9563953488372093 0.09302325581395354
vt 0.9534883720930233 0.09302325581395354
vt 0.9534883720930233 0.09011627906976749
vt 0.48401162790697677 0.8677325581395349
vt 0.48401162790697677 0.9069767441860466
vt 0.4418604651162791 0.9069767441860466
vt 0.4418604651162791 0.8677325581395349
vt 0.22819767441860464 0.5188953488372092
vt 0.22819767441860464 0.5581395348837209
vt 0.18604651162790697 0.5581395348837209
vt 0.18604651162790697 0.5188953488372092
vt 0.1569767441860465 0.10901162790697672
vt 0.1569767441860465 0.15116279069767447
vt 0.1511627906976744 0.15116279069767447
vt 0.1511627906976744 0.10901162790697672
vt 0.29651162790697677 0.10901162790697672
vt 0.29651162790697677 0.15116279069767447
vt 0.29069767441860467 0.15116279069767447
vt 0.29069767441860467 0.10901162790697672
vt 0.8662790697674418 0.1468023255813954
vt 0.8662790697674418 0.18604651162790697
vt 0.8604651162790697 0.18604651162790697
vt 0.8604651162790697 0.1468023255813954
vt 0.8081395348837209 0.10029069767441856
vt 0.8081395348837209 0.13953488372093026
vt 0.8023255813953488 0.13953488372093026
vt 0.8023255813953488 0.10029069767441856
vt 0.2877906976744186 0.4607558139534884
vt 0.2877906976744186 0.5
vt 0.2558139534883721 0.5
vt 0.2558139534883721 0.4607558139534884
vt 0.5087209302325582 0.4491279069767442
vt 0.5087209302325582 0.4883720930232558
vt 0.47674418604651164 0.4883720930232558
vt 0.47674418604651164 0.4491279069767442
vt 0.7819767441860465 0.27034883720930236
vt 0.7819767441860465 0.3023255813953488
vt 0.7674418604651163 0.3023255813953488
vt 0.7674418604651163 0.27034883720930236
vt 0.7819767441860465 0.22383720930232553
vt 0.7819767441860465 0.2558139534883721
vt 0.7674418604651163 0.2558139534883721
vt 0.7674418604651163 0.22383720930232553
vt 0.39825581395348836 0.23982558139534882
vt 0.39825581395348836 0.2790697674418605
vt 0.38372093023255816 0.2790697674418605
vt 0.38372093023255816 0.23982558139534882
vt 0.3633720930232558 0.23982558139534882
vt 0.3633720930232558 0.2790697674418605
vt 0.3488372093023256 0.2790697674418605
vt 0.3488372093023256 0.23982558139534882
vt 0.03197674418604651 0.13226744186046513
vt 0.03197674418604651 0.13953488372093026
vt 0 0.13953488372093026
vt 0 0.13226744186046513
vt 0.8924418604651163 0.8183139534883721
vt 0.8924418604651163 0.8255813953488372
vt 0.8604651162790697 0.8255813953488372
vt 0.8604651162790697 0.8183139534883721
vt 0.7936046511627907 0.9680232558139534
vt 0.7936046511627907 1
vt 0.7790697674418605 1
vt 0.7790697674418605 0.9680232558139534
vt 0.08430232558139535 0.18895348837209303
vt 0.08430232558139535 0.22093023255813948
vt 0.06976744186046512 0.22093023255813948
vt 0.06976744186046512 0.18895348837209303
vt 0.9215116279069767 0.5973837209302326
vt 0.9215116279069767 0.6046511627906976
vt 0.9069767441860465 0.6046511627906976
vt 0.9069767441860465 0.5973837209302326
vt 0.9215116279069767 0.6438953488372092
vt 0.9215116279069767 0.6511627906976745
vt 0.9069767441860465 0.6511627906976745
vt 0.9069767441860465 0.6438953488372092
vt 0.8168604651162791 0.19476744186046513
vt 0.8168604651162791 0.2093023255813954
vt 0.7906976744186046 0.2093023255813954
vt 0.7906976744186046 0.19476744186046513
vt 0.02616279069767442 0.18313953488372092
vt 0.02616279069767442 0.19767441860465118
vt 0 0.19767441860465118
vt 0 0.18313953488372092
vt 0.8168604651162791 0.8924418604651163
vt 0.8168604651162791 0.9186046511627907
vt 0.8023255813953488 0.9186046511627907
vt 0.8023255813953488 0.8924418604651163
vt 0.8168604651162791 0.8459302325581395
vt 0.8168604651162791 0.872093023255814
vt 0.8023255813953488 0.872093023255814
vt 0.8023255813953488 0.8459302325581395
vt 0.8866279069767442 0.6482558139534884
vt 0.8866279069767442 0.6627906976744187
vt 0.872093023255814 0.6627906976744187
vt 0.872093023255814 0.6482558139534884
vt 0.32848837209302323 0.1133720930232558
vt 0.32848837209302323 0.12790697674418605
vt 0.313953488372093 0.12790697674418605
vt 0.313953488372093 0.1133720930232558
vt 0.8488372093023255 0.37209302325581395
vt 0.8488372093023255 0.38372093023255816
vt 0.8255813953488372 0.38372093023255816
vt 0.8255813953488372 0.37209302325581395
vt 0.6976744186046512 0.16279069767441856
vt 0.6976744186046512 0.17441860465116277
vt 0.6744186046511628 0.17441860465116277
vt 0.6744186046511628 0.16279069767441856
vt 0.11337209302325581 0.10465116279069764
vt 0.11337209302325581 0.12790697674418605
vt 0.10465116279069768 0.12790697674418605
vt 0.10465116279069768 0.10465116279069764
vt 0.18313953488372092 0.10465116279069764
vt 0.18313953488372092 0.12790697674418605
vt 0.1744186046511628 0.12790697674418605
vt 0.1744186046511628 0.10465116279069764
vt 0.9273255813953488 0.34883720930232553
vt 0.9273255813953488 0.36046511627906974
vt 0.9186046511627907 0.36046511627906974
vt 0.9186046511627907 0.34883720930232553
vt 0.9273255813953488 0.5465116279069768
vt 0.9273255813953488 0.5581395348837209
vt 0.9186046511627907 0.5581395348837209
vt 0.9186046511627907 0.5465116279069768
vt 0.8851744186046512 0.7950581395348837
vt 0.8851744186046512 0.8023255813953488
vt 0.8604651162790697 0.8023255813953488
vt 0.8604651162790697 0.7950581395348837
vt 0.8851744186046512 0.5857558139534884
vt 0.8851744186046512 0.5930232558139534
vt 0.8604651162790697 0.5930232558139534
vt 0.8604651162790697 0.5857558139534884
vt 0.8168604651162791 0.44040697674418605
vt 0.8168604651162791 0.4651162790697675
vt 0.8023255813953488 0.4651162790697675
vt 0.8023255813953488 0.44040697674418605
vt 0.8168604651162791 0.2776162790697675
vt 0.8168604651162791 0.3023255813953488
vt 0.8023255813953488 0.3023255813953488
vt 0.8023255813953488 0.2776162790697675
vt 0.9215116279069767 0.5159883720930232
vt 0.9215116279069767 0.5232558139534884
vt 0.9069767441860465 0.5232558139534884
vt 0.9069767441860465 0.5159883720930232
vt 0.4563953488372093 0.08575581395348841
vt 0.4563953488372093 0.09302325581395354
vt 0.4418604651162791 0.09302325581395354
vt 0.4418604651162791 0.08575581395348841
vt 0.8968023255813954 0.9462209302325582
vt 0.8968023255813954 0.9534883720930233
vt 0.872093023255814 0.9534883720930233
vt 0.872093023255814 0.9462209302325582
vt 0.8968023255813954 0.2834302325581395
vt 0.8968023255813954 0.2906976744186046
vt 0.872093023255814 0.2906976744186046
vt 0.872093023255814 0.2834302325581395
vt 0.8343023255813954 0.11482558139534882
vt 0.8343023255813954 0.13953488372093026
vt 0.8255813953488372 0.13953488372093026
vt 0.8255813953488372 0.11482558139534882
vt 0.8808139534883721 0.9752906976744186
vt 0.8808139534883721 1
vt 0.872093023255814 1
vt 0.872093023255814 0.9752906976744186
vt 0.9505813953488372 0.5973837209302326
vt 0.9505813953488372 0.6046511627906976
vt 0.9418604651162791 0.6046511627906976
vt 0.9418604651162791 0.5973837209302326
vt 0.9505813953488372 0.6438953488372092
vt 0.9505813953488372 0.6511627906976745
vt 0.9418604651162791 0.6511627906976745
vt 0.9418604651162791 0.6438953488372092
vt 0.41569767441860467 0.6671511627906976
vt 0.41569767441860467 0.7093023255813953
vt 0.37209302325581395 0.7093023255813953
vt 0.37209302325581395 0.6671511627906976
vt 0.10174418604651163 0.5741279069767442
vt 0.10174418604651163 0.6162790697674418
vt 0.05813953488372093 0.6162790697674418
vt 0.05813953488372093 0.5741279069767442
vt 0.8546511627906976 0.9563953488372093
vt 0.8546511627906976 1
vt 0.8488372093023255 1
vt 0.8488372093023255 0.9563953488372093
vt 0.13372093023255813 0.10755813953488369
vt 0.13372093023255813 0.15116279069767447
vt 0.12790697674418605 0.15116279069767447
vt 0.12790697674418605 0.10755813953488369
vt 0.5755813953488372 0.10901162790697672
vt 0.5755813953488372 0.15116279069767447
vt 0.5697674418604651 0.15116279069767447
vt 0.5697674418604651 0.10901162790697672
vt 0.4476744186046512 0.10901162790697672
vt 0.4476744186046512 0.15116279069767447
vt 0.4418604651162791 0.15116279069767447
vt 0.4418604651162791 0.10901162790697672
vt 0.39825581395348836 0.1133720930232558
vt 0.39825581395348836 0.12790697674418605
vt 0.38372093023255816 0.12790697674418605
vt 0.38372093023255816 0.1133720930232558
vt 0.8866279069767442 0.5087209302325582
vt 0.8866279069767442 0.5232558139534884
vt 0.872093023255814 0.5232558139534884
vt 0.872093023255814 0.5087209302325582
vt 0.8866279069767442 0.47383720930232553
vt 0.8866279069767442 0.4883720930232558
vt 0.872093023255814 0.4883720930232558
vt 0.872093023255814 0.47383720930232553
vt 0.6075581395348837 0.1133720930232558
vt 0.6075581395348837 0.12790697674418605
vt 0.5930232558139535 0.12790697674418605
vt 0.5930232558139535 0.1133720930232558
vt 0.4796511627906977 0.1133720930232558
vt 0.4796511627906977 0.12790697674418605
vt 0.46511627906976744 0.12790697674418605
vt 0.46511627906976744 0.1133720930232558
vt 0.3633720930232558 0.1133720930232558
vt 0.3633720930232558 0.12790697674418605
vt 0.3488372093023256 0.12790697674418605
vt 0.3488372093023256 0.1133720930232558
vt 0.18604651162790697 0.5188953488372092
vt 0.18604651162790697 0.5581395348837209
vt 0.22819767441860464 0.5581395348837209
vt 0.22819767441860464 0.5188953488372092
vt 0.4418604651162791 0.8677325581395349
vt 0.4418604651162791 0.9069767441860466
vt 0.48401162790697677 0.9069767441860466
vt 0.48401162790697677 0.8677325581395349
vt 0.1569767441860465 0.15116279069767447
vt 0.1569767441860465 0.10901162790697672
vt 0.1511627906976744 0.10901162790697672
vt 0.1511627906976744 0.15116279069767447
vt 0.29651162790697677 0.10901162790697672
vt 0.29651162790697677 0.15116279069767447
vt 0.29069767441860467 0.15116279069767447
vt 0.29069767441860467 0.10901162790697672
vt 0.8604651162790697 0.1468023255813954
vt 0.8604651162790697 0.18604651162790697
vt 0.8662790697674418 0.18604651162790697
vt 0.8662790697674418 0.1468023255813954
vt 0.8023255813953488 0.10029069767441856
vt 0.8023255813953488 0.13953488372093026
vt 0.8081395348837209 0.13953488372093026
vt 0.8081395348837209 0.10029069767441856
vt 0.47674418604651164 0.4491279069767442
vt 0.47674418604651164 0.4883720930232558
vt 0.5087209302325582 0.4883720930232558
vt 0.5087209302325582 0.4491279069767442
vt 0.2558139534883721 0.4607558139534884
vt 0.2558139534883721 0.5
vt 0.2877906976744186 0.5
vt 0.2877906976744186 0.4607558139534884
vt 0.7819767441860465 0.3023255813953488
vt 0.7819767441860465 0.27034883720930236
vt 0.7674418604651163 0.27034883720930236
vt 0.7674418604651163 0.3023255813953488
vt 0.7819767441860465 0.22383720930232553
vt 0.7819767441860465 0.2558139534883721
vt 0.7674418604651163 0.2558139534883721
vt 0.7674418604651163 0.22383720930232553
vt 0.38372093023255816 0.23982558139534882
vt 0.38372093023255816 0.2790697674418605
vt 0.39825581395348836 0.2790697674418605
vt 0.39825581395348836 0.23982558139534882
vt 0.3488372093023256 0.23982558139534882
vt 0.3488372093023256 0.2790697674418605
vt 0.3633720930232558 0.2790697674418605
vt 0.3633720930232558 0.23982558139534882
vt 0.8604651162790697 0.8183139534883721
vt 0.8604651162790697 0.8255813953488372
vt 0.8924418604651163 0.8255813953488372
vt 0.8924418604651163 0.8183139534883721
vt 0 0.13226744186046513
vt 0 0.13953488372093026
vt 0.03197674418604651 0.13953488372093026
vt 0.03197674418604651 0.13226744186046513
vt 0.7936046511627907 1
vt 0.7936046511627907 0.9680232558139534
vt 0.7790697674418605 0.9680232558139534
vt 0.7790697674418605 1
vt 0.08430232558139535 0.18895348837209303
vt 0.08430232558139535 0.22093023255813948
vt 0.06976744186046512 0.22093023255813948
vt 0.06976744186046512 0.18895348837209303
vt 0.9069767441860465 0.5973837209302326
vt 0.9069767441860465 0.6046511627906976
vt 0.9215116279069767 0.6046511627906976
vt 0.9215116279069767 0.5973837209302326
vt 0.9069767441860465 0.6438953488372092
vt 0.9069767441860465 0.6511627906976745
vt 0.9215116279069767 0.6511627906976745
vt 0.9215116279069767 0.6438953488372092
vt 0 0.18313953488372092
vt 0 0.19767441860465118
vt 0.02616279069767442 0.19767441860465118
vt 0.02616279069767442 0.18313953488372092
vt 0.7906976744186046 0.19476744186046513
vt 0.7906976744186046 0.2093023255813954
vt 0.8168604651162791 0.2093023255813954
vt 0.8168604651162791 0.19476744186046513
vt 0.8168604651162791 0.9186046511627907
vt 0.8168604651162791 0.8924418604651163
vt 0.8023255813953488 0.8924418604651163
vt 0.8023255813953488 0.9186046511627907
vt 0.8168604651162791 0.8459302325581395
vt 0.8168604651162791 0.872093023255814
vt 0.8023255813953488 0.872093023255814
vt 0.8023255813953488 0.8459302325581395
vt 0.872093023255814 0.6482558139534884
vt 0.872093023255814 0.6627906976744187
vt 0.8866279069767442 0.6627906976744187
vt 0.8866279069767442 0.6482558139534884
vt 0.313953488372093 0.1133720930232558
vt 0.313953488372093 0.12790697674418605
vt 0.32848837209302323 0.12790697674418605
vt 0.32848837209302323 0.1133720930232558
vt 0.6744186046511628 0.16279069767441856
vt 0.6744186046511628 0.17441860465116277
vt 0.6976744186046512 0.17441860465116277
vt 0.6976744186046512 0.16279069767441856
vt 0.8255813953488372 0.37209302325581395
vt 0.8255813953488372 0.38372093023255816
vt 0.8488372093023255 0.38372093023255816
vt 0.8488372093023255 0.37209302325581395
vt 0.11337209302325581 0.12790697674418605
vt 0.11337209302325581 0.10465116279069764
vt 0.10465116279069768 0.10465116279069764
vt 0.10465116279069768 0.12790697674418605
vt 0.18313953488372092 0.10465116279069764
vt 0.18313953488372092 0.12790697674418605
vt 0.1744186046511628 0.12790697674418605
vt 0.1744186046511628 0.10465116279069764
vt 0.9186046511627907 0.34883720930232553
vt 0.9186046511627907 0.36046511627906974
vt 0.9273255813953488 0.36046511627906974
vt 0.9273255813953488 0.34883720930232553
vt 0.9186046511627907 0.5465116279069768
vt 0.9186046511627907 0.5581395348837209
vt 0.9273255813953488 0.5581395348837209
vt 0.9273255813953488 0.5465116279069768
vt 0.8604651162790697 0.5857558139534884
vt 0.8604651162790697 0.5930232558139534
vt 0.8851744186046512 0.5930232558139534
vt 0.8851744186046512 0.5857558139534884
vt 0.8604651162790697 0.7950581395348837
vt 0.8604651162790697 0.8023255813953488
vt 0.8851744186046512 0.8023255813953488
vt 0.8851744186046512 0.7950581395348837
vt 0.8168604651162791 0.4651162790697675
vt 0.8168604651162791 0.44040697674418605
vt 0.8023255813953488 0.44040697674418605
vt 0.8023255813953488 0.4651162790697675
vt 0.8168604651162791 0.2776162790697675
vt 0.8168604651162791 0.3023255813953488
vt 0.8023255813953488 0.3023255813953488
vt 0.8023255813953488 0.2776162790697675
vt 0.9069767441860465 0.5159883720930232
vt 0.9069767441860465 0.5232558139534884
vt 0.9215116279069767 0.5232558139534884
vt 0.9215116279069767 0.5159883720930232
vt 0.4418604651162791 0.08575581395348841
vt 0.4418604651162791 0.09302325581395354
vt 0.4563953488372093 0.09302325581395354
vt 0.4563953488372093 0.08575581395348841
vt 0.872093023255814 0.2834302325581395
vt 0.872093023255814 0.2906976744186046
vt 0.8968023255813954 0.2906976744186046
vt 0.8968023255813954 0.2834302325581395
vt 0.872093023255814 0.9462209302325582
vt 0.872093023255814 0.9534883720930233
vt 0.8968023255813954 0.9534883720930233
vt 0.8968023255813954 0.9462209302325582
vt 0.8343023255813954 0.13953488372093026
vt 0.8343023255813954 0.11482558139534882
vt 0.8255813953488372 0.11482558139534882
vt 0.8255813953488372 0.13953488372093026
vt 0.8808139534883721 0.9752906976744186
vt 0.8808139534883721 1
vt 0.872093023255814 1
vt 0.872093023255814 0.9752906976744186
vt 0.9418604651162791 0.5973837209302326
vt 0.9418604651162791 0.6046511627906976
vt 0.9505813953488372 0.6046511627906976
vt 0.9505813953488372 0.5973837209302326
vt 0.9418604651162791 0.6438953488372092
vt 0.9418604651162791 0.6511627906976745
vt 0.9505813953488372 0.6511627906976745
vt 0.9505813953488372 0.6438953488372092
vt 0.05813953488372093 0.5741279069767442
vt 0.05813953488372093 0.6162790697674418
vt 0.10174418604651163 0.6162790697674418
vt 0.10174418604651163 0.5741279069767442
vt 0.37209302325581395 0.6671511627906976
vt 0.37209302325581395 0.7093023255813953
vt 0.41569767441860467 0.7093023255813953
vt 0.41569767441860467 0.6671511627906976
vt 0.8546511627906976 1
vt 0.8546511627906976 0.9563953488372093
vt 0.8488372093023255 0.9563953488372093
vt 0.8488372093023255 1
vt 0.13372093023255813 0.10755813953488369
vt 0.13372093023255813 0.15116279069767447
vt 0.12790697674418605 0.15116279069767447
vt 0.12790697674418605 0.10755813953488369
vt 0.5697674418604651 0.10901162790697672
vt 0.5697674418604651 0.15116279069767447
vt 0.5755813953488372 0.15116279069767447
vt 0.5755813953488372 0.10901162790697672
vt 0.4418604651162791 0.10901162790697672
vt 0.4418604651162791 0.15116279069767447
vt 0.4476744186046512 0.15116279069767447
vt 0.4476744186046512 0.10901162790697672
vt 0.872093023255814 0.5087209302325582
vt 0.872093023255814 0.5232558139534884
vt 0.8866279069767442 0.5232558139534884
vt 0.8866279069767442 0.5087209302325582
vt 0.38372093023255816 0.1133720930232558
vt 0.38372093023255816 0.12790697674418605
vt 0.39825581395348836 0.12790697674418605
vt 0.39825581395348836 0.1133720930232558
vt 0.8866279069767442 0.4883720930232558
vt 0.8866279069767442 0.47383720930232553
vt 0.872093023255814 0.47383720930232553
vt 0.872093023255814 0.4883720930232558
vt 0.6075581395348837 0.1133720930232558
vt 0.6075581395348837 0.12790697674418605
vt 0.5930232558139535 0.12790697674418605
vt 0.5930232558139535 0.1133720930232558
vt 0.46511627906976744 0.1133720930232558
vt 0.46511627906976744 0.12790697674418605
vt 0.4796511627906977 0.12790697674418605
vt 0.4796511627906977 0.1133720930232558
vt 0.3488372093023256 0.1133720930232558
vt 0.3488372093023256 0.12790697674418605
vt 0.3633720930232558 0.12790697674418605
vt 0.3633720930232558 0.1133720930232558
vt 0.938953488372093 0.4215116279069767
vt 0.938953488372093 0.43023255813953487
vt 0.9302325581395349 0.43023255813953487
vt 0.9302325581395349 0.4215116279069767
vt 0.6482558139534884 0.061046511627906974
vt 0.6482558139534884 0.06976744186046513
vt 0.6395348837209303 0.06976744186046513
vt 0.6395348837209303 0.061046511627906974
vt 0.7790697674418605 0.07267441860465118
vt 0.7790697674418605 0.08139534883720934
vt 0.7674418604651163 0.08139534883720934
vt 0.7674418604651163 0.07267441860465118
vt 0.8023255813953488 0.07267441860465118
vt 0.8023255813953488 0.08139534883720934
vt 0.7906976744186046 0.08139534883720934
vt 0.7906976744186046 0.07267441860465118
vt 0.7325581395348837 0.07267441860465118
vt 0.7325581395348837 0.08139534883720934
vt 0.7209302325581395 0.08139534883720934
vt 0.7209302325581395 0.07267441860465118
vt 0.9302325581395349 0.29360465116279066
vt 0.9302325581395349 0.3023255813953488
vt 0.9186046511627907 0.3023255813953488
vt 0.9186046511627907 0.29360465116279066
vt 0.6482558139534884 0.061046511627906974
vt 0.6482558139534884 0.06976744186046513
vt 0.6395348837209303 0.06976744186046513
vt 0.6395348837209303 0.061046511627906974
vt 0.938953488372093 0.4215116279069767
vt 0.938953488372093 0.43023255813953487
vt 0.9302325581395349 0.43023255813953487
vt 0.9302325581395349 0.4215116279069767
vt 0.7674418604651163 0.08139534883720934
vt 0.7674418604651163 0.07267441860465118
vt 0.7790697674418605 0.07267441860465118
vt 0.7790697674418605 0.08139534883720934
vt 0.7906976744186046 0.07267441860465118
vt 0.7906976744186046 0.08139534883720934
vt 0.8023255813953488 0.08139534883720934
vt 0.8023255813953488 0.07267441860465118
vt 0.7325581395348837 0.07267441860465118
vt 0.7325581395348837 0.08139534883720934
vt 0.7209302325581395 0.08139534883720934
vt 0.7209302325581395 0.07267441860465118
vt 0.9302325581395349 0.29360465116279066
vt 0.9302325581395349 0.3023255813953488
vt 0.9186046511627907 0.3023255813953488
vt 0.9186046511627907 0.29360465116279066
vt 0.5348837209302325 0.8488372093023255
vt 0.5348837209302325 0.8488372093023255
vt 0.5 0.8488372093023255
vt 0.5 0.8488372093023255
vt 0.5348837209302325 0.8488372093023255
vt 0.5 0.8488372093023255
vt 0.5348837209302325 0.8488372093023255
vt 0.5 0.8488372093023255
vt 0.18604651162790697 0.8837209302325582
vt 0.18604651162790697 0.9186046511627907
vt 0.16279069767441862 0.9186046511627907
vt 0.16279069767441862 0.8837209302325582
vt 0.6627906976744186 0.4767441860465116
vt 0.6627906976744186 0.5116279069767442
vt 0.6395348837209303 0.5116279069767442
vt 0.6395348837209303 0.4767441860465116
vt 0.4186046511627907 0.6511627906976745
vt 0.3953488372093023 0.6511627906976745
vt 0.4186046511627907 0.6511627906976745
vt 0.3953488372093023 0.6511627906976745
vt 0.4186046511627907 0.6511627906976745
vt 0.3953488372093023 0.6511627906976745
vt 0.4186046511627907 0.6511627906976745
vt 0.3953488372093023 0.6511627906976745
vn 0.0008501396861588907 -0.04353624527133667 0.9990514864661321
vn -0.9817985859935777 -0.18984439623392102 0.005535499940359183
vn 1 0 2.5831116759467143e-17
vn -1 -8.673617379884035e-19 -2.5776906650842868e-17
vn 4.883246584874713e-16 0.9990482215818579 0.043619387365336486
vn -4.883246584874713e-16 -0.9990482215818579 -0.043619387365335195
vn 7.443566721793181e-17 -0.04361938736533592 0.9990482215818578
vn -7.443524370145818e-17 0.04361938736533592 -0.9990482215818578
vn 0.35290857793229896 -0.44148354949083757 0.8249532175528342
vn -0.36016831256794424 0.30315503179232817 -0.8822560928216662
vn 0.20709715423802852 0.4493471740073695 0.8690212229388309
vn 0.012466256907791433 -0.9683852973838721 -0.24914756320192835
vn -0.7138660154454991 -0.2788474338277145 0.6423701585843358
vn 0.9777562324478795 0.0802667945999149 -0.19377820206097401
vn 0.9396155384999642 -0.06721719242015688 0.3355659232588646
vn -0.9690837123748494 0.17693592880858253 -0.1719605638116615
vn 0.35367735738174727 0.7719210189729302 0.5282520869274981
vn -0.11833193033781093 -0.9669538629814635 -0.2258268830935613
vn -0.3007142148024506 0.03149383656255507 0.9531941561268181
vn 0.48130274418361235 0.31219274343165915 -0.8190746970758763
vn 0.38268343236508867 -0.8338800705567159 0.3977403908601707
vn -0.39487622657220034 0.8405128925065173 -0.370959355210821
vn 0.11957256651979781 0.14840341560571704 0.9816714458373665
vn -2.402592014227878e-16 -0.4305110968082952 -0.9025852843498606
vn -0.8376419812213489 -0.4930098224498842 0.23515362268846107
vn 0.9309004181843962 0.33746836259712876 -0.13978381762610934
vn 0.3826834323650894 -0.923879532511287 1.387778780781446e-17
vn -0.39578863245487045 0.9183416349156254 -9.228728892196616e-16
vn 0.012432373244802947 -0.03001440410008725 0.9994721465063541
vn 0.002460875569400588 -0.005941079174959993 -0.9999793236210781
vn -0.8400002841449719 -0.542585958753419 -2.775557561562892e-17
vn 0.9317574630204246 0.36308129958143265 -3.469446951953615e-17
vn 0.43374025403808375 -0.8132635966581784 -0.38790683724005504
vn -0.3215093377368051 0.8546637896301381 0.40765371633666236
vn -0.17548600535992112 0.36103353501789104 -0.9158927057878031
vn -1.1362438767648086e-16 -0.43051109680829486 0.9025852843498607
vn 0.9999931683045918 -0.0023871700528440816 -0.0028221912201913777
vn -0.8599259326507903 -0.47109370395976263 -0.19646402328197446
vn 0.3200125847061416 0.049583780587781796 -0.9461148948897895
vn -0.17651608529104154 0.13638450004028912 0.974803231315062
vn -0.028671872177260704 0.9827764991754263 -0.18256033636675875
vn -3.353220479063169e-15 -0.9986295347545743 -0.05233595624293663
vn 0.9999783480968372 -0.0017701923448733147 0.006337961547921735
vn -0.8721723815218217 0.35814658464875 -0.33323619373499885
vn 0.35712969060814365 0.145751209447787 -0.9226131199103116
vn -0.35712969060814365 -0.14575120944778674 0.9226131199103116
vn -0.25846464036355127 0.9646019397713659 0.05233667424529675
vn 0.25846464036355216 -0.9646019397713657 -0.05233667424529673
vn 0.897582538693725 0.21977188795163102 0.38215952624303834
vn -0.8975825386937241 -0.2197718879516305 -0.3821595262430408
vn -0.9762960071199337 0.21643961393810207 -4.5102810375396997e-17
vn 0.9761155290691964 -0.21639960291753038 -0.01922721423134314
vn 0.21643961393810415 0.9762960071199333 -1.0200174038743628e-15
vn -0.21643961393810404 -0.9762960071199331 -3.191891195797325e-16
vn 6.160436744062636e-16 -5.620504062164855e-16 -1
vn -2.571456502592495e-16 -2.1510571102112408e-16 1
vn -0.9618016765067002 0.24746777243894647 0.1170351941640072
vn 0.9773289465621102 -0.19049555409267932 -0.09240981594354125
vn 0.2115363381332799 0.8970331865749507 0.38805133659395163
vn -0.20566340511192369 -0.9578478275124119 -0.20057443288595253
vn -0.008972617285768605 0.3988018380776515 -0.9169932312099855
vn 0.0066166221989713055 -0.40876550127498507 0.9126154640800728
vn -0.9797793701432164 0.15475086331286592 -0.1268249034917236
vn 0.9677004262304737 -0.22758581483342594 0.10844621690019954
vn 0.21287172618942188 0.9084687438442441 -0.3596806495312156
vn -0.04145770496872237 -0.9163900347041585 0.3981338506000685
vn 0.02620000845994267 -0.4073613982641968 -0.912891149459199
vn -0.0345138284865965 0.4036445464475152 0.9142646639602656
vn -0.352908577932299 -0.441483549490838 0.824953217552834
vn 0.3601683125679435 0.3031550317923276 -0.8822560928216666
vn -0.207097154238029 0.44934717400736884 0.869021222938831
vn -0.012466256907790681 -0.968385297383871 -0.24914756320193174
vn 0.7138660154455009 -0.2788474338277143 0.6423701585843343
vn -0.9777562324478796 0.08026679459991488 -0.19377820206097374
vn -0.9396155384999642 -0.06721719242015685 0.33556592325886464
vn 0.9690837123748494 0.1769359288085829 -0.17196056381166136
vn -0.3536773573817515 0.7719210189729276 0.5282520869274991
vn 0.1183319303378097 -0.9669538629814636 -0.22582688309356144
vn 0.3007142148024466 0.031493836562555035 0.9531941561268193
vn -0.481302744183619 0.3121927434316563 -0.8190746970758735
vn -0.38268343236508867 -0.8338800705567159 0.39774039086017066
vn 0.39487622657219973 0.8405128925065182 -0.3709593552108197
vn -0.11957256651979727 0.14840341560571788 0.9816714458373663
vn 3.5605199344423966e-16 -0.43051109680829425 -0.9025852843498611
vn 0.837641981221348 -0.4930098224498856 0.23515362268846146
vn -0.9309004181843955 0.337468362597131 -0.13978381762610917
vn -0.3826834323650895 -0.923879532511287 6.93889390390723e-18
vn 0.3957886324548711 0.9183416349156251 -8.604228440844967e-16
vn -0.012432373244802637 -0.030014404100086614 0.9994721465063541
vn -0.0024608755694011247 -0.005941079174960673 -0.9999793236210781
vn 0.8400002841449705 -0.5425859587534211 -5.551115123125784e-17
vn -0.9317574630204242 0.36308129958143415 -5.551115123125784e-17
vn -0.4337402540380816 -0.8132635966581783 -0.38790683724005764
vn 0.3215093377368046 0.8546637896301383 0.4076537163366624
vn 0.17548600535992043 0.3610335350178912 -0.9158927057878032
vn -2.32019264911898e-17 -0.4305110968082944 0.9025852843498611
vn -0.9999931683045917 -0.002387170052843966 -0.002822191220191298
vn 0.8599259326507909 -0.4710937039597612 -0.19646402328197476
vn -0.32001258470614163 0.049583780587781866 -0.9461148948897896
vn 0.1765160852910416 0.13638450004028907 0.974803231315062
vn 0.028671872177259448 0.9827764991754266 -0.18256033636675795
vn 4.552781762701131e-15 -0.9986295347545743 -0.05233595624293667
vn -0.9999783480968372 -0.0017701923448733147 0.006337961547921646
vn 0.872172381521822 0.35814658464875 -0.3332361937349983
vn -0.3571296906081437 0.14575120944778694 -0.9226131199103116
vn 0.35712969060814387 -0.14575120944778705 0.9226131199103116
vn 0.2584646403635478 0.9646019397713677 0.05233667424528413
vn -0.2584646403635532 -0.9646019397713652 -0.05233667424530022
vn -0.8975825386937252 0.219771887951631 0.3821595262430378
vn 0.897582538693726 -0.21977188795163075 -0.3821595262430367
vn 0.9762960071199337 0.21643961393810193 -6.591949208711868e-17
vn -0.9761155290691966 -0.21639960291753027 -0.01922721423134341
vn -0.21643961393810876 0.9762960071199321 -1.02695629777827e-15
vn 0.2164396139381026 -0.9762960071199336 -3.400058012914543e-16
vn 1.0148132334464322e-15 6.245004513516506e-17 -1
vn -6.473229070824704e-16 -1.3877787807814457e-16 1
vn 0.9618016765067003 0.247467772438946 0.11703519416400664
vn -0.9773289465621102 -0.19049555409267904 -0.0924098159435406
vn -0.21153633813328038 0.8970331865749516 0.38805133659394986
vn 0.20566340511192316 -0.9578478275124122 -0.20057443288595259
vn 0.008972617285768716 0.39880183807765146 -0.9169932312099855
vn -0.006616622198972283 -0.4087655012749845 0.912615464080073
vn 0.9797793701432163 0.15475086331286625 -0.12682490349172384
vn -0.9677004262304739 -0.2275858148334256 0.10844621690019997
vn -0.2128717261894153 0.9084687438442449 -0.35968064953121753
vn 0.041457704968725875 -0.9163900347041585 0.3981338506000681
vn -0.026200008459945523 -0.4073613982641987 -0.9128911494591979
vn 0.03451382848659849 0.4036445464475147 0.9142646639602658
vn 1 -1.8214596497756478e-17 -4.72305571388998e-16
vn -1 -2.6020852139652113e-17 2.306640121962911e-16
vn 1.505956817582366e-16 0.14780941112961019 -0.989015863361917
vn -1.4961989980299964e-16 -0.14780941112961107 0.9890158633619169
vn 1.4944642745540197e-15 0.9890158633619157 0.1478094111296193
vn -1.4970663597679845e-15 -0.9890158633619168 -0.1478094111296105
vn 1 6.852157730108389e-17 1.2305694657710478e-17
vn -1 4.6837533851373804e-17 8.158621347953422e-18
vn 1.5152809562657414e-15 1 1.1865508575681362e-15
vn -1.4944642745540197e-15 -1 -1.02695629777827e-15
vn 7.760177049564997e-17 1.6653345369377343e-16 1
vn 3.689268942425049e-16 -1.3183898417423731e-16 -1
vn 1 3.41740524767431e-16 -1.920664148558071e-16
vn -1 5.551115123125783e-17 -2.9002408113987244e-18
vn 1.5360976379774633e-15 0.9238795325112866 -0.38268343236509056
vn -1.0824674490095278e-15 -0.9238795325112864 0.38268343236509056
vn 2.4459601011272975e-16 0.3826834323650845 0.923879532511289
vn -2.4459601011272975e-16 -0.3826834323650845 -0.923879532511289
vn 1 -1.231653667943533e-16 3.6643322924578836e-16
vn -1 8.933825901280559e-17 -1.4230153513872248e-16
vn -7.426784881525705e-16 0.38268343236508995 -0.9238795325112867
vn -3.686287386450715e-17 -0.38268343236508956 0.9238795325112868
vn 1.55951640490315e-15 0.9238795325112881 0.3826834323650872
vn -1.880440247958859e-15 -0.9238795325112875 -0.3826834323650881
vn 0.9743700647852355 -0.2249510543438647 -2.602085213965211e-16
vn -0.9743700647852351 0.224951054343866 2.498001805406603e-16
vn 0.22495105434386864 0.9743700647852344 1.0200174038743626e-15
vn -0.22495105434386714 -0.9743700647852349 3.885780586188049e-16
vn -2.8055628566864285e-15 6.106226635438362e-16 1
vn -5.828372723684638e-15 1.9914625504213745e-15 -1
vn -0.9743700647852356 -0.2249510543438636 -2.1684043449710089e-16
vn 0.9743700647852352 0.22495105434386525 2.1684043449710094e-16
vn -0.22495105434390547 0.974370064785226 1.0338951916821772e-15
vn 0.22495105434390134 -0.974370064785227 3.816391647148977e-16
vn 4.6414695004104445e-15 1.2420620087993939e-15 1
vn -1.321989392955025e-14 -3.5249581031848712e-15 -1
vn 1 6.158268339717665e-17 -2.710505431213761e-17
vn -1 -6.071532165918825e-17 2.6806898714704097e-17
vn 9.159339953157543e-16 1 -1.5959455978986628e-16
vn -9.4542429440736e-16 -1 1.387778780781446e-16
vn -3.968179951296946e-16 -6.938893903907228e-18 1
vn 3.947038008933479e-16 4.440892098500626e-16 -1
vn 0.9905762488409466 0.01496914738557004 0.13614191073563015
vn -0.9905762488409467 -0.014969147385570754 -0.13614191073562948
vn 0.024428862383111323 0.958760360933794 -0.2831639118686706
vn -0.024428862383112312 -0.9587603609337931 0.28316391186867346
vn -0.13476618980614344 0.2838212376279329 0.9493595626297148
vn 0.13476618980614444 -0.28382123762793215 -0.9493595626297148
vn 0.9658205840150975 0.21664604123033154 -0.14232038614324222
vn -0.9658205840150976 -0.2166460412303315 0.14232038614324136
vn 0.057307576050925894 0.35700073710306457 0.9323445261463361
vn -0.05730757605092527 -0.3570007371030647 -0.9323445261463361
vn 0.25279723341030536 -0.9086335710984346 0.33238320091876133
vn -0.2527972334103032 0.9086335710984345 -0.33238320091876344
vn -1 -6.158268339717665e-17 2.699663409488906e-17
vn 1 6.071532165918825e-17 -2.6806898714704097e-17
vn 9.32413868337534e-16 1 -1.5265566588595905e-16
vn -8.994541222939747e-16 -1 1.4571677198205182e-16
vn 3.4610443851168505e-16 0 1
vn 3.931859178518682e-16 -4.2327252813834093e-16 -1
vn -0.9905762488409467 0.014969147385570387 0.13614191073562987
vn 0.9905762488409466 -0.014969147385569466 -0.13614191073563006
vn -0.024428862383110775 0.9587603609337942 -0.28316391186866985
vn 0.024428862383110678 -0.9587603609337932 0.28316391186867307
vn 0.134766189806146 0.28382123762793154 0.9493595626297147
vn -0.13476618980614702 -0.28382123762793265 -0.9493595626297141
vn -0.9658205840150975 0.21664604123033188 -0.14232038614324208
vn 0.9658205840150975 -0.21664604123033163 0.14232038614324202
vn -0.05730757605092559 0.35700073710306457 0.9323445261463361
vn 0.05730757605092567 -0.35700073710306457 -0.9323445261463361
vn -0.25279723341030597 -0.9086335710984345 0.33238320091876167
vn 0.25279723341030363 0.9086335710984342 -0.332383200918764
vn 1 4.597017211338539e-17 -1.3978076508769366e-16
vn -1 -4.6837533851373804e-17 1.3780209612290764e-16
vn 7.008282842946303e-16 0.9824503977255097 0.18652403600873527
vn -7.016956460326187e-16 -0.9824503977255098 -0.18652403600873507
vn -1.3075478200175186e-16 -0.18652403600873488 0.9824503977255098
vn 1.4018734090237572e-16 0.18652403600873368 -0.9824503977255099
vn 0.7071067811865465 0.6272113751262545 0.32650557562197075
vn -0.6756069914636604 -0.6539593426565075 -0.34042968618745684
vn -0.7071067811865472 0.6272113751262539 0.32650557562197025
vn 0.6756045432627215 -0.6539613326279579 -0.3404307221010393
vn -1.7000290064572714e-16 -0.4617486132350335 0.8870108331782219
vn -0.2396143032914825 0.45784250018366895 -0.8561338859569249
vn 0.35168951292127104 0.11991933697916732 -0.9284039202414411
vn 0.9653154000186203 -0.042423216893568455 -0.2576168650443765
vn -0.35168951292127026 0.11991933697915985 -0.9284039202414425
vn -0.9653154000186205 -0.04242321689357002 -0.2576168650443757
vn 0.29132302137833893 0.08714249900600274 0.952647407009532
vn 0.4294653156585696 0.8453576265423663 0.31769486286835447
vn 0.39612630223701295 0.9179719327159059 -0.020285054149666998
vn 0.36949762285210425 0.8562372511869709 -0.36101146295709835
vn 0.52541027002974 0.302075236150281 -0.7954210204992247
vn -0.07506418775252097 0.23186964649977926 0.9698462943936642
vn -0.07506418775252038 0.2318696464997791 -0.9698462943936642
vn 0.075064187752521 0.2318696464997789 0.9698462943936641
vn 0.07506418775252124 0.23186964649977887 -0.9698462943936643
vn 0.3500881847534445 -0.258818966694733 0.9002505236738877
vn -0.9682314072111208 0.1839883353498246 -0.16934058741239036
vn 0.9682314072111209 0.1839883353498247 -0.16934058741239008
vn -0.35008818475344455 -0.2588189666947325 0.9002505236738877
vn 0.7933533402912363 0.5880183863281612 0.1575590517512824
vn -0.7933533402912365 -0.5880183863281608 -0.1575590517512825
vn 1.4072944198861848e-15 0.2588190451025203 -0.9659258262890684
vn -6.622306869541461e-16 -0.25881904510252024 0.9659258262890684
vn -0.608761429008719 0.7663204807600065 0.205334953963067
vn 0.6087614290087193 -0.7663204807600034 -0.2053349539630778
vn 3.381409735547792e-15 -0.5519369853120583 0.8338858220671682
vn -1.2826979062241512e-14 0.551936985312059 -0.8338858220671678
vn -0.7071067811865528 0.5896463195190076 0.39027838510181573
vn 0.7071067811865448 -0.5896463195190144 -0.3902783851018201
vn -0.7071067811865398 -0.589646319519017 -0.3902783851018251
vn 0.7071067811865459 0.5896463195190131 0.39027838510181945
vn 3.5908775952719907e-16 -0.5519369853120529 0.8338858220671717
vn 9.041812437660114e-15 0.5519369853120571 -0.8338858220671689
vn -0.707106781186548 0.5896463195190154 0.3902783851018124
vn 0.7071067811865485 -0.589646319519012 -0.3902783851018165
vn -0.7071067811865511 -0.5896463195190114 -0.3902783851018131
vn 0.7071067811865474 0.5896463195190155 0.39027838510181345
vn 1.7941377550290135e-15 0.5519369853120545 -0.8338858220671708
vn -1.2142630650968659e-14 -0.5519369853120546 0.8338858220671705
vn 0.7071067811865532 0.5896463195190107 0.3902783851018104
vn -0.7071067811865427 -0.5896463195190169 -0.39027838510181984
vn 0.7071067811865417 -0.5896463195190185 -0.3902783851018192
vn -0.7071067811865542 0.5896463195190103 0.39027838510180907
vn -1.9537323148188794e-15 -0.4771587602596101 0.8788171126619645
vn 2.3288662664988645e-16 0.47715876025960846 -0.8788171126619656
vn 1.966309060019711e-15 0.8788171126619646 0.47715876025961
vn 1.392982951209376e-15 -0.8788171126619657 -0.4771587602596078
vn -1 -1.4571677198205182e-16 3.3889449406465665e-16
vn 1 2.584737979205443e-16 -2.7804364713390766e-16
vn -5.249706919174812e-16 -0.1478094111296122 0.9890158633619166
vn 5.27681197348695e-16 0.1478094111296118 -0.9890158633619167
vn 8.630249292984615e-16 0.989015863361917 0.1478094111296089
vn -8.630249292984617e-16 -0.9890158633619177 -0.14780941112960502
vn -1 -1.7867651802561118e-16 -6.608212241299151e-17
vn 1 -4.857225732735061e-17 3.2498960120253e-17
vn 1 -7.02563007770607e-17 1.3682631416767068e-16
vn -1 4.6837533851373804e-17 -1.4113601780330056e-16
vn 1.413799632921098e-16 0.981627183447665 0.19080899537654003
vn -1.8908485888147202e-16 -0.9816271834476636 -0.1908089953765471
vn -8.901299836105991e-17 -0.19080899537654522 0.981627183447664
vn 8.456776945386935e-17 0.19080899537654594 -0.9816271834476638
vn 1 2.9490299091605727e-17 2.258122074744185e-16
vn -1 -2.8622937353617323e-17 -2.261916782347884e-16
vn 1.4918621893400543e-16 1 -1.5334955527634979e-15
vn -1.5352302762394745e-16 -1 1.568190022283034e-15
vn 1.1275702593849246e-17 1.3877787807814457e-17 1
vn -8.66277535815918e-17 -1.3877787807814457e-17 -1
vn 1 6.245004513516506e-17 8.456776945386935e-18
vn -1 -8.847089727481719e-17 -8.18572640226556e-18
vn 1.6826817716975034e-16 1 -6.383782391594651e-16
vn -1.4484941024406342e-16 -1 -1.4571677198205182e-16
vn 8.792879618857438e-17 -1.3877787807814454e-17 1
vn 3.5339569812165017e-16 -1.4779844015322396e-15 -1
vn 0.9998476951563914 0.017452406437283633 8.153200337090995e-17
vn -0.9998476951563914 -0.017452406437283487 -3.794707603699266e-18
vn -0.017452406437283043 0.9998476951563913 1.8735013540549522e-16
vn 0.017452406437286513 -0.9998476951563913 -1.9428902930940244e-16
vn 6.255033383611996e-16 1.1796119636642288e-16 1
vn -1.5227077411472667e-15 1.6653345369377348e-16 -1
vn 0.9998476951563913 -0.017452406437283515 -1.9515639104739084e-18
vn -0.9998476951563913 0.017452406437283935 -7.405100838075997e-17
vn 0.01745240643728437 0.9998476951563914 2.0122792321330967e-16
vn -0.01745240643728783 -0.9998476951563912 -2.081668171172169e-16
vn -8.451355934524507e-17 -4.163336342344337e-17 1
vn 9.63964151556862e-16 -2.7755575615628914e-17 -1
vn 1 -2.6020852139652114e-18 -1.6317242695906845e-17
vn -1 3.3827107781547745e-17 2.6481638062958452e-17
vn 5.022024462952857e-16 0.9762960071199331 0.21643961393810376
vn -5.299580219109147e-16 -0.9762960071199328 -0.2164396139381059
vn 8.391724815037804e-17 -0.2164396139381028 0.9762960071199335
vn -1.3769367590565906e-16 0.21643961393810296 -0.9762960071199334
vn 1 -6.158268339717666e-17 -3.388131789017202e-17
vn -1 5.0306980803327406e-17 -6.394082312233262e-17
vn -1.948961825259943e-15 0.9762960071199337 0.21643961393810202
vn 2.1007501294079134e-15 -0.9762960071199329 -0.21643961393810482
vn -6.353424730765056e-17 -0.2164396139381023 0.9762960071199335
vn -6.672180169475794e-16 0.2164396139381052 -0.9762960071199329
vn 1 -1.144917494144693e-16 3.409815832466912e-17
vn -1 -5.811323644522305e-17 -7.237049501340743e-17
vn 7.025630077706069e-17 0.9762960071199329 0.21643961393810482
vn -1.0061396160665481e-16 -0.9762960071199329 -0.2164396139381049
vn 7.762887554996212e-17 -0.21643961393810354 0.9762960071199334
vn 8.370040771588094e-17 0.21643961393810318 -0.9762960071199334
vn 0.9238795325112866 0.08282785436160828 -0.3736123070089887
vn -0.9238795325112868 -0.08282785436160808 0.3736123070089882
vn 4.692427002517264e-16 0.9762960071199337 0.21643961393810196
vn 7.206041319207658e-15 -0.9762960071199335 -0.21643961393810257
vn 0.3826834323650901 -0.19996412934205815 0.9019798986505997
vn -0.38268343236508984 0.19996412934205823 -0.9019798986505999
vn 0.9238795325112865 0.08282785436160849 -0.37361230700898906
vn -0.9238795325112866 -0.08282785436160822 0.3736123070089885
vn 8.370040771588096e-16 0.9762960071199349 0.21643961393809663
vn 2.7330568364014604e-15 -0.9762960071199339 -0.21643961393810074
vn 0.3826834323650906 -0.19996412934205768 0.9019798986505998
vn -0.38268343236508906 0.1999641293420581 -0.9019798986506002
vn 0.9238795325112868 -0.0828278543616081 0.37361230700898795
vn -0.9238795325112868 0.0828278543616082 -0.37361230700898795
vn 5.551115123125784e-16 0.9762960071199333 0.21643961393810413
vn -1.8474805019152996e-15 -0.9762960071199324 -0.21643961393810732
vn -0.38268343236508934 -0.19996412934205782 0.9019798986506001
vn 0.3826834323650904 0.19996412934205776 -0.9019798986505999
vn 0.9238795325112868 -0.082827854361608 0.37361230700898823
vn -0.9238795325112867 0.0828278543616082 -0.3736123070089888
vn -1.5386997231914283e-15 0.9762960071199334 0.21643961393810324
vn 1.761611689854448e-15 -0.9762960071199334 -0.21643961393810351
vn -0.38268343236509045 -0.19996412934205812 0.9019798986505996
vn 0.3826834323650892 0.19996412934205834 -0.9019798986506002
vn 1 0 7.155734338404331e-18
vn -1 5.637851296924624e-17 -1.2896584841715078e-16
vn -5.8000479419284545e-15 0.8949343616020238 0.44619781310981144
vn 5.671678404706171e-15 -0.8949343616020254 -0.4461978131098081
vn 8.560426673076549e-15 -0.44619781310980416 0.8949343616020273
vn 7.726024681131706e-15 0.4461978131098078 -0.8949343616020257
vn 1 1.153591111524577e-16 -2.2231565546815273e-16
vn -1 2.220446049250313e-16 -2.7836890778565326e-17
vn 3.7496047933238685e-15 0.8949343616020289 0.4461978131098014
vn -1.5265566588595902e-16 -0.894934361602023 -0.446197813109813
vn 5.390653201597929e-16 -0.44619781310980505 0.8949343616020271
vn 1.0707580655466844e-15 0.44619781310980505 -0.8949343616020271
vn 1 6.591949208711867e-17 -5.713745448998608e-17
vn -1 -7.37257477290143e-17 5.567378155713065e-17
vn -2.0703924685783193e-15 0.9170600743851296 0.39874906892523343
vn 2.0799334476961917e-15 -0.9170600743851259 -0.3987490689252419
vn 3.3610267347050647e-16 -0.3987490689252468 0.9170600743851239
vn -3.274290560906224e-16 0.39874906892524603 -0.9170600743851243
vn 0.951056516295154 -0.2833871478477556 -0.12322023878908828
vn -0.951056516295154 0.28338714784775626 0.12322023878908701
vn 0.3090169943749476 0.8721759595780901 0.37923290036798196
vn -0.30901699437494684 -0.8721759595780922 -0.3792329003679772
vn -1.9129663131334244e-15 -0.39874906892524464 0.9170600743851248
vn -1.5495417449162833e-15 0.3987490689252491 -0.917060074385123
vn 1 -1.908195823574488e-17 2.195509399283147e-18
vn -1 1.2056328158038812e-16 5.0578031346448794e-17
vn -1.1558462520433466e-14 0.7933533402912362 0.6087614290087195
vn 6.93802654216924e-15 -0.7933533402912363 -0.6087614290087194
vn 7.958477626912598e-15 -0.6087614290087207 0.7933533402912353
vn -1.85121015738865e-14 0.6087614290087225 -0.7933533402912338
vn 1 7.459310946700272e-17 -1.0541155621990319e-16
vn -1 2.081668171172169e-17 -1.1655173354219175e-18
vn -1.1248814379971602e-14 0.793353340291234 0.608761429008722
vn 6.93802654216924e-15 -0.7933533402912363 -0.6087614290087194
vn 7.96281443560254e-15 -0.6087614290087207 0.7933533402912352
vn -1.8507331084327564e-14 0.6087614290087207 -0.7933533402912353
vn 1 2.4286128663675305e-17 -3.9166803481038854e-17
vn -1 4.5102810375396997e-17 7.345469718589294e-17
vn 1.1960918366860085e-15 0.8949343616020273 0.4461978131098043
vn -1.2030307305899157e-15 -0.8949343616020244 -0.44619781310981
vn -9.978996795556585e-16 -0.446197813109809 0.8949343616020251
vn 1.0039712117215771e-15 0.4461978131098115 -0.8949343616020237
vn 1 7.806255641895633e-18 1.5449880957918442e-18
vn -1 -8.673617379884037e-18 -1.5720931501039818e-18
vn -2.030493828630853e-15 1 -1.3600232051658172e-15
vn 2.1233015345956123e-15 -1 1.6653345369377352e-15
vn -5.220433460517704e-16 -2.6020852139652106e-15 1
vn 5.221246612147068e-16 -6.245004513516506e-16 -1
vn 1 2.333203075188806e-16 2.84603070277445e-18
vn -1 3.278627369596166e-16 -1.9515639104739084e-18
vn -1.6393136847980835e-15 1 4.371503159461556e-16
vn 1.9897278269453985e-15 -1 -4.440892098500628e-16
vn 8.352639326719702e-15 3.2335245592207684e-15 1
vn 9.39593997224819e-15 -3.226585665316861e-15 -1
vn 1 -4.4235448637408593e-17 2.84603070277445e-18
vn -1 -2.333203075188806e-16 -3.0628711372715508e-18
vn -2.419939248987647e-15 1 4.371503159461556e-16
vn 2.4182045255116695e-15 -1 -4.371503159461555e-16
vn 8.352666431774014e-15 3.226585665316861e-15 1
vn -8.352341171122268e-15 1.4509227153070015e-14 -1
vn 1 1.0842021724855047e-16 1.0787811616230772e-17
vn -1 -1.0581813203458526e-16 -1.0787811616230772e-17
vn -2.1259036198095775e-15 1 9.020562075079399e-17
vn 2.0287591051548763e-15 -1 -9.020562075079399e-17
vn 1.6976166566234907e-15 6.245004513516506e-16 1
vn -1.69748113135193e-15 2.6020852139652106e-15 -1
vn 1 -3.2179120479369777e-16 4.938540895671474e-17
vn -1 4.5102810375396997e-17 -4.916856852221764e-17
vn 1.4441572937506923e-15 1 1.2538581284360365e-14
vn -1.4441572937506923e-15 -1 -1.2531642390456458e-14
vn 1.4072131047232483e-15 3.226585665316861e-15 1
vn -1.4072131047232483e-15 -3.226585665316861e-15 -1
vn 1 -1.5265566588595905e-16 -2.3039296165316973e-18
vn -1 -6.505213034913027e-17 2.520770051028798e-18
vn 3.659724433224819e-16 -3.698430450782552e-15 -1
vn -3.675987465812102e-16 -3.4069969068184483e-15 1
vn 1.4398204850607503e-15 1 2.7061686225238196e-16
vn -1.518750403217695e-15 -1 -1.8041124150158799e-16
vn 0.9781476007338058 -6.76542155630955e-16 0.2079116908177591
vn -0.9781476007338058 -5.71591385334358e-16 -0.20791169081775912
vn 0.20791169081775945 -3.4555691641458005e-15 -0.9781476007338057
vn -0.20791169081775945 3.4555691641458005e-15 0.9781476007338057
vn -4.987329993433321e-16 1 -4.926614671774133e-16
vn 5.022024462952858e-16 -1 4.649058915617844e-16
vn 0.9781476007338057 -6.470518565393491e-16 -0.20791169081775934
vn -0.9781476007338057 2.4112656316077624e-16 0.20791169081775926
vn -0.20791169081775857 -3.1502578323738817e-15 -0.9781476007338059
vn 0.20791169081775923 3.1225022567582528e-15 0.9781476007338058
vn -1.0928757898653887e-16 1 9.714451465470122e-17
vn 4.4235448637408593e-17 -1 -1.8735013540549522e-16
vn 1 1.1275702593849246e-17 2.417770844642675e-17
vn -1 1.465841337200402e-16 -2.190088388420719e-16
vn 2.1770779623508934e-16 1 2.2204460492503136e-16
vn -2.1423834928313573e-16 -1 -1.8735013540549522e-16
vn -1.942619242550902e-16 -2.2204460492503126e-16 1
vn -2.6053378204826667e-16 1.0824674490095274e-15 -1
vn 1 -1.491862189340054e-16 2.1911725905932045e-16
vn -1 -1.1275702593849246e-17 4.526544070126981e-18
vn 2.541369892306023e-16 1 1.8041124150158799e-16
vn -2.359223927328458e-16 -1 -2.567390744445675e-16
vn 2.5907010911541124e-16 6.175615574477432e-16 1
vn 6.490847356127593e-16 -6.175615574477432e-16 -1
vn 1 -2.6020852139652114e-18 9.54097911787244e-18
vn -1 1.7347234759768075e-18 -3.8028391199929074e-17
vn 8.847089727481719e-17 1 -7.632783294297952e-17
vn -1.387778780781446e-16 -1 6.93889390390723e-17
vn 6.841857809469776e-16 6.938893903907228e-16 1
vn -1.7876054369397876e-15 2.8449465006019636e-16 -1
vn 0.9743700647852354 6.245004513516506e-17 -0.22495105434386473
vn -0.9743700647852355 1.8041124150158799e-16 0.22495105434386486
vn -7.173081573164099e-16 1 6.314393452555579e-16
vn -3.55358104053849e-15 -1 3.5388358909926875e-16
vn 0.224951054343866 6.800116025829086e-16 0.974370064785235
vn -0.22495105434386353 3.400058012914542e-16 -0.9743700647852356
vn 0.6889836801948166 0.707106781186546 -0.15906441596161233
vn -0.6889836801948138 -0.7071067811865489 0.15906441596161205
vn -0.6889836801948168 0.7071067811865462 0.15906441596160992
vn 0.688983680194812 -0.7071067811865509 -0.15906441596161053
vn 0.2249510543438663 -3.261280134836398e-16 0.974370064785235
vn -0.22495105434386586 9.714451465470122e-17 -0.9743700647852351
vn 0.6889836801948158 -0.7071067811865472 0.1590644159616105
vn -0.6889836801948166 0.7071067811865462 -0.1590644159616111
vn 0.6889836801948164 0.7071067811865465 0.1590644159616111
vn -0.6889836801948145 -0.7071067811865485 -0.1590644159616111
vn -0.2249510543438634 6.938893903907228e-17 0.9743700647852357
vn 0.22495105434386584 2.1649348980190553e-15 -0.9743700647852351
vn 1 -1.7347234759768075e-18 3.8245231634426175e-17
vn -1 3.469446951953615e-18 -9.595189226496716e-18
vn 1.9602375278537925e-16 1 -9.020562075079399e-17
vn -1.9428902930940244e-16 -1 9.714451465470122e-17
vn 6.841857809469776e-16 6.938893903907228e-16 1
vn 4.288561693266413e-16 2.8449465006019636e-16 -1
vn 0.7071067811865486 0.7071067811865465 6.279698983036043e-16
vn -0.7071067811865471 -0.707106781186548 -6.93889390390723e-16
vn -0.7071067811865488 0.7071067811865464 5.238864897449958e-16
vn 0.7071067811865472 -0.7071067811865478 -6.245004513516507e-16
vn 5.090058149276322e-16 2.609024107869118e-15 1
vn 1.8620088110266053e-15 -4.3021142204224816e-16 -1
vn 0.9743700647852355 -3.087807787238718e-16 0.22495105434386486
vn -0.9743700647852354 6.852157730108389e-17 -0.22495105434386453
vn -3.400058012914543e-16 1 -3.677613769070832e-16
vn 4.2500725161431784e-16 -1 4.2327252813834103e-16
vn -0.22495105434386453 -2.2898349882893854e-16 0.9743700647852355
vn 0.22495105434386659 -1.6306400674181987e-15 -0.9743700647852349
vn 0.7071067811865466 0.7071067811865486 7.3899220076612e-16
vn -0.7071067811865483 -0.7071067811865467 -5.204170427930422e-16
vn -0.7071067811865477 0.7071067811865475 5.932754287840681e-16
vn 0.7071067811865492 -0.7071067811865458 -5.724587470723464e-16
vn 4.082563280494167e-16 -1.6653345369377348e-15 1
vn -2.797160289849665e-15 -5.134781488891349e-16 -1
vn 0.009938649026610567 0.32862689930950284 -0.9444075308391754
vn -0.009938649026603663 -0.3286268993094971 0.9444075308391773
vn 0.3810666529558722 0.8719407582199361 0.3074207542763698
vn -0.3810666529558814 -0.8719407582199326 -0.30742075427636806
vn 0.9244941477697579 -0.36293756378345926 -0.11656283942319084
vn -0.9244941477697576 0.36293756378345915 0.11656283942319526
vn 0.00993864902660259 0.32862689930949335 0.9444075308391787
vn -0.009938649026609687 -0.3286268993094944 -0.9444075308391782
vn 0.3810666529558675 0.871940758219934 -0.30742075427638105
vn -0.38106665295587566 -0.8719407582199329 0.3074207542763741
vn -0.9244941477697602 0.3629375637834523 -0.11656283942319481
vn 0.9244941477697589 -0.36293756378345493 0.1165628394231974
vn 1 -6.852157730108389e-17 -1.1113072267976422e-18
vn -1 -4.7704895589362195e-17 -1.6290137641594704e-17
vn 5.581472783955377e-16 0.41469324265623897 -0.9099612708765433
vn -5.605325231750058e-16 -0.41469324265624163 0.9099612708765421
vn 1.32012456521835e-15 0.9099612708765428 0.41469324265623975
vn -1.2221126888256608e-15 -0.9099612708765435 -0.4146932426562388
vn 0 0 0
vn 0 0 0
vn -1.465494392505207e-14 0.9238795325112761 0.382683432365116
vn 1.2564602136500014e-14 -0.9238795325112756 -0.38268343236511665
vn 0 0 0
vn 0 0 0
vn 0 0 0
vn 0 0 0
vn -4.772224282412196e-15 0.9238795325112938 0.3826834323650729
vn 6.860831347488272e-15 -0.9238795325112934 -0.38268343236507374
vn 0 0 0
vn 0 0 0
vn 0 0 0
vn 0 0 0
vn 0.5938583163412463 0.6135987159843806 0.520412255673
vn -0.5938583163412452 -0.6135987159843816 -0.5204122556729998
vn 0 0 0
vn 0 0 0
vn 0 0 0
vn 0 0 0
vn -0.5938583163412443 0.613598715984379 0.520412255673004
vn 0.5938583163412433 -0.6135987159843801 -0.520412255673004
vn 0 0 0
vn 0 0 0
vn 0 0 0
vn 0 0 0
vn 0.6061195090035687 0.7933383545243234 0.056862958469566904
vn -0.6061195090035699 -0.7933383545243229 -0.0568629584695661
vn 0 0 0
vn 0 0 0
vn 0 0 0
vn 0 0 0
vn -0.606119509003551 0.7933383545243399 0.056862958469525715
vn 0.6061195090035525 -0.793338354524339 -0.05686295846952477
vn 0 0 0
vn 0 0 0
vn 0.34202014332566877 0.24321034680169654 0.9076733711903681
vn -0.34202014332566916 -0.24321034680170056 -0.9076733711903667
vn 5.958775139980335e-16 0.9659258262890683 -0.25881904510252113
vn 1.3617579286417942e-15 -0.965925826289068 0.2588190451025226
vn -0.9396926207859077 0.08852132690138037 0.3303660895493533
vn 0.9396926207859092 -0.08852132690137925 -0.3303660895493497
vn 0.342020143325671 0.2432103468016944 0.9076733711903676
vn -0.3420201433256693 -0.24321034680169268 -0.9076733711903688
vn 2.748669347685252e-15 0.9659258262890694 -0.25881904510251713
vn -1.4051260155412143e-15 -0.9659258262890674 0.25881904510252474
vn -0.939692620785908 0.08852132690137585 0.3303660895493537
vn 0.9396926207859085 -0.08852132690137676 -0.3303660895493522
vn 1 2.1423834928313568e-15 -4.113463042410004e-16
vn -1 -2.216109240560371e-15 4.315937798121672e-16
vn 9.665011846404782e-15 0.9659258262890682 -0.25881904510252096
vn -7.886920283528555e-15 -0.9659258262890686 0.2588190451025197
vn 3.897706810085388e-15 0.2588190451025152 0.9659258262890698
vn 2.9217080144139373e-15 -0.2588190451025259 -0.965925826289067
vn 0.995396198367179 0.0958457525202241 1.5872719805187787e-16
vn -0.995396198367179 -0.09584575252022386 -1.656660919557851e-16
vn -0.09584575252022914 0.9953961983671783 -1.734723475976807e-16
vn 0.09584575252022905 -0.9953961983671783 1.8735013540549517e-16
vn 5.434021288497348e-16 1.6653345369377348e-16 1
vn -5.094666008509385e-16 -4.2327252813834093e-16 -1
vn 0.9832549075639547 0.18223552549214758 3.035766082959413e-17
vn -0.9832549075639547 -0.1822355254921473 -3.816391647148976e-17
vn -0.18223552549214805 0.9832549075639545 6.93889390390723e-18
vn 0.18223552549214792 -0.9832549075639545 4.163336342344338e-17
vn -1.1416648876272362e-16 -1.8735013540549517e-16 1
vn -6.48217373874771e-16 3.122502256758253e-16 -1
vn 0.9925461516413223 -0.12186934340514652 -1.387778780781446e-17
vn -0.9925461516413223 0.12186934340514652 1.9949319973733285e-17
vn 0.12186934340514904 0.992546151641322 -4.926614671774133e-16
vn -0.12186934340514907 -0.992546151641322 4.787836793695989e-16
vn -2.3749448588294975e-16 1.5959455978986625e-16 1
vn -2.6359665318553827e-16 1.394717674685353e-15 -1
vn 0.9271838545667872 0.3746065934159127 -9.020562075079399e-17
vn -0.9271838545667884 -0.3746065934159098 6.93889390390723e-17
vn -0.37460659341590974 0.9271838545667884 3.5388358909926875e-16
vn 0.3746065934159114 -0.9271838545667876 -3.6082248300317597e-16
vn -2.5587171270657905e-17 -7.216449660063518e-16 1
vn -7.073606023838552e-16 5.689893001203927e-16 -1
vn 0.9271838545667868 0.3746065934159137 -7.875644580934706e-16
vn -0.9271838545667882 -0.3746065934159105 7.702172233337025e-16
vn -0.374606593415906 0.9271838545667899 -9.922618282587339e-16
vn 0.3746065934159138 -0.9271838545667868 9.783840404509194e-16
vn 3.133344278483108e-16 3.469446951953614e-17 1
vn 6.690069505321805e-16 6.938893903907228e-16 -1
vn 0.4461978131098121 0.8949343616020236 7.077671781985375e-16
vn -0.44619781310981205 -0.8949343616020237 -7.077671781985375e-16
vn -0.8949343616020256 0.446197813109808 4.475586568020162e-16
vn 0.8949343616020251 -0.44619781310980877 -4.3368086899420177e-16
vn -4.2817854296883784e-16 2.636779683484747e-16 1
vn 1.2668902385493117e-16 -9.367506770274756e-16 -1
vn -0.9975640502598244 0.06975647374412491 1.383441972091504e-16
vn 0.9975640502598244 -0.06975647374412448 -1.392115589471388e-16
vn -0.06975647374412937 -0.9975640502598241 -8.326672684688676e-16
vn 0.06975647374412432 0.9975640502598244 8.187894806610531e-16
vn 1.8306753682417742e-16 3.677613769070831e-16 1
vn -1.632266370676927e-16 -1.1796119636642288e-16 -1
vn 0.9953961983671787 0.09584575252022445 -1.196959198423997e-16
vn -0.995396198367179 -0.09584575252022422 9.801187639268963e-17
vn -0.09584575252022914 0.9953961983671783 5.13478148889135e-16
vn 0.09584575252022896 -0.9953961983671784 -5.13478148889135e-16
vn 5.065392549852277e-16 3.2612801348363973e-16 1
vn -5.692603506635141e-16 -9.020562075079397e-17 -1
vn 0.9999619307242227 0.008725657692315857 3.4884196256152394e-7
vn -0.9999619307242227 -0.0087256576923148 -3.488419625527419e-7
vn -0.006170218288257628 0.707079849055977 0.7071067921221321
vn 0.006170218288257539 -0.7070798490559751 -0.707106792122134
vn 0.006169725160845396 -0.7070798752310905 0.7071067702508762
vn -0.006169725160845397 0.70707987523109 -0.7071067702508765
vn 0.9953961983671789 -0.09584575252022402 1.7260498585969236e-16
vn -0.995396198367179 0.09584575252022424 -1.8301332671555322e-16
vn 0.09584575252022391 0.9953961983671789 -1.387778780781446e-16
vn -0.09584575252022386 -0.9953961983671789 1.4571677198205182e-16
vn -7.621941272573096e-17 -6.938893903907228e-18 1
vn -3.453265234529268e-15 6.106226635438361e-16 -1
vn 0.9832549075639546 -0.18223552549214733 2.0816681711721685e-17
vn -0.9832549075639546 0.18223552549214805 -8.673617379884037e-18
vn 0.18223552549214417 0.9832549075639553 -1.387778780781446e-17
vn -0.18223552549214977 -0.9832549075639543 6.93889390390723e-18
vn 1.0194210926794955e-16 1.1796119636642288e-16 1
vn -1.4108180769467626e-16 -2.0816681711721685e-16 -1
vn 0.9925461516413225 0.12186934340514466 -1.2576745200831856e-16
vn -0.9925461516413221 -0.12186934340514755 1.3010426069826056e-16
vn -0.12186934340514637 0.9925461516413223 -4.579669976578772e-16
vn 0.12186934340514652 -0.9925461516413223 4.857225732735061e-16
vn 4.85722573273506e-17 5.967448757360216e-16 1
vn 1.3387186324764766e-16 -2.060851489460447e-15 -1
vn 0.9271838545667882 -0.3746065934159102 -2.6714741530042834e-16
vn -0.9271838545667876 0.37460659341591185 3.053113317719181e-16
vn 0.3746065934159121 0.9271838545667875 1.9428902930940244e-16
vn -0.3746065934159144 -0.9271838545667865 -2.1510571102112413e-16
vn 4.745281858425932e-16 2.0816681711721685e-17 1
vn 1.57968256531138e-16 -4.371503159461554e-16 -1
vn 0.927183854566788 -0.37460659341591107 1.3183898417423736e-16
vn -0.9271838545667876 0.37460659341591185 -1.0755285551056206e-16
vn 0.37460659341591135 0.9271838545667876 -1.2559397966072085e-15
vn -0.37460659341591096 -0.9271838545667879 1.2351231148954868e-15
vn 9.666475519337636e-16 -5.759281940243e-16 1
vn 8.917020767607031e-16 -1.1171619185290638e-15 -1
vn 0.4461978131098125 -0.8949343616020232 -7.702172233337025e-16
vn -0.44619781310981255 0.8949343616020234 7.7715611723761e-16
vn 0.8949343616020254 0.44619781310980844 2.9143354396410364e-16
vn -0.8949343616020249 -0.4461978131098092 -2.8796409701215003e-16
vn -2.239961688355052e-16 -6.938893903907228e-18 1
vn 5.827044576023344e-16 -6.38378239159465e-16 -1
vn -0.9975640502598244 -0.06975647374412546 2.4719809532669507e-17
vn 0.9975640502598244 0.06975647374412507 -2.1250362580715893e-17
vn 0.06975647374412859 -0.9975640502598242 -8.118505867571459e-16
vn -0.06975647374413364 0.9975640502598236 8.465450562766821e-16
vn -3.40168431617327e-17 -1.1726730697603216e-15 1
vn -1.242685425048573e-15 1.3322676295501878e-15 -1
vn 0.995396198367179 -0.0958457525202241 -2.1510571102112418e-16
vn -0.9953961983671787 0.09584575252022434 2.072994553792285e-16
vn 0.09584575252022388 0.9953961983671789 4.926614671774133e-16
vn -0.0958457525202239 -0.995396198367179 -4.996003610813205e-16
vn -4.830120678422922e-17 2.0122792321330962e-16 1
vn -3.4714256209184002e-15 6.245004513516506e-16 -1
vn 0.9999619307242226 -0.008725657692315014 -3.4884196351404976e-7
vn -0.9999619307242227 0.008725657692314493 3.488419619446671e-7
vn 0.0061702182882579885 0.7070798490559762 0.7071067921221329
vn -0.006170218288257068 -0.7070798490559758 -0.7071067921221333
vn -0.006169725160845407 -0.7070798752310905 0.707106770250876
vn 0.006169725160844192 0.7070798752310923 -0.7071067702508743
vn 0.9224420340027403 0.17364817766693058 0.3448869442264258
vn -0.9224420340027409 -0.17364817766693075 -0.3448869442264241
vn -0.16265141873427824 0.984807753012208 -0.060812873561215106
vn 0.1626514187342785 -0.984807753012208 0.060812873561215036
vn -0.35020738125946754 3.122502256758253e-16 0.9366721892483976
vn 0.35020738125946915 -1.1449174941446927e-15 -0.936672189248397
vn 0.9224420340027403 -0.1736481776669313 -0.34488694422642546
vn -0.9224420340027399 0.17364817766693125 0.3448869442264264
vn 0.16265141873427955 0.9848077530122081 -0.06081287356121133
vn -0.16265141873427927 -0.9848077530122081 0.06081287356121147
vn 0.3502073812594675 4.163336342344337e-17 0.9366721892483977
vn -0.35020738125946804 4.0245584642661925e-16 -0.9366721892483975
vn 0 0 0
vn 0 0 0
vn 0.24205515359721816 0.0021059645614635862 0.970260206094372
vn -0.24205515359721758 -0.0021059645614636834 -0.9702602060943721
vn 0 0 0
vn 0 0 0
usemtl m_57b4c088-de25-5f0b-a0eb-a83cb11abd29
f 1/1/1 2/2/1 4/3/1 3/4/1
f 5/5/2 6/6/2 8/7/2 7/8/2
f 10/9/3 9/10/3 11/11/3 12/12/3
f 15/13/4 13/14/4 14/15/4 16/16/4
f 13/17/5 9/18/5 10/19/5 14/20/5
f 12/21/6 11/22/6 15/23/6 16/24/6
f 11/25/7 9/26/7 13/27/7 15/28/7
f 14/29/8 10/30/8 12/31/8 16/32/8
f 20/33/9 18/34/9 17/35/9 19/36/9
f 23/37/10 21/38/10 22/39/10 24/40/10
f 17/41/11 18/42/11 22/43/11 21/44/11
f 20/45/12 19/46/12 23/47/12 24/48/12
f 19/49/13 17/50/13 21/51/13 23/52/13
f 24/53/14 22/54/14 18/55/14 20/56/14
f 28/57/15 26/58/15 25/59/15 27/60/15
f 31/61/16 29/62/16 30/63/16 32/64/16
f 25/65/17 26/66/17 30/67/17 29/68/17
f 28/69/18 27/70/18 31/71/18 32/72/18
f 27/73/19 25/74/19 29/75/19 31/76/19
f 32/77/20 30/78/20 26/79/20 28/80/20
f 36/81/21 34/82/21 33/83/21 35/84/21
f 39/85/22 37/86/22 38/87/22 40/88/22
f 33/89/23 34/90/23 38/91/23 37/92/23
f 36/93/24 35/94/24 39/95/24 40/96/24
f 35/97/25 33/98/25 37/99/25 39/100/25
f 40/101/26 38/102/26 34/103/26 36/104/26
f 44/105/27 42/106/27 41/107/27 43/108/27
f 47/109/28 45/110/28 46/111/28 48/112/28
f 41/113/29 42/114/29 46/115/29 45/116/29
f 44/117/30 43/118/30 47/119/30 48/120/30
f 43/121/31 41/122/31 45/123/31 47/124/31
f 48/125/32 46/126/32 42/127/32 44/128/32
f 52/129/33 50/130/33 49/131/33 51/132/33
f 55/133/34 53/134/34 54/135/34 56/136/34
f 49/137/35 50/138/35 54/139/35 53/140/35
f 52/141/36 51/142/36 55/143/36 56/144/36
f 51/145/37 49/146/37 53/147/37 55/148/37
f 56/149/38 54/150/38 50/151/38 52/152/38
f 60/153/39 58/154/39 57/155/39 59/156/39
f 63/157/40 61/158/40 62/159/40 64/160/40
f 57/161/41 58/162/41 62/163/41 61/164/41
f 60/165/42 59/166/42 63/167/42 64/168/42
f 59/169/43 57/170/43 61/171/43 63/172/43
f 64/173/44 62/174/44 58/175/44 60/176/44
f 68/177/45 66/178/45 65/179/45 67/180/45
f 71/181/46 69/182/46 70/183/46 72/184/46
f 65/185/47 66/186/47 70/187/47 69/188/47
f 68/189/48 67/190/48 71/191/48 72/192/48
f 67/193/49 65/194/49 69/195/49 71/196/49
f 72/197/50 70/198/50 66/199/50 68/200/50
f 76/201/51 74/202/51 73/203/51 75/204/51
f 79/205/52 77/206/52 78/207/52 80/208/52
f 73/209/53 74/210/53 78/211/53 77/212/53
f 76/213/54 75/214/54 79/215/54 80/216/54
f 75/217/55 73/218/55 77/219/55 79/220/55
f 80/221/56 78/222/56 74/223/56 76/224/56
f 84/225/57 82/226/57 81/227/57 83/228/57
f 87/229/58 85/230/58 86/231/58 88/232/58
f 81/233/59 82/234/59 86/235/59 85/236/59
f 84/237/60 83/238/60 87/239/60 88/240/60
f 83/241/61 81/242/61 85/243/61 87/244/61
f 88/245/62 86/246/62 82/247/62 84/248/62
f 92/249/63 90/250/63 89/251/63 91/252/63
f 95/253/64 93/254/64 94/255/64 96/256/64
f 89/257/65 90/258/65 94/259/65 93/260/65
f 92/261/66 91/262/66 95/263/66 96/264/66
f 91/265/67 89/266/67 93/267/67 95/268/67
f 96/269/68 94/270/68 90/271/68 92/272/68
f 97/273/69 98/274/69 100/275/69 99/276/69
f 102/277/70 101/278/70 103/279/70 104/280/70
f 102/281/71 98/282/71 97/283/71 101/284/71
f 103/285/72 99/286/72 100/287/72 104/288/72
f 101/289/73 97/290/73 99/291/73 103/292/73
f 98/293/74 102/294/74 104/295/74 100/296/74
f 105/297/75 106/298/75 108/299/75 107/300/75
f 110/301/76 109/302/76 111/303/76 112/304/76
f 110/305/77 106/306/77 105/307/77 109/308/77
f 111/309/78 107/310/78 108/311/78 112/312/78
f 109/313/79 105/314/79 107/315/79 111/316/79
f 106/317/80 110/318/80 112/319/80 108/320/80
f 113/321/81 114/322/81 116/323/81 115/324/81
f 118/325/82 117/326/82 119/327/82 120/328/82
f 118/329/83 114/330/83 113/331/83 117/332/83
f 119/333/84 115/334/84 116/335/84 120/336/84
f 117/337/85 113/338/85 115/339/85 119/340/85
f 114/341/86 118/342/86 120/343/86 116/344/86
f 121/345/87 122/346/87 124/347/87 123/348/87
f 126/349/88 125/350/88 127/351/88 128/352/88
f 126/353/89 122/354/89 121/355/89 125/356/89
f 127/357/90 123/358/90 124/359/90 128/360/90
f 125/361/91 121/362/91 123/363/91 127/364/91
f 122/365/92 126/366/92 128/367/92 124/368/92
f 129/369/93 130/370/93 132/371/93 131/372/93
f 134/373/94 133/374/94 135/375/94 136/376/94
f 134/377/95 130/378/95 129/379/95 133/380/95
f 135/381/96 131/382/96 132/383/96 136/384/96
f 133/385/97 129/386/97 131/387/97 135/388/97
f 130/389/98 134/390/98 136/391/98 132/392/98
f 137/393/99 138/394/99 140/395/99 139/396/99
f 142/397/100 141/398/100 143/399/100 144/400/100
f 142/401/101 138/402/101 137/403/101 141/404/101
f 143/405/102 139/406/102 140/407/102 144/408/102
f 141/409/103 137/410/103 139/411/103 143/412/103
f 138/413/104 142/414/104 144/415/104 140/416/104
f 145/417/105 146/418/105 148/419/105 147/420/105
f 150/421/106 149/422/106 151/423/106 152/424/106
f 150/425/107 146/426/107 145/427/107 149/428/107
f 151/429/108 147/430/108 148/431/108 152/432/108
f 149/433/109 145/434/109 147/435/109 151/436/109
f 146/437/110 150/438/110 152/439/110 148/440/110
f 153/441/111 154/442/111 156/443/111 155/444/111
f 158/445/112 157/446/112 159/447/112 160/448/112
f 158/449/113 154/450/113 153/451/113 157/452/113
f 159/453/114 155/454/114 156/455/114 160/456/114
f 157/457/115 153/458/115 155/459/115 159/460/115
f 154/461/116 158/462/116 160/463/116 156/464/116
f 161/465/117 162/466/117 164/467/117 163/468/117
f 166/469/118 165/470/118 167/471/118 168/472/118
f 166/473/119 162/474/119 161/475/119 165/476/119
f 167/477/120 163/478/120 164/479/120 168/480/120
f 165/481/121 161/482/121 163/483/121 167/484/121
f 162/485/122 166/486/122 168/487/122 164/488/122
f 169/489/123 170/490/123 172/491/123 171/492/123
f 174/493/124 173/494/124 175/495/124 176/496/124
f 174/497/125 170/498/125 169/499/125 173/500/125
f 175/501/126 171/502/126 172/503/126 176/504/126
f 173/505/127 169/506/127 171/507/127 175/508/127
f 170/509/128 174/510/128 176/511/128 172/512/128
f 180/513/129 178/514/129 177/515/129 179/516/129
f 183/517/130 181/518/130 182/519/130 184/520/130
f 177/521/131 178/522/131 182/523/131 181/524/131
f 180/525/132 179/526/132 183/527/132 184/528/132
f 179/529/133 177/530/133 181/531/133 183/532/133
f 184/533/134 182/534/134 178/535/134 180/536/134
f 188/537/135 186/538/135 185/539/135 187/540/135
f 191/541/136 189/542/136 190/543/136 192/544/136
f 185/545/137 186/546/137 190/547/137 189/548/137
f 188/549/138 187/550/138 191/551/138 192/552/138
f 187/553/139 185/554/139 189/555/139 191/556/139
f 192/557/140 190/558/140 186/559/140 188/560/140
f 196/561/141 194/562/141 193/563/141 195/564/141
f 199/565/142 197/566/142 198/567/142 200/568/142
f 193/569/143 194/570/143 198/571/143 197/572/143
f 196/573/144 195/574/144 199/575/144 200/576/144
f 195/577/145 193/578/145 197/579/145 199/580/145
f 200/581/146 198/582/146 194/583/146 196/584/146
f 204/585/147 202/586/147 201/587/147 203/588/147
f 207/589/148 205/590/148 206/591/148 208/592/148
f 201/593/149 202/594/149 206/595/149 205/596/149
f 204/597/150 203/598/150 207/599/150 208/600/150
f 203/601/151 201/602/151 205/603/151 207/604/151
f 208/605/152 206/606/152 202/607/152 204/608/152
f 212/609/153 210/610/153 209/611/153 211/612/153
f 215/613/154 213/614/154 214/615/154 216/616/154
f 209/617/155 210/618/155 214/619/155 213/620/155
f 212/621/156 211/622/156 215/623/156 216/624/156
f 211/625/157 209/626/157 213/627/157 215/628/157
f 216/629/158 214/630/158 210/631/158 212/632/158
f 217/633/159 218/634/159 220/635/159 219/636/159
f 222/637/160 221/638/160 223/639/160 224/640/160
f 222/641/161 218/642/161 217/643/161 221/644/161
f 223/645/162 219/646/162 220/647/162 224/648/162
f 221/649/163 217/650/163 219/651/163 223/652/163
f 218/653/164 222/654/164 224/655/164 220/656/164
f 228/657/165 226/658/165 225/659/165 227/660/165
f 231/661/166 229/662/166 230/663/166 232/664/166
f 225/665/167 226/666/167 230/667/167 229/668/167
f 228/669/168 227/670/168 231/671/168 232/672/168
f 227/673/169 225/674/169 229/675/169 231/676/169
f 232/677/170 230/678/170 226/679/170 228/680/170
f 236/681/171 234/682/171 233/683/171 235/684/171
f 239/685/172 237/686/172 238/687/172 240/688/172
f 233/689/173 234/690/173 238/691/173 237/692/173
f 236/693/174 235/694/174 239/695/174 240/696/174
f 235/697/175 233/698/175 237/699/175 239/700/175
f 240/701/176 238/702/176 234/703/176 236/704/176
f 244/705/177 242/706/177 241/707/177 243/708/177
f 247/709/178 245/710/178 246/711/178 248/712/178
f 241/713/179 242/714/179 246/715/179 245/716/179
f 244/717/180 243/718/180 247/719/180 248/720/180
f 243/721/181 241/722/181 245/723/181 247/724/181
f 248/725/182 246/726/182 242/727/182 244/728/182
f 249/729/183 250/730/183 252/731/183 251/732/183
f 254/733/184 253/734/184 255/735/184 256/736/184
f 254/737/185 250/738/185 249/739/185 253/740/185
f 255/741/186 251/742/186 252/743/186 256/744/186
f 253/745/187 249/746/187 251/747/187 255/748/187
f 250/749/188 254/750/188 256/751/188 252/752/188
f 257/753/189 258/754/189 260/755/189 259/756/189
f 262/757/190 261/758/190 263/759/190 264/760/190
f 262/761/191 258/762/191 257/763/191 261/764/191
f 263/765/192 259/766/192 260/767/192 264/768/192
f 261/769/193 257/770/193 259/771/193 263/772/193
f 258/773/194 262/774/194 264/775/194 260/776/194
f 265/777/195 266/778/195 268/779/195 267/780/195
f 270/781/196 269/782/196 271/783/196 272/784/196
f 270/785/197 266/786/197 265/787/197 269/788/197
f 271/789/198 267/790/198 268/791/198 272/792/198
f 269/793/199 265/794/199 267/795/199 271/796/199
f 266/797/200 270/798/200 272/799/200 268/800/200
f 274/801/201 273/802/201 275/803/201 276/804/201
f 279/805/202 277/806/202 278/807/202 280/808/202
f 277/809/203 273/810/203 274/811/203 278/812/203
f 276/813/204 275/814/204 279/815/204 280/816/204
f 275/817/205 273/818/205 277/819/205 279/820/205
f 278/821/206 274/822/206 276/823/206 280/824/206
f 284/825/207 282/826/207 281/827/207 283/828/207
f 287/829/208 285/830/208 286/831/208 288/832/208
f 281/833/209 282/834/209 286/835/209 285/836/209
f 284/837/210 283/838/210 287/839/210 288/840/210
f 283/841/211 281/842/211 285/843/211 287/844/211
f 288/845/212 286/846/212 282/847/212 284/848/212
f 292/849/213 290/850/213 289/851/213 291/852/213
f 296/853/214 294/854/214 293/855/214 295/856/214
f 297/857/215 298/858/215 300/859/215 299/860/215
f 301/861/216 302/862/216 304/863/216 303/864/216
f 305/865/217 306/866/217 308/867/217 307/868/217
f 309/869/218 310/870/218 312/871/218 311/872/218
f 313/873/219 314/874/219 316/875/219 315/876/219
f 317/877/220 318/878/220 320/879/220 319/880/220
f 321/881/221 322/882/221 324/883/221 323/884/221
f 325/885/222 326/886/222 328/887/222 327/888/222
f 332/889/223 330/890/223 329/891/223 331/892/223
f 336/893/224 334/894/224 333/895/224 335/896/224
f 337/897/225 338/898/225 340/899/225 339/900/225
f 344/901/226 342/902/226 341/903/226 343/904/226
f 348/905/227 346/906/227 345/907/227 347/908/227
f 349/909/228 350/910/228 352/911/228 351/912/228
f 353/913/229 354/914/229 356/915/229 355/916/229
f 360/917/230 358/918/230 357/919/230 359/920/230
f 363/921/231 361/922/231 362/923/231 364/924/231
f 357/925/232 358/926/232 362/927/232 361/928/232
f 360/929/233 359/930/233 363/931/233 364/932/233
f 359/933/234 357/934/234 361/935/234 363/936/234
f 364/937/235 362/938/235 358/939/235 360/940/235
f 368/941/236 366/942/236 365/943/236 367/944/236
f 371/945/237 369/946/237 370/947/237 372/948/237
f 365/949/238 366/950/238 370/951/238 369/952/238
f 368/953/239 367/954/239 371/955/239 372/956/239
f 367/957/240 365/958/240 369/959/240 371/960/240
f 372/961/241 370/962/241 366/963/241 368/964/241
f 376/965/242 374/966/242 373/967/242 375/968/242
f 379/969/243 377/970/243 378/971/243 380/972/243
f 373/973/244 374/974/244 378/975/244 377/976/244
f 376/977/245 375/978/245 379/979/245 380/980/245
f 375/981/246 373/982/246 377/983/246 379/984/246
f 380/985/247 378/986/247 374/987/247 376/988/247
f 384/989/248 382/990/248 381/991/248 383/992/248
f 387/993/249 385/994/249 386/995/249 388/996/249
f 381/997/250 382/998/250 386/999/250 385/1000/250
f 384/1001/251 383/1002/251 387/1003/251 388/1004/251
f 383/1005/252 381/1006/252 385/1007/252 387/1008/252
f 388/1009/253 386/1010/253 382/1011/253 384/1012/253
f 392/1013/254 390/1014/254 389/1015/254 391/1016/254
f 395/1017/255 393/1018/255 394/1019/255 396/1020/255
f 389/1021/256 390/1022/256 394/1023/256 393/1024/256
f 392/1025/257 391/1026/257 395/1027/257 396/1028/257
f 391/1029/258 389/1030/258 393/1031/258 395/1032/258
f 396/1033/259 394/1034/259 390/1035/259 392/1036/259
f 400/1037/260 398/1038/260 397/1039/260 399/1040/260
f 403/1041/261 401/1042/261 402/1043/261 404/1044/261
f 397/1045/262 398/1046/262 402/1047/262 401/1048/262
f 400/1049/263 399/1050/263 403/1051/263 404/1052/263
f 399/1053/264 397/1054/264 401/1055/264 403/1056/264
f 404/1057/265 402/1058/265 398/1059/265 400/1060/265
f 408/1061/266 406/1062/266 405/1063/266 407/1064/266
f 411/1065/267 409/1066/267 410/1067/267 412/1068/267
f 405/1069/268 406/1070/268 410/1071/268 409/1072/268
f 408/1073/269 407/1074/269 411/1075/269 412/1076/269
f 407/1077/270 405/1078/270 409/1079/270 411/1080/270
f 412/1081/271 410/1082/271 406/1083/271 408/1084/271
f 416/1085/272 414/1086/272 413/1087/272 415/1088/272
f 419/1089/273 417/1090/273 418/1091/273 420/1092/273
f 413/1093/274 414/1094/274 418/1095/274 417/1096/274
f 416/1097/275 415/1098/275 419/1099/275 420/1100/275
f 415/1101/276 413/1102/276 417/1103/276 419/1104/276
f 420/1105/277 418/1106/277 414/1107/277 416/1108/277
f 424/1109/278 422/1110/278 421/1111/278 423/1112/278
f 427/1113/279 425/1114/279 426/1115/279 428/1116/279
f 421/1117/280 422/1118/280 426/1119/280 425/1120/280
f 424/1121/281 423/1122/281 427/1123/281 428/1124/281
f 423/1125/282 421/1126/282 425/1127/282 427/1128/282
f 428/1129/283 426/1130/283 422/1131/283 424/1132/283
f 432/1133/284 430/1134/284 429/1135/284 431/1136/284
f 435/1137/285 433/1138/285 434/1139/285 436/1140/285
f 429/1141/286 430/1142/286 434/1143/286 433/1144/286
f 432/1145/287 431/1146/287 435/1147/287 436/1148/287
f 431/1149/288 429/1150/288 433/1151/288 435/1152/288
f 436/1153/289 434/1154/289 430/1155/289 432/1156/289
f 440/1157/290 438/1158/290 437/1159/290 439/1160/290
f 443/1161/291 441/1162/291 442/1163/291 444/1164/291
f 437/1165/292 438/1166/292 442/1167/292 441/1168/292
f 440/1169/293 439/1170/293 443/1171/293 444/1172/293
f 439/1173/294 437/1174/294 441/1175/294 443/1176/294
f 444/1177/295 442/1178/295 438/1179/295 440/1180/295
f 448/1181/296 446/1182/296 445/1183/296 447/1184/296
f 451/1185/297 449/1186/297 450/1187/297 452/1188/297
f 445/1189/298 446/1190/298 450/1191/298 449/1192/298
f 448/1193/299 447/1194/299 451/1195/299 452/1196/299
f 447/1197/300 445/1198/300 449/1199/300 451/1200/300
f 452/1201/301 450/1202/301 446/1203/301 448/1204/301
f 456/1205/302 454/1206/302 453/1207/302 455/1208/302
f 459/1209/303 457/1210/303 458/1211/303 460/1212/303
f 453/1213/304 454/1214/304 458/1215/304 457/1216/304
f 456/1217/305 455/1218/305 459/1219/305 460/1220/305
f 455/1221/306 453/1222/306 457/1223/306 459/1224/306
f 460/1225/307 458/1226/307 454/1227/307 456/1228/307
f 464/1229/308 462/1230/308 461/1231/308 463/1232/308
f 467/1233/309 465/1234/309 466/1235/309 468/1236/309
f 461/1237/310 462/1238/310 466/1239/310 465/1240/310
f 464/1241/311 463/1242/311 467/1243/311 468/1244/311
f 463/1245/312 461/1246/312 465/1247/312 467/1248/312
f 468/1249/313 466/1250/313 462/1251/313 464/1252/313
f 472/1253/314 470/1254/314 469/1255/314 471/1256/314
f 475/1257/315 473/1258/315 474/1259/315 476/1260/315
f 469/1261/316 470/1262/316 474/1263/316 473/1264/316
f 472/1265/317 471/1266/317 475/1267/317 476/1268/317
f 471/1269/318 469/1270/318 473/1271/318 475/1272/318
f 476/1273/319 474/1274/319 470/1275/319 472/1276/319
f 480/1277/320 478/1278/320 477/1279/320 479/1280/320
f 483/1281/321 481/1282/321 482/1283/321 484/1284/321
f 477/1285/322 478/1286/322 482/1287/322 481/1288/322
f 480/1289/323 479/1290/323 483/1291/323 484/1292/323
f 479/1293/324 477/1294/324 481/1295/324 483/1296/324
f 484/1297/325 482/1298/325 478/1299/325 480/1300/325
f 488/1301/326 486/1302/326 485/1303/326 487/1304/326
f 491/1305/327 489/1306/327 490/1307/327 492/1308/327
f 485/1309/328 486/1310/328 490/1311/328 489/1312/328
f 488/1313/329 487/1314/329 491/1315/329 492/1316/329
f 487/1317/330 485/1318/330 489/1319/330 491/1320/330
f 492/1321/331 490/1322/331 486/1323/331 488/1324/331
f 496/1325/332 494/1326/332 493/1327/332 495/1328/332
f 499/1329/333 497/1330/333 498/1331/333 500/1332/333
f 493/1333/334 494/1334/334 498/1335/334 497/1336/334
f 496/1337/335 495/1338/335 499/1339/335 500/1340/335
f 495/1341/336 493/1342/336 497/1343/336 499/1344/336
f 500/1345/337 498/1346/337 494/1347/337 496/1348/337
f 504/1349/338 502/1350/338 501/1351/338 503/1352/338
f 507/1353/339 505/1354/339 506/1355/339 508/1356/339
f 501/1357/340 502/1358/340 506/1359/340 505/1360/340
f 504/1361/341 503/1362/341 507/1363/341 508/1364/341
f 503/1365/342 501/1366/342 505/1367/342 507/1368/342
f 508/1369/343 506/1370/343 502/1371/343 504/1372/343
f 512/1373/344 510/1374/344 509/1375/344 511/1376/344
f 515/1377/345 513/1378/345 514/1379/345 516/1380/345
f 509/1381/346 510/1382/346 514/1383/346 513/1384/346
f 512/1385/347 511/1386/347 515/1387/347 516/1388/347
f 511/1389/348 509/1390/348 513/1391/348 515/1392/348
f 516/1393/349 514/1394/349 510/1395/349 512/1396/349
f 520/1397/350 518/1398/350 517/1399/350 519/1400/350
f 523/1401/351 521/1402/351 522/1403/351 524/1404/351
f 517/1405/352 518/1406/352 522/1407/352 521/1408/352
f 520/1409/353 519/1410/353 523/1411/353 524/1412/353
f 519/1413/354 517/1414/354 521/1415/354 523/1416/354
f 524/1417/355 522/1418/355 518/1419/355 520/1420/355
f 528/1421/356 526/1422/356 525/1423/356 527/1424/356
f 531/1425/357 529/1426/357 530/1427/357 532/1428/357
f 525/1429/358 526/1430/358 530/1431/358 529/1432/358
f 528/1433/359 527/1434/359 531/1435/359 532/1436/359
f 527/1437/360 525/1438/360 529/1439/360 531/1440/360
f 532/1441/361 530/1442/361 526/1443/361 528/1444/361
f 536/1445/362 534/1446/362 533/1447/362 535/1448/362
f 539/1449/363 537/1450/363 538/1451/363 540/1452/363
f 533/1453/364 534/1454/364 538/1455/364 537/1456/364
f 536/1457/365 535/1458/365 539/1459/365 540/1460/365
f 535/1461/366 533/1462/366 537/1463/366 539/1464/366
f 540/1465/367 538/1466/367 534/1467/367 536/1468/367
f 544/1469/368 542/1470/368 541/1471/368 543/1472/368
f 547/1473/369 545/1474/369 546/1475/369 548/1476/369
f 541/1477/370 542/1478/370 546/1479/370 545/1480/370
f 544/1481/371 543/1482/371 547/1483/371 548/1484/371
f 543/1485/372 541/1486/372 545/1487/372 547/1488/372
f 548/1489/373 546/1490/373 542/1491/373 544/1492/373
f 552/1493/374 550/1494/374 549/1495/374 551/1496/374
f 555/1497/375 553/1498/375 554/1499/375 556/1500/375
f 549/1501/376 550/1502/376 554/1503/376 553/1504/376
f 552/1505/377 551/1506/377 555/1507/377 556/1508/377
f 551/1509/378 549/1510/378 553/1511/378 555/1512/378
f 556/1513/379 554/1514/379 550/1515/379 552/1516/379
f 560/1517/380 558/1518/380 557/1519/380 559/1520/380
f 563/1521/381 561/1522/381 562/1523/381 564/1524/381
f 557/1525/382 558/1526/382 562/1527/382 561/1528/382
f 560/1529/383 559/1530/383 563/1531/383 564/1532/383
f 559/1533/384 557/1534/384 561/1535/384 563/1536/384
f 564/1537/385 562/1538/385 558/1539/385 560/1540/385
f 568/1541/386 566/1542/386 565/1543/386 567/1544/386
f 571/1545/387 569/1546/387 570/1547/387 572/1548/387
f 565/1549/388 566/1550/388 570/1551/388 569/1552/388
f 568/1553/389 567/1554/389 571/1555/389 572/1556/389
f 567/1557/390 565/1558/390 569/1559/390 571/1560/390
f 572/1561/391 570/1562/391 566/1563/391 568/1564/391
f 576/1565/392 574/1566/392 573/1567/392 575/1568/392
f 579/1569/393 577/1570/393 578/1571/393 580/1572/393
f 573/1573/394 574/1574/394 578/1575/394 577/1576/394
f 576/1577/395 575/1578/395 579/1579/395 580/1580/395
f 575/1581/396 573/1582/396 577/1583/396 579/1584/396
f 580/1585/397 578/1586/397 574/1587/397 576/1588/397
f 584/1589/398 582/1590/398 581/1591/398 583/1592/398
f 587/1593/399 585/1594/399 586/1595/399 588/1596/399
f 581/1597/400 582/1598/400 586/1599/400 585/1600/400
f 584/1601/401 583/1602/401 587/1603/401 588/1604/401
f 583/1605/402 581/1606/402 585/1607/402 587/1608/402
f 588/1609/403 586/1610/403 582/1611/403 584/1612/403
f 592/1613/404 590/1614/404 589/1615/404 591/1616/404
f 595/1617/405 593/1618/405 594/1619/405 596/1620/405
f 589/1621/406 590/1622/406 594/1623/406 593/1624/406
f 592/1625/407 591/1626/407 595/1627/407 596/1628/407
f 591/1629/408 589/1630/408 593/1631/408 595/1632/408
f 596/1633/409 594/1634/409 590/1635/409 592/1636/409
f 600/1637/410 598/1638/410 597/1639/410 599/1640/410
f 603/1641/411 601/1642/411 602/1643/411 604/1644/411
f 597/1645/412 598/1646/412 602/1647/412 601/1648/412
f 600/1649/413 599/1650/413 603/1651/413 604/1652/413
f 599/1653/414 597/1654/414 601/1655/414 603/1656/414
f 604/1657/415 602/1658/415 598/1659/415 600/1660/415
f 608/1661/416 606/1662/416 605/1663/416 607/1664/416
f 611/1665/417 609/1666/417 610/1667/417 612/1668/417
f 605/1669/418 606/1670/418 610/1671/418 609/1672/418
f 608/1673/419 607/1674/419 611/1675/419 612/1676/419
f 607/1677/420 605/1678/420 609/1679/420 611/1680/420
f 612/1681/421 610/1682/421 606/1683/421 608/1684/421
f 616/1685/422 614/1686/422 613/1687/422 615/1688/422
f 619/1689/423 617/1690/423 618/1691/423 620/1692/423
f 613/1693/424 614/1694/424 618/1695/424 617/1696/424
f 616/1697/425 615/1698/425 619/1699/425 620/1700/425
f 615/1701/426 613/1702/426 617/1703/426 619/1704/426
f 620/1705/427 618/1706/427 614/1707/427 616/1708/427
f 624/1709/428 622/1710/428 621/1711/428 623/1712/428
f 627/1713/429 625/1714/429 626/1715/429 628/1716/429
f 621/1717/430 622/1718/430 626/1719/430 625/1720/430
f 624/1721/431 623/1722/431 627/1723/431 628/1724/431
f 623/1725/432 621/1726/432 625/1727/432 627/1728/432
f 628/1729/433 626/1730/433 622/1731/433 624/1732/433
f 632/1733/434 630/1734/434 629/1735/434 631/1736/434
f 635/1737/435 633/1738/435 634/1739/435 636/1740/435
f 629/1741/436 630/1742/436 634/1743/436 633/1744/436
f 632/1745/437 631/1746/437 635/1747/437 636/1748/437
f 631/1749/438 629/1750/438 633/1751/438 635/1752/438
f 636/1753/439 634/1754/439 630/1755/439 632/1756/439
f 640/1757/440 638/1758/440 637/1759/440 639/1760/440
f 643/1761/441 641/1762/441 642/1763/441 644/1764/441
f 637/1765/442 638/1766/442 642/1767/442 641/1768/442
f 640/1769/443 639/1770/443 643/1771/443 644/1772/443
f 639/1773/444 637/1774/444 641/1775/444 643/1776/444
f 644/1777/445 642/1778/445 638/1779/445 640/1780/445
f 648/1781/446 646/1782/446 645/1783/446 647/1784/446
f 651/1785/447 649/1786/447 650/1787/447 652/1788/447
f 645/1789/448 646/1790/448 650/1791/448 649/1792/448
f 648/1793/449 647/1794/449 651/1795/449 652/1796/449
f 647/1797/450 645/1798/450 649/1799/450 651/1800/450
f 652/1801/451 650/1802/451 646/1803/451 648/1804/451
f 656/1805/452 654/1806/452 653/1807/452 655/1808/452
f 659/1809/453 657/1810/453 658/1811/453 660/1812/453
f 653/1813/454 654/1814/454 658/1815/454 657/1816/454
f 656/1817/455 655/1818/455 659/1819/455 660/1820/455
f 655/1821/456 653/1822/456 657/1823/456 659/1824/456
f 660/1825/457 658/1826/457 654/1827/457 656/1828/457
f 664/1829/458 662/1830/458 661/1831/458 663/1832/458
f 667/1833/459 665/1834/459 666/1835/459 668/1836/459
f 661/1837/460 662/1838/460 666/1839/460 665/1840/460
f 664/1841/461 663/1842/461 667/1843/461 668/1844/461
f 663/1845/462 661/1846/462 665/1847/462 667/1848/462
f 668/1849/463 666/1850/463 662/1851/463 664/1852/463
f 672/1853/464 670/1854/464 669/1855/464 671/1856/464
f 675/1857/465 673/1858/465 674/1859/465 676/1860/465
f 669/1861/466 670/1862/466 674/1863/466 673/1864/466
f 672/1865/467 671/1866/467 675/1867/467 676/1868/467
f 671/1869/468 669/1870/468 673/1871/468 675/1872/468
f 676/1873/469 674/1874/469 670/1875/469 672/1876/469
f 680/1877/470 678/1878/470 677/1879/470 679/1880/470
f 683/1881/471 681/1882/471 682/1883/471 684/1884/471
f 677/1885/472 678/1886/472 682/1887/472 681/1888/472
f 680/1889/473 679/1890/473 683/1891/473 684/1892/473
f 679/1893/474 677/1894/474 681/1895/474 683/1896/474
f 684/1897/475 682/1898/475 678/1899/475 680/1900/475
f 688/1901/476 686/1902/476 685/1903/476 687/1904/476
f 691/1905/477 689/1906/477 690/1907/477 692/1908/477
f 685/1909/478 686/1910/478 690/1911/478 689/1912/478
f 688/1913/479 687/1914/479 691/1915/479 692/1916/479
f 687/1917/480 685/1918/480 689/1919/480 691/1920/480
f 692/1921/481 690/1922/481 686/1923/481 688/1924/481
f 696/1925/482 694/1926/482 693/1927/482 695/1928/482
f 699/1929/483 697/1930/483 698/1931/483 700/1932/483
f 693/1933/484 694/1934/484 698/1935/484 697/1936/484
f 696/1937/485 695/1938/485 699/1939/485 700/1940/485
f 695/1941/486 693/1942/486 697/1943/486 699/1944/486
f 700/1945/487 698/1946/487 694/1947/487 696/1948/487
f 704/1949/488 702/1950/488 701/1951/488 703/1952/488
f 707/1953/489 705/1954/489 706/1955/489 708/1956/489
f 701/1957/490 702/1958/490 706/1959/490 705/1960/490
f 704/1961/491 703/1962/491 707/1963/491 708/1964/491
f 703/1965/492 701/1966/492 705/1967/492 707/1968/492
f 708/1969/493 706/1970/493 702/1971/493 704/1972/493
f 712/1973/494 710/1974/494 709/1975/494 711/1976/494
f 715/1977/495 713/1978/495 714/1979/495 716/1980/495
f 709/1981/496 710/1982/496 714/1983/496 713/1984/496
f 712/1985/497 711/1986/497 715/1987/497 716/1988/497
f 711/1989/498 709/1990/498 713/1991/498 715/1992/498
f 716/1993/499 714/1994/499 710/1995/499 712/1996/499
f 720/1997/500 718/1998/500 717/1999/500 719/2000/500
f 723/2001/501 721/2002/501 722/2003/501 724/2004/501
f 717/2005/502 718/2006/502 722/2007/502 721/2008/502
f 720/2009/503 719/2010/503 723/2011/503 724/2012/503
f 719/2013/504 717/2014/504 721/2015/504 723/2016/504
f 724/2017/505 722/2018/505 718/2019/505 720/2020/505
f 726/2021/506 725/2022/506 728/2023/506 727/2024/506
f 729/2025/507 730/2026/507 731/2027/507 732/2028/507
f 725/2029/508 726/2030/508 730/2031/508 729/2032/508
f 728/2033/509 727/2034/509 731/2035/509 732/2036/509
f 725/2037/510 729/2038/510 727/2039/510 731/2040/510
f 732/2041/511 730/2042/511 726/2043/511 728/2044/511
f 734/2045/512 733/2046/512 736/2047/512 735/2048/512
f 737/2049/513 738/2050/513 739/2051/513 740/2052/513
f 733/2053/514 734/2054/514 738/2055/514 737/2056/514
f 736/2057/515 735/2058/515 739/2059/515 740/2060/515
f 735/2061/516 733/2062/516 737/2063/516 739/2064/516
f 738/2065/517 734/2066/517 740/2067/517 736/2068/517
f 742/2069/518 741/2070/518 744/2071/518 743/2072/518
f 745/2073/519 746/2074/519 747/2075/519 748/2076/519
f 741/2077/520 742/2078/520 746/2079/520 745/2080/520
f 744/2081/521 743/2082/521 747/2083/521 748/2084/521
f 743/2085/522 741/2086/522 745/2087/522 747/2088/522
f 748/2089/523 746/2090/523 742/2091/523 744/2092/523
f 750/2093/524 749/2094/524 752/2095/524 751/2096/524
f 753/2097/525 754/2098/525 755/2099/525 756/2100/525
f 749/2101/526 750/2102/526 754/2103/526 753/2104/526
f 752/2105/527 751/2106/527 755/2107/527 756/2108/527
f 749/2109/528 753/2110/528 751/2111/528 755/2112/528
f 754/2113/529 750/2114/529 756/2115/529 752/2116/529
f 758/2117/530 757/2118/530 760/2119/530 759/2120/530
f 761/2121/531 762/2122/531 763/2123/531 764/2124/531
f 757/2125/532 758/2126/532 762/2127/532 761/2128/532
f 760/2129/533 759/2130/533 763/2131/533 764/2132/533
f 757/2133/534 761/2134/534 759/2135/534 763/2136/534
f 762/2137/535 758/2138/535 764/2139/535 760/2140/535
f 766/2141/536 765/2142/536 768/2143/536 767/2144/536
f 769/2145/537 770/2146/537 771/2147/537 772/2148/537
f 765/2149/538 766/2150/538 770/2151/538 769/2152/538
f 768/2153/539 767/2154/539 771/2155/539 772/2156/539
f 767/2157/540 765/2158/540 769/2159/540 771/2160/540
f 770/2161/541 766/2162/541 772/2163/541 768/2164/541
f 776/2165/542 774/2166/542 773/2167/542 775/2168/542
f 779/2169/543 777/2170/543 778/2171/543 780/2172/543
f 773/2173/544 774/2174/544 778/2175/544 777/2176/544
f 776/2177/545 775/2178/545 779/2179/545 780/2180/545
f 775/2181/546 773/2182/546 777/2183/546 779/2184/546
f 780/2185/547 778/2186/547 774/2187/547 776/2188/547
f 784/2189/548 782/2190/548 781/2191/548 783/2192/548
f 787/2193/549 785/2194/549 786/2195/549 788/2196/549
f 781/2197/550 782/2198/550 786/2199/550 785/2200/550
f 784/2201/551 783/2202/551 787/2203/551 788/2204/551
f 783/2205/552 781/2206/552 785/2207/552 787/2208/552
f 788/2209/553 786/2210/553 782/2211/553 784/2212/553
f 792/2213/554 790/2214/554 789/2215/554 791/2216/554
f 795/2217/555 793/2218/555 794/2219/555 796/2220/555
f 789/2221/556 790/2222/556 794/2223/556 793/2224/556
f 792/2225/557 791/2226/557 795/2227/557 796/2228/557
f 791/2229/558 789/2230/558 793/2231/558 795/2232/558
f 796/2233/559 794/2234/559 790/2235/559 792/2236/559
f 800/2237/560 798/2238/560 797/2239/560 799/2240/560
f 803/2241/561 801/2242/561 802/2243/561 804/2244/561
f 797/2245/562 798/2246/562 802/2247/562 801/2248/562
f 800/2249/563 799/2250/563 803/2251/563 804/2252/563
f 799/2253/564 797/2254/564 801/2255/564 803/2256/564
f 804/2257/565 802/2258/565 798/2259/565 800/2260/565
f 808/2261/566 806/2262/566 805/2263/566 807/2264/566
f 811/2265/567 809/2266/567 810/2267/567 812/2268/567
f 805/2269/568 806/2270/568 810/2271/568 809/2272/568
f 808/2273/569 807/2274/569 811/2275/569 812/2276/569
f 807/2277/570 805/2278/570 809/2279/570 811/2280/570
f 812/2281/571 810/2282/571 806/2283/571 808/2284/571
f 816/2285/572 814/2286/572 813/2287/572 815/2288/572
f 819/2289/573 817/2290/573 818/2291/573 820/2292/573
f 813/2293/574 814/2294/574 818/2295/574 817/2296/574
f 816/2297/575 815/2298/575 819/2299/575 820/2300/575
f 815/2301/576 813/2302/576 817/2303/576 819/2304/576
f 820/2305/577 818/2306/577 814/2307/577 816/2308/577
f 824/2309/578 822/2310/578 821/2311/578 823/2312/578
f 827/2313/579 825/2314/579 826/2315/579 828/2316/579
f 821/2317/580 822/2318/580 826/2319/580 825/2320/580
f 824/2321/581 823/2322/581 827/2323/581 828/2324/581
f 823/2325/582 821/2326/582 825/2327/582 827/2328/582
f 828/2329/583 826/2330/583 822/2331/583 824/2332/583
f 832/2333/584 830/2334/584 829/2335/584 831/2336/584
f 835/2337/585 833/2338/585 834/2339/585 836/2340/585
f 829/2341/586 830/2342/586 834/2343/586 833/2344/586
f 832/2345/587 831/2346/587 835/2347/587 836/2348/587
f 831/2349/588 829/2350/588 833/2351/588 835/2352/588
f 836/2353/589 834/2354/589 830/2355/589 832/2356/589
f 840/2357/590 838/2358/590 837/2359/590 839/2360/590
f 843/2361/591 841/2362/591 842/2363/591 844/2364/591
f 837/2365/592 838/2366/592 842/2367/592 841/2368/592
f 840/2369/593 839/2370/593 843/2371/593 844/2372/593
f 839/2373/594 837/2374/594 841/2375/594 843/2376/594
f 844/2377/595 842/2378/595 838/2379/595 840/2380/595
f 848/2381/596 846/2382/596 845/2383/596 847/2384/596
f 851/2385/597 849/2386/597 850/2387/597 852/2388/597
f 845/2389/598 846/2390/598 850/2391/598 849/2392/598
f 848/2393/599 847/2394/599 851/2395/599 852/2396/599
f 847/2397/600 845/2398/600 849/2399/600 851/2400/600
f 852/2401/601 850/2402/601 846/2403/601 848/2404/601
f 856/2405/602 854/2406/602 853/2407/602 855/2408/602
f 859/2409/603 857/2410/603 858/2411/603 860/2412/603
f 853/2413/604 854/2414/604 858/2415/604 857/2416/604
f 856/2417/605 855/2418/605 859/2419/605 860/2420/605
f 855/2421/606 853/2422/606 857/2423/606 859/2424/606
f 860/2425/607 858/2426/607 854/2427/607 856/2428/607
f 864/2429/608 862/2430/608 861/2431/608 863/2432/608
f 867/2433/609 865/2434/609 866/2435/609 868/2436/609
f 861/2437/610 862/2438/610 866/2439/610 865/2440/610
f 864/2441/611 863/2442/611 867/2443/611 868/2444/611
f 863/2445/612 861/2446/612 865/2447/612 867/2448/612
f 868/2449/613 866/2450/613 862/2451/613 864/2452/613
f 872/2453/614 870/2454/614 869/2455/614 871/2456/614
f 875/2457/615 873/2458/615 874/2459/615 876/2460/615
f 869/2461/616 870/2462/616 874/2463/616 873/2464/616
f 872/2465/617 871/2466/617 875/2467/617 876/2468/617
f 871/2469/618 869/2470/618 873/2471/618 875/2472/618
f 876/2473/619 874/2474/619 870/2475/619 872/2476/619
f 880/2477/620 878/2478/620 877/2479/620 879/2480/620
f 883/2481/621 881/2482/621 882/2483/621 884/2484/621
f 877/2485/622 878/2486/622 882/2487/622 881/2488/622
f 880/2489/623 879/2490/623 883/2491/623 884/2492/623
f 879/2493/624 877/2494/624 881/2495/624 883/2496/624
f 884/2497/625 882/2498/625 878/2499/625 880/2500/625
f 888/2501/626 886/2502/626 885/2503/626 887/2504/626
f 891/2505/627 889/2506/627 890/2507/627 892/2508/627
f 885/2509/628 886/2510/628 890/2511/628 889/2512/628
f 888/2513/629 887/2514/629 891/2515/629 892/2516/629
f 887/2517/630 885/2518/630 889/2519/630 891/2520/630
f 892/2521/631 890/2522/631 886/2523/631 888/2524/631
f 896/2525/632 894/2526/632 893/2527/632 895/2528/632
f 899/2529/633 897/2530/633 898/2531/633 900/2532/633
f 893/2533/634 894/2534/634 898/2535/634 897/2536/634
f 896/2537/635 895/2538/635 899/2539/635 900/2540/635
f 895/2541/636 893/2542/636 897/2543/636 899/2544/636
f 900/2545/637 898/2546/637 894/2547/637 896/2548/637
f 904/2549/638 902/2550/638 901/2551/638 903/2552/638
f 907/2553/639 905/2554/639 906/2555/639 908/2556/639
f 901/2557/640 902/2558/640 906/2559/640 905/2560/640
f 904/2561/641 903/2562/641 907/2563/641 908/2564/641
f 903/2565/642 901/2566/642 905/2567/642 907/2568/642
f 908/2569/643 906/2570/643 902/2571/643 904/2572/643
f 912/2573/644 910/2574/644 909/2575/644 911/2576/644
f 915/2577/645 913/2578/645 914/2579/645 916/2580/645
f 909/2581/646 910/2582/646 914/2583/646 913/2584/646
f 912/2585/647 911/2586/647 915/2587/647 916/2588/647
f 911/2589/648 909/2590/648 913/2591/648 915/2592/648
f 916/2593/649 914/2594/649 910/2595/649 912/2596/649
f 920/2597/650 918/2598/650 917/2599/650 919/2600/650
f 923/2601/651 921/2602/651 922/2603/651 924/2604/651
f 917/2605/652 918/2606/652 922/2607/652 921/2608/652
f 920/2609/653 919/2610/653 923/2611/653 924/2612/653
f 919/2613/654 917/2614/654 921/2615/654 923/2616/654
f 924/2617/655 922/2618/655 918/2619/655 920/2620/655
f 928/2621/656 926/2622/656 925/2623/656 927/2624/656
f 931/2625/657 929/2626/657 930/2627/657 932/2628/657
f 925/2629/658 926/2630/658 930/2631/658 929/2632/658
f 928/2633/659 927/2634/659 931/2635/659 932/2636/659
f 927/2637/660 925/2638/660 929/2639/660 931/2640/660
f 932/2641/661 930/2642/661 926/2643/661 928/2644/661
f 936/2645/662 934/2646/662 933/2647/662 935/2648/662
f 939/2649/663 937/2650/663 938/2651/663 940/2652/663
f 933/2653/664 934/2654/664 938/2655/664 937/2656/664
f 936/2657/665 935/2658/665 939/2659/665 940/2660/665
f 935/2661/666 933/2662/666 937/2663/666 939/2664/666
f 940/2665/667 938/2666/667 934/2667/667 936/2668/667
f 944/2669/668 942/2670/668 941/2671/668 943/2672/668
f 947/2673/669 945/2674/669 946/2675/669 948/2676/669
f 941/2677/670 942/2678/670 946/2679/670 945/2680/670
f 944/2681/671 943/2682/671 947/2683/671 948/2684/671
f 943/2685/672 941/2686/672 945/2687/672 947/2688/672
f 948/2689/673 946/2690/673 942/2691/673 944/2692/673
f 952/2693/674 950/2694/674 949/2695/674 951/2696/674
f 955/2697/675 953/2698/675 954/2699/675 956/2700/675
f 949/2701/676 950/2702/676 954/2703/676 953/2704/676
f 952/2705/677 951/2706/677 955/2707/677 956/2708/677
f 951/2709/678 949/2710/678 953/2711/678 955/2712/678
f 956/2713/679 954/2714/679 950/2715/679 952/2716/679
f 960/2717/680 958/2718/680 957/2719/680 959/2720/680
f 961/2721/681 962/2722/681 963/2723/681 964/2724/681
f 957/2725/682 958/2726/682 962/2727/682 961/2728/682
f 960/2729/683 959/2730/683 963/2731/683 964/2732/683
f 957/2733/684 961/2734/684 959/2735/684 963/2736/684
f 962/2737/685 958/2738/685 964/2739/685 960/2740/685
