# Blender 4.4.3
# www.blender.org
mtllib zabralo_h.mtl
o zabralo_h
v -0.285510 1.863416 -0.177321
v -0.285224 2.007121 -0.173714
v -0.252525 1.866700 -0.310766
v -0.252239 2.010404 -0.307159
v -0.321629 2.007419 -0.182706
v -0.321915 1.863714 -0.186312
v -0.288644 2.010702 -0.316150
v -0.288930 1.866998 -0.319757
v 0.000144 2.010733 -0.448087
v -0.298839 2.008521 -0.305500
v 0.000021 1.876379 -0.450429
v -0.298961 1.874166 -0.307842
v -0.280004 2.007816 -0.266018
v 0.018978 2.010028 -0.408605
v -0.280127 1.873461 -0.268360
v 0.018856 1.875673 -0.410947
v -0.018978 2.010028 -0.408605
v 0.280004 2.007816 -0.266018
v -0.018856 1.875673 -0.410947
v 0.280127 1.873461 -0.268360
v 0.298839 2.008521 -0.305500
v -0.000144 2.010733 -0.448087
v 0.298961 1.874166 -0.307842
v -0.000021 1.876379 -0.450429
v 0.055575 2.183405 -0.147365
v 0.055575 2.156189 -0.256523
v 0.045607 2.161160 -0.141818
v 0.045607 2.133944 -0.250976
v -0.001741 2.180371 -0.262552
v -0.001741 2.207587 -0.153394
v -0.011710 2.158125 -0.257006
v -0.011710 2.185341 -0.147847
v 0.107160 2.161642 -0.141938
v 0.107160 2.137450 -0.238968
v 0.097191 2.139396 -0.136392
v 0.097191 2.115204 -0.233422
v 0.055575 2.159213 -0.244394
v 0.055575 2.183405 -0.147365
v 0.045607 2.136968 -0.238848
v 0.045607 2.161160 -0.141818
v 0.260123 2.095489 -0.132339
v 0.263723 2.075851 -0.204633
v 0.250155 2.073243 -0.126793
v 0.253754 2.053605 -0.199087
v 0.103457 2.141251 -0.230378
v 0.099858 2.160889 -0.158085
v 0.093489 2.119005 -0.224832
v 0.089889 2.138643 -0.152538
v 0.046201 2.050383 -0.216161
v 0.085603 2.111821 -0.317639
v 0.040451 1.928513 -0.292177
v 0.079853 1.989951 -0.393656
v -0.003289 2.130493 -0.340849
v -0.042690 2.069055 -0.239371
v -0.009039 2.008622 -0.416866
v -0.048441 1.947184 -0.315387
v 0.104712 2.022039 -0.210602
v 0.144114 2.083477 -0.312081
v 0.100462 1.931961 -0.266789
v 0.139864 1.993399 -0.368267
v 0.084853 2.095925 -0.327554
v 0.045451 2.034487 -0.226076
v 0.080603 2.005847 -0.383741
v 0.041201 1.944409 -0.282262
v 0.169649 2.003048 -0.196887
v 0.209051 2.064486 -0.298365
v 0.166399 1.934165 -0.239852
v 0.205801 1.995603 -0.341331
v 0.143864 2.078179 -0.315386
v 0.104462 2.016741 -0.213907
v 0.140614 2.009295 -0.358352
v 0.101212 1.947857 -0.256873
v 0.228411 1.980003 -0.188023
v 0.267812 2.041441 -0.289502
v 0.226410 1.937613 -0.214464
v 0.265812 1.999051 -0.315942
v 0.208551 2.053889 -0.304975
v 0.169149 1.992451 -0.203497
v 0.206551 2.011499 -0.331416
v 0.167149 1.950061 -0.229937
v 0.101996 2.145419 0.212689
v 0.108731 2.161678 0.101574
v 0.092546 2.122607 0.208778
v 0.099281 2.138866 0.097663
v -0.000980 2.207122 0.101574
v -0.007715 2.190863 0.212689
v -0.010429 2.184309 0.097663
v -0.017164 2.168050 0.208778
v 0.264797 2.081159 0.194169
v 0.270409 2.094709 0.101574
v 0.255348 2.058347 0.190259
v 0.260960 2.071896 0.097663
v 0.108731 2.161678 0.101574
v 0.103118 2.148129 0.194169
v 0.099281 2.138866 0.097663
v 0.093669 2.125316 0.190259
v 0.084603 2.090626 0.343359
v 0.045201 2.029188 0.241881
v 0.079853 1.989951 0.406155
v 0.040451 1.928513 0.304677
v -0.043690 2.047860 0.265091
v -0.004289 2.109298 0.366569
v -0.048441 1.947184 0.327887
v -0.009039 2.008622 0.429366
v 0.143114 2.062283 0.337801
v 0.103712 2.000845 0.236322
v 0.139864 1.993399 0.380767
v 0.100462 1.931961 0.279288
v 0.044451 2.013292 0.251796
v 0.083853 2.074730 0.353274
v 0.041201 1.944409 0.294762
v 0.080603 2.005847 0.396240
v 0.208051 2.043291 0.324085
v 0.168649 1.981853 0.222607
v 0.205801 1.995603 0.353831
v 0.166399 1.934165 0.252352
v 0.103462 1.995546 0.239627
v 0.142864 2.056984 0.341106
v 0.101212 1.947857 0.269373
v 0.140614 2.009295 0.370852
v 0.266812 2.020246 0.315222
v 0.227410 1.958808 0.213743
v 0.265812 1.999051 0.328442
v 0.226410 1.937613 0.226963
v 0.168149 1.971256 0.229217
v 0.207551 2.032694 0.330695
v 0.167149 1.950061 0.242437
v 0.206551 2.011499 0.343915
v 0.324061 2.009933 0.154444
v 0.324061 2.009933 -0.176806
v 0.332646 1.869571 0.154444
v 0.332646 1.869571 -0.176806
v 0.261678 2.006118 -0.176806
v 0.261678 2.006118 0.154444
v 0.270262 1.865755 -0.176806
v 0.270262 1.865755 0.154444
v 0.282381 2.092088 -0.191275
v 0.281259 2.042237 -0.305899
v 0.290330 2.012151 -0.156588
v 0.289209 1.962300 -0.271212
v 0.219020 2.037252 -0.303122
v 0.220142 2.087103 -0.188498
v 0.226970 1.957316 -0.268435
v 0.228091 2.007166 -0.153811
v 0.281035 2.032267 0.291323
v 0.282381 2.092088 0.153774
v 0.288984 1.952330 0.256637
v 0.290330 2.012151 0.119088
v 0.220142 2.087103 0.150998
v 0.218796 2.027282 0.288547
v 0.228091 2.007166 0.116311
v 0.226745 1.947346 0.253860
v 0.286457 1.591041 0.318891
v 0.271284 2.022019 0.320865
v 0.334370 1.593439 0.163633
v 0.319196 2.024417 0.165607
v 0.235475 2.020809 0.309796
v 0.250649 1.589831 0.307822
v 0.283387 2.023207 0.154538
v 0.298561 1.592229 0.152564
v 0.271065 2.100878 0.156250
v 0.271065 2.100878 -0.175000
v 0.326236 1.999264 0.156250
v 0.326236 1.999264 -0.175000
v 0.221631 2.074037 -0.175000
v 0.221631 2.074037 0.156250
v 0.276803 1.972424 -0.175000
v 0.276803 1.972424 0.156250
v 0.331250 1.868750 0.156250
v 0.331250 1.868750 -0.206250
v 0.331250 1.631250 0.156250
v 0.331250 1.631250 -0.206250
v 0.275000 1.868750 -0.206250
v 0.275000 1.868750 0.156250
v 0.275000 1.631250 -0.206250
v 0.275000 1.631250 0.156250
v 0.331250 1.631250 0.156250
v 0.331250 1.631250 -0.143750
v 0.331250 1.568750 0.156250
v 0.331250 1.568750 -0.143750
v 0.275000 1.631250 -0.143750
v 0.275000 1.631250 0.156250
v 0.275000 1.568750 -0.143750
v 0.275000 1.568750 0.156250
v 0.321915 1.863714 -0.186312
v 0.321629 2.007419 -0.182706
v 0.288930 1.866998 -0.319757
v 0.288644 2.010702 -0.316150
v 0.285224 2.007121 -0.173714
v 0.285510 1.863416 -0.177321
v 0.252239 2.010404 -0.307159
v 0.252525 1.866700 -0.310766
v 0.282381 2.086907 -0.189469
v 0.281315 2.039549 -0.298362
v 0.290330 2.006970 -0.154782
v 0.289265 1.959612 -0.263675
v 0.219076 2.034564 -0.295585
v 0.220142 2.081922 -0.186692
v 0.227026 1.954628 -0.260898
v 0.228091 2.001986 -0.152005
v -0.029412 2.137163 -0.200072
v 0.241978 2.035700 -0.151677
v -0.029412 2.079313 -0.321357
v 0.241978 1.977850 -0.272962
v 0.270679 2.098241 -0.181508
v -0.000710 2.199704 -0.229903
v 0.270679 2.040391 -0.302792
v -0.000710 2.141854 -0.351188
v -0.029412 2.165295 -0.044842
v 0.247752 2.051472 -0.029857
v -0.029412 2.147755 -0.178067
v 0.247752 2.033932 -0.163082
v 0.276453 2.120170 -0.038901
v -0.000710 2.233993 -0.053886
v 0.276453 2.102630 -0.172126
v -0.000710 2.216453 -0.187112
v -0.029412 2.146134 0.158886
v 0.247752 2.032590 0.141916
v -0.029412 2.165996 0.025987
v 0.247752 2.052452 0.009017
v 0.276453 2.101120 0.152158
v -0.000710 2.214664 0.169128
v 0.276453 2.120982 0.019259
v -0.000710 2.234526 0.036229
v -0.000710 2.009375 0.441264
v 0.270679 2.011337 0.328868
v -0.000710 1.600062 0.434119
v 0.270679 1.602024 0.321723
v 0.241978 2.012546 0.259587
v -0.029412 2.010584 0.371984
v 0.241978 1.603233 0.252443
v -0.029412 1.601272 0.364839
v 0.277855 2.117472 0.034867
v 0.006465 2.229885 0.034867
v 0.277855 2.117472 -0.055758
v 0.006465 2.229885 -0.055758
v -0.029412 2.143271 0.034867
v 0.241978 2.030858 0.034867
v -0.029412 2.143271 -0.055758
v 0.241978 2.030858 -0.055758
v -0.000710 2.203543 0.196660
v 0.270679 2.102081 0.148265
v -0.000710 2.118786 0.374356
v 0.270679 2.017324 0.325961
v 0.241978 2.039540 0.118434
v -0.029412 2.141002 0.166829
v 0.241978 1.954783 0.296131
v -0.029412 2.056245 0.344526
v 0.007715 2.190863 0.212689
v 0.000980 2.207122 0.101574
v 0.017164 2.168050 0.208778
v 0.010429 2.184309 0.097663
v -0.108731 2.161678 0.101574
v -0.101996 2.145419 0.212689
v -0.099281 2.138866 0.097663
v -0.092546 2.122607 0.208778
v -0.103118 2.148129 0.194169
v -0.108731 2.161678 0.101574
v -0.093669 2.125316 0.190259
v -0.099281 2.138866 0.097663
v -0.270409 2.094709 0.101574
v -0.264797 2.081159 0.194169
v -0.260960 2.071896 0.097663
v -0.255348 2.058347 0.190259
v -0.099858 2.160889 -0.158085
v -0.103457 2.141251 -0.230378
v -0.089889 2.138643 -0.152538
v -0.093489 2.119005 -0.224832
v -0.263723 2.075851 -0.204633
v -0.260123 2.095489 -0.132339
v -0.253754 2.053605 -0.199087
v -0.250155 2.073243 -0.126793
v -0.055575 2.183405 -0.147365
v -0.055575 2.159213 -0.244394
v -0.045607 2.161160 -0.141818
v -0.045607 2.136968 -0.238848
v -0.107160 2.137450 -0.238968
v -0.107160 2.161642 -0.141938
v -0.097191 2.115204 -0.233422
v -0.097191 2.139396 -0.136392
v 0.001741 2.207587 -0.153394
v 0.001741 2.180371 -0.262552
v 0.011710 2.185341 -0.147847
v 0.011710 2.158125 -0.257006
v -0.055575 2.156189 -0.256523
v -0.055575 2.183405 -0.147365
v -0.045607 2.133944 -0.250976
v -0.045607 2.161160 -0.141818
v 0.004289 2.109298 0.366569
v 0.043690 2.047860 0.265091
v 0.009039 2.008622 0.429366
v 0.048441 1.947184 0.327887
v -0.045201 2.029188 0.241881
v -0.084603 2.090626 0.343359
v -0.040451 1.928513 0.304677
v -0.079853 1.989951 0.406155
v -0.083853 2.074730 0.353274
v -0.044451 2.013292 0.251796
v -0.080603 2.005847 0.396240
v -0.041201 1.944409 0.294762
v -0.103712 2.000845 0.236322
v -0.143114 2.062283 0.337801
v -0.100462 1.931961 0.279288
v -0.139864 1.993399 0.380767
v -0.142864 2.056984 0.341106
v -0.103462 1.995546 0.239627
v -0.140614 2.009295 0.370852
v -0.101212 1.947857 0.269373
v -0.168649 1.981853 0.222607
v -0.208051 2.043291 0.324085
v -0.166399 1.934165 0.252352
v -0.205801 1.995603 0.353831
v -0.207551 2.032694 0.330695
v -0.168149 1.971256 0.229217
v -0.206551 2.011499 0.343915
v -0.167149 1.950061 0.242437
v -0.227410 1.958808 0.213743
v -0.266812 2.020246 0.315222
v -0.226410 1.937613 0.226963
v -0.265812 1.999051 0.328442
v -0.169149 1.992451 -0.203497
v -0.208551 2.053889 -0.304975
v -0.167149 1.950061 -0.229937
v -0.206551 2.011499 -0.331416
v -0.267812 2.041441 -0.289502
v -0.228411 1.980003 -0.188023
v -0.265812 1.999051 -0.315942
v -0.226410 1.937613 -0.214464
v -0.104462 2.016741 -0.213907
v -0.143864 2.078179 -0.315386
v -0.101212 1.947857 -0.256873
v -0.140614 2.009295 -0.358352
v -0.209051 2.064486 -0.298365
v -0.169649 2.003048 -0.196887
v -0.205801 1.995603 -0.341331
v -0.166399 1.934165 -0.239852
v -0.045451 2.034487 -0.226076
v -0.084853 2.095925 -0.327554
v -0.041201 1.944409 -0.282262
v -0.080603 2.005847 -0.383741
v -0.144114 2.083477 -0.312081
v -0.104712 2.022039 -0.210602
v -0.139864 1.993399 -0.368267
v -0.100462 1.931961 -0.266789
v 0.042690 2.069055 -0.239371
v 0.003289 2.130493 -0.340849
v 0.048441 1.947184 -0.315387
v 0.009039 2.008622 -0.416866
v -0.085603 2.111821 -0.317639
v -0.046201 2.050383 -0.216161
v -0.079853 1.989951 -0.393656
v -0.040451 1.928513 -0.292177
v -0.261678 2.006118 0.154444
v -0.261678 2.006118 -0.176806
v -0.270262 1.865755 0.154444
v -0.270262 1.865755 -0.176806
v -0.324061 2.009933 -0.176806
v -0.324061 2.009933 0.154444
v -0.332646 1.869571 -0.176806
v -0.332646 1.869571 0.154444
v -0.220142 2.087103 -0.188498
v -0.219020 2.037252 -0.303122
v -0.228091 2.007166 -0.153811
v -0.226970 1.957316 -0.268435
v -0.281259 2.042237 -0.305899
v -0.282381 2.092088 -0.191275
v -0.289209 1.962300 -0.271212
v -0.290330 2.012151 -0.156588
v -0.250649 1.589831 0.307822
v -0.235475 2.020809 0.309796
v -0.298561 1.592229 0.152564
v -0.283387 2.023207 0.154538
v -0.271284 2.022019 0.320865
v -0.286457 1.591041 0.318891
v -0.319196 2.024417 0.165607
v -0.334370 1.593439 0.163633
v -0.221631 2.074037 0.156250
v -0.221631 2.074037 -0.175000
v -0.276803 1.972424 0.156250
v -0.276803 1.972424 -0.175000
v -0.271065 2.100878 -0.175000
v -0.271065 2.100878 0.156250
v -0.326236 1.999264 -0.175000
v -0.326236 1.999264 0.156250
v -0.275000 1.868750 0.156250
v -0.275000 1.868750 -0.206250
v -0.275000 1.631250 0.156250
v -0.275000 1.631250 -0.206250
v -0.331250 1.868750 -0.206250
v -0.331250 1.868750 0.156250
v -0.331250 1.631250 -0.206250
v -0.331250 1.631250 0.156250
v -0.220142 2.081922 -0.186692
v -0.219076 2.034564 -0.295585
v -0.228091 2.001986 -0.152005
v -0.227026 1.954628 -0.260898
v -0.281315 2.039549 -0.298362
v -0.282381 2.086907 -0.189469
v -0.289265 1.959612 -0.263675
v -0.290330 2.006970 -0.154782
v -0.275000 1.631250 0.156250
v -0.275000 1.631250 -0.143750
v -0.275000 1.568750 0.156250
v -0.275000 1.568750 -0.143750
v -0.331250 1.631250 -0.143750
v -0.331250 1.631250 0.156250
v -0.331250 1.568750 -0.143750
v -0.331250 1.568750 0.156250
v -0.218796 2.027282 0.288547
v -0.220142 2.087103 0.150998
v -0.226745 1.947346 0.253860
v -0.228091 2.007166 0.116311
v -0.282381 2.092088 0.153774
v -0.281035 2.032267 0.291323
v -0.290330 2.012151 0.119088
v -0.288984 1.952330 0.256637
v 0.000710 2.199704 -0.229903
v -0.270679 2.098241 -0.181508
v 0.000710 2.141854 -0.351188
v -0.270679 2.040391 -0.302792
v -0.241978 2.035700 -0.151677
v 0.029412 2.137163 -0.200072
v -0.241978 1.977850 -0.272962
v 0.029412 2.079313 -0.321357
v 0.000710 2.233993 -0.053886
v -0.276453 2.120170 -0.038901
v 0.000710 2.216453 -0.187112
v -0.276453 2.102630 -0.172126
v -0.247752 2.051472 -0.029857
v 0.029412 2.165295 -0.044842
v -0.247752 2.033932 -0.163082
v 0.029412 2.147755 -0.178067
v 0.000710 2.214664 0.169128
v -0.276453 2.101120 0.152158
v 0.000710 2.234526 0.036229
v -0.276453 2.120982 0.019259
v -0.247752 2.032590 0.141916
v 0.029412 2.146134 0.158886
v -0.247752 2.052452 0.009017
v 0.029412 2.165996 0.025987
v 0.029412 2.010584 0.371984
v -0.241978 2.012546 0.259587
v 0.029412 1.601272 0.364839
v -0.241978 1.603233 0.252443
v -0.270679 2.011337 0.328868
v 0.000710 2.009375 0.441264
v -0.270679 1.602024 0.321723
v 0.000710 1.600062 0.434119
v 0.029412 2.141002 0.166829
v -0.241978 2.039540 0.118434
v 0.029412 2.056245 0.344526
v -0.241978 1.954783 0.296131
v -0.270679 2.102081 0.148265
v 0.000710 2.203543 0.196660
v -0.270679 2.017324 0.325961
v 0.000710 2.118786 0.374356
v -0.241978 2.030858 0.034867
v 0.029412 2.143271 0.034867
v -0.241978 2.030858 -0.055758
v 0.029412 2.143271 -0.055758
v -0.006465 2.229885 0.034867
v -0.277855 2.117472 0.034867
v -0.006465 2.229885 -0.055758
v -0.277855 2.117472 -0.055758
v 0.009561 1.643750 0.438102
v 0.031375 1.643750 0.372904
v 0.009561 1.593750 0.438102
v 0.031375 1.593750 0.372904
v -0.253122 1.643750 0.277713
v -0.274936 1.643750 0.342910
v -0.253122 1.593750 0.277713
v -0.274936 1.593750 0.342910
v -0.289402 1.645464 0.333971
v -0.241196 1.644699 0.320721
v -0.286238 1.597649 0.348243
v -0.238032 1.596884 0.334993
v -0.291143 1.588130 0.142272
v -0.339349 1.588895 0.155522
v -0.287979 1.540314 0.156544
v -0.336185 1.541080 0.169794
v -0.268750 1.812500 -0.156250
v -0.268750 1.812500 -0.218750
v -0.268750 1.650000 -0.156250
v -0.268750 1.650000 -0.218750
v -0.337500 1.812500 -0.218750
v -0.337500 1.812500 -0.156250
v -0.337500 1.650000 -0.218750
v -0.337500 1.650000 -0.156250
v -0.274384 1.812500 -0.209466
v -0.274384 1.875000 -0.209466
v -0.245655 1.812500 -0.324688
v -0.245655 1.875000 -0.324688
v -0.328963 1.875000 -0.223074
v -0.328963 1.812500 -0.223074
v -0.300235 1.875000 -0.338296
v -0.300235 1.812500 -0.338296
v -0.277841 1.812500 -0.289596
v -0.277841 1.875000 -0.289596
v 0.016710 1.812500 -0.426947
v 0.016710 1.875000 -0.426947
v -0.298971 1.875000 -0.334911
v -0.298971 1.812500 -0.334911
v -0.004421 1.875000 -0.472262
v -0.004421 1.812500 -0.472262
v -0.268750 1.544402 0.158524
v -0.268750 1.594334 0.155907
v -0.268750 1.530991 -0.097375
v -0.268750 1.580923 -0.099992
v -0.337500 1.594334 0.155907
v -0.337500 1.544402 0.158524
v -0.337500 1.580923 -0.099992
v -0.337500 1.530991 -0.097375
v -0.267275 1.778102 -0.182023
v -0.267275 1.809038 -0.151087
v -0.255097 1.839372 -0.243293
v -0.255097 1.870307 -0.212357
v -0.341545 1.816419 -0.158468
v -0.341545 1.785483 -0.189404
v -0.329367 1.877688 -0.219738
v -0.329367 1.846752 -0.250674
v -0.268750 1.523353 -0.102367
v -0.268750 1.558709 -0.067012
v -0.268750 1.642678 -0.221691
v -0.268750 1.678033 -0.186336
v -0.343750 1.558709 -0.067012
v -0.343750 1.523353 -0.102367
v -0.343750 1.678033 -0.186336
v -0.343750 1.642678 -0.221691
v 0.274936 1.643750 0.342910
v 0.253122 1.643750 0.277713
v 0.274936 1.593750 0.342910
v 0.253122 1.593750 0.277713
v -0.031375 1.643750 0.372904
v -0.009561 1.643750 0.438102
v -0.031375 1.593750 0.372904
v -0.009561 1.593750 0.438102
v 0.339349 1.588895 0.155522
v 0.291143 1.588130 0.142272
v 0.336185 1.541080 0.169794
v 0.287979 1.540314 0.156544
v 0.241196 1.644699 0.320721
v 0.289402 1.645464 0.333971
v 0.238032 1.596884 0.334993
v 0.286238 1.597649 0.348243
v 0.337500 1.812500 -0.156250
v 0.337500 1.812500 -0.218750
v 0.337500 1.650000 -0.156250
v 0.337500 1.650000 -0.218750
v 0.268750 1.812500 -0.218750
v 0.268750 1.812500 -0.156250
v 0.268750 1.650000 -0.218750
v 0.268750 1.650000 -0.156250
v 0.328963 1.812500 -0.223074
v 0.328963 1.875000 -0.223074
v 0.300235 1.812500 -0.338296
v 0.300235 1.875000 -0.338296
v 0.274384 1.875000 -0.209466
v 0.274384 1.812500 -0.209466
v 0.245655 1.875000 -0.324688
v 0.245655 1.812500 -0.324688
v 0.341545 1.785483 -0.189404
v 0.341545 1.816419 -0.158468
v 0.329367 1.846752 -0.250674
v 0.329367 1.877688 -0.219738
v 0.267275 1.809038 -0.151087
v 0.267275 1.778102 -0.182023
v 0.255097 1.870307 -0.212357
v 0.255097 1.839372 -0.243293
v 0.343750 1.523353 -0.102367
v 0.343750 1.558709 -0.067012
v 0.343750 1.642678 -0.221691
v 0.343750 1.678033 -0.186336
v 0.268750 1.558709 -0.067012
v 0.268750 1.523353 -0.102367
v 0.268750 1.678033 -0.186336
v 0.268750 1.642678 -0.221691
v 0.337500 1.544402 0.158524
v 0.337500 1.594334 0.155907
v 0.337500 1.530991 -0.097375
v 0.337500 1.580923 -0.099992
v 0.268750 1.594334 0.155907
v 0.268750 1.544402 0.158524
v 0.268750 1.580923 -0.099992
v 0.268750 1.530991 -0.097375
v 0.298971 1.812500 -0.334911
v 0.298971 1.875000 -0.334911
v 0.004421 1.812500 -0.472262
v 0.004421 1.875000 -0.472262
v 0.277841 1.875000 -0.289596
v 0.277841 1.812500 -0.289596
v -0.016710 1.875000 -0.426947
v -0.016710 1.812500 -0.426947
v 0.411104 1.873940 0.012396
v 0.411104 1.873940 -0.050104
v 0.411104 1.811440 0.012396
v 0.411104 1.811440 -0.050104
v 0.286104 1.873940 -0.050104
v 0.286104 1.873940 0.012396
v 0.286104 1.811440 -0.050104
v 0.286104 1.811440 0.012396
v 0.348604 1.936440 0.074896
v 0.348604 1.936440 -0.112604
v 0.348604 1.748940 0.074896
v 0.348604 1.748940 -0.112604
v 0.279854 1.936440 -0.112604
v 0.279854 1.936440 0.074896
v 0.279854 1.748940 -0.112604
v 0.279854 1.748940 0.074896
v -0.286104 1.873940 0.012396
v -0.286104 1.873940 -0.050104
v -0.286104 1.811440 0.012396
v -0.286104 1.811440 -0.050104
v -0.411104 1.873940 -0.050104
v -0.411104 1.873940 0.012396
v -0.411104 1.811440 -0.050104
v -0.411104 1.811440 0.012396
v -0.279854 1.936440 0.074896
v -0.279854 1.936440 -0.112604
v -0.279854 1.748940 0.074896
v -0.279854 1.748940 -0.112604
v -0.348604 1.936440 -0.112604
v -0.348604 1.936440 0.074896
v -0.348604 1.748940 -0.112604
v -0.348604 1.748940 0.074896
v 0.393750 1.843750 0.069638
v 0.393750 1.932138 -0.018750
v 0.393750 1.755362 -0.018750
v 0.393750 1.843750 -0.107138
v 0.362500 1.932138 -0.018750
v 0.362500 1.843750 0.069638
v 0.362500 1.843750 -0.107138
v 0.362500 1.755362 -0.018750
v -0.362500 1.843750 0.069638
v -0.362500 1.932138 -0.018750
v -0.362500 1.755362 -0.018750
v -0.362500 1.843750 -0.107138
v -0.393750 1.932138 -0.018750
v -0.393750 1.843750 0.069638
v -0.393750 1.843750 -0.107138
v -0.393750 1.755362 -0.018750
vn 0.0020 0.9997 0.0251
vn 0.9708 -0.0080 0.2398
vn -0.0020 -0.9997 -0.0251
vn -0.9708 0.0079 -0.2398
vn -0.9708 0.0080 -0.2398
vn -0.2399 -0.0239 0.9705
vn 0.2399 0.0239 -0.9705
vn -0.9026 -0.0067 0.4304
vn -0.9026 -0.0067 0.4305
vn -0.4305 0.0161 -0.9024
vn 0.9026 0.0067 -0.4305
vn 0.9026 0.0067 -0.4304
vn 0.4305 -0.0161 0.9024
vn 0.0009 0.9998 0.0174
vn -0.0009 -0.9998 -0.0174
vn 0.9026 -0.0067 0.4304
vn 0.9026 -0.0067 0.4305
vn -0.4305 -0.0161 0.9024
vn -0.9026 0.0067 -0.4305
vn -0.9026 0.0067 -0.4304
vn 0.4305 0.0161 -0.9024
vn -0.0009 0.9998 0.0174
vn 0.0009 -0.9998 -0.0174
vn -0.0000 -0.2419 -0.9703
vn 0.9171 -0.3869 0.0965
vn -0.0000 0.2419 0.9703
vn -0.9171 0.3869 -0.0965
vn 0.3988 0.8898 -0.2219
vn -0.3987 -0.8898 0.2219
vn 0.3987 0.8898 -0.2219
vn -0.3988 -0.8898 0.2219
vn 0.0480 -0.2618 -0.9639
vn 0.9158 -0.3737 0.1471
vn -0.0480 0.2618 0.9639
vn -0.0480 0.2619 0.9639
vn -0.9158 0.3737 -0.1471
vn 0.3152 0.4915 -0.8118
vn 0.9482 -0.1992 0.2476
vn -0.3152 -0.4915 0.8118
vn -0.9482 0.1992 -0.2476
vn 0.0400 0.8478 0.5288
vn -0.0400 -0.8478 -0.5288
vn 0.0599 0.1445 -0.9877
vn 0.9239 -0.3827 -0.0000
vn -0.0599 -0.1445 0.9877
vn -0.9239 0.3827 -0.0000
vn 0.3780 0.9125 0.1564
vn -0.3780 -0.9125 -0.1564
vn -0.3152 -0.4915 -0.8118
vn 0.9482 -0.1992 -0.2476
vn 0.3152 0.4915 0.8118
vn -0.9482 0.1992 0.2476
vn 0.0400 0.8478 -0.5288
vn -0.0400 -0.8478 0.5288
vn -0.0000 -0.0000 -1.0000
vn 0.9981 0.0610 -0.0000
vn -0.0000 -0.0000 1.0000
vn -0.9981 -0.0610 -0.0000
vn -0.0610 0.9981 -0.0000
vn 0.0611 -0.9981 -0.0000
vn -0.0090 -0.3988 -0.9170
vn 0.9958 0.0798 -0.0444
vn 0.9958 0.0797 -0.0444
vn 0.0090 0.3988 0.9170
vn -0.9958 -0.0798 0.0444
vn -0.0909 0.9136 -0.3964
vn 0.0908 -0.9136 0.3964
vn 0.0909 -0.9136 0.3964
vn 0.0090 0.3988 -0.9170
vn 0.9958 0.0797 0.0444
vn -0.0090 -0.3988 0.9170
vn -0.9958 -0.0797 -0.0444
vn -0.0909 0.9136 0.3964
vn 0.0909 -0.9136 -0.3964
vn 0.0908 -0.9136 -0.3964
vn -0.0352 0.9994 0.0046
vn 0.9549 0.0323 0.2952
vn 0.0352 -0.9994 -0.0046
vn -0.9549 -0.0323 -0.2952
vn -0.2948 -0.0148 0.9554
vn 0.2948 0.0148 -0.9554
vn 0.8788 0.4772 -0.0000
vn -0.8788 -0.4772 -0.0000
vn -0.4772 0.8788 -0.0000
vn 0.4772 -0.8788 -0.0000
vn 1.0000 -0.0000 -0.0000
vn -1.0000 -0.0000 -0.0000
vn -0.0000 1.0000 -0.0000
vn -0.0000 -1.0000 -0.0000
vn -0.0020 0.9997 0.0251
vn 0.9708 0.0079 -0.2398
vn 0.9708 0.0080 -0.2398
vn 0.0020 -0.9997 -0.0251
vn -0.9708 -0.0080 0.2398
vn 0.2399 -0.0239 0.9705
vn -0.2399 0.0239 -0.9705
vn 0.9239 -0.3454 0.1647
vn -0.3827 -0.8339 0.3977
vn -0.9239 0.3454 -0.1648
vn 0.3827 0.8339 -0.3977
vn -0.0000 0.4305 0.9026
vn -0.0000 -0.4305 -0.9026
vn 0.9239 -0.3794 0.0500
vn -0.3827 -0.9160 0.1206
vn -0.9239 0.3794 -0.0500
vn 0.3827 0.9160 -0.1206
vn -0.0000 0.1305 0.9914
vn -0.0000 -0.1305 -0.9914
vn 0.9239 -0.3785 -0.0566
vn -0.3827 -0.9137 -0.1366
vn -0.9239 0.3785 0.0566
vn 0.3827 0.9137 0.1366
vn -0.0000 -0.1478 0.9890
vn -0.0000 0.1478 -0.9890
vn 0.9239 0.0067 -0.3826
vn 0.3827 -0.0161 0.9237
vn -0.9239 -0.0067 0.3826
vn -0.3827 0.0161 -0.9237
vn -0.0000 0.9998 0.0175
vn -0.0000 -0.9998 -0.0174
vn -0.0000 -0.9998 -0.0175
vn 0.3827 0.9239 -0.0000
vn -0.3827 -0.9239 -0.0000
vn 0.9239 -0.3454 -0.1647
vn 0.3827 0.8339 0.3977
vn -0.9239 0.3454 0.1648
vn -0.3827 -0.8339 -0.3977
vn -0.0000 0.4305 -0.9026
vn -0.0000 -0.4305 0.9026
vn -0.0599 0.1445 -0.9877
vn 0.9239 0.3827 -0.0000
vn 0.0599 -0.1445 0.9877
vn -0.9239 -0.3827 -0.0000
vn -0.3780 0.9125 0.1564
vn 0.3780 -0.9125 -0.1564
vn -0.0480 -0.2618 -0.9639
vn 0.9158 0.3737 -0.1471
vn 0.0480 0.2619 0.9639
vn 0.0480 0.2618 0.9639
vn -0.9158 -0.3737 0.1471
vn -0.3988 0.8898 -0.2219
vn -0.3987 0.8898 -0.2219
vn 0.3987 -0.8898 0.2219
vn 0.3988 -0.8898 0.2219
vn 0.9171 0.3869 -0.0965
vn -0.9171 -0.3869 0.0965
vn 0.3152 -0.4915 -0.8118
vn 0.9482 0.1992 0.2476
vn -0.3152 0.4915 0.8118
vn -0.9482 -0.1992 -0.2476
vn -0.0400 0.8478 -0.5288
vn 0.0400 -0.8478 0.5288
vn -0.3152 0.4915 -0.8118
vn 0.9482 0.1992 -0.2476
vn 0.3152 -0.4915 0.8118
vn -0.9482 -0.1992 0.2476
vn -0.0400 0.8478 0.5288
vn 0.0400 -0.8478 -0.5288
vn 0.9981 -0.0610 -0.0000
vn -0.9981 0.0610 -0.0000
vn 0.0610 0.9981 -0.0000
vn -0.0611 -0.9981 -0.0000
vn 0.0090 -0.3988 -0.9170
vn 0.9958 -0.0798 0.0444
vn 0.9958 -0.0797 0.0444
vn -0.0090 0.3988 0.9170
vn -0.9958 0.0798 -0.0444
vn 0.0909 0.9136 -0.3964
vn -0.0908 -0.9136 0.3964
vn -0.0909 -0.9136 0.3964
vn 0.0352 0.9994 0.0046
vn 0.9549 -0.0323 -0.2952
vn -0.0352 -0.9994 -0.0046
vn -0.9549 0.0323 0.2952
vn 0.2948 -0.0148 0.9554
vn -0.2948 0.0148 -0.9554
vn 0.8788 -0.4772 -0.0000
vn -0.8788 0.4772 -0.0000
vn 0.4772 0.8788 -0.0000
vn -0.4772 -0.8788 -0.0000
vn -0.0090 0.3988 -0.9170
vn 0.9958 -0.0797 -0.0444
vn 0.0090 -0.3988 0.9170
vn -0.9958 0.0797 0.0444
vn 0.0909 0.9136 0.3964
vn -0.0909 -0.9136 -0.3964
vn -0.0908 -0.9136 -0.3964
vn -0.9239 -0.3454 0.1647
vn -0.3827 0.8339 -0.3977
vn 0.9239 0.3454 -0.1648
vn 0.3827 -0.8339 0.3977
vn -0.9239 -0.3794 0.0500
vn -0.3827 0.9160 -0.1206
vn 0.9239 0.3794 -0.0500
vn 0.3827 -0.9160 0.1206
vn -0.9239 -0.3785 -0.0566
vn -0.3827 0.9137 0.1366
vn 0.9239 0.3785 0.0566
vn 0.3827 -0.9137 -0.1366
vn -0.9239 0.0067 -0.3826
vn 0.3827 0.0161 -0.9237
vn 0.9239 -0.0067 0.3826
vn -0.3827 -0.0161 0.9237
vn -0.9239 -0.3454 -0.1647
vn 0.3827 -0.8339 -0.3977
vn 0.9239 0.3454 0.1648
vn -0.3827 0.8339 0.3977
vn 0.3827 -0.9239 -0.0000
vn -0.3827 0.9239 -0.0000
vn 0.3173 -0.0000 -0.9483
vn 0.9483 -0.0000 0.3173
vn -0.3173 -0.0000 0.9483
vn -0.9483 -0.0000 -0.3173
vn 0.9641 -0.0153 -0.2650
vn 0.2578 0.2920 0.9210
vn -0.9641 0.0153 0.2650
vn -0.2578 -0.2920 -0.9210
vn -0.0633 0.9563 -0.2854
vn 0.0633 -0.9563 0.2854
vn 0.0633 -0.9563 0.2855
vn 0.9703 -0.0000 0.2419
vn -0.9703 -0.0000 -0.2419
vn -0.2419 -0.0000 0.9703
vn 0.2419 -0.0000 -0.9703
vn 0.4226 -0.0000 0.9063
vn -0.4226 -0.0000 -0.9063
vn -0.9063 -0.0000 0.4226
vn 0.9063 -0.0000 -0.4226
vn -0.0000 0.9986 -0.0523
vn -0.0000 -0.9986 0.0523
vn -0.0000 0.0523 0.9986
vn -0.0000 -0.0523 -0.9986
vn -0.0000 0.7071 0.7071
vn 0.9903 -0.0984 0.0984
vn -0.0000 -0.7071 -0.7071
vn -0.9903 0.0984 -0.0984
vn -0.1392 -0.7002 0.7002
vn 0.1392 0.7002 -0.7002
vn -0.0000 -0.7071 0.7071
vn -0.0000 0.7071 -0.7071
vn -0.3173 -0.0000 -0.9483
vn 0.9483 -0.0000 -0.3173
vn 0.3173 -0.0000 0.9483
vn -0.9483 -0.0000 0.3173
vn -0.9641 -0.0153 -0.2650
vn 0.2578 -0.2920 -0.9210
vn 0.9641 0.0153 0.2650
vn -0.2578 0.2920 0.9210
vn 0.0633 0.9563 -0.2854
vn -0.0633 -0.9563 0.2854
vn 0.9703 -0.0000 -0.2419
vn -0.9703 -0.0000 0.2419
vn 0.2419 -0.0000 0.9703
vn -0.2419 -0.0000 -0.9703
vn 0.9903 0.0984 -0.0984
vn -0.9903 -0.0984 0.0984
vn 0.1392 -0.7002 0.7002
vn -0.1392 0.7002 -0.7002
vn 0.4226 -0.0000 -0.9063
vn -0.4226 -0.0000 0.9063
vn 0.9063 -0.0000 0.4226
vn -0.9063 -0.0000 -0.4226
vn -0.9958 -0.0797 0.0444
vn -0.9958 0.0797 -0.0444
vn -0.0633 -0.9563 0.2855
vt 0.296875 0.153320
vt 0.306641 0.187500
vt 0.296875 0.187500
vt 0.578125 0.481445
vt 0.614258 0.515625
vt 0.578125 0.515625
vt 0.337891 0.153320
vt 0.328125 0.187500
vt 0.328125 0.153320
vt 0.614258 0.403320
vt 0.578125 0.437500
vt 0.578125 0.403320
vt 0.806641 0.421875
vt 0.796875 0.385742
vt 0.806641 0.385742
vt 0.796875 0.338867
vt 0.806641 0.375000
vt 0.806641 0.338867
vt 0.385742 0.169922
vt 0.375000 0.203125
vt 0.375000 0.169922
vt 0.359375 0.685547
vt 0.442383 0.718750
vt 0.359375 0.718750
vt 0.541992 0.169922
vt 0.531250 0.203125
vt 0.531250 0.169922
vt 0.359375 0.638672
vt 0.442383 0.671875
vt 0.359375 0.671875
vt 0.375000 0.343750
vt 0.385742 0.260742
vt 0.385742 0.343750
vt 0.390625 0.260742
vt 0.401367 0.343750
vt 0.401367 0.260742
vt 0.796875 0.435547
vt 0.807617 0.468750
vt 0.796875 0.468750
vt 0.395508 0.591797
vt 0.312500 0.625000
vt 0.312500 0.591797
vt 0.546875 0.169922
vt 0.557617 0.203125
vt 0.546875 0.203125
vt 0.083008 0.576172
vt 0.000000 0.609375
vt 0.000000 0.576172
vt 0.656250 0.609375
vt 0.666992 0.526367
vt 0.666992 0.609375
vt 0.406250 0.260742
vt 0.416992 0.343750
vt 0.416992 0.260742
vt 0.281250 0.150391
vt 0.265625 0.156250
vt 0.265625 0.150391
vt 0.828125 0.259766
vt 0.856445 0.265625
vt 0.828125 0.265625
vt 0.296875 0.150391
vt 0.281250 0.156250
vt 0.778320 0.166016
vt 0.750000 0.171875
vt 0.750000 0.166016
vt 0.781250 0.296875
vt 0.796875 0.268555
vt 0.796875 0.296875
vt 0.718750 0.190430
vt 0.734375 0.218750
vt 0.734375 0.190430
vt 0.419922 0.150391
vt 0.406250 0.156250
vt 0.406250 0.150391
vt 0.812500 0.166016
vt 0.837891 0.171875
vt 0.812500 0.171875
vt 0.466797 0.150391
vt 0.453125 0.156250
vt 0.453125 0.150391
vt 0.853516 0.181641
vt 0.828125 0.187500
vt 0.828125 0.181641
vt 0.781250 0.203125
vt 0.794922 0.177734
vt 0.794922 0.203125
vt 0.810547 0.193359
vt 0.796875 0.218750
vt 0.810547 0.218750
vt 0.856445 0.337891
vt 0.812500 0.343750
vt 0.812500 0.337891
vt 0.862305 0.822266
vt 0.843750 0.828125
vt 0.843750 0.822266
vt 0.856445 0.322266
vt 0.812500 0.328125
vt 0.812500 0.322266
vt 0.862305 0.806641
vt 0.843750 0.812500
vt 0.843750 0.806641
vt 0.328125 0.312500
vt 0.372070 0.293945
vt 0.372070 0.312500
vt 0.731445 0.637695
vt 0.687500 0.656250
vt 0.731445 0.656250
vt 0.648438 0.307617
vt 0.625000 0.343750
vt 0.625000 0.307617
vt 0.062500 0.338867
vt 0.093750 0.375000
vt 0.062500 0.375000
vt 0.679688 0.307617
vt 0.656250 0.343750
vt 0.656250 0.307617
vt 0.125000 0.338867
vt 0.093750 0.338867
vt 0.703125 0.781250
vt 0.726562 0.750000
vt 0.726562 0.781250
vt 0.703125 0.718750
vt 0.726562 0.718750
vt 0.015625 0.176758
vt 0.031250 0.203125
vt 0.015625 0.203125
vt 0.703125 0.817383
vt 0.671875 0.843750
vt 0.671875 0.817383
vt 0.796875 0.926758
vt 0.812500 0.953125
vt 0.796875 0.953125
vt 0.218750 0.301758
vt 0.187500 0.328125
vt 0.187500 0.301758
vt 0.781250 0.281250
vt 0.765625 0.250000
vt 0.781250 0.250000
vt 0.765625 0.218750
vt 0.781250 0.218750
vt 0.501953 0.182617
vt 0.484375 0.203125
vt 0.484375 0.182617
vt 0.765625 0.885742
vt 0.734375 0.906250
vt 0.734375 0.885742
vt 0.814453 0.479492
vt 0.796875 0.500000
vt 0.796875 0.479492
vt 0.156250 0.245117
vt 0.125000 0.265625
vt 0.125000 0.245117
vt 0.000000 0.234375
vt 0.017578 0.203125
vt 0.017578 0.234375
vt 0.783203 0.921875
vt 0.765625 0.953125
vt 0.783203 0.953125
vt 0.703125 0.502930
vt 0.687500 0.515625
vt 0.687500 0.502930
vt 0.421875 0.190430
vt 0.453125 0.203125
vt 0.421875 0.203125
vt 0.546875 0.299805
vt 0.562500 0.312500
vt 0.546875 0.312500
vt 0.796875 0.565430
vt 0.828125 0.578125
vt 0.796875 0.578125
vt 0.796875 1.000000
vt 0.781250 0.968750
vt 0.796875 0.968750
vt 0.046875 0.187500
vt 0.031250 0.218750
vt 0.046875 0.218750
vt 0.857422 0.478516
vt 0.828125 0.484375
vt 0.828125 0.478516
vt 0.856445 0.244141
vt 0.828125 0.250000
vt 0.828125 0.244141
vt 0.857422 0.462891
vt 0.828125 0.468750
vt 0.828125 0.462891
vt 0.828125 0.228516
vt 0.856445 0.234375
vt 0.828125 0.234375
vt 0.093750 0.328125
vt 0.123047 0.299805
vt 0.123047 0.328125
vt 0.671875 0.877930
vt 0.701172 0.906250
vt 0.701172 0.877930
vt 0.687500 0.181641
vt 0.731445 0.187500
vt 0.687500 0.187500
vt 0.085938 0.150391
vt 0.062500 0.156250
vt 0.062500 0.150391
vt 0.856445 0.306641
vt 0.812500 0.312500
vt 0.812500 0.306641
vt 0.093750 0.150391
vt 0.117188 0.156250
vt 0.093750 0.156250
vt 0.625000 0.843750
vt 0.668945 0.820312
vt 0.668945 0.843750
vt 0.668945 0.742188
vt 0.625000 0.765625
vt 0.668945 0.765625
vt 0.609375 0.267578
vt 0.632812 0.296875
vt 0.609375 0.296875
vt 0.640625 0.783203
vt 0.671875 0.812500
vt 0.640625 0.812500
vt 0.726562 0.361328
vt 0.703125 0.390625
vt 0.703125 0.361328
vt 0.640625 0.439453
vt 0.671875 0.468750
vt 0.640625 0.468750
vt 0.703125 0.687500
vt 0.726562 0.687500
vt 0.703125 0.593750
vt 0.726562 0.625000
vt 0.726562 0.593750
vt 0.828125 0.448242
vt 0.812500 0.468750
vt 0.812500 0.448242
vt 0.765625 0.854492
vt 0.734375 0.875000
vt 0.734375 0.854492
vt 0.562500 0.166992
vt 0.578125 0.187500
vt 0.562500 0.187500
vt 0.187500 0.245117
vt 0.156250 0.265625
vt 0.796875 0.859375
vt 0.781250 0.828125
vt 0.796875 0.828125
vt 0.781250 0.796875
vt 0.796875 0.796875
vt 0.828125 0.939453
vt 0.845703 0.953125
vt 0.828125 0.953125
vt 0.812500 0.236328
vt 0.781250 0.236328
vt 0.845703 0.923828
vt 0.828125 0.937500
vt 0.828125 0.923828
vt 0.765625 0.205078
vt 0.765625 0.921875
vt 0.783203 0.890625
vt 0.765625 0.859375
vt 0.783203 0.859375
vt 0.359375 0.150391
vt 0.343750 0.156250
vt 0.343750 0.150391
vt 0.828125 0.556641
vt 0.859375 0.562500
vt 0.828125 0.562500
vt 0.375000 0.150391
vt 0.359375 0.156250
vt 0.484375 0.166016
vt 0.453125 0.171875
vt 0.453125 0.166016
vt 0.796875 0.765625
vt 0.781250 0.484375
vt 0.796875 0.515625
vt 0.796875 0.484375
vt 0.140625 0.199219
vt 0.125000 0.234375
vt 0.125000 0.199219
vt 0.442383 0.792969
vt 0.359375 0.828125
vt 0.359375 0.792969
vt 0.156250 0.234375
vt 0.140625 0.234375
vt 0.301758 0.605469
vt 0.218750 0.640625
vt 0.218750 0.605469
vt 0.171875 0.421875
vt 0.187500 0.338867
vt 0.187500 0.421875
vt 0.203125 0.421875
vt 0.203125 0.338867
vt 0.187500 0.166016
vt 0.171875 0.187500
vt 0.171875 0.166016
vt 0.703125 0.275391
vt 0.734375 0.296875
vt 0.703125 0.296875
vt 0.828125 0.791016
vt 0.812500 0.812500
vt 0.812500 0.791016
vt 0.218750 0.259766
vt 0.250000 0.281250
vt 0.218750 0.281250
vt 0.531250 0.218750
vt 0.515625 0.187500
vt 0.531250 0.187500
vt 0.796875 0.453125
vt 0.812500 0.759766
vt 0.828125 0.781250
vt 0.812500 0.781250
vt 0.740234 0.978516
vt 0.703125 1.000000
vt 0.703125 0.978516
vt 0.828125 0.728516
vt 0.812500 0.750000
vt 0.812500 0.728516
vt 0.740234 0.947266
vt 0.703125 0.968750
vt 0.703125 0.947266
vt 0.312500 0.250000
vt 0.328125 0.212891
vt 0.328125 0.250000
vt 0.375000 0.212891
vt 0.390625 0.250000
vt 0.390625 0.212891
vt 0.806641 0.755859
vt 0.796875 0.755859
vt 0.341797 0.708984
vt 0.234375 0.750000
vt 0.234375 0.708984
vt 0.218750 0.162109
vt 0.228516 0.203125
vt 0.218750 0.203125
vt 0.232422 0.662109
vt 0.125000 0.703125
vt 0.125000 0.662109
vt 0.250000 0.375000
vt 0.259766 0.267578
vt 0.259766 0.375000
vt 0.265625 0.267578
vt 0.275391 0.375000
vt 0.275391 0.267578
vt 0.248047 0.173828
vt 0.234375 0.203125
vt 0.234375 0.173828
vt 0.536133 0.798828
vt 0.453125 0.828125
vt 0.453125 0.798828
vt 0.810547 0.720703
vt 0.796875 0.750000
vt 0.796875 0.720703
vt 0.536133 0.705078
vt 0.453125 0.734375
vt 0.453125 0.705078
vt 0.359375 0.406250
vt 0.373047 0.323242
vt 0.373047 0.406250
vt 0.609375 0.682617
vt 0.623047 0.765625
vt 0.623047 0.682617
vt 0.529297 0.252930
vt 0.515625 0.312500
vt 0.515625 0.252930
vt 0.247070 0.815430
vt 0.156250 0.875000
vt 0.156250 0.815430
vt 0.544922 0.252930
vt 0.531250 0.312500
vt 0.531250 0.252930
vt 0.247070 0.752930
vt 0.156250 0.812500
vt 0.156250 0.752930
vt 0.468750 0.421875
vt 0.482422 0.331055
vt 0.482422 0.421875
vt 0.484375 0.331055
vt 0.498047 0.421875
vt 0.498047 0.331055
vt 0.591797 0.796875
vt 0.578125 0.812500
vt 0.578125 0.796875
vt 0.075195 0.609375
vt 0.000000 0.625000
vt 0.607422 0.671875
vt 0.593750 0.687500
vt 0.593750 0.671875
vt 0.637695 0.843750
vt 0.562500 0.859375
vt 0.562500 0.843750
vt 0.640625 0.656250
vt 0.654297 0.581055
vt 0.654297 0.656250
vt 0.640625 0.502930
vt 0.654297 0.578125
vt 0.654297 0.502930
vt 0.431641 0.153320
vt 0.421875 0.187500
vt 0.421875 0.153320
vt 0.629883 0.965820
vt 0.593750 1.000000
vt 0.593750 0.965820
vt 0.447266 0.153320
vt 0.437500 0.187500
vt 0.437500 0.153320
vt 0.629883 0.778320
vt 0.593750 0.812500
vt 0.593750 0.778320
vt 0.796875 0.328125
vt 0.806641 0.291992
vt 0.806641 0.328125
vt 0.744141 0.166992
vt 0.734375 0.203125
vt 0.744141 0.203125
vt 0.281250 0.166016
vt 0.265625 0.187500
vt 0.265625 0.166016
vt 0.734375 0.666016
vt 0.763672 0.687500
vt 0.734375 0.687500
vt 0.281250 0.187500
vt 0.734375 0.634766
vt 0.763672 0.656250
vt 0.734375 0.656250
vt 0.593750 0.218750
vt 0.609375 0.189453
vt 0.609375 0.218750
vt 0.625000 0.218750
vt 0.625000 0.189453
vt 0.752930 0.310547
vt 0.734375 0.343750
vt 0.734375 0.310547
vt 0.526367 0.669922
vt 0.453125 0.703125
vt 0.453125 0.669922
vt 0.671875 0.232422
vt 0.690430 0.265625
vt 0.671875 0.265625
vt 0.526367 0.544922
vt 0.453125 0.578125
vt 0.453125 0.544922
vt 0.268555 0.453125
vt 0.250000 0.379883
vt 0.268555 0.379883
vt 0.546875 0.614258
vt 0.565430 0.687500
vt 0.565430 0.614258
vt 0.721680 0.232422
vt 0.703125 0.265625
vt 0.703125 0.232422
vt 0.406250 0.591797
vt 0.481445 0.625000
vt 0.406250 0.625000
vt 0.734375 0.263672
vt 0.752930 0.296875
vt 0.168945 0.544922
vt 0.093750 0.578125
vt 0.093750 0.544922
vt 0.343750 0.484375
vt 0.362305 0.409180
vt 0.362305 0.484375
vt 0.515625 0.581055
vt 0.534180 0.656250
vt 0.534180 0.581055
vt 0.768555 0.966797
vt 0.750000 1.000000
vt 0.750000 0.966797
vt 0.372070 0.544922
vt 0.296875 0.578125
vt 0.296875 0.544922
vt 0.062500 0.216797
vt 0.081055 0.250000
vt 0.062500 0.250000
vt 0.450195 0.544922
vt 0.375000 0.578125
vt 0.375000 0.544922
vt 0.531250 1.000000
vt 0.549805 0.924805
vt 0.549805 1.000000
vt 0.531250 0.846680
vt 0.549805 0.921875
vt 0.549805 0.846680
vt 0.456055 0.428711
vt 0.437500 0.531250
vt 0.437500 0.428711
vt 0.000000 0.788086
vt 0.073242 0.890625
vt 0.000000 0.890625
vt 0.487305 0.428711
vt 0.468750 0.531250
vt 0.468750 0.428711
vt 0.151367 0.788086
vt 0.078125 0.890625
vt 0.078125 0.788086
vt 0.546875 0.609375
vt 0.565430 0.536133
vt 0.565430 0.609375
vt 0.000000 0.364258
vt 0.018555 0.437500
vt 0.018555 0.364258
vt 0.789062 0.680664
vt 0.765625 0.703125
vt 0.765625 0.680664
vt 0.135742 0.461914
vt 0.062500 0.484375
vt 0.062500 0.461914
vt 0.789062 0.649414
vt 0.765625 0.671875
vt 0.765625 0.649414
vt 0.588867 0.774414
vt 0.515625 0.796875
vt 0.515625 0.774414
vt 0.523438 0.921875
vt 0.500000 0.848633
vt 0.523438 0.848633
vt 0.156250 0.426758
vt 0.179688 0.500000
vt 0.179688 0.426758
vt 0.674805 0.685547
vt 0.656250 0.734375
vt 0.656250 0.685547
vt 0.312500 0.951172
vt 0.385742 1.000000
vt 0.312500 1.000000
vt 0.674805 0.623047
vt 0.656250 0.671875
vt 0.656250 0.623047
vt 0.385742 0.888672
vt 0.312500 0.937500
vt 0.312500 0.888672
vt 0.562500 1.000000
vt 0.581055 0.926758
vt 0.581055 1.000000
vt 0.031250 0.364258
vt 0.049805 0.437500
vt 0.049805 0.364258
vt 0.828125 0.509766
vt 0.857422 0.515625
vt 0.828125 0.515625
vt 0.856445 0.447266
vt 0.828125 0.453125
vt 0.828125 0.447266
vt 0.828125 0.494141
vt 0.857422 0.500000
vt 0.828125 0.500000
vt 0.606445 0.166016
vt 0.578125 0.171875
vt 0.578125 0.166016
vt 0.656250 0.937500
vt 0.685547 0.909180
vt 0.685547 0.937500
vt 0.062500 0.299805
vt 0.091797 0.328125
vt 0.091797 0.299805
vt 0.856445 0.400391
vt 0.812500 0.406250
vt 0.812500 0.400391
vt 0.867188 0.994141
vt 0.843750 1.000000
vt 0.843750 0.994141
vt 0.812500 0.384766
vt 0.856445 0.390625
vt 0.812500 0.390625
vt 0.867188 0.978516
vt 0.843750 0.984375
vt 0.843750 0.978516
vt 0.171875 0.578125
vt 0.215820 0.554688
vt 0.215820 0.578125
vt 0.593750 0.929688
vt 0.637695 0.953125
vt 0.637695 0.929688
vt 0.812500 0.369141
vt 0.856445 0.375000
vt 0.812500 0.375000
vt 0.156250 0.150391
vt 0.174805 0.156250
vt 0.156250 0.156250
vt 0.856445 0.353516
vt 0.812500 0.359375
vt 0.812500 0.353516
vt 0.843750 0.837891
vt 0.862305 0.843750
vt 0.843750 0.843750
vt 0.715820 0.468750
vt 0.671875 0.450195
vt 0.715820 0.450195
vt 0.687500 0.668945
vt 0.731445 0.687500
vt 0.731445 0.668945
vt 0.388672 0.156250
vt 0.375000 0.156250
vt 0.828125 0.212891
vt 0.853516 0.218750
vt 0.828125 0.218750
vt 0.390625 0.150391
vt 0.404297 0.156250
vt 0.390625 0.156250
vt 0.853516 0.197266
vt 0.828125 0.203125
vt 0.828125 0.197266
vt 0.763672 0.203125
vt 0.750000 0.177734
vt 0.763672 0.177734
vt 0.765625 0.177734
vt 0.779297 0.203125
vt 0.779297 0.177734
vt 0.843750 0.791016
vt 0.859375 0.796875
vt 0.843750 0.796875
vt 0.687500 0.166016
vt 0.715820 0.171875
vt 0.687500 0.171875
vt 0.218750 0.150391
vt 0.234375 0.156250
vt 0.218750 0.156250
vt 0.856445 0.275391
vt 0.828125 0.281250
vt 0.828125 0.275391
vt 0.703125 0.218750
vt 0.687500 0.190430
vt 0.703125 0.190430
vt 0.718750 0.218750
vt 0.726562 0.470703
vt 0.703125 0.500000
vt 0.703125 0.470703
vt 0.671875 0.876953
vt 0.640625 0.906250
vt 0.640625 0.876953
vt 0.578125 0.267578
vt 0.601562 0.296875
vt 0.578125 0.296875
vt 0.671875 0.845703
vt 0.640625 0.875000
vt 0.640625 0.845703
vt 0.156250 0.296875
vt 0.179688 0.265625
vt 0.179688 0.296875
vt 0.726562 0.812500
vt 0.703125 0.843750
vt 0.726562 0.843750
vt 0.812500 0.698242
vt 0.828125 0.718750
vt 0.812500 0.718750
vt 0.453125 0.260742
vt 0.484375 0.281250
vt 0.453125 0.281250
vt 0.531250 0.166992
vt 0.515625 0.166992
vt 0.718750 0.448242
vt 0.750000 0.468750
vt 0.718750 0.468750
vt 0.140625 0.484375
vt 0.156250 0.453125
vt 0.156250 0.484375
vt 0.687500 0.734375
vt 0.671875 0.765625
vt 0.687500 0.765625
vt 0.830078 0.283203
vt 0.812500 0.296875
vt 0.812500 0.283203
vt 0.734375 0.205078
vt 0.828125 0.955078
vt 0.845703 0.968750
vt 0.828125 0.968750
vt 0.812500 0.251953
vt 0.781250 0.265625
vt 0.781250 0.251953
vt 0.515625 0.250000
vt 0.533203 0.218750
vt 0.533203 0.250000
vt 0.767578 0.437500
vt 0.767578 0.468750
vt 0.843750 0.775391
vt 0.859375 0.781250
vt 0.843750 0.781250
vt 0.859375 0.587891
vt 0.828125 0.593750
vt 0.828125 0.587891
vt 0.843750 0.759766
vt 0.859375 0.765625
vt 0.843750 0.765625
vt 0.859375 0.572266
vt 0.828125 0.572266
vt 0.781250 0.515625
vt 0.765625 0.484375
vt 0.781250 0.406250
vt 0.765625 0.437500
vt 0.781250 0.437500
vt 0.687500 0.909180
vt 0.703125 0.921875
vt 0.687500 0.921875
vt 0.781250 0.221680
vt 0.812500 0.234375
vt 0.781250 0.234375
vt 0.703125 0.612305
vt 0.687500 0.625000
vt 0.687500 0.612305
vt 0.828125 0.581055
vt 0.796875 0.593750
vt 0.796875 0.581055
vt 0.765625 0.406250
vt 0.781250 0.375000
vt 0.765625 0.343750
vt 0.781250 0.343750
vt 0.814453 0.541992
vt 0.796875 0.562500
vt 0.796875 0.541992
vt 0.000000 0.245117
vt 0.031250 0.265625
vt 0.000000 0.265625
vt 0.796875 0.510742
vt 0.814453 0.531250
vt 0.796875 0.531250
vt 0.734375 0.916992
vt 0.765625 0.937500
vt 0.734375 0.937500
vt 0.546875 0.250000
vt 0.564453 0.218750
vt 0.564453 0.250000
vt 0.751953 0.250000
vt 0.751953 0.218750
vt 0.000000 0.203125
vt 0.000000 0.176758
vt 0.703125 0.848633
vt 0.671875 0.875000
vt 0.671875 0.848633
vt 0.812500 0.973633
vt 0.796875 0.973633
vt 0.156250 0.301758
vt 0.156250 0.328125
vt 0.781250 0.312500
vt 0.765625 0.281250
vt 0.562500 0.307617
vt 0.585938 0.343750
vt 0.562500 0.343750
vt 0.578125 0.354492
vt 0.609375 0.390625
vt 0.578125 0.390625
vt 0.593750 0.307617
vt 0.617188 0.343750
vt 0.593750 0.343750
vt 0.640625 0.354492
vt 0.609375 0.354492
vt 0.187500 0.296875
vt 0.210938 0.265625
vt 0.210938 0.296875
vt 0.484375 0.214844
vt 0.500000 0.250000
vt 0.484375 0.250000
vt 0.395508 0.839844
vt 0.312500 0.875000
vt 0.312500 0.839844
vt 0.515625 0.214844
vt 0.500000 0.214844
vt 0.426758 0.730469
vt 0.343750 0.765625
vt 0.343750 0.730469
vt 0.562500 0.437500
vt 0.156250 0.338867
vt 0.171875 0.338867
vt 0.812500 0.884766
vt 0.828125 0.906250
vt 0.812500 0.906250
vt 0.671875 0.275391
vt 0.640625 0.296875
vt 0.640625 0.275391
vt 0.125000 0.166016
vt 0.140625 0.187500
vt 0.125000 0.187500
vt 0.671875 0.296875
vt 0.390625 0.906250
vt 0.406250 0.875000
vt 0.406250 0.906250
vt 0.156250 0.500000
vt 0.171875 0.531250
vt 0.171875 0.500000
vt 0.062500 0.162109
vt 0.072266 0.203125
vt 0.062500 0.203125
vt 0.232422 0.708984
vt 0.125000 0.750000
vt 0.125000 0.708984
vt 0.087891 0.162109
vt 0.078125 0.203125
vt 0.078125 0.162109
vt 0.250000 0.771484
vt 0.357422 0.812500
vt 0.250000 0.812500
vt 0.134766 0.375000
vt 0.125000 0.267578
vt 0.134766 0.267578
vt 0.150391 0.267578
vt 0.140625 0.375000
vt 0.150391 0.375000
vt 0.810547 0.830078
vt 0.796875 0.830078
vt 0.489258 0.830078
vt 0.406250 0.859375
vt 0.406250 0.830078
vt 0.810547 0.798828
vt 0.796875 0.798828
vt 0.083008 0.533203
vt 0.000000 0.562500
vt 0.000000 0.533203
vt 0.328125 0.406250
vt 0.341797 0.323242
vt 0.341797 0.406250
vt 0.343750 0.323242
vt 0.357422 0.406250
vt 0.357422 0.323242
vt 0.638672 0.674805
vt 0.625000 0.734375
vt 0.625000 0.674805
vt 0.247070 0.940430
vt 0.156250 1.000000
vt 0.156250 0.940430
vt 0.513672 0.252930
vt 0.500000 0.312500
vt 0.500000 0.252930
vt 0.247070 0.877930
vt 0.156250 0.937500
vt 0.156250 0.877930
vt 0.437500 0.421875
vt 0.451172 0.331055
vt 0.451172 0.421875
vt 0.453125 0.331055
vt 0.466797 0.421875
vt 0.466797 0.331055
vt 0.812500 0.853516
vt 0.828125 0.875000
vt 0.812500 0.875000
vt 0.763672 0.728516
vt 0.734375 0.750000
vt 0.734375 0.728516
vt 0.156250 0.166016
vt 0.140625 0.166016
vt 0.763672 0.697266
vt 0.734375 0.718750
vt 0.734375 0.697266
vt 0.578125 0.218750
vt 0.593750 0.189453
vt 0.796875 0.392578
vt 0.781250 0.421875
vt 0.796875 0.421875
vt 0.294922 0.531250
vt 0.281250 0.546875
vt 0.281250 0.531250
vt 0.325195 0.750000
vt 0.250000 0.765625
vt 0.250000 0.750000
vt 0.544922 0.828125
vt 0.531250 0.843750
vt 0.531250 0.828125
vt 0.434570 0.765625
vt 0.359375 0.781250
vt 0.359375 0.765625
vt 0.046875 0.359375
vt 0.060547 0.284180
vt 0.060547 0.359375
vt 0.640625 0.659180
vt 0.654297 0.734375
vt 0.654297 0.659180
vt 0.156250 0.187500
vt 0.687500 0.337891
vt 0.724609 0.359375
vt 0.687500 0.359375
vt 0.828125 0.822266
vt 0.812500 0.843750
vt 0.812500 0.822266
vt 0.687500 0.306641
vt 0.724609 0.328125
vt 0.687500 0.328125
vt 0.234375 0.250000
vt 0.218750 0.212891
vt 0.234375 0.212891
vt 0.250000 0.212891
vt 0.250000 0.250000
vt 0.734375 0.482422
vt 0.752930 0.515625
vt 0.734375 0.515625
vt 0.510742 0.748047
vt 0.437500 0.781250
vt 0.437500 0.748047
vt 0.752930 0.404297
vt 0.734375 0.437500
vt 0.734375 0.404297
vt 0.171875 0.513672
vt 0.245117 0.546875
vt 0.171875 0.546875
vt 0.125000 0.453125
vt 0.143555 0.379883
vt 0.143555 0.453125
vt 0.565430 0.692383
vt 0.546875 0.765625
vt 0.565430 0.765625
vt 0.578125 0.232422
vt 0.596680 0.265625
vt 0.578125 0.265625
vt 0.390625 0.966797
vt 0.465820 1.000000
vt 0.390625 1.000000
vt 0.627930 0.232422
vt 0.609375 0.265625
vt 0.609375 0.232422
vt 0.465820 0.919922
vt 0.390625 0.953125
vt 0.390625 0.919922
vt 0.187500 0.500000
vt 0.206055 0.424805
vt 0.206055 0.500000
vt 0.218750 0.424805
vt 0.237305 0.500000
vt 0.237305 0.424805
vt 0.752930 0.357422
vt 0.734375 0.390625
vt 0.734375 0.357422
vt 0.481445 0.873047
vt 0.406250 0.873047
vt 0.659180 0.232422
vt 0.640625 0.265625
vt 0.640625 0.232422
vt 0.293945 0.560547
vt 0.218750 0.593750
vt 0.218750 0.560547
vt 0.281250 0.484375
vt 0.299805 0.409180
vt 0.299805 0.484375
vt 0.331055 0.409180
vt 0.312500 0.484375
vt 0.331055 0.484375
vt 0.375000 0.428711
vt 0.393555 0.531250
vt 0.375000 0.531250
vt 0.000000 0.897461
vt 0.073242 1.000000
vt 0.000000 1.000000
vt 0.406250 0.428711
vt 0.424805 0.531250
vt 0.406250 0.531250
vt 0.151367 0.897461
vt 0.078125 1.000000
vt 0.078125 0.897461
vt 0.518555 0.468750
vt 0.500000 0.395508
vt 0.518555 0.395508
vt 0.549805 0.395508
vt 0.531250 0.468750
vt 0.549805 0.468750
vt 0.659180 0.357422
vt 0.640625 0.406250
vt 0.640625 0.357422
vt 0.234375 0.654297
vt 0.307617 0.703125
vt 0.234375 0.703125
vt 0.656250 0.951172
vt 0.674805 1.000000
vt 0.656250 1.000000
vt 0.073242 0.638672
vt 0.000000 0.687500
vt 0.000000 0.638672
vt 0.062500 0.453125
vt 0.081055 0.379883
vt 0.081055 0.453125
vt 0.112305 0.379883
vt 0.093750 0.453125
vt 0.112305 0.453125
vt 0.789062 0.743164
vt 0.765625 0.765625
vt 0.765625 0.743164
vt 0.573242 0.508789
vt 0.500000 0.531250
vt 0.500000 0.508789
vt 0.789062 0.711914
vt 0.765625 0.734375
vt 0.765625 0.711914
vt 0.573242 0.477539
vt 0.500000 0.500000
vt 0.500000 0.477539
vt 0.484375 0.656250
vt 0.507812 0.583008
vt 0.507812 0.656250
vt 0.523438 0.926758
vt 0.500000 1.000000
vt 0.523438 1.000000
vt 0.700195 0.424805
vt 0.625000 0.437500
vt 0.625000 0.424805
vt 0.845703 0.674805
vt 0.828125 0.687500
vt 0.828125 0.674805
vt 0.700195 0.409180
vt 0.625000 0.421875
vt 0.625000 0.409180
vt 0.845703 0.659180
vt 0.828125 0.671875
vt 0.828125 0.659180
vt 0.562500 0.890625
vt 0.637695 0.873047
vt 0.637695 0.890625
vt 0.562500 0.451172
vt 0.637695 0.468750
vt 0.637695 0.451172
vt 0.783203 0.565430
vt 0.734375 0.578125
vt 0.734375 0.565430
vt 0.731445 0.159180
vt 0.718750 0.171875
vt 0.718750 0.159180
vt 0.734375 0.549805
vt 0.783203 0.562500
vt 0.734375 0.562500
vt 0.781250 0.159180
vt 0.793945 0.171875
vt 0.781250 0.171875
vt 0.734375 0.546875
vt 0.783203 0.534180
vt 0.783203 0.546875
vt 0.734375 0.518555
vt 0.783203 0.531250
vt 0.783203 0.518555
vt 0.564453 0.255859
vt 0.546875 0.296875
vt 0.546875 0.255859
vt 0.546875 0.537109
vt 0.531250 0.578125
vt 0.531250 0.537109
vt 0.720703 0.396484
vt 0.703125 0.437500
vt 0.703125 0.396484
vt 0.046875 0.224609
vt 0.031250 0.224609
vt 0.595703 0.171875
vt 0.595703 0.187500
vt 0.830078 0.421875
vt 0.830078 0.406250
vt 0.810547 0.689453
vt 0.796875 0.718750
vt 0.796875 0.689453
vt 0.796875 0.361328
vt 0.781250 0.390625
vt 0.781250 0.361328
vt 0.326172 0.173828
vt 0.312500 0.203125
vt 0.312500 0.173828
vt 0.640625 0.189453
vt 0.625000 0.515625
vt 0.638672 0.500000
vt 0.638672 0.515625
vt 0.625000 0.390625
vt 0.638672 0.406250
vt 0.638672 0.390625
vt 0.015625 0.278320
vt 0.028320 0.359375
vt 0.015625 0.359375
vt 0.250000 0.340820
vt 0.234375 0.421875
vt 0.234375 0.340820
vt 0.043945 0.278320
vt 0.031250 0.359375
vt 0.031250 0.278320
vt 0.593750 0.684570
vt 0.578125 0.765625
vt 0.578125 0.684570
vt 0.750000 0.953125
vt 0.762695 0.937500
vt 0.762695 0.953125
vt 0.750000 0.750000
vt 0.762695 0.765625
vt 0.762695 0.750000
vt 0.517578 0.326172
vt 0.500000 0.390625
vt 0.500000 0.326172
vt 0.687500 0.935547
vt 0.700195 1.000000
vt 0.687500 1.000000
vt 0.548828 0.326172
vt 0.531250 0.390625
vt 0.531250 0.326172
vt 0.700195 0.701172
vt 0.687500 0.701172
vt 0.343750 0.171875
vt 0.361328 0.159180
vt 0.361328 0.171875
vt 0.828125 0.643555
vt 0.845703 0.656250
vt 0.845703 0.643555
vt 0.796875 0.634766
vt 0.815430 0.656250
vt 0.796875 0.656250
vt 0.838867 0.843750
vt 0.828125 0.843750
vt 0.815430 0.603516
vt 0.796875 0.625000
vt 0.796875 0.603516
vt 0.187500 0.150391
vt 0.198242 0.171875
vt 0.187500 0.171875
vt 0.390625 0.171875
vt 0.409180 0.161133
vt 0.409180 0.171875
vt 0.846680 0.598633
vt 0.828125 0.609375
vt 0.846680 0.609375
vt 0.112305 0.254883
vt 0.093750 0.296875
vt 0.093750 0.254883
vt 0.184570 0.192383
vt 0.171875 0.234375
vt 0.171875 0.192383
vt 0.721680 0.848633
vt 0.703125 0.890625
vt 0.778320 0.770508
vt 0.765625 0.812500
vt 0.765625 0.770508
vt 0.846680 0.893555
vt 0.846680 0.906250
vt 0.828125 0.877930
vt 0.846680 0.890625
vt 0.846680 0.877930
vt 0.700195 0.487305
vt 0.625000 0.500000
vt 0.625000 0.487305
vt 0.845703 0.737305
vt 0.828125 0.750000
vt 0.828125 0.737305
vt 0.700195 0.471680
vt 0.625000 0.484375
vt 0.625000 0.471680
vt 0.845703 0.721680
vt 0.828125 0.734375
vt 0.828125 0.721680
vt 0.546875 0.843750
vt 0.622070 0.826172
vt 0.622070 0.843750
vt 0.637695 0.904297
vt 0.562500 0.921875
vt 0.637695 0.921875
vt 0.501953 0.784180
vt 0.453125 0.796875
vt 0.453125 0.784180
vt 0.778320 0.471680
vt 0.765625 0.471680
vt 0.734375 0.612305
vt 0.783203 0.625000
vt 0.734375 0.625000
vt 0.500000 0.159180
vt 0.512695 0.171875
vt 0.500000 0.171875
vt 0.734375 0.609375
vt 0.783203 0.596680
vt 0.783203 0.609375
vt 0.783203 0.581055
vt 0.734375 0.593750
vt 0.783203 0.593750
vt 0.720703 0.552734
vt 0.703125 0.552734
vt 0.500000 0.865234
vt 0.484375 0.906250
vt 0.484375 0.865234
vt 0.720703 0.505859
vt 0.703125 0.546875
vt 0.703125 0.505859
vt 0.546875 0.662109
vt 0.531250 0.703125
vt 0.531250 0.662109
vt 0.796875 0.281250
vt 0.814453 0.265625
vt 0.814453 0.281250
vt 0.812500 0.421875
vt 0.830078 0.437500
vt 0.810547 0.892578
vt 0.796875 0.921875
vt 0.796875 0.892578
vt 0.796875 0.423828
vt 0.781250 0.453125
vt 0.781250 0.423828
vt 0.810547 0.861328
vt 0.796875 0.890625
vt 0.796875 0.861328
vt 0.578125 0.189453
vt 0.562500 0.218750
vt 0.562500 0.189453
vt 0.296875 0.593750
vt 0.310547 0.578125
vt 0.310547 0.593750
vt 0.437500 0.718750
vt 0.451172 0.734375
vt 0.451172 0.718750
vt 0.815430 0.666016
vt 0.796875 0.687500
vt 0.796875 0.666016
vt 0.015625 0.150391
vt 0.026367 0.171875
vt 0.015625 0.171875
vt 0.362305 0.181641
vt 0.343750 0.203125
vt 0.343750 0.181641
vt 0.838867 0.853516
vt 0.828125 0.853516
vt 0.846680 0.640625
vt 0.828125 0.629883
vt 0.846680 0.629883
vt 0.828125 0.614258
vt 0.846680 0.625000
vt 0.846680 0.614258
vt 0.081055 0.254883
vt 0.062500 0.296875
vt 0.062500 0.254883
vt 0.778320 0.817383
vt 0.765625 0.817383
vt 0.721680 0.895508
vt 0.703125 0.937500
vt 0.703125 0.895508
vt 0.168945 0.192383
vt 0.156250 0.192383
vt 0.828125 0.921875
vt 0.846680 0.909180
vt 0.846680 0.921875
vt 0.093750 0.159180
vt 0.112305 0.171875
vt 0.112305 0.159180
vt 0.626953 0.607422
vt 0.609375 0.671875
vt 0.609375 0.607422
vt 0.312500 0.263672
vt 0.325195 0.328125
vt 0.312500 0.328125
vt 0.626953 0.529297
vt 0.609375 0.593750
vt 0.609375 0.529297
vt 0.497070 0.263672
vt 0.484375 0.328125
vt 0.484375 0.263672
vt 0.845703 0.706055
vt 0.845703 0.718750
vt 0.828125 0.690430
vt 0.845703 0.703125
vt 0.845703 0.690430
vt 0.012695 0.278320
vt 0.000000 0.359375
vt 0.000000 0.278320
vt 0.218750 0.340820
vt 0.203125 0.340820
vt 0.640625 0.918945
vt 0.653320 1.000000
vt 0.640625 1.000000
vt 0.218750 0.421875
vt 0.421875 0.343750
vt 0.434570 0.328125
vt 0.434570 0.343750
vt 0.671875 0.343750
vt 0.684570 0.359375
vt 0.684570 0.343750
vt 0.343750 0.812500
vt 0.312500 0.828125
vt 0.312500 0.812500
vt 0.343750 0.750000
vt 0.328125 0.765625
vt 0.328125 0.750000
vt 0.500000 0.843750
vt 0.500000 0.828125
vt 0.359375 0.812500
vt 0.343750 0.828125
vt 0.546875 0.812500
vt 0.640625 0.765625
vt 0.671875 0.781250
vt 0.689453 0.765625
vt 0.109375 0.484375
vt 0.062500 0.531250
vt 0.236328 0.281250
vt 0.218750 0.328125
vt 0.109375 0.531250
vt 0.281250 0.328125
vt 0.298828 0.281250
vt 0.298828 0.328125
vt 0.671875 0.562500
vt 0.689453 0.609375
vt 0.689453 0.562500
vt 0.687500 0.500000
vt 0.656250 0.515625
vt 0.656250 0.500000
vt 0.234375 0.640625
vt 0.218750 0.656250
vt 0.765625 0.640625
vt 0.765625 0.625000
vt 0.359375 0.703125
vt 0.343750 0.718750
vt 0.343750 0.703125
vt 0.812500 0.968750
vt 0.562500 0.203125
vt 0.439453 0.281250
vt 0.421875 0.328125
vt 0.421875 0.281250
vt 0.328125 0.484375
vt 0.689453 0.515625
vt 0.671875 0.515625
vt 0.375000 0.484375
vt 0.328125 0.531250
vt 0.453125 0.328125
vt 0.470703 0.281250
vt 0.470703 0.328125
vt 0.671875 0.359375
vt 0.689453 0.406250
vt 0.689453 0.359375
vt 0.617188 0.156250
vt 0.609375 0.187500
vt 0.609375 0.156250
vt 0.156250 0.781250
vt 0.125000 0.781250
vt 0.632812 0.156250
vt 0.625000 0.187500
vt 0.625000 0.156250
vt 0.125000 0.578125
vt 0.093750 0.609375
vt 0.812500 0.265625
vt 0.820312 0.234375
vt 0.820312 0.265625
vt 0.812500 0.203125
vt 0.820312 0.203125
vt 0.804688 0.156250
vt 0.796875 0.187500
vt 0.796875 0.156250
vt 0.453125 0.625000
vt 0.453125 0.656250
vt 0.820312 0.171875
vt 0.546875 0.734375
vt 0.515625 0.765625
vt 0.515625 0.734375
vt 0.000000 0.171875
vt 0.007812 0.140625
vt 0.007812 0.171875
vt 0.835938 1.000000
vt 0.835938 0.968750
vt 0.306641 0.153320
vt 0.614258 0.481445
vt 0.337891 0.187500
vt 0.614258 0.437500
vt 0.796875 0.375000
vt 0.385742 0.203125
vt 0.442383 0.685547
vt 0.541992 0.203125
vt 0.442383 0.638672
vt 0.375000 0.260742
vt 0.390625 0.343750
vt 0.807617 0.435547
vt 0.395508 0.625000
vt 0.557617 0.169922
vt 0.083008 0.609375
vt 0.656250 0.526367
vt 0.406250 0.343750
vt 0.856445 0.259766
vt 0.296875 0.156250
vt 0.778320 0.171875
vt 0.781250 0.268555
vt 0.419922 0.156250
vt 0.837891 0.166016
vt 0.466797 0.156250
vt 0.853516 0.187500
vt 0.781250 0.177734
vt 0.796875 0.193359
vt 0.856445 0.343750
vt 0.862305 0.828125
vt 0.856445 0.328125
vt 0.862305 0.812500
vt 0.328125 0.293945
vt 0.687500 0.637695
vt 0.648438 0.343750
vt 0.679688 0.343750
vt 0.125000 0.375000
vt 0.703125 0.750000
vt 0.031250 0.176758
vt 0.812500 0.926758
vt 0.501953 0.203125
vt 0.765625 0.906250
vt 0.814453 0.500000
vt 0.703125 0.515625
vt 0.453125 0.190430
vt 0.562500 0.299805
vt 0.828125 0.565430
vt 0.781250 1.000000
vt 0.031250 0.187500
vt 0.857422 0.484375
vt 0.856445 0.250000
vt 0.857422 0.468750
vt 0.856445 0.228516
vt 0.093750 0.299805
vt 0.671875 0.906250
vt 0.731445 0.181641
vt 0.085938 0.156250
vt 0.856445 0.312500
vt 0.117188 0.150391
vt 0.625000 0.820312
vt 0.625000 0.742188
vt 0.632812 0.267578
vt 0.671875 0.783203
vt 0.726562 0.390625
vt 0.671875 0.439453
vt 0.703125 0.625000
vt 0.765625 0.875000
vt 0.578125 0.166992
vt 0.187500 0.265625
vt 0.781250 0.859375
vt 0.845703 0.939453
vt 0.812500 0.250000
vt 0.845703 0.937500
vt 0.796875 0.205078
vt 0.765625 0.890625
vt 0.859375 0.556641
vt 0.484375 0.171875
vt 0.781250 0.765625
vt 0.442383 0.828125
vt 0.156250 0.199219
vt 0.301758 0.640625
vt 0.187500 0.187500
vt 0.734375 0.275391
vt 0.828125 0.812500
vt 0.250000 0.259766
vt 0.515625 0.218750
vt 0.828125 0.759766
vt 0.740234 1.000000
vt 0.740234 0.968750
vt 0.312500 0.212891
vt 0.375000 0.250000
vt 0.806641 0.796875
vt 0.341797 0.750000
vt 0.228516 0.162109
vt 0.232422 0.703125
vt 0.250000 0.267578
vt 0.265625 0.375000
vt 0.248047 0.203125
vt 0.536133 0.828125
vt 0.810547 0.750000
vt 0.536133 0.734375
vt 0.359375 0.323242
vt 0.609375 0.765625
vt 0.529297 0.312500
vt 0.247070 0.875000
vt 0.544922 0.312500
vt 0.247070 0.812500
vt 0.468750 0.331055
vt 0.484375 0.421875
vt 0.591797 0.812500
vt 0.075195 0.625000
vt 0.607422 0.687500
vt 0.637695 0.859375
vt 0.640625 0.581055
vt 0.640625 0.578125
vt 0.431641 0.187500
vt 0.629883 1.000000
vt 0.447266 0.187500
vt 0.629883 0.812500
vt 0.796875 0.291992
vt 0.734375 0.166992
vt 0.763672 0.666016
vt 0.296875 0.166016
vt 0.763672 0.634766
vt 0.752930 0.343750
vt 0.526367 0.703125
vt 0.690430 0.232422
vt 0.526367 0.578125
vt 0.250000 0.453125
vt 0.546875 0.687500
vt 0.721680 0.265625
vt 0.481445 0.591797
vt 0.752930 0.263672
vt 0.168945 0.578125
vt 0.343750 0.409180
vt 0.515625 0.656250
vt 0.768555 1.000000
vt 0.372070 0.578125
vt 0.081055 0.216797
vt 0.450195 0.578125
vt 0.531250 0.924805
vt 0.531250 0.921875
vt 0.456055 0.531250
vt 0.073242 0.788086
vt 0.487305 0.531250
vt 0.151367 0.890625
vt 0.546875 0.536133
vt 0.000000 0.437500
vt 0.789062 0.703125
vt 0.135742 0.484375
vt 0.789062 0.671875
vt 0.588867 0.796875
vt 0.500000 0.921875
vt 0.674805 0.734375
vt 0.385742 0.951172
vt 0.674805 0.671875
vt 0.385742 0.937500
vt 0.562500 0.926758
vt 0.031250 0.437500
vt 0.857422 0.509766
vt 0.856445 0.453125
vt 0.857422 0.494141
vt 0.606445 0.171875
vt 0.656250 0.909180
vt 0.062500 0.328125
vt 0.856445 0.406250
vt 0.867188 1.000000
vt 0.856445 0.384766
vt 0.867188 0.984375
vt 0.171875 0.554688
vt 0.593750 0.953125
vt 0.856445 0.369141
vt 0.174805 0.150391
vt 0.856445 0.359375
vt 0.862305 0.837891
vt 0.687500 0.687500
vt 0.388672 0.150391
vt 0.853516 0.212891
vt 0.404297 0.150391
vt 0.853516 0.203125
vt 0.750000 0.203125
vt 0.765625 0.203125
vt 0.859375 0.791016
vt 0.715820 0.166016
vt 0.234375 0.150391
vt 0.856445 0.281250
vt 0.687500 0.218750
vt 0.726562 0.500000
vt 0.601562 0.267578
vt 0.703125 0.812500
vt 0.828125 0.698242
vt 0.484375 0.260742
vt 0.750000 0.448242
vt 0.140625 0.453125
vt 0.671875 0.734375
vt 0.830078 0.296875
vt 0.845703 0.955078
vt 0.750000 0.437500
vt 0.859375 0.775391
vt 0.859375 0.593750
vt 0.859375 0.759766
vt 0.859375 0.578125
vt 0.765625 0.515625
vt 0.703125 0.909180
vt 0.812500 0.221680
vt 0.765625 0.375000
vt 0.814453 0.562500
vt 0.031250 0.245117
vt 0.814453 0.510742
vt 0.765625 0.916992
vt 0.546875 0.218750
vt 0.734375 0.250000
vt 0.703125 0.875000
vt 0.812500 1.000000
vt 0.765625 0.312500
vt 0.585938 0.307617
vt 0.617188 0.307617
vt 0.640625 0.390625
vt 0.395508 0.875000
vt 0.426758 0.765625
vt 0.562500 0.354492
vt 0.156250 0.421875
vt 0.828125 0.884766
vt 0.390625 0.875000
vt 0.156250 0.531250
vt 0.072266 0.162109
vt 0.232422 0.750000
vt 0.087891 0.203125
vt 0.357422 0.771484
vt 0.140625 0.267578
vt 0.810547 0.859375
vt 0.489258 0.859375
vt 0.810547 0.828125
vt 0.083008 0.562500
vt 0.328125 0.323242
vt 0.343750 0.406250
vt 0.638672 0.734375
vt 0.247070 1.000000
vt 0.513672 0.312500
vt 0.247070 0.937500
vt 0.437500 0.331055
vt 0.453125 0.421875
vt 0.763672 0.750000
vt 0.763672 0.718750
vt 0.781250 0.392578
vt 0.294922 0.546875
vt 0.325195 0.765625
vt 0.544922 0.843750
vt 0.434570 0.781250
vt 0.046875 0.284180
vt 0.640625 0.734375
vt 0.724609 0.337891
vt 0.724609 0.306641
vt 0.218750 0.250000
vt 0.752930 0.482422
vt 0.510742 0.781250
vt 0.752930 0.437500
vt 0.245117 0.513672
vt 0.125000 0.379883
vt 0.546875 0.692383
vt 0.596680 0.232422
vt 0.465820 0.966797
vt 0.627930 0.265625
vt 0.465820 0.953125
vt 0.187500 0.424805
vt 0.218750 0.500000
vt 0.752930 0.390625
vt 0.481445 0.906250
vt 0.659180 0.265625
vt 0.293945 0.593750
vt 0.281250 0.409180
vt 0.312500 0.409180
vt 0.393555 0.428711
vt 0.073242 0.897461
vt 0.424805 0.428711
vt 0.151367 1.000000
vt 0.500000 0.468750
vt 0.531250 0.395508
vt 0.659180 0.406250
vt 0.307617 0.654297
vt 0.674805 0.951172
vt 0.073242 0.687500
vt 0.062500 0.379883
vt 0.093750 0.379883
vt 0.789062 0.765625
vt 0.573242 0.531250
vt 0.789062 0.734375
vt 0.573242 0.500000
vt 0.484375 0.583008
vt 0.500000 0.926758
vt 0.700195 0.437500
vt 0.845703 0.687500
vt 0.700195 0.421875
vt 0.845703 0.671875
vt 0.562500 0.873047
vt 0.562500 0.468750
vt 0.783203 0.578125
vt 0.731445 0.171875
vt 0.783203 0.549805
vt 0.793945 0.159180
vt 0.734375 0.534180
vt 0.734375 0.531250
vt 0.564453 0.296875
vt 0.546875 0.578125
vt 0.720703 0.437500
vt 0.046875 0.265625
vt 0.810547 0.718750
vt 0.796875 0.390625
vt 0.326172 0.203125
vt 0.640625 0.218750
vt 0.625000 0.406250
vt 0.028320 0.278320
vt 0.250000 0.421875
vt 0.043945 0.359375
vt 0.593750 0.765625
vt 0.750000 0.937500
vt 0.750000 0.765625
vt 0.517578 0.390625
vt 0.700195 0.935547
vt 0.548828 0.390625
vt 0.700195 0.765625
vt 0.343750 0.159180
vt 0.828125 0.656250
vt 0.815430 0.634766
vt 0.838867 0.822266
vt 0.815430 0.625000
vt 0.198242 0.150391
vt 0.390625 0.161133
vt 0.828125 0.598633
vt 0.112305 0.296875
vt 0.184570 0.234375
vt 0.721680 0.890625
vt 0.778320 0.812500
vt 0.828125 0.893555
vt 0.828125 0.890625
vt 0.700195 0.500000
vt 0.845703 0.750000
vt 0.700195 0.484375
vt 0.845703 0.734375
vt 0.546875 0.826172
vt 0.562500 0.904297
vt 0.501953 0.796875
vt 0.778320 0.484375
vt 0.783203 0.612305
vt 0.512695 0.159180
vt 0.734375 0.596680
vt 0.734375 0.581055
vt 0.720703 0.593750
vt 0.500000 0.906250
vt 0.720703 0.546875
vt 0.546875 0.703125
vt 0.796875 0.265625
vt 0.812500 0.437500
vt 0.810547 0.921875
vt 0.810547 0.890625
vt 0.437500 0.734375
vt 0.815430 0.687500
vt 0.026367 0.150391
vt 0.362305 0.203125
vt 0.838867 0.875000
vt 0.828125 0.640625
vt 0.828125 0.625000
vt 0.081055 0.296875
vt 0.778320 0.859375
vt 0.721680 0.937500
vt 0.168945 0.234375
vt 0.828125 0.909180
vt 0.093750 0.171875
vt 0.626953 0.671875
vt 0.325195 0.263672
vt 0.626953 0.593750
vt 0.497070 0.328125
vt 0.828125 0.706055
vt 0.828125 0.703125
vt 0.012695 0.359375
vt 0.653320 0.918945
vt 0.546875 0.796875
vt 0.640625 0.781250
vt 0.689453 0.812500
vt 0.236328 0.328125
vt 0.281250 0.281250
vt 0.671875 0.609375
vt 0.234375 0.656250
vt 0.796875 0.640625
vt 0.781250 0.953125
vt 0.439453 0.328125
vt 0.671875 0.406250
vt 0.617188 0.187500
vt 0.156250 0.750000
vt 0.632812 0.187500
vt 0.125000 0.609375
vt 0.804688 0.187500
vt 0.484375 0.625000
vt 0.000000 0.140625
vt 0.828125 1.000000
s 1
usemtl m_1d91c7cd-4a2c-54f8-21e6-373393f4187d
f 4/1/1 5/2/1 2/3/1
f 3/4/2 2/5/2 1/6/2
f 3/7/3 6/8/3 8/9/3
f 8/10/4 5/11/4 7/12/5
f 6/13/6 2/14/6 5/15/6
f 4/16/7 8/17/7 7/18/7
f 15/19/8 10/20/9 12/21/8
f 11/22/10 10/23/10 9/24/10
f 11/25/11 14/26/12 16/27/11
f 15/28/13 14/29/13 13/30/13
f 9/31/14 13/32/14 14/33/14
f 12/34/15 16/35/15 15/36/15
f 20/37/16 21/38/17 18/39/17
f 20/40/18 17/41/18 19/42/18
f 24/43/19 17/44/20 22/45/20
f 24/46/21 21/47/21 23/48/21
f 17/49/22 21/50/22 22/51/22
f 20/52/23 24/53/23 23/54/23
f 31/55/24 26/56/24 28/57/24
f 27/58/25 26/59/25 25/60/25
f 27/61/26 30/62/26 32/55/26
f 32/63/27 29/64/27 31/65/27
f 25/66/28 29/67/28 30/68/28
f 28/69/29 32/70/29 31/71/29
f 39/72/24 34/73/24 36/74/24
f 35/75/25 34/76/25 33/77/25
f 35/78/26 38/79/26 40/80/26
f 40/81/27 37/82/27 39/83/27
f 33/84/30 37/85/30 38/86/30
f 39/87/31 35/88/31 40/89/31
f 47/90/32 42/91/32 44/92/32
f 44/93/33 41/94/33 43/95/33
f 43/96/34 46/97/35 48/98/35
f 48/99/36 45/100/36 47/101/36
f 41/102/28 45/103/28 46/104/28
f 47/105/29 43/106/31 48/107/29
f 55/108/37 50/109/37 52/110/37
f 51/111/38 50/112/38 49/113/38
f 51/114/39 54/115/39 56/116/39
f 56/117/40 53/112/40 55/118/40
f 49/119/41 53/120/41 54/121/41
f 52/122/42 56/120/42 55/123/42
f 60/124/37 61/125/37 58/126/37
f 60/127/38 57/128/38 59/129/38
f 64/130/39 57/131/39 62/132/39
f 64/133/40 61/134/40 63/135/40
f 62/136/41 58/137/41 61/138/41
f 60/139/42 64/138/42 63/140/42
f 71/141/37 66/142/37 68/143/37
f 68/144/38 65/145/38 67/146/38
f 67/147/39 70/148/39 72/149/39
f 72/150/40 69/151/40 71/152/40
f 65/153/41 69/154/41 70/155/41
f 71/156/42 67/157/42 72/158/42
f 79/159/37 74/160/37 76/161/37
f 75/162/38 74/163/38 73/164/38
f 80/165/39 73/166/39 78/167/39
f 79/168/40 78/169/40 77/170/40
f 78/171/41 74/172/41 77/173/41
f 79/174/42 75/175/42 80/176/42
f 87/177/43 82/178/43 84/179/43
f 84/180/44 81/181/44 83/182/44
f 83/183/45 86/184/45 88/185/45
f 87/186/46 86/187/46 85/188/46
f 81/189/47 85/190/47 86/191/47
f 84/192/48 88/193/48 87/194/48
f 92/195/43 93/196/43 90/197/43
f 92/198/44 89/199/44 91/200/44
f 91/201/45 94/202/45 96/203/45
f 95/204/46 94/205/46 93/206/46
f 89/207/47 93/208/47 94/209/47
f 95/210/48 91/211/48 96/212/48
f 100/213/49 101/214/49 98/215/49
f 99/216/50 98/217/50 97/218/50
f 99/219/51 102/220/51 104/221/51
f 103/222/52 102/223/52 101/224/52
f 102/123/53 98/225/53 101/226/53
f 100/227/54 104/228/54 103/229/54
f 111/230/49 106/231/49 108/232/49
f 108/233/50 105/234/50 107/235/50
f 112/236/51 105/237/51 110/238/51
f 112/239/52 109/240/52 111/150/52
f 110/241/53 106/242/53 109/243/53
f 108/244/54 112/243/54 111/245/54
f 116/246/49 117/247/49 114/248/49
f 116/249/50 113/138/50 115/250/50
f 115/251/51 118/252/51 120/253/51
f 119/254/52 118/88/52 117/139/52
f 113/255/53 117/256/53 118/156/53
f 116/257/54 120/256/54 119/258/54
f 127/259/49 122/260/49 124/261/49
f 123/262/50 122/263/50 121/264/50
f 123/265/51 126/266/51 128/259/51
f 128/267/52 125/268/52 127/269/52
f 121/244/53 125/270/53 126/245/53
f 124/271/54 128/272/54 127/273/54
f 135/274/55 130/275/55 132/276/55
f 132/277/56 129/278/56 131/279/56
f 136/274/57 129/280/57 134/281/57
f 136/282/58 133/283/58 135/284/58
f 129/285/59 133/286/59 134/287/59
f 132/286/60 136/288/60 135/289/60
f 143/290/61 138/291/61 140/292/61
f 139/293/62 138/294/62 137/295/63
f 139/296/64 142/297/64 144/298/64
f 143/299/65 142/300/65 141/301/65
f 142/302/66 138/303/66 141/304/66
f 143/305/67 139/271/68 144/273/68
f 148/306/69 149/307/69 146/308/69
f 148/309/70 145/310/70 147/311/70
f 147/312/71 150/313/71 152/314/71
f 152/315/72 149/316/72 151/317/72
f 145/318/73 149/319/73 150/320/73
f 148/321/74 152/322/75 151/323/74
f 159/324/76 154/245/76 156/325/76
f 156/326/77 153/327/77 155/328/77
f 160/329/78 153/330/78 158/331/78
f 160/332/79 157/333/79 159/334/79
f 153/335/80 157/336/80 158/337/80
f 156/338/81 160/339/81 159/340/81
f 167/341/55 162/342/55 164/343/55
f 164/344/82 161/345/82 163/346/82
f 163/347/57 166/348/57 168/349/57
f 168/350/83 165/351/83 167/352/83
f 161/353/84 165/354/84 166/355/84
f 164/356/85 168/357/85 167/358/85
f 175/359/55 170/360/55 172/361/55
f 172/362/86 169/363/86 171/364/86
f 171/365/57 174/366/57 176/367/57
f 176/368/87 173/369/87 175/370/87
f 169/371/88 173/372/88 174/373/88
f 172/374/89 176/375/89 175/376/89
f 183/377/55 178/378/55 180/379/55
f 180/380/86 177/381/86 179/47/86
f 179/382/57 182/383/57 184/384/57
f 184/385/87 181/386/87 183/387/87
f 177/388/88 181/389/88 182/390/88
f 180/391/89 184/392/89 183/393/89
f 191/394/90 186/395/90 188/396/90
f 188/397/91 185/398/91 187/399/92
f 187/400/93 190/401/93 192/402/93
f 192/403/94 189/404/94 191/405/94
f 185/406/95 189/407/95 190/408/95
f 191/409/96 187/410/96 192/411/96
f 199/412/61 194/413/61 196/414/61
f 195/415/62 194/416/62 193/417/63
f 200/412/64 193/3/64 198/418/64
f 199/419/65 198/420/65 197/421/65
f 193/422/66 197/423/66 198/424/66
f 196/423/67 200/425/67 199/426/67
f 207/427/97 202/428/97 204/429/97
f 204/430/98 201/431/98 203/432/98
f 208/433/99 201/434/99 206/435/99
f 208/436/100 205/437/100 207/438/100
f 206/439/101 202/440/101 205/441/101
f 204/442/102 208/443/102 207/444/102
f 215/445/103 210/446/103 212/447/103
f 211/448/104 210/449/104 209/450/104
f 216/451/105 209/452/105 214/294/105
f 216/453/106 213/454/106 215/455/106
f 209/456/107 213/457/107 214/458/107
f 212/459/108 216/460/108 215/461/108
f 223/462/109 218/463/109 220/464/109
f 220/465/110 217/466/110 219/467/110
f 224/468/111 217/469/111 222/470/111
f 224/471/112 221/472/112 223/473/112
f 217/474/113 221/475/113 222/476/113
f 220/477/114 224/478/114 223/479/114
f 231/480/115 226/481/115 228/482/115
f 227/483/116 226/484/116 225/485/116
f 227/486/117 230/487/117 232/488/117
f 232/489/118 229/490/118 231/491/118
f 225/492/119 229/493/119 230/494/119
f 228/495/120 232/496/121 231/497/120
f 239/498/46 234/499/46 236/500/46
f 236/501/122 233/502/122 235/503/122
f 235/504/44 238/505/44 240/506/44
f 240/507/123 237/508/123 239/509/123
f 238/510/57 234/511/57 237/512/57
f 236/513/55 240/514/55 239/515/55
f 247/516/124 242/517/124 244/518/124
f 243/519/125 242/520/125 241/521/125
f 243/522/126 246/523/126 248/524/126
f 248/525/127 245/526/127 247/527/127
f 241/528/128 245/529/128 246/530/128
f 244/531/129 248/532/129 247/533/129
f 252/534/130 253/535/130 250/536/130
f 252/537/131 249/538/131 251/539/131
f 256/540/132 249/541/132 254/542/132
f 256/543/133 253/544/133 255/545/133
f 249/546/134 253/547/134 254/548/134
f 252/549/135 256/550/135 255/551/135
f 263/552/130 258/553/130 260/554/130
f 260/555/131 257/556/131 259/557/131
f 264/558/132 257/559/132 262/560/132
f 264/561/133 261/562/133 263/563/133
f 257/564/134 261/565/134 262/566/134
f 260/567/135 264/568/135 263/569/135
f 268/570/136 269/571/136 266/572/136
f 267/573/137 266/574/137 265/575/137
f 267/576/138 270/577/139 272/578/139
f 271/579/140 270/580/140 269/581/140
f 270/582/141 266/583/141 269/584/142
f 268/585/143 272/586/144 271/587/144
f 276/265/24 277/588/24 274/589/24
f 275/590/145 274/591/145 273/592/145
f 280/593/26 273/594/26 278/595/26
f 280/596/146 277/597/146 279/598/146
f 278/599/142 274/600/142 277/601/142
f 276/602/144 280/603/144 279/604/144
f 284/605/24 285/606/24 282/607/24
f 283/608/145 282/609/145 281/610/145
f 288/611/26 281/612/26 286/613/26
f 288/614/146 285/615/146 287/616/146
f 286/617/141 282/618/141 285/619/141
f 284/619/143 288/620/143 287/69/143
f 295/621/147 290/622/147 292/623/147
f 292/624/148 289/625/148 291/626/148
f 296/627/149 289/628/149 294/629/149
f 296/630/150 293/631/150 295/632/150
f 289/633/151 293/634/151 294/635/151
f 295/636/152 291/637/152 296/638/152
f 300/639/147 301/640/147 298/641/147
f 299/642/148 298/643/148 297/644/148
f 299/645/149 302/303/149 304/646/149
f 303/647/150 302/648/150 301/649/150
f 297/650/151 301/651/151 302/652/151
f 303/653/152 299/654/152 304/655/152
f 311/656/147 306/657/147 308/658/147
f 308/254/148 305/70/148 307/659/148
f 312/660/149 305/661/149 310/662/149
f 312/663/150 309/664/150 311/665/150
f 305/666/151 309/667/151 310/668/151
f 311/669/152 307/648/152 312/670/152
f 316/671/147 317/672/147 314/673/147
f 316/674/148 313/675/148 315/676/148
f 320/677/149 313/678/149 318/679/149
f 320/680/150 317/169/150 319/681/150
f 318/682/151 314/683/151 317/271/151
f 319/684/152 315/685/152 320/686/152
f 324/687/153 325/688/153 322/689/153
f 323/690/154 322/691/154 321/692/154
f 323/693/155 326/694/155 328/695/155
f 328/696/156 325/697/156 327/698/156
f 321/699/157 325/700/157 326/684/157
f 324/701/158 328/700/158 327/702/158
f 335/703/153 330/704/153 332/705/153
f 331/706/154 330/707/154 329/708/154
f 336/709/155 329/710/155 334/711/155
f 335/712/156 334/713/156 333/714/156
f 329/715/157 333/716/157 334/717/157
f 332/70/158 336/718/158 335/719/158
f 343/124/153 338/720/153 340/721/153
f 340/722/154 337/723/154 339/724/154
f 339/725/155 342/171/155 344/726/155
f 343/727/156 342/134/156 341/728/156
f 337/701/157 341/729/157 342/702/157
f 340/730/158 344/729/158 343/136/158
f 348/731/153 349/732/153 346/733/153
f 347/734/154 346/735/154 345/736/154
f 352/737/155 345/738/155 350/739/155
f 352/740/156 349/735/156 351/741/156
f 345/742/157 349/743/157 350/744/157
f 348/119/158 352/636/158 351/121/158
f 356/745/55 357/746/55 354/747/55
f 356/748/159 353/749/159 355/750/159
f 355/751/57 358/746/57 360/752/57
f 360/753/160 357/754/160 359/755/160
f 353/756/161 357/734/161 358/11/161
f 356/757/162 360/285/162 359/758/162
f 364/759/163 365/760/163 362/761/163
f 364/762/164 361/763/164 363/764/165
f 368/765/166 361/766/166 366/767/166
f 368/293/167 365/768/167 367/762/167
f 361/769/168 365/770/168 366/771/168
f 364/772/169 368/773/170 367/774/169
f 372/775/171 373/776/171 370/777/171
f 372/778/172 369/779/172 371/780/172
f 371/781/173 374/782/173 376/783/173
f 375/784/174 374/785/174 373/786/174
f 374/787/175 370/788/175 373/789/175
f 375/790/176 371/791/176 376/792/176
f 383/793/55 378/241/55 380/794/55
f 380/795/177 377/796/177 379/797/177
f 379/798/57 382/243/57 384/799/57
f 384/800/178 381/801/178 383/802/178
f 377/803/179 381/804/179 382/805/179
f 380/806/180 384/807/180 383/808/180
f 391/809/55 386/810/55 388/811/55
f 388/812/86 385/813/86 387/814/86
f 387/815/57 390/816/57 392/817/57
f 392/818/87 389/819/87 391/820/87
f 385/821/88 389/822/88 390/823/88
f 388/824/89 392/825/89 391/826/89
f 396/827/163 397/828/163 394/829/163
f 396/830/164 393/831/164 395/832/165
f 395/833/166 398/766/166 400/834/166
f 400/835/167 397/836/167 399/837/167
f 393/838/168 397/839/168 398/422/168
f 399/840/169 395/841/169 400/842/169
f 407/843/55 402/844/55 404/845/55
f 404/846/86 401/847/86 403/848/86
f 403/849/57 406/850/57 408/851/57
f 408/852/87 405/853/87 407/854/87
f 401/855/88 405/856/88 406/857/88
f 404/858/89 408/859/89 407/860/89
f 415/292/181 410/861/181 412/833/181
f 411/862/182 410/863/182 409/864/182
f 411/865/183 414/866/183 416/867/183
f 415/868/184 414/869/184 413/870/184
f 414/871/185 410/872/185 413/873/185
f 415/874/186 411/871/187 416/875/187
f 420/876/188 421/877/188 418/878/188
f 420/879/189 417/880/189 419/881/189
f 419/882/190 422/883/190 424/884/190
f 423/885/191 422/886/191 421/887/191
f 417/888/101 421/889/101 422/890/101
f 423/891/102 419/892/102 424/893/102
f 428/894/192 429/895/192 426/896/192
f 427/897/193 426/898/193 425/899/193
f 427/900/194 430/901/194 432/902/194
f 432/903/195 429/904/195 431/905/195
f 425/906/107 429/907/107 430/908/107
f 428/909/108 432/910/108 431/911/108
f 439/912/196 434/913/196 436/914/196
f 436/915/197 433/771/197 435/916/197
f 435/917/198 438/918/198 440/919/198
f 440/920/199 437/921/199 439/922/199
f 433/923/113 437/924/113 438/925/113
f 439/926/114 435/927/114 440/928/114
f 444/929/200 445/930/200 442/931/200
f 443/932/201 442/933/201 441/934/201
f 448/935/202 441/936/202 446/937/202
f 448/938/203 445/939/203 447/940/203
f 446/941/119 442/942/119 445/943/119
f 447/944/120 443/945/121 448/946/121
f 455/947/204 450/948/204 452/949/204
f 451/950/205 450/951/205 449/952/205
f 456/953/206 449/954/206 454/955/206
f 456/956/207 453/957/207 455/958/207
f 449/959/128 453/960/128 454/961/128
f 455/962/129 451/963/129 456/964/129
f 463/965/131 458/966/131 460/967/131
f 460/968/208 457/969/208 459/970/208
f 459/971/133 462/972/133 464/973/133
f 464/974/209 461/975/209 463/976/209
f 457/977/57 461/978/57 462/979/57
f 463/980/55 459/981/55 464/982/55
f 471/983/210 466/984/210 468/985/210
f 468/986/211 465/987/211 467/988/211
f 467/989/212 470/990/212 472/991/212
f 472/992/213 469/993/213 471/994/213
f 465/995/88 469/996/88 470/997/88
f 468/998/89 472/999/89 471/1000/89
f 479/1001/214 474/1002/214 476/1003/214
f 476/1004/215 473/1005/215 475/1006/215
f 480/1007/216 473/1008/216 478/1009/216
f 479/1010/217 478/1011/217 477/1012/217
f 473/1013/218 477/1014/218 478/1015/218
f 476/1016/219 480/1017/219 479/1018/220
f 487/1019/55 482/1020/55 484/1021/55
f 484/1022/86 481/1023/86 483/1024/86
f 483/1025/57 486/1026/57 488/1027/57
f 488/1028/87 485/707/87 487/1029/87
f 481/237/88 485/1030/88 486/1031/88
f 484/553/89 488/1032/89 487/1033/89
f 495/1034/88 490/1035/88 492/1036/88
f 492/1037/221 489/1038/221 491/1039/221
f 491/1040/89 494/1041/89 496/1042/89
f 496/1043/222 493/425/222 495/426/222
f 489/1044/223 493/1045/223 494/1046/223
f 492/1047/224 496/1048/224 495/1049/224
f 500/1050/88 501/1051/88 498/1052/88
f 500/1053/225 497/1054/225 499/1055/225
f 499/1056/89 502/1057/89 504/1058/89
f 504/1059/226 501/1060/226 503/1061/226
f 497/1062/227 501/1063/227 502/1064/227
f 500/1065/228 504/1066/228 503/1067/228
f 511/1068/229 506/1069/229 508/1070/229
f 507/1071/86 506/1072/86 505/1073/86
f 507/1074/230 510/1075/230 512/1076/230
f 512/1077/87 509/655/87 511/1078/87
f 505/1079/231 509/1080/231 510/1081/231
f 508/1082/232 512/1083/232 511/1084/232
f 516/1085/233 517/1086/233 514/1087/233
f 515/865/234 514/1088/234 513/1089/234
f 515/1090/235 518/1091/235 520/1092/235
f 519/1093/236 518/1094/236 517/1095/236
f 513/1096/237 517/1097/237 518/1098/237
f 519/1099/238 515/1100/238 520/1101/238
f 527/1102/233 522/1103/233 524/1104/233
f 524/1105/86 521/1106/86 523/1107/86
f 523/1108/235 526/1109/235 528/722/235
f 528/1110/87 525/1111/87 527/1112/87
f 521/760/239 525/1113/239 526/1114/239
f 524/1115/240 528/1116/240 527/1117/240
f 535/1118/241 530/1119/241 532/1120/241
f 532/1121/242 529/1122/242 531/1123/242
f 531/1124/243 534/1125/243 536/1126/243
f 536/1127/244 533/1128/244 535/1129/244
f 529/1130/88 533/1131/88 534/1132/88
f 535/1133/89 531/1134/89 536/1135/89
f 543/1136/245 538/1137/245 540/1138/245
f 540/1139/246 537/683/246 539/1140/246
f 544/1141/247 537/1142/247 542/1143/247
f 543/1144/248 542/1145/248 541/1146/248
f 537/1147/249 541/1148/249 542/1149/249
f 543/1150/250 539/1151/250 544/1152/250
f 551/1153/55 546/227/55 548/1154/55
f 548/1155/86 545/1156/86 547/1157/86
f 547/1158/57 550/1159/57 552/1160/57
f 552/1161/87 549/1162/87 551/1163/87
f 545/1164/88 549/1165/88 550/1166/88
f 548/1167/89 552/1168/89 551/1032/89
f 559/1169/88 554/1170/88 556/1171/88
f 556/1172/251 553/1173/251 555/1174/251
f 555/1175/89 558/1176/89 560/1177/89
f 560/1178/252 557/1179/252 559/1180/252
f 553/1181/253 557/1182/253 558/1183/253
f 556/1184/254 560/1185/254 559/1186/254
f 567/1187/233 562/1188/233 564/1189/233
f 563/1190/255 562/1191/255 561/1192/255
f 563/1193/235 566/1194/235 568/1195/235
f 568/1196/256 565/828/256 567/1197/256
f 566/1198/257 562/1199/257 565/1200/257
f 564/1201/258 568/1202/258 567/1203/258
f 575/1204/233 570/1205/233 572/1206/233
f 572/1207/86 569/257/86 571/1208/86
f 571/1209/235 574/1210/235 576/1211/235
f 576/1212/87 573/280/87 575/1213/87
f 569/1214/239 573/1215/239 574/1216/239
f 572/1217/240 576/1218/240 575/1219/240
f 583/1220/229 578/1221/229 580/1222/229
f 579/1223/86 578/1224/86 577/1225/86
f 579/1226/230 582/1227/230 584/1228/230
f 584/1229/87 581/1230/87 583/1231/87
f 577/640/231 581/1232/231 582/1233/231
f 580/1234/232 584/1235/232 583/1236/232
f 591/1237/88 586/1238/88 588/1239/88
f 588/1240/259 585/288/259 587/1241/259
f 592/1242/89 585/1243/89 590/1244/89
f 592/1055/260 589/1245/260 591/1240/260
f 585/1246/261 589/1247/261 590/1248/261
f 588/1249/262 592/1250/262 591/1251/262
f 599/1252/55 594/1253/55 596/1254/55
f 596/1255/86 593/1256/86 595/1257/86
f 595/851/57 598/1258/57 600/1259/57
f 600/1260/87 597/1261/87 599/1252/87
f 593/1262/88 597/379/88 598/378/88
f 596/1263/89 600/1264/89 599/654/89
f 607/1265/55 602/217/55 604/654/55
f 604/1266/86 601/1267/86 603/502/86
f 603/1268/57 606/1269/57 608/301/57
f 608/652/87 605/1270/87 607/1266/87
f 601/1271/88 605/1272/88 606/1273/88
f 604/1274/89 608/1275/89 607/1276/89
f 615/1277/55 610/1278/55 612/1279/55
f 612/1280/86 609/1281/86 611/283/86
f 611/1091/57 614/1282/57 616/1283/57
f 616/1284/87 613/1285/87 615/1286/87
f 609/172/88 613/131/88 614/1287/88
f 612/26/89 616/1179/89 615/1288/89
f 623/1289/55 618/1290/55 620/1291/55
f 620/1292/86 617/845/86 619/923/86
f 619/1293/57 622/1274/57 624/1294/57
f 624/1295/87 621/1296/87 623/1292/87
f 617/1297/88 621/1298/88 622/1299/88
f 620/1300/89 624/1301/89 623/1302/89
f 631/1303/240 626/1304/240 628/1305/240
f 627/779/86 626/1306/86 625/1307/86
f 627/1308/239 630/1309/239 632/1310/239
f 632/1311/87 629/1312/87 631/454/87
f 625/1313/233 629/1314/233 630/1315/233
f 628/1316/235 632/1314/235 631/1317/235
f 639/1318/240 634/1319/240 636/1320/240
f 635/1321/86 634/977/86 633/1322/86
f 635/1323/239 638/1316/239 640/77/239
f 640/1324/87 637/1325/87 639/1326/87
f 633/1327/233 637/1328/233 638/1329/233
f 636/662/235 640/1330/235 639/1331/235
f 4/1/1 7/1332/1 5/2/1
f 3/4/2 4/1333/2 2/5/2
f 3/7/3 1/1334/3 6/8/3
f 8/10/4 6/1335/4 5/11/4
f 6/13/6 1/842/6 2/14/6
f 4/16/7 3/1336/7 8/17/7
f 15/19/8 13/1337/9 10/20/9
f 11/22/10 12/1338/10 10/23/10
f 11/25/11 9/1339/12 14/26/12
f 15/28/13 16/1340/13 14/29/13
f 9/31/14 10/1341/14 13/32/14
f 12/34/15 11/1342/15 16/35/15
f 20/37/16 23/1343/16 21/38/17
f 20/40/18 18/1344/18 17/41/18
f 24/43/19 19/1345/19 17/44/20
f 24/46/21 22/1346/21 21/47/21
f 17/49/22 18/1347/22 21/50/22
f 20/52/23 19/1348/23 24/53/23
f 31/55/24 29/62/24 26/56/24
f 27/58/25 28/1349/25 26/59/25
f 27/61/26 25/1350/26 30/62/26
f 32/63/27 30/1351/27 29/64/27
f 25/66/28 26/1352/28 29/67/28
f 28/69/29 27/620/29 32/70/29
f 39/72/24 37/1353/24 34/73/24
f 35/75/25 36/1354/25 34/76/25
f 35/78/26 33/1355/26 38/79/26
f 40/81/27 38/1356/27 37/82/27
f 33/84/30 34/1357/30 37/85/30
f 39/87/31 36/1358/31 35/88/31
f 47/90/32 45/1359/32 42/91/32
f 44/93/33 42/1360/33 41/94/33
f 43/96/34 41/1361/34 46/97/35
f 48/99/36 46/1362/36 45/100/36
f 41/102/28 42/1363/30 45/103/28
f 47/105/29 44/1364/31 43/106/31
f 55/108/37 53/1365/37 50/109/37
f 51/111/38 52/118/38 50/112/38
f 51/114/39 49/1366/39 54/115/39
f 56/117/40 54/1367/40 53/112/40
f 49/119/41 50/1368/41 53/120/41
f 52/122/42 51/1368/42 56/120/42
f 60/124/37 63/1369/37 61/125/37
f 60/127/38 58/637/38 57/128/38
f 64/130/39 59/1370/39 57/131/39
f 64/133/40 62/1269/40 61/134/40
f 62/136/41 57/730/41 58/137/41
f 60/139/42 59/137/42 64/138/42
f 71/141/37 69/1371/37 66/142/37
f 68/144/38 66/1372/38 65/145/38
f 67/147/39 65/1373/39 70/148/39
f 72/150/40 70/240/40 69/151/40
f 65/153/41 66/720/41 69/154/41
f 71/156/42 68/255/42 67/157/42
f 79/159/37 77/1374/37 74/160/37
f 75/162/38 76/1375/38 74/163/38
f 80/165/39 75/1376/39 73/166/39
f 79/168/40 80/1377/40 78/169/40
f 78/171/41 73/1378/41 74/172/41
f 79/174/42 76/1379/42 75/175/42
f 87/177/43 85/1380/43 82/178/43
f 84/180/44 82/1381/44 81/181/44
f 83/183/45 81/1382/45 86/184/45
f 87/186/46 88/1383/46 86/187/46
f 81/189/47 82/1384/47 85/190/47
f 84/192/48 83/1385/48 88/193/48
f 92/195/43 95/1386/43 93/196/43
f 92/198/44 90/1387/44 89/199/44
f 91/201/45 89/1388/45 94/202/45
f 95/204/46 96/1389/46 94/205/46
f 89/207/47 90/1390/47 93/208/47
f 95/210/48 92/1391/48 91/211/48
f 100/213/49 103/1392/49 101/214/49
f 99/216/50 100/1393/50 98/217/50
f 99/219/51 97/1394/51 102/220/51
f 103/222/52 104/1395/52 102/223/52
f 102/123/53 97/122/53 98/225/53
f 100/227/54 99/1396/54 104/228/54
f 111/230/49 109/184/49 106/231/49
f 108/233/50 106/1397/50 105/234/50
f 112/236/51 107/1398/51 105/237/51
f 112/239/52 110/1399/52 109/240/52
f 110/241/53 105/1400/53 106/242/53
f 108/244/54 107/242/54 112/243/54
f 116/246/49 119/1401/49 117/247/49
f 116/249/50 114/1402/50 113/138/50
f 115/251/51 113/1403/51 118/252/51
f 119/254/52 120/1404/52 118/88/52
f 113/255/53 114/1405/53 117/256/53
f 116/257/54 115/1405/54 120/256/54
f 127/259/49 125/266/49 122/260/49
f 123/262/50 124/1406/50 122/263/50
f 123/265/51 121/589/51 126/266/51
f 128/267/52 126/1407/52 125/268/52
f 121/244/53 122/1408/53 125/270/53
f 124/271/54 123/682/54 128/272/54
f 135/274/55 133/281/55 130/275/55
f 132/277/56 130/1409/56 129/278/56
f 136/274/57 131/1410/57 129/280/57
f 136/282/58 134/1411/58 133/283/58
f 129/285/59 130/758/59 133/286/59
f 132/286/60 131/287/60 136/288/60
f 143/290/61 141/1412/61 138/291/61
f 139/293/62 140/1413/62 138/294/62
f 139/296/64 137/1414/64 142/297/64
f 143/299/65 144/1415/263 142/300/65
f 142/302/66 137/1416/66 138/303/66
f 143/305/67 140/1173/67 139/271/68
f 148/306/69 151/1417/69 149/307/69
f 148/309/70 146/1418/70 145/310/70
f 147/312/71 145/1122/71 150/313/71
f 152/315/72 150/1419/72 149/316/72
f 145/318/73 146/1420/73 149/319/73
f 148/321/74 147/1421/75 152/322/75
f 159/324/76 157/1422/76 154/245/76
f 156/326/77 154/1423/77 153/327/77
f 160/329/78 155/1424/78 153/330/78
f 160/332/79 158/1425/79 157/333/79
f 153/335/80 154/1426/80 157/336/80
f 156/338/81 155/1427/81 160/339/81
f 167/341/55 165/1428/55 162/342/55
f 164/344/82 162/1429/82 161/345/82
f 163/347/57 161/1430/57 166/348/57
f 168/350/83 166/1431/83 165/351/83
f 161/353/84 162/1432/84 165/354/84
f 164/356/85 163/1433/85 168/357/85
f 175/359/55 173/1434/55 170/360/55
f 172/362/86 170/1435/86 169/363/86
f 171/365/57 169/1436/57 174/366/57
f 176/368/87 174/1437/87 173/369/87
f 169/371/88 170/1438/88 173/372/88
f 172/374/89 171/1439/89 176/375/89
f 183/377/55 181/1440/55 178/378/55
f 180/380/86 178/1441/86 177/381/86
f 179/382/57 177/1442/57 182/383/57
f 184/385/87 182/1443/87 181/386/87
f 177/388/88 178/1444/88 181/389/88
f 180/391/89 179/1445/89 184/392/89
f 191/394/90 189/1446/90 186/395/90
f 188/397/91 186/1447/91 185/398/91
f 187/400/93 185/1448/93 190/401/93
f 192/403/94 190/1449/94 189/404/94
f 185/406/95 186/1450/95 189/407/95
f 191/409/96 188/1451/96 187/410/96
f 199/412/61 197/418/61 194/413/61
f 195/415/62 196/1452/62 194/416/62
f 200/412/64 195/1453/64 193/3/64
f 199/419/65 200/1454/263 198/420/65
f 193/422/66 194/839/66 197/423/66
f 196/423/67 195/424/67 200/425/67
f 207/427/97 205/1455/97 202/428/97
f 204/430/98 202/1456/98 201/431/98
f 208/433/99 203/1457/99 201/434/99
f 208/436/100 206/1458/100 205/437/100
f 206/439/101 201/1459/101 202/440/101
f 204/442/102 203/1460/102 208/443/102
f 215/445/103 213/1461/103 210/446/103
f 211/448/104 212/1462/104 210/449/104
f 216/451/105 211/1463/105 209/452/105
f 216/453/106 214/1464/106 213/454/106
f 209/456/107 210/1465/107 213/457/107
f 212/459/108 211/1466/108 216/460/108
f 223/462/109 221/1467/109 218/463/109
f 220/465/110 218/1468/110 217/466/110
f 224/468/111 219/1469/111 217/469/111
f 224/471/112 222/1470/112 221/472/112
f 217/474/113 218/1471/113 221/475/113
f 220/477/114 219/1472/114 224/478/114
f 231/480/115 229/1473/115 226/481/115
f 227/483/116 228/1474/116 226/484/116
f 227/486/117 225/1475/117 230/487/117
f 232/489/118 230/1476/118 229/490/118
f 225/492/119 226/1477/119 229/493/119
f 228/495/120 227/1478/121 232/496/121
f 239/498/46 237/1479/46 234/499/46
f 236/501/122 234/1480/122 233/502/122
f 235/504/44 233/1481/44 238/505/44
f 240/507/123 238/1482/123 237/508/123
f 238/510/57 233/1483/57 234/511/57
f 236/513/55 235/772/55 240/514/55
f 247/516/124 245/1484/124 242/517/124
f 243/519/125 244/1485/125 242/520/125
f 243/522/126 241/1486/126 246/523/126
f 248/525/127 246/1487/127 245/526/127
f 241/528/128 242/1488/128 245/529/128
f 244/531/129 243/1489/129 248/532/129
f 252/534/130 255/1490/130 253/535/130
f 252/537/131 250/1491/131 249/538/131
f 256/540/132 251/1492/132 249/541/132
f 256/543/133 254/1493/133 253/544/133
f 249/546/134 250/1494/134 253/547/134
f 252/549/135 251/1495/135 256/550/135
f 263/552/130 261/1496/130 258/553/130
f 260/555/131 258/1497/131 257/556/131
f 264/558/132 259/1498/132 257/559/132
f 264/561/133 262/1499/133 261/562/133
f 257/564/134 258/1500/134 261/565/134
f 260/567/135 259/1501/135 264/568/135
f 268/570/136 271/1502/136 269/571/136
f 267/573/137 268/1503/137 266/574/137
f 267/576/138 265/1504/138 270/577/139
f 271/579/140 272/1505/140 270/580/140
f 270/582/141 265/223/141 266/583/141
f 268/585/143 267/1506/143 272/586/144
f 276/265/24 279/1507/24 277/588/24
f 275/590/145 276/1508/145 274/591/145
f 280/593/26 275/1509/26 273/594/26
f 280/596/146 278/1510/146 277/597/146
f 278/599/142 273/1511/142 274/600/142
f 276/602/144 275/1512/144 280/603/144
f 284/605/24 287/1513/24 285/606/24
f 283/608/145 284/1514/145 282/609/145
f 288/611/26 283/1515/26 281/612/26
f 288/614/146 286/1516/146 285/615/146
f 286/617/141 281/1517/141 282/618/141
f 284/619/143 283/617/143 288/620/143
f 295/621/147 293/1518/147 290/622/147
f 292/624/148 290/1385/148 289/625/148
f 296/627/149 291/1519/149 289/628/149
f 296/630/150 294/723/150 293/631/150
f 289/633/151 290/240/151 293/634/151
f 295/636/152 292/1520/152 291/637/152
f 300/639/147 303/1521/147 301/640/147
f 299/642/148 300/1522/148 298/643/148
f 299/645/149 297/304/149 302/303/149
f 303/647/150 304/1523/150 302/648/150
f 297/650/151 298/1524/151 301/651/151
f 303/653/152 300/1525/152 299/654/152
f 311/656/147 309/1526/147 306/657/147
f 308/254/148 306/139/148 305/70/148
f 312/660/149 307/1527/149 305/661/149
f 312/663/150 310/1313/150 309/664/150
f 305/666/151 306/1416/151 309/667/151
f 311/669/152 308/1528/152 307/648/152
f 316/671/147 319/1529/147 317/672/147
f 316/674/148 314/1530/148 313/675/148
f 320/677/149 315/1531/149 313/678/149
f 320/680/150 318/1532/150 317/169/150
f 318/682/151 313/1533/151 314/683/151
f 319/684/152 316/699/152 315/685/152
f 324/687/153 327/1534/153 325/688/153
f 323/690/154 324/1535/154 322/691/154
f 323/693/155 321/1396/155 326/694/155
f 328/696/156 326/675/156 325/697/156
f 321/699/157 322/1536/157 325/700/157
f 324/701/158 323/1536/158 328/700/158
f 335/703/153 333/1537/153 330/704/153
f 331/706/154 332/1538/154 330/707/154
f 336/709/155 331/1539/155 329/710/155
f 335/712/156 336/1540/156 334/713/156
f 329/715/157 330/1541/157 333/716/157
f 332/70/158 331/1542/158 336/718/158
f 343/124/153 341/126/153 338/720/153
f 340/722/154 338/1543/154 337/723/154
f 339/725/155 337/1544/155 342/171/155
f 343/727/156 344/135/156 342/134/156
f 337/701/157 338/1545/157 341/729/157
f 340/730/158 339/1545/158 344/729/158
f 348/731/153 351/1546/153 349/732/153
f 347/734/154 348/741/154 346/735/154
f 352/737/155 347/1547/155 345/738/155
f 352/740/156 350/1548/156 349/735/156
f 345/742/157 346/1399/157 349/743/157
f 348/119/158 347/1520/158 352/636/158
f 356/745/55 359/752/55 357/746/55
f 356/748/159 354/1549/159 353/749/159
f 355/751/57 353/666/57 358/746/57
f 360/753/160 358/1550/160 357/754/160
f 353/756/161 354/1551/161 357/734/161
f 356/757/162 355/1552/162 360/285/162
f 364/759/163 367/1553/163 365/760/163
f 364/762/164 362/768/164 361/763/164
f 368/765/166 363/834/166 361/766/166
f 368/293/167 366/295/264 365/768/167
f 361/769/168 362/1554/168 365/770/168
f 364/772/169 363/1555/170 368/773/170
f 372/775/171 375/1556/171 373/776/171
f 372/778/172 370/1557/172 369/779/172
f 371/781/173 369/1558/173 374/782/173
f 375/784/174 376/1559/174 374/785/174
f 374/787/175 369/1367/175 370/788/175
f 375/790/176 372/1560/176 371/791/176
f 383/793/55 381/1561/55 378/241/55
f 380/795/177 378/1562/177 377/796/177
f 379/798/57 377/1563/57 382/243/57
f 384/800/178 382/1564/178 381/801/178
f 377/803/179 378/1565/179 381/804/179
f 380/806/180 379/1566/180 384/807/180
f 391/809/55 389/1567/55 386/810/55
f 388/812/86 386/1568/86 385/813/86
f 387/815/57 385/1569/57 390/816/57
f 392/818/87 390/1570/87 389/819/87
f 385/821/88 386/1571/88 389/822/88
f 388/824/89 387/1572/89 392/825/89
f 396/827/163 399/1197/163 397/828/163
f 396/830/164 394/1573/164 393/831/164
f 395/833/166 393/861/166 398/766/166
f 400/835/167 398/1574/264 397/836/167
f 393/838/168 394/1178/168 397/839/168
f 399/840/169 396/1575/169 395/841/169
f 407/843/55 405/1576/55 402/844/55
f 404/846/86 402/1577/86 401/847/86
f 403/849/57 401/1578/57 406/850/57
f 408/852/87 406/1579/87 405/853/87
f 401/855/88 402/1580/88 405/856/88
f 404/858/89 403/1581/89 408/859/89
f 415/292/181 413/291/181 410/861/181
f 411/862/182 412/1582/182 410/863/182
f 411/865/183 409/1089/183 414/866/183
f 415/868/184 416/1583/184 414/869/184
f 414/871/185 409/1584/185 410/872/185
f 415/874/186 412/873/186 411/871/187
f 420/876/188 423/1585/188 421/877/188
f 420/879/189 418/1586/189 417/880/189
f 419/882/190 417/1587/190 422/883/190
f 423/885/191 424/1588/191 422/886/191
f 417/888/101 418/1589/101 421/889/101
f 423/891/102 420/1590/102 419/892/102
f 428/894/192 431/1591/192 429/895/192
f 427/897/193 428/1592/193 426/898/193
f 427/900/194 425/1593/194 430/901/194
f 432/903/195 430/1594/195 429/904/195
f 425/906/107 426/1595/107 429/907/107
f 428/909/108 427/1596/108 432/910/108
f 439/912/196 437/1597/196 434/913/196
f 436/915/197 434/1598/197 433/771/197
f 435/917/198 433/1599/198 438/918/198
f 440/920/199 438/1600/199 437/921/199
f 433/923/113 434/1601/113 437/924/113
f 439/926/114 436/1602/114 435/927/114
f 444/929/200 447/1603/200 445/930/200
f 443/932/201 444/1604/201 442/933/201
f 448/935/202 443/1605/202 441/936/202
f 448/938/203 446/1606/203 445/939/203
f 446/941/119 441/1607/119 442/942/119
f 447/944/120 444/1608/120 443/945/121
f 455/947/204 453/1609/204 450/948/204
f 451/950/205 452/1610/205 450/951/205
f 456/953/206 451/1611/206 449/954/206
f 456/956/207 454/1612/207 453/957/207
f 449/959/128 450/1613/128 453/960/128
f 455/962/129 452/1614/129 451/963/129
f 463/965/131 461/1615/131 458/966/131
f 460/968/208 458/1616/208 457/969/208
f 459/971/133 457/1617/133 462/972/133
f 464/974/209 462/1618/209 461/975/209
f 457/977/57 458/1619/57 461/978/57
f 463/980/55 460/1620/55 459/981/55
f 471/983/210 469/1621/210 466/984/210
f 468/986/211 466/1622/211 465/987/211
f 467/989/212 465/1623/212 470/990/212
f 472/992/213 470/1624/213 469/993/213
f 465/995/88 466/1625/88 469/996/88
f 468/998/89 467/1626/89 472/999/89
f 479/1001/214 477/1627/214 474/1002/214
f 476/1004/215 474/1628/215 473/1005/215
f 480/1007/216 475/1629/216 473/1008/216
f 479/1010/217 480/1630/217 478/1011/217
f 473/1013/218 474/1631/218 477/1014/218
f 476/1016/219 475/1632/219 480/1017/219
f 487/1019/55 485/1633/55 482/1020/55
f 484/1022/86 482/1634/86 481/1023/86
f 483/1025/57 481/1635/57 486/1026/57
f 488/1028/87 486/1636/87 485/707/87
f 481/237/88 482/544/88 485/1030/88
f 484/553/89 483/1167/89 488/1032/89
f 495/1034/88 493/1637/88 490/1035/88
f 492/1037/221 490/1638/221 489/1038/221
f 491/1040/89 489/1639/89 494/1041/89
f 496/1043/222 494/1640/222 493/425/222
f 489/1044/223 490/1119/223 493/1045/223
f 492/1047/224 491/1641/224 496/1048/224
f 500/1050/88 503/1642/88 501/1051/88
f 500/1053/225 498/1643/225 497/1054/225
f 499/1056/89 497/1644/89 502/1057/89
f 504/1059/226 502/1645/226 501/1060/226
f 497/1062/227 498/1646/227 501/1063/227
f 500/1065/228 499/1647/228 504/1066/228
f 511/1068/229 509/1648/229 506/1069/229
f 507/1071/86 508/1649/86 506/1072/86
f 507/1074/230 505/1650/230 510/1075/230
f 512/1077/87 510/1651/87 509/655/87
f 505/1079/231 506/1652/231 509/1080/231
f 508/1082/232 507/1653/232 512/1083/232
f 516/1085/233 519/1654/233 517/1086/233
f 515/865/234 516/1655/234 514/1088/234
f 515/1090/235 513/1656/235 518/1091/235
f 519/1093/236 520/1657/236 518/1094/236
f 513/1096/237 514/1658/237 517/1097/237
f 519/1099/238 516/1659/238 515/1100/238
f 527/1102/233 525/1660/233 522/1103/233
f 524/1105/86 522/1661/86 521/1106/86
f 523/1108/235 521/1662/235 526/1109/235
f 528/1110/87 526/1663/87 525/1111/87
f 521/760/239 522/1664/239 525/1113/239
f 524/1115/240 523/1665/240 528/1116/240
f 535/1118/241 533/1666/241 530/1119/241
f 532/1121/242 530/1667/242 529/1122/242
f 531/1124/243 529/1668/243 534/1125/243
f 536/1127/244 534/1669/244 533/1128/244
f 529/1130/88 530/1670/88 533/1131/88
f 535/1133/89 532/1671/89 531/1134/89
f 543/1136/245 541/1672/245 538/1137/245
f 540/1139/246 538/1673/246 537/683/246
f 544/1141/247 539/1674/247 537/1142/247
f 543/1144/248 544/1675/248 542/1145/248
f 537/1147/249 538/1676/249 541/1148/249
f 543/1150/250 540/1677/265 539/1151/250
f 551/1153/55 549/1678/55 546/227/55
f 548/1155/86 546/1679/86 545/1156/86
f 547/1158/57 545/1680/57 550/1159/57
f 552/1161/87 550/1681/87 549/1162/87
f 545/1164/88 546/1682/88 549/1165/88
f 548/1167/89 547/1683/89 552/1168/89
f 559/1169/88 557/1684/88 554/1170/88
f 556/1172/251 554/305/251 553/1173/251
f 555/1175/89 553/1685/89 558/1176/89
f 560/1178/252 558/838/252 557/1179/252
f 553/1181/253 554/466/253 557/1182/253
f 556/1184/254 555/1686/254 560/1185/254
f 567/1187/233 565/1687/233 562/1188/233
f 563/1190/255 564/1688/255 562/1191/255
f 563/1193/235 561/1689/235 566/1194/235
f 568/1196/256 566/1690/256 565/828/256
f 566/1198/257 561/1691/257 562/1199/257
f 564/1201/258 563/1692/258 568/1202/258
f 575/1204/233 573/1693/233 570/1205/233
f 572/1207/86 570/1694/86 569/257/86
f 571/1209/235 569/1695/235 574/1210/235
f 576/1212/87 574/1696/87 573/280/87
f 569/1214/239 570/1697/239 573/1215/239
f 572/1217/240 571/1698/240 576/1218/240
f 583/1220/229 581/1699/229 578/1221/229
f 579/1223/86 580/1700/86 578/1224/86
f 579/1226/230 577/1701/230 582/1227/230
f 584/1229/87 582/1702/87 581/1230/87
f 577/640/231 578/1703/231 581/1232/231
f 580/1234/232 579/1704/232 584/1235/232
f 591/1237/88 589/1705/88 586/1238/88
f 588/1240/259 586/1245/259 585/288/259
f 592/1242/89 587/1706/89 585/1243/89
f 592/1055/260 590/1054/260 589/1245/260
f 585/1246/261 586/1290/261 589/1247/261
f 588/1249/262 587/1300/262 592/1250/262
f 599/1252/55 597/1261/55 594/1253/55
f 596/1255/86 594/754/86 593/1256/86
f 595/851/57 593/850/57 598/1258/57
f 600/1260/87 598/278/87 597/1261/87
f 593/1262/88 594/1707/88 597/379/88
f 596/1263/89 595/1708/89 600/1264/89
f 607/1265/55 605/1709/55 602/217/55
f 604/1266/86 602/1270/86 601/1267/86
f 603/1268/57 601/1710/57 606/1269/57
f 608/652/87 606/1555/87 605/1270/87
f 601/1271/88 602/1711/88 605/1272/88
f 604/1274/89 603/1712/89 608/1275/89
f 615/1277/55 613/160/55 610/1278/55
f 612/1280/86 610/1713/86 609/1281/86
f 611/1091/57 609/1714/57 614/1282/57
f 616/1284/87 614/24/87 613/1285/87
f 609/172/88 610/1715/88 613/131/88
f 612/26/89 611/302/89 616/1179/89
f 623/1289/55 621/1716/55 618/1290/55
f 620/1292/86 618/1296/86 617/845/86
f 619/1293/57 617/1276/57 622/1274/57
f 624/1295/87 622/931/87 621/1296/87
f 617/1297/88 618/644/88 621/1298/88
f 620/1300/89 619/1717/89 624/1301/89
f 631/1303/240 629/1718/240 626/1304/240
f 627/779/86 628/1719/86 626/1306/86
f 627/1308/239 625/1720/239 630/1309/239
f 632/1311/87 630/1721/87 629/1312/87
f 625/1313/233 626/691/233 629/1314/233
f 628/1316/235 627/691/235 632/1314/235
f 639/1318/240 637/1722/240 634/1319/240
f 635/1321/86 636/1723/86 634/977/86
f 635/1323/239 633/1317/239 638/1316/239
f 640/1324/87 638/892/87 637/1325/87
f 633/1327/233 634/1724/233 637/1328/233
f 636/662/235 635/1725/235 640/1330/235
o zabralo_h_glass
v 0.400000 1.936558 -0.014331
v 0.400000 1.989591 -0.067364
v 0.400000 1.746523 -0.204366
v 0.400000 1.799556 -0.257399
v 0.362500 1.989591 -0.067364
v 0.362500 1.936558 -0.014331
v 0.362500 1.799556 -0.257399
v 0.362500 1.746523 -0.204366
v 0.382017 1.984518 -0.071130
v 0.354641 2.106739 -0.193350
v 0.382017 1.781225 -0.274423
v 0.354641 1.903445 -0.396644
v 0.323776 2.103282 -0.189894
v 0.351152 1.981062 -0.067673
v 0.323776 1.899989 -0.393187
v 0.351152 1.777768 -0.270967
v 0.309697 2.137471 -0.224083
v 0.227206 2.197873 -0.284485
v 0.309697 1.907661 -0.453893
v 0.227206 1.968064 -0.514295
v 0.204727 2.182523 -0.269135
v 0.287217 2.122121 -0.208733
v 0.204727 1.952714 -0.498945
v 0.287217 1.892312 -0.438543
v 0.224015 2.195511 -0.282123
v -0.001308 2.232295 -0.318907
v 0.224015 1.952443 -0.525191
v -0.001308 1.989227 -0.561974
v -0.008337 2.210764 -0.297376
v 0.216986 2.173980 -0.260592
v -0.008337 1.967696 -0.540444
v 0.216986 1.930912 -0.503660
v 0.353113 2.105680 -0.192292
v 0.309697 2.137471 -0.224083
v 0.353113 1.889129 -0.408844
v 0.309697 1.920920 -0.440634
v 0.287217 2.122121 -0.208733
v 0.330633 2.090331 -0.176942
v 0.287217 1.905570 -0.425285
v 0.330633 1.873779 -0.393494
v -0.362500 1.936558 -0.014331
v -0.362500 1.989591 -0.067364
v -0.362500 1.746523 -0.204366
v -0.362500 1.799556 -0.257399
v -0.400000 1.989591 -0.067364
v -0.400000 1.936558 -0.014331
v -0.400000 1.799556 -0.257399
v -0.400000 1.746523 -0.204366
v -0.351152 1.981062 -0.067673
v -0.323776 2.103282 -0.189894
v -0.351152 1.777768 -0.270967
v -0.323776 1.899989 -0.393187
v -0.354641 2.106739 -0.193350
v -0.382017 1.984518 -0.071130
v -0.354641 1.903445 -0.396644
v -0.382017 1.781225 -0.274423
v -0.330633 2.090331 -0.176942
v -0.287217 2.122121 -0.208733
v -0.330633 1.873779 -0.393494
v -0.287217 1.905570 -0.425285
v -0.309697 2.137471 -0.224083
v -0.353113 2.105680 -0.192292
v -0.309697 1.920920 -0.440634
v -0.353113 1.889129 -0.408844
v -0.287217 2.122121 -0.208733
v -0.204727 2.182523 -0.269135
v -0.287217 1.892312 -0.438543
v -0.204727 1.952714 -0.498945
v -0.227206 2.197873 -0.284485
v -0.309697 2.137471 -0.224083
v -0.227206 1.968064 -0.514295
v -0.309697 1.907661 -0.453893
v -0.216986 2.173980 -0.260592
v 0.008337 2.210764 -0.297376
v -0.216986 1.930912 -0.503660
v 0.008337 1.967696 -0.540444
v 0.001308 2.232295 -0.318907
v -0.224015 2.195511 -0.282123
v 0.001308 1.989227 -0.561974
v -0.224015 1.952443 -0.525191
vn -0.0000 0.7071 -0.7071
vn 1.0000 -0.0000 -0.0000
vn -0.0000 -0.7071 0.7071
vn -1.0000 -0.0000 -0.0000
vn -0.0000 0.7071 0.7071
vn -0.0000 -0.7071 -0.7071
vn -0.1564 0.6984 -0.6984
vn 0.9877 0.1106 -0.1106
vn 0.1564 -0.6984 0.6984
vn -0.9877 -0.1106 0.1106
vn -0.6947 0.5086 -0.5086
vn 0.7193 0.4912 -0.4912
vn 0.6946 -0.5087 0.5087
vn -0.7193 -0.4912 0.4912
vn -0.9744 0.1591 -0.1591
vn -0.9744 0.1590 -0.1590
vn 0.2250 0.6890 -0.6890
vn 0.9744 -0.1590 0.1590
vn -0.2250 -0.6890 0.6890
vn -0.6946 0.5087 -0.5087
vn 0.1564 0.6984 -0.6984
vn 0.9877 -0.1106 0.1106
vn -0.1564 -0.6984 0.6984
vn -0.9877 0.1106 -0.1106
vn 0.6946 0.5087 -0.5087
vn 0.7193 -0.4912 0.4912
vn -0.6946 -0.5087 0.5087
vn -0.7193 0.4912 -0.4912
vn 0.6947 0.5086 -0.5086
vn 0.9744 0.1591 -0.1591
vn 0.9744 0.1590 -0.1590
vn 0.2250 -0.6890 0.6890
vn -0.9744 -0.1590 0.1590
vn -0.2250 0.6890 -0.6890
vt 0.353516 0.213867
vt 0.343750 0.281250
vt 0.343750 0.213867
vt 0.596680 0.604492
vt 0.578125 0.671875
vt 0.578125 0.604492
vt 0.369141 0.213867
vt 0.359375 0.281250
vt 0.359375 0.213867
vt 0.393555 0.354492
vt 0.375000 0.421875
vt 0.375000 0.354492
vt 0.250000 0.171875
vt 0.259766 0.153320
vt 0.259766 0.171875
vt 0.312500 0.153320
vt 0.322266 0.171875
vt 0.322266 0.153320
vt 0.398438 0.177734
vt 0.390625 0.250000
vt 0.390625 0.177734
vt 0.122070 0.615234
vt 0.078125 0.687500
vt 0.078125 0.615234
vt 0.406250 0.177734
vt 0.414062 0.250000
vt 0.406250 0.250000
vt 0.312500 0.630859
vt 0.356445 0.703125
vt 0.312500 0.703125
vt 0.812500 1.000000
vt 0.820312 0.956055
vt 0.820312 1.000000
vt 0.039062 0.143555
vt 0.031250 0.187500
vt 0.039062 0.187500
vt 0.742188 0.762695
vt 0.734375 0.843750
vt 0.734375 0.762695
vt 0.279297 0.465820
vt 0.250000 0.546875
vt 0.250000 0.465820
vt 0.187500 0.184570
vt 0.195312 0.265625
vt 0.187500 0.265625
vt 0.029297 0.450195
vt 0.000000 0.531250
vt 0.000000 0.450195
vt 0.835938 0.812500
vt 0.828125 0.783203
vt 0.835938 0.783203
vt 0.210938 0.142578
vt 0.203125 0.171875
vt 0.210938 0.171875
vt 0.046875 0.195312
vt 0.054688 0.281250
vt 0.046875 0.281250
vt 0.000000 0.695312
vt 0.057617 0.781250
vt 0.000000 0.781250
vt 0.281250 0.195312
vt 0.289062 0.281250
vt 0.281250 0.281250
vt 0.120117 0.695312
vt 0.062500 0.781250
vt 0.062500 0.695312
vt 0.640625 0.218750
vt 0.648438 0.161133
vt 0.648438 0.218750
vt 0.789062 0.301758
vt 0.781250 0.359375
vt 0.789062 0.359375
vt 0.273438 0.189453
vt 0.265625 0.265625
vt 0.265625 0.189453
vt 0.593750 0.689453
vt 0.609375 0.765625
vt 0.593750 0.765625
vt 0.093750 0.173828
vt 0.101562 0.250000
vt 0.093750 0.250000
vt 0.281250 0.330078
vt 0.296875 0.406250
vt 0.281250 0.406250
vt 0.125000 0.156250
vt 0.132812 0.140625
vt 0.132812 0.156250
vt 0.851562 0.859375
vt 0.843750 0.875000
vt 0.851562 0.875000
vt 0.431641 0.213867
vt 0.421875 0.281250
vt 0.421875 0.213867
vt 0.424805 0.354492
vt 0.406250 0.421875
vt 0.406250 0.354492
vt 0.447266 0.213867
vt 0.437500 0.281250
vt 0.437500 0.213867
vt 0.596680 0.526367
vt 0.578125 0.593750
vt 0.578125 0.526367
vt 0.828125 0.546875
vt 0.837891 0.528320
vt 0.837891 0.546875
vt 0.484375 0.153320
vt 0.494141 0.171875
vt 0.494141 0.153320
vt 0.453125 0.177734
vt 0.460938 0.250000
vt 0.453125 0.250000
vt 0.168945 0.583984
vt 0.125000 0.656250
vt 0.125000 0.583984
vt 0.476562 0.177734
vt 0.468750 0.250000
vt 0.468750 0.177734
vt 0.215820 0.583984
vt 0.171875 0.656250
vt 0.171875 0.583984
vt 0.046875 0.187500
vt 0.054688 0.143555
vt 0.054688 0.187500
vt 0.812500 0.909180
vt 0.820312 0.953125
vt 0.820312 0.909180
vt 0.109375 0.173828
vt 0.117188 0.250000
vt 0.109375 0.250000
vt 0.312500 0.330078
vt 0.296875 0.330078
vt 0.757812 0.767578
vt 0.750000 0.843750
vt 0.750000 0.767578
vt 0.328125 0.330078
vt 0.312500 0.406250
vt 0.148438 0.156250
vt 0.140625 0.140625
vt 0.148438 0.140625
vt 0.843750 0.843750
vt 0.851562 0.843750
vt 0.210938 0.184570
vt 0.203125 0.265625
vt 0.203125 0.184570
vt 0.468750 0.918945
vt 0.498047 1.000000
vt 0.468750 1.000000
vt 0.257812 0.184570
vt 0.250000 0.265625
vt 0.250000 0.184570
vt 0.060547 0.450195
vt 0.031250 0.531250
vt 0.031250 0.450195
vt 0.828125 0.781250
vt 0.835938 0.751953
vt 0.835938 0.781250
vt 0.234375 0.142578
vt 0.242188 0.171875
vt 0.242188 0.142578
vt 0.304688 0.195312
vt 0.296875 0.281250
vt 0.296875 0.195312
vt 0.307617 0.914062
vt 0.250000 1.000000
vt 0.250000 0.914062
vt 0.335938 0.195312
vt 0.328125 0.281250
vt 0.328125 0.195312
vt 0.307617 0.820312
vt 0.250000 0.906250
vt 0.250000 0.820312
vt 0.656250 0.218750
vt 0.664062 0.161133
vt 0.664062 0.218750
vt 0.671875 0.161133
vt 0.679688 0.218750
vt 0.679688 0.161133
vt 0.353516 0.281250
vt 0.596680 0.671875
vt 0.369141 0.281250
vt 0.393555 0.421875
vt 0.250000 0.153320
vt 0.312500 0.171875
vt 0.398438 0.250000
vt 0.122070 0.687500
vt 0.414062 0.177734
vt 0.356445 0.630859
vt 0.812500 0.956055
vt 0.031250 0.143555
vt 0.742188 0.843750
vt 0.279297 0.546875
vt 0.195312 0.184570
vt 0.029297 0.531250
vt 0.828125 0.812500
vt 0.203125 0.142578
vt 0.054688 0.195312
vt 0.057617 0.695312
vt 0.289062 0.195312
vt 0.120117 0.781250
vt 0.640625 0.161133
vt 0.781250 0.301758
vt 0.273438 0.265625
vt 0.609375 0.689453
vt 0.101562 0.173828
vt 0.125000 0.140625
vt 0.843750 0.859375
vt 0.431641 0.281250
vt 0.424805 0.421875
vt 0.447266 0.281250
vt 0.596680 0.593750
vt 0.828125 0.528320
vt 0.484375 0.171875
vt 0.460938 0.177734
vt 0.168945 0.656250
vt 0.476562 0.250000
vt 0.215820 0.656250
vt 0.046875 0.143555
vt 0.812500 0.953125
vt 0.117188 0.173828
vt 0.757812 0.843750
vt 0.328125 0.406250
vt 0.140625 0.156250
vt 0.210938 0.265625
vt 0.498047 0.918945
vt 0.257812 0.265625
vt 0.060547 0.531250
vt 0.828125 0.751953
vt 0.234375 0.171875
vt 0.304688 0.281250
vt 0.307617 1.000000
vt 0.335938 0.281250
vt 0.307617 0.906250
vt 0.656250 0.161133
vt 0.671875 0.218750
s 1
usemtl m_1d91c7cd-4a2c-54f8-21e6-373393f4187d
f 647/1726/266 642/1727/266 644/1728/266
f 644/1729/267 641/1730/267 643/1731/267
f 643/1732/268 646/1733/268 648/1734/268
f 648/1735/269 645/1736/269 647/1737/269
f 641/1738/270 645/1739/270 646/1740/270
f 644/1741/271 648/1742/271 647/1743/271
f 655/1744/272 650/1745/272 652/1746/272
f 652/1747/273 649/1748/273 651/1749/273
f 656/1750/274 649/1751/274 654/1752/274
f 655/1753/275 654/1754/275 653/1755/275
f 649/1756/270 653/1757/270 654/1758/270
f 655/1759/271 651/1760/271 656/1761/271
f 663/1762/276 658/1763/276 660/1764/276
f 660/1765/277 657/1766/277 659/1767/277
f 664/1768/278 657/1769/278 662/1770/278
f 664/1771/279 661/1772/279 663/1773/279
f 662/1774/270 658/1775/270 661/1776/270
f 663/1777/271 659/1778/271 664/1779/271
f 668/1780/280 669/1781/281 666/1782/281
f 667/1783/282 666/1784/282 665/1785/282
f 672/1786/283 665/1787/283 670/1788/283
f 672/1789/284 669/1790/284 671/1791/284
f 665/1792/270 669/1793/270 670/1794/270
f 671/1795/271 667/1796/271 672/1797/271
f 679/1798/285 674/1799/285 676/1800/285
f 675/1801/277 674/1802/277 673/1803/277
f 680/1804/278 673/1805/278 678/1806/278
f 679/1807/279 678/1808/279 677/1809/279
f 673/1810/270 677/1811/270 678/1812/270
f 679/1813/271 675/1814/271 680/1815/271
f 687/1816/266 682/1817/266 684/1818/266
f 684/1819/267 681/1820/267 683/1821/267
f 683/1822/268 686/1823/268 688/1824/268
f 688/1825/269 685/1826/269 687/1827/269
f 681/1828/270 685/1829/270 686/1830/270
f 684/1831/271 688/1832/271 687/1833/271
f 692/1834/286 693/1835/286 690/1836/286
f 692/1837/287 689/1838/287 691/1839/287
f 691/1840/288 694/1841/288 696/1842/288
f 696/1843/289 693/1844/289 695/1845/289
f 689/1846/270 693/1847/270 694/1848/270
f 692/1849/271 696/1850/271 695/1851/271
f 700/1852/290 701/1853/290 698/1854/290
f 700/1855/291 697/1808/291 699/1856/291
f 699/1857/292 702/1858/292 704/1859/292
f 704/1860/293 701/1861/293 703/1855/293
f 702/1862/270 698/1863/270 701/1864/270
f 700/1865/271 704/1813/271 703/1866/271
f 711/1867/294 706/1868/294 708/1869/294
f 707/1870/291 706/1871/291 705/1872/291
f 707/1873/292 710/1874/292 712/1875/292
f 712/1876/293 709/1877/293 711/1878/293
f 705/1879/270 709/1880/270 710/1881/270
f 708/1882/271 712/1883/271 711/1884/271
f 719/1885/295 714/1886/296 716/1887/295
f 716/1888/297 713/1889/297 715/1890/297
f 715/1891/298 718/1892/298 720/1893/298
f 720/1894/299 717/1895/299 719/1896/299
f 713/1897/270 717/1898/270 718/1899/270
f 716/1900/271 720/1901/271 719/1902/271
f 647/1726/266 645/1903/266 642/1727/266
f 644/1729/267 642/1904/267 641/1730/267
f 643/1732/268 641/1905/268 646/1733/268
f 648/1735/269 646/1906/269 645/1736/269
f 641/1738/270 642/1907/270 645/1739/270
f 644/1741/271 643/1908/271 648/1742/271
f 655/1744/272 653/1909/272 650/1745/272
f 652/1747/273 650/1910/273 649/1748/273
f 656/1750/274 651/1911/274 649/1751/274
f 655/1753/275 656/1912/275 654/1754/275
f 649/1756/270 650/1913/270 653/1757/270
f 655/1759/271 652/1914/271 651/1760/271
f 663/1762/276 661/1915/276 658/1763/276
f 660/1765/277 658/1916/277 657/1766/277
f 664/1768/278 659/1917/278 657/1769/278
f 664/1771/279 662/1918/279 661/1772/279
f 662/1774/270 657/1919/270 658/1775/270
f 663/1777/271 660/1920/271 659/1778/271
f 668/1780/280 671/1921/280 669/1781/281
f 667/1783/282 668/1922/282 666/1784/282
f 672/1786/283 667/1923/283 665/1787/283
f 672/1789/284 670/1924/284 669/1790/284
f 665/1792/270 666/1925/270 669/1793/270
f 671/1795/271 668/1926/271 667/1796/271
f 679/1798/285 677/1927/285 674/1799/285
f 675/1801/277 676/1928/277 674/1802/277
f 680/1804/278 675/1929/278 673/1805/278
f 679/1807/279 680/1856/279 678/1808/279
f 673/1810/270 674/1930/270 677/1811/270
f 679/1813/271 676/1931/271 675/1814/271
f 687/1816/266 685/1932/266 682/1817/266
f 684/1819/267 682/1933/267 681/1820/267
f 683/1822/268 681/1934/268 686/1823/268
f 688/1825/269 686/1935/269 685/1826/269
f 681/1828/270 682/1936/270 685/1829/270
f 684/1831/271 683/1937/271 688/1832/271
f 692/1834/286 695/1938/286 693/1835/286
f 692/1837/287 690/1939/287 689/1838/287
f 691/1840/288 689/1940/288 694/1841/288
f 696/1843/289 694/1941/289 693/1844/289
f 689/1846/270 690/1942/270 693/1847/270
f 692/1849/271 691/1943/271 696/1850/271
f 700/1852/290 703/1944/290 701/1853/290
f 700/1855/291 698/1861/291 697/1808/291
f 699/1857/292 697/1945/292 702/1858/292
f 704/1860/293 702/1946/293 701/1861/293
f 702/1862/270 697/1947/270 698/1863/270
f 700/1865/271 699/1931/271 704/1813/271
f 711/1867/294 709/1948/294 706/1868/294
f 707/1870/291 708/1949/291 706/1871/291
f 707/1873/292 705/1950/292 710/1874/292
f 712/1876/293 710/1951/293 709/1877/293
f 705/1879/270 706/1952/270 709/1880/270
f 708/1882/271 707/1953/271 712/1883/271
f 719/1885/295 717/1954/296 714/1886/296
f 716/1888/297 714/1955/297 713/1889/297
f 715/1891/298 713/1956/298 718/1892/298
f 720/1894/299 718/1957/299 717/1895/299
f 713/1897/270 714/1958/270 717/1898/270
f 716/1900/271 715/1959/271 720/1901/271
